onset	duration	nwb_table	treelevel
7.715000152587891	0.09999999999999964	epochs	0.0
7.715000152587891	0.04499999999999993	epochs	1.0
7.7600001525878906	0.009999999999999787	epochs	1.0
7.77000015258789	0.04499999999999993	epochs	1.0
7.81500015258789	0.559425000000001	epochs	0.0
7.81500015258789	0.5	epochs	-1.0
7.81500015258789	0.5	epochs	-1.0
7.81500015258789	0.5	epochs	1.0
8.31500015258789	0.05942500000000095	epochs	-1.0
8.31500015258789	0.025000000000000355	epochs	-1.0
8.31500015258789	0.025000000000000355	epochs	1.0
8.34000015258789	0.009999999999999787	epochs	-1.0
8.34000015258789	0.009999999999999787	epochs	1.0
8.35000015258789	0.024425000000000807	epochs	-1.0
8.35000015258789	0.024425000000000807	epochs	1.0
8.374425152587891	0.1455699999999993	epochs	0.0
8.499000072479248	0.09999999999999964	epochs	0.0
8.499000072479248	0.04499999999999993	epochs	1.0
8.544000072479248	0.009999999999999787	epochs	1.0
8.554000072479248	0.04499999999999993	epochs	1.0
8.599000072479248	0.7049950000000003	epochs	0.0
8.599000072479248	0.5	epochs	-1.0
8.599000072479248	0.5	epochs	-1.0
8.599000072479248	0.5	epochs	1.0
9.099000072479248	0.0600000000000005	epochs	-1.0
9.099000072479248	0.025000000000000355	epochs	-1.0
9.099000072479248	0.025000000000000355	epochs	1.0
9.124000072479248	0.009999999999999787	epochs	-1.0
9.124000072479248	0.009999999999999787	epochs	1.0
9.134000072479248	0.025000000000000355	epochs	-1.0
9.134000072479248	0.025000000000000355	epochs	1.0
9.159000072479248	0.0600000000000005	epochs	-1.0
9.159000072479248	0.025000000000000355	epochs	-1.0
9.159000072479248	0.025000000000000355	epochs	1.0
9.184000072479249	0.009999999999999787	epochs	-1.0
9.184000072479249	0.009999999999999787	epochs	1.0
9.194000072479248	0.025000000000000355	epochs	-1.0
9.194000072479248	0.025000000000000355	epochs	1.0
9.219000072479249	0.05999999999999872	epochs	-1.0
9.219000072479249	0.02499999999999858	epochs	-1.0
9.219000072479249	0.02499999999999858	epochs	1.0
9.244000072479247	0.010000000000001563	epochs	-1.0
9.244000072479247	0.010000000000001563	epochs	1.0
9.254000072479249	0.02499999999999858	epochs	-1.0
9.254000072479249	0.02499999999999858	epochs	1.0
9.279000072479247	0.024995000000000545	epochs	1.0
341.2220001220703	0.10000000000002274	epochs	0.0
341.2220001220703	0.045000000000015916	epochs	1.0
341.2670001220703	0.009999999999990905	epochs	1.0
341.2770001220703	0.045000000000015916	epochs	1.0
341.32200012207034	0.7049949999999967	epochs	0.0
341.32200012207034	0.5	epochs	-1.0
341.32200012207034	0.5	epochs	1.0
341.82200012207034	0.060000000000002274	epochs	-1.0
341.82200012207034	0.024999999999977263	epochs	-1.0
341.82200012207034	0.024999999999977263	epochs	1.0
341.8470001220703	0.009999999999990905	epochs	-1.0
341.8470001220703	0.009999999999990905	epochs	1.0
341.8570001220703	0.025000000000034106	epochs	-1.0
341.8570001220703	0.025000000000034106	epochs	1.0
341.88200012207034	0.060000000000002274	epochs	-1.0
341.88200012207034	0.024999999999977263	epochs	-1.0
341.88200012207034	0.024999999999977263	epochs	1.0
341.9070001220703	0.009999999999990905	epochs	-1.0
341.9070001220703	0.009999999999990905	epochs	1.0
341.9170001220703	0.025000000000034106	epochs	-1.0
341.9170001220703	0.025000000000034106	epochs	1.0
341.94200012207034	0.05999999999994543	epochs	-1.0
341.94200012207034	0.024999999999977263	epochs	-1.0
341.94200012207034	0.024999999999977263	epochs	1.0
341.9670001220703	0.009999999999990905	epochs	-1.0
341.9670001220703	0.009999999999990905	epochs	1.0
341.9770001220703	0.024999999999977263	epochs	-1.0
341.9770001220703	0.024999999999977263	epochs	1.0
342.0020001220703	0.02499500000004673	epochs	1.0
464.64400005340576	0.10000000000002274	epochs	0.0
464.64400005340576	0.045000000000015916	epochs	1.0
464.6890000534058	0.009999999999990905	epochs	1.0
464.69900005340577	0.045000000000015916	epochs	1.0
464.7440000534058	61.384995	epochs	0.0
464.7440000534058	0.5	epochs	-1.0
464.7440000534058	0.5	epochs	-1.0
464.7440000534058	0.5	epochs	1.0
465.2440000534058	0.060000000000002274	epochs	-1.0
465.2440000534058	0.024999999999977263	epochs	-1.0
465.2440000534058	0.024999999999977263	epochs	1.0
465.26900005340576	0.009999999999990905	epochs	-1.0
465.26900005340576	0.009999999999990905	epochs	1.0
465.27900005340575	0.025000000000034106	epochs	-1.0
465.27900005340575	0.025000000000034106	epochs	1.0
465.3040000534058	0.060000000000002274	epochs	-1.0
465.3040000534058	0.024999999999977263	epochs	-1.0
465.3040000534058	0.024999999999977263	epochs	1.0
465.32900005340576	0.009999999999990905	epochs	-1.0
465.32900005340576	0.009999999999990905	epochs	1.0
465.33900005340575	0.025000000000034106	epochs	-1.0
465.33900005340575	0.025000000000034106	epochs	1.0
465.3640000534058	0.05999999999994543	epochs	-1.0
465.3640000534058	0.024999999999977263	epochs	-1.0
465.3640000534058	0.024999999999977263	epochs	1.0
465.38900005340577	0.009999999999990905	epochs	-1.0
465.38900005340577	0.009999999999990905	epochs	1.0
465.39900005340576	0.024999999999977263	epochs	-1.0
465.39900005340576	0.024999999999977263	epochs	1.0
465.42400005340573	60.0	epochs	1.0
525.4240000534057	0.5	epochs	-1.0
525.4240000534057	0.5	epochs	-1.0
525.4240000534057	0.5	epochs	1.0
525.9240000534057	0.06000000000005912	epochs	-1.0
525.9240000534057	0.024999999999977263	epochs	-1.0
525.9240000534057	0.024999999999977263	epochs	1.0
525.9490000534057	0.010000000000104592	epochs	-1.0
525.9490000534057	0.010000000000104592	epochs	1.0
525.9590000534058	0.024999999999977263	epochs	-1.0
525.9590000534058	0.024999999999977263	epochs	1.0
525.9840000534058	0.05999999999994543	epochs	-1.0
525.9840000534058	0.024999999999977263	epochs	-1.0
525.9840000534058	0.024999999999977263	epochs	1.0
526.0090000534058	0.009999999999990905	epochs	-1.0
526.0090000534058	0.009999999999990905	epochs	1.0
526.0190000534058	0.024999999999977263	epochs	-1.0
526.0190000534058	0.024999999999977263	epochs	1.0
526.0440000534057	0.06000000000005912	epochs	-1.0
526.0440000534057	0.024999999999977263	epochs	-1.0
526.0440000534057	0.024999999999977263	epochs	1.0
526.0690000534057	0.009999999999990905	epochs	-1.0
526.0690000534057	0.009999999999990905	epochs	1.0
526.0790000534057	0.02500000000009095	epochs	-1.0
526.0790000534057	0.02500000000009095	epochs	1.0
526.1040000534058	0.024994999999989886	epochs	1.0
578.0789999961853	0.10000000000002274	epochs	0.0
578.0789999961853	0.04499999999995907	epochs	1.0
578.1239999961853	0.009999999999990905	epochs	1.0
578.1339999961853	0.04500000000007276	epochs	1.0
578.1789999961853	0.7049949999999399	epochs	0.0
578.1789999961853	0.5	epochs	-1.0
578.1789999961853	0.5	epochs	-1.0
578.1789999961853	0.5	epochs	1.0
578.6789999961853	0.05999999999994543	epochs	-1.0
578.6789999961853	0.024999999999977263	epochs	-1.0
578.6789999961853	0.024999999999977263	epochs	1.0
578.7039999961853	0.009999999999990905	epochs	-1.0
578.7039999961853	0.009999999999990905	epochs	1.0
578.7139999961853	0.024999999999977263	epochs	-1.0
578.7139999961853	0.024999999999977263	epochs	1.0
578.7389999961853	0.06000000000005912	epochs	-1.0
578.7389999961853	0.024999999999977263	epochs	-1.0
578.7389999961853	0.024999999999977263	epochs	1.0
578.7639999961852	0.010000000000104592	epochs	-1.0
578.7639999961852	0.010000000000104592	epochs	1.0
578.7739999961854	0.024999999999977263	epochs	-1.0
578.7739999961854	0.024999999999977263	epochs	1.0
578.7989999961853	0.05999999999994543	epochs	-1.0
578.7989999961853	0.024999999999977263	epochs	-1.0
578.7989999961853	0.024999999999977263	epochs	1.0
578.8239999961853	0.009999999999990905	epochs	-1.0
578.8239999961853	0.009999999999990905	epochs	1.0
578.8339999961853	0.024999999999977263	epochs	-1.0
578.8339999961853	0.024999999999977263	epochs	1.0
578.8589999961853	0.024994999999989886	epochs	1.0
623.2140002250671	0.09745999999995547	epochs	0.0
623.2140002250671	0.043730299999992894	epochs	1.0
623.2577305250671	0.009999399999969683	epochs	1.0
623.2677299250671	0.043730299999992894	epochs	1.0
623.3114602250671	5.9999800000000505	epochs	0.0
623.3114602250671	0.5	epochs	1.0
623.3114661250671	0.5	epochs	-1.0
623.3114661250671	0.5	epochs	-1.0
623.8114602250671	5.0	epochs	1.0
628.8114602250671	0.4999800000000505	epochs	1.0
628.8114661250671	0.4999741000000313	epochs	-1.0
643.0380001068115	0.09745999999995547	epochs	0.0
643.0380001068115	0.043730299999992894	epochs	1.0
643.0817304068115	0.009999399999969683	epochs	1.0
643.0917298068115	0.043730299999992894	epochs	1.0
643.1354601068115	2.5028200000000425	epochs	0.0
643.1354601068115	0.5	epochs	1.0
643.1354660068115	0.5	epochs	-1.0
643.6354601068115	1.0	epochs	1.0
644.6354601068115	1.0028200000000425	epochs	1.0
645.1354660068115	0.5	epochs	-1.0
645.6382801068115	0.997160000000008	epochs	0.0
645.9010000228882	0.09745999999995547	epochs	0.0
645.9010000228882	0.043730299999992894	epochs	1.0
645.9447303228882	0.009999399999969683	epochs	1.0
645.9547297228881	0.043730299999992894	epochs	1.0
645.9984600228881	0.5022800000000416	epochs	0.0
645.9984600228881	0.5	epochs	1.0
645.9984659228882	0.5	epochs	-1.0
646.4984600228881	0.002280000000041582	epochs	1.0
646.5007400228882	2.997700000000009	epochs	0.0
646.6950001716614	0.09745999999995547	epochs	0.0
646.6950001716614	0.043730299999992894	epochs	1.0
646.7387304716614	0.009999399999969683	epochs	1.0
646.7487298716613	0.043730299999992894	epochs	1.0
646.7924601716613	2.503060000000005	epochs	0.0
646.7924601716613	0.5	epochs	1.0
646.7924660716614	0.5	epochs	-1.0
647.2924601716613	1.0	epochs	1.0
648.2924601716613	1.003060000000005	epochs	1.0
648.7924660716614	0.5	epochs	-1.0
649.2955201716613	0.9969200000000455	epochs	0.0
649.5409998893738	0.09745999999995547	epochs	0.0
649.5409998893738	0.043730299999992894	epochs	1.0
649.5847301893738	0.009999399999969683	epochs	1.0
649.5947295893737	0.043730299999992894	epochs	1.0
649.6384598893737	3.022140000000036	epochs	0.0
649.6384598893737	0.5	epochs	1.0
649.6384657893738	0.5	epochs	-1.0
650.1384598893737	1.0	epochs	1.0
651.1384598893737	1.5221400000000358	epochs	1.0
651.6384657893738	0.5	epochs	-1.0
652.1384657893738	0.5	epochs	-1.0
652.6605998893738	0.4778400000000147	epochs	0.0
652.9270000457764	0.09745999999995547	epochs	0.0
652.9270000457764	0.043730299999992894	epochs	1.0
652.9707303457764	0.009999399999969683	epochs	1.0
652.9807297457763	0.043730299999992894	epochs	1.0
653.0244600457763	3.4999800000000505	epochs	0.0
653.0244600457763	0.5	epochs	1.0
653.0244659457763	0.5	epochs	-1.0
653.5244600457763	1.0	epochs	1.0
654.5244600457763	1.9999800000000505	epochs	1.0
655.0244659457763	0.5	epochs	-1.0
655.5244659457763	0.5	epochs	-1.0
656.7969999313354	0.09745999999995547	epochs	0.0
656.7969999313354	0.043730299999992894	epochs	1.0
656.8407302313354	0.009999399999969683	epochs	1.0
656.8507296313354	0.043730299999992894	epochs	1.0
656.8944599313354	3.4999800000000505	epochs	0.0
656.8944599313354	0.5	epochs	1.0
656.8944658313354	0.5	epochs	-1.0
657.3944599313354	1.0	epochs	1.0
658.3944599313354	1.9999800000000505	epochs	1.0
658.8944658313354	0.5	epochs	-1.0
659.3944658313354	0.5	epochs	-1.0
660.6940002441406	0.09745999999995547	epochs	0.0
660.6940002441406	0.043730299999992894	epochs	1.0
660.7377305441406	0.009999399999969683	epochs	1.0
660.7477299441406	0.043730299999992894	epochs	1.0
660.7914602441406	0.502140000000054	epochs	0.0
660.7914602441406	0.5	epochs	1.0
660.7914661441406	0.5	epochs	-1.0
661.2914602441406	0.0021400000000539876	epochs	1.0
661.2936002441406	2.9978399999999965	epochs	0.0
673.8559999465942	0.09745999999995547	epochs	0.0
673.8559999465942	0.043730299999992894	epochs	1.0
673.8997302465942	0.009999399999969683	epochs	1.0
673.9097296465942	0.043730299999992894	epochs	1.0
673.9534599465942	3.0223799999999983	epochs	0.0
673.9534599465942	0.5	epochs	1.0
673.9534658465942	0.5	epochs	-1.0
674.4534599465942	1.0	epochs	1.0
675.4534599465942	1.5223799999999983	epochs	1.0
675.9534658465942	0.5	epochs	-1.0
676.4534658465942	0.5	epochs	-1.0
676.9758399465942	0.4776000000000522	epochs	0.0
677.2059998512268	0.09745999999995547	epochs	0.0
677.2059998512268	0.043730299999992894	epochs	1.0
677.2497301512268	0.009999399999969683	epochs	1.0
677.2597295512268	0.043730299999992894	epochs	1.0
677.3034598512268	3.4999800000000505	epochs	0.0
677.3034598512268	0.5	epochs	1.0
677.3034657512268	0.5	epochs	-1.0
677.8034598512268	1.0	epochs	1.0
678.8034598512268	1.9999800000000505	epochs	1.0
679.3034657512268	0.5	epochs	-1.0
679.8034657512268	0.5	epochs	-1.0
681.1009998321533	0.09745999999995547	epochs	0.0
681.1009998321533	0.043730299999992894	epochs	1.0
681.1447301321533	0.009999399999969683	epochs	1.0
681.1547295321533	0.043730299999992894	epochs	1.0
681.1984598321533	0.5016400000000658	epochs	0.0
681.1984598321533	0.5	epochs	1.0
681.1984657321533	0.5	epochs	-1.0
681.6984598321533	0.001640000000065811	epochs	1.0
681.7000998321533	2.9983399999999847	epochs	0.0
694.2730002403259	0.09745999999995547	epochs	0.0
694.2730002403259	0.043730299999992894	epochs	1.0
694.3167305403259	0.009999399999969683	epochs	1.0
694.3267299403259	0.043730299999992894	epochs	1.0
694.3704602403259	0.5023800000000165	epochs	0.0
694.3704602403259	0.5	epochs	1.0
694.3704661403259	0.5	epochs	-1.0
694.8704602403259	0.00238000000001648	epochs	1.0
694.8728402403259	2.997600000000034	epochs	0.0
707.4370002746582	0.09745999999995547	epochs	0.0
707.4370002746582	0.043730299999992894	epochs	1.0
707.4807305746582	0.009999399999969683	epochs	1.0
707.4907299746582	0.043730299999992894	epochs	1.0
707.5344602746582	3.4999800000000505	epochs	0.0
707.5344602746582	0.5	epochs	1.0
707.5344661746582	0.5	epochs	-1.0
708.0344602746582	1.0	epochs	1.0
709.0344602746582	1.9999800000000505	epochs	1.0
709.5344661746582	0.5	epochs	-1.0
710.0344661746582	0.5	epochs	-1.0
711.3660001754761	0.09745999999995547	epochs	0.0
711.3660001754761	0.043730299999992894	epochs	1.0
711.4097304754761	0.009999399999969683	epochs	1.0
711.419729875476	0.043730299999992894	epochs	1.0
711.463460175476	3.4999800000000505	epochs	0.0
711.463460175476	0.5	epochs	1.0
711.463466075476	0.5	epochs	-1.0
711.963460175476	1.0	epochs	1.0
712.963460175476	1.9999800000000505	epochs	1.0
713.463466075476	0.5	epochs	-1.0
713.963466075476	0.5	epochs	-1.0
715.271999835968	0.09745999999995547	epochs	0.0
715.271999835968	0.043730299999992894	epochs	1.0
715.315730135968	0.009999399999969683	epochs	1.0
715.325729535968	0.043730299999992894	epochs	1.0
715.369459835968	0.5029000000000678	epochs	0.0
715.369459835968	0.5	epochs	1.0
715.369465735968	0.5	epochs	-1.0
715.869459835968	0.0029000000000678483	epochs	1.0
715.872359835968	2.9970799999999826	epochs	0.0
728.433000087738	0.09745999999995547	epochs	0.0
728.433000087738	0.043730299999992894	epochs	1.0
728.476730387738	0.009999399999969683	epochs	1.0
728.486729787738	0.043730299999992894	epochs	1.0
728.530460087738	0.5025200000000041	epochs	0.0
728.530460087738	0.5	epochs	1.0
728.530465987738	0.5	epochs	-1.0
729.030460087738	0.0025200000000040745	epochs	1.0
729.032980087738	2.9974600000000464	epochs	0.0
729.2849998474121	0.09745999999995547	epochs	0.0
729.2849998474121	0.043730299999992894	epochs	1.0
729.3287301474121	0.009999399999969683	epochs	1.0
729.3387295474121	0.043730299999992894	epochs	1.0
729.3824598474121	0.5017800000000534	epochs	0.0
729.3824598474121	0.5	epochs	1.0
729.3824657474121	0.5	epochs	-1.0
729.8824598474121	0.0017800000000534055	epochs	1.0
729.8842398474121	2.998199999999997	epochs	0.0
742.4959998130798	0.09745999999995547	epochs	0.0
742.4959998130798	0.043730299999992894	epochs	1.0
742.5397301130798	0.009999399999969683	epochs	1.0
742.5497295130798	0.043730299999992894	epochs	1.0
742.5934598130798	0.5019000000000915	epochs	0.0
742.5934598130798	0.5	epochs	1.0
742.5934657130798	0.5	epochs	-1.0
743.0934598130798	0.0019000000000914952	epochs	1.0
743.0953598130799	2.998079999999959	epochs	0.0
743.3580002784729	0.09745999999995547	epochs	0.0
743.3580002784729	0.043730299999992894	epochs	1.0
743.4017305784729	0.009999399999969683	epochs	1.0
743.4117299784729	0.043730299999992894	epochs	1.0
743.4554602784729	0.5023800000000165	epochs	0.0
743.4554602784729	0.5	epochs	1.0
743.4554661784729	0.5	epochs	-1.0
743.9554602784729	0.00238000000001648	epochs	1.0
743.9578402784729	2.997600000000034	epochs	0.0
744.2230000495911	0.09745999999995547	epochs	0.0
744.2230000495911	0.043730299999992894	epochs	1.0
744.2667303495911	0.009999399999969683	epochs	1.0
744.276729749591	0.043730299999992894	epochs	1.0
744.320460049591	0.5025200000000041	epochs	0.0
744.320460049591	0.5	epochs	1.0
744.320465949591	0.5	epochs	-1.0
744.820460049591	0.0025200000000040745	epochs	1.0
744.822980049591	2.9974600000000464	epochs	0.0
745.0879998207092	0.09745999999995547	epochs	0.0
745.0879998207092	0.043730299999992894	epochs	1.0
745.1317301207092	0.009999399999969683	epochs	1.0
745.1417295207092	0.043730299999992894	epochs	1.0
745.1854598207092	0.5030199999999923	epochs	0.0
745.1854598207092	0.5	epochs	1.0
745.1854657207092	0.5	epochs	-1.0
745.6854598207092	0.003019999999992251	epochs	1.0
745.6884798207092	2.9969600000000582	epochs	0.0
745.9570002555847	0.09745999999995547	epochs	0.0
745.9570002555847	0.043730299999992894	epochs	1.0
746.0007305555847	0.009999399999969683	epochs	1.0
746.0107299555847	0.043730299999992894	epochs	1.0
746.0544602555847	0.5012800000000652	epochs	0.0
746.0544602555847	0.5	epochs	1.0
746.0544661555847	0.5	epochs	-1.0
746.5544602555847	0.001280000000065229	epochs	1.0
746.5557402555847	2.9986999999999853	epochs	0.0
746.8060002326965	0.09745999999995547	epochs	0.0
746.8060002326965	0.043730299999992894	epochs	1.0
746.8497305326965	0.009999399999969683	epochs	1.0
746.8597299326965	0.043730299999992894	epochs	1.0
746.9034602326965	0.5022800000000416	epochs	0.0
746.9034602326965	0.5	epochs	1.0
746.9034661326965	0.5	epochs	-1.0
747.4034602326965	0.002280000000041582	epochs	1.0
747.4057402326965	2.997700000000009	epochs	0.0
747.6750001907349	0.09745999999995547	epochs	0.0
747.6750001907349	0.043730299999992894	epochs	1.0
747.7187304907349	0.009999399999969683	epochs	1.0
747.7287298907348	0.043730299999992894	epochs	1.0
747.7724601907348	0.5022600000000921	epochs	0.0
747.7724601907348	0.5	epochs	1.0
747.7724660907348	0.5	epochs	-1.0
748.2724601907348	0.0022600000000920772	epochs	1.0
748.2747201907349	2.9977199999999584	epochs	0.0
748.5260000228882	0.09745999999995547	epochs	0.0
748.5260000228882	0.043730299999992894	epochs	1.0
748.5697303228882	0.009999399999969683	epochs	1.0
748.5797297228881	0.043730299999992894	epochs	1.0
748.6234600228881	0.5026400000000422	epochs	0.0
748.6234600228881	0.5	epochs	1.0
748.6234659228882	0.5	epochs	-1.0
749.1234600228881	0.002640000000042164	epochs	1.0
749.1261000228882	2.9973400000000083	epochs	0.0
761.7239999771118	0.09745999999995547	epochs	0.0
761.7239999771118	0.043730299999992894	epochs	1.0
761.7677302771118	0.009999399999969683	epochs	1.0
761.7777296771118	0.043730299999992894	epochs	1.0
761.8214599771118	2.522420000000011	epochs	0.0
761.8214599771118	0.5	epochs	1.0
761.8214658771118	0.5	epochs	-1.0
762.3214599771118	1.0	epochs	1.0
763.3214599771118	1.022420000000011	epochs	1.0
763.8214658771118	0.5	epochs	-1.0
764.3438799771118	0.9775600000000395	epochs	0.0
764.6719999313354	0.6499800000000278	epochs	0.0
764.6719999313354	0.049999999999954525	epochs	1.0
764.7219999313354	0.5	epochs	1.0
765.2219999313354	0.09998000000007323	epochs	1.0
765.6710000038147	0.6499800000000278	epochs	0.0
765.6710000038147	0.049999999999954525	epochs	1.0
765.7210000038147	0.5	epochs	1.0
766.2210000038147	0.09998000000007323	epochs	1.0
766.6290001869202	0.6499800000000278	epochs	0.0
766.6290001869202	0.049999999999954525	epochs	1.0
766.6790001869201	0.5	epochs	1.0
767.1790001869201	0.09998000000007323	epochs	1.0
767.5679998397827	0.6499800000000278	epochs	0.0
767.5679998397827	0.049999999999954525	epochs	1.0
767.6179998397827	0.5	epochs	1.0
768.1179998397827	0.09998000000007323	epochs	1.0
768.5139999389648	0.6499800000000278	epochs	0.0
768.5139999389648	0.049999999999954525	epochs	1.0
768.5639999389648	0.5	epochs	1.0
769.0639999389648	0.09998000000007323	epochs	1.0
769.4609999656677	0.6499800000000278	epochs	0.0
769.4609999656677	0.049999999999954525	epochs	1.0
769.5109999656677	0.5	epochs	1.0
770.0109999656677	0.09998000000007323	epochs	1.0
770.4530000686646	0.09745999999995547	epochs	0.0
770.4530000686646	0.043730299999992894	epochs	1.0
770.4967303686645	0.009999399999969683	epochs	1.0
770.5067297686645	0.043730299999992894	epochs	1.0
770.5504600686645	2.502080000000092	epochs	0.0
770.5504600686645	0.5	epochs	1.0
770.5504659686645	0.5	epochs	-1.0
771.0504600686645	1.0	epochs	1.0
772.0504600686645	1.0020800000000918	epochs	1.0
772.5504657686646	0.5	epochs	-1.0
773.0525400686646	2.9978999999999587	epochs	0.0
775.6729998588562	0.09745999999995547	epochs	0.0
775.6729998588562	0.043730299999992894	epochs	1.0
775.7167301588562	0.009999399999969683	epochs	1.0
775.7267295588562	0.043730299999992894	epochs	1.0
775.7704598588562	3.0223799999999983	epochs	0.0
775.7704598588562	0.5	epochs	1.0
775.7704657588562	0.5	epochs	-1.0
776.2704598588562	1.0	epochs	1.0
777.2704598588562	1.5223799999999983	epochs	1.0
777.7704655588562	0.5	epochs	-1.0
778.2704655588562	0.5	epochs	-1.0
778.7928398588562	2.477600000000052	epochs	0.0
780.9310002326965	0.09745999999995547	epochs	0.0
780.9310002326965	0.043730299999992894	epochs	1.0
780.9747305326965	0.009999399999969683	epochs	1.0
780.9847299326965	0.043730299999992894	epochs	1.0
781.0284602326965	2.5023200000000543	epochs	0.0
781.0284602326965	0.5	epochs	1.0
781.0284661326965	0.5	epochs	-1.0
781.5284602326965	1.0	epochs	1.0
782.5284602326965	1.0023200000000543	epochs	1.0
783.0284659326966	0.5	epochs	-1.0
783.5307802326965	2.997659999999996	epochs	0.0
786.1779999732971	0.09745999999995547	epochs	0.0
786.1779999732971	0.043730299999992894	epochs	1.0
786.2217302732971	0.009999399999969683	epochs	1.0
786.2317296732971	0.043730299999992894	epochs	1.0
786.2754599732971	0.5026200000000927	epochs	0.0
786.2754599732971	0.5	epochs	1.0
786.2754658732971	0.5	epochs	-1.0
786.7754599732971	0.0026200000000926593	epochs	1.0
786.7780799732972	4.997359999999958	epochs	0.0
791.4539999961853	0.09745999999995547	epochs	0.0
791.4539999961853	0.043730299999992894	epochs	1.0
791.4977302961853	0.009999399999969683	epochs	1.0
791.5077296961853	0.043730299999992894	epochs	1.0
791.5514599961853	5.0221800000000485	epochs	0.0
791.5514599961853	0.5	epochs	1.0
791.5514658961853	0.5	epochs	-1.0
792.0514599961853	1.0	epochs	1.0
793.0514599961853	3.5221800000000485	epochs	1.0
793.5514656961853	0.5	epochs	-1.0
794.0514656961853	0.5	epochs	-1.0
794.5514656961853	0.5	epochs	-1.0
795.0514656961853	0.5	epochs	-1.0
795.5514656961853	0.5	epochs	-1.0
796.0514656961853	0.5	epochs	-1.0
796.5736399961853	0.477800000000002	epochs	0.0
797.0339999198914	0.09745999999995547	epochs	0.0
797.0339999198914	0.043730299999992894	epochs	1.0
797.0777302198914	0.009999399999969683	epochs	1.0
797.0877296198913	0.043730299999992894	epochs	1.0
797.1314599198913	0.5020200000000159	epochs	0.0
797.1314599198913	0.5	epochs	1.0
797.1314658198913	0.5	epochs	-1.0
797.6314599198913	0.002020000000015898	epochs	1.0
797.6334799198913	4.997960000000035	epochs	0.0
817.2039999961853	0.09745999999995547	epochs	0.0
817.2039999961853	0.043730299999992894	epochs	1.0
817.2477302961853	0.009999399999969683	epochs	1.0
817.2577296961853	0.043730299999992894	epochs	1.0
817.3014599961853	4.522860000000037	epochs	0.0
817.3014599961853	0.5	epochs	1.0
817.3014658961853	0.5	epochs	-1.0
817.8014599961853	1.0	epochs	1.0
818.8014599961853	3.022860000000037	epochs	1.0
819.3014656961853	0.5	epochs	-1.0
819.8014656961853	0.5	epochs	-1.0
820.3014656961853	0.5	epochs	-1.0
820.8014656961853	0.5	epochs	-1.0
821.3014656961853	0.5	epochs	-1.0
821.8243199961853	0.9771200000000135	epochs	0.0
822.4489998817444	0.09745999999995547	epochs	0.0
822.4489998817444	0.043730299999992894	epochs	1.0
822.4927301817444	0.009999399999969683	epochs	1.0
822.5027295817443	0.043730299999992894	epochs	1.0
822.5464598817443	0.5022600000000921	epochs	0.0
822.5464598817443	0.5	epochs	1.0
822.5464657817444	0.5	epochs	-1.0
823.0464598817443	0.0022600000000920772	epochs	1.0
823.0487198817444	4.997719999999958	epochs	0.0
842.6139998435974	0.09745999999995547	epochs	0.0
842.6139998435974	0.043730299999992894	epochs	1.0
842.6577301435974	0.009999399999969683	epochs	1.0
842.6677295435974	0.043730299999992894	epochs	1.0
842.7114598435974	2.5029200000000174	epochs	0.0
842.7114598435974	0.5	epochs	1.0
842.7114657435974	0.5	epochs	-1.0
843.2114598435974	1.0	epochs	1.0
844.2114598435974	1.0029200000000174	epochs	1.0
844.7114655435975	0.5	epochs	-1.0
845.2143798435974	2.997060000000033	epochs	0.0
847.8709998130798	0.09745999999995547	epochs	0.0
847.8709998130798	0.043730299999992894	epochs	1.0
847.9147301130798	0.009999399999969683	epochs	1.0
847.9247295130798	0.043730299999992894	epochs	1.0
847.9684598130798	2.502299999999991	epochs	0.0
847.9684598130798	0.5	epochs	1.0
847.9684657130798	0.5	epochs	-1.0
848.4684598130798	1.0	epochs	1.0
849.4684598130798	1.002299999999991	epochs	1.0
849.9684655130799	0.5	epochs	-1.0
850.4707598130798	2.9976800000000594	epochs	0.0
875.5599999427795	0.6499800000000278	epochs	0.0
875.5599999427795	0.049999999999954525	epochs	1.0
875.6099999427795	0.5	epochs	1.0
876.1099999427795	0.09998000000007323	epochs	1.0
876.5749998092651	0.6499800000000278	epochs	0.0
876.5749998092651	0.049999999999954525	epochs	1.0
876.6249998092651	0.5	epochs	1.0
877.1249998092651	0.09998000000007323	epochs	1.0
877.585000038147	0.6499800000000278	epochs	0.0
877.585000038147	0.049999999999954525	epochs	1.0
877.6350000381469	0.5	epochs	1.0
878.1350000381469	0.09998000000007323	epochs	1.0
878.5960001945496	0.6499800000000278	epochs	0.0
878.5960001945496	0.049999999999954525	epochs	1.0
878.6460001945495	0.5	epochs	1.0
879.1460001945495	0.09998000000007323	epochs	1.0
879.603000164032	0.6499800000000278	epochs	0.0
879.603000164032	0.049999999999954525	epochs	1.0
879.6530001640319	0.5	epochs	1.0
880.1530001640319	0.09998000000007323	epochs	1.0
880.6100001335144	0.6499800000000278	epochs	0.0
880.6100001335144	0.049999999999954525	epochs	1.0
880.6600001335144	0.5	epochs	1.0
881.1600001335144	0.09998000000007323	epochs	1.0
881.664999961853	0.08709999999996398	epochs	0.0
881.664999961853	0.03855050000004212	epochs	1.0
881.7035504618531	0.00999899999999343	epochs	1.0
881.7135494618531	0.038550499999928434	epochs	1.0
881.752099961853	2.512299999999982	epochs	0.0
881.752099961853	0.5	epochs	1.0
881.752107961853	0.5	epochs	-1.0
882.252099961853	1.0	epochs	1.0
883.252099961853	1.012299999999982	epochs	1.0
883.752107761853	0.5	epochs	-1.0
884.264399961853	2.9876800000000685	epochs	0.0
886.9050002098083	0.08709999999996398	epochs	0.0
886.9050002098083	0.03855050000004212	epochs	1.0
886.9435507098084	0.00999899999999343	epochs	1.0
886.9535497098084	0.038550499999928434	epochs	1.0
886.9921002098083	2.5129000000000588	epochs	0.0
886.9921002098083	0.5	epochs	1.0
886.9921082098083	0.5	epochs	-1.0
887.4921002098083	1.0	epochs	1.0
888.4921002098083	1.0129000000000588	epochs	1.0
888.9921080098084	0.5	epochs	-1.0
889.5050002098084	2.9870799999999917	epochs	0.0
892.0929999351501	0.08709999999996398	epochs	0.0
892.0929999351501	0.03855050000004212	epochs	1.0
892.1315504351502	0.00999899999999343	epochs	1.0
892.1415494351502	0.038550499999928434	epochs	1.0
892.1800999351501	2.5131600000000844	epochs	0.0
892.1800999351501	0.5	epochs	1.0
892.1801079351501	0.5	epochs	-1.0
892.6800999351501	1.0	epochs	1.0
893.6800999351501	1.0131600000000844	epochs	1.0
894.1801077351502	0.5	epochs	-1.0
894.6932599351502	2.986819999999966	epochs	0.0
897.2490000724792	0.08709999999996398	epochs	0.0
897.2490000724792	0.03855050000004212	epochs	1.0
897.2875505724793	0.00999899999999343	epochs	1.0
897.2975495724793	0.038550499999928434	epochs	1.0
897.3361000724792	0.5118800000000192	epochs	0.0
897.3361000724792	0.5	epochs	1.0
897.3361080724792	0.5	epochs	-1.0
897.8361000724792	0.011880000000019209	epochs	1.0
897.8479800724792	4.988100000000031	epochs	0.0
917.4219999313354	0.08709999999996398	epochs	0.0
917.4219999313354	0.03855050000004212	epochs	1.0
917.4605504313355	0.00999899999999343	epochs	1.0
917.4705494313355	0.038550499999928434	epochs	1.0
917.5090999313354	2.511799999999994	epochs	0.0
917.5090999313354	0.5	epochs	1.0
917.5091079313354	0.5	epochs	-1.0
918.0090999313354	1.0	epochs	1.0
919.0090999313354	1.0117999999999938	epochs	1.0
919.5091077313355	0.5	epochs	-1.0
920.0208999313354	2.9881800000000567	epochs	0.0
922.6329998970032	0.08709999999996398	epochs	0.0
922.6329998970032	0.03855050000004212	epochs	1.0
922.6715503970032	0.00999899999999343	epochs	1.0
922.6815493970032	0.038550499999928434	epochs	1.0
922.7200998970031	2.5124400000000833	epochs	0.0
922.7200998970031	0.5	epochs	1.0
922.7201078970031	0.5	epochs	-1.0
923.2200998970031	1.0	epochs	1.0
924.2200998970031	1.0124400000000833	epochs	1.0
924.7201076970032	0.5	epochs	-1.0
925.2325398970032	2.987539999999967	epochs	0.0
927.8990001678467	0.08709999999996398	epochs	0.0
927.8990001678467	0.03855050000004212	epochs	1.0
927.9375506678467	0.00999899999999343	epochs	1.0
927.9475496678467	0.038550499999928434	epochs	1.0
927.9861001678466	2.5328000000000657	epochs	0.0
927.9861001678466	0.5	epochs	1.0
927.9861081678466	0.5	epochs	-1.0
928.4861001678466	1.0	epochs	1.0
929.4861001678466	1.0328000000000657	epochs	1.0
929.9861081678466	0.5	epochs	-1.0
930.5189001678467	3.967179999999985	epochs	0.0
930.933000087738	0.08709999999996398	epochs	0.0
930.933000087738	0.03855050000004212	epochs	1.0
930.9715505877381	0.00999899999999343	epochs	1.0
930.9815495877381	0.038550499999928434	epochs	1.0
931.020100087738	0.5127600000000712	epochs	0.0
931.020100087738	0.5	epochs	1.0
931.020108087738	0.5	epochs	-1.0
931.520100087738	0.012760000000071159	epochs	1.0
931.5328600877381	5.987219999999979	epochs	0.0
947.1189999580383	0.08709999999996398	epochs	0.0
947.1189999580383	0.03855050000004212	epochs	1.0
947.1575504580384	0.00999899999999343	epochs	1.0
947.1675494580384	0.038550499999928434	epochs	1.0
947.2060999580383	2.5326800000000276	epochs	0.0
947.2060999580383	0.5	epochs	1.0
947.2061079580383	0.5	epochs	-1.0
947.7060999580383	1.0	epochs	1.0
948.7060999580383	1.0326800000000276	epochs	1.0
949.2061079580383	0.5	epochs	-1.0
949.7387799580383	3.967300000000023	epochs	0.0
950.0679998397827	0.08709999999996398	epochs	0.0
950.0679998397827	0.03855050000004212	epochs	1.0
950.1065503397828	0.00999899999999343	epochs	1.0
950.1165493397828	0.038550499999928434	epochs	1.0
950.1550998397827	2.511799999999994	epochs	0.0
950.1550998397827	0.5	epochs	1.0
950.1551078397827	0.5	epochs	-1.0
950.6550998397827	1.0	epochs	1.0
951.6550998397827	1.0117999999999938	epochs	1.0
952.1551078397827	0.5	epochs	-1.0
952.6668998397827	3.9881800000000567	epochs	0.0
953.039999961853	0.08709999999996398	epochs	0.0
953.039999961853	0.03855050000004212	epochs	1.0
953.0785504618531	0.00999899999999343	epochs	1.0
953.0885494618531	0.038550499999928434	epochs	1.0
953.127099961853	3.0126200000000836	epochs	0.0
953.127099961853	0.5	epochs	1.0
953.127107961853	0.5	epochs	-1.0
953.627099961853	1.0	epochs	1.0
954.627099961853	1.5126200000000836	epochs	1.0
955.127107961853	0.5	epochs	-1.0
955.627107961853	0.5	epochs	-1.0
956.1397199618531	3.487359999999967	epochs	0.0
956.5160002708435	0.08709999999996398	epochs	0.0
956.5160002708435	0.03855050000004212	epochs	1.0
956.5545507708435	0.00999899999999343	epochs	1.0
956.5645497708435	0.038550499999928434	epochs	1.0
956.6031002708435	3.032379999999989	epochs	0.0
956.6031002708435	0.5	epochs	1.0
956.6031082708434	0.5	epochs	-1.0
957.1031002708435	1.0	epochs	1.0
958.1031002708435	1.5323799999999892	epochs	1.0
958.6031082708434	0.5	epochs	-1.0
959.1031082708434	0.5	epochs	-1.0
959.6354802708435	3.4676000000000613	epochs	0.0
959.9939999580383	0.08709999999996398	epochs	0.0
959.9939999580383	0.03855050000004212	epochs	1.0
960.0325504580384	0.00999899999999343	epochs	1.0
960.0425494580384	0.038550499999928434	epochs	1.0
960.0810999580383	0.5133799999999837	epochs	0.0
960.0810999580383	0.5	epochs	1.0
960.0811079580383	0.5	epochs	-1.0
960.5810999580383	0.013379999999983738	epochs	1.0
960.5944799580383	5.986600000000067	epochs	0.0
976.1950001716614	0.08709999999996398	epochs	0.0
976.1950001716614	0.03855050000004212	epochs	1.0
976.2335506716614	0.00999899999999343	epochs	1.0
976.2435496716614	0.038550499999928434	epochs	1.0
976.2821001716613	2.5130400000000463	epochs	0.0
976.2821001716613	0.5	epochs	1.0
976.2821081716613	0.5	epochs	-1.0
976.7821001716613	1.0	epochs	1.0
977.7821001716613	1.0130400000000463	epochs	1.0
978.2821081716613	0.5	epochs	-1.0
978.7951401716614	3.986940000000004	epochs	0.0
979.1640000343323	0.15297999999995682	epochs	0.0
979.1640000343323	0.049999999999954525	epochs	1.0
979.2140000343322	0.0030000000000427463	epochs	1.0
979.2170000343323	0.09997999999995955	epochs	1.0
979.6950001716614	0.15297999999995682	epochs	0.0
979.6950001716614	0.049999999999954525	epochs	1.0
979.7450001716613	0.0030000000000427463	epochs	1.0
979.7480001716614	0.09997999999995955	epochs	1.0
980.2080001831055	0.15297999999995682	epochs	0.0
980.2080001831055	0.049999999999954525	epochs	1.0
980.2580001831054	0.0030000000000427463	epochs	1.0
980.2610001831055	0.09997999999995955	epochs	1.0
980.7290000915527	0.15297999999995682	epochs	0.0
980.7290000915527	0.049999999999954525	epochs	1.0
980.7790000915527	0.0030000000000427463	epochs	1.0
980.7820000915527	0.09997999999995955	epochs	1.0
981.2330002784729	0.15297999999995682	epochs	0.0
981.2330002784729	0.049999999999954525	epochs	1.0
981.2830002784729	0.0030000000000427463	epochs	1.0
981.2860002784729	0.09997999999995955	epochs	1.0
981.7430000305176	0.15297999999995682	epochs	0.0
981.7430000305176	0.049999999999954525	epochs	1.0
981.7930000305175	0.0030000000000427463	epochs	1.0
981.7960000305176	0.09997999999995955	epochs	1.0
982.2389998435974	0.15297999999995682	epochs	0.0
982.2389998435974	0.049999999999954525	epochs	1.0
982.2889998435974	0.0030000000000427463	epochs	1.0
982.2919998435974	0.09997999999995955	epochs	1.0
982.7420001029968	0.15297999999995682	epochs	0.0
982.7420001029968	0.049999999999954525	epochs	1.0
982.7920001029968	0.0030000000000427463	epochs	1.0
982.7950001029968	0.09997999999995955	epochs	1.0
983.231999874115	0.15297999999995682	epochs	0.0
983.231999874115	0.049999999999954525	epochs	1.0
983.281999874115	0.0030000000000427463	epochs	1.0
983.284999874115	0.09997999999995955	epochs	1.0
983.7449998855591	0.15297999999995682	epochs	0.0
983.7449998855591	0.049999999999954525	epochs	1.0
983.794999885559	0.0030000000000427463	epochs	1.0
983.7979998855591	0.09997999999995955	epochs	1.0
984.2459998130798	0.15297999999995682	epochs	0.0
984.2459998130798	0.049999999999954525	epochs	1.0
984.2959998130798	0.0030000000000427463	epochs	1.0
984.2989998130798	0.09997999999995955	epochs	1.0
984.8029999732971	0.08709999999996398	epochs	0.0
984.8029999732971	0.03855050000004212	epochs	1.0
984.8415504732972	0.00999899999999343	epochs	1.0
984.8515494732972	0.038550499999928434	epochs	1.0
984.8900999732971	1.6029800000000023	epochs	0.0
984.8900999732971	0.5	epochs	1.0
984.8901079732971	0.5	epochs	-1.0
985.3900999732971	0.0030000000000427463	epochs	1.0
985.3930999732971	1.0999799999999595	epochs	1.0
985.8931079732971	0.5	epochs	-1.0
987.0260000228882	0.08709999999996398	epochs	0.0
987.0260000228882	0.03855050000004212	epochs	1.0
987.0645505228882	0.00999899999999343	epochs	1.0
987.0745495228882	0.038550499999928434	epochs	1.0
987.1131000228881	1.5130400000000463	epochs	0.0
987.1131000228881	0.5	epochs	1.0
987.1131080228881	0.5	epochs	-1.0
987.6131000228881	0.0030000000000427463	epochs	1.0
987.6161000228882	1.0100400000000036	epochs	1.0
988.1161080228882	0.5	epochs	-1.0
988.6261400228882	0.08993999999995594	epochs	0.0
989.2509999275208	0.08709999999996398	epochs	0.0
989.2509999275208	0.03855050000004212	epochs	1.0
989.2895504275208	0.00999899999999343	epochs	1.0
989.2995494275208	0.038550499999928434	epochs	1.0
989.3380999275207	1.51204000000007	epochs	0.0
989.3380999275207	0.5	epochs	1.0
989.3381079275207	0.5	epochs	-1.0
989.8380999275207	0.0030000000000427463	epochs	1.0
989.8410999275208	1.0090400000000272	epochs	1.0
990.3411079275207	0.5	epochs	-1.0
990.8501399275208	0.0909399999999323	epochs	0.0
991.460000038147	0.08709999999996398	epochs	0.0
991.460000038147	0.03855050000004212	epochs	1.0
991.498550538147	0.00999899999999343	epochs	1.0
991.508549538147	0.038550499999928434	epochs	1.0
991.5471000381469	1.5129000000000588	epochs	0.0
991.5471000381469	0.5	epochs	1.0
991.5471080381469	0.5	epochs	-1.0
992.0471000381469	0.0030000000000427463	epochs	1.0
992.050100038147	1.009900000000016	epochs	1.0
992.550108038147	0.5	epochs	-1.0
993.060000038147	0.09007999999994354	epochs	0.0
993.6669998168945	0.08709999999996398	epochs	0.0
993.6669998168945	0.03855050000004212	epochs	1.0
993.7055503168946	0.00999899999999343	epochs	1.0
993.7155493168946	0.038550499999928434	epochs	1.0
993.7540998168945	6.892280000000028	epochs	0.0
993.7540998168945	0.5	epochs	1.0
993.7541078168945	0.5	epochs	-1.0
994.2540998168945	6.392280000000028	epochs	1.0
996.1269398168945	4.519440000000031	epochs	-1.0
996.1269398168945	0.03942000000006374	epochs	-1.0
996.6244277168945	0.5	epochs	-1.0
997.1244277168945	0.5	epochs	-1.0
997.6244277168945	0.5	epochs	-1.0
998.1244277168945	0.5	epochs	-1.0
998.6244277168945	0.5	epochs	-1.0
999.1244277168945	0.5	epochs	-1.0
999.6244277168945	0.5	epochs	-1.0
1000.1244277168945	0.5	epochs	-1.0
1000.6463798168945	12.607700000000023	epochs	0.0
1001.6059999465942	0.08709999999996398	epochs	0.0
1001.6059999465942	0.03855050000004212	epochs	1.0
1001.6445504465943	0.00999899999999343	epochs	1.0
1001.6545494465943	0.038550499999928434	epochs	1.0
1001.6930999465942	0.5123800000000074	epochs	0.0
1001.6930999465942	0.5	epochs	1.0
1001.6931079465942	0.5	epochs	-1.0
1002.1930999465942	0.012380000000007385	epochs	1.0
1002.2054799465942	18.987600000000043	epochs	0.0
1030.795000076294	0.08709999999996398	epochs	0.0
1030.795000076294	0.038550499999928434	epochs	1.0
1030.8335505762939	0.009999000000107117	epochs	1.0
1030.843549576294	0.038550499999928434	epochs	1.0
1030.882100076294	3.2124200000000656	epochs	0.0
1030.882100076294	0.5	epochs	1.0
1030.882108076294	0.5	epochs	-1.0
1031.382100076294	2.7124200000000656	epochs	1.0
1033.094580076294	0.9999399999999241	epochs	-1.0
1033.094580076294	0.03917999999998756	epochs	-1.0
1033.592067976294	0.5	epochs	-1.0
1034.094520076294	16.287559999999985	epochs	0.0
1034.539999961853	0.08709999999996398	epochs	0.0
1034.539999961853	0.038550499999928434	epochs	1.0
1034.578550461853	0.009999000000107117	epochs	1.0
1034.588549461853	0.038550499999928434	epochs	1.0
1034.627099961853	3.1119200000000546	epochs	0.0
1034.627099961853	0.5	epochs	1.0
1034.627107961853	0.5	epochs	-1.0
1035.127099961853	2.6119200000000546	epochs	1.0
1036.739459961853	0.999559999999974	epochs	-1.0
1036.739459961853	0.03880000000003747	epochs	-1.0
1037.236947861853	0.5	epochs	-1.0
1037.739019961853	16.388059999999996	epochs	0.0
1063.4959998130798	0.0870399999998881	epochs	0.0
1063.4959998130798	0.038523899999972855	epochs	1.0
1063.5345237130798	0.009992199999942386	epochs	1.0
1063.5445159130797	0.038523899999972855	epochs	1.0
1063.5831198130797	2.0	epochs	0.0
1065.5831078130798	0.5	epochs	-1.0
1065.5831198130797	1.5328799999999774	epochs	0.0
1065.5831198130797	1.0	epochs	1.0
1066.0831078130798	1.032891999999947	epochs	-1.0
1066.5831198130797	0.5328799999999774	epochs	-1.0
1066.5831198130797	0.5328799999999774	epochs	1.0
1066.5831198130797	0.5328799999999774	epochs	2.0
1066.5831198130797	0.5328799999999774	epochs	3.0
1067.1159998130797	20.467039999999997	epochs	0.0
1067.781000137329	0.0870399999998881	epochs	0.0
1067.781000137329	0.038523899999972855	epochs	1.0
1067.819524037329	0.009992199999942386	epochs	1.0
1067.829516237329	0.038523899999972855	epochs	1.0
1067.868120137329	2.0	epochs	0.0
1069.868108137329	0.5	epochs	-1.0
1069.868120137329	1.5713600000001406	epochs	0.0
1069.868120137329	1.0	epochs	1.0
1070.368108137329	1.0713720000001103	epochs	-1.0
1070.868120137329	0.5713600000001406	epochs	-1.0
1070.868120137329	0.5713600000001406	epochs	1.0
1070.868120137329	0.5713600000001406	epochs	2.0
1070.868120137329	0.5713600000001406	epochs	3.0
1071.4394801373292	20.428559999999834	epochs	0.0
1071.901999950409	0.0870399999998881	epochs	0.0
1071.901999950409	0.038523899999972855	epochs	1.0
1071.940523850409	0.009992199999942386	epochs	1.0
1071.9505160504089	0.038523899999972855	epochs	1.0
1071.9891199504088	2.0	epochs	0.0
1073.9891079504089	0.5	epochs	-1.0
1073.9891199504088	5.412160000000085	epochs	0.0
1073.9891199504088	1.0	epochs	1.0
1074.4891079504089	4.912172000000055	epochs	-1.0
1074.9891199504088	4.412160000000085	epochs	1.0
1074.9891199504088	4.356753900000058	epochs	-1.0
1074.9891199504088	1.9745872000000873	epochs	2.0
1074.9891199504088	1.0985622000000603	epochs	3.0
1076.087682150409	0.8760250000000269	epochs	3.0
1076.963707150409	1.3524075000000266	epochs	2.0
1076.963707150409	0.7286355000001095	epochs	3.0
1077.692342650409	0.6237719999999172	epochs	3.0
1078.316114650409	1.029759199999944	epochs	2.0
1078.316114650409	0.5453293000000485	epochs	3.0
1078.861443950409	0.4844298999998955	epochs	3.0
1079.345873850409	0.055406100000027436	epochs	2.0
1079.345873850409	0.055406100000027436	epochs	3.0
1079.401279950409	16.58775999999989	epochs	0.0
1079.9180002212524	0.0870399999998881	epochs	0.0
1079.9180002212524	0.038523899999972855	epochs	1.0
1079.9565241212524	0.009992199999942386	epochs	1.0
1079.9665163212524	0.038523899999972855	epochs	1.0
1080.0051202212524	2.0	epochs	0.0
1082.0051082212524	0.5	epochs	-1.0
1082.0051202212524	21.532480000000078	epochs	0.0
1082.0051202212524	1.0	epochs	1.0
1082.5051082212524	19.997440000000097	epochs	-1.0
1083.0051202212524	20.0	epochs	1.0
1083.0051202212524	4.356753900000058	epochs	-1.0
1083.0051202212524	1.9745872000000873	epochs	2.0
1083.0051202212524	1.0985622000000603	epochs	3.0
1084.1036824212524	0.8760250000000269	epochs	3.0
1084.9797074212524	1.3524075000000266	epochs	2.0
1084.9797074212524	0.7286355000001095	epochs	3.0
1085.7083429212526	0.6237719999999172	epochs	3.0
1086.3321149212525	1.029759199999944	epochs	2.0
1086.3321149212525	0.5453293000000485	epochs	3.0
1086.8774442212525	0.4844298999998955	epochs	3.0
1087.3618741212524	0.8317862000001242	epochs	2.0
1087.3618741212524	0.4357763000000432	epochs	3.0
1087.7976504212525	0.39600990000008096	epochs	3.0
1088.1936603212525	0.6977969999998095	epochs	2.0
1088.1936603212525	0.3628982000000178	epochs	3.0
1088.5565585212526	0.33489879999979166	epochs	3.0
1088.8914573212523	0.601045699999986	epochs	2.0
1088.8914573212523	0.3109123000001546	epochs	3.0
1089.2023696212525	0.29013339999983145	epochs	3.0
1089.4925030212523	0.5278859000000011	epochs	2.0
1089.4925030212523	0.2719586000000618	epochs	3.0
1089.7644616212524	0.25592729999993935	epochs	3.0
1090.0203889212523	0.4706193000001804	epochs	2.0
1090.0203889212523	0.24168130000020938	epochs	3.0
1090.2620702212525	0.228937999999971	epochs	3.0
1090.4910082212525	0.42457039999999324	epochs	2.0
1090.4910082212525	0.21747140000002219	epochs	3.0
1090.7084796212525	0.20709899999997106	epochs	3.0
1090.9155786212525	0.3867353999999068	epochs	2.0
1090.9155786212525	0.19767109999997956	epochs	3.0
1091.1132497212525	0.18906429999992724	epochs	3.0
1091.3023140212524	0.35509530000013	epochs	2.0
1091.3023140212524	0.18117589999997108	epochs	3.0
1091.4834899212524	0.17391940000015893	epochs	3.0
1091.6574093212525	0.3282431000000088	epochs	2.0
1091.6574093212525	0.16722189999995862	epochs	3.0
1091.8246312212525	0.16102120000005016	epochs	3.0
1091.9856524212526	0.3051679999998669	epochs	2.0
1091.9856524212526	0.15526389999990897	epochs	3.0
1092.1409163212525	0.1499040999999579	epochs	3.0
1092.2908204212524	0.28512530000011793	epochs	2.0
1092.2908204212524	0.1449021000000812	epochs	3.0
1092.4357225212525	0.14022320000003674	epochs	3.0
1092.5759457212525	0.2675537999998596	epochs	2.0
1092.5759457212525	0.1358368999999584	epochs	3.0
1092.7117826212525	0.13171689999990122	epochs	3.0
1092.8434995212524	0.25202290000015637	epochs	2.0
1092.8434995212524	0.1278393000000051	epochs	3.0
1092.9713388212524	0.12418360000015127	epochs	3.0
1093.0955224212526	0.23819649999995818	epochs	2.0
1093.0955224212526	0.1207310999998299	epochs	3.0
1093.2162535212524	0.11746540000012828	epochs	3.0
1093.3337189212525	0.22580879999986792	epochs	2.0
1093.3337189212525	0.1143718999999237	epochs	3.0
1093.4480908212524	0.11143689999994422	epochs	3.0
1093.5595277212524	0.2146460000001298	epochs	2.0
1093.5595277212524	0.10864890000016203	epochs	3.0
1093.6681766212525	0.10599709999996776	epochs	3.0
1093.7741737212525	0.2045349999998507	epochs	2.0
1093.7741737212525	0.1034714999998414	epochs	3.0
1093.8776452212524	0.1010635000000093	epochs	3.0
1093.9787087212524	0.19533400000000256	epochs	2.0
1093.9787087212524	0.09876510000003691	epochs	3.0
1094.0774738212524	0.09656889999996565	epochs	3.0
1094.1740427212524	0.18692529999998442	epochs	2.0
1094.1740427212524	0.09446830000001682	epochs	3.0
1094.2685110212524	0.09245699999996759	epochs	3.0
1094.3609680212523	0.1792107000001124	epochs	2.0
1094.3609680212523	0.0905296000000817	epochs	3.0
1094.4514976212524	0.08868110000003071	epochs	3.0
1094.5401787212525	0.17210769999996955	epochs	2.0
1094.5401787212525	0.08690630000000965	epochs	3.0
1094.6270850212525	0.0852013999999599	epochs	3.0
1094.7122864212524	0.16554640000003928	epochs	2.0
1094.7122864212524	0.08356189999994967	epochs	3.0
1094.7958483212524	0.08198450000008961	epochs	3.0
1094.8778328212525	0.15946710000002895	epochs	2.0
1094.8778328212525	0.08046539999986635	epochs	3.0
1094.9582982212523	0.0790017000001626	epochs	3.0
1095.0372999212525	0.1538183999998637	epochs	2.0
1095.0372999212525	0.07759009999995214	epochs	3.0
1095.1148900212524	0.07622829999991154	epochs	3.0
1095.1911183212524	0.14855640000018866	epochs	2.0
1095.1911183212524	0.07491330000016205	epochs	3.0
1095.2660316212525	0.0736431000000266	epochs	3.0
1095.3396747212525	0.1436423999998624	epochs	2.0
1095.3396747212525	0.07241499999986445	epochs	3.0
1095.4120897212524	0.07122739999999794	epochs	3.0
1095.4833171212524	0.13904309999998077	epochs	2.0
1095.4833171212524	0.07007799999996678	epochs	3.0
1095.5533951212524	0.06896510000001399	epochs	3.0
1095.6223602212524	0.1347293000001173	epochs	2.0
1095.6223602212524	0.0678871000000072	epochs	3.0
1095.6902473212524	0.0668422000001101	epochs	3.0
1095.7570895212525	0.1306752000000415	epochs	2.0
1095.7570895212525	0.06582909999997355	epochs	3.0
1095.8229186212525	0.06484610000006796	epochs	3.0
1095.8877647212526	0.1268577999999252	epochs	2.0
1095.8877647212526	0.06389199999989614	epochs	3.0
1095.9516567212524	0.06296580000002905	epochs	3.0
1096.0146225212525	0.12325719999989815	epochs	2.0
1096.0146225212525	0.06206580000002759	epochs	3.0
1096.0766883212525	0.061191399999870555	epochs	3.0
1096.1378797212524	0.11985540000000583	epochs	2.0
1096.1378797212524	0.060341099999959624	epochs	3.0
1096.1982208212523	0.059514300000046205	epochs	3.0
1096.2577351212524	0.11663620000012997	epochs	2.0
1096.2577351212524	0.05870960000015657	epochs	3.0
1096.3164447212525	0.057926599999973405	epochs	3.0
1096.3743713212525	0.11358559999985118	epochs	2.0
1096.3743713212525	0.05716419999998834	epochs	3.0
1096.4315355212525	0.05642139999986284	epochs	3.0
1096.4879569212524	0.11069050000014613	epochs	2.0
1096.4879569212524	0.055697900000041045	epochs	3.0
1096.5436548212524	0.054992600000105085	epochs	3.0
1096.5986474212525	0.10793909999983953	epochs	2.0
1096.5986474212525	0.05430490000003374	epochs	3.0
1096.6529523212525	0.05363419999980579	epochs	3.0
1096.7065865212523	0.10532150000017282	epochs	2.0
1096.7065865212523	0.052980000000161453	epochs	3.0
1096.7595665212525	0.052341500000011365	epochs	3.0
1096.8119080212525	0.10282759999995505	epochs	2.0
1096.8119080212525	0.05171810000001642	epochs	3.0
1096.8636261212525	0.051109499999938635	epochs	3.0
1096.9147356212525	0.10044909999987794	epochs	2.0
1096.9147356212525	0.050514900000052876	epochs	3.0
1096.9652505212525	0.04993419999982507	epochs	3.0
1097.0151847212524	0.09817830000019967	epochs	2.0
1097.0151847212524	0.04936659999998483	epochs	3.0
1097.0645513212523	0.04881170000021484	epochs	3.0
1097.1133630212526	0.09600779999982478	epochs	2.0
1097.1133630212526	0.048269199999822376	epochs	3.0
1097.1616322212524	0.04773860000000241	epochs	3.0
1097.2093708212524	0.09393120000004274	epochs	2.0
1097.2093708212524	0.04721949999998287	epochs	3.0
1097.2565903212524	0.046711700000059864	epochs	3.0
1097.3033020212524	0.09194260000003851	epochs	2.0
1097.3033020212524	0.046214599999984785	epochs	3.0
1097.3495166212524	0.045728000000053726	epochs	3.0
1097.3952446212525	0.09003630000006524	epochs	2.0
1097.3952446212525	0.045251499999949374	epochs	3.0
1097.4404961212524	0.044784800000115865	epochs	3.0
1097.4852809212525	0.0882075999998051	epochs	2.0
1097.4852809212525	0.044327800000019124	epochs	3.0
1097.5296087212525	0.04387979999978597	epochs	3.0
1097.5734885212523	0.0864516999999978	epochs	2.0
1097.5734885212523	0.04344100000002982	epochs	3.0
1097.6169295212524	0.04301069999996798	epochs	3.0
1097.6599402212523	0.08476430000018809	epochs	2.0
1097.6599402212523	0.04258900000013455	epochs	3.0
1097.7025292212525	0.04217530000005354	epochs	3.0
1097.7447045212525	0.08314150000001064	epochs	2.0
1097.7447045212525	0.04176970000003166	epochs	3.0
1097.7864742212525	0.041371799999978975	epochs	3.0
1097.8278460212525	0.08157970000002024	epochs	2.0
1097.8278460212525	0.040981399999964196	epochs	3.0
1097.8688274212525	0.04059830000005604	epochs	3.0
1097.9094257212525	0.08007549999979346	epochs	2.0
1097.9094257212525	0.04022229999986848	epochs	3.0
1097.9496480212524	0.03985319999992498	epochs	3.0
1097.9895012212523	0.07862570000020241	epochs	2.0
1097.9895012212523	0.039490800000066884	epochs	3.0
1098.0289920212524	0.03913490000013553	epochs	3.0
1098.0681269212525	0.07722759999978734	epochs	2.0
1098.0681269212525	0.03878539999982422	epochs	3.0
1098.1069123212524	0.03844219999996312	epochs	3.0
1098.1453545212523	0.07587820000003376	epochs	2.0
1098.1453545212523	0.03810480000015559	epochs	3.0
1098.1834593212525	0.037773399999878166	epochs	3.0
1098.2212327212524	0.0745752000000266	epochs	2.0
1098.2212327212524	0.03744770000002973	epochs	3.0
1098.2586804212524	0.03712749999999687	epochs	3.0
1098.2958079212524	0.07331629999998768	epochs	2.0
1098.2958079212524	0.0368129000000863	epochs	3.0
1098.3326208212525	0.036503399999901376	epochs	3.0
1098.3691242212524	0.07209899999998015	epochs	2.0
1098.3691242212524	0.03619909999997617	epochs	3.0
1098.4053233212524	0.03589990000000398	epochs	3.0
1098.4412232212524	0.07092170000009901	epochs	2.0
1098.4412232212524	0.03560560000005353	epochs	3.0
1098.4768288212524	0.03531610000004548	epochs	3.0
1098.5121449212525	0.06978200000003199	epochs	2.0
1098.5121449212525	0.03503120000004856	epochs	3.0
1098.5471761212525	0.03475079999998343	epochs	3.0
1098.5819269212525	0.06867859999988468	epochs	2.0
1098.5819269212525	0.03447510000000875	epochs	3.0
1098.6164020212525	0.03420349999987593	epochs	3.0
1098.6506055212524	0.06760929999995824	epochs	2.0
1098.6506055212524	0.033936199999970995	epochs	3.0
1098.6845417212523	0.033673099999987244	epochs	3.0
1098.7182148212523	0.06657290000021021	epochs	2.0
1098.7182148212523	0.03341400000022077	epochs	3.0
1098.7516288212526	0.033158899999989444	epochs	3.0
1098.7847877212525	0.06556779999982609	epochs	2.0
1098.7847877212525	0.03290769999989607	epochs	3.0
1098.8176954212524	0.032660099999930026	epochs	3.0
1098.8503555212524	0.06459259999996902	epochs	2.0
1098.8503555212524	0.03241640000010193	epochs	3.0
1098.8827719212525	0.032176199999867094	epochs	3.0
1098.9149481212523	0.06364600000006249	epochs	2.0
1098.9149481212523	0.03193960000021434	epochs	3.0
1098.9468877212526	0.031706399999848145	epochs	3.0
1098.9785941212524	0.0627266999999847	epochs	2.0
1098.9785941212524	0.03147660000013275	epochs	3.0
1099.0100707212525	0.031250099999851955	epochs	3.0
1099.0413208212524	0.06183359999999993	epochs	2.0
1099.0413208212524	0.031026900000142632	epochs	3.0
1099.0723477212525	0.0308066999998573	epochs	3.0
1099.1031544212524	0.06096560000014506	epochs	2.0
1099.1031544212524	0.03058980000014344	epochs	3.0
1099.1337442212525	0.030375800000001618	epochs	3.0
1099.1641200212525	0.06012160000000222	epochs	2.0
1099.1641200212525	0.030164899999817862	epochs	3.0
1099.1942849212523	0.029956700000184355	epochs	3.0
1099.2242416212525	0.05930069999999432	epochs	2.0
1099.2242416212525	0.029751599999826794	epochs	3.0
1099.2539932212524	0.029549100000167527	epochs	3.0
1099.2835423212525	0.05850179999993088	epochs	2.0
1099.2835423212525	0.02934940000000097	epochs	3.0
1099.3128917212525	0.029152399999929912	epochs	3.0
1099.3420441212525	0.05772419999993872	epochs	2.0
1099.3420441212525	0.028957999999875028	epochs	3.0
1099.3710021212523	0.02876620000006369	epochs	3.0
1099.3997683212524	0.05696710000006533	epochs	2.0
1099.3997683212524	0.028577000000041153	epochs	3.0
1099.4283453212524	0.028390100000024177	epochs	3.0
1099.4567354212525	0.05622949999997218	epochs	2.0
1099.4567354212525	0.028205699999944045	epochs	3.0
1099.4849411212524	0.028023800000028132	epochs	3.0
1099.5129649212524	0.05551070000001346	epochs	2.0
1099.5129649212524	0.027843999999959124	epochs	3.0
1099.5408089212524	0.027666700000054334	epochs	3.0
1099.5684756212524	0.054810200000019904	epochs	2.0
1099.5684756212524	0.02749149999999645	epochs	3.0
1099.5959671212524	0.027318700000023455	epochs	3.0
1099.6232858212525	0.054126999999880354	epochs	2.0
1099.6232858212525	0.027147799999966082	epochs	3.0
1099.6504336212524	0.026979199999914272	epochs	3.0
1099.6774128212523	0.05346070000018699	epochs	2.0
1099.6774128212523	0.026812600000084785	epochs	3.0
1099.7042254212524	0.026648100000102204	epochs	3.0
1099.7308735212525	0.05281070000000909	epochs	2.0
1099.7308735212525	0.0264855999998872	epochs	3.0
1099.7573591212524	0.026325100000121893	epochs	3.0
1099.7836842212525	0.052176199999848905	epochs	2.0
1099.7836842212525	0.026166399999965506	epochs	3.0
1099.8098506212525	0.0260097999998834	epochs	3.0
1099.8358604212524	0.051556699999991906	epochs	2.0
1099.8358604212524	0.02585480000016105	epochs	3.0
1099.8617152212526	0.025701899999830857	epochs	3.0
1099.8874171212524	0.05095189999997274	epochs	2.0
1099.8874171212524	0.025550700000167126	epochs	3.0
1099.9129678212526	0.025401199999805613	epochs	3.0
1099.9383690212524	0.05036100000006627	epochs	2.0
1099.9383690212524	0.025253500000189888	epochs	3.0
1099.9636225212525	0.02510749999987638	epochs	3.0
1099.9887300212524	0.04978380000011384	epochs	2.0
1099.9887300212524	0.02496320000000196	epochs	3.0
1100.0136932212524	0.02482060000011188	epochs	3.0
1100.0385138212525	0.04921949999993558	epochs	2.0
1100.0385138212525	0.024679399999968155	epochs	3.0
1100.0631932212525	0.024540099999967424	epochs	3.0
1100.0877333212525	0.04866790000005494	epochs	2.0
1100.0877333212525	0.024402099999861093	epochs	3.0
1100.1121354212523	0.02426580000019385	epochs	3.0
1100.1364012212525	0.048128599999927246	epochs	2.0
1100.1364012212525	0.02413099999989754	epochs	3.0
1100.1605322212524	0.023997600000029706	epochs	3.0
1100.1845298212525	0.047601100000065344	epochs	2.0
1100.1845298212525	0.023865800000066884	epochs	3.0
1100.2083956212525	0.02373529999999846	epochs	3.0
1100.2321309212525	0.04708499999992455	epochs	2.0
1100.2321309212525	0.023606299999983094	epochs	3.0
1100.2557372212525	0.023478699999941455	epochs	3.0
1100.2792159212524	0.046579999999948996	epochs	2.0
1100.2792159212524	0.023352500000100918	epochs	3.0
1100.3025684212525	0.023227499999848078	epochs	3.0
1100.3257959212524	0.046085700000048746	epochs	2.0
1100.3257959212524	0.023104000000103042	epochs	3.0
1100.3488999212525	0.022981699999945704	epochs	3.0
1100.3718816212524	0.045601799999985815	epochs	2.0
1100.3718816212524	0.02286069999991014	epochs	3.0
1100.3947423212524	0.022741100000075676	epochs	3.0
1100.4174834212524	0.04512790000012501	epochs	2.0
1100.4174834212524	0.022622500000125	epochs	3.0
1100.4401059212526	0.02250540000000001	epochs	3.0
1100.4626113212526	0.04466379999985293	epochs	2.0
1100.4626113212526	0.02238929999998618	epochs	3.0
1100.4850006212525	0.022274499999866748	epochs	3.0
1100.5072751212524	0.04420920000006845	epochs	2.0
1100.5072751212524	0.022160799999937808	epochs	3.0
1100.5294359212523	0.02204840000013064	epochs	3.0
1100.5514843212525	0.04376359999992019	epochs	2.0
1100.5514843212525	0.02193689999990056	epochs	3.0
1100.5734212212524	0.021826700000019628	epochs	3.0
1100.5952479212524	0.04332709999994222	epochs	2.0
1100.5952479212524	0.02171760000010181	epochs	3.0
1100.6169655212525	0.02160949999984041	epochs	3.0
1100.6385750212523	0.04289900000003399	epochs	2.0
1100.6385750212523	0.02150249999999687	epochs	3.0
1100.6600775212523	0.021396500000037122	epochs	3.0
1100.6814740212524	0.04247950000012679	epochs	2.0
1100.6814740212524	0.021291700000119818	epochs	3.0
1100.7027657212525	0.021187800000006973	epochs	3.0
1100.7239535212525	0.04206789999989269	epochs	2.0
1100.7239535212525	0.02108490000000529	epochs	3.0
1100.7450384212525	0.020982999999887397	epochs	3.0
1100.7660214212524	0.04166439999994509	epochs	2.0
1100.7660214212524	0.020882199999959994	epochs	3.0
1100.7869036212523	0.020782199999985096	epochs	3.0
1100.8076858212523	0.04126850000011473	epochs	2.0
1100.8076858212523	0.02068330000020069	epochs	3.0
1100.8283691212525	0.02058519999991404	epochs	3.0
1100.8489543212524	0.04088000000001557	epochs	2.0
1100.8489543212524	0.020488099999965925	epochs	3.0
1100.8694424212524	0.020391900000049645	epochs	3.0
1100.8898343212525	0.04049880000002304	epochs	2.0
1100.8898343212525	0.020296599999937825	epochs	3.0
1100.9101309212524	0.020202200000085213	epochs	3.0
1100.9303331212525	0.040124599999899146	epochs	2.0
1100.9303331212525	0.02010870000003706	epochs	3.0
1100.9504418212525	0.020015899999862086	epochs	3.0
1100.9704577212524	0.03975730000001931	epochs	2.0
1100.9704577212524	0.019924200000104975	epochs	3.0
1100.9903819212525	0.01983309999991434	epochs	3.0
1101.0102150212524	0.03939669999999751	epochs	2.0
1101.0102150212524	0.01974300000006224	epochs	3.0
1101.0299580212525	0.01965369999993527	epochs	3.0
1101.0496117212524	0.03904239999997117	epochs	2.0
1101.0496117212524	0.019565100000136226	epochs	3.0
1101.0691768212525	0.01947729999983494	epochs	3.0
1101.0886541212524	0.038694600000098944	epochs	2.0
1101.0886541212524	0.019390400000020236	epochs	3.0
1101.1080445212524	0.01930420000007871	epochs	3.0
1101.1273487212525	0.03835290000006353	epochs	2.0
1101.1273487212525	0.019218799999862313	epochs	3.0
1101.1465675212523	0.019134100000201215	epochs	3.0
1101.1657016212525	0.03801720000001296	epochs	2.0
1101.1657016212525	0.019050199999810502	epochs	3.0
1101.1847518212523	0.01896700000020246	epochs	3.0
1101.2037188212526	0.03768719999993664	epochs	2.0
1101.2037188212526	0.018884499999785476	epochs	3.0
1101.2226033212523	0.018802700000151162	epochs	3.0
1101.2414060212525	0.03736309999999321	epochs	2.0
1101.2414060212525	0.018721700000014607	epochs	3.0
1101.2601277212525	0.018641399999978603	epochs	3.0
1101.2787691212525	0.03704429999993408	epochs	2.0
1101.2787691212525	0.018561599999884493	epochs	3.0
1101.2973307212524	0.01848270000004959	epochs	3.0
1101.3158134212524	0.03673099999991791	epochs	2.0
1101.3158134212524	0.018404299999929208	epochs	3.0
1101.3342177212523	0.018326699999988705	epochs	3.0
1101.3525444212523	0.03642290000016146	epochs	2.0
1101.3525444212523	0.01824960000021747	epochs	3.0
1101.3707940212526	0.018173299999943993	epochs	3.0
1101.3889673212525	0.03612010000006194	epochs	2.0
1101.3889673212525	0.01809759999991911	epochs	3.0
1101.4070649212524	0.018022500000142827	epochs	3.0
1101.4250874212526	0.03582209999990482	epochs	2.0
1101.4250874212526	0.01794789999985369	epochs	3.0
1101.4430353212524	0.017874200000051133	epochs	3.0
1101.4609095212525	0.03552899999999681	epochs	2.0
1101.4609095212525	0.017800800000031813	epochs	3.0
1101.4787103212525	0.017728199999965	epochs	3.0
1101.4964385212525	0.03524070000003121	epochs	2.0
1101.4964385212525	0.017656100000067454	epochs	3.0
1101.5140946212525	0.017584599999963757	epochs	3.0
1101.5316792212525	0.03495709999992869	epochs	2.0
1101.5316792212525	0.017513699999881283	epochs	3.0
1101.5491929212524	0.017443400000047404	epochs	3.0
1101.5666363212524	0.03467790000013338	epochs	2.0
1101.5666363212524	0.017373599999928047	epochs	3.0
1101.5840099212523	0.01730430000020533	epochs	3.0
1101.6013142212526	0.03440329999989444	epochs	2.0
1101.6013142212526	0.017235699999901044	epochs	3.0
1101.6185499212525	0.0171675999999934	epochs	3.0
1101.6357175212524	0.03413279999995211	epochs	2.0
1101.6357175212524	0.01709989999994832	epochs	3.0
1101.6528174212524	0.017032900000003792	epochs	3.0
1101.6698503212524	0.03386670000008962	epochs	2.0
1101.6698503212524	0.01696640000000116	epochs	3.0
1101.6868167212524	0.016900300000088464	epochs	3.0
1101.7037170212525	0.03360459999998966	epochs	2.0
1101.7037170212525	0.01683479999996962	epochs	3.0
1101.7205518212525	0.01676980000002004	epochs	3.0
1101.7373216212525	0.033346599999958926	epochs	2.0
1101.7373216212525	0.016705300000012357	epochs	3.0
1101.7540269212525	0.01664129999994657	epochs	3.0
1101.7706682212524	0.03309250000006614	epochs	2.0
1101.7706682212524	0.016577800000050047	epochs	3.0
1101.7872460212525	0.01651470000001609	epochs	3.0
1101.8037607212525	0.03284229999985655	epochs	2.0
1101.8037607212525	0.01645220000000336	epochs	3.0
1101.8202129212525	0.01639009999985319	epochs	3.0
1101.8366030212524	0.03259570000000167	epochs	2.0
1101.8366030212524	0.016328400000020338	epochs	3.0
1101.8529314212524	0.016267299999981333	epochs	3.0
1101.8691987212524	0.032352899999978035	epochs	2.0
1101.8691987212524	0.016206600000032267	epochs	3.0
1101.8854053212524	0.016146299999945768	epochs	3.0
1101.9015516212523	0.032113700000081735	epochs	2.0
1101.9015516212523	0.016086600000107865	epochs	3.0
1101.9176382212524	0.01602709999997387	epochs	3.0
1101.9336653212524	0.03187800000000607	epochs	2.0
1101.9336653212524	0.015968200000088473	epochs	3.0
1101.9496335212525	0.015909799999917595	epochs	3.0
1101.9655433212524	0.03164570000012645	epochs	2.0
1101.9655433212524	0.015851599999905375	epochs	3.0
1101.9813949212523	0.01579410000022108	epochs	3.0
1101.9971890212526	0.031416699999908815	epochs	2.0
1101.9971890212526	0.01573669999993399	epochs	3.0
1102.0129257212525	0.015679999999974825	epochs	3.0
1102.0286057212525	0.03119109999988723	epochs	2.0
1102.0286057212525	0.015623600000026272	epochs	3.0
1102.0442293212525	0.015567499999860956	epochs	3.0
1102.0597968212523	0.03096870000013041	epochs	2.0
1102.0597968212523	0.01551200000017161	epochs	3.0
1102.0753088212525	0.0154566999999588	epochs	3.0
1102.0907655212525	0.030749499999956242	epochs	2.0
1102.0907655212525	0.015401999999994587	epochs	3.0
1102.1061675212525	0.015347499999961656	epochs	3.0
1102.1215150212524	0.03053320000003623	epochs	2.0
1102.1215150212524	0.015293400000018664	epochs	3.0
1102.1368084212525	0.015239800000017567	epochs	3.0
1102.1520482212525	0.030320099999926242	epochs	2.0
1102.1520482212525	0.015186500000027081	epochs	3.0
1102.1672347212525	0.015133599999899161	epochs	3.0
1102.1823683212524	0.03010990000007041	epochs	2.0
1102.1823683212524	0.015081000000009226	epochs	3.0
1102.1974493212524	0.015028900000061185	epochs	3.0
1102.2124782212525	0.029902499999934662	epochs	2.0
1102.2124782212525	0.014977000000044427	epochs	3.0
1102.2274552212525	0.014925499999890235	epochs	3.0
1102.2423807212524	0.0296981000001324	epochs	2.0
1102.2423807212524	0.014874400000053356	epochs	3.0
1102.2572551212525	0.014823700000079043	epochs	3.0
1102.2720788212525	0.029496299999891562	epochs	2.0
1102.2720788212525	0.01477319999980864	epochs	3.0
1102.2868520212523	0.014723100000082923	epochs	3.0
1102.3015751212524	0.029297399999904883	epochs	2.0
1102.3015751212524	0.014673399999992398	epochs	3.0
1102.3162485212524	0.014623999999912485	epochs	3.0
1102.3308725212523	0.02910110000016175	epochs	2.0
1102.3308725212523	0.014574900000070556	epochs	3.0
1102.3454474212524	0.014526200000091194	epochs	3.0
1102.3599736212525	0.028907399999980044	epochs	2.0
1102.3599736212525	0.014477700000043114	epochs	3.0
1102.3744513212525	0.014429699999936929	epochs	3.0
1102.3888810212525	0.028716199999962555	epochs	2.0
1102.3888810212525	0.014381799999910072	epochs	3.0
1102.4032628212524	0.014334400000052483	epochs	3.0
1102.4175972212524	0.02852759999996124	epochs	2.0
1102.4175972212524	0.014287199999898803	epochs	3.0
1102.4318844212523	0.014240400000062436	epochs	3.0
1102.4461248212524	0.028341400000044814	epochs	2.0
1102.4461248212524	0.014193800000157353	epochs	3.0
1102.4603186212526	0.014147599999887461	epochs	3.0
1102.4744662212524	0.028157700000065233	epochs	2.0
1102.4744662212524	0.014101700000082928	epochs	3.0
1102.4885679212525	0.014055999999982305	epochs	3.0
1102.5026239212525	0.02797629999986384	epochs	2.0
1102.5026239212525	0.014010599999892293	epochs	3.0
1102.5166345212524	0.013965699999971548	epochs	3.0
1102.5306002212524	0.027797200000122757	epochs	2.0
1102.5306002212524	0.013920800000050804	epochs	3.0
1102.5445210212524	0.013876400000071953	epochs	3.0
1102.5583974212525	0.027620399999932488	epochs	2.0
1102.5583974212525	0.013832200000024386	epochs	3.0
1102.5722296212525	0.013788199999908102	epochs	3.0
1102.5860178212524	0.027445899999975154	epochs	2.0
1102.5860178212524	0.01374460000010913	epochs	3.0
1102.5997624212525	0.013701299999866023	epochs	3.0
1102.6134637212524	0.0272735000000921	epochs	2.0
1102.6134637212524	0.013658200000008947	epochs	3.0
1102.6271219212524	0.013615300000083153	epochs	3.0
1102.6407372212525	0.027103399999987232	epochs	2.0
1102.6407372212525	0.013572800000019924	epochs	3.0
1102.6543100212525	0.013530599999967308	epochs	3.0
1102.6678406212525	0.02693520000002536	epochs	2.0
1102.6678406212525	0.01348839999991469	epochs	3.0
1102.6813290212524	0.01344680000011067	epochs	3.0
1102.6947758212525	0.026769199999989723	epochs	2.0
1102.6947758212525	0.013405199999851902	epochs	3.0
1102.7081810212524	0.013364000000137821	epochs	3.0
1102.7215450212525	0.026605199999949036	epochs	2.0
1102.7215450212525	0.013322900000048321	epochs	3.0
1102.7348679212525	0.013282299999900715	epochs	3.0
1102.7481502212524	0.0264431999999033	epochs	2.0
1102.7481502212524	0.013241699999980483	epochs	3.0
1102.7613919212524	0.013201499999922817	epochs	3.0
1102.7745934212523	0.026283200000079887	epochs	2.0
1102.7745934212523	0.013161500000023807	epochs	3.0
1102.7877549212524	0.01312170000005608	epochs	3.0
1102.8008766212524	0.02612500000009277	epochs	2.0
1102.8008766212524	0.013082100000019636	epochs	3.0
1102.8139587212524	0.013042900000073132	epochs	3.0
1102.8270016212525	0.025968899999952555	epochs	2.0
1102.8270016212525	0.013003899999830537	epochs	3.0
1102.8400055212524	0.012965000000122018	epochs	3.0
1102.8529705212525	0.025814500000024054	epochs	2.0
1102.8529705212525	0.012926399999969362	epochs	3.0
1102.8658969212524	0.012888100000054692	epochs	3.0
1102.8787850212525	0.025661899999931848	epochs	2.0
1102.8787850212525	0.012849899999991976	epochs	3.0
1102.8916349212525	0.012811999999939871	epochs	3.0
1102.9044469212524	0.025511199999982637	epochs	2.0
1102.9044469212524	0.012774399999898378	epochs	3.0
1102.9172213212523	0.012736800000084258	epochs	3.0
1102.9299581212524	0.025362300000097093	epochs	2.0
1102.9299581212524	0.01269969999998466	epochs	3.0
1102.9426578212524	0.012662600000112434	epochs	3.0
1102.9553204212525	0.025214999999889187	epochs	2.0
1102.9553204212525	0.012625800000023446	epochs	3.0
1102.9679462212525	0.012589199999865741	epochs	3.0
1102.9805354212524	0.024584799999956886	epochs	2.0
1103.0025482212525	0.5	epochs	-1.0
1103.0051202212524	0.5324800000000778	epochs	1.0
1103.5376002212524	0.4674399999998968	epochs	0.0
1104.3249998092651	0.0870399999998881	epochs	0.0
1104.3249998092651	0.038523899999972855	epochs	1.0
1104.363523709265	0.009992199999942386	epochs	1.0
1104.373515909265	0.038523899999972855	epochs	1.0
1104.412119809265	2.0	epochs	0.0
1106.412107809265	0.5	epochs	-1.0
1106.412119809265	21.511920000000146	epochs	0.0
1106.412119809265	1.0	epochs	1.0
1106.912107809265	19.997440000000097	epochs	-1.0
1107.412119809265	20.0	epochs	1.0
1107.412119809265	4.356753900000058	epochs	-1.0
1107.412119809265	1.9745872000000873	epochs	2.0
1107.412119809265	1.0985622000000603	epochs	3.0
1108.510682009265	0.8760250000000269	epochs	3.0
1109.3867070092651	1.3524075000000266	epochs	2.0
1109.3867070092651	0.7286355000001095	epochs	3.0
1110.1153425092652	0.6237719999999172	epochs	3.0
1110.7391145092652	1.029759199999944	epochs	2.0
1110.7391145092652	0.5453293000000485	epochs	3.0
1111.2844438092652	0.4844298999998955	epochs	3.0
1111.768873709265	0.8317862000001242	epochs	2.0
1111.768873709265	0.4357763000000432	epochs	3.0
1112.2046500092652	0.39600990000008096	epochs	3.0
1112.6006599092652	0.6977969999998095	epochs	2.0
1112.6006599092652	0.3628982000000178	epochs	3.0
1112.9635581092653	0.33489879999979166	epochs	3.0
1113.298456909265	0.601045699999986	epochs	2.0
1113.298456909265	0.3109123000001546	epochs	3.0
1113.6093692092652	0.29013339999983145	epochs	3.0
1113.899502609265	0.5278859000000011	epochs	2.0
1113.899502609265	0.2719586000000618	epochs	3.0
1114.171461209265	0.25592729999993935	epochs	3.0
1114.427388509265	0.4706193000001804	epochs	2.0
1114.427388509265	0.24168130000020938	epochs	3.0
1114.6690698092652	0.228937999999971	epochs	3.0
1114.8980078092652	0.42457039999999324	epochs	2.0
1114.8980078092652	0.21747140000002219	epochs	3.0
1115.1154792092652	0.20709899999997106	epochs	3.0
1115.3225782092652	0.3867353999999068	epochs	2.0
1115.3225782092652	0.19767109999997956	epochs	3.0
1115.5202493092652	0.18906429999992724	epochs	3.0
1115.709313609265	0.35509530000013	epochs	2.0
1115.709313609265	0.18117589999997108	epochs	3.0
1115.890489509265	0.17391940000015893	epochs	3.0
1116.0644089092652	0.3282431000000088	epochs	2.0
1116.0644089092652	0.16722189999995862	epochs	3.0
1116.2316308092652	0.16102120000005016	epochs	3.0
1116.3926520092652	0.3051679999998669	epochs	2.0
1116.3926520092652	0.15526389999990897	epochs	3.0
1116.5479159092652	0.1499040999999579	epochs	3.0
1116.6978200092651	0.28512530000011793	epochs	2.0
1116.6978200092651	0.1449021000000812	epochs	3.0
1116.8427221092652	0.14022320000003674	epochs	3.0
1116.9829453092652	0.2675537999998596	epochs	2.0
1116.9829453092652	0.1358368999999584	epochs	3.0
1117.1187822092652	0.13171689999990122	epochs	3.0
1117.250499109265	0.25202290000015637	epochs	2.0
1117.250499109265	0.1278393000000051	epochs	3.0
1117.378338409265	0.12418360000015127	epochs	3.0
1117.5025220092652	0.23819649999995818	epochs	2.0
1117.5025220092652	0.1207310999998299	epochs	3.0
1117.623253109265	0.11746540000012828	epochs	3.0
1117.7407185092652	0.22580879999986792	epochs	2.0
1117.7407185092652	0.1143718999999237	epochs	3.0
1117.8550904092651	0.11143689999994422	epochs	3.0
1117.966527309265	0.2146460000001298	epochs	2.0
1117.966527309265	0.10864890000016203	epochs	3.0
1118.0751762092652	0.10599709999996776	epochs	3.0
1118.1811733092652	0.2045349999998507	epochs	2.0
1118.1811733092652	0.1034714999998414	epochs	3.0
1118.284644809265	0.1010635000000093	epochs	3.0
1118.385708309265	0.19533400000000256	epochs	2.0
1118.385708309265	0.09876510000003691	epochs	3.0
1118.484473409265	0.09656889999996565	epochs	3.0
1118.581042309265	0.18692529999998442	epochs	2.0
1118.581042309265	0.09446830000001682	epochs	3.0
1118.675510609265	0.09245699999996759	epochs	3.0
1118.767967609265	0.1792107000001124	epochs	2.0
1118.767967609265	0.0905296000000817	epochs	3.0
1118.8584972092651	0.08868110000003071	epochs	3.0
1118.9471783092652	0.17210769999996955	epochs	2.0
1118.9471783092652	0.08690630000000965	epochs	3.0
1119.0340846092652	0.0852013999999599	epochs	3.0
1119.1192860092651	0.16554640000003928	epochs	2.0
1119.1192860092651	0.08356189999994967	epochs	3.0
1119.202847909265	0.08198450000008961	epochs	3.0
1119.2848324092652	0.15946710000002895	epochs	2.0
1119.2848324092652	0.08046539999986635	epochs	3.0
1119.365297809265	0.0790017000001626	epochs	3.0
1119.4442995092652	0.1538183999998637	epochs	2.0
1119.4442995092652	0.07759009999995214	epochs	3.0
1119.5218896092651	0.07622829999991154	epochs	3.0
1119.598117909265	0.14855640000018866	epochs	2.0
1119.598117909265	0.07491330000016205	epochs	3.0
1119.6730312092652	0.0736431000000266	epochs	3.0
1119.7466743092652	0.1436423999998624	epochs	2.0
1119.7466743092652	0.07241499999986445	epochs	3.0
1119.819089309265	0.07122739999999794	epochs	3.0
1119.890316709265	0.13904309999998077	epochs	2.0
1119.890316709265	0.07007799999996678	epochs	3.0
1119.960394709265	0.06896510000001399	epochs	3.0
1120.029359809265	0.1347293000001173	epochs	2.0
1120.029359809265	0.0678871000000072	epochs	3.0
1120.097246909265	0.0668422000001101	epochs	3.0
1120.1640891092652	0.1306752000000415	epochs	2.0
1120.1640891092652	0.06582909999997355	epochs	3.0
1120.2299182092652	0.06484610000006796	epochs	3.0
1120.2947643092652	0.1268577999999252	epochs	2.0
1120.2947643092652	0.06389199999989614	epochs	3.0
1120.3586563092651	0.06296580000002905	epochs	3.0
1120.4216221092652	0.12325719999989815	epochs	2.0
1120.4216221092652	0.06206580000002759	epochs	3.0
1120.4836879092652	0.061191399999870555	epochs	3.0
1120.544879309265	0.11985540000000583	epochs	2.0
1120.544879309265	0.060341099999959624	epochs	3.0
1120.605220409265	0.059514300000046205	epochs	3.0
1120.664734709265	0.11663620000012997	epochs	2.0
1120.664734709265	0.05870960000015657	epochs	3.0
1120.7234443092652	0.057926599999973405	epochs	3.0
1120.7813709092652	0.11358559999985118	epochs	2.0
1120.7813709092652	0.05716419999998834	epochs	3.0
1120.8385351092652	0.05642139999986284	epochs	3.0
1120.894956509265	0.11069050000014613	epochs	2.0
1120.894956509265	0.055697900000041045	epochs	3.0
1120.950654409265	0.054992600000105085	epochs	3.0
1121.0056470092652	0.10793909999983953	epochs	2.0
1121.0056470092652	0.05430490000003374	epochs	3.0
1121.0599519092652	0.05363419999980579	epochs	3.0
1121.113586109265	0.10532150000017282	epochs	2.0
1121.113586109265	0.052980000000161453	epochs	3.0
1121.1665661092652	0.052341500000011365	epochs	3.0
1121.2189076092652	0.10282759999995505	epochs	2.0
1121.2189076092652	0.05171810000001642	epochs	3.0
1121.2706257092652	0.051109499999938635	epochs	3.0
1121.3217352092652	0.10044909999987794	epochs	2.0
1121.3217352092652	0.050514900000052876	epochs	3.0
1121.3722501092652	0.04993419999982507	epochs	3.0
1121.422184309265	0.09817830000019967	epochs	2.0
1121.422184309265	0.04936659999998483	epochs	3.0
1121.471550909265	0.04881170000021484	epochs	3.0
1121.5203626092652	0.09600779999982478	epochs	2.0
1121.5203626092652	0.048269199999822376	epochs	3.0
1121.568631809265	0.04773860000000241	epochs	3.0
1121.616370409265	0.09393120000004274	epochs	2.0
1121.616370409265	0.04721949999998287	epochs	3.0
1121.663589909265	0.046711700000059864	epochs	3.0
1121.7103016092651	0.09194260000003851	epochs	2.0
1121.7103016092651	0.046214599999984785	epochs	3.0
1121.756516209265	0.045728000000053726	epochs	3.0
1121.8022442092652	0.09003630000006524	epochs	2.0
1121.8022442092652	0.045251499999949374	epochs	3.0
1121.847495709265	0.044784800000115865	epochs	3.0
1121.8922805092652	0.0882075999998051	epochs	2.0
1121.8922805092652	0.044327800000019124	epochs	3.0
1121.9366083092652	0.04387979999978597	epochs	3.0
1121.980488109265	0.0864516999999978	epochs	2.0
1121.980488109265	0.04344100000002982	epochs	3.0
1122.023929109265	0.04301069999996798	epochs	3.0
1122.066939809265	0.08476430000018809	epochs	2.0
1122.066939809265	0.04258900000013455	epochs	3.0
1122.1095288092652	0.04217530000005354	epochs	3.0
1122.1517041092652	0.08314150000001064	epochs	2.0
1122.1517041092652	0.04176970000003166	epochs	3.0
1122.1934738092652	0.041371799999978975	epochs	3.0
1122.2348456092652	0.08157970000002024	epochs	2.0
1122.2348456092652	0.040981399999964196	epochs	3.0
1122.2758270092652	0.04059830000005604	epochs	3.0
1122.3164253092652	0.08007549999979346	epochs	2.0
1122.3164253092652	0.04022229999986848	epochs	3.0
1122.356647609265	0.03985319999992498	epochs	3.0
1122.396500809265	0.07862570000020241	epochs	2.0
1122.396500809265	0.039490800000066884	epochs	3.0
1122.435991609265	0.03913490000013553	epochs	3.0
1122.4751265092652	0.07722759999978734	epochs	2.0
1122.4751265092652	0.03878539999982422	epochs	3.0
1122.513911909265	0.03844219999996312	epochs	3.0
1122.552354109265	0.07587820000003376	epochs	2.0
1122.552354109265	0.03810480000015559	epochs	3.0
1122.5904589092652	0.037773399999878166	epochs	3.0
1122.628232309265	0.0745752000000266	epochs	2.0
1122.628232309265	0.03744770000002973	epochs	3.0
1122.665680009265	0.03712749999999687	epochs	3.0
1122.702807509265	0.07331629999998768	epochs	2.0
1122.702807509265	0.0368129000000863	epochs	3.0
1122.7396204092652	0.036503399999901376	epochs	3.0
1122.776123809265	0.07209899999998015	epochs	2.0
1122.776123809265	0.03619909999997617	epochs	3.0
1122.812322909265	0.03589990000000398	epochs	3.0
1122.848222809265	0.07092170000009901	epochs	2.0
1122.848222809265	0.03560560000005353	epochs	3.0
1122.883828409265	0.03531610000004548	epochs	3.0
1122.9191445092652	0.06978200000003199	epochs	2.0
1122.9191445092652	0.03503120000004856	epochs	3.0
1122.9541757092652	0.03475079999998343	epochs	3.0
1122.9889265092652	0.06867859999988468	epochs	2.0
1122.9889265092652	0.03447510000000875	epochs	3.0
1123.0234016092652	0.03420349999987593	epochs	3.0
1123.057605109265	0.06760929999995824	epochs	2.0
1123.057605109265	0.033936199999970995	epochs	3.0
1123.091541309265	0.033673099999987244	epochs	3.0
1123.125214409265	0.06657290000021021	epochs	2.0
1123.125214409265	0.03341400000022077	epochs	3.0
1123.1586284092652	0.033158899999989444	epochs	3.0
1123.1917873092652	0.06556779999982609	epochs	2.0
1123.1917873092652	0.03290769999989607	epochs	3.0
1123.2246950092651	0.032660099999930026	epochs	3.0
1123.257355109265	0.06459259999996902	epochs	2.0
1123.257355109265	0.03241640000010193	epochs	3.0
1123.2897715092652	0.032176199999867094	epochs	3.0
1123.321947709265	0.06364600000006249	epochs	2.0
1123.321947709265	0.03193960000021434	epochs	3.0
1123.3538873092652	0.031706399999848145	epochs	3.0
1123.385593709265	0.0627266999999847	epochs	2.0
1123.385593709265	0.03147660000013275	epochs	3.0
1123.4170703092652	0.031250099999851955	epochs	3.0
1123.448320409265	0.06183359999999993	epochs	2.0
1123.448320409265	0.031026900000142632	epochs	3.0
1123.4793473092652	0.0308066999998573	epochs	3.0
1123.510154009265	0.06096560000014506	epochs	2.0
1123.510154009265	0.03058980000014344	epochs	3.0
1123.5407438092652	0.030375800000001618	epochs	3.0
1123.5711196092652	0.06012160000000222	epochs	2.0
1123.5711196092652	0.030164899999817862	epochs	3.0
1123.601284509265	0.029956700000184355	epochs	3.0
1123.6312412092652	0.05930069999999432	epochs	2.0
1123.6312412092652	0.029751599999826794	epochs	3.0
1123.660992809265	0.029549100000167527	epochs	3.0
1123.6905419092652	0.05850179999993088	epochs	2.0
1123.6905419092652	0.02934940000000097	epochs	3.0
1123.7198913092652	0.029152399999929912	epochs	3.0
1123.7490437092652	0.05772419999993872	epochs	2.0
1123.7490437092652	0.028957999999875028	epochs	3.0
1123.778001709265	0.02876620000006369	epochs	3.0
1123.806767909265	0.05696710000006533	epochs	2.0
1123.806767909265	0.028577000000041153	epochs	3.0
1123.8353449092651	0.028390100000024177	epochs	3.0
1123.8637350092652	0.05622949999997218	epochs	2.0
1123.8637350092652	0.028205699999944045	epochs	3.0
1123.891940709265	0.028023800000028132	epochs	3.0
1123.9199645092651	0.05551070000001346	epochs	2.0
1123.9199645092651	0.027843999999959124	epochs	3.0
1123.947808509265	0.027666700000054334	epochs	3.0
1123.9754752092651	0.054810200000019904	epochs	2.0
1123.9754752092651	0.02749149999999645	epochs	3.0
1124.0029667092651	0.027318700000023455	epochs	3.0
1124.0302854092652	0.054126999999880354	epochs	2.0
1124.0302854092652	0.027147799999966082	epochs	3.0
1124.0574332092651	0.026979199999914272	epochs	3.0
1124.084412409265	0.05346070000018699	epochs	2.0
1124.084412409265	0.026812600000084785	epochs	3.0
1124.1112250092651	0.026648100000102204	epochs	3.0
1124.1378731092652	0.05281070000000909	epochs	2.0
1124.1378731092652	0.0264855999998872	epochs	3.0
1124.1643587092651	0.026325100000121893	epochs	3.0
1124.1906838092652	0.052176199999848905	epochs	2.0
1124.1906838092652	0.026166399999965506	epochs	3.0
1124.2168502092652	0.0260097999998834	epochs	3.0
1124.242860009265	0.051556699999991906	epochs	2.0
1124.242860009265	0.02585480000016105	epochs	3.0
1124.2687148092652	0.025701899999830857	epochs	3.0
1124.294416709265	0.05095189999997274	epochs	2.0
1124.294416709265	0.025550700000167126	epochs	3.0
1124.3199674092652	0.025401199999805613	epochs	3.0
1124.345368609265	0.05036100000006627	epochs	2.0
1124.345368609265	0.025253500000189888	epochs	3.0
1124.3706221092652	0.02510749999987638	epochs	3.0
1124.3957296092651	0.04978380000011384	epochs	2.0
1124.3957296092651	0.02496320000000196	epochs	3.0
1124.4206928092651	0.02482060000011188	epochs	3.0
1124.4455134092652	0.04921949999993558	epochs	2.0
1124.4455134092652	0.024679399999968155	epochs	3.0
1124.4701928092652	0.024540099999967424	epochs	3.0
1124.4947329092652	0.04866790000005494	epochs	2.0
1124.4947329092652	0.024402099999861093	epochs	3.0
1124.519135009265	0.02426580000019385	epochs	3.0
1124.5434008092652	0.048128599999927246	epochs	2.0
1124.5434008092652	0.02413099999989754	epochs	3.0
1124.5675318092651	0.023997600000029706	epochs	3.0
1124.5915294092651	0.047601100000065344	epochs	2.0
1124.5915294092651	0.023865800000066884	epochs	3.0
1124.6153952092652	0.02373529999999846	epochs	3.0
1124.6391305092652	0.04708499999992455	epochs	2.0
1124.6391305092652	0.023606299999983094	epochs	3.0
1124.6627368092652	0.023478699999941455	epochs	3.0
1124.6862155092651	0.046579999999948996	epochs	2.0
1124.6862155092651	0.023352500000100918	epochs	3.0
1124.7095680092652	0.023227499999848078	epochs	3.0
1124.732795509265	0.046085700000048746	epochs	2.0
1124.732795509265	0.023104000000103042	epochs	3.0
1124.7558995092652	0.022981699999945704	epochs	3.0
1124.7788812092651	0.045601799999985815	epochs	2.0
1124.7788812092651	0.02286069999991014	epochs	3.0
1124.801741909265	0.022741100000075676	epochs	3.0
1124.8244830092651	0.04512790000012501	epochs	2.0
1124.8244830092651	0.022622500000125	epochs	3.0
1124.8471055092652	0.02250540000000001	epochs	3.0
1124.8696109092652	0.04466379999985293	epochs	2.0
1124.8696109092652	0.02238929999998618	epochs	3.0
1124.8920002092652	0.022274499999866748	epochs	3.0
1124.914274709265	0.04420920000006845	epochs	2.0
1124.914274709265	0.022160799999937808	epochs	3.0
1124.936435509265	0.02204840000013064	epochs	3.0
1124.9584839092652	0.04376359999992019	epochs	2.0
1124.9584839092652	0.02193689999990056	epochs	3.0
1124.980420809265	0.021826700000019628	epochs	3.0
1125.002247509265	0.04332709999994222	epochs	2.0
1125.002247509265	0.02171760000010181	epochs	3.0
1125.0239651092652	0.02160949999984041	epochs	3.0
1125.045574609265	0.04289900000003399	epochs	2.0
1125.045574609265	0.02150249999999687	epochs	3.0
1125.067077109265	0.021396500000037122	epochs	3.0
1125.088473609265	0.04247950000012679	epochs	2.0
1125.088473609265	0.021291700000119818	epochs	3.0
1125.1097653092652	0.021187800000006973	epochs	3.0
1125.1309531092652	0.04206789999989269	epochs	2.0
1125.1309531092652	0.02108490000000529	epochs	3.0
1125.1520380092652	0.020982999999887397	epochs	3.0
1125.173021009265	0.04166439999994509	epochs	2.0
1125.173021009265	0.020882199999959994	epochs	3.0
1125.193903209265	0.020782199999985096	epochs	3.0
1125.214685409265	0.04126850000011473	epochs	2.0
1125.214685409265	0.02068330000020069	epochs	3.0
1125.2353687092652	0.02058519999991404	epochs	3.0
1125.2559539092651	0.04088000000001557	epochs	2.0
1125.2559539092651	0.020488099999965925	epochs	3.0
1125.276442009265	0.020391900000049645	epochs	3.0
1125.2968339092652	0.04049880000002304	epochs	2.0
1125.2968339092652	0.020296599999937825	epochs	3.0
1125.317130509265	0.020202200000085213	epochs	3.0
1125.3373327092652	0.040124599999899146	epochs	2.0
1125.3373327092652	0.02010870000003706	epochs	3.0
1125.3574414092652	0.020015899999862086	epochs	3.0
1125.377457309265	0.03975730000001931	epochs	2.0
1125.377457309265	0.019924200000104975	epochs	3.0
1125.3973815092652	0.01983309999991434	epochs	3.0
1125.417214609265	0.03939669999999751	epochs	2.0
1125.417214609265	0.01974300000006224	epochs	3.0
1125.4369576092652	0.01965369999993527	epochs	3.0
1125.456611309265	0.03904239999997117	epochs	2.0
1125.456611309265	0.019565100000136226	epochs	3.0
1125.4761764092652	0.01947729999983494	epochs	3.0
1125.495653709265	0.038694600000098944	epochs	2.0
1125.495653709265	0.019390400000020236	epochs	3.0
1125.515044109265	0.01930420000007871	epochs	3.0
1125.5343483092652	0.03835290000006353	epochs	2.0
1125.5343483092652	0.019218799999862313	epochs	3.0
1125.553567109265	0.019134100000201215	epochs	3.0
1125.5727012092652	0.03801720000001296	epochs	2.0
1125.5727012092652	0.019050199999810502	epochs	3.0
1125.591751409265	0.01896700000020246	epochs	3.0
1125.6107184092652	0.03768719999993664	epochs	2.0
1125.6107184092652	0.018884499999785476	epochs	3.0
1125.629602909265	0.018802700000151162	epochs	3.0
1125.6484056092652	0.03736309999999321	epochs	2.0
1125.6484056092652	0.018721700000014607	epochs	3.0
1125.6671273092652	0.018641399999978603	epochs	3.0
1125.6857687092652	0.03704429999993408	epochs	2.0
1125.6857687092652	0.018561599999884493	epochs	3.0
1125.704330309265	0.01848270000004959	epochs	3.0
1125.722813009265	0.03673099999991791	epochs	2.0
1125.722813009265	0.018404299999929208	epochs	3.0
1125.741217309265	0.018326699999988705	epochs	3.0
1125.759544009265	0.03642290000016146	epochs	2.0
1125.759544009265	0.01824960000021747	epochs	3.0
1125.7777936092652	0.018173299999943993	epochs	3.0
1125.7959669092652	0.03612010000006194	epochs	2.0
1125.7959669092652	0.01809759999991911	epochs	3.0
1125.814064509265	0.018022500000142827	epochs	3.0
1125.8320870092653	0.03582209999990482	epochs	2.0
1125.8320870092653	0.01794789999985369	epochs	3.0
1125.850034909265	0.017874200000051133	epochs	3.0
1125.8679091092652	0.03552899999999681	epochs	2.0
1125.8679091092652	0.017800800000031813	epochs	3.0
1125.8857099092652	0.017728199999965	epochs	3.0
1125.9034381092652	0.03524070000003121	epochs	2.0
1125.9034381092652	0.017656100000067454	epochs	3.0
1125.9210942092652	0.017584599999963757	epochs	3.0
1125.9386788092652	0.03495709999992869	epochs	2.0
1125.9386788092652	0.017513699999881283	epochs	3.0
1125.956192509265	0.017443400000047404	epochs	3.0
1125.973635909265	0.03467790000013338	epochs	2.0
1125.973635909265	0.017373599999928047	epochs	3.0
1125.991009509265	0.01730430000020533	epochs	3.0
1126.0083138092652	0.03440329999989444	epochs	2.0
1126.0083138092652	0.017235699999901044	epochs	3.0
1126.0255495092651	0.0171675999999934	epochs	3.0
1126.0427171092651	0.03413279999995211	epochs	2.0
1126.0427171092651	0.01709989999994832	epochs	3.0
1126.059817009265	0.017032900000003792	epochs	3.0
1126.076849909265	0.03386670000008962	epochs	2.0
1126.076849909265	0.01696640000000116	epochs	3.0
1126.093816309265	0.016900300000088464	epochs	3.0
1126.1107166092652	0.03360459999998966	epochs	2.0
1126.1107166092652	0.01683479999996962	epochs	3.0
1126.1275514092652	0.01676980000002004	epochs	3.0
1126.1443212092652	0.033346599999958926	epochs	2.0
1126.1443212092652	0.016705300000012357	epochs	3.0
1126.1610265092652	0.01664129999994657	epochs	3.0
1126.1776678092651	0.03309250000006614	epochs	2.0
1126.1776678092651	0.016577800000050047	epochs	3.0
1126.1942456092652	0.01651470000001609	epochs	3.0
1126.2107603092652	0.03284229999985655	epochs	2.0
1126.2107603092652	0.01645220000000336	epochs	3.0
1126.2272125092652	0.01639009999985319	epochs	3.0
1126.243602609265	0.03259570000000167	epochs	2.0
1126.243602609265	0.016328400000020338	epochs	3.0
1126.259931009265	0.016267299999981333	epochs	3.0
1126.276198309265	0.032352899999978035	epochs	2.0
1126.276198309265	0.016206600000032267	epochs	3.0
1126.292404909265	0.016146299999945768	epochs	3.0
1126.308551209265	0.032113700000081735	epochs	2.0
1126.308551209265	0.016086600000107865	epochs	3.0
1126.3246378092651	0.01602709999997387	epochs	3.0
1126.3406649092651	0.03187800000000607	epochs	2.0
1126.3406649092651	0.015968200000088473	epochs	3.0
1126.3566331092652	0.015909799999917595	epochs	3.0
1126.3725429092651	0.03164570000012645	epochs	2.0
1126.3725429092651	0.015851599999905375	epochs	3.0
1126.388394509265	0.01579410000022108	epochs	3.0
1126.4041886092652	0.031416699999908815	epochs	2.0
1126.4041886092652	0.01573669999993399	epochs	3.0
1126.4199253092652	0.015679999999974825	epochs	3.0
1126.4356053092652	0.03119109999988723	epochs	2.0
1126.4356053092652	0.015623600000026272	epochs	3.0
1126.4512289092652	0.015567499999860956	epochs	3.0
1126.466796409265	0.03096870000013041	epochs	2.0
1126.466796409265	0.01551200000017161	epochs	3.0
1126.4823084092652	0.0154566999999588	epochs	3.0
1126.4977651092652	0.030749499999956242	epochs	2.0
1126.4977651092652	0.015401999999994587	epochs	3.0
1126.5131671092652	0.015347499999961656	epochs	3.0
1126.5285146092651	0.03053320000003623	epochs	2.0
1126.5285146092651	0.015293400000018664	epochs	3.0
1126.5438080092651	0.015239800000017567	epochs	3.0
1126.5590478092652	0.030320099999926242	epochs	2.0
1126.5590478092652	0.015186500000027081	epochs	3.0
1126.5742343092652	0.015133599999899161	epochs	3.0
1126.589367909265	0.03010990000007041	epochs	2.0
1126.589367909265	0.015081000000009226	epochs	3.0
1126.604448909265	0.015028900000061185	epochs	3.0
1126.6194778092652	0.029902499999934662	epochs	2.0
1126.6194778092652	0.014977000000044427	epochs	3.0
1126.6344548092652	0.014925499999890235	epochs	3.0
1126.649380309265	0.0296981000001324	epochs	2.0
1126.649380309265	0.014874400000053356	epochs	3.0
1126.6642547092652	0.014823700000079043	epochs	3.0
1126.6790784092652	0.029496299999891562	epochs	2.0
1126.6790784092652	0.01477319999980864	epochs	3.0
1126.693851609265	0.014723100000082923	epochs	3.0
1126.7085747092651	0.029297399999904883	epochs	2.0
1126.7085747092651	0.014673399999992398	epochs	3.0
1126.7232481092651	0.014623999999912485	epochs	3.0
1126.737872109265	0.02910110000016175	epochs	2.0
1126.737872109265	0.014574900000070556	epochs	3.0
1126.752447009265	0.014526200000091194	epochs	3.0
1126.7669732092652	0.028907399999980044	epochs	2.0
1126.7669732092652	0.014477700000043114	epochs	3.0
1126.7814509092652	0.014429699999936929	epochs	3.0
1126.7958806092652	0.028716199999962555	epochs	2.0
1126.7958806092652	0.014381799999910072	epochs	3.0
1126.810262409265	0.014334400000052483	epochs	3.0
1126.8245968092651	0.02852759999996124	epochs	2.0
1126.8245968092651	0.014287199999898803	epochs	3.0
1126.838884009265	0.014240400000062436	epochs	3.0
1126.853124409265	0.028341400000044814	epochs	2.0
1126.853124409265	0.014193800000157353	epochs	3.0
1126.8673182092652	0.014147599999887461	epochs	3.0
1126.8814658092651	0.028157700000065233	epochs	2.0
1126.8814658092651	0.014101700000082928	epochs	3.0
1126.8955675092652	0.014055999999982305	epochs	3.0
1126.9096235092652	0.02797629999986384	epochs	2.0
1126.9096235092652	0.014010599999892293	epochs	3.0
1126.923634109265	0.013965699999971548	epochs	3.0
1126.937599809265	0.027797200000122757	epochs	2.0
1126.937599809265	0.013920800000050804	epochs	3.0
1126.9515206092651	0.013876400000071953	epochs	3.0
1126.9653970092652	0.027620399999932488	epochs	2.0
1126.9653970092652	0.013832200000024386	epochs	3.0
1126.9792292092652	0.013788199999908102	epochs	3.0
1126.9930174092651	0.027445899999975154	epochs	2.0
1126.9930174092651	0.01374460000010913	epochs	3.0
1127.0067620092652	0.013701299999866023	epochs	3.0
1127.020463309265	0.0272735000000921	epochs	2.0
1127.020463309265	0.013658200000008947	epochs	3.0
1127.034121509265	0.013615300000083153	epochs	3.0
1127.0477368092652	0.027103399999987232	epochs	2.0
1127.0477368092652	0.013572800000019924	epochs	3.0
1127.0613096092652	0.013530599999967308	epochs	3.0
1127.0748402092652	0.02693520000002536	epochs	2.0
1127.0748402092652	0.01348839999991469	epochs	3.0
1127.088328609265	0.01344680000011067	epochs	3.0
1127.1017754092652	0.026769199999989723	epochs	2.0
1127.1017754092652	0.013405199999851902	epochs	3.0
1127.115180609265	0.013364000000137821	epochs	3.0
1127.1285446092652	0.026605199999949036	epochs	2.0
1127.1285446092652	0.013322900000048321	epochs	3.0
1127.1418675092652	0.013282299999900715	epochs	3.0
1127.1551498092651	0.0264431999999033	epochs	2.0
1127.1551498092651	0.013241699999980483	epochs	3.0
1127.1683915092651	0.013201499999922817	epochs	3.0
1127.181593009265	0.026283200000079887	epochs	2.0
1127.181593009265	0.013161500000023807	epochs	3.0
1127.194754509265	0.01312170000005608	epochs	3.0
1127.2078762092651	0.02612500000009277	epochs	2.0
1127.2078762092651	0.013082100000019636	epochs	3.0
1127.2209583092651	0.013042900000073132	epochs	3.0
1127.2340012092652	0.025968899999952555	epochs	2.0
1127.2340012092652	0.013003899999830537	epochs	3.0
1127.247005109265	0.012965000000122018	epochs	3.0
1127.2599701092652	0.025814500000024054	epochs	2.0
1127.2599701092652	0.012926399999969362	epochs	3.0
1127.2728965092651	0.012888100000054692	epochs	3.0
1127.2857846092652	0.025661899999931848	epochs	2.0
1127.2857846092652	0.012849899999991976	epochs	3.0
1127.2986345092652	0.012811999999939871	epochs	3.0
1127.3114465092651	0.025511199999982637	epochs	2.0
1127.3114465092651	0.012774399999898378	epochs	3.0
1127.324220909265	0.012736800000084258	epochs	3.0
1127.336957709265	0.025362300000097093	epochs	2.0
1127.336957709265	0.01269969999998466	epochs	3.0
1127.349657409265	0.012662600000112434	epochs	3.0
1127.3623200092652	0.025214999999889187	epochs	2.0
1127.3623200092652	0.012625800000023446	epochs	3.0
1127.3749458092652	0.012589199999865741	epochs	3.0
1127.387535009265	0.024584799999956886	epochs	2.0
1127.4095478092652	0.5	epochs	-1.0
1127.412119809265	0.5119200000001456	epochs	1.0
1127.9240398092652	0.487999999999829	epochs	0.0
1128.4299998283386	0.0870399999998881	epochs	0.0
1128.4299998283386	0.038523899999972855	epochs	1.0
1128.4685237283386	0.009992199999942386	epochs	1.0
1128.4785159283385	0.038523899999972855	epochs	1.0
1128.5171198283385	2.0	epochs	0.0
1130.5171078283386	0.5	epochs	-1.0
1130.5171198283385	21.51256000000012	epochs	0.0
1130.5171198283385	1.0	epochs	1.0
1131.0171078283386	19.997440000000097	epochs	-1.0
1131.5171198283385	20.0	epochs	1.0
1131.5171198283385	4.356753900000058	epochs	-1.0
1131.5171198283385	1.9745872000000873	epochs	2.0
1131.5171198283385	1.0985622000000603	epochs	3.0
1132.6156820283386	0.8760250000000269	epochs	3.0
1133.4917070283386	1.3524075000000266	epochs	2.0
1133.4917070283386	0.7286355000001095	epochs	3.0
1134.2203425283387	0.6237719999999172	epochs	3.0
1134.8441145283387	1.029759199999944	epochs	2.0
1134.8441145283387	0.5453293000000485	epochs	3.0
1135.3894438283387	0.4844298999998955	epochs	3.0
1135.8738737283386	0.8317862000001242	epochs	2.0
1135.8738737283386	0.4357763000000432	epochs	3.0
1136.3096500283386	0.39600990000008096	epochs	3.0
1136.7056599283387	0.6977969999998095	epochs	2.0
1136.7056599283387	0.3628982000000178	epochs	3.0
1137.0685581283387	0.33489879999979166	epochs	3.0
1137.4034569283385	0.601045699999986	epochs	2.0
1137.4034569283385	0.3109123000001546	epochs	3.0
1137.7143692283387	0.29013339999983145	epochs	3.0
1138.0045026283385	0.5278859000000011	epochs	2.0
1138.0045026283385	0.2719586000000618	epochs	3.0
1138.2764612283386	0.25592729999993935	epochs	3.0
1138.5323885283385	0.4706193000001804	epochs	2.0
1138.5323885283385	0.24168130000020938	epochs	3.0
1138.7740698283387	0.228937999999971	epochs	3.0
1139.0030078283387	0.42457039999999324	epochs	2.0
1139.0030078283387	0.21747140000002219	epochs	3.0
1139.2204792283387	0.20709899999997106	epochs	3.0
1139.4275782283387	0.3867353999999068	epochs	2.0
1139.4275782283387	0.19767109999997956	epochs	3.0
1139.6252493283387	0.18906429999992724	epochs	3.0
1139.8143136283386	0.35509530000013	epochs	2.0
1139.8143136283386	0.18117589999997108	epochs	3.0
1139.9954895283386	0.17391940000015893	epochs	3.0
1140.1694089283387	0.3282431000000088	epochs	2.0
1140.1694089283387	0.16722189999995862	epochs	3.0
1140.3366308283387	0.16102120000005016	epochs	3.0
1140.4976520283387	0.3051679999998669	epochs	2.0
1140.4976520283387	0.15526389999990897	epochs	3.0
1140.6529159283386	0.1499040999999579	epochs	3.0
1140.8028200283386	0.28512530000011793	epochs	2.0
1140.8028200283386	0.1449021000000812	epochs	3.0
1140.9477221283387	0.14022320000003674	epochs	3.0
1141.0879453283387	0.2675537999998596	epochs	2.0
1141.0879453283387	0.1358368999999584	epochs	3.0
1141.2237822283387	0.13171689999990122	epochs	3.0
1141.3554991283386	0.25202290000015637	epochs	2.0
1141.3554991283386	0.1278393000000051	epochs	3.0
1141.4833384283386	0.12418360000015127	epochs	3.0
1141.6075220283387	0.23819649999995818	epochs	2.0
1141.6075220283387	0.1207310999998299	epochs	3.0
1141.7282531283386	0.11746540000012828	epochs	3.0
1141.8457185283387	0.22580879999986792	epochs	2.0
1141.8457185283387	0.1143718999999237	epochs	3.0
1141.9600904283386	0.11143689999994422	epochs	3.0
1142.0715273283386	0.2146460000001298	epochs	2.0
1142.0715273283386	0.10864890000016203	epochs	3.0
1142.1801762283387	0.10599709999996776	epochs	3.0
1142.2861733283387	0.2045349999998507	epochs	2.0
1142.2861733283387	0.1034714999998414	epochs	3.0
1142.3896448283385	0.1010635000000093	epochs	3.0
1142.4907083283385	0.19533400000000256	epochs	2.0
1142.4907083283385	0.09876510000003691	epochs	3.0
1142.5894734283386	0.09656889999996565	epochs	3.0
1142.6860423283385	0.18692529999998442	epochs	2.0
1142.6860423283385	0.09446830000001682	epochs	3.0
1142.7805106283386	0.09245699999996759	epochs	3.0
1142.8729676283385	0.1792107000001124	epochs	2.0
1142.8729676283385	0.0905296000000817	epochs	3.0
1142.9634972283386	0.08868110000003071	epochs	3.0
1143.0521783283386	0.17210769999996955	epochs	2.0
1143.0521783283386	0.08690630000000965	epochs	3.0
1143.1390846283387	0.0852013999999599	epochs	3.0
1143.2242860283386	0.16554640000003928	epochs	2.0
1143.2242860283386	0.08356189999994967	epochs	3.0
1143.3078479283386	0.08198450000008961	epochs	3.0
1143.3898324283387	0.15946710000002895	epochs	2.0
1143.3898324283387	0.08046539999986635	epochs	3.0
1143.4702978283385	0.0790017000001626	epochs	3.0
1143.5492995283387	0.1538183999998637	epochs	2.0
1143.5492995283387	0.07759009999995214	epochs	3.0
1143.6268896283386	0.07622829999991154	epochs	3.0
1143.7031179283385	0.14855640000018866	epochs	2.0
1143.7031179283385	0.07491330000016205	epochs	3.0
1143.7780312283387	0.0736431000000266	epochs	3.0
1143.8516743283387	0.1436423999998624	epochs	2.0
1143.8516743283387	0.07241499999986445	epochs	3.0
1143.9240893283386	0.07122739999999794	epochs	3.0
1143.9953167283386	0.13904309999998077	epochs	2.0
1143.9953167283386	0.07007799999996678	epochs	3.0
1144.0653947283386	0.06896510000001399	epochs	3.0
1144.1343598283386	0.1347293000001173	epochs	2.0
1144.1343598283386	0.0678871000000072	epochs	3.0
1144.2022469283386	0.0668422000001101	epochs	3.0
1144.2690891283387	0.1306752000000415	epochs	2.0
1144.2690891283387	0.06582909999997355	epochs	3.0
1144.3349182283387	0.06484610000006796	epochs	3.0
1144.3997643283387	0.1268577999999252	epochs	2.0
1144.3997643283387	0.06389199999989614	epochs	3.0
1144.4636563283386	0.06296580000002905	epochs	3.0
1144.5266221283387	0.12325719999989815	epochs	2.0
1144.5266221283387	0.06206580000002759	epochs	3.0
1144.5886879283387	0.061191399999870555	epochs	3.0
1144.6498793283386	0.11985540000000583	epochs	2.0
1144.6498793283386	0.060341099999959624	epochs	3.0
1144.7102204283385	0.059514300000046205	epochs	3.0
1144.7697347283386	0.11663620000012997	epochs	2.0
1144.7697347283386	0.05870960000015657	epochs	3.0
1144.8284443283387	0.057926599999973405	epochs	3.0
1144.8863709283387	0.11358559999985118	epochs	2.0
1144.8863709283387	0.05716419999998834	epochs	3.0
1144.9435351283387	0.05642139999986284	epochs	3.0
1144.9999565283385	0.11069050000014613	epochs	2.0
1144.9999565283385	0.055697900000041045	epochs	3.0
1145.0556544283386	0.054992600000105085	epochs	3.0
1145.1106470283387	0.10793909999983953	epochs	2.0
1145.1106470283387	0.05430490000003374	epochs	3.0
1145.1649519283387	0.05363419999980579	epochs	3.0
1145.2185861283385	0.10532150000017282	epochs	2.0
1145.2185861283385	0.052980000000161453	epochs	3.0
1145.2715661283387	0.052341500000011365	epochs	3.0
1145.3239076283387	0.10282759999995505	epochs	2.0
1145.3239076283387	0.05171810000001642	epochs	3.0
1145.3756257283387	0.051109499999938635	epochs	3.0
1145.4267352283387	0.10044909999987794	epochs	2.0
1145.4267352283387	0.050514900000052876	epochs	3.0
1145.4772501283387	0.04993419999982507	epochs	3.0
1145.5271843283385	0.09817830000019967	epochs	2.0
1145.5271843283385	0.04936659999998483	epochs	3.0
1145.5765509283385	0.04881170000021484	epochs	3.0
1145.6253626283387	0.09600779999982478	epochs	2.0
1145.6253626283387	0.048269199999822376	epochs	3.0
1145.6736318283386	0.04773860000000241	epochs	3.0
1145.7213704283386	0.09393120000004274	epochs	2.0
1145.7213704283386	0.04721949999998287	epochs	3.0
1145.7685899283385	0.046711700000059864	epochs	3.0
1145.8153016283386	0.09194260000003851	epochs	2.0
1145.8153016283386	0.046214599999984785	epochs	3.0
1145.8615162283386	0.045728000000053726	epochs	3.0
1145.9072442283386	0.09003630000006524	epochs	2.0
1145.9072442283386	0.045251499999949374	epochs	3.0
1145.9524957283386	0.044784800000115865	epochs	3.0
1145.9972805283387	0.0882075999998051	epochs	2.0
1145.9972805283387	0.044327800000019124	epochs	3.0
1146.0416083283387	0.04387979999978597	epochs	3.0
1146.0854881283385	0.0864516999999978	epochs	2.0
1146.0854881283385	0.04344100000002982	epochs	3.0
1146.1289291283385	0.04301069999996798	epochs	3.0
1146.1719398283385	0.08476430000018809	epochs	2.0
1146.1719398283385	0.04258900000013455	epochs	3.0
1146.2145288283386	0.04217530000005354	epochs	3.0
1146.2567041283387	0.08314150000001064	epochs	2.0
1146.2567041283387	0.04176970000003166	epochs	3.0
1146.2984738283387	0.041371799999978975	epochs	3.0
1146.3398456283387	0.08157970000002024	epochs	2.0
1146.3398456283387	0.040981399999964196	epochs	3.0
1146.3808270283387	0.04059830000005604	epochs	3.0
1146.4214253283387	0.08007549999979346	epochs	2.0
1146.4214253283387	0.04022229999986848	epochs	3.0
1146.4616476283386	0.03985319999992498	epochs	3.0
1146.5015008283385	0.07862570000020241	epochs	2.0
1146.5015008283385	0.039490800000066884	epochs	3.0
1146.5409916283386	0.03913490000013553	epochs	3.0
1146.5801265283387	0.07722759999978734	epochs	2.0
1146.5801265283387	0.03878539999982422	epochs	3.0
1146.6189119283385	0.03844219999996312	epochs	3.0
1146.6573541283385	0.07587820000003376	epochs	2.0
1146.6573541283385	0.03810480000015559	epochs	3.0
1146.6954589283387	0.037773399999878166	epochs	3.0
1146.7332323283385	0.0745752000000266	epochs	2.0
1146.7332323283385	0.03744770000002973	epochs	3.0
1146.7706800283386	0.03712749999999687	epochs	3.0
1146.8078075283386	0.07331629999998768	epochs	2.0
1146.8078075283386	0.0368129000000863	epochs	3.0
1146.8446204283387	0.036503399999901376	epochs	3.0
1146.8811238283386	0.07209899999998015	epochs	2.0
1146.8811238283386	0.03619909999997617	epochs	3.0
1146.9173229283385	0.03589990000000398	epochs	3.0
1146.9532228283385	0.07092170000009901	epochs	2.0
1146.9532228283385	0.03560560000005353	epochs	3.0
1146.9888284283386	0.03531610000004548	epochs	3.0
1147.0241445283386	0.06978200000003199	epochs	2.0
1147.0241445283386	0.03503120000004856	epochs	3.0
1147.0591757283387	0.03475079999998343	epochs	3.0
1147.0939265283387	0.06867859999988468	epochs	2.0
1147.0939265283387	0.03447510000000875	epochs	3.0
1147.1284016283387	0.03420349999987593	epochs	3.0
1147.1626051283386	0.06760929999995824	epochs	2.0
1147.1626051283386	0.033936199999970995	epochs	3.0
1147.1965413283385	0.033673099999987244	epochs	3.0
1147.2302144283385	0.06657290000021021	epochs	2.0
1147.2302144283385	0.03341400000022077	epochs	3.0
1147.2636284283387	0.033158899999989444	epochs	3.0
1147.2967873283387	0.06556779999982609	epochs	2.0
1147.2967873283387	0.03290769999989607	epochs	3.0
1147.3296950283386	0.032660099999930026	epochs	3.0
1147.3623551283385	0.06459259999996902	epochs	2.0
1147.3623551283385	0.03241640000010193	epochs	3.0
1147.3947715283387	0.032176199999867094	epochs	3.0
1147.4269477283385	0.06364600000006249	epochs	2.0
1147.4269477283385	0.03193960000021434	epochs	3.0
1147.4588873283387	0.031706399999848145	epochs	3.0
1147.4905937283386	0.0627266999999847	epochs	2.0
1147.4905937283386	0.03147660000013275	epochs	3.0
1147.5220703283387	0.031250099999851955	epochs	3.0
1147.5533204283386	0.06183359999999993	epochs	2.0
1147.5533204283386	0.031026900000142632	epochs	3.0
1147.5843473283387	0.0308066999998573	epochs	3.0
1147.6151540283386	0.06096560000014506	epochs	2.0
1147.6151540283386	0.03058980000014344	epochs	3.0
1147.6457438283387	0.030375800000001618	epochs	3.0
1147.6761196283387	0.06012160000000222	epochs	2.0
1147.6761196283387	0.030164899999817862	epochs	3.0
1147.7062845283385	0.029956700000184355	epochs	3.0
1147.7362412283387	0.05930069999999432	epochs	2.0
1147.7362412283387	0.029751599999826794	epochs	3.0
1147.7659928283385	0.029549100000167527	epochs	3.0
1147.7955419283387	0.05850179999993088	epochs	2.0
1147.7955419283387	0.02934940000000097	epochs	3.0
1147.8248913283387	0.029152399999929912	epochs	3.0
1147.8540437283386	0.05772419999993872	epochs	2.0
1147.8540437283386	0.028957999999875028	epochs	3.0
1147.8830017283385	0.02876620000006369	epochs	3.0
1147.9117679283386	0.05696710000006533	epochs	2.0
1147.9117679283386	0.028577000000041153	epochs	3.0
1147.9403449283386	0.028390100000024177	epochs	3.0
1147.9687350283386	0.05622949999997218	epochs	2.0
1147.9687350283386	0.028205699999944045	epochs	3.0
1147.9969407283386	0.028023800000028132	epochs	3.0
1148.0249645283386	0.05551070000001346	epochs	2.0
1148.0249645283386	0.027843999999959124	epochs	3.0
1148.0528085283386	0.027666700000054334	epochs	3.0
1148.0804752283386	0.054810200000019904	epochs	2.0
1148.0804752283386	0.02749149999999645	epochs	3.0
1148.1079667283386	0.027318700000023455	epochs	3.0
1148.1352854283386	0.054126999999880354	epochs	2.0
1148.1352854283386	0.027147799999966082	epochs	3.0
1148.1624332283386	0.026979199999914272	epochs	3.0
1148.1894124283385	0.05346070000018699	epochs	2.0
1148.1894124283385	0.026812600000084785	epochs	3.0
1148.2162250283386	0.026648100000102204	epochs	3.0
1148.2428731283387	0.05281070000000909	epochs	2.0
1148.2428731283387	0.0264855999998872	epochs	3.0
1148.2693587283386	0.026325100000121893	epochs	3.0
1148.2956838283387	0.052176199999848905	epochs	2.0
1148.2956838283387	0.026166399999965506	epochs	3.0
1148.3218502283387	0.0260097999998834	epochs	3.0
1148.3478600283386	0.051556699999991906	epochs	2.0
1148.3478600283386	0.02585480000016105	epochs	3.0
1148.3737148283387	0.025701899999830857	epochs	3.0
1148.3994167283386	0.05095189999997274	epochs	2.0
1148.3994167283386	0.025550700000167126	epochs	3.0
1148.4249674283387	0.025401199999805613	epochs	3.0
1148.4503686283385	0.05036100000006627	epochs	2.0
1148.4503686283385	0.025253500000189888	epochs	3.0
1148.4756221283387	0.02510749999987638	epochs	3.0
1148.5007296283386	0.04978380000011384	epochs	2.0
1148.5007296283386	0.02496320000000196	epochs	3.0
1148.5256928283386	0.02482060000011188	epochs	3.0
1148.5505134283387	0.04921949999993558	epochs	2.0
1148.5505134283387	0.024679399999968155	epochs	3.0
1148.5751928283387	0.024540099999967424	epochs	3.0
1148.5997329283387	0.04866790000005494	epochs	2.0
1148.5997329283387	0.024402099999861093	epochs	3.0
1148.6241350283385	0.02426580000019385	epochs	3.0
1148.6484008283387	0.048128599999927246	epochs	2.0
1148.6484008283387	0.02413099999989754	epochs	3.0
1148.6725318283386	0.023997600000029706	epochs	3.0
1148.6965294283386	0.047601100000065344	epochs	2.0
1148.6965294283386	0.023865800000066884	epochs	3.0
1148.7203952283387	0.02373529999999846	epochs	3.0
1148.7441305283387	0.04708499999992455	epochs	2.0
1148.7441305283387	0.023606299999983094	epochs	3.0
1148.7677368283387	0.023478699999941455	epochs	3.0
1148.7912155283386	0.046579999999948996	epochs	2.0
1148.7912155283386	0.023352500000100918	epochs	3.0
1148.8145680283387	0.023227499999848078	epochs	3.0
1148.8377955283386	0.046085700000048746	epochs	2.0
1148.8377955283386	0.023104000000103042	epochs	3.0
1148.8608995283387	0.022981699999945704	epochs	3.0
1148.8838812283386	0.045601799999985815	epochs	2.0
1148.8838812283386	0.02286069999991014	epochs	3.0
1148.9067419283385	0.022741100000075676	epochs	3.0
1148.9294830283386	0.04512790000012501	epochs	2.0
1148.9294830283386	0.022622500000125	epochs	3.0
1148.9521055283387	0.02250540000000001	epochs	3.0
1148.9746109283387	0.04466379999985293	epochs	2.0
1148.9746109283387	0.02238929999998618	epochs	3.0
1148.9970002283387	0.022274499999866748	epochs	3.0
1149.0192747283386	0.04420920000006845	epochs	2.0
1149.0192747283386	0.022160799999937808	epochs	3.0
1149.0414355283385	0.02204840000013064	epochs	3.0
1149.0634839283387	0.04376359999992019	epochs	2.0
1149.0634839283387	0.02193689999990056	epochs	3.0
1149.0854208283386	0.021826700000019628	epochs	3.0
1149.1072475283386	0.04332709999994222	epochs	2.0
1149.1072475283386	0.02171760000010181	epochs	3.0
1149.1289651283387	0.02160949999984041	epochs	3.0
1149.1505746283385	0.04289900000003399	epochs	2.0
1149.1505746283385	0.02150249999999687	epochs	3.0
1149.1720771283385	0.021396500000037122	epochs	3.0
1149.1934736283386	0.04247950000012679	epochs	2.0
1149.1934736283386	0.021291700000119818	epochs	3.0
1149.2147653283387	0.021187800000006973	epochs	3.0
1149.2359531283387	0.04206789999989269	epochs	2.0
1149.2359531283387	0.02108490000000529	epochs	3.0
1149.2570380283387	0.020982999999887397	epochs	3.0
1149.2780210283386	0.04166439999994509	epochs	2.0
1149.2780210283386	0.020882199999959994	epochs	3.0
1149.2989032283385	0.020782199999985096	epochs	3.0
1149.3196854283385	0.04126850000011473	epochs	2.0
1149.3196854283385	0.02068330000020069	epochs	3.0
1149.3403687283387	0.02058519999991404	epochs	3.0
1149.3609539283386	0.04088000000001557	epochs	2.0
1149.3609539283386	0.020488099999965925	epochs	3.0
1149.3814420283386	0.020391900000049645	epochs	3.0
1149.4018339283386	0.04049880000002304	epochs	2.0
1149.4018339283386	0.020296599999937825	epochs	3.0
1149.4221305283386	0.020202200000085213	epochs	3.0
1149.4423327283387	0.040124599999899146	epochs	2.0
1149.4423327283387	0.02010870000003706	epochs	3.0
1149.4624414283387	0.020015899999862086	epochs	3.0
1149.4824573283386	0.03975730000001931	epochs	2.0
1149.4824573283386	0.019924200000104975	epochs	3.0
1149.5023815283387	0.01983309999991434	epochs	3.0
1149.5222146283386	0.03939669999999751	epochs	2.0
1149.5222146283386	0.01974300000006224	epochs	3.0
1149.5419576283387	0.01965369999993527	epochs	3.0
1149.5616113283386	0.03904239999997117	epochs	2.0
1149.5616113283386	0.019565100000136226	epochs	3.0
1149.5811764283387	0.01947729999983494	epochs	3.0
1149.6006537283386	0.038694600000098944	epochs	2.0
1149.6006537283386	0.019390400000020236	epochs	3.0
1149.6200441283386	0.01930420000007871	epochs	3.0
1149.6393483283387	0.03835290000006353	epochs	2.0
1149.6393483283387	0.019218799999862313	epochs	3.0
1149.6585671283385	0.019134100000201215	epochs	3.0
1149.6777012283387	0.03801720000001296	epochs	2.0
1149.6777012283387	0.019050199999810502	epochs	3.0
1149.6967514283385	0.01896700000020246	epochs	3.0
1149.7157184283387	0.03768719999993664	epochs	2.0
1149.7157184283387	0.018884499999785476	epochs	3.0
1149.7346029283385	0.018802700000151162	epochs	3.0
1149.7534056283387	0.03736309999999321	epochs	2.0
1149.7534056283387	0.018721700000014607	epochs	3.0
1149.7721273283387	0.018641399999978603	epochs	3.0
1149.7907687283387	0.03704429999993408	epochs	2.0
1149.7907687283387	0.018561599999884493	epochs	3.0
1149.8093303283385	0.01848270000004959	epochs	3.0
1149.8278130283386	0.03673099999991791	epochs	2.0
1149.8278130283386	0.018404299999929208	epochs	3.0
1149.8462173283385	0.018326699999988705	epochs	3.0
1149.8645440283385	0.03642290000016146	epochs	2.0
1149.8645440283385	0.01824960000021747	epochs	3.0
1149.8827936283387	0.018173299999943993	epochs	3.0
1149.9009669283387	0.03612010000006194	epochs	2.0
1149.9009669283387	0.01809759999991911	epochs	3.0
1149.9190645283386	0.018022500000142827	epochs	3.0
1149.9370870283387	0.03582209999990482	epochs	2.0
1149.9370870283387	0.01794789999985369	epochs	3.0
1149.9550349283386	0.017874200000051133	epochs	3.0
1149.9729091283386	0.03552899999999681	epochs	2.0
1149.9729091283386	0.017800800000031813	epochs	3.0
1149.9907099283387	0.017728199999965	epochs	3.0
1150.0084381283386	0.03524070000003121	epochs	2.0
1150.0084381283386	0.017656100000067454	epochs	3.0
1150.0260942283387	0.017584599999963757	epochs	3.0
1150.0436788283387	0.03495709999992869	epochs	2.0
1150.0436788283387	0.017513699999881283	epochs	3.0
1150.0611925283386	0.017443400000047404	epochs	3.0
1150.0786359283386	0.03467790000013338	epochs	2.0
1150.0786359283386	0.017373599999928047	epochs	3.0
1150.0960095283385	0.01730430000020533	epochs	3.0
1150.1133138283387	0.03440329999989444	epochs	2.0
1150.1133138283387	0.017235699999901044	epochs	3.0
1150.1305495283386	0.0171675999999934	epochs	3.0
1150.1477171283386	0.03413279999995211	epochs	2.0
1150.1477171283386	0.01709989999994832	epochs	3.0
1150.1648170283386	0.017032900000003792	epochs	3.0
1150.1818499283386	0.03386670000008962	epochs	2.0
1150.1818499283386	0.01696640000000116	epochs	3.0
1150.1988163283386	0.016900300000088464	epochs	3.0
1150.2157166283387	0.03360459999998966	epochs	2.0
1150.2157166283387	0.01683479999996962	epochs	3.0
1150.2325514283386	0.01676980000002004	epochs	3.0
1150.2493212283387	0.033346599999958926	epochs	2.0
1150.2493212283387	0.016705300000012357	epochs	3.0
1150.2660265283387	0.01664129999994657	epochs	3.0
1150.2826678283386	0.03309250000006614	epochs	2.0
1150.2826678283386	0.016577800000050047	epochs	3.0
1150.2992456283387	0.01651470000001609	epochs	3.0
1150.3157603283387	0.03284229999985655	epochs	2.0
1150.3157603283387	0.01645220000000336	epochs	3.0
1150.3322125283387	0.01639009999985319	epochs	3.0
1150.3486026283385	0.03259570000000167	epochs	2.0
1150.3486026283385	0.016328400000020338	epochs	3.0
1150.3649310283386	0.016267299999981333	epochs	3.0
1150.3811983283385	0.032352899999978035	epochs	2.0
1150.3811983283385	0.016206600000032267	epochs	3.0
1150.3974049283386	0.016146299999945768	epochs	3.0
1150.4135512283385	0.032113700000081735	epochs	2.0
1150.4135512283385	0.016086600000107865	epochs	3.0
1150.4296378283386	0.01602709999997387	epochs	3.0
1150.4456649283386	0.03187800000000607	epochs	2.0
1150.4456649283386	0.015968200000088473	epochs	3.0
1150.4616331283387	0.015909799999917595	epochs	3.0
1150.4775429283386	0.03164570000012645	epochs	2.0
1150.4775429283386	0.015851599999905375	epochs	3.0
1150.4933945283385	0.01579410000022108	epochs	3.0
1150.5091886283387	0.031416699999908815	epochs	2.0
1150.5091886283387	0.01573669999993399	epochs	3.0
1150.5249253283387	0.015679999999974825	epochs	3.0
1150.5406053283386	0.03119109999988723	epochs	2.0
1150.5406053283386	0.015623600000026272	epochs	3.0
1150.5562289283387	0.015567499999860956	epochs	3.0
1150.5717964283385	0.03096870000013041	epochs	2.0
1150.5717964283385	0.01551200000017161	epochs	3.0
1150.5873084283387	0.0154566999999588	epochs	3.0
1150.6027651283387	0.030749499999956242	epochs	2.0
1150.6027651283387	0.015401999999994587	epochs	3.0
1150.6181671283387	0.015347499999961656	epochs	3.0
1150.6335146283386	0.03053320000003623	epochs	2.0
1150.6335146283386	0.015293400000018664	epochs	3.0
1150.6488080283386	0.015239800000017567	epochs	3.0
1150.6640478283387	0.030320099999926242	epochs	2.0
1150.6640478283387	0.015186500000027081	epochs	3.0
1150.6792343283387	0.015133599999899161	epochs	3.0
1150.6943679283386	0.03010990000007041	epochs	2.0
1150.6943679283386	0.015081000000009226	epochs	3.0
1150.7094489283386	0.015028900000061185	epochs	3.0
1150.7244778283386	0.029902499999934662	epochs	2.0
1150.7244778283386	0.014977000000044427	epochs	3.0
1150.7394548283387	0.014925499999890235	epochs	3.0
1150.7543803283386	0.0296981000001324	epochs	2.0
1150.7543803283386	0.014874400000053356	epochs	3.0
1150.7692547283386	0.014823700000079043	epochs	3.0
1150.7840784283387	0.029496299999891562	epochs	2.0
1150.7840784283387	0.01477319999980864	epochs	3.0
1150.7988516283385	0.014723100000082923	epochs	3.0
1150.8135747283386	0.029297399999904883	epochs	2.0
1150.8135747283386	0.014673399999992398	epochs	3.0
1150.8282481283386	0.014623999999912485	epochs	3.0
1150.8428721283385	0.02910110000016175	epochs	2.0
1150.8428721283385	0.014574900000070556	epochs	3.0
1150.8574470283386	0.014526200000091194	epochs	3.0
1150.8719732283387	0.028907399999980044	epochs	2.0
1150.8719732283387	0.014477700000043114	epochs	3.0
1150.8864509283387	0.014429699999936929	epochs	3.0
1150.9008806283387	0.028716199999962555	epochs	2.0
1150.9008806283387	0.014381799999910072	epochs	3.0
1150.9152624283386	0.014334400000052483	epochs	3.0
1150.9295968283386	0.02852759999996124	epochs	2.0
1150.9295968283386	0.014287199999898803	epochs	3.0
1150.9438840283385	0.014240400000062436	epochs	3.0
1150.9581244283386	0.028341400000044814	epochs	2.0
1150.9581244283386	0.014193800000157353	epochs	3.0
1150.9723182283387	0.014147599999887461	epochs	3.0
1150.9864658283386	0.028157700000065233	epochs	2.0
1150.9864658283386	0.014101700000082928	epochs	3.0
1151.0005675283387	0.014055999999982305	epochs	3.0
1151.0146235283387	0.02797629999986384	epochs	2.0
1151.0146235283387	0.014010599999892293	epochs	3.0
1151.0286341283386	0.013965699999971548	epochs	3.0
1151.0425998283386	0.027797200000122757	epochs	2.0
1151.0425998283386	0.013920800000050804	epochs	3.0
1151.0565206283386	0.013876400000071953	epochs	3.0
1151.0703970283387	0.027620399999932488	epochs	2.0
1151.0703970283387	0.013832200000024386	epochs	3.0
1151.0842292283387	0.013788199999908102	epochs	3.0
1151.0980174283386	0.027445899999975154	epochs	2.0
1151.0980174283386	0.01374460000010913	epochs	3.0
1151.1117620283387	0.013701299999866023	epochs	3.0
1151.1254633283386	0.0272735000000921	epochs	2.0
1151.1254633283386	0.013658200000008947	epochs	3.0
1151.1391215283386	0.013615300000083153	epochs	3.0
1151.1527368283387	0.027103399999987232	epochs	2.0
1151.1527368283387	0.013572800000019924	epochs	3.0
1151.1663096283387	0.013530599999967308	epochs	3.0
1151.1798402283387	0.02693520000002536	epochs	2.0
1151.1798402283387	0.01348839999991469	epochs	3.0
1151.1933286283386	0.01344680000011067	epochs	3.0
1151.2067754283387	0.026769199999989723	epochs	2.0
1151.2067754283387	0.013405199999851902	epochs	3.0
1151.2201806283385	0.013364000000137821	epochs	3.0
1151.2335446283387	0.026605199999949036	epochs	2.0
1151.2335446283387	0.013322900000048321	epochs	3.0
1151.2468675283387	0.013282299999900715	epochs	3.0
1151.2601498283386	0.0264431999999033	epochs	2.0
1151.2601498283386	0.013241699999980483	epochs	3.0
1151.2733915283386	0.013201499999922817	epochs	3.0
1151.2865930283385	0.026283200000079887	epochs	2.0
1151.2865930283385	0.013161500000023807	epochs	3.0
1151.2997545283386	0.01312170000005608	epochs	3.0
1151.3128762283386	0.02612500000009277	epochs	2.0
1151.3128762283386	0.013082100000019636	epochs	3.0
1151.3259583283386	0.013042900000073132	epochs	3.0
1151.3390012283387	0.025968899999952555	epochs	2.0
1151.3390012283387	0.013003899999830537	epochs	3.0
1151.3520051283385	0.012965000000122018	epochs	3.0
1151.3649701283387	0.025814500000024054	epochs	2.0
1151.3649701283387	0.012926399999969362	epochs	3.0
1151.3778965283386	0.012888100000054692	epochs	3.0
1151.3907846283387	0.025661899999931848	epochs	2.0
1151.3907846283387	0.012849899999991976	epochs	3.0
1151.4036345283387	0.012811999999939871	epochs	3.0
1151.4164465283386	0.025511199999982637	epochs	2.0
1151.4164465283386	0.012774399999898378	epochs	3.0
1151.4292209283385	0.012736800000084258	epochs	3.0
1151.4419577283386	0.025362300000097093	epochs	2.0
1151.4419577283386	0.01269969999998466	epochs	3.0
1151.4546574283386	0.012662600000112434	epochs	3.0
1151.4673200283387	0.025214999999889187	epochs	2.0
1151.4673200283387	0.012625800000023446	epochs	3.0
1151.4799458283387	0.012589199999865741	epochs	3.0
1151.4925350283386	0.024584799999956886	epochs	2.0
1151.5145478283387	0.5	epochs	-1.0
1151.5171198283385	0.5125600000001214	epochs	1.0
1152.0296798283387	0.48735999999985324	epochs	0.0
1251.151999950409	0.0870399999998881	epochs	0.0
1251.151999950409	0.038523899999972855	epochs	1.0
1251.190523850409	0.009992199999942386	epochs	1.0
1251.2005160504089	0.038523899999972855	epochs	1.0
1251.2391199504088	0.2299199999999928	epochs	0.0
1251.2391199504088	0.0500000000001819	epochs	1.0
1251.289119950409	0.009999999999990905	epochs	1.0
1251.299119950409	0.049999999999954525	epochs	1.0
1251.349119950409	0.009999999999990905	epochs	1.0
1251.359119950409	0.049999999999954525	epochs	1.0
1251.409119950409	0.009999999999990905	epochs	1.0
1251.419119950409	0.04991999999992913	epochs	1.0
2171.9759998321533	0.0870399999998881	epochs	0.0
2171.9759998321533	0.03852390000020023	epochs	1.0
2172.0145237321535	0.009992199999942386	epochs	1.0
2172.0245159321535	0.03852389999974548	epochs	1.0
2172.0631198321535	0.22991999999976542	epochs	0.0
2172.0631198321535	0.04999999999972715	epochs	1.0
2172.113119832153	0.010000000000218279	epochs	1.0
2172.1231198321534	0.04999999999972715	epochs	1.0
2172.173119832153	0.010000000000218279	epochs	1.0
2172.1831198321534	0.0500000000001819	epochs	1.0
2172.2331198321535	0.009999999999763531	epochs	1.0
2172.2431198321533	0.04991999999992913	epochs	1.0
2196.8499999046326	0.0870399999998881	epochs	0.0
2196.8499999046326	0.03852390000020023	epochs	1.0
2196.8885238046328	0.009992199999942386	epochs	1.0
2196.8985160046327	0.03852389999974548	epochs	1.0
2196.9371199046327	2.9999199999997472	epochs	0.0
2196.9371199046327	1.0	epochs	1.0
2197.9371199046327	1.0	epochs	1.0
2198.9371199046327	0.9999199999997472	epochs	1.0
2201.013000011444	0.0870399999998881	epochs	0.0
2201.013000011444	0.03852390000020023	epochs	1.0
2201.0515239114443	0.009992199999942386	epochs	1.0
2201.0615161114442	0.03852389999974548	epochs	1.0
2201.1001200114442	2.9999199999997472	epochs	0.0
2201.1001200114442	1.0	epochs	1.0
2202.1001200114442	1.0	epochs	1.0
2203.1001200114442	0.9999199999997472	epochs	1.0
2206.106999874115	0.0870399999998881	epochs	0.0
2206.106999874115	0.03852390000020023	epochs	1.0
2206.145523774115	0.009992199999942386	epochs	1.0
2206.155515974115	0.03852389999974548	epochs	1.0
2206.194119874115	2.9999199999997472	epochs	0.0
2206.194119874115	1.0	epochs	1.0
2207.194119874115	1.0	epochs	1.0
2208.194119874115	0.9999199999997472	epochs	1.0
2210.2740001678467	0.0870399999998881	epochs	0.0
2210.2740001678467	0.03852390000020023	epochs	1.0
2210.312524067847	0.009992199999942386	epochs	1.0
2210.322516267847	0.03852389999974548	epochs	1.0
2210.361120167847	2.9999199999997472	epochs	0.0
2210.361120167847	1.0	epochs	1.0
2211.361120167847	1.0	epochs	1.0
2212.361120167847	0.9999199999997472	epochs	1.0
2214.4390001296997	0.0870399999998881	epochs	0.0
2214.4390001296997	0.03852390000020023	epochs	1.0
2214.4775240297	0.009992199999942386	epochs	1.0
2214.4875162297	0.03852389999974548	epochs	1.0
2214.5261201297	2.9999199999997472	epochs	0.0
2214.5261201297	1.0	epochs	1.0
2215.5261201297	1.0	epochs	1.0
2216.5261201297	0.9999199999997472	epochs	1.0
2218.71799993515	0.0870399999998881	epochs	0.0
2218.71799993515	0.03852390000020023	epochs	1.0
2218.7565238351503	0.009992199999942386	epochs	1.0
2218.7665160351503	0.03852389999974548	epochs	1.0
2218.8051199351503	2.9999199999997472	epochs	0.0
2218.8051199351503	1.0	epochs	1.0
2219.8051199351503	1.0	epochs	1.0
2220.8051199351503	0.9999199999997472	epochs	1.0
2222.9169998168945	0.0870399999998881	epochs	0.0
2222.9169998168945	0.03852390000020023	epochs	1.0
2222.9555237168947	0.009992199999942386	epochs	1.0
2222.9655159168947	0.03852389999974548	epochs	1.0
2223.0041198168947	2.9999199999997472	epochs	0.0
2223.0041198168947	1.0	epochs	1.0
2224.0041198168947	1.0	epochs	1.0
2225.0041198168947	0.9999199999997472	epochs	1.0
2227.1799998283386	0.0870399999998881	epochs	0.0
2227.1799998283386	0.03852390000020023	epochs	1.0
2227.218523728339	0.009992199999942386	epochs	1.0
2227.2285159283388	0.03852389999974548	epochs	1.0
2227.2671198283388	2.9999199999997472	epochs	0.0
2227.2671198283388	1.0	epochs	1.0
2228.2671198283388	1.0	epochs	1.0
2229.2671198283388	0.9999199999997472	epochs	1.0
2231.3520002365112	0.0870399999998881	epochs	0.0
2231.3520002365112	0.03852390000020023	epochs	1.0
2231.3905241365114	0.009992199999942386	epochs	1.0
2231.4005163365114	0.03852389999974548	epochs	1.0
2231.4391202365114	2.9999199999997472	epochs	0.0
2231.4391202365114	1.0	epochs	1.0
2232.4391202365114	1.0	epochs	1.0
2233.4391202365114	0.9999199999997472	epochs	1.0
2235.5869998931885	0.0870399999998881	epochs	0.0
2235.5869998931885	0.03852390000020023	epochs	1.0
2235.6255237931887	0.009992199999942386	epochs	1.0
2235.6355159931886	0.03852389999974548	epochs	1.0
2235.6741198931886	2.9999199999997472	epochs	0.0
2235.6741198931886	1.0	epochs	1.0
2236.6741198931886	1.0	epochs	1.0
2237.6741198931886	0.9999199999997472	epochs	1.0
2239.853000164032	0.0870399999998881	epochs	0.0
2239.853000164032	0.03852390000020023	epochs	1.0
2239.891524064032	0.009992199999942386	epochs	1.0
2239.901516264032	0.03852389999974548	epochs	1.0
2239.940120164032	2.9999199999997472	epochs	0.0
2239.940120164032	1.0	epochs	1.0
2240.940120164032	1.0	epochs	1.0
2241.940120164032	0.9999199999997472	epochs	1.0
2244.0460000038147	0.0870399999998881	epochs	0.0
2244.0460000038147	0.03852390000020023	epochs	1.0
2244.084523903815	0.009992199999942386	epochs	1.0
2244.094516103815	0.03852389999974548	epochs	1.0
2244.133120003815	2.9999199999997472	epochs	0.0
2244.133120003815	1.0	epochs	1.0
2245.133120003815	1.0	epochs	1.0
2246.133120003815	0.9999199999997472	epochs	1.0
2248.257999897003	0.0870399999998881	epochs	0.0
2248.257999897003	0.03852390000020023	epochs	1.0
2248.2965237970034	0.009992199999942386	epochs	1.0
2248.3065159970033	0.03852389999974548	epochs	1.0
2248.3451198970033	2.511279999999715	epochs	0.0
2248.3451198970033	1.0	epochs	1.0
2249.3451198970033	1.0	epochs	1.0
2250.3451198970033	0.5112799999997151	epochs	1.0
2250.856399897003	0.48864000000003216	epochs	0.0
