onset	duration	nwb_table	treelevel
8.006999969482422	0.09999999999999964	epochs	0.0
8.006999969482422	0.04499999999999993	epochs	1.0
8.051999969482422	0.009999999999999787	epochs	1.0
8.061999969482422	0.04499999999999993	epochs	1.0
8.106999969482422	0.7049950000000003	epochs	0.0
8.106999969482422	0.5	epochs	-1.0
8.106999969482422	0.5	epochs	-1.0
8.106999969482422	0.5	epochs	1.0
8.606999969482422	0.0600000000000005	epochs	-1.0
8.606999969482422	0.025000000000000355	epochs	-1.0
8.606999969482422	0.025000000000000355	epochs	1.0
8.631999969482422	0.009999999999999787	epochs	-1.0
8.631999969482422	0.009999999999999787	epochs	1.0
8.641999969482422	0.025000000000000355	epochs	-1.0
8.641999969482422	0.025000000000000355	epochs	1.0
8.666999969482422	0.0600000000000005	epochs	-1.0
8.666999969482422	0.025000000000000355	epochs	-1.0
8.666999969482422	0.025000000000000355	epochs	1.0
8.691999969482422	0.009999999999999787	epochs	-1.0
8.691999969482422	0.009999999999999787	epochs	1.0
8.701999969482422	0.025000000000000355	epochs	-1.0
8.701999969482422	0.025000000000000355	epochs	1.0
8.726999969482423	0.05999999999999872	epochs	-1.0
8.726999969482423	0.02499999999999858	epochs	-1.0
8.726999969482423	0.02499999999999858	epochs	1.0
8.751999969482421	0.010000000000001563	epochs	-1.0
8.751999969482421	0.010000000000001563	epochs	1.0
8.761999969482423	0.02499999999999858	epochs	-1.0
8.761999969482423	0.02499999999999858	epochs	1.0
8.786999969482421	0.024995000000000545	epochs	1.0
3096.914999961853	0.09999999999990905	epochs	0.0
3096.914999961853	0.04500000000007276	epochs	1.0
3096.959999961853	0.009999999999763531	epochs	1.0
3096.969999961853	0.04500000000007276	epochs	1.0
3097.014999961853	0.7049950000000536	epochs	0.0
3097.014999961853	0.5	epochs	-1.0
3097.014999961853	0.5	epochs	1.0
3097.514999961853	0.05999999999994543	epochs	-1.0
3097.514999961853	0.02500000000009095	epochs	-1.0
3097.514999961853	0.02500000000009095	epochs	1.0
3097.539999961853	0.010000000000218279	epochs	-1.0
3097.539999961853	0.010000000000218279	epochs	1.0
3097.5499999618532	0.024999999999636202	epochs	-1.0
3097.5499999618532	0.024999999999636202	epochs	1.0
3097.574999961853	0.05999999999994543	epochs	-1.0
3097.574999961853	0.02500000000009095	epochs	-1.0
3097.574999961853	0.02500000000009095	epochs	1.0
3097.599999961853	0.010000000000218279	epochs	-1.0
3097.599999961853	0.010000000000218279	epochs	1.0
3097.609999961853	0.024999999999636202	epochs	-1.0
3097.609999961853	0.024999999999636202	epochs	1.0
3097.634999961853	0.06000000000040018	epochs	-1.0
3097.634999961853	0.02500000000009095	epochs	-1.0
3097.634999961853	0.02500000000009095	epochs	1.0
3097.659999961853	0.010000000000218279	epochs	-1.0
3097.659999961853	0.010000000000218279	epochs	1.0
3097.669999961853	0.02500000000009095	epochs	-1.0
3097.669999961853	0.02500000000009095	epochs	1.0
3097.6949999618532	0.024994999999762513	epochs	1.0
3141.0480003356934	0.09999999999990905	epochs	0.0
3141.0480003356934	0.04500000000007276	epochs	1.0
3141.0930003356934	0.009999999999763531	epochs	1.0
3141.103000335693	0.04500000000007276	epochs	1.0
3141.1480003356933	61.38499499999989	epochs	0.0
3141.1480003356933	0.5	epochs	-1.0
3141.1480003356933	0.5	epochs	-1.0
3141.1480003356933	0.5	epochs	1.0
3141.6480003356933	0.05999999999994543	epochs	-1.0
3141.6480003356933	0.02500000000009095	epochs	-1.0
3141.6480003356933	0.02500000000009095	epochs	1.0
3141.6730003356934	0.010000000000218279	epochs	-1.0
3141.6730003356934	0.010000000000218279	epochs	1.0
3141.6830003356936	0.024999999999636202	epochs	-1.0
3141.6830003356936	0.024999999999636202	epochs	1.0
3141.708000335693	0.05999999999994543	epochs	-1.0
3141.708000335693	0.02500000000009095	epochs	-1.0
3141.708000335693	0.02500000000009095	epochs	1.0
3141.7330003356933	0.010000000000218279	epochs	-1.0
3141.7330003356933	0.010000000000218279	epochs	1.0
3141.7430003356935	0.024999999999636202	epochs	-1.0
3141.7430003356935	0.024999999999636202	epochs	1.0
3141.768000335693	0.06000000000040018	epochs	-1.0
3141.768000335693	0.02500000000009095	epochs	-1.0
3141.768000335693	0.02500000000009095	epochs	1.0
3141.7930003356933	0.010000000000218279	epochs	-1.0
3141.7930003356933	0.010000000000218279	epochs	1.0
3141.8030003356935	0.02500000000009095	epochs	-1.0
3141.8030003356935	0.02500000000009095	epochs	1.0
3141.8280003356936	60.0	epochs	1.0
3201.8280003356936	0.5	epochs	-1.0
3201.8280003356936	0.5	epochs	-1.0
3201.8280003356936	0.5	epochs	1.0
3202.3280003356936	0.05999999999994543	epochs	-1.0
3202.3280003356936	0.024999999999636202	epochs	-1.0
3202.3280003356936	0.024999999999636202	epochs	1.0
3202.353000335693	0.010000000000218279	epochs	-1.0
3202.353000335693	0.010000000000218279	epochs	1.0
3202.3630003356934	0.02500000000009095	epochs	-1.0
3202.3630003356934	0.02500000000009095	epochs	1.0
3202.3880003356935	0.05999999999994543	epochs	-1.0
3202.3880003356935	0.024999999999636202	epochs	-1.0
3202.3880003356935	0.024999999999636202	epochs	1.0
3202.413000335693	0.010000000000218279	epochs	-1.0
3202.413000335693	0.010000000000218279	epochs	1.0
3202.4230003356934	0.02500000000009095	epochs	-1.0
3202.4230003356934	0.02500000000009095	epochs	1.0
3202.4480003356935	0.05999999999994543	epochs	-1.0
3202.4480003356935	0.02500000000009095	epochs	-1.0
3202.4480003356935	0.02500000000009095	epochs	1.0
3202.4730003356935	0.009999999999763531	epochs	-1.0
3202.4730003356935	0.009999999999763531	epochs	1.0
3202.4830003356933	0.02500000000009095	epochs	-1.0
3202.4830003356933	0.02500000000009095	epochs	1.0
3202.5080003356934	0.024994999999762513	epochs	1.0
3264.2650003433228	0.09999999999990905	epochs	0.0
3264.2650003433228	0.04500000000007276	epochs	1.0
3264.310000343323	0.009999999999763531	epochs	1.0
3264.3200003433226	0.04500000000007276	epochs	1.0
3264.3650003433227	0.7049950000000536	epochs	0.0
3264.3650003433227	0.5	epochs	-1.0
3264.3650003433227	0.5	epochs	-1.0
3264.3650003433227	0.5	epochs	1.0
3264.8650003433227	0.05999999999994543	epochs	-1.0
3264.8650003433227	0.02500000000009095	epochs	-1.0
3264.8650003433227	0.02500000000009095	epochs	1.0
3264.8900003433228	0.010000000000218279	epochs	-1.0
3264.8900003433228	0.010000000000218279	epochs	1.0
3264.900000343323	0.024999999999636202	epochs	-1.0
3264.900000343323	0.024999999999636202	epochs	1.0
3264.9250003433226	0.05999999999994543	epochs	-1.0
3264.9250003433226	0.02500000000009095	epochs	-1.0
3264.9250003433226	0.02500000000009095	epochs	1.0
3264.9500003433227	0.010000000000218279	epochs	-1.0
3264.9500003433227	0.010000000000218279	epochs	1.0
3264.960000343323	0.024999999999636202	epochs	-1.0
3264.960000343323	0.024999999999636202	epochs	1.0
3264.9850003433226	0.06000000000040018	epochs	-1.0
3264.9850003433226	0.02500000000009095	epochs	-1.0
3264.9850003433226	0.02500000000009095	epochs	1.0
3265.0100003433226	0.010000000000218279	epochs	-1.0
3265.0100003433226	0.010000000000218279	epochs	1.0
3265.020000343323	0.02500000000009095	epochs	-1.0
3265.020000343323	0.02500000000009095	epochs	1.0
3265.045000343323	0.024994999999762513	epochs	1.0
3300.8860001564026	0.07529999999997017	epochs	0.0
3300.8860001564026	0.03265009999995527	epochs	1.0
3300.9186502564025	0.009999800000059622	epochs	1.0
3300.9286500564026	0.03265009999995527	epochs	1.0
3300.9613001564026	5.9999800000000505	epochs	0.0
3300.9613001564026	0.5	epochs	1.0
3300.9613013564026	0.5	epochs	-1.0
3300.9613013564026	0.5	epochs	-1.0
3301.4613001564026	5.0	epochs	1.0
3306.4613001564026	0.4999800000000505	epochs	1.0
3306.4613013564026	0.49997880000000805	epochs	-1.0
3311.65700006485	0.07529999999997017	epochs	0.0
3311.65700006485	0.03265009999995527	epochs	1.0
3311.68965016485	0.009999800000059622	epochs	1.0
3311.69964996485	0.03265009999995527	epochs	1.0
3311.73230006485	2.525000000000091	epochs	0.0
3311.73230006485	0.5	epochs	1.0
3311.73230126485	0.5	epochs	-1.0
3312.23230006485	1.0	epochs	1.0
3313.23230006485	1.025000000000091	epochs	1.0
3313.73230126485	0.5	epochs	-1.0
3314.25730006485	0.9749799999999595	epochs	0.0
3314.5870003700256	0.07529999999997017	epochs	0.0
3314.5870003700256	0.03265009999995527	epochs	1.0
3314.6196504700256	0.009999800000059622	epochs	1.0
3314.6296502700256	0.03265009999995527	epochs	1.0
3314.6623003700256	2.5243799999998373	epochs	0.0
3314.6623003700256	0.5	epochs	1.0
3314.6623015700256	0.5	epochs	-1.0
3315.1623003700256	1.0	epochs	1.0
3316.1623003700256	1.0243799999998373	epochs	1.0
3316.6623015700256	0.5	epochs	-1.0
3317.1866803700254	0.9756000000002132	epochs	0.0
3317.4970002174377	0.07529999999997017	epochs	0.0
3317.4970002174377	0.03265009999995527	epochs	1.0
3317.5296503174377	0.009999800000059622	epochs	1.0
3317.5396501174378	0.03265009999995527	epochs	1.0
3317.5723002174377	2.5450200000000223	epochs	0.0
3317.5723002174377	0.5	epochs	1.0
3317.5723014174378	0.5	epochs	-1.0
3318.0723002174377	1.0	epochs	1.0
3319.0723002174377	1.0450200000000223	epochs	1.0
3319.5723014174378	0.5	epochs	-1.0
3320.1173202174377	0.9549600000000282	epochs	0.0
3320.416000366211	0.07529999999997017	epochs	0.0
3320.416000366211	0.03265009999995527	epochs	1.0
3320.448650466211	0.009999800000059622	epochs	1.0
3320.458650266211	0.03265009999995527	epochs	1.0
3320.491300366211	2.5251400000001922	epochs	0.0
3320.491300366211	0.5	epochs	1.0
3320.491301566211	0.5	epochs	-1.0
3320.991300366211	1.0	epochs	1.0
3321.991300366211	1.0251400000001922	epochs	1.0
3322.491301566211	0.5	epochs	-1.0
3323.016440366211	0.9748399999998583	epochs	0.0
3323.361999988556	0.07529999999997017	epochs	0.0
3323.361999988556	0.03265009999995527	epochs	1.0
3323.394650088556	0.009999800000059622	epochs	1.0
3323.404649888556	0.03265009999995527	epochs	1.0
3323.437299988556	2.5251400000001922	epochs	0.0
3323.437299988556	0.5	epochs	1.0
3323.437301188556	0.5	epochs	-1.0
3323.937299988556	1.0	epochs	1.0
3324.937299988556	1.0251400000001922	epochs	1.0
3325.437301188556	0.5	epochs	-1.0
3325.962439988556	0.9748399999998583	epochs	0.0
3326.348999977112	0.6499800000001414	epochs	0.0
3326.348999977112	0.0500000000001819	epochs	1.0
3326.398999977112	0.5	epochs	1.0
3326.898999977112	0.09997999999995955	epochs	1.0
3327.3830003738403	0.6499800000001414	epochs	0.0
3327.3830003738403	0.0500000000001819	epochs	1.0
3327.4330003738405	0.5	epochs	1.0
3327.9330003738405	0.09997999999995955	epochs	1.0
3328.414999961853	0.6499800000001414	epochs	0.0
3328.414999961853	0.0500000000001819	epochs	1.0
3328.464999961853	0.5	epochs	1.0
3328.964999961853	0.09997999999995955	epochs	1.0
3329.4620003700256	0.6499800000001414	epochs	0.0
3329.4620003700256	0.0500000000001819	epochs	1.0
3329.512000370026	0.5	epochs	1.0
3330.012000370026	0.09997999999995955	epochs	1.0
3330.4970002174377	0.6499800000001414	epochs	0.0
3330.4970002174377	0.0500000000001819	epochs	1.0
3330.547000217438	0.5	epochs	1.0
3331.047000217438	0.09997999999995955	epochs	1.0
3331.5570001602173	0.6499800000001414	epochs	0.0
3331.5570001602173	0.0500000000001819	epochs	1.0
3331.6070001602175	0.5	epochs	1.0
3332.1070001602175	0.09997999999995955	epochs	1.0
3332.65700006485	0.07529999999997017	epochs	0.0
3332.65700006485	0.03265009999995527	epochs	1.0
3332.68965016485	0.009999800000059622	epochs	1.0
3332.69964996485	0.03265009999995527	epochs	1.0
3332.73230006485	2.5242400000001908	epochs	0.0
3332.73230006485	0.5	epochs	1.0
3332.73230126485	0.5	epochs	-1.0
3333.23230006485	1.0	epochs	1.0
3334.23230006485	1.0242400000001908	epochs	1.0
3334.73230116485	0.5	epochs	-1.0
3335.25654006485	2.9757399999998597	epochs	0.0
3337.821000099182	0.07529999999997017	epochs	0.0
3337.821000099182	0.03265009999995527	epochs	1.0
3337.853650199182	0.009999800000059622	epochs	1.0
3337.863649999182	0.03265009999995527	epochs	1.0
3337.896300099182	3.54491999999982	epochs	0.0
3337.896300099182	0.5	epochs	1.0
3337.896301299182	0.5	epochs	-1.0
3338.396300099182	1.0	epochs	1.0
3339.396300099182	2.04491999999982	epochs	1.0
3339.8963011991823	0.5	epochs	-1.0
3340.3963011991823	0.5	epochs	-1.0
3340.8963011991823	0.5	epochs	-1.0
3341.441220099182	1.9550600000002305	epochs	0.0
3343.0250000953674	0.07529999999997017	epochs	0.0
3343.0250000953674	0.03265009999995527	epochs	1.0
3343.0576501953674	0.009999800000059622	epochs	1.0
3343.0676499953674	0.03265009999995527	epochs	1.0
3343.1003000953674	0.5249400000002424	epochs	0.0
3343.1003000953674	0.5	epochs	1.0
3343.1003012953674	0.5	epochs	-1.0
3343.6003000953674	0.024940000000242435	epochs	1.0
3343.6252400953676	5.975039999999808	epochs	0.0
3344.0170001983643	0.07529999999997017	epochs	0.0
3344.0170001983643	0.03265009999995527	epochs	1.0
3344.049650298364	0.009999800000059622	epochs	1.0
3344.0596500983643	0.03265009999995527	epochs	1.0
3344.0923001983642	2.5242400000001908	epochs	0.0
3344.0923001983642	0.5	epochs	1.0
3344.0923013983643	0.5	epochs	-1.0
3344.5923001983642	1.0	epochs	1.0
3345.5923001983642	1.0242400000001908	epochs	1.0
3346.0923013983643	0.5	epochs	-1.0
3346.6165401983644	3.9757399999998597	epochs	0.0
3347.084000110626	0.07529999999997017	epochs	0.0
3347.084000110626	0.03265009999995527	epochs	1.0
3347.116650210626	0.009999800000059622	epochs	1.0
3347.1266500106262	0.03265009999995527	epochs	1.0
3347.159300110626	2.544379999999819	epochs	0.0
3347.159300110626	0.5	epochs	1.0
3347.1593013106262	0.5	epochs	-1.0
3347.659300110626	1.0	epochs	1.0
3348.659300110626	1.0443799999998191	epochs	1.0
3349.1593013106262	0.5	epochs	-1.0
3349.703680110626	3.9556000000002314	epochs	0.0
3350.1500000953674	0.07529999999997017	epochs	0.0
3350.1500000953674	0.03265009999995527	epochs	1.0
3350.1826501953674	0.009999800000059622	epochs	1.0
3350.1926499953674	0.03265009999995527	epochs	1.0
3350.2253000953674	2.5251200000002427	epochs	0.0
3350.2253000953674	0.5	epochs	1.0
3350.2253012953674	0.5	epochs	-1.0
3350.7253000953674	1.0	epochs	1.0
3351.7253000953674	1.0251200000002427	epochs	1.0
3352.2253012953674	0.5	epochs	-1.0
3352.7504200953676	3.9748599999998078	epochs	0.0
3353.205000400543	0.07529999999997017	epochs	0.0
3353.205000400543	0.03265009999995527	epochs	1.0
3353.237650500543	0.009999800000059622	epochs	1.0
3353.2476503005432	0.03265009999995527	epochs	1.0
3353.280300400543	2.52503999999999	epochs	0.0
3353.280300400543	0.5	epochs	1.0
3353.280301600543	0.5	epochs	-1.0
3353.780300400543	1.0	epochs	1.0
3354.780300400543	1.02503999999999	epochs	1.0
3355.280301600543	0.5	epochs	-1.0
3355.805340400543	3.9749400000000605	epochs	0.0
3356.2800002098083	0.07529999999997017	epochs	0.0
3356.2800002098083	0.03265009999995527	epochs	1.0
3356.3126503098083	0.009999800000059622	epochs	1.0
3356.3226501098084	0.03265009999995527	epochs	1.0
3356.3553002098083	2.524699999999939	epochs	0.0
3356.3553002098083	0.5	epochs	1.0
3356.3553014098084	0.5	epochs	-1.0
3356.8553002098083	1.0	epochs	1.0
3357.8553002098083	1.0246999999999389	epochs	1.0
3358.3553014098084	0.5	epochs	-1.0
3358.8800002098083	3.9752800000001116	epochs	0.0
3359.367000102997	0.07529999999997017	epochs	0.0
3359.367000102997	0.03265009999995527	epochs	1.0
3359.399650202997	0.009999800000059622	epochs	1.0
3359.409650002997	0.03265009999995527	epochs	1.0
3359.442300102997	2.5244000000002416	epochs	0.0
3359.442300102997	0.5	epochs	1.0
3359.442301302997	0.5	epochs	-1.0
3359.942300102997	1.0	epochs	1.0
3360.942300102997	1.0244000000002416	epochs	1.0
3361.442301302997	0.5	epochs	-1.0
3361.966700102997	3.975579999999809	epochs	0.0
3362.4970002174377	0.15297999999984313	epochs	0.0
3362.4970002174377	0.0500000000001819	epochs	1.0
3362.547000217438	0.0029999999997016857	epochs	1.0
3362.5500002174376	0.09997999999995955	epochs	1.0
3363.15700006485	0.15297999999984313	epochs	0.0
3363.15700006485	0.0500000000001819	epochs	1.0
3363.20700006485	0.0029999999997016857	epochs	1.0
3363.2100000648497	0.09997999999995955	epochs	1.0
3363.8110003471375	0.15297999999984313	epochs	0.0
3363.8110003471375	0.0500000000001819	epochs	1.0
3363.8610003471376	0.0029999999997016857	epochs	1.0
3363.8640003471373	0.09997999999995955	epochs	1.0
3364.460000038147	0.15297999999984313	epochs	0.0
3364.460000038147	0.0500000000001819	epochs	1.0
3364.510000038147	0.0029999999997016857	epochs	1.0
3364.513000038147	0.09997999999995955	epochs	1.0
3365.1230001449585	0.15297999999984313	epochs	0.0
3365.1230001449585	0.0500000000001819	epochs	1.0
3365.1730001449587	0.0029999999997016857	epochs	1.0
3365.1760001449584	0.09997999999995955	epochs	1.0
3365.7960000038147	0.15297999999984313	epochs	0.0
3365.7960000038147	0.0500000000001819	epochs	1.0
3365.846000003815	0.0029999999997016857	epochs	1.0
3365.8490000038146	0.09997999999995955	epochs	1.0
3366.5160002708435	0.07529999999997017	epochs	0.0
3366.5160002708435	0.03265009999995527	epochs	1.0
3366.5486503708435	0.009999800000059622	epochs	1.0
3366.5586501708435	0.03265009999995527	epochs	1.0
3366.5913002708435	1.5243199999999888	epochs	0.0
3366.5913002708435	0.5	epochs	1.0
3366.5913014708435	0.5	epochs	-1.0
3367.0913002708435	0.003000000000156433	epochs	1.0
3367.0943002708436	1.0213199999998324	epochs	1.0
3367.5943014708437	0.5	epochs	-1.0
3368.1156202708435	0.07866000000012718	epochs	0.0
3368.794000148773	0.07529999999997017	epochs	0.0
3368.794000148773	0.03265009999995527	epochs	1.0
3368.826650248773	0.009999800000059622	epochs	1.0
3368.836650048773	0.03265009999995527	epochs	1.0
3368.869300148773	1.5250599999999395	epochs	0.0
3368.869300148773	0.5	epochs	1.0
3368.869301348773	0.5	epochs	-1.0
3369.369300148773	0.003000000000156433	epochs	1.0
3369.3723001487733	1.022059999999783	epochs	1.0
3369.8723013487734	0.5	epochs	-1.0
3370.394360148773	0.07792000000017651	epochs	0.0
3370.8830003738403	0.07529999999997017	epochs	0.0
3370.8830003738403	0.03265009999995527	epochs	1.0
3370.9156504738403	0.009999800000059622	epochs	1.0
3370.9256502738403	0.03265009999995527	epochs	1.0
3370.9583003738403	1.5242600000001403	epochs	0.0
3370.9583003738403	0.5	epochs	1.0
3370.9583015738403	0.5	epochs	-1.0
3371.4583003738403	0.003000000000156433	epochs	1.0
3371.4613003738405	1.0212599999999838	epochs	1.0
3371.9613015738405	0.5	epochs	-1.0
3372.4825603738404	0.0787199999999757	epochs	0.0
3373.0420002937317	0.07529999999997017	epochs	0.0
3373.0420002937317	0.03265009999995527	epochs	1.0
3373.0746503937316	0.009999800000059622	epochs	1.0
3373.0846501937317	0.03265009999995527	epochs	1.0
3373.1173002937317	7.804959999999937	epochs	0.0
3373.1173002937317	0.5	epochs	1.0
3373.1173014937317	0.5	epochs	-1.0
3373.6173002937317	7.304959999999937	epochs	1.0
3379.9216802937317	1.0005799999998999	epochs	-1.0
3379.9216802937317	0.04030000000011569	epochs	-1.0
3380.4191614937317	0.5	epochs	-1.0
3380.9222602937316	11.695020000000113	epochs	0.0
3381.6040000915527	0.07529999999997017	epochs	0.0
3381.6040000915527	0.03265009999995527	epochs	1.0
3381.6366501915527	0.009999800000059622	epochs	1.0
3381.6466499915527	0.03265009999995527	epochs	1.0
3381.6793000915527	7.804459999999835	epochs	0.0
3381.6793000915527	0.5	epochs	1.0
3381.6793012915527	0.5	epochs	-1.0
3382.1793000915527	7.304459999999835	epochs	1.0
3388.484180091553	0.9995799999996962	epochs	-1.0
3388.484180091553	0.03955999999971027	epochs	-1.0
3388.981661291553	0.5	epochs	-1.0
3389.4837600915525	11.695520000000215	epochs	0.0
3390.076000213623	0.07529999999997017	epochs	0.0
3390.076000213623	0.03265009999995527	epochs	1.0
3390.108650313623	0.009999800000059622	epochs	1.0
3390.118650113623	0.03265009999995527	epochs	1.0
3390.151300213623	7.564339999999902	epochs	0.0
3390.151300213623	0.5	epochs	1.0
3390.151301413623	0.5	epochs	-1.0
3390.651300213623	7.064339999999902	epochs	1.0
3396.715940213623	0.9996999999998479	epochs	-1.0
3396.715940213623	0.03956000000016502	epochs	-1.0
3397.213421413623	0.5	epochs	-1.0
3397.715640213623	11.935640000000149	epochs	0.0
3407.3700003623962	0.07528000000002066	epochs	0.0
3407.3700003623962	0.032641400000102294	epochs	1.0
3407.4026417623963	0.009997199999816075	epochs	1.0
3407.412638962396	0.032641400000102294	epochs	1.0
3407.4452803623963	2.0	epochs	0.0
3409.4452803623963	5.36391999999978	epochs	0.0
3409.4452803623963	1.0	epochs	1.0
3409.4453015623963	0.5	epochs	-1.0
3409.9453015623963	4.863898799999788	epochs	-1.0
3410.4452803623963	4.36391999999978	epochs	1.0
3410.4452803623963	4.356753900000058	epochs	-1.0
3410.4452803623963	1.9745871999998599	epochs	2.0
3410.4452803623963	1.098562199999833	epochs	3.0
3411.543842562396	0.8760250000000269	epochs	3.0
3412.419867562396	1.3524075000000266	epochs	2.0
3412.419867562396	0.7286355000001095	epochs	3.0
3413.1485030623962	0.6237719999999172	epochs	3.0
3413.772275062396	1.0297592000001714	epochs	2.0
3413.772275062396	0.5453293000000485	epochs	3.0
3414.317604362396	0.48442990000012287	epochs	3.0
3414.8020342623963	0.007166099999722064	epochs	2.0
3414.8020342623963	0.007166099999722064	epochs	3.0
3414.809200362396	16.636000000000422	epochs	0.0
3415.491000175476	0.07528000000002066	epochs	0.0
3415.491000175476	0.032641400000102294	epochs	1.0
3415.523641575476	0.009997199999816075	epochs	1.0
3415.533638775476	0.032641400000102294	epochs	1.0
3415.566280175476	2.0	epochs	0.0
3417.566280175476	5.364079999999831	epochs	0.0
3417.566280175476	1.0	epochs	1.0
3417.566301375476	0.5	epochs	-1.0
3418.066301375476	4.864058799999839	epochs	-1.0
3418.566280175476	4.364079999999831	epochs	1.0
3418.566280175476	4.356753900000058	epochs	-1.0
3418.566280175476	1.9745871999998599	epochs	2.0
3418.566280175476	1.098562199999833	epochs	3.0
3419.664842375476	0.8760250000000269	epochs	3.0
3420.540867375476	1.3524075000000266	epochs	2.0
3420.540867375476	0.7286355000001095	epochs	3.0
3421.269502875476	0.6237719999999172	epochs	3.0
3421.893274875476	1.0297592000001714	epochs	2.0
3421.893274875476	0.5453293000000485	epochs	3.0
3422.438604175476	0.48442990000012287	epochs	3.0
3422.923034075476	0.00732609999977285	epochs	2.0
3422.923034075476	0.00732609999977285	epochs	3.0
3422.930360175476	16.63584000000037	epochs	0.0
3423.5469999313354	0.07528000000002066	epochs	0.0
3423.5469999313354	0.032641400000102294	epochs	1.0
3423.5796413313356	0.009997199999816075	epochs	1.0
3423.5896385313354	0.032641400000102294	epochs	1.0
3423.6222799313355	2.0	epochs	0.0
3425.6222799313355	5.384720000000016	epochs	0.0
3425.6222799313355	1.0	epochs	1.0
3425.6223011313355	0.5	epochs	-1.0
3426.1223011313355	4.884698800000024	epochs	-1.0
3426.6222799313355	4.384720000000016	epochs	1.0
3426.6222799313355	4.356753900000058	epochs	-1.0
3426.6222799313355	1.9745871999998599	epochs	2.0
3426.6222799313355	1.098562199999833	epochs	3.0
3427.7208421313353	0.8760250000000269	epochs	3.0
3428.5968671313353	1.3524075000000266	epochs	2.0
3428.5968671313353	0.7286355000001095	epochs	3.0
3429.3255026313354	0.6237719999999172	epochs	3.0
3429.9492746313354	1.0297592000001714	epochs	2.0
3429.9492746313354	0.5453293000000485	epochs	3.0
3430.4946039313354	0.48442990000012287	epochs	3.0
3430.9790338313355	0.027966099999957805	epochs	2.0
3430.9790338313355	0.027966099999957805	epochs	3.0
3431.0069999313355	16.615200000000186	epochs	0.0
3431.625	0.07528000000002066	epochs	0.0
3431.625	0.032641400000102294	epochs	1.0
3431.6576414	0.009997199999816075	epochs	1.0
3431.6676386	0.032641400000102294	epochs	1.0
3431.70028	2.0	epochs	0.0
3433.70028	21.544800000000123	epochs	0.0
3433.70028	1.0	epochs	1.0
3433.7003012	0.5	epochs	-1.0
3434.2003012	19.998079999999845	epochs	-1.0
3434.70028	20.0	epochs	1.0
3434.70028	4.356753900000058	epochs	-1.0
3434.70028	1.9745871999998599	epochs	2.0
3434.70028	1.098562199999833	epochs	3.0
3435.7988422	0.8760250000000269	epochs	3.0
3436.6748672	1.3524075000000266	epochs	2.0
3436.6748672	0.7286355000001095	epochs	3.0
3437.4035027	0.6237719999999172	epochs	3.0
3438.0272747	1.0297592000001714	epochs	2.0
3438.0272747	0.5453293000000485	epochs	3.0
3438.572604	0.48442990000012287	epochs	3.0
3439.0570339	0.8317861999998968	epochs	2.0
3439.0570339	0.4357762999998158	epochs	3.0
3439.4928102	0.39600990000008096	epochs	3.0
3439.8888201	0.6977969999998095	epochs	2.0
3439.8888201	0.3628982000000178	epochs	3.0
3440.2517183	0.33489879999979166	epochs	3.0
3440.5866171	0.6010457000002134	epochs	2.0
3440.5866171	0.31091230000038195	epochs	3.0
3440.8975294	0.29013339999983145	epochs	3.0
3441.1876628	0.5278859000000011	epochs	2.0
3441.1876628	0.2719585999998344	epochs	3.0
3441.4596214	0.2559273000001667	epochs	3.0
3441.7155487	0.4706193000001804	epochs	2.0
3441.7155487	0.241681299999982	epochs	3.0
3441.95723	0.22893800000019837	epochs	3.0
3442.186168	0.42457039999999324	epochs	2.0
3442.186168	0.2174713999997948	epochs	3.0
3442.4036394	0.20709900000019843	epochs	3.0
3442.6107384	0.3867353999999068	epochs	2.0
3442.6107384	0.1976710999997522	epochs	3.0
3442.8084095	0.18906430000015462	epochs	3.0
3442.9974738	0.35509529999990264	epochs	2.0
3442.9974738	0.1811758999997437	epochs	3.0
3443.1786497	0.17391940000015893	epochs	3.0
3443.3525691	0.32824310000023615	epochs	2.0
3443.3525691	0.167221900000186	epochs	3.0
3443.519791	0.16102120000005016	epochs	3.0
3443.6808122	0.3051679999998669	epochs	2.0
3443.6808122	0.1552638999996816	epochs	3.0
3443.8360761	0.14990410000018528	epochs	3.0
3443.9859802	0.28512529999989056	epochs	2.0
3443.9859802	0.14490209999985382	epochs	3.0
3444.1308823	0.14022320000003674	epochs	3.0
3444.2711055	0.2675537999998596	epochs	2.0
3444.2711055	0.1358368999999584	epochs	3.0
3444.4069424	0.13171689999990122	epochs	3.0
3444.5386593	0.25202290000015637	epochs	2.0
3444.5386593	0.12783930000023247	epochs	3.0
3444.6664986	0.1241835999999239	epochs	3.0
3444.7906822	0.23819649999995818	epochs	2.0
3444.7906822	0.1207310999998299	epochs	3.0
3444.9114133	0.11746540000012828	epochs	3.0
3445.0288787	0.22580879999986792	epochs	2.0
3445.0288787	0.11437190000015107	epochs	3.0
3445.1432506	0.11143689999971684	epochs	3.0
3445.2546875	0.21464600000035716	epochs	2.0
3445.2546875	0.1086489000003894	epochs	3.0
3445.3633364	0.10599709999996776	epochs	3.0
3445.4693335	0.2045349999998507	epochs	2.0
3445.4693335	0.10347149999961403	epochs	3.0
3445.572805	0.10106350000023667	epochs	3.0
3445.6738685	0.19533400000000256	epochs	2.0
3445.6738685	0.09876510000003691	epochs	3.0
3445.7726336	0.09656889999996565	epochs	3.0
3445.8692025	0.18692529999998442	epochs	2.0
3445.8692025	0.09446829999978945	epochs	3.0
3445.9636708	0.09245700000019497	epochs	3.0
3446.0561278	0.1792107000001124	epochs	2.0
3446.0561278	0.0905296000000817	epochs	3.0
3446.1466574	0.08868110000003071	epochs	3.0
3446.2353385	0.17210769999974218	epochs	2.0
3446.2353385	0.08690630000000965	epochs	3.0
3446.3222448	0.08520139999973253	epochs	3.0
3446.4074462	0.16554640000003928	epochs	2.0
3446.4074462	0.08356189999994967	epochs	3.0
3446.4910081	0.08198450000008961	epochs	3.0
3446.5729926	0.15946710000025632	epochs	2.0
3446.5729926	0.08046539999986635	epochs	3.0
3446.653458	0.07900170000038997	epochs	3.0
3446.7324597	0.1538183999996363	epochs	2.0
3446.7324597	0.07759009999972477	epochs	3.0
3446.8100498	0.07622829999991154	epochs	3.0
3446.8862781	0.14855640000041603	epochs	2.0
3446.8862781	0.07491330000038943	epochs	3.0
3446.9611914	0.0736431000000266	epochs	3.0
3447.0348345	0.1436423999998624	epochs	2.0
3447.0348345	0.07241499999963708	epochs	3.0
3447.1072495	0.07122740000022532	epochs	3.0
3447.1784769	0.13904309999998077	epochs	2.0
3447.1784769	0.0700779999997394	epochs	3.0
3447.2485549	0.06896510000024136	epochs	3.0
3447.31752	0.13472929999988992	epochs	2.0
3447.31752	0.0678871000000072	epochs	3.0
3447.3854071	0.06684219999988272	epochs	3.0
3447.4522493	0.1306752000000415	epochs	2.0
3447.4522493	0.06582909999997355	epochs	3.0
3447.5180784	0.06484610000006796	epochs	3.0
3447.5829245	0.1268577999999252	epochs	2.0
3447.5829245	0.06389200000012352	epochs	3.0
3447.6468165	0.06296579999980167	epochs	3.0
3447.7097823	0.12325719999989815	epochs	2.0
3447.7097823	0.06206580000025497	epochs	3.0
3447.7718481	0.06119139999964318	epochs	3.0
3447.8330395	0.1198554000002332	epochs	2.0
3447.8330395	0.060341100000187	epochs	3.0
3447.8933806	0.059514300000046205	epochs	3.0
3447.9528949	0.1166361999999026	epochs	2.0
3447.9528949	0.058709599999929196	epochs	3.0
3448.0116045	0.057926599999973405	epochs	3.0
3448.0695311	0.11358560000007856	epochs	2.0
3448.0695311	0.05716419999998834	epochs	3.0
3448.1266953	0.056421400000090216	epochs	3.0
3448.1831167	0.11069050000014613	epochs	2.0
3448.1831167	0.05569789999981367	epochs	3.0
3448.2388146	0.05499260000033246	epochs	3.0
3448.2938072	0.10793909999983953	epochs	2.0
3448.2938072	0.054304899999806366	epochs	3.0
3448.3481121	0.05363420000003316	epochs	3.0
3448.4017463	0.10532150000017282	epochs	2.0
3448.4017463	0.05297999999993408	epochs	3.0
3448.4547263	0.05234150000023874	epochs	3.0
3448.5070678	0.10282759999972768	epochs	2.0
3448.5070678	0.05171810000001642	epochs	3.0
3448.5587859	0.05110949999971126	epochs	3.0
3448.6098954	0.10044909999987794	epochs	2.0
3448.6098954	0.050514900000052876	epochs	3.0
3448.6604103	0.04993419999982507	epochs	3.0
3448.7103445	0.09817830000019967	epochs	2.0
3448.7103445	0.0493666000002122	epochs	3.0
3448.7597111	0.04881169999998747	epochs	3.0
3448.8085228	0.09600779999982478	epochs	2.0
3448.8085228	0.04826920000004975	epochs	3.0
3448.856792	0.04773859999977503	epochs	3.0
3448.9045306	0.09393120000004274	epochs	2.0
3448.9045306	0.047219500000210246	epochs	3.0
3448.9517501	0.04671169999983249	epochs	3.0
3448.9984618	0.09194260000003851	epochs	2.0
3448.9984618	0.046214599999984785	epochs	3.0
3449.0446764	0.045728000000053726	epochs	3.0
3449.0904044	0.09003630000006524	epochs	2.0
3449.0904044	0.04525150000017675	epochs	3.0
3449.1356559	0.04478479999988849	epochs	3.0
3449.1804407	0.08820760000025984	epochs	2.0
3449.1804407	0.0443278000002465	epochs	3.0
3449.2247685	0.04387980000001335	epochs	3.0
3449.2686483	0.0864516999999978	epochs	2.0
3449.2686483	0.04344099999980244	epochs	3.0
3449.3120893	0.04301070000019536	epochs	3.0
3449.3551	0.08476429999973334	epochs	2.0
3449.3551	0.0425889999996798	epochs	3.0
3449.397689	0.04217530000005354	epochs	3.0
3449.4398643	0.08314150000023801	epochs	2.0
3449.4398643	0.041769700000259036	epochs	3.0
3449.481634	0.041371799999978975	epochs	3.0
3449.5230058	0.08157970000002024	epochs	2.0
3449.5230058	0.040981399999964196	epochs	3.0
3449.5639872	0.04059830000005604	epochs	3.0
3449.6045855	0.08007549999956609	epochs	2.0
3449.6045855	0.04022229999964111	epochs	3.0
3449.6448078	0.03985319999992498	epochs	3.0
3449.684661	0.07862570000042979	epochs	2.0
3449.684661	0.03949080000029426	epochs	3.0
3449.7241518	0.03913490000013553	epochs	3.0
3449.7632867	0.07722759999978734	epochs	2.0
3449.7632867	0.03878539999959685	epochs	3.0
3449.8020721	0.038442200000190496	epochs	3.0
3449.8405143	0.07587819999980638	epochs	2.0
3449.8405143	0.03810479999992822	epochs	3.0
3449.8786191	0.037773399999878166	epochs	3.0
3449.9163925	0.07457520000025397	epochs	2.0
3449.9163925	0.03744770000002973	epochs	3.0
3449.9538402	0.037127500000224245	epochs	3.0
3449.9909677	0.07331629999998768	epochs	2.0
3449.9909677	0.03681289999985893	epochs	3.0
3450.0277806	0.03650340000012875	epochs	3.0
3450.064284	0.07209899999998015	epochs	2.0
3450.064284	0.03619909999997617	epochs	3.0
3450.1004831	0.03589990000000398	epochs	3.0
3450.136383	0.07092169999987163	epochs	2.0
3450.136383	0.03560560000005353	epochs	3.0
3450.1719886	0.03531609999981811	epochs	3.0
3450.2073047	0.06978200000003199	epochs	2.0
3450.2073047	0.03503120000004856	epochs	3.0
3450.2423359	0.03475079999998343	epochs	3.0
3450.2770867	0.06867860000011206	epochs	2.0
3450.2770867	0.034475100000236125	epochs	3.0
3450.3115618	0.03420349999987593	epochs	3.0
3450.3457653	0.06760930000018561	epochs	2.0
3450.3457653	0.033936199999970995	epochs	3.0
3450.3797015	0.03367310000021462	epochs	3.0
3450.4133746	0.06657289999975546	epochs	2.0
3450.4133746	0.03341399999999339	epochs	3.0
3450.4467886	0.03315889999976207	epochs	3.0
3450.4799475	0.06556779999982609	epochs	2.0
3450.4799475	0.03290770000012344	epochs	3.0
3450.5128552	0.03266009999970265	epochs	3.0
3450.5455153	0.0645926000001964	epochs	2.0
3450.5455153	0.032416400000329304	epochs	3.0
3450.5779317	0.032176199999867094	epochs	3.0
3450.6101079	0.06364600000006249	epochs	2.0
3450.6101079	0.03193959999998697	epochs	3.0
3450.6420475	0.03170640000007552	epochs	3.0
3450.6737539	0.0627266999999847	epochs	2.0
3450.6737539	0.03147660000013275	epochs	3.0
3450.7052305	0.031250099999851955	epochs	3.0
3450.7364806	0.06183359999977256	epochs	2.0
3450.7364806	0.031026900000142632	epochs	3.0
3450.7675075	0.030806699999629927	epochs	3.0
3450.7983142	0.06096560000014506	epochs	2.0
3450.7983142	0.03058980000014344	epochs	3.0
3450.828904	0.030375800000001618	epochs	3.0
3450.8592798	0.06012160000000222	epochs	2.0
3450.8592798	0.030164899999817862	epochs	3.0
3450.8894447	0.029956700000184355	epochs	3.0
3450.9194014	0.059300700000221696	epochs	2.0
3450.9194014	0.029751600000054168	epochs	3.0
3450.949153	0.029549100000167527	epochs	3.0
3450.9787021	0.05850179999970351	epochs	2.0
3450.9787021	0.029349399999773595	epochs	3.0
3451.0080515	0.029152399999929912	epochs	3.0
3451.0372039	0.05772419999993872	epochs	2.0
3451.0372039	0.028958000000329776	epochs	3.0
3451.0661619	0.028766199999608943	epochs	3.0
3451.0949281	0.0569671000002927	epochs	2.0
3451.0949281	0.028577000000041153	epochs	3.0
3451.1235051	0.02839010000025155	epochs	3.0
3451.1518952	0.05622949999997218	epochs	2.0
3451.1518952	0.028205699999944045	epochs	3.0
3451.1801009	0.028023800000028132	epochs	3.0
3451.2081247	0.05551070000001346	epochs	2.0
3451.2081247	0.02784399999973175	epochs	3.0
3451.2359687	0.027666700000281708	epochs	3.0
3451.2636354	0.05481019999979253	epochs	2.0
3451.2636354	0.02749149999999645	epochs	3.0
3451.2911269	0.02731869999979608	epochs	3.0
3451.3184456	0.054126999999880354	epochs	2.0
3451.3184456	0.027147799999966082	epochs	3.0
3451.3455934	0.026979199999914272	epochs	3.0
3451.3725726	0.05346070000041436	epochs	2.0
3451.3725726	0.026812600000084785	epochs	3.0
3451.3993852	0.026648100000329578	epochs	3.0
3451.4260333	0.05281070000000909	epochs	2.0
3451.4260333	0.0264855999998872	epochs	3.0
3451.4525189	0.026325100000121893	epochs	3.0
3451.478844	0.052176199999848905	epochs	2.0
3451.478844	0.026166399999965506	epochs	3.0
3451.5050104	0.0260097999998834	epochs	3.0
3451.5310202	0.05155669999976453	epochs	2.0
3451.5310202	0.02585480000016105	epochs	3.0
3451.556875	0.025701899999603484	epochs	3.0
3451.5825769	0.05095190000020011	epochs	2.0
3451.5825769	0.025550700000167126	epochs	3.0
3451.6081276	0.025401200000032986	epochs	3.0
3451.6335288	0.05036100000006627	epochs	2.0
3451.6335288	0.025253499999962514	epochs	3.0
3451.6587823	0.025107500000103755	epochs	3.0
3451.6838898	0.04978380000011384	epochs	2.0
3451.6838898	0.02496320000000196	epochs	3.0
3451.708853	0.02482060000011188	epochs	3.0
3451.7336736	0.049219499999708205	epochs	2.0
3451.7336736	0.024679399999968155	epochs	3.0
3451.758353	0.02454009999974005	epochs	3.0
3451.7828931	0.04866790000005494	epochs	2.0
3451.7828931	0.02440210000031584	epochs	3.0
3451.8072952	0.0242657999997391	epochs	3.0
3451.831561	0.048128599999927246	epochs	2.0
3451.831561	0.024131000000124914	epochs	3.0
3451.855692	0.023997599999802333	epochs	3.0
3451.8796896	0.047601100000065344	epochs	2.0
3451.8796896	0.023865800000294257	epochs	3.0
3451.9035554	0.023735299999771087	epochs	3.0
3451.9272907	0.04708500000015192	epochs	2.0
3451.9272907	0.023606300000210467	epochs	3.0
3451.950897	0.023478699999941455	epochs	3.0
3451.9743757	0.04657999999972162	epochs	2.0
3451.9743757	0.023352499999873544	epochs	3.0
3451.9977282	0.023227499999848078	epochs	3.0
3452.0209557	0.04608570000027612	epochs	2.0
3452.0209557	0.023104000000330416	epochs	3.0
3452.0440597	0.022981699999945704	epochs	3.0
3452.0670414	0.045601799999985815	epochs	2.0
3452.0670414	0.02286069999991014	epochs	3.0
3452.0899021	0.022741100000075676	epochs	3.0
3452.1126432	0.045127899999897636	epochs	2.0
3452.1126432	0.022622500000125	epochs	3.0
3452.1352657	0.022505399999772635	epochs	3.0
3452.1577711	0.04466379999985293	epochs	2.0
3452.1577711	0.022389300000213552	epochs	3.0
3452.1801604	0.022274499999639374	epochs	3.0
3452.2024349	0.04420920000029582	epochs	2.0
3452.2024349	0.02216080000016518	epochs	3.0
3452.2245957	0.02204840000013064	epochs	3.0
3452.2466441	0.043763599999692815	epochs	2.0
3452.2466441	0.021936899999673187	epochs	3.0
3452.268581	0.021826700000019628	epochs	3.0
3452.2904077	0.043327100000169594	epochs	2.0
3452.2904077	0.02171760000010181	epochs	3.0
3452.3121253	0.021609500000067783	epochs	3.0
3452.3337348	0.04289900000003399	epochs	2.0
3452.3337348	0.021502500000224245	epochs	3.0
3452.3552373	0.021396499999809748	epochs	3.0
3452.3766338	0.04247949999989942	epochs	2.0
3452.3766338	0.021291699999892444	epochs	3.0
3452.3979255	0.021187800000006973	epochs	3.0
3452.4191133	0.04206789999989269	epochs	2.0
3452.4191133	0.02108490000000529	epochs	3.0
3452.4401982	0.020982999999887397	epochs	3.0
3452.4611812	0.041664400000172463	epochs	2.0
3452.4611812	0.020882199999959994	epochs	3.0
3452.4820634	0.02078220000021247	epochs	3.0
3452.5028456	0.04126850000011473	epochs	2.0
3452.5028456	0.02068330000020069	epochs	3.0
3452.5235289	0.02058519999991404	epochs	3.0
3452.5441141	0.04088000000001557	epochs	2.0
3452.5441141	0.020488099999965925	epochs	3.0
3452.5646022	0.020391900000049645	epochs	3.0
3452.5849941	0.04049880000002304	epochs	2.0
3452.5849941	0.020296599999710452	epochs	3.0
3452.6052907	0.020202200000312587	epochs	3.0
3452.6254929	0.04012459999967177	epochs	2.0
3452.6254929	0.02010870000003706	epochs	3.0
3452.6456016	0.020015899999634712	epochs	3.0
3452.6656175	0.03975730000001931	epochs	2.0
3452.6656175	0.01992420000033235	epochs	3.0
3452.6855417	0.019833099999686965	epochs	3.0
3452.7053748	0.03939669999999751	epochs	2.0
3452.7053748	0.019743000000289612	epochs	3.0
3452.7251178	0.019653699999707896	epochs	3.0
3452.7447715	0.03904240000019854	epochs	2.0
3452.7447715	0.0195651000003636	epochs	3.0
3452.7643366	0.01947729999983494	epochs	3.0
3452.7838139	0.03869459999987157	epochs	2.0
3452.7838139	0.019390399999792862	epochs	3.0
3452.8032043	0.01930420000007871	epochs	3.0
3452.8225085	0.03835290000006353	epochs	2.0
3452.8225085	0.019218800000089686	epochs	3.0
3452.8417273	0.01913409999997384	epochs	3.0
3452.8608614	0.03801720000001296	epochs	2.0
3452.8608614	0.019050200000037876	epochs	3.0
3452.8799116	0.018966999999975087	epochs	3.0
3452.8988786	0.03768720000016401	epochs	2.0
3452.8988786	0.018884499999785476	epochs	3.0
3452.9177631	0.018802700000378536	epochs	3.0
3452.9365658	0.037363099999765836	epochs	2.0
3452.9365658	0.018721699999787234	epochs	3.0
3452.9552875	0.018641399999978603	epochs	3.0
3452.9739289	0.037044300000161456	epochs	2.0
3452.9739289	0.018561599999884493	epochs	3.0
3452.9924905	0.018482700000276964	epochs	3.0
3453.0109732	0.036731000000145286	epochs	2.0
3453.0109732	0.018404299999929208	epochs	3.0
3453.0293775	0.01832670000021608	epochs	3.0
3453.0477042	0.036422899999706715	epochs	2.0
3453.0477042	0.018249599999762722	epochs	3.0
3453.0659538	0.018173299999943993	epochs	3.0
3453.0841271	0.03612010000006194	epochs	2.0
3453.0841271	0.018097600000146485	epochs	3.0
3453.1022247	0.018022499999915453	epochs	3.0
3453.1202472	0.035822100000132195	epochs	2.0
3453.1202472	0.01794789999985369	epochs	3.0
3453.1381951	0.017874200000278506	epochs	3.0
3453.1560693	0.03552899999976944	epochs	2.0
3453.1560693	0.01780079999980444	epochs	3.0
3453.1738701	0.017728199999965	epochs	3.0
3453.1915983	0.03524070000003121	epochs	2.0
3453.1915983	0.017656100000294828	epochs	3.0
3453.2092544	0.017584599999736383	epochs	3.0
3453.226839	0.03495710000015606	epochs	2.0
3453.226839	0.017513700000108656	epochs	3.0
3453.2443527	0.017443400000047404	epochs	3.0
3453.2617961	0.03467790000013338	epochs	2.0
3453.2617961	0.017373599999700673	epochs	3.0
3453.2791697	0.017304300000432704	epochs	3.0
3453.296474	0.03440329999966707	epochs	2.0
3453.296474	0.01723569999967367	epochs	3.0
3453.3137097	0.0171675999999934	epochs	3.0
3453.3308773	0.03413279999995211	epochs	2.0
3453.3308773	0.017099900000175694	epochs	3.0
3453.3479772	0.01703289999977642	epochs	3.0
3453.3650101	0.03386670000008962	epochs	2.0
3453.3650101	0.01696640000000116	epochs	3.0
3453.3819765	0.016900300000088464	epochs	3.0
3453.3988768	0.03360460000021703	epochs	2.0
3453.3988768	0.016834800000196992	epochs	3.0
3453.4157116	0.01676980000002004	epochs	3.0
3453.4324814	0.03334659999973155	epochs	2.0
3453.4324814	0.016705300000012357	epochs	3.0
3453.4491867	0.016641299999719195	epochs	3.0
3453.465828	0.03309250000029351	epochs	2.0
3453.465828	0.016577800000050047	epochs	3.0
3453.4824058	0.016514700000243465	epochs	3.0
3453.4989205	0.032842299999629176	epochs	2.0
3453.4989205	0.01645220000000336	epochs	3.0
3453.5153727	0.016390099999625818	epochs	3.0
3453.5317628	0.03259570000000167	epochs	2.0
3453.5317628	0.016328400000020338	epochs	3.0
3453.5480912	0.016267299999981333	epochs	3.0
3453.5643585	0.03235290000020541	epochs	2.0
3453.5643585	0.01620660000025964	epochs	3.0
3453.5805651	0.016146299999945768	epochs	3.0
3453.5967114	0.032113700000081735	epochs	2.0
3453.5967114	0.016086600000107865	epochs	3.0
3453.612798	0.01602709999997387	epochs	3.0
3453.6288251	0.031877999999778694	epochs	2.0
3453.6288251	0.0159681999998611	epochs	3.0
3453.6447933	0.015909799999917595	epochs	3.0
3453.6607031	0.03164570000035383	epochs	2.0
3453.6607031	0.01585160000013275	epochs	3.0
3453.6765547	0.01579410000022108	epochs	3.0
3453.6923488	0.03141669999968144	epochs	2.0
3453.6923488	0.015736699999706616	epochs	3.0
3453.7080855	0.015679999999974825	epochs	3.0
3453.7237655	0.03119109999988723	epochs	2.0
3453.7237655	0.015623600000253646	epochs	3.0
3453.7393891	0.015567499999633583	epochs	3.0
3453.7549566	0.030968700000357785	epochs	2.0
3453.7549566	0.015512000000398984	epochs	3.0
3453.7704686	0.0154566999999588	epochs	3.0
3453.7859253	0.03074949999972887	epochs	2.0
3453.7859253	0.015401999999994587	epochs	3.0
3453.8013273	0.015347499999734282	epochs	3.0
3453.8166748	0.030533200000263605	epochs	2.0
3453.8166748	0.015293400000246038	epochs	3.0
3453.8319682	0.015239800000017567	epochs	3.0
3453.847208	0.03032009999969887	epochs	2.0
3453.847208	0.015186499999799707	epochs	3.0
3453.8623945	0.015133599999899161	epochs	3.0
3453.8775281	0.030109900000297785	epochs	2.0
3453.8775281	0.015081000000009226	epochs	3.0
3453.8926091	0.015028900000288559	epochs	3.0
3453.907638	0.029902499999934662	epochs	2.0
3453.907638	0.014976999999817053	epochs	3.0
3453.922615	0.014925500000117609	epochs	3.0
3453.9375405	0.0296981000001324	epochs	2.0
3453.9375405	0.014874399999825982	epochs	3.0
3453.9524149	0.014823700000306417	epochs	3.0
3453.9672386	0.02949629999966419	epochs	2.0
3453.9672386	0.014773199999581266	epochs	3.0
3453.9820118	0.014723100000082923	epochs	3.0
3453.9967349	0.02929740000035963	epochs	2.0
3453.9967349	0.014673399999992398	epochs	3.0
3454.0114083	0.014624000000367232	epochs	3.0
3454.0260323	0.029101099999934377	epochs	2.0
3454.0260323	0.014574899999843183	epochs	3.0
3454.0406072	0.014526200000091194	epochs	3.0
3454.0551334	0.02890739999975267	epochs	2.0
3454.0551334	0.014477700000043114	epochs	3.0
3454.0696111	0.014429699999709555	epochs	3.0
3454.0840408	0.028716199999962555	epochs	2.0
3454.0840408	0.014381800000137446	epochs	3.0
3454.0984226	0.01433439999982511	epochs	3.0
3454.112757	0.02852759999996124	epochs	2.0
3454.112757	0.014287200000126177	epochs	3.0
3454.1270442	0.014240399999835063	epochs	3.0
3454.1412846	0.028341400000044814	epochs	2.0
3454.1412846	0.014193800000157353	epochs	3.0
3454.1554784	0.014147599999887461	epochs	3.0
3454.169626	0.028157700000065233	epochs	2.0
3454.169626	0.014101700000082928	epochs	3.0
3454.1837277	0.014055999999982305	epochs	3.0
3454.1977837	0.02797629999986384	epochs	2.0
3454.1977837	0.014010599999892293	epochs	3.0
3454.2117943	0.013965699999971548	epochs	3.0
3454.22576	0.02779720000035013	epochs	2.0
3454.22576	0.013920800000050804	epochs	3.0
3454.2396808	0.013876400000299327	epochs	3.0
3454.2535572	0.027620399999705114	epochs	2.0
3454.2535572	0.013832199999797012	epochs	3.0
3454.2673894	0.013788199999908102	epochs	3.0
3454.2811776	0.027445900000202528	epochs	2.0
3454.2811776	0.013744600000336504	epochs	3.0
3454.2949222	0.013701299999866023	epochs	3.0
3454.3086235	0.027273499999864725	epochs	2.0
3454.3086235	0.013658200000008947	epochs	3.0
3454.3222817	0.013615299999855779	epochs	3.0
3454.335897	0.027103400000214606	epochs	2.0
3454.335897	0.013572800000019924	epochs	3.0
3454.3494698	0.013530600000194681	epochs	3.0
3454.3630004	0.02693520000002536	epochs	2.0
3454.3630004	0.01348839999991469	epochs	3.0
3454.3764888	0.01344680000011067	epochs	3.0
3454.3899356	0.02676919999976235	epochs	2.0
3454.3899356	0.013405199999851902	epochs	3.0
3454.4033408	0.013363999999910448	epochs	3.0
3454.4167048	0.02660520000017641	epochs	2.0
3454.4167048	0.013322900000275695	epochs	3.0
3454.4300277	0.013282299999900715	epochs	3.0
3454.44331	0.0264431999999033	epochs	2.0
3454.44331	0.013241699999980483	epochs	3.0
3454.4565517	0.013201499999922817	epochs	3.0
3454.4697532	0.026283199999852513	epochs	2.0
3454.4697532	0.013161500000023807	epochs	3.0
3454.4829147	0.013121699999828706	epochs	3.0
3454.4960364	0.026125000000320142	epochs	2.0
3454.4960364	0.01308210000024701	epochs	3.0
3454.5091185	0.013042900000073132	epochs	3.0
3454.5221614	0.025968899999952555	epochs	2.0
3454.5221614	0.013003899999603163	epochs	3.0
3454.5351653	0.012965000000349391	epochs	3.0
3454.5481303	0.02581449999979668	epochs	2.0
3454.5481303	0.012926399999741989	epochs	3.0
3454.5610567	0.012888100000054692	epochs	3.0
3454.5739448	0.02566190000015922	epochs	2.0
3454.5739448	0.01284990000021935	epochs	3.0
3454.5867947	0.012811999999939871	epochs	3.0
3454.5996067	0.025511199999982637	epochs	2.0
3454.5996067	0.012774400000125752	epochs	3.0
3454.6123811	0.012736799999856885	epochs	3.0
3454.6251179	0.02536229999986972	epochs	2.0
3454.6251179	0.012699699999757286	epochs	3.0
3454.6378176	0.012662600000112434	epochs	3.0
3454.6504802	0.02521500000011656	epochs	2.0
3454.6504802	0.012625800000023446	epochs	3.0
3454.663106	0.012589200000093115	epochs	3.0
3454.6756952	0.024584799999956886	epochs	2.0
3454.6983812	0.5	epochs	-1.0
3454.70028	0.544800000000123	epochs	1.0
3455.24508	0.455120000000079	epochs	0.0
3455.9930000305176	0.07528000000002066	epochs	0.0
3455.9930000305176	0.032641400000102294	epochs	1.0
3456.0256414305177	0.009997199999816075	epochs	1.0
3456.0356386305175	0.032641400000102294	epochs	1.0
3456.0682800305176	2.0	epochs	0.0
3458.0682800305176	5.36391999999978	epochs	0.0
3458.0682800305176	1.0	epochs	1.0
3458.0683012305176	0.5	epochs	-1.0
3458.5683012305176	4.863898799999788	epochs	-1.0
3459.0682800305176	4.36391999999978	epochs	1.0
3459.0682800305176	4.356753900000058	epochs	-1.0
3459.0682800305176	1.9745871999998599	epochs	2.0
3459.0682800305176	1.098562199999833	epochs	3.0
3460.1668422305174	0.8760250000000269	epochs	3.0
3461.0428672305175	1.3524075000000266	epochs	2.0
3461.0428672305175	0.7286355000001095	epochs	3.0
3461.7715027305176	0.6237719999999172	epochs	3.0
3462.3952747305175	1.0297592000001714	epochs	2.0
3462.3952747305175	0.5453293000000485	epochs	3.0
3462.9406040305175	0.48442990000012287	epochs	3.0
3463.4250339305177	0.007166099999722064	epochs	2.0
3463.4250339305177	0.007166099999722064	epochs	3.0
3463.4322000305174	16.636000000000422	epochs	0.0
3464.0960001945496	0.07528000000002066	epochs	0.0
3464.0960001945496	0.032641400000102294	epochs	1.0
3464.1286415945497	0.009997199999816075	epochs	1.0
3464.1386387945495	0.032641400000102294	epochs	1.0
3464.1712801945496	2.0	epochs	0.0
3466.1712801945496	21.524559999999838	epochs	0.0
3466.1712801945496	1.0	epochs	1.0
3466.1713013945496	0.5	epochs	-1.0
3466.6713013945496	19.998959999999897	epochs	-1.0
3467.1712801945496	20.0	epochs	1.0
3467.1712801945496	4.356753900000058	epochs	-1.0
3467.1712801945496	1.9745871999998599	epochs	2.0
3467.1712801945496	1.098562199999833	epochs	3.0
3468.2698423945494	0.8760250000000269	epochs	3.0
3469.1458673945494	1.3524075000000266	epochs	2.0
3469.1458673945494	0.7286355000001095	epochs	3.0
3469.8745028945496	0.6237719999999172	epochs	3.0
3470.4982748945495	1.0297592000001714	epochs	2.0
3470.4982748945495	0.5453293000000485	epochs	3.0
3471.0436041945495	0.48442990000012287	epochs	3.0
3471.5280340945496	0.8317861999998968	epochs	2.0
3471.5280340945496	0.4357762999998158	epochs	3.0
3471.9638103945495	0.39600990000008096	epochs	3.0
3472.3598202945495	0.6977969999998095	epochs	2.0
3472.3598202945495	0.3628982000000178	epochs	3.0
3472.7227184945496	0.33489879999979166	epochs	3.0
3473.0576172945493	0.6010457000002134	epochs	2.0
3473.0576172945493	0.31091230000038195	epochs	3.0
3473.3685295945497	0.29013339999983145	epochs	3.0
3473.6586629945496	0.5278859000000011	epochs	2.0
3473.6586629945496	0.2719585999998344	epochs	3.0
3473.9306215945494	0.2559273000001667	epochs	3.0
3474.1865488945496	0.4706193000001804	epochs	2.0
3474.1865488945496	0.241681299999982	epochs	3.0
3474.4282301945495	0.22893800000019837	epochs	3.0
3474.6571681945497	0.42457039999999324	epochs	2.0
3474.6571681945497	0.2174713999997948	epochs	3.0
3474.8746395945495	0.20709900000019843	epochs	3.0
3475.0817385945497	0.3867353999999068	epochs	2.0
3475.0817385945497	0.1976710999997522	epochs	3.0
3475.2794096945495	0.18906430000015462	epochs	3.0
3475.4684739945496	0.35509529999990264	epochs	2.0
3475.4684739945496	0.1811758999997437	epochs	3.0
3475.6496498945494	0.17391940000015893	epochs	3.0
3475.8235692945495	0.32824310000023615	epochs	2.0
3475.8235692945495	0.167221900000186	epochs	3.0
3475.9907911945497	0.16102120000005016	epochs	3.0
3476.15181239455	0.3051679999998669	epochs	2.0
3476.15181239455	0.1552638999996816	epochs	3.0
3476.3070762945495	0.14990410000018528	epochs	3.0
3476.4569803945496	0.28512529999989056	epochs	2.0
3476.4569803945496	0.14490209999985382	epochs	3.0
3476.6018824945495	0.14022320000003674	epochs	3.0
3476.7421056945495	0.2675537999998596	epochs	2.0
3476.7421056945495	0.1358368999999584	epochs	3.0
3476.8779425945495	0.13171689999990122	epochs	3.0
3477.0096594945494	0.25202290000015637	epochs	2.0
3477.0096594945494	0.12783930000023247	epochs	3.0
3477.1374987945496	0.1241835999999239	epochs	3.0
3477.2616823945496	0.23819649999995818	epochs	2.0
3477.2616823945496	0.1207310999998299	epochs	3.0
3477.3824134945494	0.11746540000012828	epochs	3.0
3477.4998788945495	0.22580879999986792	epochs	2.0
3477.4998788945495	0.11437190000015107	epochs	3.0
3477.6142507945497	0.11143689999971684	epochs	3.0
3477.7256876945494	0.21464600000035716	epochs	2.0
3477.7256876945494	0.1086489000003894	epochs	3.0
3477.8343365945498	0.10599709999996776	epochs	3.0
3477.9403336945497	0.2045349999998507	epochs	2.0
3477.9403336945497	0.10347149999961403	epochs	3.0
3478.0438051945493	0.10106350000023667	epochs	3.0
3478.1448686945496	0.19533400000000256	epochs	2.0
3478.1448686945496	0.09876510000003691	epochs	3.0
3478.2436337945496	0.09656889999996565	epochs	3.0
3478.3402026945496	0.18692529999998442	epochs	2.0
3478.3402026945496	0.09446829999978945	epochs	3.0
3478.4346709945494	0.09245700000019497	epochs	3.0
3478.5271279945496	0.1792107000001124	epochs	2.0
3478.5271279945496	0.0905296000000817	epochs	3.0
3478.6176575945497	0.08868110000003071	epochs	3.0
3478.7063386945497	0.17210769999974218	epochs	2.0
3478.7063386945497	0.08690630000000965	epochs	3.0
3478.7932449945497	0.08520139999973253	epochs	3.0
3478.8784463945494	0.16554640000003928	epochs	2.0
3478.8784463945494	0.08356189999994967	epochs	3.0
3478.9620082945494	0.08198450000008961	epochs	3.0
3479.0439927945495	0.15946710000025632	epochs	2.0
3479.0439927945495	0.08046539999986635	epochs	3.0
3479.1244581945493	0.07900170000038997	epochs	3.0
3479.2034598945497	0.1538183999996363	epochs	2.0
3479.2034598945497	0.07759009999972477	epochs	3.0
3479.2810499945494	0.07622829999991154	epochs	3.0
3479.3572782945494	0.14855640000041603	epochs	2.0
3479.3572782945494	0.07491330000038943	epochs	3.0
3479.4321915945497	0.0736431000000266	epochs	3.0
3479.50583469455	0.1436423999998624	epochs	2.0
3479.50583469455	0.07241499999963708	epochs	3.0
3479.5782496945494	0.07122740000022532	epochs	3.0
3479.6494770945496	0.13904309999998077	epochs	2.0
3479.6494770945496	0.0700779999997394	epochs	3.0
3479.7195550945494	0.06896510000024136	epochs	3.0
3479.7885201945496	0.13472929999988992	epochs	2.0
3479.7885201945496	0.0678871000000072	epochs	3.0
3479.8564072945496	0.06684219999988272	epochs	3.0
3479.9232494945495	0.1306752000000415	epochs	2.0
3479.9232494945495	0.06582909999997355	epochs	3.0
3479.9890785945495	0.06484610000006796	epochs	3.0
3480.0539246945496	0.1268577999999252	epochs	2.0
3480.0539246945496	0.06389200000012352	epochs	3.0
3480.1178166945497	0.06296579999980167	epochs	3.0
3480.1807824945495	0.12325719999989815	epochs	2.0
3480.1807824945495	0.06206580000025497	epochs	3.0
3480.2428482945497	0.06119139999964318	epochs	3.0
3480.3040396945494	0.1198554000002332	epochs	2.0
3480.3040396945494	0.060341100000187	epochs	3.0
3480.3643807945496	0.059514300000046205	epochs	3.0
3480.4238950945496	0.1166361999999026	epochs	2.0
3480.4238950945496	0.058709599999929196	epochs	3.0
3480.4826046945495	0.057926599999973405	epochs	3.0
3480.5405312945495	0.11358560000007856	epochs	2.0
3480.5405312945495	0.05716419999998834	epochs	3.0
3480.5976954945495	0.056421400000090216	epochs	3.0
3480.6541168945496	0.11069050000014613	epochs	2.0
3480.6541168945496	0.05569789999981367	epochs	3.0
3480.7098147945494	0.05499260000033246	epochs	3.0
3480.7648073945497	0.10793909999983953	epochs	2.0
3480.7648073945497	0.054304899999806366	epochs	3.0
3480.8191122945495	0.05363420000003316	epochs	3.0
3480.8727464945496	0.10532150000017282	epochs	2.0
3480.8727464945496	0.05297999999993408	epochs	3.0
3480.9257264945495	0.05234150000023874	epochs	3.0
3480.9780679945497	0.10282759999972768	epochs	2.0
3480.9780679945497	0.05171810000001642	epochs	3.0
3481.0297860945498	0.05110949999971126	epochs	3.0
3481.0808955945495	0.10044909999987794	epochs	2.0
3481.0808955945495	0.050514900000052876	epochs	3.0
3481.1314104945495	0.04993419999982507	epochs	3.0
3481.1813446945494	0.09817830000019967	epochs	2.0
3481.1813446945494	0.0493666000002122	epochs	3.0
3481.2307112945496	0.04881169999998747	epochs	3.0
3481.2795229945496	0.09600779999982478	epochs	2.0
3481.2795229945496	0.04826920000004975	epochs	3.0
3481.3277921945496	0.04773859999977503	epochs	3.0
3481.3755307945494	0.09393120000004274	epochs	2.0
3481.3755307945494	0.047219500000210246	epochs	3.0
3481.4227502945496	0.04671169999983249	epochs	3.0
3481.4694619945494	0.09194260000003851	epochs	2.0
3481.4694619945494	0.046214599999984785	epochs	3.0
3481.5156765945494	0.045728000000053726	epochs	3.0
3481.5614045945495	0.09003630000006524	epochs	2.0
3481.5614045945495	0.04525150000017675	epochs	3.0
3481.6066560945496	0.04478479999988849	epochs	3.0
3481.6514408945495	0.08820760000025984	epochs	2.0
3481.6514408945495	0.0443278000002465	epochs	3.0
3481.6957686945498	0.04387980000001335	epochs	3.0
3481.73964849455	0.0864516999999978	epochs	2.0
3481.73964849455	0.04344099999980244	epochs	3.0
3481.7830894945496	0.04301070000019536	epochs	3.0
3481.82610019455	0.08476429999973334	epochs	2.0
3481.82610019455	0.0425889999996798	epochs	3.0
3481.8686891945495	0.04217530000005354	epochs	3.0
3481.9108644945495	0.08314150000023801	epochs	2.0
3481.9108644945495	0.041769700000259036	epochs	3.0
3481.95263419455	0.041371799999978975	epochs	3.0
3481.9940059945498	0.08157970000002024	epochs	2.0
3481.9940059945498	0.040981399999964196	epochs	3.0
3482.0349873945497	0.04059830000005604	epochs	3.0
3482.0755856945498	0.08007549999956609	epochs	2.0
3482.0755856945498	0.04022229999964111	epochs	3.0
3482.1158079945494	0.03985319999992498	epochs	3.0
3482.1556611945493	0.07862570000042979	epochs	2.0
3482.1556611945493	0.03949080000029426	epochs	3.0
3482.1951519945496	0.03913490000013553	epochs	3.0
3482.2342868945498	0.07722759999978734	epochs	2.0
3482.2342868945498	0.03878539999959685	epochs	3.0
3482.2730722945494	0.038442200000190496	epochs	3.0
3482.3115144945496	0.07587819999980638	epochs	2.0
3482.3115144945496	0.03810479999992822	epochs	3.0
3482.3496192945495	0.037773399999878166	epochs	3.0
3482.3873926945494	0.07457520000025397	epochs	2.0
3482.3873926945494	0.03744770000002973	epochs	3.0
3482.4248403945494	0.037127500000224245	epochs	3.0
3482.4619678945496	0.07331629999998768	epochs	2.0
3482.4619678945496	0.03681289999985893	epochs	3.0
3482.4987807945495	0.03650340000012875	epochs	3.0
3482.5352841945496	0.07209899999998015	epochs	2.0
3482.5352841945496	0.03619909999997617	epochs	3.0
3482.5714832945496	0.03589990000000398	epochs	3.0
3482.6073831945496	0.07092169999987163	epochs	2.0
3482.6073831945496	0.03560560000005353	epochs	3.0
3482.6429887945496	0.03531609999981811	epochs	3.0
3482.6783048945495	0.06978200000003199	epochs	2.0
3482.6783048945495	0.03503120000004856	epochs	3.0
3482.7133360945495	0.03475079999998343	epochs	3.0
3482.7480868945495	0.06867860000011206	epochs	2.0
3482.7480868945495	0.034475100000236125	epochs	3.0
3482.7825619945497	0.03420349999987593	epochs	3.0
3482.8167654945496	0.06760930000018561	epochs	2.0
3482.8167654945496	0.033936199999970995	epochs	3.0
3482.8507016945496	0.03367310000021462	epochs	3.0
3482.88437479455	0.06657289999975546	epochs	2.0
3482.88437479455	0.03341399999999339	epochs	3.0
3482.91778879455	0.03315889999976207	epochs	3.0
3482.9509476945495	0.06556779999982609	epochs	2.0
3482.9509476945495	0.03290770000012344	epochs	3.0
3482.9838553945497	0.03266009999970265	epochs	3.0
3483.0165154945494	0.0645926000001964	epochs	2.0
3483.0165154945494	0.032416400000329304	epochs	3.0
3483.0489318945497	0.032176199999867094	epochs	3.0
3483.0811080945496	0.06364600000006249	epochs	2.0
3483.0811080945496	0.03193959999998697	epochs	3.0
3483.1130476945496	0.03170640000007552	epochs	3.0
3483.1447540945496	0.0627266999999847	epochs	2.0
3483.1447540945496	0.03147660000013275	epochs	3.0
3483.1762306945498	0.031250099999851955	epochs	3.0
3483.2074807945496	0.06183359999977256	epochs	2.0
3483.2074807945496	0.031026900000142632	epochs	3.0
3483.2385076945498	0.030806699999629927	epochs	3.0
3483.2693143945494	0.06096560000014506	epochs	2.0
3483.2693143945494	0.03058980000014344	epochs	3.0
3483.2999041945495	0.030375800000001618	epochs	3.0
3483.3302799945495	0.06012160000000222	epochs	2.0
3483.3302799945495	0.030164899999817862	epochs	3.0
3483.3604448945493	0.029956700000184355	epochs	3.0
3483.3904015945495	0.059300700000221696	epochs	2.0
3483.3904015945495	0.029751600000054168	epochs	3.0
3483.4201531945496	0.029549100000167527	epochs	3.0
3483.4497022945498	0.05850179999970351	epochs	2.0
3483.4497022945498	0.029349399999773595	epochs	3.0
3483.4790516945495	0.029152399999929912	epochs	3.0
3483.5082040945495	0.05772419999993872	epochs	2.0
3483.5082040945495	0.028958000000329776	epochs	3.0
3483.53716209455	0.028766199999608943	epochs	3.0
3483.5659282945494	0.0569671000002927	epochs	2.0
3483.5659282945494	0.028577000000041153	epochs	3.0
3483.5945052945494	0.02839010000025155	epochs	3.0
3483.6228953945497	0.05622949999997218	epochs	2.0
3483.6228953945497	0.028205699999944045	epochs	3.0
3483.6511010945496	0.028023800000028132	epochs	3.0
3483.6791248945497	0.05551070000001346	epochs	2.0
3483.6791248945497	0.02784399999973175	epochs	3.0
3483.7069688945494	0.027666700000281708	epochs	3.0
3483.7346355945497	0.05481019999979253	epochs	2.0
3483.7346355945497	0.02749149999999645	epochs	3.0
3483.7621270945497	0.02731869999979608	epochs	3.0
3483.7894457945495	0.054126999999880354	epochs	2.0
3483.7894457945495	0.027147799999966082	epochs	3.0
3483.8165935945494	0.026979199999914272	epochs	3.0
3483.8435727945493	0.05346070000041436	epochs	2.0
3483.8435727945493	0.026812600000084785	epochs	3.0
3483.8703853945494	0.026648100000329578	epochs	3.0
3483.8970334945498	0.05281070000000909	epochs	2.0
3483.8970334945498	0.0264855999998872	epochs	3.0
3483.9235190945496	0.026325100000121893	epochs	3.0
3483.9498441945498	0.052176199999848905	epochs	2.0
3483.9498441945498	0.026166399999965506	epochs	3.0
3483.9760105945497	0.0260097999998834	epochs	3.0
3484.0020203945496	0.05155669999976453	epochs	2.0
3484.0020203945496	0.02585480000016105	epochs	3.0
3484.02787519455	0.025701899999603484	epochs	3.0
3484.0535770945494	0.05095190000020011	epochs	2.0
3484.0535770945494	0.025550700000167126	epochs	3.0
3484.0791277945495	0.025401200000032986	epochs	3.0
3484.1045289945496	0.05036100000006627	epochs	2.0
3484.1045289945496	0.025253499999962514	epochs	3.0
3484.1297824945495	0.025107500000103755	epochs	3.0
3484.1548899945496	0.04978380000011384	epochs	2.0
3484.1548899945496	0.02496320000000196	epochs	3.0
3484.1798531945497	0.02482060000011188	epochs	3.0
3484.2046737945498	0.049219499999708205	epochs	2.0
3484.2046737945498	0.024679399999968155	epochs	3.0
3484.2293531945497	0.02454009999974005	epochs	3.0
3484.2538932945495	0.04866790000005494	epochs	2.0
3484.2538932945495	0.02440210000031584	epochs	3.0
3484.27829539455	0.0242657999997391	epochs	3.0
3484.3025611945495	0.048128599999927246	epochs	2.0
3484.3025611945495	0.024131000000124914	epochs	3.0
3484.3266921945497	0.023997599999802333	epochs	3.0
3484.3506897945495	0.047601100000065344	epochs	2.0
3484.3506897945495	0.023865800000294257	epochs	3.0
3484.3745555945497	0.023735299999771087	epochs	3.0
3484.3982908945495	0.04708500000015192	epochs	2.0
3484.3982908945495	0.023606300000210467	epochs	3.0
3484.4218971945497	0.023478699999941455	epochs	3.0
3484.4453758945497	0.04657999999972162	epochs	2.0
3484.4453758945497	0.023352499999873544	epochs	3.0
3484.4687283945495	0.023227499999848078	epochs	3.0
3484.4919558945494	0.04608570000027612	epochs	2.0
3484.4919558945494	0.023104000000330416	epochs	3.0
3484.5150598945497	0.022981699999945704	epochs	3.0
3484.5380415945497	0.045601799999985815	epochs	2.0
3484.5380415945497	0.02286069999991014	epochs	3.0
3484.5609022945496	0.022741100000075676	epochs	3.0
3484.5836433945497	0.045127899999897636	epochs	2.0
3484.5836433945497	0.022622500000125	epochs	3.0
3484.60626589455	0.022505399999772635	epochs	3.0
3484.6287712945496	0.04466379999985293	epochs	2.0
3484.6287712945496	0.022389300000213552	epochs	3.0
3484.6511605945498	0.022274499999639374	epochs	3.0
3484.6734350945494	0.04420920000029582	epochs	2.0
3484.6734350945494	0.02216080000016518	epochs	3.0
3484.6955958945496	0.02204840000013064	epochs	3.0
3484.7176442945497	0.043763599999692815	epochs	2.0
3484.7176442945497	0.021936899999673187	epochs	3.0
3484.7395811945494	0.021826700000019628	epochs	3.0
3484.7614078945494	0.043327100000169594	epochs	2.0
3484.7614078945494	0.02171760000010181	epochs	3.0
3484.7831254945495	0.021609500000067783	epochs	3.0
3484.8047349945496	0.04289900000003399	epochs	2.0
3484.8047349945496	0.021502500000224245	epochs	3.0
3484.82623749455	0.021396499999809748	epochs	3.0
3484.8476339945496	0.04247949999989942	epochs	2.0
3484.8476339945496	0.021291699999892444	epochs	3.0
3484.8689256945495	0.021187800000006973	epochs	3.0
3484.8901134945495	0.04206789999989269	epochs	2.0
3484.8901134945495	0.02108490000000529	epochs	3.0
3484.9111983945495	0.020982999999887397	epochs	3.0
3484.9321813945494	0.041664400000172463	epochs	2.0
3484.9321813945494	0.020882199999959994	epochs	3.0
3484.9530635945493	0.02078220000021247	epochs	3.0
3484.9738457945496	0.04126850000011473	epochs	2.0
3484.9738457945496	0.02068330000020069	epochs	3.0
3484.9945290945498	0.02058519999991404	epochs	3.0
3485.0151142945497	0.04088000000001557	epochs	2.0
3485.0151142945497	0.020488099999965925	epochs	3.0
3485.0356023945496	0.020391900000049645	epochs	3.0
3485.0559942945497	0.04049880000002304	epochs	2.0
3485.0559942945497	0.020296599999710452	epochs	3.0
3485.0762908945494	0.020202200000312587	epochs	3.0
3485.0964930945497	0.04012459999967177	epochs	2.0
3485.0964930945497	0.02010870000003706	epochs	3.0
3485.1166017945498	0.020015899999634712	epochs	3.0
3485.1366176945494	0.03975730000001931	epochs	2.0
3485.1366176945494	0.01992420000033235	epochs	3.0
3485.1565418945497	0.019833099999686965	epochs	3.0
3485.1763749945494	0.03939669999999751	epochs	2.0
3485.1763749945494	0.019743000000289612	epochs	3.0
3485.1961179945497	0.019653699999707896	epochs	3.0
3485.2157716945494	0.03904240000019854	epochs	2.0
3485.2157716945494	0.0195651000003636	epochs	3.0
3485.2353367945498	0.01947729999983494	epochs	3.0
3485.2548140945496	0.03869459999987157	epochs	2.0
3485.2548140945496	0.019390399999792862	epochs	3.0
3485.2742044945494	0.01930420000007871	epochs	3.0
3485.2935086945495	0.03835290000006353	epochs	2.0
3485.2935086945495	0.019218800000089686	epochs	3.0
3485.3127274945496	0.01913409999997384	epochs	3.0
3485.3318615945495	0.03801720000001296	epochs	2.0
3485.3318615945495	0.019050200000037876	epochs	3.0
3485.3509117945496	0.018966999999975087	epochs	3.0
3485.3698787945495	0.03768720000016401	epochs	2.0
3485.3698787945495	0.018884499999785476	epochs	3.0
3485.3887632945493	0.018802700000378536	epochs	3.0
3485.4075659945497	0.037363099999765836	epochs	2.0
3485.4075659945497	0.018721699999787234	epochs	3.0
3485.4262876945495	0.018641399999978603	epochs	3.0
3485.4449290945495	0.037044300000161456	epochs	2.0
3485.4449290945495	0.018561599999884493	epochs	3.0
3485.4634906945494	0.018482700000276964	epochs	3.0
3485.4819733945496	0.036731000000145286	epochs	2.0
3485.4819733945496	0.018404299999929208	epochs	3.0
3485.5003776945496	0.01832670000021608	epochs	3.0
3485.51870439455	0.036422899999706715	epochs	2.0
3485.51870439455	0.018249599999762722	epochs	3.0
3485.5369539945495	0.018173299999943993	epochs	3.0
3485.5551272945495	0.03612010000006194	epochs	2.0
3485.5551272945495	0.018097600000146485	epochs	3.0
3485.5732248945496	0.018022499999915453	epochs	3.0
3485.5912473945496	0.035822100000132195	epochs	2.0
3485.5912473945496	0.01794789999985369	epochs	3.0
3485.6091952945494	0.017874200000278506	epochs	3.0
3485.6270694945497	0.03552899999976944	epochs	2.0
3485.6270694945497	0.01780079999980444	epochs	3.0
3485.6448702945495	0.017728199999965	epochs	3.0
3485.6625984945495	0.03524070000003121	epochs	2.0
3485.6625984945495	0.017656100000294828	epochs	3.0
3485.6802545945498	0.017584599999736383	epochs	3.0
3485.6978391945495	0.03495710000015606	epochs	2.0
3485.6978391945495	0.017513700000108656	epochs	3.0
3485.7153528945496	0.017443400000047404	epochs	3.0
3485.7327962945496	0.03467790000013338	epochs	2.0
3485.7327962945496	0.017373599999700673	epochs	3.0
3485.7501698945493	0.017304300000432704	epochs	3.0
3485.76747419455	0.03440329999966707	epochs	2.0
3485.76747419455	0.01723569999967367	epochs	3.0
3485.7847098945495	0.0171675999999934	epochs	3.0
3485.8018774945494	0.03413279999995211	epochs	2.0
3485.8018774945494	0.017099900000175694	epochs	3.0
3485.8189773945496	0.01703289999977642	epochs	3.0
3485.8360102945494	0.03386670000008962	epochs	2.0
3485.8360102945494	0.01696640000000116	epochs	3.0
3485.8529766945494	0.016900300000088464	epochs	3.0
3485.8698769945495	0.03360460000021703	epochs	2.0
3485.8698769945495	0.016834800000196992	epochs	3.0
3485.8867117945497	0.01676980000002004	epochs	3.0
3485.9034815945497	0.03334659999973155	epochs	2.0
3485.9034815945497	0.016705300000012357	epochs	3.0
3485.9201868945497	0.016641299999719195	epochs	3.0
3485.9368281945494	0.03309250000029351	epochs	2.0
3485.9368281945494	0.016577800000050047	epochs	3.0
3485.9534059945495	0.016514700000243465	epochs	3.0
3485.9699206945497	0.032842299999629176	epochs	2.0
3485.9699206945497	0.01645220000000336	epochs	3.0
3485.9863728945497	0.016390099999625818	epochs	3.0
3486.0027629945494	0.03259570000000167	epochs	2.0
3486.0027629945494	0.016328400000020338	epochs	3.0
3486.0190913945494	0.016267299999981333	epochs	3.0
3486.0353586945494	0.03235290000020541	epochs	2.0
3486.0353586945494	0.01620660000025964	epochs	3.0
3486.0515652945496	0.016146299999945768	epochs	3.0
3486.0677115945496	0.032113700000081735	epochs	2.0
3486.0677115945496	0.016086600000107865	epochs	3.0
3486.0837981945497	0.01602709999997387	epochs	3.0
3486.0998252945496	0.031877999999778694	epochs	2.0
3486.0998252945496	0.0159681999998611	epochs	3.0
3486.1157934945495	0.015909799999917595	epochs	3.0
3486.1317032945494	0.03164570000035383	epochs	2.0
3486.1317032945494	0.01585160000013275	epochs	3.0
3486.1475548945496	0.01579410000022108	epochs	3.0
3486.16334899455	0.03141669999968144	epochs	2.0
3486.16334899455	0.015736699999706616	epochs	3.0
3486.1790856945495	0.015679999999974825	epochs	3.0
3486.1947656945495	0.03119109999988723	epochs	2.0
3486.1947656945495	0.015623600000253646	epochs	3.0
3486.2103892945497	0.015567499999633583	epochs	3.0
3486.2259567945493	0.030968700000357785	epochs	2.0
3486.2259567945493	0.015512000000398984	epochs	3.0
3486.2414687945497	0.0154566999999588	epochs	3.0
3486.2569254945497	0.03074949999972887	epochs	2.0
3486.2569254945497	0.015401999999994587	epochs	3.0
3486.2723274945497	0.015347499999734282	epochs	3.0
3486.2876749945494	0.030533200000263605	epochs	2.0
3486.2876749945494	0.015293400000246038	epochs	3.0
3486.3029683945497	0.015239800000017567	epochs	3.0
3486.3182081945497	0.03032009999969887	epochs	2.0
3486.3182081945497	0.015186499999799707	epochs	3.0
3486.3333946945495	0.015133599999899161	epochs	3.0
3486.3485282945494	0.030109900000297785	epochs	2.0
3486.3485282945494	0.015081000000009226	epochs	3.0
3486.3636092945494	0.015028900000288559	epochs	3.0
3486.3786381945497	0.029902499999934662	epochs	2.0
3486.3786381945497	0.014976999999817053	epochs	3.0
3486.3936151945495	0.014925500000117609	epochs	3.0
3486.4085406945496	0.0296981000001324	epochs	2.0
3486.4085406945496	0.014874399999825982	epochs	3.0
3486.4234150945495	0.014823700000306417	epochs	3.0
3486.4382387945498	0.02949629999966419	epochs	2.0
3486.4382387945498	0.014773199999581266	epochs	3.0
3486.4530119945493	0.014723100000082923	epochs	3.0
3486.4677350945494	0.02929740000035963	epochs	2.0
3486.4677350945494	0.014673399999992398	epochs	3.0
3486.4824084945494	0.014624000000367232	epochs	3.0
3486.49703249455	0.029101099999934377	epochs	2.0
3486.49703249455	0.014574899999843183	epochs	3.0
3486.5116073945496	0.014526200000091194	epochs	3.0
3486.5261335945497	0.02890739999975267	epochs	2.0
3486.5261335945497	0.014477700000043114	epochs	3.0
3486.5406112945498	0.014429699999709555	epochs	3.0
3486.5550409945495	0.028716199999962555	epochs	2.0
3486.5550409945495	0.014381800000137446	epochs	3.0
3486.5694227945496	0.01433439999982511	epochs	3.0
3486.5837571945494	0.02852759999996124	epochs	2.0
3486.5837571945494	0.014287200000126177	epochs	3.0
3486.5980443945496	0.014240399999835063	epochs	3.0
3486.6122847945494	0.028341400000044814	epochs	2.0
3486.6122847945494	0.014193800000157353	epochs	3.0
3486.6264785945496	0.014147599999887461	epochs	3.0
3486.6406261945494	0.028157700000065233	epochs	2.0
3486.6406261945494	0.014101700000082928	epochs	3.0
3486.6547278945495	0.014055999999982305	epochs	3.0
3486.6687838945495	0.02797629999986384	epochs	2.0
3486.6687838945495	0.014010599999892293	epochs	3.0
3486.6827944945494	0.013965699999971548	epochs	3.0
3486.6967601945494	0.02779720000035013	epochs	2.0
3486.6967601945494	0.013920800000050804	epochs	3.0
3486.7106809945494	0.013876400000299327	epochs	3.0
3486.7245573945497	0.027620399999705114	epochs	2.0
3486.7245573945497	0.013832199999797012	epochs	3.0
3486.7383895945495	0.013788199999908102	epochs	3.0
3486.7521777945494	0.027445900000202528	epochs	2.0
3486.7521777945494	0.013744600000336504	epochs	3.0
3486.7659223945498	0.013701299999866023	epochs	3.0
3486.7796236945496	0.027273499999864725	epochs	2.0
3486.7796236945496	0.013658200000008947	epochs	3.0
3486.7932818945496	0.013615299999855779	epochs	3.0
3486.8068971945495	0.027103400000214606	epochs	2.0
3486.8068971945495	0.013572800000019924	epochs	3.0
3486.8204699945495	0.013530600000194681	epochs	3.0
3486.8340005945497	0.02693520000002536	epochs	2.0
3486.8340005945497	0.01348839999991469	epochs	3.0
3486.8474889945496	0.01344680000011067	epochs	3.0
3486.8609357945497	0.02676919999976235	epochs	2.0
3486.8609357945497	0.013405199999851902	epochs	3.0
3486.8743409945496	0.013363999999910448	epochs	3.0
3486.8877049945495	0.02660520000017641	epochs	2.0
3486.8877049945495	0.013322900000275695	epochs	3.0
3486.9010278945498	0.013282299999900715	epochs	3.0
3486.9143101945497	0.0264431999999033	epochs	2.0
3486.9143101945497	0.013241699999980483	epochs	3.0
3486.9275518945497	0.013201499999922817	epochs	3.0
3486.9407533945496	0.026283199999852513	epochs	2.0
3486.9407533945496	0.013161500000023807	epochs	3.0
3486.9539148945496	0.013121699999828706	epochs	3.0
3486.9670365945494	0.026125000000320142	epochs	2.0
3486.9670365945494	0.01308210000024701	epochs	3.0
3486.9801186945497	0.013042900000073132	epochs	3.0
3486.9931615945497	0.025968899999952555	epochs	2.0
3486.9931615945497	0.013003899999603163	epochs	3.0
3487.0061654945494	0.012965000000349391	epochs	3.0
3487.0191304945497	0.02581449999979668	epochs	2.0
3487.0191304945497	0.012926399999741989	epochs	3.0
3487.0320568945494	0.012888100000054692	epochs	3.0
3487.0449449945495	0.02566190000015922	epochs	2.0
3487.0449449945495	0.01284990000021935	epochs	3.0
3487.0577948945497	0.012811999999939871	epochs	3.0
3487.0706068945497	0.025511199999982637	epochs	2.0
3487.0706068945497	0.012774400000125752	epochs	3.0
3487.08338129455	0.012736799999856885	epochs	3.0
3487.0961180945496	0.02536229999986972	epochs	2.0
3487.0961180945496	0.012699699999757286	epochs	3.0
3487.1088177945494	0.012662600000112434	epochs	3.0
3487.1214803945495	0.02521500000011656	epochs	2.0
3487.1214803945495	0.012625800000023446	epochs	3.0
3487.1341061945495	0.012589200000093115	epochs	3.0
3487.1466953945496	0.024584799999956886	epochs	2.0
3487.1702613945495	0.5	epochs	-1.0
3487.1712801945496	0.5245599999998376	epochs	1.0
3487.6958401945494	0.4753600000003644	epochs	0.0
3488.414999961853	0.07528000000002066	epochs	0.0
3488.414999961853	0.032641400000102294	epochs	1.0
3488.447641361853	0.009997199999816075	epochs	1.0
3488.457638561853	0.032641400000102294	epochs	1.0
3488.490279961853	2.0	epochs	0.0
3490.490279961853	21.504959999999755	epochs	0.0
3490.490279961853	1.0	epochs	1.0
3490.490301161853	0.5	epochs	-1.0
3490.990301161853	19.998959999999897	epochs	-1.0
3491.490279961853	20.0	epochs	1.0
3491.490279961853	4.356753900000058	epochs	-1.0
3491.490279961853	1.9745871999998599	epochs	2.0
3491.490279961853	1.098562199999833	epochs	3.0
3492.588842161853	0.8760250000000269	epochs	3.0
3493.464867161853	1.3524075000000266	epochs	2.0
3493.464867161853	0.7286355000001095	epochs	3.0
3494.193502661853	0.6237719999999172	epochs	3.0
3494.817274661853	1.0297592000001714	epochs	2.0
3494.817274661853	0.5453293000000485	epochs	3.0
3495.362603961853	0.48442990000012287	epochs	3.0
3495.847033861853	0.8317861999998968	epochs	2.0
3495.847033861853	0.4357762999998158	epochs	3.0
3496.282810161853	0.39600990000008096	epochs	3.0
3496.678820061853	0.6977969999998095	epochs	2.0
3496.678820061853	0.3628982000000178	epochs	3.0
3497.041718261853	0.33489879999979166	epochs	3.0
3497.376617061853	0.6010457000002134	epochs	2.0
3497.376617061853	0.31091230000038195	epochs	3.0
3497.687529361853	0.29013339999983145	epochs	3.0
3497.977662761853	0.5278859000000011	epochs	2.0
3497.977662761853	0.2719585999998344	epochs	3.0
3498.249621361853	0.2559273000001667	epochs	3.0
3498.505548661853	0.4706193000001804	epochs	2.0
3498.505548661853	0.241681299999982	epochs	3.0
3498.747229961853	0.22893800000019837	epochs	3.0
3498.976167961853	0.42457039999999324	epochs	2.0
3498.976167961853	0.2174713999997948	epochs	3.0
3499.193639361853	0.20709900000019843	epochs	3.0
3499.400738361853	0.3867353999999068	epochs	2.0
3499.400738361853	0.1976710999997522	epochs	3.0
3499.598409461853	0.18906430000015462	epochs	3.0
3499.787473761853	0.35509529999990264	epochs	2.0
3499.787473761853	0.1811758999997437	epochs	3.0
3499.968649661853	0.17391940000015893	epochs	3.0
3500.142569061853	0.32824310000023615	epochs	2.0
3500.142569061853	0.167221900000186	epochs	3.0
3500.309790961853	0.16102120000005016	epochs	3.0
3500.4708121618532	0.3051679999998669	epochs	2.0
3500.4708121618532	0.1552638999996816	epochs	3.0
3500.626076061853	0.14990410000018528	epochs	3.0
3500.775980161853	0.28512529999989056	epochs	2.0
3500.775980161853	0.14490209999985382	epochs	3.0
3500.920882261853	0.14022320000003674	epochs	3.0
3501.061105461853	0.2675537999998596	epochs	2.0
3501.061105461853	0.1358368999999584	epochs	3.0
3501.196942361853	0.13171689999990122	epochs	3.0
3501.328659261853	0.25202290000015637	epochs	2.0
3501.328659261853	0.12783930000023247	epochs	3.0
3501.456498561853	0.1241835999999239	epochs	3.0
3501.580682161853	0.23819649999995818	epochs	2.0
3501.580682161853	0.1207310999998299	epochs	3.0
3501.701413261853	0.11746540000012828	epochs	3.0
3501.818878661853	0.22580879999986792	epochs	2.0
3501.818878661853	0.11437190000015107	epochs	3.0
3501.933250561853	0.11143689999971684	epochs	3.0
3502.044687461853	0.21464600000035716	epochs	2.0
3502.044687461853	0.1086489000003894	epochs	3.0
3502.1533363618532	0.10599709999996776	epochs	3.0
3502.259333461853	0.2045349999998507	epochs	2.0
3502.259333461853	0.10347149999961403	epochs	3.0
3502.362804961853	0.10106350000023667	epochs	3.0
3502.463868461853	0.19533400000000256	epochs	2.0
3502.463868461853	0.09876510000003691	epochs	3.0
3502.562633561853	0.09656889999996565	epochs	3.0
3502.659202461853	0.18692529999998442	epochs	2.0
3502.659202461853	0.09446829999978945	epochs	3.0
3502.753670761853	0.09245700000019497	epochs	3.0
3502.846127761853	0.1792107000001124	epochs	2.0
3502.846127761853	0.0905296000000817	epochs	3.0
3502.936657361853	0.08868110000003071	epochs	3.0
3503.025338461853	0.17210769999974218	epochs	2.0
3503.025338461853	0.08690630000000965	epochs	3.0
3503.112244761853	0.08520139999973253	epochs	3.0
3503.197446161853	0.16554640000003928	epochs	2.0
3503.197446161853	0.08356189999994967	epochs	3.0
3503.281008061853	0.08198450000008961	epochs	3.0
3503.362992561853	0.15946710000025632	epochs	2.0
3503.362992561853	0.08046539999986635	epochs	3.0
3503.443457961853	0.07900170000038997	epochs	3.0
3503.522459661853	0.1538183999996363	epochs	2.0
3503.522459661853	0.07759009999972477	epochs	3.0
3503.600049761853	0.07622829999991154	epochs	3.0
3503.676278061853	0.14855640000041603	epochs	2.0
3503.676278061853	0.07491330000038943	epochs	3.0
3503.751191361853	0.0736431000000266	epochs	3.0
3503.8248344618532	0.1436423999998624	epochs	2.0
3503.8248344618532	0.07241499999963708	epochs	3.0
3503.897249461853	0.07122740000022532	epochs	3.0
3503.968476861853	0.13904309999998077	epochs	2.0
3503.968476861853	0.0700779999997394	epochs	3.0
3504.038554861853	0.06896510000024136	epochs	3.0
3504.107519961853	0.13472929999988992	epochs	2.0
3504.107519961853	0.0678871000000072	epochs	3.0
3504.175407061853	0.06684219999988272	epochs	3.0
3504.242249261853	0.1306752000000415	epochs	2.0
3504.242249261853	0.06582909999997355	epochs	3.0
3504.308078361853	0.06484610000006796	epochs	3.0
3504.372924461853	0.1268577999999252	epochs	2.0
3504.372924461853	0.06389200000012352	epochs	3.0
3504.436816461853	0.06296579999980167	epochs	3.0
3504.499782261853	0.12325719999989815	epochs	2.0
3504.499782261853	0.06206580000025497	epochs	3.0
3504.561848061853	0.06119139999964318	epochs	3.0
3504.623039461853	0.1198554000002332	epochs	2.0
3504.623039461853	0.060341100000187	epochs	3.0
3504.683380561853	0.059514300000046205	epochs	3.0
3504.742894861853	0.1166361999999026	epochs	2.0
3504.742894861853	0.058709599999929196	epochs	3.0
3504.801604461853	0.057926599999973405	epochs	3.0
3504.859531061853	0.11358560000007856	epochs	2.0
3504.859531061853	0.05716419999998834	epochs	3.0
3504.916695261853	0.056421400000090216	epochs	3.0
3504.973116661853	0.11069050000014613	epochs	2.0
3504.973116661853	0.05569789999981367	epochs	3.0
3505.028814561853	0.05499260000033246	epochs	3.0
3505.083807161853	0.10793909999983953	epochs	2.0
3505.083807161853	0.054304899999806366	epochs	3.0
3505.138112061853	0.05363420000003316	epochs	3.0
3505.191746261853	0.10532150000017282	epochs	2.0
3505.191746261853	0.05297999999993408	epochs	3.0
3505.244726261853	0.05234150000023874	epochs	3.0
3505.297067761853	0.10282759999972768	epochs	2.0
3505.297067761853	0.05171810000001642	epochs	3.0
3505.3487858618532	0.05110949999971126	epochs	3.0
3505.399895361853	0.10044909999987794	epochs	2.0
3505.399895361853	0.050514900000052876	epochs	3.0
3505.450410261853	0.04993419999982507	epochs	3.0
3505.500344461853	0.09817830000019967	epochs	2.0
3505.500344461853	0.0493666000002122	epochs	3.0
3505.549711061853	0.04881169999998747	epochs	3.0
3505.598522761853	0.09600779999982478	epochs	2.0
3505.598522761853	0.04826920000004975	epochs	3.0
3505.646791961853	0.04773859999977503	epochs	3.0
3505.694530561853	0.09393120000004274	epochs	2.0
3505.694530561853	0.047219500000210246	epochs	3.0
3505.741750061853	0.04671169999983249	epochs	3.0
3505.788461761853	0.09194260000003851	epochs	2.0
3505.788461761853	0.046214599999984785	epochs	3.0
3505.834676361853	0.045728000000053726	epochs	3.0
3505.880404361853	0.09003630000006524	epochs	2.0
3505.880404361853	0.04525150000017675	epochs	3.0
3505.925655861853	0.04478479999988849	epochs	3.0
3505.970440661853	0.08820760000025984	epochs	2.0
3505.970440661853	0.0443278000002465	epochs	3.0
3506.0147684618532	0.04387980000001335	epochs	3.0
3506.0586482618533	0.0864516999999978	epochs	2.0
3506.0586482618533	0.04344099999980244	epochs	3.0
3506.102089261853	0.04301070000019536	epochs	3.0
3506.1450999618532	0.08476429999973334	epochs	2.0
3506.1450999618532	0.0425889999996798	epochs	3.0
3506.187688961853	0.04217530000005354	epochs	3.0
3506.229864261853	0.08314150000023801	epochs	2.0
3506.229864261853	0.041769700000259036	epochs	3.0
3506.2716339618532	0.041371799999978975	epochs	3.0
3506.313005761853	0.08157970000002024	epochs	2.0
3506.313005761853	0.040981399999964196	epochs	3.0
3506.353987161853	0.04059830000005604	epochs	3.0
3506.3945854618532	0.08007549999956609	epochs	2.0
3506.3945854618532	0.04022229999964111	epochs	3.0
3506.434807761853	0.03985319999992498	epochs	3.0
3506.474660961853	0.07862570000042979	epochs	2.0
3506.474660961853	0.03949080000029426	epochs	3.0
3506.514151761853	0.03913490000013553	epochs	3.0
3506.5532866618532	0.07722759999978734	epochs	2.0
3506.5532866618532	0.03878539999959685	epochs	3.0
3506.592072061853	0.038442200000190496	epochs	3.0
3506.630514261853	0.07587819999980638	epochs	2.0
3506.630514261853	0.03810479999992822	epochs	3.0
3506.668619061853	0.037773399999878166	epochs	3.0
3506.706392461853	0.07457520000025397	epochs	2.0
3506.706392461853	0.03744770000002973	epochs	3.0
3506.743840161853	0.037127500000224245	epochs	3.0
3506.780967661853	0.07331629999998768	epochs	2.0
3506.780967661853	0.03681289999985893	epochs	3.0
3506.817780561853	0.03650340000012875	epochs	3.0
3506.854283961853	0.07209899999998015	epochs	2.0
3506.854283961853	0.03619909999997617	epochs	3.0
3506.890483061853	0.03589990000000398	epochs	3.0
3506.926382961853	0.07092169999987163	epochs	2.0
3506.926382961853	0.03560560000005353	epochs	3.0
3506.961988561853	0.03531609999981811	epochs	3.0
3506.997304661853	0.06978200000003199	epochs	2.0
3506.997304661853	0.03503120000004856	epochs	3.0
3507.032335861853	0.03475079999998343	epochs	3.0
3507.067086661853	0.06867860000011206	epochs	2.0
3507.067086661853	0.034475100000236125	epochs	3.0
3507.101561761853	0.03420349999987593	epochs	3.0
3507.135765261853	0.06760930000018561	epochs	2.0
3507.135765261853	0.033936199999970995	epochs	3.0
3507.169701461853	0.03367310000021462	epochs	3.0
3507.2033745618533	0.06657289999975546	epochs	2.0
3507.2033745618533	0.03341399999999339	epochs	3.0
3507.2367885618532	0.03315889999976207	epochs	3.0
3507.269947461853	0.06556779999982609	epochs	2.0
3507.269947461853	0.03290770000012344	epochs	3.0
3507.302855161853	0.03266009999970265	epochs	3.0
3507.335515261853	0.0645926000001964	epochs	2.0
3507.335515261853	0.032416400000329304	epochs	3.0
3507.367931661853	0.032176199999867094	epochs	3.0
3507.400107861853	0.06364600000006249	epochs	2.0
3507.400107861853	0.03193959999998697	epochs	3.0
3507.432047461853	0.03170640000007552	epochs	3.0
3507.463753861853	0.0627266999999847	epochs	2.0
3507.463753861853	0.03147660000013275	epochs	3.0
3507.495230461853	0.031250099999851955	epochs	3.0
3507.526480561853	0.06183359999977256	epochs	2.0
3507.526480561853	0.031026900000142632	epochs	3.0
3507.557507461853	0.030806699999629927	epochs	3.0
3507.588314161853	0.06096560000014506	epochs	2.0
3507.588314161853	0.03058980000014344	epochs	3.0
3507.618903961853	0.030375800000001618	epochs	3.0
3507.649279761853	0.06012160000000222	epochs	2.0
3507.649279761853	0.030164899999817862	epochs	3.0
3507.679444661853	0.029956700000184355	epochs	3.0
3507.709401361853	0.059300700000221696	epochs	2.0
3507.709401361853	0.029751600000054168	epochs	3.0
3507.739152961853	0.029549100000167527	epochs	3.0
3507.768702061853	0.05850179999970351	epochs	2.0
3507.768702061853	0.029349399999773595	epochs	3.0
3507.798051461853	0.029152399999929912	epochs	3.0
3507.827203861853	0.05772419999993872	epochs	2.0
3507.827203861853	0.028958000000329776	epochs	3.0
3507.8561618618533	0.028766199999608943	epochs	3.0
3507.884928061853	0.0569671000002927	epochs	2.0
3507.884928061853	0.028577000000041153	epochs	3.0
3507.913505061853	0.02839010000025155	epochs	3.0
3507.941895161853	0.05622949999997218	epochs	2.0
3507.941895161853	0.028205699999944045	epochs	3.0
3507.970100861853	0.028023800000028132	epochs	3.0
3507.998124661853	0.05551070000001346	epochs	2.0
3507.998124661853	0.02784399999973175	epochs	3.0
3508.025968661853	0.027666700000281708	epochs	3.0
3508.053635361853	0.05481019999979253	epochs	2.0
3508.053635361853	0.02749149999999645	epochs	3.0
3508.081126861853	0.02731869999979608	epochs	3.0
3508.108445561853	0.054126999999880354	epochs	2.0
3508.108445561853	0.027147799999966082	epochs	3.0
3508.135593361853	0.026979199999914272	epochs	3.0
3508.162572561853	0.05346070000041436	epochs	2.0
3508.162572561853	0.026812600000084785	epochs	3.0
3508.189385161853	0.026648100000329578	epochs	3.0
3508.216033261853	0.05281070000000909	epochs	2.0
3508.216033261853	0.0264855999998872	epochs	3.0
3508.242518861853	0.026325100000121893	epochs	3.0
3508.2688439618532	0.052176199999848905	epochs	2.0
3508.2688439618532	0.026166399999965506	epochs	3.0
3508.295010361853	0.0260097999998834	epochs	3.0
3508.321020161853	0.05155669999976453	epochs	2.0
3508.321020161853	0.02585480000016105	epochs	3.0
3508.3468749618532	0.025701899999603484	epochs	3.0
3508.372576861853	0.05095190000020011	epochs	2.0
3508.372576861853	0.025550700000167126	epochs	3.0
3508.398127561853	0.025401200000032986	epochs	3.0
3508.423528761853	0.05036100000006627	epochs	2.0
3508.423528761853	0.025253499999962514	epochs	3.0
3508.448782261853	0.025107500000103755	epochs	3.0
3508.473889761853	0.04978380000011384	epochs	2.0
3508.473889761853	0.02496320000000196	epochs	3.0
3508.498852961853	0.02482060000011188	epochs	3.0
3508.5236735618532	0.049219499999708205	epochs	2.0
3508.5236735618532	0.024679399999968155	epochs	3.0
3508.548352961853	0.02454009999974005	epochs	3.0
3508.572893061853	0.04866790000005494	epochs	2.0
3508.572893061853	0.02440210000031584	epochs	3.0
3508.5972951618533	0.0242657999997391	epochs	3.0
3508.621560961853	0.048128599999927246	epochs	2.0
3508.621560961853	0.024131000000124914	epochs	3.0
3508.645691961853	0.023997599999802333	epochs	3.0
3508.669689561853	0.047601100000065344	epochs	2.0
3508.669689561853	0.023865800000294257	epochs	3.0
3508.693555361853	0.023735299999771087	epochs	3.0
3508.717290661853	0.04708500000015192	epochs	2.0
3508.717290661853	0.023606300000210467	epochs	3.0
3508.740896961853	0.023478699999941455	epochs	3.0
3508.764375661853	0.04657999999972162	epochs	2.0
3508.764375661853	0.023352499999873544	epochs	3.0
3508.787728161853	0.023227499999848078	epochs	3.0
3508.810955661853	0.04608570000027612	epochs	2.0
3508.810955661853	0.023104000000330416	epochs	3.0
3508.834059661853	0.022981699999945704	epochs	3.0
3508.857041361853	0.045601799999985815	epochs	2.0
3508.857041361853	0.02286069999991014	epochs	3.0
3508.879902061853	0.022741100000075676	epochs	3.0
3508.902643161853	0.045127899999897636	epochs	2.0
3508.902643161853	0.022622500000125	epochs	3.0
3508.9252656618532	0.022505399999772635	epochs	3.0
3508.947771061853	0.04466379999985293	epochs	2.0
3508.947771061853	0.022389300000213552	epochs	3.0
3508.9701603618532	0.022274499999639374	epochs	3.0
3508.992434861853	0.04420920000029582	epochs	2.0
3508.992434861853	0.02216080000016518	epochs	3.0
3509.014595661853	0.02204840000013064	epochs	3.0
3509.036644061853	0.043763599999692815	epochs	2.0
3509.036644061853	0.021936899999673187	epochs	3.0
3509.058580961853	0.021826700000019628	epochs	3.0
3509.080407661853	0.043327100000169594	epochs	2.0
3509.080407661853	0.02171760000010181	epochs	3.0
3509.102125261853	0.021609500000067783	epochs	3.0
3509.123734761853	0.04289900000003399	epochs	2.0
3509.123734761853	0.021502500000224245	epochs	3.0
3509.1452372618533	0.021396499999809748	epochs	3.0
3509.166633761853	0.04247949999989942	epochs	2.0
3509.166633761853	0.021291699999892444	epochs	3.0
3509.187925461853	0.021187800000006973	epochs	3.0
3509.209113261853	0.04206789999989269	epochs	2.0
3509.209113261853	0.02108490000000529	epochs	3.0
3509.230198161853	0.020982999999887397	epochs	3.0
3509.251181161853	0.041664400000172463	epochs	2.0
3509.251181161853	0.020882199999959994	epochs	3.0
3509.272063361853	0.02078220000021247	epochs	3.0
3509.292845561853	0.04126850000011473	epochs	2.0
3509.292845561853	0.02068330000020069	epochs	3.0
3509.3135288618532	0.02058519999991404	epochs	3.0
3509.334114061853	0.04088000000001557	epochs	2.0
3509.334114061853	0.020488099999965925	epochs	3.0
3509.354602161853	0.020391900000049645	epochs	3.0
3509.374994061853	0.04049880000002304	epochs	2.0
3509.374994061853	0.020296599999710452	epochs	3.0
3509.395290661853	0.020202200000312587	epochs	3.0
3509.415492861853	0.04012459999967177	epochs	2.0
3509.415492861853	0.02010870000003706	epochs	3.0
3509.435601561853	0.020015899999634712	epochs	3.0
3509.455617461853	0.03975730000001931	epochs	2.0
3509.455617461853	0.01992420000033235	epochs	3.0
3509.475541661853	0.019833099999686965	epochs	3.0
3509.495374761853	0.03939669999999751	epochs	2.0
3509.495374761853	0.019743000000289612	epochs	3.0
3509.515117761853	0.019653699999707896	epochs	3.0
3509.534771461853	0.03904240000019854	epochs	2.0
3509.534771461853	0.0195651000003636	epochs	3.0
3509.5543365618532	0.01947729999983494	epochs	3.0
3509.573813861853	0.03869459999987157	epochs	2.0
3509.573813861853	0.019390399999792862	epochs	3.0
3509.593204261853	0.01930420000007871	epochs	3.0
3509.612508461853	0.03835290000006353	epochs	2.0
3509.612508461853	0.019218800000089686	epochs	3.0
3509.631727261853	0.01913409999997384	epochs	3.0
3509.650861361853	0.03801720000001296	epochs	2.0
3509.650861361853	0.019050200000037876	epochs	3.0
3509.669911561853	0.018966999999975087	epochs	3.0
3509.688878561853	0.03768720000016401	epochs	2.0
3509.688878561853	0.018884499999785476	epochs	3.0
3509.707763061853	0.018802700000378536	epochs	3.0
3509.726565761853	0.037363099999765836	epochs	2.0
3509.726565761853	0.018721699999787234	epochs	3.0
3509.745287461853	0.018641399999978603	epochs	3.0
3509.763928861853	0.037044300000161456	epochs	2.0
3509.763928861853	0.018561599999884493	epochs	3.0
3509.782490461853	0.018482700000276964	epochs	3.0
3509.800973161853	0.036731000000145286	epochs	2.0
3509.800973161853	0.018404299999929208	epochs	3.0
3509.819377461853	0.01832670000021608	epochs	3.0
3509.8377041618533	0.036422899999706715	epochs	2.0
3509.8377041618533	0.018249599999762722	epochs	3.0
3509.855953761853	0.018173299999943993	epochs	3.0
3509.874127061853	0.03612010000006194	epochs	2.0
3509.874127061853	0.018097600000146485	epochs	3.0
3509.892224661853	0.018022499999915453	epochs	3.0
3509.910247161853	0.035822100000132195	epochs	2.0
3509.910247161853	0.01794789999985369	epochs	3.0
3509.928195061853	0.017874200000278506	epochs	3.0
3509.946069261853	0.03552899999976944	epochs	2.0
3509.946069261853	0.01780079999980444	epochs	3.0
3509.963870061853	0.017728199999965	epochs	3.0
3509.981598261853	0.03524070000003121	epochs	2.0
3509.981598261853	0.017656100000294828	epochs	3.0
3509.999254361853	0.017584599999736383	epochs	3.0
3510.016838961853	0.03495710000015606	epochs	2.0
3510.016838961853	0.017513700000108656	epochs	3.0
3510.034352661853	0.017443400000047404	epochs	3.0
3510.051796061853	0.03467790000013338	epochs	2.0
3510.051796061853	0.017373599999700673	epochs	3.0
3510.069169661853	0.017304300000432704	epochs	3.0
3510.0864739618532	0.03440329999966707	epochs	2.0
3510.0864739618532	0.01723569999967367	epochs	3.0
3510.103709661853	0.0171675999999934	epochs	3.0
3510.120877261853	0.03413279999995211	epochs	2.0
3510.120877261853	0.017099900000175694	epochs	3.0
3510.137977161853	0.01703289999977642	epochs	3.0
3510.155010061853	0.03386670000008962	epochs	2.0
3510.155010061853	0.01696640000000116	epochs	3.0
3510.171976461853	0.016900300000088464	epochs	3.0
3510.188876761853	0.03360460000021703	epochs	2.0
3510.188876761853	0.016834800000196992	epochs	3.0
3510.205711561853	0.01676980000002004	epochs	3.0
3510.222481361853	0.03334659999973155	epochs	2.0
3510.222481361853	0.016705300000012357	epochs	3.0
3510.239186661853	0.016641299999719195	epochs	3.0
3510.255827961853	0.03309250000029351	epochs	2.0
3510.255827961853	0.016577800000050047	epochs	3.0
3510.272405761853	0.016514700000243465	epochs	3.0
3510.288920461853	0.032842299999629176	epochs	2.0
3510.288920461853	0.01645220000000336	epochs	3.0
3510.305372661853	0.016390099999625818	epochs	3.0
3510.321762761853	0.03259570000000167	epochs	2.0
3510.321762761853	0.016328400000020338	epochs	3.0
3510.338091161853	0.016267299999981333	epochs	3.0
3510.354358461853	0.03235290000020541	epochs	2.0
3510.354358461853	0.01620660000025964	epochs	3.0
3510.370565061853	0.016146299999945768	epochs	3.0
3510.386711361853	0.032113700000081735	epochs	2.0
3510.386711361853	0.016086600000107865	epochs	3.0
3510.402797961853	0.01602709999997387	epochs	3.0
3510.418825061853	0.031877999999778694	epochs	2.0
3510.418825061853	0.0159681999998611	epochs	3.0
3510.434793261853	0.015909799999917595	epochs	3.0
3510.450703061853	0.03164570000035383	epochs	2.0
3510.450703061853	0.01585160000013275	epochs	3.0
3510.466554661853	0.01579410000022108	epochs	3.0
3510.4823487618532	0.03141669999968144	epochs	2.0
3510.4823487618532	0.015736699999706616	epochs	3.0
3510.498085461853	0.015679999999974825	epochs	3.0
3510.513765461853	0.03119109999988723	epochs	2.0
3510.513765461853	0.015623600000253646	epochs	3.0
3510.529389061853	0.015567499999633583	epochs	3.0
3510.544956561853	0.030968700000357785	epochs	2.0
3510.544956561853	0.015512000000398984	epochs	3.0
3510.560468561853	0.0154566999999588	epochs	3.0
3510.575925261853	0.03074949999972887	epochs	2.0
3510.575925261853	0.015401999999994587	epochs	3.0
3510.591327261853	0.015347499999734282	epochs	3.0
3510.606674761853	0.030533200000263605	epochs	2.0
3510.606674761853	0.015293400000246038	epochs	3.0
3510.621968161853	0.015239800000017567	epochs	3.0
3510.637207961853	0.03032009999969887	epochs	2.0
3510.637207961853	0.015186499999799707	epochs	3.0
3510.652394461853	0.015133599999899161	epochs	3.0
3510.667528061853	0.030109900000297785	epochs	2.0
3510.667528061853	0.015081000000009226	epochs	3.0
3510.682609061853	0.015028900000288559	epochs	3.0
3510.697637961853	0.029902499999934662	epochs	2.0
3510.697637961853	0.014976999999817053	epochs	3.0
3510.712614961853	0.014925500000117609	epochs	3.0
3510.727540461853	0.0296981000001324	epochs	2.0
3510.727540461853	0.014874399999825982	epochs	3.0
3510.742414861853	0.014823700000306417	epochs	3.0
3510.7572385618532	0.02949629999966419	epochs	2.0
3510.7572385618532	0.014773199999581266	epochs	3.0
3510.772011761853	0.014723100000082923	epochs	3.0
3510.786734861853	0.02929740000035963	epochs	2.0
3510.786734861853	0.014673399999992398	epochs	3.0
3510.801408261853	0.014624000000367232	epochs	3.0
3510.8160322618533	0.029101099999934377	epochs	2.0
3510.8160322618533	0.014574899999843183	epochs	3.0
3510.830607161853	0.014526200000091194	epochs	3.0
3510.845133361853	0.02890739999975267	epochs	2.0
3510.845133361853	0.014477700000043114	epochs	3.0
3510.8596110618532	0.014429699999709555	epochs	3.0
3510.874040761853	0.028716199999962555	epochs	2.0
3510.874040761853	0.014381800000137446	epochs	3.0
3510.888422561853	0.01433439999982511	epochs	3.0
3510.902756961853	0.02852759999996124	epochs	2.0
3510.902756961853	0.014287200000126177	epochs	3.0
3510.917044161853	0.014240399999835063	epochs	3.0
3510.931284561853	0.028341400000044814	epochs	2.0
3510.931284561853	0.014193800000157353	epochs	3.0
3510.945478361853	0.014147599999887461	epochs	3.0
3510.959625961853	0.028157700000065233	epochs	2.0
3510.959625961853	0.014101700000082928	epochs	3.0
3510.973727661853	0.014055999999982305	epochs	3.0
3510.987783661853	0.02797629999986384	epochs	2.0
3510.987783661853	0.014010599999892293	epochs	3.0
3511.001794261853	0.013965699999971548	epochs	3.0
3511.015759961853	0.02779720000035013	epochs	2.0
3511.015759961853	0.013920800000050804	epochs	3.0
3511.029680761853	0.013876400000299327	epochs	3.0
3511.043557161853	0.027620399999705114	epochs	2.0
3511.043557161853	0.013832199999797012	epochs	3.0
3511.057389361853	0.013788199999908102	epochs	3.0
3511.071177561853	0.027445900000202528	epochs	2.0
3511.071177561853	0.013744600000336504	epochs	3.0
3511.0849221618532	0.013701299999866023	epochs	3.0
3511.098623461853	0.027273499999864725	epochs	2.0
3511.098623461853	0.013658200000008947	epochs	3.0
3511.112281661853	0.013615299999855779	epochs	3.0
3511.125896961853	0.027103400000214606	epochs	2.0
3511.125896961853	0.013572800000019924	epochs	3.0
3511.139469761853	0.013530600000194681	epochs	3.0
3511.153000361853	0.02693520000002536	epochs	2.0
3511.153000361853	0.01348839999991469	epochs	3.0
3511.166488761853	0.01344680000011067	epochs	3.0
3511.179935561853	0.02676919999976235	epochs	2.0
3511.179935561853	0.013405199999851902	epochs	3.0
3511.193340761853	0.013363999999910448	epochs	3.0
3511.206704761853	0.02660520000017641	epochs	2.0
3511.206704761853	0.013322900000275695	epochs	3.0
3511.2200276618532	0.013282299999900715	epochs	3.0
3511.233309961853	0.0264431999999033	epochs	2.0
3511.233309961853	0.013241699999980483	epochs	3.0
3511.246551661853	0.013201499999922817	epochs	3.0
3511.259753161853	0.026283199999852513	epochs	2.0
3511.259753161853	0.013161500000023807	epochs	3.0
3511.272914661853	0.013121699999828706	epochs	3.0
3511.286036361853	0.026125000000320142	epochs	2.0
3511.286036361853	0.01308210000024701	epochs	3.0
3511.299118461853	0.013042900000073132	epochs	3.0
3511.312161361853	0.025968899999952555	epochs	2.0
3511.312161361853	0.013003899999603163	epochs	3.0
3511.325165261853	0.012965000000349391	epochs	3.0
3511.338130261853	0.02581449999979668	epochs	2.0
3511.338130261853	0.012926399999741989	epochs	3.0
3511.351056661853	0.012888100000054692	epochs	3.0
3511.363944761853	0.02566190000015922	epochs	2.0
3511.363944761853	0.01284990000021935	epochs	3.0
3511.376794661853	0.012811999999939871	epochs	3.0
3511.389606661853	0.025511199999982637	epochs	2.0
3511.389606661853	0.012774400000125752	epochs	3.0
3511.4023810618532	0.012736799999856885	epochs	3.0
3511.415117861853	0.02536229999986972	epochs	2.0
3511.415117861853	0.012699699999757286	epochs	3.0
3511.427817561853	0.012662600000112434	epochs	3.0
3511.440480161853	0.02521500000011656	epochs	2.0
3511.440480161853	0.012625800000023446	epochs	3.0
3511.453105961853	0.012589200000093115	epochs	3.0
3511.465695161853	0.024584799999956886	epochs	2.0
3511.489261161853	0.5	epochs	-1.0
3511.490279961853	0.5049599999997554	epochs	1.0
3511.995239961853	0.4949600000004466	epochs	0.0
3512.683000087738	0.07528000000002066	epochs	0.0
3512.683000087738	0.032641400000102294	epochs	1.0
3512.715641487738	0.009997199999816075	epochs	1.0
3512.725638687738	0.032641400000102294	epochs	1.0
3512.758280087738	2.0	epochs	0.0
3514.758280087738	21.999920000000202	epochs	0.0
3514.758280087738	1.0	epochs	1.0
3514.758301287738	0.5	epochs	-1.0
3515.258301287738	19.998959999999897	epochs	-1.0
3515.758280087738	20.0	epochs	1.0
3515.758280087738	4.356753900000058	epochs	-1.0
3515.758280087738	1.9745871999998599	epochs	2.0
3515.758280087738	1.098562199999833	epochs	3.0
3516.856842287738	0.8760250000000269	epochs	3.0
3517.732867287738	1.3524075000000266	epochs	2.0
3517.732867287738	0.7286355000001095	epochs	3.0
3518.461502787738	0.6237719999999172	epochs	3.0
3519.085274787738	1.0297592000001714	epochs	2.0
3519.085274787738	0.5453293000000485	epochs	3.0
3519.630604087738	0.48442990000012287	epochs	3.0
3520.115033987738	0.8317861999998968	epochs	2.0
3520.115033987738	0.4357762999998158	epochs	3.0
3520.550810287738	0.39600990000008096	epochs	3.0
3520.946820187738	0.6977969999998095	epochs	2.0
3520.946820187738	0.3628982000000178	epochs	3.0
3521.309718387738	0.33489879999979166	epochs	3.0
3521.644617187738	0.6010457000002134	epochs	2.0
3521.644617187738	0.31091230000038195	epochs	3.0
3521.955529487738	0.29013339999983145	epochs	3.0
3522.245662887738	0.5278859000000011	epochs	2.0
3522.245662887738	0.2719585999998344	epochs	3.0
3522.517621487738	0.2559273000001667	epochs	3.0
3522.773548787738	0.4706193000001804	epochs	2.0
3522.773548787738	0.241681299999982	epochs	3.0
3523.015230087738	0.22893800000019837	epochs	3.0
3523.244168087738	0.42457039999999324	epochs	2.0
3523.244168087738	0.2174713999997948	epochs	3.0
3523.461639487738	0.20709900000019843	epochs	3.0
3523.668738487738	0.3867353999999068	epochs	2.0
3523.668738487738	0.1976710999997522	epochs	3.0
3523.866409587738	0.18906430000015462	epochs	3.0
3524.055473887738	0.35509529999990264	epochs	2.0
3524.055473887738	0.1811758999997437	epochs	3.0
3524.236649787738	0.17391940000015893	epochs	3.0
3524.410569187738	0.32824310000023615	epochs	2.0
3524.410569187738	0.167221900000186	epochs	3.0
3524.577791087738	0.16102120000005016	epochs	3.0
3524.7388122877383	0.3051679999998669	epochs	2.0
3524.7388122877383	0.1552638999996816	epochs	3.0
3524.894076187738	0.14990410000018528	epochs	3.0
3525.043980287738	0.28512529999989056	epochs	2.0
3525.043980287738	0.14490209999985382	epochs	3.0
3525.188882387738	0.14022320000003674	epochs	3.0
3525.329105587738	0.2675537999998596	epochs	2.0
3525.329105587738	0.1358368999999584	epochs	3.0
3525.464942487738	0.13171689999990122	epochs	3.0
3525.596659387738	0.25202290000015637	epochs	2.0
3525.596659387738	0.12783930000023247	epochs	3.0
3525.724498687738	0.1241835999999239	epochs	3.0
3525.848682287738	0.23819649999995818	epochs	2.0
3525.848682287738	0.1207310999998299	epochs	3.0
3525.969413387738	0.11746540000012828	epochs	3.0
3526.086878787738	0.22580879999986792	epochs	2.0
3526.086878787738	0.11437190000015107	epochs	3.0
3526.201250687738	0.11143689999971684	epochs	3.0
3526.312687587738	0.21464600000035716	epochs	2.0
3526.312687587738	0.1086489000003894	epochs	3.0
3526.4213364877382	0.10599709999996776	epochs	3.0
3526.527333587738	0.2045349999998507	epochs	2.0
3526.527333587738	0.10347149999961403	epochs	3.0
3526.630805087738	0.10106350000023667	epochs	3.0
3526.731868587738	0.19533400000000256	epochs	2.0
3526.731868587738	0.09876510000003691	epochs	3.0
3526.830633687738	0.09656889999996565	epochs	3.0
3526.927202587738	0.18692529999998442	epochs	2.0
3526.927202587738	0.09446829999978945	epochs	3.0
3527.021670887738	0.09245700000019497	epochs	3.0
3527.114127887738	0.1792107000001124	epochs	2.0
3527.114127887738	0.0905296000000817	epochs	3.0
3527.204657487738	0.08868110000003071	epochs	3.0
3527.293338587738	0.17210769999974218	epochs	2.0
3527.293338587738	0.08690630000000965	epochs	3.0
3527.380244887738	0.08520139999973253	epochs	3.0
3527.465446287738	0.16554640000003928	epochs	2.0
3527.465446287738	0.08356189999994967	epochs	3.0
3527.549008187738	0.08198450000008961	epochs	3.0
3527.630992687738	0.15946710000025632	epochs	2.0
3527.630992687738	0.08046539999986635	epochs	3.0
3527.711458087738	0.07900170000038997	epochs	3.0
3527.790459787738	0.1538183999996363	epochs	2.0
3527.790459787738	0.07759009999972477	epochs	3.0
3527.868049887738	0.07622829999991154	epochs	3.0
3527.944278187738	0.14855640000041603	epochs	2.0
3527.944278187738	0.07491330000038943	epochs	3.0
3528.019191487738	0.0736431000000266	epochs	3.0
3528.0928345877383	0.1436423999998624	epochs	2.0
3528.0928345877383	0.07241499999963708	epochs	3.0
3528.165249587738	0.07122740000022532	epochs	3.0
3528.236476987738	0.13904309999998077	epochs	2.0
3528.236476987738	0.0700779999997394	epochs	3.0
3528.306554987738	0.06896510000024136	epochs	3.0
3528.375520087738	0.13472929999988992	epochs	2.0
3528.375520087738	0.0678871000000072	epochs	3.0
3528.443407187738	0.06684219999988272	epochs	3.0
3528.510249387738	0.1306752000000415	epochs	2.0
3528.510249387738	0.06582909999997355	epochs	3.0
3528.576078487738	0.06484610000006796	epochs	3.0
3528.640924587738	0.1268577999999252	epochs	2.0
3528.640924587738	0.06389200000012352	epochs	3.0
3528.704816587738	0.06296579999980167	epochs	3.0
3528.767782387738	0.12325719999989815	epochs	2.0
3528.767782387738	0.06206580000025497	epochs	3.0
3528.829848187738	0.06119139999964318	epochs	3.0
3528.891039587738	0.1198554000002332	epochs	2.0
3528.891039587738	0.060341100000187	epochs	3.0
3528.951380687738	0.059514300000046205	epochs	3.0
3529.010894987738	0.1166361999999026	epochs	2.0
3529.010894987738	0.058709599999929196	epochs	3.0
3529.069604587738	0.057926599999973405	epochs	3.0
3529.127531187738	0.11358560000007856	epochs	2.0
3529.127531187738	0.05716419999998834	epochs	3.0
3529.184695387738	0.056421400000090216	epochs	3.0
3529.241116787738	0.11069050000014613	epochs	2.0
3529.241116787738	0.05569789999981367	epochs	3.0
3529.296814687738	0.05499260000033246	epochs	3.0
3529.351807287738	0.10793909999983953	epochs	2.0
3529.351807287738	0.054304899999806366	epochs	3.0
3529.406112187738	0.05363420000003316	epochs	3.0
3529.459746387738	0.10532150000017282	epochs	2.0
3529.459746387738	0.05297999999993408	epochs	3.0
3529.512726387738	0.05234150000023874	epochs	3.0
3529.565067887738	0.10282759999972768	epochs	2.0
3529.565067887738	0.05171810000001642	epochs	3.0
3529.6167859877382	0.05110949999971126	epochs	3.0
3529.667895487738	0.10044909999987794	epochs	2.0
3529.667895487738	0.050514900000052876	epochs	3.0
3529.718410387738	0.04993419999982507	epochs	3.0
3529.768344587738	0.09817830000019967	epochs	2.0
3529.768344587738	0.0493666000002122	epochs	3.0
3529.817711187738	0.04881169999998747	epochs	3.0
3529.866522887738	0.09600779999982478	epochs	2.0
3529.866522887738	0.04826920000004975	epochs	3.0
3529.914792087738	0.04773859999977503	epochs	3.0
3529.962530687738	0.09393120000004274	epochs	2.0
3529.962530687738	0.047219500000210246	epochs	3.0
3530.009750187738	0.04671169999983249	epochs	3.0
3530.056461887738	0.09194260000003851	epochs	2.0
3530.056461887738	0.046214599999984785	epochs	3.0
3530.102676487738	0.045728000000053726	epochs	3.0
3530.148404487738	0.09003630000006524	epochs	2.0
3530.148404487738	0.04525150000017675	epochs	3.0
3530.193655987738	0.04478479999988849	epochs	3.0
3530.238440787738	0.08820760000025984	epochs	2.0
3530.238440787738	0.0443278000002465	epochs	3.0
3530.2827685877382	0.04387980000001335	epochs	3.0
3530.3266483877383	0.0864516999999978	epochs	2.0
3530.3266483877383	0.04344099999980244	epochs	3.0
3530.370089387738	0.04301070000019536	epochs	3.0
3530.4131000877383	0.08476429999973334	epochs	2.0
3530.4131000877383	0.0425889999996798	epochs	3.0
3530.455689087738	0.04217530000005354	epochs	3.0
3530.497864387738	0.08314150000023801	epochs	2.0
3530.497864387738	0.041769700000259036	epochs	3.0
3530.5396340877382	0.041371799999978975	epochs	3.0
3530.5810058877382	0.08157970000002024	epochs	2.0
3530.5810058877382	0.040981399999964196	epochs	3.0
3530.621987287738	0.04059830000005604	epochs	3.0
3530.6625855877382	0.08007549999956609	epochs	2.0
3530.6625855877382	0.04022229999964111	epochs	3.0
3530.702807887738	0.03985319999992498	epochs	3.0
3530.742661087738	0.07862570000042979	epochs	2.0
3530.742661087738	0.03949080000029426	epochs	3.0
3530.782151887738	0.03913490000013553	epochs	3.0
3530.8212867877382	0.07722759999978734	epochs	2.0
3530.8212867877382	0.03878539999959685	epochs	3.0
3530.860072187738	0.038442200000190496	epochs	3.0
3530.898514387738	0.07587819999980638	epochs	2.0
3530.898514387738	0.03810479999992822	epochs	3.0
3530.936619187738	0.037773399999878166	epochs	3.0
3530.974392587738	0.07457520000025397	epochs	2.0
3530.974392587738	0.03744770000002973	epochs	3.0
3531.011840287738	0.037127500000224245	epochs	3.0
3531.048967787738	0.07331629999998768	epochs	2.0
3531.048967787738	0.03681289999985893	epochs	3.0
3531.085780687738	0.03650340000012875	epochs	3.0
3531.122284087738	0.07209899999998015	epochs	2.0
3531.122284087738	0.03619909999997617	epochs	3.0
3531.158483187738	0.03589990000000398	epochs	3.0
3531.194383087738	0.07092169999987163	epochs	2.0
3531.194383087738	0.03560560000005353	epochs	3.0
3531.229988687738	0.03531609999981811	epochs	3.0
3531.265304787738	0.06978200000003199	epochs	2.0
3531.265304787738	0.03503120000004856	epochs	3.0
3531.300335987738	0.03475079999998343	epochs	3.0
3531.335086787738	0.06867860000011206	epochs	2.0
3531.335086787738	0.034475100000236125	epochs	3.0
3531.369561887738	0.03420349999987593	epochs	3.0
3531.403765387738	0.06760930000018561	epochs	2.0
3531.403765387738	0.033936199999970995	epochs	3.0
3531.437701587738	0.03367310000021462	epochs	3.0
3531.4713746877383	0.06657289999975546	epochs	2.0
3531.4713746877383	0.03341399999999339	epochs	3.0
3531.5047886877383	0.03315889999976207	epochs	3.0
3531.537947587738	0.06556779999982609	epochs	2.0
3531.537947587738	0.03290770000012344	epochs	3.0
3531.570855287738	0.03266009999970265	epochs	3.0
3531.603515387738	0.0645926000001964	epochs	2.0
3531.603515387738	0.032416400000329304	epochs	3.0
3531.635931787738	0.032176199999867094	epochs	3.0
3531.668107987738	0.06364600000006249	epochs	2.0
3531.668107987738	0.03193959999998697	epochs	3.0
3531.700047587738	0.03170640000007552	epochs	3.0
3531.731753987738	0.0627266999999847	epochs	2.0
3531.731753987738	0.03147660000013275	epochs	3.0
3531.7632305877382	0.031250099999851955	epochs	3.0
3531.794480687738	0.06183359999977256	epochs	2.0
3531.794480687738	0.031026900000142632	epochs	3.0
3531.8255075877382	0.030806699999629927	epochs	3.0
3531.856314287738	0.06096560000014506	epochs	2.0
3531.856314287738	0.03058980000014344	epochs	3.0
3531.886904087738	0.030375800000001618	epochs	3.0
3531.917279887738	0.06012160000000222	epochs	2.0
3531.917279887738	0.030164899999817862	epochs	3.0
3531.947444787738	0.029956700000184355	epochs	3.0
3531.977401487738	0.059300700000221696	epochs	2.0
3531.977401487738	0.029751600000054168	epochs	3.0
3532.007153087738	0.029549100000167527	epochs	3.0
3532.0367021877382	0.05850179999970351	epochs	2.0
3532.0367021877382	0.029349399999773595	epochs	3.0
3532.066051587738	0.029152399999929912	epochs	3.0
3532.095203987738	0.05772419999993872	epochs	2.0
3532.095203987738	0.028958000000329776	epochs	3.0
3532.1241619877383	0.028766199999608943	epochs	3.0
3532.152928187738	0.0569671000002927	epochs	2.0
3532.152928187738	0.028577000000041153	epochs	3.0
3532.181505187738	0.02839010000025155	epochs	3.0
3532.209895287738	0.05622949999997218	epochs	2.0
3532.209895287738	0.028205699999944045	epochs	3.0
3532.238100987738	0.028023800000028132	epochs	3.0
3532.266124787738	0.05551070000001346	epochs	2.0
3532.266124787738	0.02784399999973175	epochs	3.0
3532.293968787738	0.027666700000281708	epochs	3.0
3532.321635487738	0.05481019999979253	epochs	2.0
3532.321635487738	0.02749149999999645	epochs	3.0
3532.349126987738	0.02731869999979608	epochs	3.0
3532.376445687738	0.054126999999880354	epochs	2.0
3532.376445687738	0.027147799999966082	epochs	3.0
3532.403593487738	0.026979199999914272	epochs	3.0
3532.430572687738	0.05346070000041436	epochs	2.0
3532.430572687738	0.026812600000084785	epochs	3.0
3532.457385287738	0.026648100000329578	epochs	3.0
3532.4840333877382	0.05281070000000909	epochs	2.0
3532.4840333877382	0.0264855999998872	epochs	3.0
3532.510518987738	0.026325100000121893	epochs	3.0
3532.5368440877382	0.052176199999848905	epochs	2.0
3532.5368440877382	0.026166399999965506	epochs	3.0
3532.563010487738	0.0260097999998834	epochs	3.0
3532.589020287738	0.05155669999976453	epochs	2.0
3532.589020287738	0.02585480000016105	epochs	3.0
3532.6148750877383	0.025701899999603484	epochs	3.0
3532.640576987738	0.05095190000020011	epochs	2.0
3532.640576987738	0.025550700000167126	epochs	3.0
3532.666127687738	0.025401200000032986	epochs	3.0
3532.691528887738	0.05036100000006627	epochs	2.0
3532.691528887738	0.025253499999962514	epochs	3.0
3532.716782387738	0.025107500000103755	epochs	3.0
3532.741889887738	0.04978380000011384	epochs	2.0
3532.741889887738	0.02496320000000196	epochs	3.0
3532.766853087738	0.02482060000011188	epochs	3.0
3532.7916736877382	0.049219499999708205	epochs	2.0
3532.7916736877382	0.024679399999968155	epochs	3.0
3532.816353087738	0.02454009999974005	epochs	3.0
3532.840893187738	0.04866790000005494	epochs	2.0
3532.840893187738	0.02440210000031584	epochs	3.0
3532.8652952877383	0.0242657999997391	epochs	3.0
3532.889561087738	0.048128599999927246	epochs	2.0
3532.889561087738	0.024131000000124914	epochs	3.0
3532.913692087738	0.023997599999802333	epochs	3.0
3532.937689687738	0.047601100000065344	epochs	2.0
3532.937689687738	0.023865800000294257	epochs	3.0
3532.961555487738	0.023735299999771087	epochs	3.0
3532.985290787738	0.04708500000015192	epochs	2.0
3532.985290787738	0.023606300000210467	epochs	3.0
3533.008897087738	0.023478699999941455	epochs	3.0
3533.032375787738	0.04657999999972162	epochs	2.0
3533.032375787738	0.023352499999873544	epochs	3.0
3533.055728287738	0.023227499999848078	epochs	3.0
3533.078955787738	0.04608570000027612	epochs	2.0
3533.078955787738	0.023104000000330416	epochs	3.0
3533.102059787738	0.022981699999945704	epochs	3.0
3533.125041487738	0.045601799999985815	epochs	2.0
3533.125041487738	0.02286069999991014	epochs	3.0
3533.147902187738	0.022741100000075676	epochs	3.0
3533.170643287738	0.045127899999897636	epochs	2.0
3533.170643287738	0.022622500000125	epochs	3.0
3533.1932657877383	0.022505399999772635	epochs	3.0
3533.215771187738	0.04466379999985293	epochs	2.0
3533.215771187738	0.022389300000213552	epochs	3.0
3533.2381604877382	0.022274499999639374	epochs	3.0
3533.260434987738	0.04420920000029582	epochs	2.0
3533.260434987738	0.02216080000016518	epochs	3.0
3533.282595787738	0.02204840000013064	epochs	3.0
3533.304644187738	0.043763599999692815	epochs	2.0
3533.304644187738	0.021936899999673187	epochs	3.0
3533.326581087738	0.021826700000019628	epochs	3.0
3533.348407787738	0.043327100000169594	epochs	2.0
3533.348407787738	0.02171760000010181	epochs	3.0
3533.370125387738	0.021609500000067783	epochs	3.0
3533.391734887738	0.04289900000003399	epochs	2.0
3533.391734887738	0.021502500000224245	epochs	3.0
3533.4132373877383	0.021396499999809748	epochs	3.0
3533.434633887738	0.04247949999989942	epochs	2.0
3533.434633887738	0.021291699999892444	epochs	3.0
3533.455925587738	0.021187800000006973	epochs	3.0
3533.477113387738	0.04206789999989269	epochs	2.0
3533.477113387738	0.02108490000000529	epochs	3.0
3533.498198287738	0.020982999999887397	epochs	3.0
3533.519181287738	0.041664400000172463	epochs	2.0
3533.519181287738	0.020882199999959994	epochs	3.0
3533.540063487738	0.02078220000021247	epochs	3.0
3533.560845687738	0.04126850000011473	epochs	2.0
3533.560845687738	0.02068330000020069	epochs	3.0
3533.5815289877382	0.02058519999991404	epochs	3.0
3533.602114187738	0.04088000000001557	epochs	2.0
3533.602114187738	0.020488099999965925	epochs	3.0
3533.622602287738	0.020391900000049645	epochs	3.0
3533.642994187738	0.04049880000002304	epochs	2.0
3533.642994187738	0.020296599999710452	epochs	3.0
3533.663290787738	0.020202200000312587	epochs	3.0
3533.683492987738	0.04012459999967177	epochs	2.0
3533.683492987738	0.02010870000003706	epochs	3.0
3533.7036016877382	0.020015899999634712	epochs	3.0
3533.723617587738	0.03975730000001931	epochs	2.0
3533.723617587738	0.01992420000033235	epochs	3.0
3533.743541787738	0.019833099999686965	epochs	3.0
3533.763374887738	0.03939669999999751	epochs	2.0
3533.763374887738	0.019743000000289612	epochs	3.0
3533.783117887738	0.019653699999707896	epochs	3.0
3533.802771587738	0.03904240000019854	epochs	2.0
3533.802771587738	0.0195651000003636	epochs	3.0
3533.8223366877382	0.01947729999983494	epochs	3.0
3533.841813987738	0.03869459999987157	epochs	2.0
3533.841813987738	0.019390399999792862	epochs	3.0
3533.861204387738	0.01930420000007871	epochs	3.0
3533.880508587738	0.03835290000006353	epochs	2.0
3533.880508587738	0.019218800000089686	epochs	3.0
3533.899727387738	0.01913409999997384	epochs	3.0
3533.918861487738	0.03801720000001296	epochs	2.0
3533.918861487738	0.019050200000037876	epochs	3.0
3533.937911687738	0.018966999999975087	epochs	3.0
3533.956878687738	0.03768720000016401	epochs	2.0
3533.956878687738	0.018884499999785476	epochs	3.0
3533.975763187738	0.018802700000378536	epochs	3.0
3533.994565887738	0.037363099999765836	epochs	2.0
3533.994565887738	0.018721699999787234	epochs	3.0
3534.013287587738	0.018641399999978603	epochs	3.0
3534.031928987738	0.037044300000161456	epochs	2.0
3534.031928987738	0.018561599999884493	epochs	3.0
3534.050490587738	0.018482700000276964	epochs	3.0
3534.068973287738	0.036731000000145286	epochs	2.0
3534.068973287738	0.018404299999929208	epochs	3.0
3534.087377587738	0.01832670000021608	epochs	3.0
3534.1057042877383	0.036422899999706715	epochs	2.0
3534.1057042877383	0.018249599999762722	epochs	3.0
3534.123953887738	0.018173299999943993	epochs	3.0
3534.142127187738	0.03612010000006194	epochs	2.0
3534.142127187738	0.018097600000146485	epochs	3.0
3534.160224787738	0.018022499999915453	epochs	3.0
3534.178247287738	0.035822100000132195	epochs	2.0
3534.178247287738	0.01794789999985369	epochs	3.0
3534.196195187738	0.017874200000278506	epochs	3.0
3534.214069387738	0.03552899999976944	epochs	2.0
3534.214069387738	0.01780079999980444	epochs	3.0
3534.231870187738	0.017728199999965	epochs	3.0
3534.249598387738	0.03524070000003121	epochs	2.0
3534.249598387738	0.017656100000294828	epochs	3.0
3534.2672544877382	0.017584599999736383	epochs	3.0
3534.284839087738	0.03495710000015606	epochs	2.0
3534.284839087738	0.017513700000108656	epochs	3.0
3534.302352787738	0.017443400000047404	epochs	3.0
3534.319796187738	0.03467790000013338	epochs	2.0
3534.319796187738	0.017373599999700673	epochs	3.0
3534.337169787738	0.017304300000432704	epochs	3.0
3534.3544740877383	0.03440329999966707	epochs	2.0
3534.3544740877383	0.01723569999967367	epochs	3.0
3534.371709787738	0.0171675999999934	epochs	3.0
3534.388877387738	0.03413279999995211	epochs	2.0
3534.388877387738	0.017099900000175694	epochs	3.0
3534.405977287738	0.01703289999977642	epochs	3.0
3534.423010187738	0.03386670000008962	epochs	2.0
3534.423010187738	0.01696640000000116	epochs	3.0
3534.439976587738	0.016900300000088464	epochs	3.0
3534.456876887738	0.03360460000021703	epochs	2.0
3534.456876887738	0.016834800000196992	epochs	3.0
3534.473711687738	0.01676980000002004	epochs	3.0
3534.490481487738	0.03334659999973155	epochs	2.0
3534.490481487738	0.016705300000012357	epochs	3.0
3534.507186787738	0.016641299999719195	epochs	3.0
3534.523828087738	0.03309250000029351	epochs	2.0
3534.523828087738	0.016577800000050047	epochs	3.0
3534.540405887738	0.016514700000243465	epochs	3.0
3534.556920587738	0.032842299999629176	epochs	2.0
3534.556920587738	0.01645220000000336	epochs	3.0
3534.573372787738	0.016390099999625818	epochs	3.0
3534.589762887738	0.03259570000000167	epochs	2.0
3534.589762887738	0.016328400000020338	epochs	3.0
3534.606091287738	0.016267299999981333	epochs	3.0
3534.622358587738	0.03235290000020541	epochs	2.0
3534.622358587738	0.01620660000025964	epochs	3.0
3534.638565187738	0.016146299999945768	epochs	3.0
3534.654711487738	0.032113700000081735	epochs	2.0
3534.654711487738	0.016086600000107865	epochs	3.0
3534.670798087738	0.01602709999997387	epochs	3.0
3534.686825187738	0.031877999999778694	epochs	2.0
3534.686825187738	0.0159681999998611	epochs	3.0
3534.702793387738	0.015909799999917595	epochs	3.0
3534.718703187738	0.03164570000035383	epochs	2.0
3534.718703187738	0.01585160000013275	epochs	3.0
3534.734554787738	0.01579410000022108	epochs	3.0
3534.7503488877383	0.03141669999968144	epochs	2.0
3534.7503488877383	0.015736699999706616	epochs	3.0
3534.766085587738	0.015679999999974825	epochs	3.0
3534.781765587738	0.03119109999988723	epochs	2.0
3534.781765587738	0.015623600000253646	epochs	3.0
3534.797389187738	0.015567499999633583	epochs	3.0
3534.812956687738	0.030968700000357785	epochs	2.0
3534.812956687738	0.015512000000398984	epochs	3.0
3534.828468687738	0.0154566999999588	epochs	3.0
3534.843925387738	0.03074949999972887	epochs	2.0
3534.843925387738	0.015401999999994587	epochs	3.0
3534.859327387738	0.015347499999734282	epochs	3.0
3534.874674887738	0.030533200000263605	epochs	2.0
3534.874674887738	0.015293400000246038	epochs	3.0
3534.889968287738	0.015239800000017567	epochs	3.0
3534.905208087738	0.03032009999969887	epochs	2.0
3534.905208087738	0.015186499999799707	epochs	3.0
3534.920394587738	0.015133599999899161	epochs	3.0
3534.935528187738	0.030109900000297785	epochs	2.0
3534.935528187738	0.015081000000009226	epochs	3.0
3534.950609187738	0.015028900000288559	epochs	3.0
3534.965638087738	0.029902499999934662	epochs	2.0
3534.965638087738	0.014976999999817053	epochs	3.0
3534.980615087738	0.014925500000117609	epochs	3.0
3534.995540587738	0.0296981000001324	epochs	2.0
3534.995540587738	0.014874399999825982	epochs	3.0
3535.010414987738	0.014823700000306417	epochs	3.0
3535.0252386877382	0.02949629999966419	epochs	2.0
3535.0252386877382	0.014773199999581266	epochs	3.0
3535.040011887738	0.014723100000082923	epochs	3.0
3535.054734987738	0.02929740000035963	epochs	2.0
3535.054734987738	0.014673399999992398	epochs	3.0
3535.069408387738	0.014624000000367232	epochs	3.0
3535.0840323877383	0.029101099999934377	epochs	2.0
3535.0840323877383	0.014574899999843183	epochs	3.0
3535.098607287738	0.014526200000091194	epochs	3.0
3535.113133487738	0.02890739999975267	epochs	2.0
3535.113133487738	0.014477700000043114	epochs	3.0
3535.1276111877382	0.014429699999709555	epochs	3.0
3535.142040887738	0.028716199999962555	epochs	2.0
3535.142040887738	0.014381800000137446	epochs	3.0
3535.156422687738	0.01433439999982511	epochs	3.0
3535.170757087738	0.02852759999996124	epochs	2.0
3535.170757087738	0.014287200000126177	epochs	3.0
3535.185044287738	0.014240399999835063	epochs	3.0
3535.199284687738	0.028341400000044814	epochs	2.0
3535.199284687738	0.014193800000157353	epochs	3.0
3535.213478487738	0.014147599999887461	epochs	3.0
3535.227626087738	0.028157700000065233	epochs	2.0
3535.227626087738	0.014101700000082928	epochs	3.0
3535.241727787738	0.014055999999982305	epochs	3.0
3535.255783787738	0.02797629999986384	epochs	2.0
3535.255783787738	0.014010599999892293	epochs	3.0
3535.269794387738	0.013965699999971548	epochs	3.0
3535.283760087738	0.02779720000035013	epochs	2.0
3535.283760087738	0.013920800000050804	epochs	3.0
3535.297680887738	0.013876400000299327	epochs	3.0
3535.311557287738	0.027620399999705114	epochs	2.0
3535.311557287738	0.013832199999797012	epochs	3.0
3535.325389487738	0.013788199999908102	epochs	3.0
3535.339177687738	0.027445900000202528	epochs	2.0
3535.339177687738	0.013744600000336504	epochs	3.0
3535.3529222877382	0.013701299999866023	epochs	3.0
3535.366623587738	0.027273499999864725	epochs	2.0
3535.366623587738	0.013658200000008947	epochs	3.0
3535.380281787738	0.013615299999855779	epochs	3.0
3535.393897087738	0.027103400000214606	epochs	2.0
3535.393897087738	0.013572800000019924	epochs	3.0
3535.407469887738	0.013530600000194681	epochs	3.0
3535.421000487738	0.02693520000002536	epochs	2.0
3535.421000487738	0.01348839999991469	epochs	3.0
3535.434488887738	0.01344680000011067	epochs	3.0
3535.447935687738	0.02676919999976235	epochs	2.0
3535.447935687738	0.013405199999851902	epochs	3.0
3535.461340887738	0.013363999999910448	epochs	3.0
3535.474704887738	0.02660520000017641	epochs	2.0
3535.474704887738	0.013322900000275695	epochs	3.0
3535.4880277877382	0.013282299999900715	epochs	3.0
3535.501310087738	0.0264431999999033	epochs	2.0
3535.501310087738	0.013241699999980483	epochs	3.0
3535.514551787738	0.013201499999922817	epochs	3.0
3535.527753287738	0.026283199999852513	epochs	2.0
3535.527753287738	0.013161500000023807	epochs	3.0
3535.540914787738	0.013121699999828706	epochs	3.0
3535.554036487738	0.026125000000320142	epochs	2.0
3535.554036487738	0.01308210000024701	epochs	3.0
3535.567118587738	0.013042900000073132	epochs	3.0
3535.580161487738	0.025968899999952555	epochs	2.0
3535.580161487738	0.013003899999603163	epochs	3.0
3535.593165387738	0.012965000000349391	epochs	3.0
3535.606130387738	0.02581449999979668	epochs	2.0
3535.606130387738	0.012926399999741989	epochs	3.0
3535.619056787738	0.012888100000054692	epochs	3.0
3535.631944887738	0.02566190000015922	epochs	2.0
3535.631944887738	0.01284990000021935	epochs	3.0
3535.644794787738	0.012811999999939871	epochs	3.0
3535.657606787738	0.025511199999982637	epochs	2.0
3535.657606787738	0.012774400000125752	epochs	3.0
3535.6703811877383	0.012736799999856885	epochs	3.0
3535.683117987738	0.02536229999986972	epochs	2.0
3535.683117987738	0.012699699999757286	epochs	3.0
3535.695817687738	0.012662600000112434	epochs	3.0
3535.708480287738	0.02521500000011656	epochs	2.0
3535.708480287738	0.012625800000023446	epochs	3.0
3535.721106087738	0.012589200000093115	epochs	3.0
3535.733695287738	0.024584799999956886	epochs	2.0
3535.757261287738	0.5	epochs	-1.0
3535.758280087738	0.999920000000202	epochs	1.0
3536.257261287738	0.5	epochs	-1.0
3537.589000225067	0.07528000000002066	epochs	0.0
3537.589000225067	0.032641400000102294	epochs	1.0
3537.6216416250672	0.009997199999816075	epochs	1.0
3537.631638825067	0.032641400000102294	epochs	1.0
3537.664280225067	2.0	epochs	0.0
3539.664280225067	0.5246400000000904	epochs	0.0
3539.664280225067	0.5246400000000904	epochs	1.0
3539.664301425067	0.5	epochs	-1.0
3540.164301425067	0.024618800000098418	epochs	-1.0
3540.1889202250672	21.47528000000011	epochs	0.0
3541.4670000076294	0.07528000000002066	epochs	0.0
3541.4670000076294	0.032641400000102294	epochs	1.0
3541.4996414076295	0.009997199999816075	epochs	1.0
3541.5096386076293	0.032641400000102294	epochs	1.0
3541.5422800076294	2.0	epochs	0.0
3543.5422800076294	0.5242400000001908	epochs	0.0
3543.5422800076294	0.5242400000001908	epochs	1.0
3543.5423012076294	0.5	epochs	-1.0
3544.0423012076294	0.024218800000198826	epochs	-1.0
3544.0665200076296	21.47568000000001	epochs	0.0
3545.2870001792908	0.07528000000002066	epochs	0.0
3545.2870001792908	0.032641400000102294	epochs	1.0
3545.319641579291	0.009997199999816075	epochs	1.0
3545.3296387792907	0.032641400000102294	epochs	1.0
3545.362280179291	2.0	epochs	0.0
3547.362280179291	0.5242400000001908	epochs	0.0
3547.362280179291	0.5242400000001908	epochs	1.0
3547.362301379291	0.5	epochs	-1.0
3547.862301379291	0.024218800000198826	epochs	-1.0
3547.886520179291	21.47568000000001	epochs	0.0
3551.4570002555847	0.07528000000002066	epochs	0.0
3551.4570002555847	0.032641400000102294	epochs	1.0
3551.489641655585	0.009997199999816075	epochs	1.0
3551.4996388555846	0.032641400000102294	epochs	1.0
3551.5322802555847	2.0	epochs	0.0
3553.5322802555847	0.5246400000000904	epochs	0.0
3553.5322802555847	0.5246400000000904	epochs	1.0
3553.5323014555847	0.5	epochs	-1.0
3554.0323014555847	0.024618800000098418	epochs	-1.0
3554.056920255585	21.47528000000011	epochs	0.0
3555.2610001564026	0.07528000000002066	epochs	0.0
3555.2610001564026	0.032641400000102294	epochs	1.0
3555.2936415564027	0.009997199999816075	epochs	1.0
3555.3036387564025	0.032641400000102294	epochs	1.0
3555.3362801564026	2.0	epochs	0.0
3557.3362801564026	5.364399999999932	epochs	0.0
3557.3362801564026	1.0	epochs	1.0
3557.3363013564026	0.5	epochs	-1.0
3557.8363013564026	4.86437879999994	epochs	-1.0
3558.3362801564026	4.364399999999932	epochs	1.0
3558.3362801564026	4.356753900000058	epochs	-1.0
3558.3362801564026	1.9745871999998599	epochs	2.0
3558.3362801564026	1.098562199999833	epochs	3.0
3559.4348423564024	0.8760250000000269	epochs	3.0
3560.3108673564025	1.3524075000000266	epochs	2.0
3560.3108673564025	0.7286355000001095	epochs	3.0
3561.0395028564026	0.6237719999999172	epochs	3.0
3561.6632748564025	1.0297592000001714	epochs	2.0
3561.6632748564025	0.5453293000000485	epochs	3.0
3562.2086041564025	0.48442990000012287	epochs	3.0
3562.6930340564027	0.007646099999874423	epochs	2.0
3562.6930340564027	0.007646099999874423	epochs	3.0
3562.7006801564025	16.63552000000027	epochs	0.0
3563.460000038147	0.07528000000002066	epochs	0.0
3563.460000038147	0.032641400000102294	epochs	1.0
3563.492641438147	0.009997199999816075	epochs	1.0
3563.502638638147	0.032641400000102294	epochs	1.0
3563.535280038147	2.0	epochs	0.0
3565.535280038147	0.5242400000001908	epochs	0.0
3565.535280038147	0.5242400000001908	epochs	1.0
3565.535301238147	0.5	epochs	-1.0
3566.035301238147	0.024218800000198826	epochs	-1.0
3566.059520038147	21.47568000000001	epochs	0.0
3567.2850003242493	0.07528000000002066	epochs	0.0
3567.2850003242493	0.032641400000102294	epochs	1.0
3567.3176417242494	0.009997199999816075	epochs	1.0
3567.327638924249	0.032641400000102294	epochs	1.0
3567.3602803242493	2.0	epochs	0.0
3569.3602803242493	0.5248000000001412	epochs	0.0
3569.3602803242493	0.5248000000001412	epochs	1.0
3569.3603015242493	0.5	epochs	-1.0
3569.8603015242493	0.024778800000149204	epochs	-1.0
3569.8850803242494	21.47512000000006	epochs	0.0
3571.1059999465942	0.07528000000002066	epochs	0.0
3571.1059999465942	0.032641400000102294	epochs	1.0
3571.1386413465943	0.009997199999816075	epochs	1.0
3571.148638546594	0.032641400000102294	epochs	1.0
3571.1812799465943	2.0	epochs	0.0
3573.1812799465943	21.50480000000016	epochs	0.0
3573.1812799465943	1.0	epochs	1.0
3573.1813011465943	0.5	epochs	-1.0
3573.6813011465943	19.99904000000015	epochs	-1.0
3574.1812799465943	20.0	epochs	1.0
3574.1812799465943	4.356753900000058	epochs	-1.0
3574.1812799465943	1.9745871999998599	epochs	2.0
3574.1812799465943	1.098562199999833	epochs	3.0
3575.279842146594	0.8760250000000269	epochs	3.0
3576.155867146594	1.3524075000000266	epochs	2.0
3576.155867146594	0.7286355000001095	epochs	3.0
3576.8845026465942	0.6237719999999172	epochs	3.0
3577.508274646594	1.0297592000001714	epochs	2.0
3577.508274646594	0.5453293000000485	epochs	3.0
3578.053603946594	0.48442990000012287	epochs	3.0
3578.5380338465943	0.8317861999998968	epochs	2.0
3578.5380338465943	0.4357762999998158	epochs	3.0
3578.973810146594	0.39600990000008096	epochs	3.0
3579.369820046594	0.6977969999998095	epochs	2.0
3579.369820046594	0.3628982000000178	epochs	3.0
3579.7327182465942	0.33489879999979166	epochs	3.0
3580.067617046594	0.6010457000002134	epochs	2.0
3580.067617046594	0.31091230000038195	epochs	3.0
3580.3785293465944	0.29013339999983145	epochs	3.0
3580.6686627465942	0.5278859000000011	epochs	2.0
3580.6686627465942	0.2719585999998344	epochs	3.0
3580.940621346594	0.2559273000001667	epochs	3.0
3581.1965486465942	0.4706193000001804	epochs	2.0
3581.1965486465942	0.241681299999982	epochs	3.0
3581.438229946594	0.22893800000019837	epochs	3.0
3581.6671679465944	0.42457039999999324	epochs	2.0
3581.6671679465944	0.2174713999997948	epochs	3.0
3581.884639346594	0.20709900000019843	epochs	3.0
3582.0917383465944	0.3867353999999068	epochs	2.0
3582.0917383465944	0.1976710999997522	epochs	3.0
3582.289409446594	0.18906430000015462	epochs	3.0
3582.4784737465943	0.35509529999990264	epochs	2.0
3582.4784737465943	0.1811758999997437	epochs	3.0
3582.659649646594	0.17391940000015893	epochs	3.0
3582.833569046594	0.32824310000023615	epochs	2.0
3582.833569046594	0.167221900000186	epochs	3.0
3583.0007909465944	0.16102120000005016	epochs	3.0
3583.1618121465945	0.3051679999998669	epochs	2.0
3583.1618121465945	0.1552638999996816	epochs	3.0
3583.317076046594	0.14990410000018528	epochs	3.0
3583.4669801465943	0.28512529999989056	epochs	2.0
3583.4669801465943	0.14490209999985382	epochs	3.0
3583.611882246594	0.14022320000003674	epochs	3.0
3583.752105446594	0.2675537999998596	epochs	2.0
3583.752105446594	0.1358368999999584	epochs	3.0
3583.887942346594	0.13171689999990122	epochs	3.0
3584.019659246594	0.25202290000015637	epochs	2.0
3584.019659246594	0.12783930000023247	epochs	3.0
3584.1474985465943	0.1241835999999239	epochs	3.0
3584.2716821465942	0.23819649999995818	epochs	2.0
3584.2716821465942	0.1207310999998299	epochs	3.0
3584.392413246594	0.11746540000012828	epochs	3.0
3584.509878646594	0.22580879999986792	epochs	2.0
3584.509878646594	0.11437190000015107	epochs	3.0
3584.6242505465943	0.11143689999971684	epochs	3.0
3584.735687446594	0.21464600000035716	epochs	2.0
3584.735687446594	0.1086489000003894	epochs	3.0
3584.8443363465944	0.10599709999996776	epochs	3.0
3584.9503334465944	0.2045349999998507	epochs	2.0
3584.9503334465944	0.10347149999961403	epochs	3.0
3585.053804946594	0.10106350000023667	epochs	3.0
3585.1548684465943	0.19533400000000256	epochs	2.0
3585.1548684465943	0.09876510000003691	epochs	3.0
3585.2536335465943	0.09656889999996565	epochs	3.0
3585.3502024465943	0.18692529999998442	epochs	2.0
3585.3502024465943	0.09446829999978945	epochs	3.0
3585.444670746594	0.09245700000019497	epochs	3.0
3585.5371277465943	0.1792107000001124	epochs	2.0
3585.5371277465943	0.0905296000000817	epochs	3.0
3585.6276573465943	0.08868110000003071	epochs	3.0
3585.7163384465944	0.17210769999974218	epochs	2.0
3585.7163384465944	0.08690630000000965	epochs	3.0
3585.8032447465944	0.08520139999973253	epochs	3.0
3585.888446146594	0.16554640000003928	epochs	2.0
3585.888446146594	0.08356189999994967	epochs	3.0
3585.972008046594	0.08198450000008961	epochs	3.0
3586.053992546594	0.15946710000025632	epochs	2.0
3586.053992546594	0.08046539999986635	epochs	3.0
3586.134457946594	0.07900170000038997	epochs	3.0
3586.2134596465944	0.1538183999996363	epochs	2.0
3586.2134596465944	0.07759009999972477	epochs	3.0
3586.291049746594	0.07622829999991154	epochs	3.0
3586.367278046594	0.14855640000041603	epochs	2.0
3586.367278046594	0.07491330000038943	epochs	3.0
3586.4421913465944	0.0736431000000266	epochs	3.0
3586.5158344465945	0.1436423999998624	epochs	2.0
3586.5158344465945	0.07241499999963708	epochs	3.0
3586.588249446594	0.07122740000022532	epochs	3.0
3586.6594768465943	0.13904309999998077	epochs	2.0
3586.6594768465943	0.0700779999997394	epochs	3.0
3586.729554846594	0.06896510000024136	epochs	3.0
3586.7985199465943	0.13472929999988992	epochs	2.0
3586.7985199465943	0.0678871000000072	epochs	3.0
3586.8664070465943	0.06684219999988272	epochs	3.0
3586.933249246594	0.1306752000000415	epochs	2.0
3586.933249246594	0.06582909999997355	epochs	3.0
3586.999078346594	0.06484610000006796	epochs	3.0
3587.0639244465942	0.1268577999999252	epochs	2.0
3587.0639244465942	0.06389200000012352	epochs	3.0
3587.1278164465944	0.06296579999980167	epochs	3.0
3587.190782246594	0.12325719999989815	epochs	2.0
3587.190782246594	0.06206580000025497	epochs	3.0
3587.2528480465944	0.06119139999964318	epochs	3.0
3587.314039446594	0.1198554000002332	epochs	2.0
3587.314039446594	0.060341100000187	epochs	3.0
3587.3743805465942	0.059514300000046205	epochs	3.0
3587.4338948465943	0.1166361999999026	epochs	2.0
3587.4338948465943	0.058709599999929196	epochs	3.0
3587.492604446594	0.057926599999973405	epochs	3.0
3587.550531046594	0.11358560000007856	epochs	2.0
3587.550531046594	0.05716419999998834	epochs	3.0
3587.607695246594	0.056421400000090216	epochs	3.0
3587.6641166465943	0.11069050000014613	epochs	2.0
3587.6641166465943	0.05569789999981367	epochs	3.0
3587.719814546594	0.05499260000033246	epochs	3.0
3587.7748071465944	0.10793909999983953	epochs	2.0
3587.7748071465944	0.054304899999806366	epochs	3.0
3587.829112046594	0.05363420000003316	epochs	3.0
3587.8827462465943	0.10532150000017282	epochs	2.0
3587.8827462465943	0.05297999999993408	epochs	3.0
3587.935726246594	0.05234150000023874	epochs	3.0
3587.9880677465944	0.10282759999972768	epochs	2.0
3587.9880677465944	0.05171810000001642	epochs	3.0
3588.0397858465944	0.05110949999971126	epochs	3.0
3588.090895346594	0.10044909999987794	epochs	2.0
3588.090895346594	0.050514900000052876	epochs	3.0
3588.141410246594	0.04993419999982507	epochs	3.0
3588.191344446594	0.09817830000019967	epochs	2.0
3588.191344446594	0.0493666000002122	epochs	3.0
3588.2407110465942	0.04881169999998747	epochs	3.0
3588.2895227465942	0.09600779999982478	epochs	2.0
3588.2895227465942	0.04826920000004975	epochs	3.0
3588.3377919465943	0.04773859999977503	epochs	3.0
3588.385530546594	0.09393120000004274	epochs	2.0
3588.385530546594	0.047219500000210246	epochs	3.0
3588.4327500465943	0.04671169999983249	epochs	3.0
3588.479461746594	0.09194260000003851	epochs	2.0
3588.479461746594	0.046214599999984785	epochs	3.0
3588.525676346594	0.045728000000053726	epochs	3.0
3588.571404346594	0.09003630000006524	epochs	2.0
3588.571404346594	0.04525150000017675	epochs	3.0
3588.6166558465943	0.04478479999988849	epochs	3.0
3588.661440646594	0.08820760000025984	epochs	2.0
3588.661440646594	0.0443278000002465	epochs	3.0
3588.7057684465944	0.04387980000001335	epochs	3.0
3588.7496482465945	0.0864516999999978	epochs	2.0
3588.7496482465945	0.04344099999980244	epochs	3.0
3588.7930892465943	0.04301070000019536	epochs	3.0
3588.8360999465945	0.08476429999973334	epochs	2.0
3588.8360999465945	0.0425889999996798	epochs	3.0
3588.878688946594	0.04217530000005354	epochs	3.0
3588.920864246594	0.08314150000023801	epochs	2.0
3588.920864246594	0.041769700000259036	epochs	3.0
3588.9626339465945	0.041371799999978975	epochs	3.0
3589.0040057465944	0.08157970000002024	epochs	2.0
3589.0040057465944	0.040981399999964196	epochs	3.0
3589.0449871465944	0.04059830000005604	epochs	3.0
3589.0855854465945	0.08007549999956609	epochs	2.0
3589.0855854465945	0.04022229999964111	epochs	3.0
3589.125807746594	0.03985319999992498	epochs	3.0
3589.165660946594	0.07862570000042979	epochs	2.0
3589.165660946594	0.03949080000029426	epochs	3.0
3589.2051517465943	0.03913490000013553	epochs	3.0
3589.2442866465944	0.07722759999978734	epochs	2.0
3589.2442866465944	0.03878539999959685	epochs	3.0
3589.283072046594	0.038442200000190496	epochs	3.0
3589.3215142465942	0.07587819999980638	epochs	2.0
3589.3215142465942	0.03810479999992822	epochs	3.0
3589.359619046594	0.037773399999878166	epochs	3.0
3589.397392446594	0.07457520000025397	epochs	2.0
3589.397392446594	0.03744770000002973	epochs	3.0
3589.434840146594	0.037127500000224245	epochs	3.0
3589.4719676465943	0.07331629999998768	epochs	2.0
3589.4719676465943	0.03681289999985893	epochs	3.0
3589.508780546594	0.03650340000012875	epochs	3.0
3589.5452839465943	0.07209899999998015	epochs	2.0
3589.5452839465943	0.03619909999997617	epochs	3.0
3589.5814830465943	0.03589990000000398	epochs	3.0
3589.6173829465943	0.07092169999987163	epochs	2.0
3589.6173829465943	0.03560560000005353	epochs	3.0
3589.6529885465943	0.03531609999981811	epochs	3.0
3589.688304646594	0.06978200000003199	epochs	2.0
3589.688304646594	0.03503120000004856	epochs	3.0
3589.723335846594	0.03475079999998343	epochs	3.0
3589.758086646594	0.06867860000011206	epochs	2.0
3589.758086646594	0.034475100000236125	epochs	3.0
3589.7925617465944	0.03420349999987593	epochs	3.0
3589.8267652465943	0.06760930000018561	epochs	2.0
3589.8267652465943	0.033936199999970995	epochs	3.0
3589.8607014465942	0.03367310000021462	epochs	3.0
3589.8943745465945	0.06657289999975546	epochs	2.0
3589.8943745465945	0.03341399999999339	epochs	3.0
3589.9277885465945	0.03315889999976207	epochs	3.0
3589.960947446594	0.06556779999982609	epochs	2.0
3589.960947446594	0.03290770000012344	epochs	3.0
3589.9938551465943	0.03266009999970265	epochs	3.0
3590.026515246594	0.0645926000001964	epochs	2.0
3590.026515246594	0.032416400000329304	epochs	3.0
3590.0589316465944	0.032176199999867094	epochs	3.0
3590.0911078465942	0.06364600000006249	epochs	2.0
3590.0911078465942	0.03193959999998697	epochs	3.0
3590.1230474465942	0.03170640000007552	epochs	3.0
3590.1547538465943	0.0627266999999847	epochs	2.0
3590.1547538465943	0.03147660000013275	epochs	3.0
3590.1862304465944	0.031250099999851955	epochs	3.0
3590.2174805465943	0.06183359999977256	epochs	2.0
3590.2174805465943	0.031026900000142632	epochs	3.0
3590.2485074465944	0.030806699999629927	epochs	3.0
3590.279314146594	0.06096560000014506	epochs	2.0
3590.279314146594	0.03058980000014344	epochs	3.0
3590.309903946594	0.030375800000001618	epochs	3.0
3590.340279746594	0.06012160000000222	epochs	2.0
3590.340279746594	0.030164899999817862	epochs	3.0
3590.370444646594	0.029956700000184355	epochs	3.0
3590.400401346594	0.059300700000221696	epochs	2.0
3590.400401346594	0.029751600000054168	epochs	3.0
3590.4301529465943	0.029549100000167527	epochs	3.0
3590.4597020465944	0.05850179999970351	epochs	2.0
3590.4597020465944	0.029349399999773595	epochs	3.0
3590.489051446594	0.029152399999929912	epochs	3.0
3590.518203846594	0.05772419999993872	epochs	2.0
3590.518203846594	0.028958000000329776	epochs	3.0
3590.5471618465945	0.028766199999608943	epochs	3.0
3590.575928046594	0.0569671000002927	epochs	2.0
3590.575928046594	0.028577000000041153	epochs	3.0
3590.604505046594	0.02839010000025155	epochs	3.0
3590.6328951465944	0.05622949999997218	epochs	2.0
3590.6328951465944	0.028205699999944045	epochs	3.0
3590.6611008465943	0.028023800000028132	epochs	3.0
3590.6891246465943	0.05551070000001346	epochs	2.0
3590.6891246465943	0.02784399999973175	epochs	3.0
3590.716968646594	0.027666700000281708	epochs	3.0
3590.7446353465944	0.05481019999979253	epochs	2.0
3590.7446353465944	0.02749149999999645	epochs	3.0
3590.7721268465943	0.02731869999979608	epochs	3.0
3590.799445546594	0.054126999999880354	epochs	2.0
3590.799445546594	0.027147799999966082	epochs	3.0
3590.826593346594	0.026979199999914272	epochs	3.0
3590.853572546594	0.05346070000041436	epochs	2.0
3590.853572546594	0.026812600000084785	epochs	3.0
3590.880385146594	0.026648100000329578	epochs	3.0
3590.9070332465944	0.05281070000000909	epochs	2.0
3590.9070332465944	0.0264855999998872	epochs	3.0
3590.9335188465943	0.026325100000121893	epochs	3.0
3590.9598439465944	0.052176199999848905	epochs	2.0
3590.9598439465944	0.026166399999965506	epochs	3.0
3590.9860103465944	0.0260097999998834	epochs	3.0
3591.0120201465943	0.05155669999976453	epochs	2.0
3591.0120201465943	0.02585480000016105	epochs	3.0
3591.0378749465945	0.025701899999603484	epochs	3.0
3591.063576846594	0.05095190000020011	epochs	2.0
3591.063576846594	0.025550700000167126	epochs	3.0
3591.089127546594	0.025401200000032986	epochs	3.0
3591.1145287465943	0.05036100000006627	epochs	2.0
3591.1145287465943	0.025253499999962514	epochs	3.0
3591.139782246594	0.025107500000103755	epochs	3.0
3591.1648897465943	0.04978380000011384	epochs	2.0
3591.1648897465943	0.02496320000000196	epochs	3.0
3591.1898529465943	0.02482060000011188	epochs	3.0
3591.2146735465944	0.049219499999708205	epochs	2.0
3591.2146735465944	0.024679399999968155	epochs	3.0
3591.2393529465944	0.02454009999974005	epochs	3.0
3591.263893046594	0.04866790000005494	epochs	2.0
3591.263893046594	0.02440210000031584	epochs	3.0
3591.2882951465945	0.0242657999997391	epochs	3.0
3591.312560946594	0.048128599999927246	epochs	2.0
3591.312560946594	0.024131000000124914	epochs	3.0
3591.3366919465943	0.023997599999802333	epochs	3.0
3591.360689546594	0.047601100000065344	epochs	2.0
3591.360689546594	0.023865800000294257	epochs	3.0
3591.3845553465944	0.023735299999771087	epochs	3.0
3591.408290646594	0.04708500000015192	epochs	2.0
3591.408290646594	0.023606300000210467	epochs	3.0
3591.4318969465944	0.023478699999941455	epochs	3.0
3591.4553756465943	0.04657999999972162	epochs	2.0
3591.4553756465943	0.023352499999873544	epochs	3.0
3591.478728146594	0.023227499999848078	epochs	3.0
3591.501955646594	0.04608570000027612	epochs	2.0
3591.501955646594	0.023104000000330416	epochs	3.0
3591.5250596465944	0.022981699999945704	epochs	3.0
3591.5480413465943	0.045601799999985815	epochs	2.0
3591.5480413465943	0.02286069999991014	epochs	3.0
3591.5709020465943	0.022741100000075676	epochs	3.0
3591.5936431465943	0.045127899999897636	epochs	2.0
3591.5936431465943	0.022622500000125	epochs	3.0
3591.6162656465945	0.022505399999772635	epochs	3.0
3591.6387710465942	0.04466379999985293	epochs	2.0
3591.6387710465942	0.022389300000213552	epochs	3.0
3591.6611603465944	0.022274499999639374	epochs	3.0
3591.683434846594	0.04420920000029582	epochs	2.0
3591.683434846594	0.02216080000016518	epochs	3.0
3591.7055956465942	0.02204840000013064	epochs	3.0
3591.7276440465944	0.043763599999692815	epochs	2.0
3591.7276440465944	0.021936899999673187	epochs	3.0
3591.749580946594	0.021826700000019628	epochs	3.0
3591.771407646594	0.043327100000169594	epochs	2.0
3591.771407646594	0.02171760000010181	epochs	3.0
3591.793125246594	0.021609500000067783	epochs	3.0
3591.8147347465942	0.04289900000003399	epochs	2.0
3591.8147347465942	0.021502500000224245	epochs	3.0
3591.8362372465945	0.021396499999809748	epochs	3.0
3591.8576337465943	0.04247949999989942	epochs	2.0
3591.8576337465943	0.021291699999892444	epochs	3.0
3591.878925446594	0.021187800000006973	epochs	3.0
3591.900113246594	0.04206789999989269	epochs	2.0
3591.900113246594	0.02108490000000529	epochs	3.0
3591.921198146594	0.020982999999887397	epochs	3.0
3591.942181146594	0.041664400000172463	epochs	2.0
3591.942181146594	0.020882199999959994	epochs	3.0
3591.963063346594	0.02078220000021247	epochs	3.0
3591.9838455465942	0.04126850000011473	epochs	2.0
3591.9838455465942	0.02068330000020069	epochs	3.0
3592.0045288465944	0.02058519999991404	epochs	3.0
3592.0251140465944	0.04088000000001557	epochs	2.0
3592.0251140465944	0.020488099999965925	epochs	3.0
3592.0456021465943	0.020391900000049645	epochs	3.0
3592.0659940465944	0.04049880000002304	epochs	2.0
3592.0659940465944	0.020296599999710452	epochs	3.0
3592.086290646594	0.020202200000312587	epochs	3.0
3592.1064928465944	0.04012459999967177	epochs	2.0
3592.1064928465944	0.02010870000003706	epochs	3.0
3592.1266015465944	0.020015899999634712	epochs	3.0
3592.146617446594	0.03975730000001931	epochs	2.0
3592.146617446594	0.01992420000033235	epochs	3.0
3592.1665416465944	0.019833099999686965	epochs	3.0
3592.186374746594	0.03939669999999751	epochs	2.0
3592.186374746594	0.019743000000289612	epochs	3.0
3592.2061177465944	0.019653699999707896	epochs	3.0
3592.225771446594	0.03904240000019854	epochs	2.0
3592.225771446594	0.0195651000003636	epochs	3.0
3592.2453365465944	0.01947729999983494	epochs	3.0
3592.2648138465943	0.03869459999987157	epochs	2.0
3592.2648138465943	0.019390399999792862	epochs	3.0
3592.284204246594	0.01930420000007871	epochs	3.0
3592.303508446594	0.03835290000006353	epochs	2.0
3592.303508446594	0.019218800000089686	epochs	3.0
3592.3227272465942	0.01913409999997384	epochs	3.0
3592.341861346594	0.03801720000001296	epochs	2.0
3592.341861346594	0.019050200000037876	epochs	3.0
3592.3609115465943	0.018966999999975087	epochs	3.0
3592.379878546594	0.03768720000016401	epochs	2.0
3592.379878546594	0.018884499999785476	epochs	3.0
3592.398763046594	0.018802700000378536	epochs	3.0
3592.4175657465944	0.037363099999765836	epochs	2.0
3592.4175657465944	0.018721699999787234	epochs	3.0
3592.436287446594	0.018641399999978603	epochs	3.0
3592.454928846594	0.037044300000161456	epochs	2.0
3592.454928846594	0.018561599999884493	epochs	3.0
3592.473490446594	0.018482700000276964	epochs	3.0
3592.4919731465943	0.036731000000145286	epochs	2.0
3592.4919731465943	0.018404299999929208	epochs	3.0
3592.5103774465942	0.01832670000021608	epochs	3.0
3592.5287041465945	0.036422899999706715	epochs	2.0
3592.5287041465945	0.018249599999762722	epochs	3.0
3592.546953746594	0.018173299999943993	epochs	3.0
3592.565127046594	0.03612010000006194	epochs	2.0
3592.565127046594	0.018097600000146485	epochs	3.0
3592.5832246465943	0.018022499999915453	epochs	3.0
3592.6012471465942	0.035822100000132195	epochs	2.0
3592.6012471465942	0.01794789999985369	epochs	3.0
3592.619195046594	0.017874200000278506	epochs	3.0
3592.6370692465944	0.03552899999976944	epochs	2.0
3592.6370692465944	0.01780079999980444	epochs	3.0
3592.654870046594	0.017728199999965	epochs	3.0
3592.672598246594	0.03524070000003121	epochs	2.0
3592.672598246594	0.017656100000294828	epochs	3.0
3592.6902543465944	0.017584599999736383	epochs	3.0
3592.707838946594	0.03495710000015606	epochs	2.0
3592.707838946594	0.017513700000108656	epochs	3.0
3592.7253526465943	0.017443400000047404	epochs	3.0
3592.7427960465943	0.03467790000013338	epochs	2.0
3592.7427960465943	0.017373599999700673	epochs	3.0
3592.760169646594	0.017304300000432704	epochs	3.0
3592.7774739465945	0.03440329999966707	epochs	2.0
3592.7774739465945	0.01723569999967367	epochs	3.0
3592.794709646594	0.0171675999999934	epochs	3.0
3592.811877246594	0.03413279999995211	epochs	2.0
3592.811877246594	0.017099900000175694	epochs	3.0
3592.8289771465943	0.01703289999977642	epochs	3.0
3592.846010046594	0.03386670000008962	epochs	2.0
3592.846010046594	0.01696640000000116	epochs	3.0
3592.862976446594	0.016900300000088464	epochs	3.0
3592.879876746594	0.03360460000021703	epochs	2.0
3592.879876746594	0.016834800000196992	epochs	3.0
3592.8967115465944	0.01676980000002004	epochs	3.0
3592.9134813465944	0.03334659999973155	epochs	2.0
3592.9134813465944	0.016705300000012357	epochs	3.0
3592.9301866465944	0.016641299999719195	epochs	3.0
3592.946827946594	0.03309250000029351	epochs	2.0
3592.946827946594	0.016577800000050047	epochs	3.0
3592.963405746594	0.016514700000243465	epochs	3.0
3592.9799204465944	0.032842299999629176	epochs	2.0
3592.9799204465944	0.01645220000000336	epochs	3.0
3592.9963726465944	0.016390099999625818	epochs	3.0
3593.012762746594	0.03259570000000167	epochs	2.0
3593.012762746594	0.016328400000020338	epochs	3.0
3593.029091146594	0.016267299999981333	epochs	3.0
3593.045358446594	0.03235290000020541	epochs	2.0
3593.045358446594	0.01620660000025964	epochs	3.0
3593.0615650465943	0.016146299999945768	epochs	3.0
3593.0777113465942	0.032113700000081735	epochs	2.0
3593.0777113465942	0.016086600000107865	epochs	3.0
3593.0937979465943	0.01602709999997387	epochs	3.0
3593.1098250465943	0.031877999999778694	epochs	2.0
3593.1098250465943	0.0159681999998611	epochs	3.0
3593.125793246594	0.015909799999917595	epochs	3.0
3593.141703046594	0.03164570000035383	epochs	2.0
3593.141703046594	0.01585160000013275	epochs	3.0
3593.1575546465942	0.01579410000022108	epochs	3.0
3593.1733487465945	0.03141669999968144	epochs	2.0
3593.1733487465945	0.015736699999706616	epochs	3.0
3593.189085446594	0.015679999999974825	epochs	3.0
3593.204765446594	0.03119109999988723	epochs	2.0
3593.204765446594	0.015623600000253646	epochs	3.0
3593.2203890465944	0.015567499999633583	epochs	3.0
3593.235956546594	0.030968700000357785	epochs	2.0
3593.235956546594	0.015512000000398984	epochs	3.0
3593.2514685465944	0.0154566999999588	epochs	3.0
3593.2669252465944	0.03074949999972887	epochs	2.0
3593.2669252465944	0.015401999999994587	epochs	3.0
3593.2823272465944	0.015347499999734282	epochs	3.0
3593.297674746594	0.030533200000263605	epochs	2.0
3593.297674746594	0.015293400000246038	epochs	3.0
3593.3129681465944	0.015239800000017567	epochs	3.0
3593.3282079465944	0.03032009999969887	epochs	2.0
3593.3282079465944	0.015186499999799707	epochs	3.0
3593.343394446594	0.015133599999899161	epochs	3.0
3593.358528046594	0.030109900000297785	epochs	2.0
3593.358528046594	0.015081000000009226	epochs	3.0
3593.373609046594	0.015028900000288559	epochs	3.0
3593.3886379465944	0.029902499999934662	epochs	2.0
3593.3886379465944	0.014976999999817053	epochs	3.0
3593.403614946594	0.014925500000117609	epochs	3.0
3593.4185404465943	0.0296981000001324	epochs	2.0
3593.4185404465943	0.014874399999825982	epochs	3.0
3593.433414846594	0.014823700000306417	epochs	3.0
3593.4482385465944	0.02949629999966419	epochs	2.0
3593.4482385465944	0.014773199999581266	epochs	3.0
3593.463011746594	0.014723100000082923	epochs	3.0
3593.477734846594	0.02929740000035963	epochs	2.0
3593.477734846594	0.014673399999992398	epochs	3.0
3593.492408246594	0.014624000000367232	epochs	3.0
3593.5070322465945	0.029101099999934377	epochs	2.0
3593.5070322465945	0.014574899999843183	epochs	3.0
3593.5216071465943	0.014526200000091194	epochs	3.0
3593.5361333465944	0.02890739999975267	epochs	2.0
3593.5361333465944	0.014477700000043114	epochs	3.0
3593.5506110465944	0.014429699999709555	epochs	3.0
3593.565040746594	0.028716199999962555	epochs	2.0
3593.565040746594	0.014381800000137446	epochs	3.0
3593.5794225465943	0.01433439999982511	epochs	3.0
3593.593756946594	0.02852759999996124	epochs	2.0
3593.593756946594	0.014287200000126177	epochs	3.0
3593.6080441465942	0.014240399999835063	epochs	3.0
3593.622284546594	0.028341400000044814	epochs	2.0
3593.622284546594	0.014193800000157353	epochs	3.0
3593.6364783465942	0.014147599999887461	epochs	3.0
3593.650625946594	0.028157700000065233	epochs	2.0
3593.650625946594	0.014101700000082928	epochs	3.0
3593.664727646594	0.014055999999982305	epochs	3.0
3593.678783646594	0.02797629999986384	epochs	2.0
3593.678783646594	0.014010599999892293	epochs	3.0
3593.692794246594	0.013965699999971548	epochs	3.0
3593.706759946594	0.02779720000035013	epochs	2.0
3593.706759946594	0.013920800000050804	epochs	3.0
3593.720680746594	0.013876400000299327	epochs	3.0
3593.7345571465944	0.027620399999705114	epochs	2.0
3593.7345571465944	0.013832199999797012	epochs	3.0
3593.748389346594	0.013788199999908102	epochs	3.0
3593.762177546594	0.027445900000202528	epochs	2.0
3593.762177546594	0.013744600000336504	epochs	3.0
3593.7759221465944	0.013701299999866023	epochs	3.0
3593.7896234465943	0.027273499999864725	epochs	2.0
3593.7896234465943	0.013658200000008947	epochs	3.0
3593.8032816465943	0.013615299999855779	epochs	3.0
3593.816896946594	0.027103400000214606	epochs	2.0
3593.816896946594	0.013572800000019924	epochs	3.0
3593.830469746594	0.013530600000194681	epochs	3.0
3593.8440003465944	0.02693520000002536	epochs	2.0
3593.8440003465944	0.01348839999991469	epochs	3.0
3593.8574887465943	0.01344680000011067	epochs	3.0
3593.8709355465944	0.02676919999976235	epochs	2.0
3593.8709355465944	0.013405199999851902	epochs	3.0
3593.8843407465943	0.013363999999910448	epochs	3.0
3593.897704746594	0.02660520000017641	epochs	2.0
3593.897704746594	0.013322900000275695	epochs	3.0
3593.9110276465944	0.013282299999900715	epochs	3.0
3593.9243099465943	0.0264431999999033	epochs	2.0
3593.9243099465943	0.013241699999980483	epochs	3.0
3593.9375516465943	0.013201499999922817	epochs	3.0
3593.9507531465943	0.026283199999852513	epochs	2.0
3593.9507531465943	0.013161500000023807	epochs	3.0
3593.9639146465943	0.013121699999828706	epochs	3.0
3593.977036346594	0.026125000000320142	epochs	2.0
3593.977036346594	0.01308210000024701	epochs	3.0
3593.9901184465944	0.013042900000073132	epochs	3.0
3594.0031613465944	0.025968899999952555	epochs	2.0
3594.0031613465944	0.013003899999603163	epochs	3.0
3594.016165246594	0.012965000000349391	epochs	3.0
3594.0291302465944	0.02581449999979668	epochs	2.0
3594.0291302465944	0.012926399999741989	epochs	3.0
3594.042056646594	0.012888100000054692	epochs	3.0
3594.054944746594	0.02566190000015922	epochs	2.0
3594.054944746594	0.01284990000021935	epochs	3.0
3594.0677946465944	0.012811999999939871	epochs	3.0
3594.0806066465943	0.025511199999982637	epochs	2.0
3594.0806066465943	0.012774400000125752	epochs	3.0
3594.0933810465945	0.012736799999856885	epochs	3.0
3594.1061178465943	0.02536229999986972	epochs	2.0
3594.1061178465943	0.012699699999757286	epochs	3.0
3594.118817546594	0.012662600000112434	epochs	3.0
3594.131480146594	0.02521500000011656	epochs	2.0
3594.131480146594	0.012625800000023446	epochs	3.0
3594.144105946594	0.012589200000093115	epochs	3.0
3594.1566951465943	0.024584799999956886	epochs	2.0
3594.1803411465944	0.5	epochs	-1.0
3594.1812799465943	0.5048000000001593	epochs	1.0
3594.6860799465944	0.49512000000004264	epochs	0.0
3595.488000392914	0.07528000000002066	epochs	0.0
3595.488000392914	0.032641400000102294	epochs	1.0
3595.520641792914	0.009997199999816075	epochs	1.0
3595.5306389929137	0.032641400000102294	epochs	1.0
3595.563280392914	2.0	epochs	0.0
3597.563280392914	5.364399999999932	epochs	0.0
3597.563280392914	1.0	epochs	1.0
3597.563301592914	0.5	epochs	-1.0
3598.063301592914	4.86437879999994	epochs	-1.0
3598.563280392914	4.364399999999932	epochs	1.0
3598.563280392914	4.356753900000058	epochs	-1.0
3598.563280392914	1.9745871999998599	epochs	2.0
3598.563280392914	1.098562199999833	epochs	3.0
3599.6618425929137	0.8760250000000269	epochs	3.0
3600.5378675929137	1.3524075000000266	epochs	2.0
3600.5378675929137	0.7286355000001095	epochs	3.0
3601.266503092914	0.6237719999999172	epochs	3.0
3601.8902750929137	1.0297592000001714	epochs	2.0
3601.8902750929137	0.5453293000000485	epochs	3.0
3602.435604392914	0.48442990000012287	epochs	3.0
3602.920034292914	0.007646099999874423	epochs	2.0
3602.920034292914	0.007646099999874423	epochs	3.0
3602.9276803929138	16.63552000000027	epochs	0.0
3603.742000102997	0.07528000000002066	epochs	0.0
3603.742000102997	0.032641400000102294	epochs	1.0
3603.774641502997	0.009997199999816075	epochs	1.0
3603.7846387029967	0.032641400000102294	epochs	1.0
3603.817280102997	2.0	epochs	0.0
3605.817280102997	5.364559999999983	epochs	0.0
3605.817280102997	1.0	epochs	1.0
3605.817301302997	0.5	epochs	-1.0
3606.317301302997	4.864538799999991	epochs	-1.0
3606.817280102997	4.364559999999983	epochs	1.0
3606.817280102997	4.356753900000058	epochs	-1.0
3606.817280102997	1.9745871999998599	epochs	2.0
3606.817280102997	1.098562199999833	epochs	3.0
3607.9158423029967	0.8760250000000269	epochs	3.0
3608.7918673029967	1.3524075000000266	epochs	2.0
3608.7918673029967	0.7286355000001095	epochs	3.0
3609.520502802997	0.6237719999999172	epochs	3.0
3610.1442748029967	1.0297592000001714	epochs	2.0
3610.1442748029967	0.5453293000000485	epochs	3.0
3610.689604102997	0.48442990000012287	epochs	3.0
3611.174034002997	0.007806099999925209	epochs	2.0
3611.174034002997	0.007806099999925209	epochs	3.0
3611.181840102997	16.63536000000022	epochs	0.0
3612.0110001564026	0.07528000000002066	epochs	0.0
3612.0110001564026	0.032641400000102294	epochs	1.0
3612.0436415564027	0.009997199999816075	epochs	1.0
3612.0536387564025	0.032641400000102294	epochs	1.0
3612.0862801564026	2.0	epochs	0.0
3614.0862801564026	5.364959999999883	epochs	0.0
3614.0862801564026	1.0	epochs	1.0
3614.0863013564026	0.5	epochs	-1.0
3614.5863013564026	4.864938799999891	epochs	-1.0
3615.0862801564026	4.364959999999883	epochs	1.0
3615.0862801564026	4.356753900000058	epochs	-1.0
3615.0862801564026	1.9745871999998599	epochs	2.0
3615.0862801564026	1.098562199999833	epochs	3.0
3616.1848423564024	0.8760250000000269	epochs	3.0
3617.0608673564025	1.3524075000000266	epochs	2.0
3617.0608673564025	0.7286355000001095	epochs	3.0
3617.7895028564026	0.6237719999999172	epochs	3.0
3618.4132748564025	1.0297592000001714	epochs	2.0
3618.4132748564025	0.5453293000000485	epochs	3.0
3618.9586041564025	0.48442990000012287	epochs	3.0
3619.4430340564027	0.0082060999998248	epochs	2.0
3619.4430340564027	0.0082060999998248	epochs	3.0
3619.4512401564025	16.63496000000032	epochs	0.0
3620.289999961853	0.07528000000002066	epochs	0.0
3620.289999961853	0.032641400000102294	epochs	1.0
3620.322641361853	0.009997199999816075	epochs	1.0
3620.332638561853	0.032641400000102294	epochs	1.0
3620.365279961853	2.0	epochs	0.0
3622.365279961853	5.364720000000034	epochs	0.0
3622.365279961853	1.0	epochs	1.0
3622.365301161853	0.5	epochs	-1.0
3622.865301161853	4.864698800000042	epochs	-1.0
3623.365279961853	4.364720000000034	epochs	1.0
3623.365279961853	4.356753900000058	epochs	-1.0
3623.365279961853	1.9745871999998599	epochs	2.0
3623.365279961853	1.098562199999833	epochs	3.0
3624.463842161853	0.8760250000000269	epochs	3.0
3625.339867161853	1.3524075000000266	epochs	2.0
3625.339867161853	0.7286355000001095	epochs	3.0
3626.068502661853	0.6237719999999172	epochs	3.0
3626.692274661853	1.0297592000001714	epochs	2.0
3626.692274661853	0.5453293000000485	epochs	3.0
3627.237603961853	0.48442990000012287	epochs	3.0
3627.722033861853	0.007966099999975995	epochs	2.0
3627.722033861853	0.007966099999975995	epochs	3.0
3627.729999961853	16.635200000000168	epochs	0.0
3628.5729999542236	0.07528000000002066	epochs	0.0
3628.5729999542236	0.032641400000102294	epochs	1.0
3628.6056413542237	0.009997199999816075	epochs	1.0
3628.6156385542236	0.032641400000102294	epochs	1.0
3628.6482799542237	2.0	epochs	0.0
3630.6482799542237	5.364079999999831	epochs	0.0
3630.6482799542237	1.0	epochs	1.0
3630.6483011542236	0.5	epochs	-1.0
3631.1483011542236	4.864058799999839	epochs	-1.0
3631.6482799542237	4.364079999999831	epochs	1.0
3631.6482799542237	4.356753900000058	epochs	-1.0
3631.6482799542237	1.9745871999998599	epochs	2.0
3631.6482799542237	1.098562199999833	epochs	3.0
3632.7468421542235	0.8760250000000269	epochs	3.0
3633.6228671542235	1.3524075000000266	epochs	2.0
3633.6228671542235	0.7286355000001095	epochs	3.0
3634.3515026542236	0.6237719999999172	epochs	3.0
3634.9752746542235	1.0297592000001714	epochs	2.0
3634.9752746542235	0.5453293000000485	epochs	3.0
3635.5206039542236	0.48442990000012287	epochs	3.0
3636.0050338542237	0.00732609999977285	epochs	2.0
3636.0050338542237	0.00732609999977285	epochs	3.0
3636.0123599542235	16.63584000000037	epochs	0.0
3641.238000392914	0.07528000000002066	epochs	0.0
3641.238000392914	0.032641400000102294	epochs	1.0
3641.270641792914	0.009997199999816075	epochs	1.0
3641.2806389929137	0.032641400000102294	epochs	1.0
3641.313280392914	2.0	epochs	0.0
3643.313280392914	5.364720000000034	epochs	0.0
3643.313280392914	1.0	epochs	1.0
3643.313301592914	0.5	epochs	-1.0
3643.813301592914	4.864698800000042	epochs	-1.0
3644.313280392914	4.364720000000034	epochs	1.0
3644.313280392914	4.356753900000058	epochs	-1.0
3644.313280392914	1.9745871999998599	epochs	2.0
3644.313280392914	1.098562199999833	epochs	3.0
3645.4118425929137	0.8760250000000269	epochs	3.0
3646.2878675929137	1.3524075000000266	epochs	2.0
3646.2878675929137	0.7286355000001095	epochs	3.0
3647.016503092914	0.6237719999999172	epochs	3.0
3647.6402750929137	1.0297592000001714	epochs	2.0
3647.6402750929137	0.5453293000000485	epochs	3.0
3648.185604392914	0.48442990000012287	epochs	3.0
3648.670034292914	0.007966099999975995	epochs	2.0
3648.670034292914	0.007966099999975995	epochs	3.0
3648.678000392914	16.635200000000168	epochs	0.0
3649.5190000534058	0.07528000000002066	epochs	0.0
3649.5190000534058	0.032641400000102294	epochs	1.0
3649.551641453406	0.009997199999816075	epochs	1.0
3649.5616386534057	0.032641400000102294	epochs	1.0
3649.594280053406	2.0	epochs	0.0
3651.594280053406	21.544240000000173	epochs	0.0
3651.594280053406	1.0	epochs	1.0
3651.594301253406	0.5	epochs	-1.0
3652.094301253406	19.99904000000015	epochs	-1.0
3652.594280053406	20.0	epochs	1.0
3652.594280053406	4.356753900000058	epochs	-1.0
3652.594280053406	1.9745871999998599	epochs	2.0
3652.594280053406	1.098562199999833	epochs	3.0
3653.6928422534056	0.8760250000000269	epochs	3.0
3654.5688672534056	1.3524075000000266	epochs	2.0
3654.5688672534056	0.7286355000001095	epochs	3.0
3655.2975027534058	0.6237719999999172	epochs	3.0
3655.9212747534057	1.0297592000001714	epochs	2.0
3655.9212747534057	0.5453293000000485	epochs	3.0
3656.4666040534057	0.48442990000012287	epochs	3.0
3656.951033953406	0.8317861999998968	epochs	2.0
3656.951033953406	0.4357762999998158	epochs	3.0
3657.3868102534057	0.39600990000008096	epochs	3.0
3657.7828201534057	0.6977969999998095	epochs	2.0
3657.7828201534057	0.3628982000000178	epochs	3.0
3658.1457183534058	0.33489879999979166	epochs	3.0
3658.4806171534055	0.6010457000002134	epochs	2.0
3658.4806171534055	0.31091230000038195	epochs	3.0
3658.791529453406	0.29013339999983145	epochs	3.0
3659.0816628534058	0.5278859000000011	epochs	2.0
3659.0816628534058	0.2719585999998344	epochs	3.0
3659.3536214534056	0.2559273000001667	epochs	3.0
3659.6095487534058	0.4706193000001804	epochs	2.0
3659.6095487534058	0.241681299999982	epochs	3.0
3659.8512300534057	0.22893800000019837	epochs	3.0
3660.080168053406	0.42457039999999324	epochs	2.0
3660.080168053406	0.2174713999997948	epochs	3.0
3660.2976394534057	0.20709900000019843	epochs	3.0
3660.504738453406	0.3867353999999068	epochs	2.0
3660.504738453406	0.1976710999997522	epochs	3.0
3660.7024095534057	0.18906430000015462	epochs	3.0
3660.891473853406	0.35509529999990264	epochs	2.0
3660.891473853406	0.1811758999997437	epochs	3.0
3661.0726497534056	0.17391940000015893	epochs	3.0
3661.2465691534057	0.32824310000023615	epochs	2.0
3661.2465691534057	0.167221900000186	epochs	3.0
3661.413791053406	0.16102120000005016	epochs	3.0
3661.574812253406	0.3051679999998669	epochs	2.0
3661.574812253406	0.1552638999996816	epochs	3.0
3661.7300761534057	0.14990410000018528	epochs	3.0
3661.879980253406	0.28512529999989056	epochs	2.0
3661.879980253406	0.14490209999985382	epochs	3.0
3662.0248823534057	0.14022320000003674	epochs	3.0
3662.1651055534057	0.2675537999998596	epochs	2.0
3662.1651055534057	0.1358368999999584	epochs	3.0
3662.3009424534057	0.13171689999990122	epochs	3.0
3662.4326593534056	0.25202290000015637	epochs	2.0
3662.4326593534056	0.12783930000023247	epochs	3.0
3662.560498653406	0.1241835999999239	epochs	3.0
3662.6846822534058	0.23819649999995818	epochs	2.0
3662.6846822534058	0.1207310999998299	epochs	3.0
3662.8054133534056	0.11746540000012828	epochs	3.0
3662.9228787534057	0.22580879999986792	epochs	2.0
3662.9228787534057	0.11437190000015107	epochs	3.0
3663.037250653406	0.11143689999971684	epochs	3.0
3663.1486875534056	0.21464600000035716	epochs	2.0
3663.1486875534056	0.1086489000003894	epochs	3.0
3663.257336453406	0.10599709999996776	epochs	3.0
3663.363333553406	0.2045349999998507	epochs	2.0
3663.363333553406	0.10347149999961403	epochs	3.0
3663.4668050534056	0.10106350000023667	epochs	3.0
3663.567868553406	0.19533400000000256	epochs	2.0
3663.567868553406	0.09876510000003691	epochs	3.0
3663.666633653406	0.09656889999996565	epochs	3.0
3663.763202553406	0.18692529999998442	epochs	2.0
3663.763202553406	0.09446829999978945	epochs	3.0
3663.8576708534056	0.09245700000019497	epochs	3.0
3663.950127853406	0.1792107000001124	epochs	2.0
3663.950127853406	0.0905296000000817	epochs	3.0
3664.040657453406	0.08868110000003071	epochs	3.0
3664.129338553406	0.17210769999974218	epochs	2.0
3664.129338553406	0.08690630000000965	epochs	3.0
3664.216244853406	0.08520139999973253	epochs	3.0
3664.3014462534056	0.16554640000003928	epochs	2.0
3664.3014462534056	0.08356189999994967	epochs	3.0
3664.3850081534056	0.08198450000008961	epochs	3.0
3664.4669926534057	0.15946710000025632	epochs	2.0
3664.4669926534057	0.08046539999986635	epochs	3.0
3664.5474580534055	0.07900170000038997	epochs	3.0
3664.626459753406	0.1538183999996363	epochs	2.0
3664.626459753406	0.07759009999972477	epochs	3.0
3664.7040498534056	0.07622829999991154	epochs	3.0
3664.7802781534056	0.14855640000041603	epochs	2.0
3664.7802781534056	0.07491330000038943	epochs	3.0
3664.855191453406	0.0736431000000266	epochs	3.0
3664.928834553406	0.1436423999998624	epochs	2.0
3664.928834553406	0.07241499999963708	epochs	3.0
3665.0012495534056	0.07122740000022532	epochs	3.0
3665.072476953406	0.13904309999998077	epochs	2.0
3665.072476953406	0.0700779999997394	epochs	3.0
3665.1425549534056	0.06896510000024136	epochs	3.0
3665.211520053406	0.13472929999988992	epochs	2.0
3665.211520053406	0.0678871000000072	epochs	3.0
3665.279407153406	0.06684219999988272	epochs	3.0
3665.3462493534057	0.1306752000000415	epochs	2.0
3665.3462493534057	0.06582909999997355	epochs	3.0
3665.4120784534057	0.06484610000006796	epochs	3.0
3665.4769245534058	0.1268577999999252	epochs	2.0
3665.4769245534058	0.06389200000012352	epochs	3.0
3665.540816553406	0.06296579999980167	epochs	3.0
3665.6037823534057	0.12325719999989815	epochs	2.0
3665.6037823534057	0.06206580000025497	epochs	3.0
3665.665848153406	0.06119139999964318	epochs	3.0
3665.7270395534056	0.1198554000002332	epochs	2.0
3665.7270395534056	0.060341100000187	epochs	3.0
3665.7873806534058	0.059514300000046205	epochs	3.0
3665.846894953406	0.1166361999999026	epochs	2.0
3665.846894953406	0.058709599999929196	epochs	3.0
3665.9056045534057	0.057926599999973405	epochs	3.0
3665.9635311534057	0.11358560000007856	epochs	2.0
3665.9635311534057	0.05716419999998834	epochs	3.0
3666.0206953534057	0.056421400000090216	epochs	3.0
3666.077116753406	0.11069050000014613	epochs	2.0
3666.077116753406	0.05569789999981367	epochs	3.0
3666.1328146534056	0.05499260000033246	epochs	3.0
3666.187807253406	0.10793909999983953	epochs	2.0
3666.187807253406	0.054304899999806366	epochs	3.0
3666.2421121534057	0.05363420000003316	epochs	3.0
3666.295746353406	0.10532150000017282	epochs	2.0
3666.295746353406	0.05297999999993408	epochs	3.0
3666.3487263534057	0.05234150000023874	epochs	3.0
3666.401067853406	0.10282759999972768	epochs	2.0
3666.401067853406	0.05171810000001642	epochs	3.0
3666.452785953406	0.05110949999971126	epochs	3.0
3666.5038954534057	0.10044909999987794	epochs	2.0
3666.5038954534057	0.050514900000052876	epochs	3.0
3666.5544103534057	0.04993419999982507	epochs	3.0
3666.6043445534056	0.09817830000019967	epochs	2.0
3666.6043445534056	0.0493666000002122	epochs	3.0
3666.6537111534058	0.04881169999998747	epochs	3.0
3666.7025228534058	0.09600779999982478	epochs	2.0
3666.7025228534058	0.04826920000004975	epochs	3.0
3666.750792053406	0.04773859999977503	epochs	3.0
3666.7985306534056	0.09393120000004274	epochs	2.0
3666.7985306534056	0.047219500000210246	epochs	3.0
3666.845750153406	0.04671169999983249	epochs	3.0
3666.8924618534056	0.09194260000003851	epochs	2.0
3666.8924618534056	0.046214599999984785	epochs	3.0
3666.9386764534056	0.045728000000053726	epochs	3.0
3666.9844044534057	0.09003630000006524	epochs	2.0
3666.9844044534057	0.04525150000017675	epochs	3.0
3667.029655953406	0.04478479999988849	epochs	3.0
3667.0744407534057	0.08820760000025984	epochs	2.0
3667.0744407534057	0.0443278000002465	epochs	3.0
3667.118768553406	0.04387980000001335	epochs	3.0
3667.162648353406	0.0864516999999978	epochs	2.0
3667.162648353406	0.04344099999980244	epochs	3.0
3667.206089353406	0.04301070000019536	epochs	3.0
3667.249100053406	0.08476429999973334	epochs	2.0
3667.249100053406	0.0425889999996798	epochs	3.0
3667.2916890534057	0.04217530000005354	epochs	3.0
3667.3338643534057	0.08314150000023801	epochs	2.0
3667.3338643534057	0.041769700000259036	epochs	3.0
3667.375634053406	0.041371799999978975	epochs	3.0
3667.417005853406	0.08157970000002024	epochs	2.0
3667.417005853406	0.040981399999964196	epochs	3.0
3667.457987253406	0.04059830000005604	epochs	3.0
3667.498585553406	0.08007549999956609	epochs	2.0
3667.498585553406	0.04022229999964111	epochs	3.0
3667.5388078534056	0.03985319999992498	epochs	3.0
3667.5786610534055	0.07862570000042979	epochs	2.0
3667.5786610534055	0.03949080000029426	epochs	3.0
3667.618151853406	0.03913490000013553	epochs	3.0
3667.657286753406	0.07722759999978734	epochs	2.0
3667.657286753406	0.03878539999959685	epochs	3.0
3667.6960721534056	0.038442200000190496	epochs	3.0
3667.7345143534058	0.07587819999980638	epochs	2.0
3667.7345143534058	0.03810479999992822	epochs	3.0
3667.7726191534057	0.037773399999878166	epochs	3.0
3667.8103925534056	0.07457520000025397	epochs	2.0
3667.8103925534056	0.03744770000002973	epochs	3.0
3667.8478402534056	0.037127500000224245	epochs	3.0
3667.884967753406	0.07331629999998768	epochs	2.0
3667.884967753406	0.03681289999985893	epochs	3.0
3667.9217806534057	0.03650340000012875	epochs	3.0
3667.958284053406	0.07209899999998015	epochs	2.0
3667.958284053406	0.03619909999997617	epochs	3.0
3667.994483153406	0.03589990000000398	epochs	3.0
3668.030383053406	0.07092169999987163	epochs	2.0
3668.030383053406	0.03560560000005353	epochs	3.0
3668.065988653406	0.03531609999981811	epochs	3.0
3668.1013047534057	0.06978200000003199	epochs	2.0
3668.1013047534057	0.03503120000004856	epochs	3.0
3668.1363359534057	0.03475079999998343	epochs	3.0
3668.1710867534057	0.06867860000011206	epochs	2.0
3668.1710867534057	0.034475100000236125	epochs	3.0
3668.205561853406	0.03420349999987593	epochs	3.0
3668.239765353406	0.06760930000018561	epochs	2.0
3668.239765353406	0.033936199999970995	epochs	3.0
3668.2737015534058	0.03367310000021462	epochs	3.0
3668.307374653406	0.06657289999975546	epochs	2.0
3668.307374653406	0.03341399999999339	epochs	3.0
3668.340788653406	0.03315889999976207	epochs	3.0
3668.3739475534057	0.06556779999982609	epochs	2.0
3668.3739475534057	0.03290770000012344	epochs	3.0
3668.406855253406	0.03266009999970265	epochs	3.0
3668.4395153534056	0.0645926000001964	epochs	2.0
3668.4395153534056	0.032416400000329304	epochs	3.0
3668.471931753406	0.032176199999867094	epochs	3.0
3668.5041079534058	0.06364600000006249	epochs	2.0
3668.5041079534058	0.03193959999998697	epochs	3.0
3668.5360475534058	0.03170640000007552	epochs	3.0
3668.567753953406	0.0627266999999847	epochs	2.0
3668.567753953406	0.03147660000013275	epochs	3.0
3668.599230553406	0.031250099999851955	epochs	3.0
3668.630480653406	0.06183359999977256	epochs	2.0
3668.630480653406	0.031026900000142632	epochs	3.0
3668.661507553406	0.030806699999629927	epochs	3.0
3668.6923142534056	0.06096560000014506	epochs	2.0
3668.6923142534056	0.03058980000014344	epochs	3.0
3668.7229040534057	0.030375800000001618	epochs	3.0
3668.7532798534057	0.06012160000000222	epochs	2.0
3668.7532798534057	0.030164899999817862	epochs	3.0
3668.7834447534055	0.029956700000184355	epochs	3.0
3668.8134014534057	0.059300700000221696	epochs	2.0
3668.8134014534057	0.029751600000054168	epochs	3.0
3668.843153053406	0.029549100000167527	epochs	3.0
3668.872702153406	0.05850179999970351	epochs	2.0
3668.872702153406	0.029349399999773595	epochs	3.0
3668.9020515534057	0.029152399999929912	epochs	3.0
3668.9312039534057	0.05772419999993872	epochs	2.0
3668.9312039534057	0.028958000000329776	epochs	3.0
3668.960161953406	0.028766199999608943	epochs	3.0
3668.9889281534056	0.0569671000002927	epochs	2.0
3668.9889281534056	0.028577000000041153	epochs	3.0
3669.0175051534056	0.02839010000025155	epochs	3.0
3669.045895253406	0.05622949999997218	epochs	2.0
3669.045895253406	0.028205699999944045	epochs	3.0
3669.074100953406	0.028023800000028132	epochs	3.0
3669.102124753406	0.05551070000001346	epochs	2.0
3669.102124753406	0.02784399999973175	epochs	3.0
3669.1299687534056	0.027666700000281708	epochs	3.0
3669.157635453406	0.05481019999979253	epochs	2.0
3669.157635453406	0.02749149999999645	epochs	3.0
3669.185126953406	0.02731869999979608	epochs	3.0
3669.2124456534057	0.054126999999880354	epochs	2.0
3669.2124456534057	0.027147799999966082	epochs	3.0
3669.2395934534056	0.026979199999914272	epochs	3.0
3669.2665726534055	0.05346070000041436	epochs	2.0
3669.2665726534055	0.026812600000084785	epochs	3.0
3669.2933852534056	0.026648100000329578	epochs	3.0
3669.320033353406	0.05281070000000909	epochs	2.0
3669.320033353406	0.0264855999998872	epochs	3.0
3669.346518953406	0.026325100000121893	epochs	3.0
3669.372844053406	0.052176199999848905	epochs	2.0
3669.372844053406	0.026166399999965506	epochs	3.0
3669.399010453406	0.0260097999998834	epochs	3.0
3669.425020253406	0.05155669999976453	epochs	2.0
3669.425020253406	0.02585480000016105	epochs	3.0
3669.450875053406	0.025701899999603484	epochs	3.0
3669.4765769534056	0.05095190000020011	epochs	2.0
3669.4765769534056	0.025550700000167126	epochs	3.0
3669.5021276534058	0.025401200000032986	epochs	3.0
3669.527528853406	0.05036100000006627	epochs	2.0
3669.527528853406	0.025253499999962514	epochs	3.0
3669.5527823534057	0.025107500000103755	epochs	3.0
3669.577889853406	0.04978380000011384	epochs	2.0
3669.577889853406	0.02496320000000196	epochs	3.0
3669.602853053406	0.02482060000011188	epochs	3.0
3669.627673653406	0.049219499999708205	epochs	2.0
3669.627673653406	0.024679399999968155	epochs	3.0
3669.652353053406	0.02454009999974005	epochs	3.0
3669.6768931534057	0.04866790000005494	epochs	2.0
3669.6768931534057	0.02440210000031584	epochs	3.0
3669.701295253406	0.0242657999997391	epochs	3.0
3669.7255610534057	0.048128599999927246	epochs	2.0
3669.7255610534057	0.024131000000124914	epochs	3.0
3669.749692053406	0.023997599999802333	epochs	3.0
3669.7736896534057	0.047601100000065344	epochs	2.0
3669.7736896534057	0.023865800000294257	epochs	3.0
3669.797555453406	0.023735299999771087	epochs	3.0
3669.8212907534057	0.04708500000015192	epochs	2.0
3669.8212907534057	0.023606300000210467	epochs	3.0
3669.844897053406	0.023478699999941455	epochs	3.0
3669.868375753406	0.04657999999972162	epochs	2.0
3669.868375753406	0.023352499999873544	epochs	3.0
3669.8917282534057	0.023227499999848078	epochs	3.0
3669.9149557534056	0.04608570000027612	epochs	2.0
3669.9149557534056	0.023104000000330416	epochs	3.0
3669.938059753406	0.022981699999945704	epochs	3.0
3669.961041453406	0.045601799999985815	epochs	2.0
3669.961041453406	0.02286069999991014	epochs	3.0
3669.983902153406	0.022741100000075676	epochs	3.0
3670.006643253406	0.045127899999897636	epochs	2.0
3670.006643253406	0.022622500000125	epochs	3.0
3670.029265753406	0.022505399999772635	epochs	3.0
3670.0517711534058	0.04466379999985293	epochs	2.0
3670.0517711534058	0.022389300000213552	epochs	3.0
3670.074160453406	0.022274499999639374	epochs	3.0
3670.0964349534056	0.04420920000029582	epochs	2.0
3670.0964349534056	0.02216080000016518	epochs	3.0
3670.1185957534058	0.02204840000013064	epochs	3.0
3670.140644153406	0.043763599999692815	epochs	2.0
3670.140644153406	0.021936899999673187	epochs	3.0
3670.1625810534056	0.021826700000019628	epochs	3.0
3670.1844077534056	0.043327100000169594	epochs	2.0
3670.1844077534056	0.02171760000010181	epochs	3.0
3670.2061253534057	0.021609500000067783	epochs	3.0
3670.2277348534058	0.04289900000003399	epochs	2.0
3670.2277348534058	0.021502500000224245	epochs	3.0
3670.249237353406	0.021396499999809748	epochs	3.0
3670.270633853406	0.04247949999989942	epochs	2.0
3670.270633853406	0.021291699999892444	epochs	3.0
3670.2919255534057	0.021187800000006973	epochs	3.0
3670.3131133534057	0.04206789999989269	epochs	2.0
3670.3131133534057	0.02108490000000529	epochs	3.0
3670.3341982534057	0.020982999999887397	epochs	3.0
3670.3551812534056	0.041664400000172463	epochs	2.0
3670.3551812534056	0.020882199999959994	epochs	3.0
3670.3760634534055	0.02078220000021247	epochs	3.0
3670.3968456534058	0.04126850000011473	epochs	2.0
3670.3968456534058	0.02068330000020069	epochs	3.0
3670.417528953406	0.02058519999991404	epochs	3.0
3670.438114153406	0.04088000000001557	epochs	2.0
3670.438114153406	0.020488099999965925	epochs	3.0
3670.458602253406	0.020391900000049645	epochs	3.0
3670.478994153406	0.04049880000002304	epochs	2.0
3670.478994153406	0.020296599999710452	epochs	3.0
3670.4992907534056	0.020202200000312587	epochs	3.0
3670.519492953406	0.04012459999967177	epochs	2.0
3670.519492953406	0.02010870000003706	epochs	3.0
3670.539601653406	0.020015899999634712	epochs	3.0
3670.5596175534056	0.03975730000001931	epochs	2.0
3670.5596175534056	0.01992420000033235	epochs	3.0
3670.579541753406	0.019833099999686965	epochs	3.0
3670.5993748534056	0.03939669999999751	epochs	2.0
3670.5993748534056	0.019743000000289612	epochs	3.0
3670.619117853406	0.019653699999707896	epochs	3.0
3670.6387715534056	0.03904240000019854	epochs	2.0
3670.6387715534056	0.0195651000003636	epochs	3.0
3670.658336653406	0.01947729999983494	epochs	3.0
3670.677813953406	0.03869459999987157	epochs	2.0
3670.677813953406	0.019390399999792862	epochs	3.0
3670.6972043534056	0.01930420000007871	epochs	3.0
3670.7165085534057	0.03835290000006353	epochs	2.0
3670.7165085534057	0.019218800000089686	epochs	3.0
3670.7357273534058	0.01913409999997384	epochs	3.0
3670.7548614534057	0.03801720000001296	epochs	2.0
3670.7548614534057	0.019050200000037876	epochs	3.0
3670.773911653406	0.018966999999975087	epochs	3.0
3670.7928786534058	0.03768720000016401	epochs	2.0
3670.7928786534058	0.018884499999785476	epochs	3.0
3670.8117631534055	0.018802700000378536	epochs	3.0
3670.830565853406	0.037363099999765836	epochs	2.0
3670.830565853406	0.018721699999787234	epochs	3.0
3670.8492875534057	0.018641399999978603	epochs	3.0
3670.8679289534057	0.037044300000161456	epochs	2.0
3670.8679289534057	0.018561599999884493	epochs	3.0
3670.8864905534056	0.018482700000276964	epochs	3.0
3670.904973253406	0.036731000000145286	epochs	2.0
3670.904973253406	0.018404299999929208	epochs	3.0
3670.9233775534058	0.01832670000021608	epochs	3.0
3670.941704253406	0.036422899999706715	epochs	2.0
3670.941704253406	0.018249599999762722	epochs	3.0
3670.9599538534058	0.018173299999943993	epochs	3.0
3670.9781271534057	0.03612010000006194	epochs	2.0
3670.9781271534057	0.018097600000146485	epochs	3.0
3670.996224753406	0.018022499999915453	epochs	3.0
3671.0142472534058	0.035822100000132195	epochs	2.0
3671.0142472534058	0.01794789999985369	epochs	3.0
3671.0321951534056	0.017874200000278506	epochs	3.0
3671.050069353406	0.03552899999976944	epochs	2.0
3671.050069353406	0.01780079999980444	epochs	3.0
3671.0678701534057	0.017728199999965	epochs	3.0
3671.0855983534057	0.03524070000003121	epochs	2.0
3671.0855983534057	0.017656100000294828	epochs	3.0
3671.103254453406	0.017584599999736383	epochs	3.0
3671.1208390534057	0.03495710000015606	epochs	2.0
3671.1208390534057	0.017513700000108656	epochs	3.0
3671.138352753406	0.017443400000047404	epochs	3.0
3671.155796153406	0.03467790000013338	epochs	2.0
3671.155796153406	0.017373599999700673	epochs	3.0
3671.1731697534055	0.017304300000432704	epochs	3.0
3671.190474053406	0.03440329999966707	epochs	2.0
3671.190474053406	0.01723569999967367	epochs	3.0
3671.2077097534057	0.0171675999999934	epochs	3.0
3671.2248773534056	0.03413279999995211	epochs	2.0
3671.2248773534056	0.017099900000175694	epochs	3.0
3671.241977253406	0.01703289999977642	epochs	3.0
3671.2590101534056	0.03386670000008962	epochs	2.0
3671.2590101534056	0.01696640000000116	epochs	3.0
3671.2759765534056	0.016900300000088464	epochs	3.0
3671.2928768534057	0.03360460000021703	epochs	2.0
3671.2928768534057	0.016834800000196992	epochs	3.0
3671.309711653406	0.01676980000002004	epochs	3.0
3671.326481453406	0.03334659999973155	epochs	2.0
3671.326481453406	0.016705300000012357	epochs	3.0
3671.343186753406	0.016641299999719195	epochs	3.0
3671.3598280534056	0.03309250000029351	epochs	2.0
3671.3598280534056	0.016577800000050047	epochs	3.0
3671.3764058534057	0.016514700000243465	epochs	3.0
3671.392920553406	0.032842299999629176	epochs	2.0
3671.392920553406	0.01645220000000336	epochs	3.0
3671.409372753406	0.016390099999625818	epochs	3.0
3671.4257628534056	0.03259570000000167	epochs	2.0
3671.4257628534056	0.016328400000020338	epochs	3.0
3671.4420912534056	0.016267299999981333	epochs	3.0
3671.4583585534056	0.03235290000020541	epochs	2.0
3671.4583585534056	0.01620660000025964	epochs	3.0
3671.474565153406	0.016146299999945768	epochs	3.0
3671.4907114534058	0.032113700000081735	epochs	2.0
3671.4907114534058	0.016086600000107865	epochs	3.0
3671.506798053406	0.01602709999997387	epochs	3.0
3671.522825153406	0.031877999999778694	epochs	2.0
3671.522825153406	0.0159681999998611	epochs	3.0
3671.5387933534057	0.015909799999917595	epochs	3.0
3671.5547031534056	0.03164570000035383	epochs	2.0
3671.5547031534056	0.01585160000013275	epochs	3.0
3671.5705547534058	0.01579410000022108	epochs	3.0
3671.586348853406	0.03141669999968144	epochs	2.0
3671.586348853406	0.015736699999706616	epochs	3.0
3671.6020855534057	0.015679999999974825	epochs	3.0
3671.6177655534057	0.03119109999988723	epochs	2.0
3671.6177655534057	0.015623600000253646	epochs	3.0
3671.633389153406	0.015567499999633583	epochs	3.0
3671.6489566534055	0.030968700000357785	epochs	2.0
3671.6489566534055	0.015512000000398984	epochs	3.0
3671.664468653406	0.0154566999999588	epochs	3.0
3671.679925353406	0.03074949999972887	epochs	2.0
3671.679925353406	0.015401999999994587	epochs	3.0
3671.695327353406	0.015347499999734282	epochs	3.0
3671.7106748534056	0.030533200000263605	epochs	2.0
3671.7106748534056	0.015293400000246038	epochs	3.0
3671.725968253406	0.015239800000017567	epochs	3.0
3671.741208053406	0.03032009999969887	epochs	2.0
3671.741208053406	0.015186499999799707	epochs	3.0
3671.7563945534057	0.015133599999899161	epochs	3.0
3671.7715281534056	0.030109900000297785	epochs	2.0
3671.7715281534056	0.015081000000009226	epochs	3.0
3671.7866091534056	0.015028900000288559	epochs	3.0
3671.801638053406	0.029902499999934662	epochs	2.0
3671.801638053406	0.014976999999817053	epochs	3.0
3671.8166150534057	0.014925500000117609	epochs	3.0
3671.831540553406	0.0296981000001324	epochs	2.0
3671.831540553406	0.014874399999825982	epochs	3.0
3671.8464149534057	0.014823700000306417	epochs	3.0
3671.861238653406	0.02949629999966419	epochs	2.0
3671.861238653406	0.014773199999581266	epochs	3.0
3671.8760118534055	0.014723100000082923	epochs	3.0
3671.8907349534056	0.02929740000035963	epochs	2.0
3671.8907349534056	0.014673399999992398	epochs	3.0
3671.9054083534056	0.014624000000367232	epochs	3.0
3671.920032353406	0.029101099999934377	epochs	2.0
3671.920032353406	0.014574899999843183	epochs	3.0
3671.934607253406	0.014526200000091194	epochs	3.0
3671.949133453406	0.02890739999975267	epochs	2.0
3671.949133453406	0.014477700000043114	epochs	3.0
3671.963611153406	0.014429699999709555	epochs	3.0
3671.9780408534057	0.028716199999962555	epochs	2.0
3671.9780408534057	0.014381800000137446	epochs	3.0
3671.992422653406	0.01433439999982511	epochs	3.0
3672.0067570534056	0.02852759999996124	epochs	2.0
3672.0067570534056	0.014287200000126177	epochs	3.0
3672.0210442534058	0.014240399999835063	epochs	3.0
3672.0352846534056	0.028341400000044814	epochs	2.0
3672.0352846534056	0.014193800000157353	epochs	3.0
3672.0494784534058	0.014147599999887461	epochs	3.0
3672.0636260534056	0.028157700000065233	epochs	2.0
3672.0636260534056	0.014101700000082928	epochs	3.0
3672.0777277534057	0.014055999999982305	epochs	3.0
3672.0917837534057	0.02797629999986384	epochs	2.0
3672.0917837534057	0.014010599999892293	epochs	3.0
3672.1057943534056	0.013965699999971548	epochs	3.0
3672.1197600534056	0.02779720000035013	epochs	2.0
3672.1197600534056	0.013920800000050804	epochs	3.0
3672.1336808534056	0.013876400000299327	epochs	3.0
3672.147557253406	0.027620399999705114	epochs	2.0
3672.147557253406	0.013832199999797012	epochs	3.0
3672.1613894534057	0.013788199999908102	epochs	3.0
3672.1751776534056	0.027445900000202528	epochs	2.0
3672.1751776534056	0.013744600000336504	epochs	3.0
3672.188922253406	0.013701299999866023	epochs	3.0
3672.202623553406	0.027273499999864725	epochs	2.0
3672.202623553406	0.013658200000008947	epochs	3.0
3672.216281753406	0.013615299999855779	epochs	3.0
3672.2298970534057	0.027103400000214606	epochs	2.0
3672.2298970534057	0.013572800000019924	epochs	3.0
3672.2434698534057	0.013530600000194681	epochs	3.0
3672.257000453406	0.02693520000002536	epochs	2.0
3672.257000453406	0.01348839999991469	epochs	3.0
3672.270488853406	0.01344680000011067	epochs	3.0
3672.283935653406	0.02676919999976235	epochs	2.0
3672.283935653406	0.013405199999851902	epochs	3.0
3672.297340853406	0.013363999999910448	epochs	3.0
3672.3107048534057	0.02660520000017641	epochs	2.0
3672.3107048534057	0.013322900000275695	epochs	3.0
3672.324027753406	0.013282299999900715	epochs	3.0
3672.337310053406	0.0264431999999033	epochs	2.0
3672.337310053406	0.013241699999980483	epochs	3.0
3672.350551753406	0.013201499999922817	epochs	3.0
3672.363753253406	0.026283199999852513	epochs	2.0
3672.363753253406	0.013161500000023807	epochs	3.0
3672.376914753406	0.013121699999828706	epochs	3.0
3672.3900364534056	0.026125000000320142	epochs	2.0
3672.3900364534056	0.01308210000024701	epochs	3.0
3672.403118553406	0.013042900000073132	epochs	3.0
3672.416161453406	0.025968899999952555	epochs	2.0
3672.416161453406	0.013003899999603163	epochs	3.0
3672.4291653534056	0.012965000000349391	epochs	3.0
3672.442130353406	0.02581449999979668	epochs	2.0
3672.442130353406	0.012926399999741989	epochs	3.0
3672.4550567534056	0.012888100000054692	epochs	3.0
3672.4679448534057	0.02566190000015922	epochs	2.0
3672.4679448534057	0.01284990000021935	epochs	3.0
3672.480794753406	0.012811999999939871	epochs	3.0
3672.493606753406	0.025511199999982637	epochs	2.0
3672.493606753406	0.012774400000125752	epochs	3.0
3672.506381153406	0.012736799999856885	epochs	3.0
3672.519117953406	0.02536229999986972	epochs	2.0
3672.519117953406	0.012699699999757286	epochs	3.0
3672.5318176534056	0.012662600000112434	epochs	3.0
3672.5444802534057	0.02521500000011656	epochs	2.0
3672.5444802534057	0.012625800000023446	epochs	3.0
3672.5571060534057	0.012589200000093115	epochs	3.0
3672.569695253406	0.024584799999956886	epochs	2.0
3672.593341253406	0.5	epochs	-1.0
3672.594280053406	0.5442400000001726	epochs	1.0
3673.138520053406	0.4556800000000294	epochs	0.0
3673.996000289917	0.07528000000002066	epochs	0.0
3673.996000289917	0.032641400000102294	epochs	1.0
3674.028641689917	0.009997199999816075	epochs	1.0
3674.038638889917	0.032641400000102294	epochs	1.0
3674.071280289917	2.0	epochs	0.0
3676.071280289917	21.504959999999755	epochs	0.0
3676.071280289917	1.0	epochs	1.0
3676.071301489917	0.5	epochs	-1.0
3676.571301489917	19.99904000000015	epochs	-1.0
3677.071280289917	20.0	epochs	1.0
3677.071280289917	4.356753900000058	epochs	-1.0
3677.071280289917	1.9745871999998599	epochs	2.0
3677.071280289917	1.098562199999833	epochs	3.0
3678.169842489917	0.8760250000000269	epochs	3.0
3679.045867489917	1.3524075000000266	epochs	2.0
3679.045867489917	0.7286355000001095	epochs	3.0
3679.774502989917	0.6237719999999172	epochs	3.0
3680.398274989917	1.0297592000001714	epochs	2.0
3680.398274989917	0.5453293000000485	epochs	3.0
3680.943604289917	0.48442990000012287	epochs	3.0
3681.428034189917	0.8317861999998968	epochs	2.0
3681.428034189917	0.4357762999998158	epochs	3.0
3681.863810489917	0.39600990000008096	epochs	3.0
3682.259820389917	0.6977969999998095	epochs	2.0
3682.259820389917	0.3628982000000178	epochs	3.0
3682.622718589917	0.33489879999979166	epochs	3.0
3682.957617389917	0.6010457000002134	epochs	2.0
3682.957617389917	0.31091230000038195	epochs	3.0
3683.268529689917	0.29013339999983145	epochs	3.0
3683.558663089917	0.5278859000000011	epochs	2.0
3683.558663089917	0.2719585999998344	epochs	3.0
3683.830621689917	0.2559273000001667	epochs	3.0
3684.086548989917	0.4706193000001804	epochs	2.0
3684.086548989917	0.241681299999982	epochs	3.0
3684.328230289917	0.22893800000019837	epochs	3.0
3684.557168289917	0.42457039999999324	epochs	2.0
3684.557168289917	0.2174713999997948	epochs	3.0
3684.774639689917	0.20709900000019843	epochs	3.0
3684.981738689917	0.3867353999999068	epochs	2.0
3684.981738689917	0.1976710999997522	epochs	3.0
3685.179409789917	0.18906430000015462	epochs	3.0
3685.368474089917	0.35509529999990264	epochs	2.0
3685.368474089917	0.1811758999997437	epochs	3.0
3685.549649989917	0.17391940000015893	epochs	3.0
3685.723569389917	0.32824310000023615	epochs	2.0
3685.723569389917	0.167221900000186	epochs	3.0
3685.890791289917	0.16102120000005016	epochs	3.0
3686.051812489917	0.3051679999998669	epochs	2.0
3686.051812489917	0.1552638999996816	epochs	3.0
3686.207076389917	0.14990410000018528	epochs	3.0
3686.356980489917	0.28512529999989056	epochs	2.0
3686.356980489917	0.14490209999985382	epochs	3.0
3686.501882589917	0.14022320000003674	epochs	3.0
3686.642105789917	0.2675537999998596	epochs	2.0
3686.642105789917	0.1358368999999584	epochs	3.0
3686.777942689917	0.13171689999990122	epochs	3.0
3686.909659589917	0.25202290000015637	epochs	2.0
3686.909659589917	0.12783930000023247	epochs	3.0
3687.037498889917	0.1241835999999239	epochs	3.0
3687.161682489917	0.23819649999995818	epochs	2.0
3687.161682489917	0.1207310999998299	epochs	3.0
3687.282413589917	0.11746540000012828	epochs	3.0
3687.399878989917	0.22580879999986792	epochs	2.0
3687.399878989917	0.11437190000015107	epochs	3.0
3687.514250889917	0.11143689999971684	epochs	3.0
3687.625687789917	0.21464600000035716	epochs	2.0
3687.625687789917	0.1086489000003894	epochs	3.0
3687.734336689917	0.10599709999996776	epochs	3.0
3687.840333789917	0.2045349999998507	epochs	2.0
3687.840333789917	0.10347149999961403	epochs	3.0
3687.943805289917	0.10106350000023667	epochs	3.0
3688.044868789917	0.19533400000000256	epochs	2.0
3688.044868789917	0.09876510000003691	epochs	3.0
3688.143633889917	0.09656889999996565	epochs	3.0
3688.240202789917	0.18692529999998442	epochs	2.0
3688.240202789917	0.09446829999978945	epochs	3.0
3688.334671089917	0.09245700000019497	epochs	3.0
3688.427128089917	0.1792107000001124	epochs	2.0
3688.427128089917	0.0905296000000817	epochs	3.0
3688.517657689917	0.08868110000003071	epochs	3.0
3688.606338789917	0.17210769999974218	epochs	2.0
3688.606338789917	0.08690630000000965	epochs	3.0
3688.693245089917	0.08520139999973253	epochs	3.0
3688.778446489917	0.16554640000003928	epochs	2.0
3688.778446489917	0.08356189999994967	epochs	3.0
3688.862008389917	0.08198450000008961	epochs	3.0
3688.943992889917	0.15946710000025632	epochs	2.0
3688.943992889917	0.08046539999986635	epochs	3.0
3689.0244582899168	0.07900170000038997	epochs	3.0
3689.103459989917	0.1538183999996363	epochs	2.0
3689.103459989917	0.07759009999972477	epochs	3.0
3689.181050089917	0.07622829999991154	epochs	3.0
3689.257278389917	0.14855640000041603	epochs	2.0
3689.257278389917	0.07491330000038943	epochs	3.0
3689.332191689917	0.0736431000000266	epochs	3.0
3689.405834789917	0.1436423999998624	epochs	2.0
3689.405834789917	0.07241499999963708	epochs	3.0
3689.478249789917	0.07122740000022532	epochs	3.0
3689.549477189917	0.13904309999998077	epochs	2.0
3689.549477189917	0.0700779999997394	epochs	3.0
3689.619555189917	0.06896510000024136	epochs	3.0
3689.688520289917	0.13472929999988992	epochs	2.0
3689.688520289917	0.0678871000000072	epochs	3.0
3689.756407389917	0.06684219999988272	epochs	3.0
3689.823249589917	0.1306752000000415	epochs	2.0
3689.823249589917	0.06582909999997355	epochs	3.0
3689.889078689917	0.06484610000006796	epochs	3.0
3689.953924789917	0.1268577999999252	epochs	2.0
3689.953924789917	0.06389200000012352	epochs	3.0
3690.017816789917	0.06296579999980167	epochs	3.0
3690.080782589917	0.12325719999989815	epochs	2.0
3690.080782589917	0.06206580000025497	epochs	3.0
3690.142848389917	0.06119139999964318	epochs	3.0
3690.204039789917	0.1198554000002332	epochs	2.0
3690.204039789917	0.060341100000187	epochs	3.0
3690.264380889917	0.059514300000046205	epochs	3.0
3690.323895189917	0.1166361999999026	epochs	2.0
3690.323895189917	0.058709599999929196	epochs	3.0
3690.382604789917	0.057926599999973405	epochs	3.0
3690.440531389917	0.11358560000007856	epochs	2.0
3690.440531389917	0.05716419999998834	epochs	3.0
3690.497695589917	0.056421400000090216	epochs	3.0
3690.554116989917	0.11069050000014613	epochs	2.0
3690.554116989917	0.05569789999981367	epochs	3.0
3690.609814889917	0.05499260000033246	epochs	3.0
3690.664807489917	0.10793909999983953	epochs	2.0
3690.664807489917	0.054304899999806366	epochs	3.0
3690.719112389917	0.05363420000003316	epochs	3.0
3690.772746589917	0.10532150000017282	epochs	2.0
3690.772746589917	0.05297999999993408	epochs	3.0
3690.825726589917	0.05234150000023874	epochs	3.0
3690.878068089917	0.10282759999972768	epochs	2.0
3690.878068089917	0.05171810000001642	epochs	3.0
3690.929786189917	0.05110949999971126	epochs	3.0
3690.980895689917	0.10044909999987794	epochs	2.0
3690.980895689917	0.050514900000052876	epochs	3.0
3691.031410589917	0.04993419999982507	epochs	3.0
3691.081344789917	0.09817830000019967	epochs	2.0
3691.081344789917	0.0493666000002122	epochs	3.0
3691.130711389917	0.04881169999998747	epochs	3.0
3691.179523089917	0.09600779999982478	epochs	2.0
3691.179523089917	0.04826920000004975	epochs	3.0
3691.227792289917	0.04773859999977503	epochs	3.0
3691.275530889917	0.09393120000004274	epochs	2.0
3691.275530889917	0.047219500000210246	epochs	3.0
3691.322750389917	0.04671169999983249	epochs	3.0
3691.369462089917	0.09194260000003851	epochs	2.0
3691.369462089917	0.046214599999984785	epochs	3.0
3691.415676689917	0.045728000000053726	epochs	3.0
3691.461404689917	0.09003630000006524	epochs	2.0
3691.461404689917	0.04525150000017675	epochs	3.0
3691.506656189917	0.04478479999988849	epochs	3.0
3691.551440989917	0.08820760000025984	epochs	2.0
3691.551440989917	0.0443278000002465	epochs	3.0
3691.595768789917	0.04387980000001335	epochs	3.0
3691.639648589917	0.0864516999999978	epochs	2.0
3691.639648589917	0.04344099999980244	epochs	3.0
3691.683089589917	0.04301070000019536	epochs	3.0
3691.726100289917	0.08476429999973334	epochs	2.0
3691.726100289917	0.0425889999996798	epochs	3.0
3691.768689289917	0.04217530000005354	epochs	3.0
3691.810864589917	0.08314150000023801	epochs	2.0
3691.810864589917	0.041769700000259036	epochs	3.0
3691.852634289917	0.041371799999978975	epochs	3.0
3691.894006089917	0.08157970000002024	epochs	2.0
3691.894006089917	0.040981399999964196	epochs	3.0
3691.934987489917	0.04059830000005604	epochs	3.0
3691.975585789917	0.08007549999956609	epochs	2.0
3691.975585789917	0.04022229999964111	epochs	3.0
3692.015808089917	0.03985319999992498	epochs	3.0
3692.0556612899168	0.07862570000042979	epochs	2.0
3692.0556612899168	0.03949080000029426	epochs	3.0
3692.095152089917	0.03913490000013553	epochs	3.0
3692.134286989917	0.07722759999978734	epochs	2.0
3692.134286989917	0.03878539999959685	epochs	3.0
3692.173072389917	0.038442200000190496	epochs	3.0
3692.211514589917	0.07587819999980638	epochs	2.0
3692.211514589917	0.03810479999992822	epochs	3.0
3692.249619389917	0.037773399999878166	epochs	3.0
3692.287392789917	0.07457520000025397	epochs	2.0
3692.287392789917	0.03744770000002973	epochs	3.0
3692.324840489917	0.037127500000224245	epochs	3.0
3692.361967989917	0.07331629999998768	epochs	2.0
3692.361967989917	0.03681289999985893	epochs	3.0
3692.398780889917	0.03650340000012875	epochs	3.0
3692.435284289917	0.07209899999998015	epochs	2.0
3692.435284289917	0.03619909999997617	epochs	3.0
3692.471483389917	0.03589990000000398	epochs	3.0
3692.507383289917	0.07092169999987163	epochs	2.0
3692.507383289917	0.03560560000005353	epochs	3.0
3692.542988889917	0.03531609999981811	epochs	3.0
3692.578304989917	0.06978200000003199	epochs	2.0
3692.578304989917	0.03503120000004856	epochs	3.0
3692.613336189917	0.03475079999998343	epochs	3.0
3692.648086989917	0.06867860000011206	epochs	2.0
3692.648086989917	0.034475100000236125	epochs	3.0
3692.682562089917	0.03420349999987593	epochs	3.0
3692.716765589917	0.06760930000018561	epochs	2.0
3692.716765589917	0.033936199999970995	epochs	3.0
3692.750701789917	0.03367310000021462	epochs	3.0
3692.784374889917	0.06657289999975546	epochs	2.0
3692.784374889917	0.03341399999999339	epochs	3.0
3692.817788889917	0.03315889999976207	epochs	3.0
3692.850947789917	0.06556779999982609	epochs	2.0
3692.850947789917	0.03290770000012344	epochs	3.0
3692.883855489917	0.03266009999970265	epochs	3.0
3692.916515589917	0.0645926000001964	epochs	2.0
3692.916515589917	0.032416400000329304	epochs	3.0
3692.948931989917	0.032176199999867094	epochs	3.0
3692.981108189917	0.06364600000006249	epochs	2.0
3692.981108189917	0.03193959999998697	epochs	3.0
3693.013047789917	0.03170640000007552	epochs	3.0
3693.044754189917	0.0627266999999847	epochs	2.0
3693.044754189917	0.03147660000013275	epochs	3.0
3693.076230789917	0.031250099999851955	epochs	3.0
3693.107480889917	0.06183359999977256	epochs	2.0
3693.107480889917	0.031026900000142632	epochs	3.0
3693.138507789917	0.030806699999629927	epochs	3.0
3693.169314489917	0.06096560000014506	epochs	2.0
3693.169314489917	0.03058980000014344	epochs	3.0
3693.199904289917	0.030375800000001618	epochs	3.0
3693.230280089917	0.06012160000000222	epochs	2.0
3693.230280089917	0.030164899999817862	epochs	3.0
3693.260444989917	0.029956700000184355	epochs	3.0
3693.290401689917	0.059300700000221696	epochs	2.0
3693.290401689917	0.029751600000054168	epochs	3.0
3693.320153289917	0.029549100000167527	epochs	3.0
3693.349702389917	0.05850179999970351	epochs	2.0
3693.349702389917	0.029349399999773595	epochs	3.0
3693.379051789917	0.029152399999929912	epochs	3.0
3693.408204189917	0.05772419999993872	epochs	2.0
3693.408204189917	0.028958000000329776	epochs	3.0
3693.437162189917	0.028766199999608943	epochs	3.0
3693.465928389917	0.0569671000002927	epochs	2.0
3693.465928389917	0.028577000000041153	epochs	3.0
3693.494505389917	0.02839010000025155	epochs	3.0
3693.522895489917	0.05622949999997218	epochs	2.0
3693.522895489917	0.028205699999944045	epochs	3.0
3693.551101189917	0.028023800000028132	epochs	3.0
3693.579124989917	0.05551070000001346	epochs	2.0
3693.579124989917	0.02784399999973175	epochs	3.0
3693.606968989917	0.027666700000281708	epochs	3.0
3693.634635689917	0.05481019999979253	epochs	2.0
3693.634635689917	0.02749149999999645	epochs	3.0
3693.662127189917	0.02731869999979608	epochs	3.0
3693.689445889917	0.054126999999880354	epochs	2.0
3693.689445889917	0.027147799999966082	epochs	3.0
3693.716593689917	0.026979199999914272	epochs	3.0
3693.743572889917	0.05346070000041436	epochs	2.0
3693.743572889917	0.026812600000084785	epochs	3.0
3693.770385489917	0.026648100000329578	epochs	3.0
3693.797033589917	0.05281070000000909	epochs	2.0
3693.797033589917	0.0264855999998872	epochs	3.0
3693.823519189917	0.026325100000121893	epochs	3.0
3693.849844289917	0.052176199999848905	epochs	2.0
3693.849844289917	0.026166399999965506	epochs	3.0
3693.876010689917	0.0260097999998834	epochs	3.0
3693.902020489917	0.05155669999976453	epochs	2.0
3693.902020489917	0.02585480000016105	epochs	3.0
3693.927875289917	0.025701899999603484	epochs	3.0
3693.953577189917	0.05095190000020011	epochs	2.0
3693.953577189917	0.025550700000167126	epochs	3.0
3693.979127889917	0.025401200000032986	epochs	3.0
3694.004529089917	0.05036100000006627	epochs	2.0
3694.004529089917	0.025253499999962514	epochs	3.0
3694.029782589917	0.025107500000103755	epochs	3.0
3694.054890089917	0.04978380000011384	epochs	2.0
3694.054890089917	0.02496320000000196	epochs	3.0
3694.079853289917	0.02482060000011188	epochs	3.0
3694.104673889917	0.049219499999708205	epochs	2.0
3694.104673889917	0.024679399999968155	epochs	3.0
3694.129353289917	0.02454009999974005	epochs	3.0
3694.153893389917	0.04866790000005494	epochs	2.0
3694.153893389917	0.02440210000031584	epochs	3.0
3694.178295489917	0.0242657999997391	epochs	3.0
3694.202561289917	0.048128599999927246	epochs	2.0
3694.202561289917	0.024131000000124914	epochs	3.0
3694.226692289917	0.023997599999802333	epochs	3.0
3694.250689889917	0.047601100000065344	epochs	2.0
3694.250689889917	0.023865800000294257	epochs	3.0
3694.274555689917	0.023735299999771087	epochs	3.0
3694.298290989917	0.04708500000015192	epochs	2.0
3694.298290989917	0.023606300000210467	epochs	3.0
3694.321897289917	0.023478699999941455	epochs	3.0
3694.345375989917	0.04657999999972162	epochs	2.0
3694.345375989917	0.023352499999873544	epochs	3.0
3694.368728489917	0.023227499999848078	epochs	3.0
3694.391955989917	0.04608570000027612	epochs	2.0
3694.391955989917	0.023104000000330416	epochs	3.0
3694.415059989917	0.022981699999945704	epochs	3.0
3694.438041689917	0.045601799999985815	epochs	2.0
3694.438041689917	0.02286069999991014	epochs	3.0
3694.460902389917	0.022741100000075676	epochs	3.0
3694.483643489917	0.045127899999897636	epochs	2.0
3694.483643489917	0.022622500000125	epochs	3.0
3694.506265989917	0.022505399999772635	epochs	3.0
3694.528771389917	0.04466379999985293	epochs	2.0
3694.528771389917	0.022389300000213552	epochs	3.0
3694.551160689917	0.022274499999639374	epochs	3.0
3694.573435189917	0.04420920000029582	epochs	2.0
3694.573435189917	0.02216080000016518	epochs	3.0
3694.595595989917	0.02204840000013064	epochs	3.0
3694.617644389917	0.043763599999692815	epochs	2.0
3694.617644389917	0.021936899999673187	epochs	3.0
3694.639581289917	0.021826700000019628	epochs	3.0
3694.661407989917	0.043327100000169594	epochs	2.0
3694.661407989917	0.02171760000010181	epochs	3.0
3694.683125589917	0.021609500000067783	epochs	3.0
3694.704735089917	0.04289900000003399	epochs	2.0
3694.704735089917	0.021502500000224245	epochs	3.0
3694.726237589917	0.021396499999809748	epochs	3.0
3694.747634089917	0.04247949999989942	epochs	2.0
3694.747634089917	0.021291699999892444	epochs	3.0
3694.768925789917	0.021187800000006973	epochs	3.0
3694.790113589917	0.04206789999989269	epochs	2.0
3694.790113589917	0.02108490000000529	epochs	3.0
3694.811198489917	0.020982999999887397	epochs	3.0
3694.832181489917	0.041664400000172463	epochs	2.0
3694.832181489917	0.020882199999959994	epochs	3.0
3694.853063689917	0.02078220000021247	epochs	3.0
3694.873845889917	0.04126850000011473	epochs	2.0
3694.873845889917	0.02068330000020069	epochs	3.0
3694.894529189917	0.02058519999991404	epochs	3.0
3694.915114389917	0.04088000000001557	epochs	2.0
3694.915114389917	0.020488099999965925	epochs	3.0
3694.935602489917	0.020391900000049645	epochs	3.0
3694.955994389917	0.04049880000002304	epochs	2.0
3694.955994389917	0.020296599999710452	epochs	3.0
3694.976290989917	0.020202200000312587	epochs	3.0
3694.996493189917	0.04012459999967177	epochs	2.0
3694.996493189917	0.02010870000003706	epochs	3.0
3695.016601889917	0.020015899999634712	epochs	3.0
3695.036617789917	0.03975730000001931	epochs	2.0
3695.036617789917	0.01992420000033235	epochs	3.0
3695.056541989917	0.019833099999686965	epochs	3.0
3695.076375089917	0.03939669999999751	epochs	2.0
3695.076375089917	0.019743000000289612	epochs	3.0
3695.096118089917	0.019653699999707896	epochs	3.0
3695.115771789917	0.03904240000019854	epochs	2.0
3695.115771789917	0.0195651000003636	epochs	3.0
3695.135336889917	0.01947729999983494	epochs	3.0
3695.154814189917	0.03869459999987157	epochs	2.0
3695.154814189917	0.019390399999792862	epochs	3.0
3695.174204589917	0.01930420000007871	epochs	3.0
3695.193508789917	0.03835290000006353	epochs	2.0
3695.193508789917	0.019218800000089686	epochs	3.0
3695.212727589917	0.01913409999997384	epochs	3.0
3695.231861689917	0.03801720000001296	epochs	2.0
3695.231861689917	0.019050200000037876	epochs	3.0
3695.250911889917	0.018966999999975087	epochs	3.0
3695.269878889917	0.03768720000016401	epochs	2.0
3695.269878889917	0.018884499999785476	epochs	3.0
3695.2887633899168	0.018802700000378536	epochs	3.0
3695.307566089917	0.037363099999765836	epochs	2.0
3695.307566089917	0.018721699999787234	epochs	3.0
3695.326287789917	0.018641399999978603	epochs	3.0
3695.344929189917	0.037044300000161456	epochs	2.0
3695.344929189917	0.018561599999884493	epochs	3.0
3695.363490789917	0.018482700000276964	epochs	3.0
3695.381973489917	0.036731000000145286	epochs	2.0
3695.381973489917	0.018404299999929208	epochs	3.0
3695.400377789917	0.01832670000021608	epochs	3.0
3695.418704489917	0.036422899999706715	epochs	2.0
3695.418704489917	0.018249599999762722	epochs	3.0
3695.436954089917	0.018173299999943993	epochs	3.0
3695.455127389917	0.03612010000006194	epochs	2.0
3695.455127389917	0.018097600000146485	epochs	3.0
3695.473224989917	0.018022499999915453	epochs	3.0
3695.491247489917	0.035822100000132195	epochs	2.0
3695.491247489917	0.01794789999985369	epochs	3.0
3695.509195389917	0.017874200000278506	epochs	3.0
3695.527069589917	0.03552899999976944	epochs	2.0
3695.527069589917	0.01780079999980444	epochs	3.0
3695.544870389917	0.017728199999965	epochs	3.0
3695.562598589917	0.03524070000003121	epochs	2.0
3695.562598589917	0.017656100000294828	epochs	3.0
3695.580254689917	0.017584599999736383	epochs	3.0
3695.597839289917	0.03495710000015606	epochs	2.0
3695.597839289917	0.017513700000108656	epochs	3.0
3695.615352989917	0.017443400000047404	epochs	3.0
3695.632796389917	0.03467790000013338	epochs	2.0
3695.632796389917	0.017373599999700673	epochs	3.0
3695.650169989917	0.017304300000432704	epochs	3.0
3695.667474289917	0.03440329999966707	epochs	2.0
3695.667474289917	0.01723569999967367	epochs	3.0
3695.684709989917	0.0171675999999934	epochs	3.0
3695.701877589917	0.03413279999995211	epochs	2.0
3695.701877589917	0.017099900000175694	epochs	3.0
3695.718977489917	0.01703289999977642	epochs	3.0
3695.736010389917	0.03386670000008962	epochs	2.0
3695.736010389917	0.01696640000000116	epochs	3.0
3695.752976789917	0.016900300000088464	epochs	3.0
3695.769877089917	0.03360460000021703	epochs	2.0
3695.769877089917	0.016834800000196992	epochs	3.0
3695.786711889917	0.01676980000002004	epochs	3.0
3695.803481689917	0.03334659999973155	epochs	2.0
3695.803481689917	0.016705300000012357	epochs	3.0
3695.820186989917	0.016641299999719195	epochs	3.0
3695.836828289917	0.03309250000029351	epochs	2.0
3695.836828289917	0.016577800000050047	epochs	3.0
3695.853406089917	0.016514700000243465	epochs	3.0
3695.869920789917	0.032842299999629176	epochs	2.0
3695.869920789917	0.01645220000000336	epochs	3.0
3695.886372989917	0.016390099999625818	epochs	3.0
3695.902763089917	0.03259570000000167	epochs	2.0
3695.902763089917	0.016328400000020338	epochs	3.0
3695.919091489917	0.016267299999981333	epochs	3.0
3695.935358789917	0.03235290000020541	epochs	2.0
3695.935358789917	0.01620660000025964	epochs	3.0
3695.951565389917	0.016146299999945768	epochs	3.0
3695.967711689917	0.032113700000081735	epochs	2.0
3695.967711689917	0.016086600000107865	epochs	3.0
3695.983798289917	0.01602709999997387	epochs	3.0
3695.999825389917	0.031877999999778694	epochs	2.0
3695.999825389917	0.0159681999998611	epochs	3.0
3696.015793589917	0.015909799999917595	epochs	3.0
3696.031703389917	0.03164570000035383	epochs	2.0
3696.031703389917	0.01585160000013275	epochs	3.0
3696.047554989917	0.01579410000022108	epochs	3.0
3696.063349089917	0.03141669999968144	epochs	2.0
3696.063349089917	0.015736699999706616	epochs	3.0
3696.079085789917	0.015679999999974825	epochs	3.0
3696.094765789917	0.03119109999988723	epochs	2.0
3696.094765789917	0.015623600000253646	epochs	3.0
3696.110389389917	0.015567499999633583	epochs	3.0
3696.125956889917	0.030968700000357785	epochs	2.0
3696.125956889917	0.015512000000398984	epochs	3.0
3696.141468889917	0.0154566999999588	epochs	3.0
3696.156925589917	0.03074949999972887	epochs	2.0
3696.156925589917	0.015401999999994587	epochs	3.0
3696.172327589917	0.015347499999734282	epochs	3.0
3696.187675089917	0.030533200000263605	epochs	2.0
3696.187675089917	0.015293400000246038	epochs	3.0
3696.202968489917	0.015239800000017567	epochs	3.0
3696.218208289917	0.03032009999969887	epochs	2.0
3696.218208289917	0.015186499999799707	epochs	3.0
3696.233394789917	0.015133599999899161	epochs	3.0
3696.248528389917	0.030109900000297785	epochs	2.0
3696.248528389917	0.015081000000009226	epochs	3.0
3696.263609389917	0.015028900000288559	epochs	3.0
3696.278638289917	0.029902499999934662	epochs	2.0
3696.278638289917	0.014976999999817053	epochs	3.0
3696.293615289917	0.014925500000117609	epochs	3.0
3696.308540789917	0.0296981000001324	epochs	2.0
3696.308540789917	0.014874399999825982	epochs	3.0
3696.323415189917	0.014823700000306417	epochs	3.0
3696.338238889917	0.02949629999966419	epochs	2.0
3696.338238889917	0.014773199999581266	epochs	3.0
3696.353012089917	0.014723100000082923	epochs	3.0
3696.367735189917	0.02929740000035963	epochs	2.0
3696.367735189917	0.014673399999992398	epochs	3.0
3696.382408589917	0.014624000000367232	epochs	3.0
3696.397032589917	0.029101099999934377	epochs	2.0
3696.397032589917	0.014574899999843183	epochs	3.0
3696.411607489917	0.014526200000091194	epochs	3.0
3696.426133689917	0.02890739999975267	epochs	2.0
3696.426133689917	0.014477700000043114	epochs	3.0
3696.440611389917	0.014429699999709555	epochs	3.0
3696.455041089917	0.028716199999962555	epochs	2.0
3696.455041089917	0.014381800000137446	epochs	3.0
3696.469422889917	0.01433439999982511	epochs	3.0
3696.483757289917	0.02852759999996124	epochs	2.0
3696.483757289917	0.014287200000126177	epochs	3.0
3696.498044489917	0.014240399999835063	epochs	3.0
3696.512284889917	0.028341400000044814	epochs	2.0
3696.512284889917	0.014193800000157353	epochs	3.0
3696.526478689917	0.014147599999887461	epochs	3.0
3696.540626289917	0.028157700000065233	epochs	2.0
3696.540626289917	0.014101700000082928	epochs	3.0
3696.554727989917	0.014055999999982305	epochs	3.0
3696.568783989917	0.02797629999986384	epochs	2.0
3696.568783989917	0.014010599999892293	epochs	3.0
3696.582794589917	0.013965699999971548	epochs	3.0
3696.596760289917	0.02779720000035013	epochs	2.0
3696.596760289917	0.013920800000050804	epochs	3.0
3696.610681089917	0.013876400000299327	epochs	3.0
3696.624557489917	0.027620399999705114	epochs	2.0
3696.624557489917	0.013832199999797012	epochs	3.0
3696.638389689917	0.013788199999908102	epochs	3.0
3696.652177889917	0.027445900000202528	epochs	2.0
3696.652177889917	0.013744600000336504	epochs	3.0
3696.665922489917	0.013701299999866023	epochs	3.0
3696.679623789917	0.027273499999864725	epochs	2.0
3696.679623789917	0.013658200000008947	epochs	3.0
3696.693281989917	0.013615299999855779	epochs	3.0
3696.706897289917	0.027103400000214606	epochs	2.0
3696.706897289917	0.013572800000019924	epochs	3.0
3696.720470089917	0.013530600000194681	epochs	3.0
3696.734000689917	0.02693520000002536	epochs	2.0
3696.734000689917	0.01348839999991469	epochs	3.0
3696.747489089917	0.01344680000011067	epochs	3.0
3696.760935889917	0.02676919999976235	epochs	2.0
3696.760935889917	0.013405199999851902	epochs	3.0
3696.774341089917	0.013363999999910448	epochs	3.0
3696.787705089917	0.02660520000017641	epochs	2.0
3696.787705089917	0.013322900000275695	epochs	3.0
3696.801027989917	0.013282299999900715	epochs	3.0
3696.814310289917	0.0264431999999033	epochs	2.0
3696.814310289917	0.013241699999980483	epochs	3.0
3696.827551989917	0.013201499999922817	epochs	3.0
3696.840753489917	0.026283199999852513	epochs	2.0
3696.840753489917	0.013161500000023807	epochs	3.0
3696.853914989917	0.013121699999828706	epochs	3.0
3696.867036689917	0.026125000000320142	epochs	2.0
3696.867036689917	0.01308210000024701	epochs	3.0
3696.880118789917	0.013042900000073132	epochs	3.0
3696.893161689917	0.025968899999952555	epochs	2.0
3696.893161689917	0.013003899999603163	epochs	3.0
3696.906165589917	0.012965000000349391	epochs	3.0
3696.919130589917	0.02581449999979668	epochs	2.0
3696.919130589917	0.012926399999741989	epochs	3.0
3696.932056989917	0.012888100000054692	epochs	3.0
3696.944945089917	0.02566190000015922	epochs	2.0
3696.944945089917	0.01284990000021935	epochs	3.0
3696.957794989917	0.012811999999939871	epochs	3.0
3696.970606989917	0.025511199999982637	epochs	2.0
3696.970606989917	0.012774400000125752	epochs	3.0
3696.983381389917	0.012736799999856885	epochs	3.0
3696.996118189917	0.02536229999986972	epochs	2.0
3696.996118189917	0.012699699999757286	epochs	3.0
3697.008817889917	0.012662600000112434	epochs	3.0
3697.021480489917	0.02521500000011656	epochs	2.0
3697.021480489917	0.012625800000023446	epochs	3.0
3697.034106289917	0.012589200000093115	epochs	3.0
3697.046695489917	0.024584799999956886	epochs	2.0
3697.070341489917	0.5	epochs	-1.0
3697.071280289917	0.5049599999997554	epochs	1.0
3697.5762402899168	0.4949600000004466	epochs	0.0
3698.482000350952	0.07528000000002066	epochs	0.0
3698.482000350952	0.032641400000102294	epochs	1.0
3698.5146417509523	0.009997199999816075	epochs	1.0
3698.524638950952	0.032641400000102294	epochs	1.0
3698.557280350952	2.0	epochs	0.0
3700.557280350952	21.50480000000016	epochs	0.0
3700.557280350952	1.0	epochs	1.0
3700.557301550952	0.5	epochs	-1.0
3701.057301550952	19.99904000000015	epochs	-1.0
3701.557280350952	20.0	epochs	1.0
3701.557280350952	4.356753900000058	epochs	-1.0
3701.557280350952	1.9745871999998599	epochs	2.0
3701.557280350952	1.098562199999833	epochs	3.0
3702.655842550952	0.8760250000000269	epochs	3.0
3703.531867550952	1.3524075000000266	epochs	2.0
3703.531867550952	0.7286355000001095	epochs	3.0
3704.260503050952	0.6237719999999172	epochs	3.0
3704.884275050952	1.0297592000001714	epochs	2.0
3704.884275050952	0.5453293000000485	epochs	3.0
3705.429604350952	0.48442990000012287	epochs	3.0
3705.914034250952	0.8317861999998968	epochs	2.0
3705.914034250952	0.4357762999998158	epochs	3.0
3706.349810550952	0.39600990000008096	epochs	3.0
3706.745820450952	0.6977969999998095	epochs	2.0
3706.745820450952	0.3628982000000178	epochs	3.0
3707.108718650952	0.33489879999979166	epochs	3.0
3707.443617450952	0.6010457000002134	epochs	2.0
3707.443617450952	0.31091230000038195	epochs	3.0
3707.7545297509523	0.29013339999983145	epochs	3.0
3708.044663150952	0.5278859000000011	epochs	2.0
3708.044663150952	0.2719585999998344	epochs	3.0
3708.316621750952	0.2559273000001667	epochs	3.0
3708.572549050952	0.4706193000001804	epochs	2.0
3708.572549050952	0.241681299999982	epochs	3.0
3708.814230350952	0.22893800000019837	epochs	3.0
3709.0431683509523	0.42457039999999324	epochs	2.0
3709.0431683509523	0.2174713999997948	epochs	3.0
3709.260639750952	0.20709900000019843	epochs	3.0
3709.4677387509523	0.3867353999999068	epochs	2.0
3709.4677387509523	0.1976710999997522	epochs	3.0
3709.665409850952	0.18906430000015462	epochs	3.0
3709.8544741509522	0.35509529999990264	epochs	2.0
3709.8544741509522	0.1811758999997437	epochs	3.0
3710.035650050952	0.17391940000015893	epochs	3.0
3710.209569450952	0.32824310000023615	epochs	2.0
3710.209569450952	0.167221900000186	epochs	3.0
3710.3767913509523	0.16102120000005016	epochs	3.0
3710.5378125509524	0.3051679999998669	epochs	2.0
3710.5378125509524	0.1552638999996816	epochs	3.0
3710.693076450952	0.14990410000018528	epochs	3.0
3710.8429805509522	0.28512529999989056	epochs	2.0
3710.8429805509522	0.14490209999985382	epochs	3.0
3710.987882650952	0.14022320000003674	epochs	3.0
3711.128105850952	0.2675537999998596	epochs	2.0
3711.128105850952	0.1358368999999584	epochs	3.0
3711.263942750952	0.13171689999990122	epochs	3.0
3711.395659650952	0.25202290000015637	epochs	2.0
3711.395659650952	0.12783930000023247	epochs	3.0
3711.523498950952	0.1241835999999239	epochs	3.0
3711.647682550952	0.23819649999995818	epochs	2.0
3711.647682550952	0.1207310999998299	epochs	3.0
3711.768413650952	0.11746540000012828	epochs	3.0
3711.885879050952	0.22580879999986792	epochs	2.0
3711.885879050952	0.11437190000015107	epochs	3.0
3712.0002509509522	0.11143689999971684	epochs	3.0
3712.111687850952	0.21464600000035716	epochs	2.0
3712.111687850952	0.1086489000003894	epochs	3.0
3712.2203367509524	0.10599709999996776	epochs	3.0
3712.3263338509523	0.2045349999998507	epochs	2.0
3712.3263338509523	0.10347149999961403	epochs	3.0
3712.429805350952	0.10106350000023667	epochs	3.0
3712.530868850952	0.19533400000000256	epochs	2.0
3712.530868850952	0.09876510000003691	epochs	3.0
3712.629633950952	0.09656889999996565	epochs	3.0
3712.726202850952	0.18692529999998442	epochs	2.0
3712.726202850952	0.09446829999978945	epochs	3.0
3712.820671150952	0.09245700000019497	epochs	3.0
3712.913128150952	0.1792107000001124	epochs	2.0
3712.913128150952	0.0905296000000817	epochs	3.0
3713.0036577509522	0.08868110000003071	epochs	3.0
3713.0923388509523	0.17210769999974218	epochs	2.0
3713.0923388509523	0.08690630000000965	epochs	3.0
3713.1792451509523	0.08520139999973253	epochs	3.0
3713.264446550952	0.16554640000003928	epochs	2.0
3713.264446550952	0.08356189999994967	epochs	3.0
3713.348008450952	0.08198450000008961	epochs	3.0
3713.429992950952	0.15946710000025632	epochs	2.0
3713.429992950952	0.08046539999986635	epochs	3.0
3713.510458350952	0.07900170000038997	epochs	3.0
3713.5894600509523	0.1538183999996363	epochs	2.0
3713.5894600509523	0.07759009999972477	epochs	3.0
3713.667050150952	0.07622829999991154	epochs	3.0
3713.743278450952	0.14855640000041603	epochs	2.0
3713.743278450952	0.07491330000038943	epochs	3.0
3713.8181917509523	0.0736431000000266	epochs	3.0
3713.8918348509524	0.1436423999998624	epochs	2.0
3713.8918348509524	0.07241499999963708	epochs	3.0
3713.964249850952	0.07122740000022532	epochs	3.0
3714.035477250952	0.13904309999998077	epochs	2.0
3714.035477250952	0.0700779999997394	epochs	3.0
3714.105555250952	0.06896510000024136	epochs	3.0
3714.174520350952	0.13472929999988992	epochs	2.0
3714.174520350952	0.0678871000000072	epochs	3.0
3714.242407450952	0.06684219999988272	epochs	3.0
3714.309249650952	0.1306752000000415	epochs	2.0
3714.309249650952	0.06582909999997355	epochs	3.0
3714.375078750952	0.06484610000006796	epochs	3.0
3714.439924850952	0.1268577999999252	epochs	2.0
3714.439924850952	0.06389200000012352	epochs	3.0
3714.5038168509523	0.06296579999980167	epochs	3.0
3714.566782650952	0.12325719999989815	epochs	2.0
3714.566782650952	0.06206580000025497	epochs	3.0
3714.6288484509523	0.06119139999964318	epochs	3.0
3714.690039850952	0.1198554000002332	epochs	2.0
3714.690039850952	0.060341100000187	epochs	3.0
3714.750380950952	0.059514300000046205	epochs	3.0
3714.809895250952	0.1166361999999026	epochs	2.0
3714.809895250952	0.058709599999929196	epochs	3.0
3714.868604850952	0.057926599999973405	epochs	3.0
3714.926531450952	0.11358560000007856	epochs	2.0
3714.926531450952	0.05716419999998834	epochs	3.0
3714.983695650952	0.056421400000090216	epochs	3.0
3715.040117050952	0.11069050000014613	epochs	2.0
3715.040117050952	0.05569789999981367	epochs	3.0
3715.095814950952	0.05499260000033246	epochs	3.0
3715.1508075509523	0.10793909999983953	epochs	2.0
3715.1508075509523	0.054304899999806366	epochs	3.0
3715.205112450952	0.05363420000003316	epochs	3.0
3715.258746650952	0.10532150000017282	epochs	2.0
3715.258746650952	0.05297999999993408	epochs	3.0
3715.311726650952	0.05234150000023874	epochs	3.0
3715.3640681509523	0.10282759999972768	epochs	2.0
3715.3640681509523	0.05171810000001642	epochs	3.0
3715.4157862509524	0.05110949999971126	epochs	3.0
3715.466895750952	0.10044909999987794	epochs	2.0
3715.466895750952	0.050514900000052876	epochs	3.0
3715.517410650952	0.04993419999982507	epochs	3.0
3715.567344850952	0.09817830000019967	epochs	2.0
3715.567344850952	0.0493666000002122	epochs	3.0
3715.616711450952	0.04881169999998747	epochs	3.0
3715.665523150952	0.09600779999982478	epochs	2.0
3715.665523150952	0.04826920000004975	epochs	3.0
3715.713792350952	0.04773859999977503	epochs	3.0
3715.761530950952	0.09393120000004274	epochs	2.0
3715.761530950952	0.047219500000210246	epochs	3.0
3715.808750450952	0.04671169999983249	epochs	3.0
3715.855462150952	0.09194260000003851	epochs	2.0
3715.855462150952	0.046214599999984785	epochs	3.0
3715.901676750952	0.045728000000053726	epochs	3.0
3715.947404750952	0.09003630000006524	epochs	2.0
3715.947404750952	0.04525150000017675	epochs	3.0
3715.992656250952	0.04478479999988849	epochs	3.0
3716.037441050952	0.08820760000025984	epochs	2.0
3716.037441050952	0.0443278000002465	epochs	3.0
3716.0817688509524	0.04387980000001335	epochs	3.0
3716.1256486509524	0.0864516999999978	epochs	2.0
3716.1256486509524	0.04344099999980244	epochs	3.0
3716.169089650952	0.04301070000019536	epochs	3.0
3716.2121003509524	0.08476429999973334	epochs	2.0
3716.2121003509524	0.0425889999996798	epochs	3.0
3716.254689350952	0.04217530000005354	epochs	3.0
3716.296864650952	0.08314150000023801	epochs	2.0
3716.296864650952	0.041769700000259036	epochs	3.0
3716.3386343509524	0.041371799999978975	epochs	3.0
3716.3800061509523	0.08157970000002024	epochs	2.0
3716.3800061509523	0.040981399999964196	epochs	3.0
3716.4209875509523	0.04059830000005604	epochs	3.0
3716.4615858509524	0.08007549999956609	epochs	2.0
3716.4615858509524	0.04022229999964111	epochs	3.0
3716.501808150952	0.03985319999992498	epochs	3.0
3716.541661350952	0.07862570000042979	epochs	2.0
3716.541661350952	0.03949080000029426	epochs	3.0
3716.581152150952	0.03913490000013553	epochs	3.0
3716.6202870509524	0.07722759999978734	epochs	2.0
3716.6202870509524	0.03878539999959685	epochs	3.0
3716.659072450952	0.038442200000190496	epochs	3.0
3716.697514650952	0.07587819999980638	epochs	2.0
3716.697514650952	0.03810479999992822	epochs	3.0
3716.735619450952	0.037773399999878166	epochs	3.0
3716.773392850952	0.07457520000025397	epochs	2.0
3716.773392850952	0.03744770000002973	epochs	3.0
3716.810840550952	0.037127500000224245	epochs	3.0
3716.847968050952	0.07331629999998768	epochs	2.0
3716.847968050952	0.03681289999985893	epochs	3.0
3716.884780950952	0.03650340000012875	epochs	3.0
3716.921284350952	0.07209899999998015	epochs	2.0
3716.921284350952	0.03619909999997617	epochs	3.0
3716.957483450952	0.03589990000000398	epochs	3.0
3716.993383350952	0.07092169999987163	epochs	2.0
3716.993383350952	0.03560560000005353	epochs	3.0
3717.028988950952	0.03531609999981811	epochs	3.0
3717.064305050952	0.06978200000003199	epochs	2.0
3717.064305050952	0.03503120000004856	epochs	3.0
3717.099336250952	0.03475079999998343	epochs	3.0
3717.134087050952	0.06867860000011206	epochs	2.0
3717.134087050952	0.034475100000236125	epochs	3.0
3717.1685621509523	0.03420349999987593	epochs	3.0
3717.202765650952	0.06760930000018561	epochs	2.0
3717.202765650952	0.033936199999970995	epochs	3.0
3717.236701850952	0.03367310000021462	epochs	3.0
3717.2703749509524	0.06657289999975546	epochs	2.0
3717.2703749509524	0.03341399999999339	epochs	3.0
3717.3037889509524	0.03315889999976207	epochs	3.0
3717.336947850952	0.06556779999982609	epochs	2.0
3717.336947850952	0.03290770000012344	epochs	3.0
3717.3698555509523	0.03266009999970265	epochs	3.0
3717.402515650952	0.0645926000001964	epochs	2.0
3717.402515650952	0.032416400000329304	epochs	3.0
3717.4349320509523	0.032176199999867094	epochs	3.0
3717.467108250952	0.06364600000006249	epochs	2.0
3717.467108250952	0.03193959999998697	epochs	3.0
3717.499047850952	0.03170640000007552	epochs	3.0
3717.530754250952	0.0627266999999847	epochs	2.0
3717.530754250952	0.03147660000013275	epochs	3.0
3717.5622308509523	0.031250099999851955	epochs	3.0
3717.593480950952	0.06183359999977256	epochs	2.0
3717.593480950952	0.031026900000142632	epochs	3.0
3717.6245078509523	0.030806699999629927	epochs	3.0
3717.655314550952	0.06096560000014506	epochs	2.0
3717.655314550952	0.03058980000014344	epochs	3.0
3717.685904350952	0.030375800000001618	epochs	3.0
3717.716280150952	0.06012160000000222	epochs	2.0
3717.716280150952	0.030164899999817862	epochs	3.0
3717.746445050952	0.029956700000184355	epochs	3.0
3717.776401750952	0.059300700000221696	epochs	2.0
3717.776401750952	0.029751600000054168	epochs	3.0
3717.806153350952	0.029549100000167527	epochs	3.0
3717.8357024509523	0.05850179999970351	epochs	2.0
3717.8357024509523	0.029349399999773595	epochs	3.0
3717.865051850952	0.029152399999929912	epochs	3.0
3717.894204250952	0.05772419999993872	epochs	2.0
3717.894204250952	0.028958000000329776	epochs	3.0
3717.9231622509524	0.028766199999608943	epochs	3.0
3717.951928450952	0.0569671000002927	epochs	2.0
3717.951928450952	0.028577000000041153	epochs	3.0
3717.980505450952	0.02839010000025155	epochs	3.0
3718.0088955509523	0.05622949999997218	epochs	2.0
3718.0088955509523	0.028205699999944045	epochs	3.0
3718.037101250952	0.028023800000028132	epochs	3.0
3718.0651250509522	0.05551070000001346	epochs	2.0
3718.0651250509522	0.02784399999973175	epochs	3.0
3718.092969050952	0.027666700000281708	epochs	3.0
3718.1206357509523	0.05481019999979253	epochs	2.0
3718.1206357509523	0.02749149999999645	epochs	3.0
3718.1481272509523	0.02731869999979608	epochs	3.0
3718.175445950952	0.054126999999880354	epochs	2.0
3718.175445950952	0.027147799999966082	epochs	3.0
3718.202593750952	0.026979199999914272	epochs	3.0
3718.229572950952	0.05346070000041436	epochs	2.0
3718.229572950952	0.026812600000084785	epochs	3.0
3718.256385550952	0.026648100000329578	epochs	3.0
3718.2830336509523	0.05281070000000909	epochs	2.0
3718.2830336509523	0.0264855999998872	epochs	3.0
3718.3095192509522	0.026325100000121893	epochs	3.0
3718.3358443509524	0.052176199999848905	epochs	2.0
3718.3358443509524	0.026166399999965506	epochs	3.0
3718.3620107509523	0.0260097999998834	epochs	3.0
3718.388020550952	0.05155669999976453	epochs	2.0
3718.388020550952	0.02585480000016105	epochs	3.0
3718.4138753509524	0.025701899999603484	epochs	3.0
3718.439577250952	0.05095190000020011	epochs	2.0
3718.439577250952	0.025550700000167126	epochs	3.0
3718.465127950952	0.025401200000032986	epochs	3.0
3718.490529150952	0.05036100000006627	epochs	2.0
3718.490529150952	0.025253499999962514	epochs	3.0
3718.515782650952	0.025107500000103755	epochs	3.0
3718.5408901509522	0.04978380000011384	epochs	2.0
3718.5408901509522	0.02496320000000196	epochs	3.0
3718.5658533509522	0.02482060000011188	epochs	3.0
3718.5906739509524	0.049219499999708205	epochs	2.0
3718.5906739509524	0.024679399999968155	epochs	3.0
3718.6153533509523	0.02454009999974005	epochs	3.0
3718.639893450952	0.04866790000005494	epochs	2.0
3718.639893450952	0.02440210000031584	epochs	3.0
3718.6642955509524	0.0242657999997391	epochs	3.0
3718.688561350952	0.048128599999927246	epochs	2.0
3718.688561350952	0.024131000000124914	epochs	3.0
3718.7126923509522	0.023997599999802333	epochs	3.0
3718.736689950952	0.047601100000065344	epochs	2.0
3718.736689950952	0.023865800000294257	epochs	3.0
3718.7605557509523	0.023735299999771087	epochs	3.0
3718.784291050952	0.04708500000015192	epochs	2.0
3718.784291050952	0.023606300000210467	epochs	3.0
3718.8078973509523	0.023478699999941455	epochs	3.0
3718.8313760509523	0.04657999999972162	epochs	2.0
3718.8313760509523	0.023352499999873544	epochs	3.0
3718.854728550952	0.023227499999848078	epochs	3.0
3718.877956050952	0.04608570000027612	epochs	2.0
3718.877956050952	0.023104000000330416	epochs	3.0
3718.9010600509523	0.022981699999945704	epochs	3.0
3718.9240417509523	0.045601799999985815	epochs	2.0
3718.9240417509523	0.02286069999991014	epochs	3.0
3718.946902450952	0.022741100000075676	epochs	3.0
3718.9696435509522	0.045127899999897636	epochs	2.0
3718.9696435509522	0.022622500000125	epochs	3.0
3718.9922660509524	0.022505399999772635	epochs	3.0
3719.014771450952	0.04466379999985293	epochs	2.0
3719.014771450952	0.022389300000213552	epochs	3.0
3719.0371607509524	0.022274499999639374	epochs	3.0
3719.059435250952	0.04420920000029582	epochs	2.0
3719.059435250952	0.02216080000016518	epochs	3.0
3719.081596050952	0.02204840000013064	epochs	3.0
3719.1036444509523	0.043763599999692815	epochs	2.0
3719.1036444509523	0.021936899999673187	epochs	3.0
3719.125581350952	0.021826700000019628	epochs	3.0
3719.147408050952	0.043327100000169594	epochs	2.0
3719.147408050952	0.02171760000010181	epochs	3.0
3719.169125650952	0.021609500000067783	epochs	3.0
3719.190735150952	0.04289900000003399	epochs	2.0
3719.190735150952	0.021502500000224245	epochs	3.0
3719.2122376509524	0.021396499999809748	epochs	3.0
3719.233634150952	0.04247949999989942	epochs	2.0
3719.233634150952	0.021291699999892444	epochs	3.0
3719.254925850952	0.021187800000006973	epochs	3.0
3719.276113650952	0.04206789999989269	epochs	2.0
3719.276113650952	0.02108490000000529	epochs	3.0
3719.297198550952	0.020982999999887397	epochs	3.0
3719.318181550952	0.041664400000172463	epochs	2.0
3719.318181550952	0.020882199999959994	epochs	3.0
3719.339063750952	0.02078220000021247	epochs	3.0
3719.359845950952	0.04126850000011473	epochs	2.0
3719.359845950952	0.02068330000020069	epochs	3.0
3719.3805292509523	0.02058519999991404	epochs	3.0
3719.4011144509523	0.04088000000001557	epochs	2.0
3719.4011144509523	0.020488099999965925	epochs	3.0
3719.4216025509522	0.020391900000049645	epochs	3.0
3719.4419944509523	0.04049880000002304	epochs	2.0
3719.4419944509523	0.020296599999710452	epochs	3.0
3719.462291050952	0.020202200000312587	epochs	3.0
3719.4824932509523	0.04012459999967177	epochs	2.0
3719.4824932509523	0.02010870000003706	epochs	3.0
3719.5026019509523	0.020015899999634712	epochs	3.0
3719.522617850952	0.03975730000001931	epochs	2.0
3719.522617850952	0.01992420000033235	epochs	3.0
3719.5425420509523	0.019833099999686965	epochs	3.0
3719.562375150952	0.03939669999999751	epochs	2.0
3719.562375150952	0.019743000000289612	epochs	3.0
3719.5821181509523	0.019653699999707896	epochs	3.0
3719.601771850952	0.03904240000019854	epochs	2.0
3719.601771850952	0.0195651000003636	epochs	3.0
3719.6213369509524	0.01947729999983494	epochs	3.0
3719.640814250952	0.03869459999987157	epochs	2.0
3719.640814250952	0.019390399999792862	epochs	3.0
3719.660204650952	0.01930420000007871	epochs	3.0
3719.679508850952	0.03835290000006353	epochs	2.0
3719.679508850952	0.019218800000089686	epochs	3.0
3719.698727650952	0.01913409999997384	epochs	3.0
3719.717861750952	0.03801720000001296	epochs	2.0
3719.717861750952	0.019050200000037876	epochs	3.0
3719.736911950952	0.018966999999975087	epochs	3.0
3719.755878950952	0.03768720000016401	epochs	2.0
3719.755878950952	0.018884499999785476	epochs	3.0
3719.774763450952	0.018802700000378536	epochs	3.0
3719.7935661509523	0.037363099999765836	epochs	2.0
3719.7935661509523	0.018721699999787234	epochs	3.0
3719.812287850952	0.018641399999978603	epochs	3.0
3719.830929250952	0.037044300000161456	epochs	2.0
3719.830929250952	0.018561599999884493	epochs	3.0
3719.849490850952	0.018482700000276964	epochs	3.0
3719.8679735509522	0.036731000000145286	epochs	2.0
3719.8679735509522	0.018404299999929208	epochs	3.0
3719.886377850952	0.01832670000021608	epochs	3.0
3719.9047045509524	0.036422899999706715	epochs	2.0
3719.9047045509524	0.018249599999762722	epochs	3.0
3719.922954150952	0.018173299999943993	epochs	3.0
3719.941127450952	0.03612010000006194	epochs	2.0
3719.941127450952	0.018097600000146485	epochs	3.0
3719.959225050952	0.018022499999915453	epochs	3.0
3719.977247550952	0.035822100000132195	epochs	2.0
3719.977247550952	0.01794789999985369	epochs	3.0
3719.995195450952	0.017874200000278506	epochs	3.0
3720.0130696509523	0.03552899999976944	epochs	2.0
3720.0130696509523	0.01780079999980444	epochs	3.0
3720.030870450952	0.017728199999965	epochs	3.0
3720.048598650952	0.03524070000003121	epochs	2.0
3720.048598650952	0.017656100000294828	epochs	3.0
3720.0662547509523	0.017584599999736383	epochs	3.0
3720.083839350952	0.03495710000015606	epochs	2.0
3720.083839350952	0.017513700000108656	epochs	3.0
3720.101353050952	0.017443400000047404	epochs	3.0
3720.1187964509522	0.03467790000013338	epochs	2.0
3720.1187964509522	0.017373599999700673	epochs	3.0
3720.136170050952	0.017304300000432704	epochs	3.0
3720.1534743509524	0.03440329999966707	epochs	2.0
3720.1534743509524	0.01723569999967367	epochs	3.0
3720.170710050952	0.0171675999999934	epochs	3.0
3720.187877650952	0.03413279999995211	epochs	2.0
3720.187877650952	0.017099900000175694	epochs	3.0
3720.204977550952	0.01703289999977642	epochs	3.0
3720.222010450952	0.03386670000008962	epochs	2.0
3720.222010450952	0.01696640000000116	epochs	3.0
3720.238976850952	0.016900300000088464	epochs	3.0
3720.255877150952	0.03360460000021703	epochs	2.0
3720.255877150952	0.016834800000196992	epochs	3.0
3720.2727119509523	0.01676980000002004	epochs	3.0
3720.2894817509523	0.03334659999973155	epochs	2.0
3720.2894817509523	0.016705300000012357	epochs	3.0
3720.3061870509523	0.016641299999719195	epochs	3.0
3720.322828350952	0.03309250000029351	epochs	2.0
3720.322828350952	0.016577800000050047	epochs	3.0
3720.339406150952	0.016514700000243465	epochs	3.0
3720.3559208509523	0.032842299999629176	epochs	2.0
3720.3559208509523	0.01645220000000336	epochs	3.0
3720.3723730509523	0.016390099999625818	epochs	3.0
3720.388763150952	0.03259570000000167	epochs	2.0
3720.388763150952	0.016328400000020338	epochs	3.0
3720.405091550952	0.016267299999981333	epochs	3.0
3720.421358850952	0.03235290000020541	epochs	2.0
3720.421358850952	0.01620660000025964	epochs	3.0
3720.437565450952	0.016146299999945768	epochs	3.0
3720.453711750952	0.032113700000081735	epochs	2.0
3720.453711750952	0.016086600000107865	epochs	3.0
3720.4697983509523	0.01602709999997387	epochs	3.0
3720.4858254509522	0.031877999999778694	epochs	2.0
3720.4858254509522	0.0159681999998611	epochs	3.0
3720.501793650952	0.015909799999917595	epochs	3.0
3720.517703450952	0.03164570000035383	epochs	2.0
3720.517703450952	0.01585160000013275	epochs	3.0
3720.533555050952	0.01579410000022108	epochs	3.0
3720.5493491509524	0.03141669999968144	epochs	2.0
3720.5493491509524	0.015736699999706616	epochs	3.0
3720.565085850952	0.015679999999974825	epochs	3.0
3720.580765850952	0.03119109999988723	epochs	2.0
3720.580765850952	0.015623600000253646	epochs	3.0
3720.5963894509523	0.015567499999633583	epochs	3.0
3720.611956950952	0.030968700000357785	epochs	2.0
3720.611956950952	0.015512000000398984	epochs	3.0
3720.6274689509523	0.0154566999999588	epochs	3.0
3720.6429256509523	0.03074949999972887	epochs	2.0
3720.6429256509523	0.015401999999994587	epochs	3.0
3720.6583276509523	0.015347499999734282	epochs	3.0
3720.673675150952	0.030533200000263605	epochs	2.0
3720.673675150952	0.015293400000246038	epochs	3.0
3720.6889685509523	0.015239800000017567	epochs	3.0
3720.7042083509523	0.03032009999969887	epochs	2.0
3720.7042083509523	0.015186499999799707	epochs	3.0
3720.719394850952	0.015133599999899161	epochs	3.0
3720.734528450952	0.030109900000297785	epochs	2.0
3720.734528450952	0.015081000000009226	epochs	3.0
3720.749609450952	0.015028900000288559	epochs	3.0
3720.7646383509523	0.029902499999934662	epochs	2.0
3720.7646383509523	0.014976999999817053	epochs	3.0
3720.779615350952	0.014925500000117609	epochs	3.0
3720.794540850952	0.0296981000001324	epochs	2.0
3720.794540850952	0.014874399999825982	epochs	3.0
3720.809415250952	0.014823700000306417	epochs	3.0
3720.8242389509523	0.02949629999966419	epochs	2.0
3720.8242389509523	0.014773199999581266	epochs	3.0
3720.839012150952	0.014723100000082923	epochs	3.0
3720.853735250952	0.02929740000035963	epochs	2.0
3720.853735250952	0.014673399999992398	epochs	3.0
3720.868408650952	0.014624000000367232	epochs	3.0
3720.8830326509524	0.029101099999934377	epochs	2.0
3720.8830326509524	0.014574899999843183	epochs	3.0
3720.897607550952	0.014526200000091194	epochs	3.0
3720.9121337509523	0.02890739999975267	epochs	2.0
3720.9121337509523	0.014477700000043114	epochs	3.0
3720.9266114509524	0.014429699999709555	epochs	3.0
3720.941041150952	0.028716199999962555	epochs	2.0
3720.941041150952	0.014381800000137446	epochs	3.0
3720.955422950952	0.01433439999982511	epochs	3.0
3720.969757350952	0.02852759999996124	epochs	2.0
3720.969757350952	0.014287200000126177	epochs	3.0
3720.984044550952	0.014240399999835063	epochs	3.0
3720.998284950952	0.028341400000044814	epochs	2.0
3720.998284950952	0.014193800000157353	epochs	3.0
3721.012478750952	0.014147599999887461	epochs	3.0
3721.026626350952	0.028157700000065233	epochs	2.0
3721.026626350952	0.014101700000082928	epochs	3.0
3721.040728050952	0.014055999999982305	epochs	3.0
3721.054784050952	0.02797629999986384	epochs	2.0
3721.054784050952	0.014010599999892293	epochs	3.0
3721.068794650952	0.013965699999971548	epochs	3.0
3721.082760350952	0.02779720000035013	epochs	2.0
3721.082760350952	0.013920800000050804	epochs	3.0
3721.096681150952	0.013876400000299327	epochs	3.0
3721.1105575509523	0.027620399999705114	epochs	2.0
3721.1105575509523	0.013832199999797012	epochs	3.0
3721.124389750952	0.013788199999908102	epochs	3.0
3721.138177950952	0.027445900000202528	epochs	2.0
3721.138177950952	0.013744600000336504	epochs	3.0
3721.1519225509523	0.013701299999866023	epochs	3.0
3721.165623850952	0.027273499999864725	epochs	2.0
3721.165623850952	0.013658200000008947	epochs	3.0
3721.179282050952	0.013615299999855779	epochs	3.0
3721.192897350952	0.027103400000214606	epochs	2.0
3721.192897350952	0.013572800000019924	epochs	3.0
3721.206470150952	0.013530600000194681	epochs	3.0
3721.2200007509523	0.02693520000002536	epochs	2.0
3721.2200007509523	0.01348839999991469	epochs	3.0
3721.233489150952	0.01344680000011067	epochs	3.0
3721.2469359509523	0.02676919999976235	epochs	2.0
3721.2469359509523	0.013405199999851902	epochs	3.0
3721.260341150952	0.013363999999910448	epochs	3.0
3721.273705150952	0.02660520000017641	epochs	2.0
3721.273705150952	0.013322900000275695	epochs	3.0
3721.2870280509524	0.013282299999900715	epochs	3.0
3721.3003103509523	0.0264431999999033	epochs	2.0
3721.3003103509523	0.013241699999980483	epochs	3.0
3721.3135520509522	0.013201499999922817	epochs	3.0
3721.326753550952	0.026283199999852513	epochs	2.0
3721.326753550952	0.013161500000023807	epochs	3.0
3721.339915050952	0.013121699999828706	epochs	3.0
3721.353036750952	0.026125000000320142	epochs	2.0
3721.353036750952	0.01308210000024701	epochs	3.0
3721.3661188509523	0.013042900000073132	epochs	3.0
3721.3791617509523	0.025968899999952555	epochs	2.0
3721.3791617509523	0.013003899999603163	epochs	3.0
3721.392165650952	0.012965000000349391	epochs	3.0
3721.4051306509523	0.02581449999979668	epochs	2.0
3721.4051306509523	0.012926399999741989	epochs	3.0
3721.418057050952	0.012888100000054692	epochs	3.0
3721.430945150952	0.02566190000015922	epochs	2.0
3721.430945150952	0.01284990000021935	epochs	3.0
3721.4437950509523	0.012811999999939871	epochs	3.0
3721.4566070509522	0.025511199999982637	epochs	2.0
3721.4566070509522	0.012774400000125752	epochs	3.0
3721.4693814509524	0.012736799999856885	epochs	3.0
3721.482118250952	0.02536229999986972	epochs	2.0
3721.482118250952	0.012699699999757286	epochs	3.0
3721.494817950952	0.012662600000112434	epochs	3.0
3721.507480550952	0.02521500000011656	epochs	2.0
3721.507480550952	0.012625800000023446	epochs	3.0
3721.520106350952	0.012589200000093115	epochs	3.0
3721.532695550952	0.024584799999956886	epochs	2.0
3721.5563415509523	0.5	epochs	-1.0
3721.557280350952	0.5048000000001593	epochs	1.0
3722.0620803509523	0.49512000000004264	epochs	0.0
3777.692000389099	0.07528000000002066	epochs	0.0
3777.692000389099	0.032641400000102294	epochs	1.0
3777.724641789099	0.009997199999816075	epochs	1.0
3777.734638989099	0.032641400000102294	epochs	1.0
3777.767280389099	2.0	epochs	0.0
3779.767280389099	21.504239999999754	epochs	0.0
3779.767280389099	1.0	epochs	1.0
3779.767301589099	0.5	epochs	-1.0
3780.267301589099	19.999519999999848	epochs	-1.0
3780.767280389099	20.0	epochs	1.0
3780.767280389099	4.356753900000058	epochs	-1.0
3780.767280389099	1.9745871999998599	epochs	2.0
3780.767280389099	1.098562199999833	epochs	3.0
3781.865842589099	0.8760250000000269	epochs	3.0
3782.741867589099	1.3524075000000266	epochs	2.0
3782.741867589099	0.7286355000001095	epochs	3.0
3783.470503089099	0.6237719999999172	epochs	3.0
3784.094275089099	1.0297592000001714	epochs	2.0
3784.094275089099	0.5453293000000485	epochs	3.0
3784.639604389099	0.48442990000012287	epochs	3.0
3785.124034289099	0.8317861999998968	epochs	2.0
3785.124034289099	0.4357762999998158	epochs	3.0
3785.559810589099	0.39600990000008096	epochs	3.0
3785.955820489099	0.6977969999998095	epochs	2.0
3785.955820489099	0.3628982000000178	epochs	3.0
3786.318718689099	0.33489879999979166	epochs	3.0
3786.653617489099	0.6010457000002134	epochs	2.0
3786.653617489099	0.31091230000038195	epochs	3.0
3786.9645297890993	0.29013339999983145	epochs	3.0
3787.254663189099	0.5278859000000011	epochs	2.0
3787.254663189099	0.2719585999998344	epochs	3.0
3787.526621789099	0.2559273000001667	epochs	3.0
3787.782549089099	0.4706193000001804	epochs	2.0
3787.782549089099	0.241681299999982	epochs	3.0
3788.024230389099	0.22893800000019837	epochs	3.0
3788.2531683890993	0.42457039999999324	epochs	2.0
3788.2531683890993	0.2174713999997948	epochs	3.0
3788.470639789099	0.20709900000019843	epochs	3.0
3788.6777387890993	0.3867353999999068	epochs	2.0
3788.6777387890993	0.1976710999997522	epochs	3.0
3788.875409889099	0.18906430000015462	epochs	3.0
3789.064474189099	0.35509529999990264	epochs	2.0
3789.064474189099	0.1811758999997437	epochs	3.0
3789.245650089099	0.17391940000015893	epochs	3.0
3789.419569489099	0.32824310000023615	epochs	2.0
3789.419569489099	0.167221900000186	epochs	3.0
3789.5867913890993	0.16102120000005016	epochs	3.0
3789.7478125890993	0.3051679999998669	epochs	2.0
3789.7478125890993	0.1552638999996816	epochs	3.0
3789.903076489099	0.14990410000018528	epochs	3.0
3790.052980589099	0.28512529999989056	epochs	2.0
3790.052980589099	0.14490209999985382	epochs	3.0
3790.197882689099	0.14022320000003674	epochs	3.0
3790.338105889099	0.2675537999998596	epochs	2.0
3790.338105889099	0.1358368999999584	epochs	3.0
3790.473942789099	0.13171689999990122	epochs	3.0
3790.605659689099	0.25202290000015637	epochs	2.0
3790.605659689099	0.12783930000023247	epochs	3.0
3790.733498989099	0.1241835999999239	epochs	3.0
3790.857682589099	0.23819649999995818	epochs	2.0
3790.857682589099	0.1207310999998299	epochs	3.0
3790.978413689099	0.11746540000012828	epochs	3.0
3791.095879089099	0.22580879999986792	epochs	2.0
3791.095879089099	0.11437190000015107	epochs	3.0
3791.210250989099	0.11143689999971684	epochs	3.0
3791.321687889099	0.21464600000035716	epochs	2.0
3791.321687889099	0.1086489000003894	epochs	3.0
3791.4303367890993	0.10599709999996776	epochs	3.0
3791.5363338890993	0.2045349999998507	epochs	2.0
3791.5363338890993	0.10347149999961403	epochs	3.0
3791.639805389099	0.10106350000023667	epochs	3.0
3791.740868889099	0.19533400000000256	epochs	2.0
3791.740868889099	0.09876510000003691	epochs	3.0
3791.839633989099	0.09656889999996565	epochs	3.0
3791.936202889099	0.18692529999998442	epochs	2.0
3791.936202889099	0.09446829999978945	epochs	3.0
3792.030671189099	0.09245700000019497	epochs	3.0
3792.123128189099	0.1792107000001124	epochs	2.0
3792.123128189099	0.0905296000000817	epochs	3.0
3792.213657789099	0.08868110000003071	epochs	3.0
3792.3023388890992	0.17210769999974218	epochs	2.0
3792.3023388890992	0.08690630000000965	epochs	3.0
3792.3892451890993	0.08520139999973253	epochs	3.0
3792.474446589099	0.16554640000003928	epochs	2.0
3792.474446589099	0.08356189999994967	epochs	3.0
3792.558008489099	0.08198450000008961	epochs	3.0
3792.639992989099	0.15946710000025632	epochs	2.0
3792.639992989099	0.08046539999986635	epochs	3.0
3792.720458389099	0.07900170000038997	epochs	3.0
3792.7994600890993	0.1538183999996363	epochs	2.0
3792.7994600890993	0.07759009999972477	epochs	3.0
3792.877050189099	0.07622829999991154	epochs	3.0
3792.953278489099	0.14855640000041603	epochs	2.0
3792.953278489099	0.07491330000038943	epochs	3.0
3793.0281917890993	0.0736431000000266	epochs	3.0
3793.1018348890993	0.1436423999998624	epochs	2.0
3793.1018348890993	0.07241499999963708	epochs	3.0
3793.174249889099	0.07122740000022532	epochs	3.0
3793.245477289099	0.13904309999998077	epochs	2.0
3793.245477289099	0.0700779999997394	epochs	3.0
3793.315555289099	0.06896510000024136	epochs	3.0
3793.384520389099	0.13472929999988992	epochs	2.0
3793.384520389099	0.0678871000000072	epochs	3.0
3793.452407489099	0.06684219999988272	epochs	3.0
3793.519249689099	0.1306752000000415	epochs	2.0
3793.519249689099	0.06582909999997355	epochs	3.0
3793.585078789099	0.06484610000006796	epochs	3.0
3793.649924889099	0.1268577999999252	epochs	2.0
3793.649924889099	0.06389200000012352	epochs	3.0
3793.7138168890992	0.06296579999980167	epochs	3.0
3793.776782689099	0.12325719999989815	epochs	2.0
3793.776782689099	0.06206580000025497	epochs	3.0
3793.8388484890993	0.06119139999964318	epochs	3.0
3793.900039889099	0.1198554000002332	epochs	2.0
3793.900039889099	0.060341100000187	epochs	3.0
3793.960380989099	0.059514300000046205	epochs	3.0
3794.019895289099	0.1166361999999026	epochs	2.0
3794.019895289099	0.058709599999929196	epochs	3.0
3794.078604889099	0.057926599999973405	epochs	3.0
3794.136531489099	0.11358560000007856	epochs	2.0
3794.136531489099	0.05716419999998834	epochs	3.0
3794.193695689099	0.056421400000090216	epochs	3.0
3794.250117089099	0.11069050000014613	epochs	2.0
3794.250117089099	0.05569789999981367	epochs	3.0
3794.305814989099	0.05499260000033246	epochs	3.0
3794.3608075890993	0.10793909999983953	epochs	2.0
3794.3608075890993	0.054304899999806366	epochs	3.0
3794.415112489099	0.05363420000003316	epochs	3.0
3794.468746689099	0.10532150000017282	epochs	2.0
3794.468746689099	0.05297999999993408	epochs	3.0
3794.521726689099	0.05234150000023874	epochs	3.0
3794.5740681890993	0.10282759999972768	epochs	2.0
3794.5740681890993	0.05171810000001642	epochs	3.0
3794.6257862890993	0.05110949999971126	epochs	3.0
3794.676895789099	0.10044909999987794	epochs	2.0
3794.676895789099	0.050514900000052876	epochs	3.0
3794.727410689099	0.04993419999982507	epochs	3.0
3794.777344889099	0.09817830000019967	epochs	2.0
3794.777344889099	0.0493666000002122	epochs	3.0
3794.826711489099	0.04881169999998747	epochs	3.0
3794.875523189099	0.09600779999982478	epochs	2.0
3794.875523189099	0.04826920000004975	epochs	3.0
3794.923792389099	0.04773859999977503	epochs	3.0
3794.971530989099	0.09393120000004274	epochs	2.0
3794.971530989099	0.047219500000210246	epochs	3.0
3795.018750489099	0.04671169999983249	epochs	3.0
3795.065462189099	0.09194260000003851	epochs	2.0
3795.065462189099	0.046214599999984785	epochs	3.0
3795.111676789099	0.045728000000053726	epochs	3.0
3795.157404789099	0.09003630000006524	epochs	2.0
3795.157404789099	0.04525150000017675	epochs	3.0
3795.202656289099	0.04478479999988849	epochs	3.0
3795.247441089099	0.08820760000025984	epochs	2.0
3795.247441089099	0.0443278000002465	epochs	3.0
3795.2917688890993	0.04387980000001335	epochs	3.0
3795.3356486890993	0.0864516999999978	epochs	2.0
3795.3356486890993	0.04344099999980244	epochs	3.0
3795.379089689099	0.04301070000019536	epochs	3.0
3795.4221003890993	0.08476429999973334	epochs	2.0
3795.4221003890993	0.0425889999996798	epochs	3.0
3795.464689389099	0.04217530000005354	epochs	3.0
3795.506864689099	0.08314150000023801	epochs	2.0
3795.506864689099	0.041769700000259036	epochs	3.0
3795.5486343890993	0.041371799999978975	epochs	3.0
3795.5900061890993	0.08157970000002024	epochs	2.0
3795.5900061890993	0.040981399999964196	epochs	3.0
3795.6309875890993	0.04059830000005604	epochs	3.0
3795.6715858890993	0.08007549999956609	epochs	2.0
3795.6715858890993	0.04022229999964111	epochs	3.0
3795.711808189099	0.03985319999992498	epochs	3.0
3795.751661389099	0.07862570000042979	epochs	2.0
3795.751661389099	0.03949080000029426	epochs	3.0
3795.791152189099	0.03913490000013553	epochs	3.0
3795.8302870890993	0.07722759999978734	epochs	2.0
3795.8302870890993	0.03878539999959685	epochs	3.0
3795.869072489099	0.038442200000190496	epochs	3.0
3795.907514689099	0.07587819999980638	epochs	2.0
3795.907514689099	0.03810479999992822	epochs	3.0
3795.945619489099	0.037773399999878166	epochs	3.0
3795.983392889099	0.07457520000025397	epochs	2.0
3795.983392889099	0.03744770000002973	epochs	3.0
3796.020840589099	0.037127500000224245	epochs	3.0
3796.057968089099	0.07331629999998768	epochs	2.0
3796.057968089099	0.03681289999985893	epochs	3.0
3796.094780989099	0.03650340000012875	epochs	3.0
3796.131284389099	0.07209899999998015	epochs	2.0
3796.131284389099	0.03619909999997617	epochs	3.0
3796.167483489099	0.03589990000000398	epochs	3.0
3796.203383389099	0.07092169999987163	epochs	2.0
3796.203383389099	0.03560560000005353	epochs	3.0
3796.238988989099	0.03531609999981811	epochs	3.0
3796.274305089099	0.06978200000003199	epochs	2.0
3796.274305089099	0.03503120000004856	epochs	3.0
3796.309336289099	0.03475079999998343	epochs	3.0
3796.344087089099	0.06867860000011206	epochs	2.0
3796.344087089099	0.034475100000236125	epochs	3.0
3796.3785621890993	0.03420349999987593	epochs	3.0
3796.412765689099	0.06760930000018561	epochs	2.0
3796.412765689099	0.033936199999970995	epochs	3.0
3796.446701889099	0.03367310000021462	epochs	3.0
3796.4803749890993	0.06657289999975546	epochs	2.0
3796.4803749890993	0.03341399999999339	epochs	3.0
3796.5137889890993	0.03315889999976207	epochs	3.0
3796.546947889099	0.06556779999982609	epochs	2.0
3796.546947889099	0.03290770000012344	epochs	3.0
3796.579855589099	0.03266009999970265	epochs	3.0
3796.612515689099	0.0645926000001964	epochs	2.0
3796.612515689099	0.032416400000329304	epochs	3.0
3796.6449320890993	0.032176199999867094	epochs	3.0
3796.677108289099	0.06364600000006249	epochs	2.0
3796.677108289099	0.03193959999998697	epochs	3.0
3796.709047889099	0.03170640000007552	epochs	3.0
3796.740754289099	0.0627266999999847	epochs	2.0
3796.740754289099	0.03147660000013275	epochs	3.0
3796.7722308890993	0.031250099999851955	epochs	3.0
3796.803480989099	0.06183359999977256	epochs	2.0
3796.803480989099	0.031026900000142632	epochs	3.0
3796.8345078890993	0.030806699999629927	epochs	3.0
3796.865314589099	0.06096560000014506	epochs	2.0
3796.865314589099	0.03058980000014344	epochs	3.0
3796.895904389099	0.030375800000001618	epochs	3.0
3796.926280189099	0.06012160000000222	epochs	2.0
3796.926280189099	0.030164899999817862	epochs	3.0
3796.956445089099	0.029956700000184355	epochs	3.0
3796.986401789099	0.059300700000221696	epochs	2.0
3796.986401789099	0.029751600000054168	epochs	3.0
3797.016153389099	0.029549100000167527	epochs	3.0
3797.0457024890993	0.05850179999970351	epochs	2.0
3797.0457024890993	0.029349399999773595	epochs	3.0
3797.075051889099	0.029152399999929912	epochs	3.0
3797.104204289099	0.05772419999993872	epochs	2.0
3797.104204289099	0.028958000000329776	epochs	3.0
3797.1331622890993	0.028766199999608943	epochs	3.0
3797.161928489099	0.0569671000002927	epochs	2.0
3797.161928489099	0.028577000000041153	epochs	3.0
3797.190505489099	0.02839010000025155	epochs	3.0
3797.2188955890992	0.05622949999997218	epochs	2.0
3797.2188955890992	0.028205699999944045	epochs	3.0
3797.247101289099	0.028023800000028132	epochs	3.0
3797.275125089099	0.05551070000001346	epochs	2.0
3797.275125089099	0.02784399999973175	epochs	3.0
3797.302969089099	0.027666700000281708	epochs	3.0
3797.3306357890992	0.05481019999979253	epochs	2.0
3797.3306357890992	0.02749149999999645	epochs	3.0
3797.3581272890992	0.02731869999979608	epochs	3.0
3797.385445989099	0.054126999999880354	epochs	2.0
3797.385445989099	0.027147799999966082	epochs	3.0
3797.412593789099	0.026979199999914272	epochs	3.0
3797.439572989099	0.05346070000041436	epochs	2.0
3797.439572989099	0.026812600000084785	epochs	3.0
3797.466385589099	0.026648100000329578	epochs	3.0
3797.4930336890993	0.05281070000000909	epochs	2.0
3797.4930336890993	0.0264855999998872	epochs	3.0
3797.519519289099	0.026325100000121893	epochs	3.0
3797.5458443890993	0.052176199999848905	epochs	2.0
3797.5458443890993	0.026166399999965506	epochs	3.0
3797.5720107890993	0.0260097999998834	epochs	3.0
3797.598020589099	0.05155669999976453	epochs	2.0
3797.598020589099	0.02585480000016105	epochs	3.0
3797.6238753890993	0.025701899999603484	epochs	3.0
3797.649577289099	0.05095190000020011	epochs	2.0
3797.649577289099	0.025550700000167126	epochs	3.0
3797.675127989099	0.025401200000032986	epochs	3.0
3797.700529189099	0.05036100000006627	epochs	2.0
3797.700529189099	0.025253499999962514	epochs	3.0
3797.725782689099	0.025107500000103755	epochs	3.0
3797.750890189099	0.04978380000011384	epochs	2.0
3797.750890189099	0.02496320000000196	epochs	3.0
3797.775853389099	0.02482060000011188	epochs	3.0
3797.8006739890993	0.049219499999708205	epochs	2.0
3797.8006739890993	0.024679399999968155	epochs	3.0
3797.8253533890993	0.02454009999974005	epochs	3.0
3797.849893489099	0.04866790000005494	epochs	2.0
3797.849893489099	0.02440210000031584	epochs	3.0
3797.8742955890993	0.0242657999997391	epochs	3.0
3797.898561389099	0.048128599999927246	epochs	2.0
3797.898561389099	0.024131000000124914	epochs	3.0
3797.922692389099	0.023997599999802333	epochs	3.0
3797.946689989099	0.047601100000065344	epochs	2.0
3797.946689989099	0.023865800000294257	epochs	3.0
3797.9705557890993	0.023735299999771087	epochs	3.0
3797.994291089099	0.04708500000015192	epochs	2.0
3797.994291089099	0.023606300000210467	epochs	3.0
3798.0178973890993	0.023478699999941455	epochs	3.0
3798.0413760890992	0.04657999999972162	epochs	2.0
3798.0413760890992	0.023352499999873544	epochs	3.0
3798.064728589099	0.023227499999848078	epochs	3.0
3798.087956089099	0.04608570000027612	epochs	2.0
3798.087956089099	0.023104000000330416	epochs	3.0
3798.1110600890993	0.022981699999945704	epochs	3.0
3798.1340417890992	0.045601799999985815	epochs	2.0
3798.1340417890992	0.02286069999991014	epochs	3.0
3798.156902489099	0.022741100000075676	epochs	3.0
3798.179643589099	0.045127899999897636	epochs	2.0
3798.179643589099	0.022622500000125	epochs	3.0
3798.2022660890993	0.022505399999772635	epochs	3.0
3798.224771489099	0.04466379999985293	epochs	2.0
3798.224771489099	0.022389300000213552	epochs	3.0
3798.2471607890993	0.022274499999639374	epochs	3.0
3798.269435289099	0.04420920000029582	epochs	2.0
3798.269435289099	0.02216080000016518	epochs	3.0
3798.291596089099	0.02204840000013064	epochs	3.0
3798.3136444890993	0.043763599999692815	epochs	2.0
3798.3136444890993	0.021936899999673187	epochs	3.0
3798.335581389099	0.021826700000019628	epochs	3.0
3798.357408089099	0.043327100000169594	epochs	2.0
3798.357408089099	0.02171760000010181	epochs	3.0
3798.379125689099	0.021609500000067783	epochs	3.0
3798.400735189099	0.04289900000003399	epochs	2.0
3798.400735189099	0.021502500000224245	epochs	3.0
3798.4222376890993	0.021396499999809748	epochs	3.0
3798.443634189099	0.04247949999989942	epochs	2.0
3798.443634189099	0.021291699999892444	epochs	3.0
3798.464925889099	0.021187800000006973	epochs	3.0
3798.486113689099	0.04206789999989269	epochs	2.0
3798.486113689099	0.02108490000000529	epochs	3.0
3798.507198589099	0.020982999999887397	epochs	3.0
3798.528181589099	0.041664400000172463	epochs	2.0
3798.528181589099	0.020882199999959994	epochs	3.0
3798.549063789099	0.02078220000021247	epochs	3.0
3798.569845989099	0.04126850000011473	epochs	2.0
3798.569845989099	0.02068330000020069	epochs	3.0
3798.5905292890993	0.02058519999991404	epochs	3.0
3798.6111144890992	0.04088000000001557	epochs	2.0
3798.6111144890992	0.020488099999965925	epochs	3.0
3798.631602589099	0.020391900000049645	epochs	3.0
3798.6519944890993	0.04049880000002304	epochs	2.0
3798.6519944890993	0.020296599999710452	epochs	3.0
3798.672291089099	0.020202200000312587	epochs	3.0
3798.6924932890993	0.04012459999967177	epochs	2.0
3798.6924932890993	0.02010870000003706	epochs	3.0
3798.7126019890993	0.020015899999634712	epochs	3.0
3798.732617889099	0.03975730000001931	epochs	2.0
3798.732617889099	0.01992420000033235	epochs	3.0
3798.7525420890993	0.019833099999686965	epochs	3.0
3798.772375189099	0.03939669999999751	epochs	2.0
3798.772375189099	0.019743000000289612	epochs	3.0
3798.7921181890993	0.019653699999707896	epochs	3.0
3798.811771889099	0.03904240000019854	epochs	2.0
3798.811771889099	0.0195651000003636	epochs	3.0
3798.8313369890993	0.01947729999983494	epochs	3.0
3798.850814289099	0.03869459999987157	epochs	2.0
3798.850814289099	0.019390399999792862	epochs	3.0
3798.870204689099	0.01930420000007871	epochs	3.0
3798.889508889099	0.03835290000006353	epochs	2.0
3798.889508889099	0.019218800000089686	epochs	3.0
3798.908727689099	0.01913409999997384	epochs	3.0
3798.927861789099	0.03801720000001296	epochs	2.0
3798.927861789099	0.019050200000037876	epochs	3.0
3798.946911989099	0.018966999999975087	epochs	3.0
3798.965878989099	0.03768720000016401	epochs	2.0
3798.965878989099	0.018884499999785476	epochs	3.0
3798.984763489099	0.018802700000378536	epochs	3.0
3799.0035661890993	0.037363099999765836	epochs	2.0
3799.0035661890993	0.018721699999787234	epochs	3.0
3799.022287889099	0.018641399999978603	epochs	3.0
3799.040929289099	0.037044300000161456	epochs	2.0
3799.040929289099	0.018561599999884493	epochs	3.0
3799.059490889099	0.018482700000276964	epochs	3.0
3799.077973589099	0.036731000000145286	epochs	2.0
3799.077973589099	0.018404299999929208	epochs	3.0
3799.096377889099	0.01832670000021608	epochs	3.0
3799.1147045890993	0.036422899999706715	epochs	2.0
3799.1147045890993	0.018249599999762722	epochs	3.0
3799.132954189099	0.018173299999943993	epochs	3.0
3799.151127489099	0.03612010000006194	epochs	2.0
3799.151127489099	0.018097600000146485	epochs	3.0
3799.169225089099	0.018022499999915453	epochs	3.0
3799.187247589099	0.035822100000132195	epochs	2.0
3799.187247589099	0.01794789999985369	epochs	3.0
3799.205195489099	0.017874200000278506	epochs	3.0
3799.2230696890992	0.03552899999976944	epochs	2.0
3799.2230696890992	0.01780079999980444	epochs	3.0
3799.240870489099	0.017728199999965	epochs	3.0
3799.258598689099	0.03524070000003121	epochs	2.0
3799.258598689099	0.017656100000294828	epochs	3.0
3799.2762547890993	0.017584599999736383	epochs	3.0
3799.293839389099	0.03495710000015606	epochs	2.0
3799.293839389099	0.017513700000108656	epochs	3.0
3799.311353089099	0.017443400000047404	epochs	3.0
3799.328796489099	0.03467790000013338	epochs	2.0
3799.328796489099	0.017373599999700673	epochs	3.0
3799.346170089099	0.017304300000432704	epochs	3.0
3799.3634743890993	0.03440329999966707	epochs	2.0
3799.3634743890993	0.01723569999967367	epochs	3.0
3799.380710089099	0.0171675999999934	epochs	3.0
3799.397877689099	0.03413279999995211	epochs	2.0
3799.397877689099	0.017099900000175694	epochs	3.0
3799.414977589099	0.01703289999977642	epochs	3.0
3799.432010489099	0.03386670000008962	epochs	2.0
3799.432010489099	0.01696640000000116	epochs	3.0
3799.448976889099	0.016900300000088464	epochs	3.0
3799.465877189099	0.03360460000021703	epochs	2.0
3799.465877189099	0.016834800000196992	epochs	3.0
3799.4827119890992	0.01676980000002004	epochs	3.0
3799.4994817890993	0.03334659999973155	epochs	2.0
3799.4994817890993	0.016705300000012357	epochs	3.0
3799.5161870890993	0.016641299999719195	epochs	3.0
3799.532828389099	0.03309250000029351	epochs	2.0
3799.532828389099	0.016577800000050047	epochs	3.0
3799.549406189099	0.016514700000243465	epochs	3.0
3799.5659208890993	0.032842299999629176	epochs	2.0
3799.5659208890993	0.01645220000000336	epochs	3.0
3799.5823730890993	0.016390099999625818	epochs	3.0
3799.598763189099	0.03259570000000167	epochs	2.0
3799.598763189099	0.016328400000020338	epochs	3.0
3799.615091589099	0.016267299999981333	epochs	3.0
3799.631358889099	0.03235290000020541	epochs	2.0
3799.631358889099	0.01620660000025964	epochs	3.0
3799.647565489099	0.016146299999945768	epochs	3.0
3799.663711789099	0.032113700000081735	epochs	2.0
3799.663711789099	0.016086600000107865	epochs	3.0
3799.6797983890992	0.01602709999997387	epochs	3.0
3799.695825489099	0.031877999999778694	epochs	2.0
3799.695825489099	0.0159681999998611	epochs	3.0
3799.711793689099	0.015909799999917595	epochs	3.0
3799.727703489099	0.03164570000035383	epochs	2.0
3799.727703489099	0.01585160000013275	epochs	3.0
3799.743555089099	0.01579410000022108	epochs	3.0
3799.7593491890993	0.03141669999968144	epochs	2.0
3799.7593491890993	0.015736699999706616	epochs	3.0
3799.775085889099	0.015679999999974825	epochs	3.0
3799.790765889099	0.03119109999988723	epochs	2.0
3799.790765889099	0.015623600000253646	epochs	3.0
3799.8063894890993	0.015567499999633583	epochs	3.0
3799.821956989099	0.030968700000357785	epochs	2.0
3799.821956989099	0.015512000000398984	epochs	3.0
3799.8374689890993	0.0154566999999588	epochs	3.0
3799.8529256890993	0.03074949999972887	epochs	2.0
3799.8529256890993	0.015401999999994587	epochs	3.0
3799.8683276890993	0.015347499999734282	epochs	3.0
3799.883675189099	0.030533200000263605	epochs	2.0
3799.883675189099	0.015293400000246038	epochs	3.0
3799.8989685890992	0.015239800000017567	epochs	3.0
3799.9142083890993	0.03032009999969887	epochs	2.0
3799.9142083890993	0.015186499999799707	epochs	3.0
3799.929394889099	0.015133599999899161	epochs	3.0
3799.944528489099	0.030109900000297785	epochs	2.0
3799.944528489099	0.015081000000009226	epochs	3.0
3799.959609489099	0.015028900000288559	epochs	3.0
3799.9746383890993	0.029902499999934662	epochs	2.0
3799.9746383890993	0.014976999999817053	epochs	3.0
3799.989615389099	0.014925500000117609	epochs	3.0
3800.004540889099	0.0296981000001324	epochs	2.0
3800.004540889099	0.014874399999825982	epochs	3.0
3800.019415289099	0.014823700000306417	epochs	3.0
3800.0342389890993	0.02949629999966419	epochs	2.0
3800.0342389890993	0.014773199999581266	epochs	3.0
3800.049012189099	0.014723100000082923	epochs	3.0
3800.063735289099	0.02929740000035963	epochs	2.0
3800.063735289099	0.014673399999992398	epochs	3.0
3800.078408689099	0.014624000000367232	epochs	3.0
3800.0930326890993	0.029101099999934377	epochs	2.0
3800.0930326890993	0.014574899999843183	epochs	3.0
3800.107607589099	0.014526200000091194	epochs	3.0
3800.1221337890993	0.02890739999975267	epochs	2.0
3800.1221337890993	0.014477700000043114	epochs	3.0
3800.1366114890993	0.014429699999709555	epochs	3.0
3800.151041189099	0.028716199999962555	epochs	2.0
3800.151041189099	0.014381800000137446	epochs	3.0
3800.165422989099	0.01433439999982511	epochs	3.0
3800.179757389099	0.02852759999996124	epochs	2.0
3800.179757389099	0.014287200000126177	epochs	3.0
3800.194044589099	0.014240399999835063	epochs	3.0
3800.208284989099	0.028341400000044814	epochs	2.0
3800.208284989099	0.014193800000157353	epochs	3.0
3800.222478789099	0.014147599999887461	epochs	3.0
3800.236626389099	0.028157700000065233	epochs	2.0
3800.236626389099	0.014101700000082928	epochs	3.0
3800.250728089099	0.014055999999982305	epochs	3.0
3800.264784089099	0.02797629999986384	epochs	2.0
3800.264784089099	0.014010599999892293	epochs	3.0
3800.278794689099	0.013965699999971548	epochs	3.0
3800.292760389099	0.02779720000035013	epochs	2.0
3800.292760389099	0.013920800000050804	epochs	3.0
3800.306681189099	0.013876400000299327	epochs	3.0
3800.3205575890993	0.027620399999705114	epochs	2.0
3800.3205575890993	0.013832199999797012	epochs	3.0
3800.334389789099	0.013788199999908102	epochs	3.0
3800.348177989099	0.027445900000202528	epochs	2.0
3800.348177989099	0.013744600000336504	epochs	3.0
3800.3619225890993	0.013701299999866023	epochs	3.0
3800.375623889099	0.027273499999864725	epochs	2.0
3800.375623889099	0.013658200000008947	epochs	3.0
3800.389282089099	0.013615299999855779	epochs	3.0
3800.402897389099	0.027103400000214606	epochs	2.0
3800.402897389099	0.013572800000019924	epochs	3.0
3800.416470189099	0.013530600000194681	epochs	3.0
3800.4300007890993	0.02693520000002536	epochs	2.0
3800.4300007890993	0.01348839999991469	epochs	3.0
3800.443489189099	0.01344680000011067	epochs	3.0
3800.4569359890993	0.02676919999976235	epochs	2.0
3800.4569359890993	0.013405199999851902	epochs	3.0
3800.470341189099	0.013363999999910448	epochs	3.0
3800.483705189099	0.02660520000017641	epochs	2.0
3800.483705189099	0.013322900000275695	epochs	3.0
3800.4970280890993	0.013282299999900715	epochs	3.0
3800.5103103890992	0.0264431999999033	epochs	2.0
3800.5103103890992	0.013241699999980483	epochs	3.0
3800.523552089099	0.013201499999922817	epochs	3.0
3800.536753589099	0.026283199999852513	epochs	2.0
3800.536753589099	0.013161500000023807	epochs	3.0
3800.549915089099	0.013121699999828706	epochs	3.0
3800.563036789099	0.026125000000320142	epochs	2.0
3800.563036789099	0.01308210000024701	epochs	3.0
3800.5761188890992	0.013042900000073132	epochs	3.0
3800.5891617890993	0.025968899999952555	epochs	2.0
3800.5891617890993	0.013003899999603163	epochs	3.0
3800.602165689099	0.012965000000349391	epochs	3.0
3800.6151306890993	0.02581449999979668	epochs	2.0
3800.6151306890993	0.012926399999741989	epochs	3.0
3800.628057089099	0.012888100000054692	epochs	3.0
3800.640945189099	0.02566190000015922	epochs	2.0
3800.640945189099	0.01284990000021935	epochs	3.0
3800.6537950890993	0.012811999999939871	epochs	3.0
3800.666607089099	0.025511199999982637	epochs	2.0
3800.666607089099	0.012774400000125752	epochs	3.0
3800.6793814890993	0.012736799999856885	epochs	3.0
3800.692118289099	0.02536229999986972	epochs	2.0
3800.692118289099	0.012699699999757286	epochs	3.0
3800.704817989099	0.012662600000112434	epochs	3.0
3800.717480589099	0.02521500000011656	epochs	2.0
3800.717480589099	0.012625800000023446	epochs	3.0
3800.730106389099	0.012589200000093115	epochs	3.0
3800.742695589099	0.024584799999956886	epochs	2.0
3800.766821589099	0.5	epochs	-1.0
3800.767280389099	0.5042399999997542	epochs	1.0
3801.271520389099	0.49568000000044776	epochs	0.0
3802.21799993515	0.07528000000002066	epochs	0.0
3802.21799993515	0.032641400000102294	epochs	1.0
3802.2506413351502	0.009997199999816075	epochs	1.0
3802.26063853515	0.032641400000102294	epochs	1.0
3802.29327993515	2.0	epochs	0.0
3804.29327993515	21.52424000000019	epochs	0.0
3804.29327993515	1.0	epochs	1.0
3804.29330113515	0.5	epochs	-1.0
3804.79330113515	19.999519999999848	epochs	-1.0
3805.29327993515	20.0	epochs	1.0
3805.29327993515	4.356753900000058	epochs	-1.0
3805.29327993515	1.9745871999998599	epochs	2.0
3805.29327993515	1.098562199999833	epochs	3.0
3806.39184213515	0.8760250000000269	epochs	3.0
3807.26786713515	1.3524075000000266	epochs	2.0
3807.26786713515	0.7286355000001095	epochs	3.0
3807.99650263515	0.6237719999999172	epochs	3.0
3808.62027463515	1.0297592000001714	epochs	2.0
3808.62027463515	0.5453293000000485	epochs	3.0
3809.16560393515	0.48442990000012287	epochs	3.0
3809.65003383515	0.8317861999998968	epochs	2.0
3809.65003383515	0.4357762999998158	epochs	3.0
3810.08581013515	0.39600990000008096	epochs	3.0
3810.48182003515	0.6977969999998095	epochs	2.0
3810.48182003515	0.3628982000000178	epochs	3.0
3810.84471823515	0.33489879999979166	epochs	3.0
3811.17961703515	0.6010457000002134	epochs	2.0
3811.17961703515	0.31091230000038195	epochs	3.0
3811.4905293351503	0.29013339999983145	epochs	3.0
3811.78066273515	0.5278859000000011	epochs	2.0
3811.78066273515	0.2719585999998344	epochs	3.0
3812.05262133515	0.2559273000001667	epochs	3.0
3812.30854863515	0.4706193000001804	epochs	2.0
3812.30854863515	0.241681299999982	epochs	3.0
3812.55022993515	0.22893800000019837	epochs	3.0
3812.7791679351503	0.42457039999999324	epochs	2.0
3812.7791679351503	0.2174713999997948	epochs	3.0
3812.99663933515	0.20709900000019843	epochs	3.0
3813.2037383351503	0.3867353999999068	epochs	2.0
3813.2037383351503	0.1976710999997522	epochs	3.0
3813.40140943515	0.18906430000015462	epochs	3.0
3813.59047373515	0.35509529999990264	epochs	2.0
3813.59047373515	0.1811758999997437	epochs	3.0
3813.77164963515	0.17391940000015893	epochs	3.0
3813.94556903515	0.32824310000023615	epochs	2.0
3813.94556903515	0.167221900000186	epochs	3.0
3814.1127909351503	0.16102120000005016	epochs	3.0
3814.2738121351504	0.3051679999998669	epochs	2.0
3814.2738121351504	0.1552638999996816	epochs	3.0
3814.42907603515	0.14990410000018528	epochs	3.0
3814.5789801351502	0.28512529999989056	epochs	2.0
3814.5789801351502	0.14490209999985382	epochs	3.0
3814.72388223515	0.14022320000003674	epochs	3.0
3814.86410543515	0.2675537999998596	epochs	2.0
3814.86410543515	0.1358368999999584	epochs	3.0
3814.99994233515	0.13171689999990122	epochs	3.0
3815.13165923515	0.25202290000015637	epochs	2.0
3815.13165923515	0.12783930000023247	epochs	3.0
3815.25949853515	0.1241835999999239	epochs	3.0
3815.38368213515	0.23819649999995818	epochs	2.0
3815.38368213515	0.1207310999998299	epochs	3.0
3815.50441323515	0.11746540000012828	epochs	3.0
3815.62187863515	0.22580879999986792	epochs	2.0
3815.62187863515	0.11437190000015107	epochs	3.0
3815.7362505351502	0.11143689999971684	epochs	3.0
3815.84768743515	0.21464600000035716	epochs	2.0
3815.84768743515	0.1086489000003894	epochs	3.0
3815.9563363351504	0.10599709999996776	epochs	3.0
3816.0623334351503	0.2045349999998507	epochs	2.0
3816.0623334351503	0.10347149999961403	epochs	3.0
3816.16580493515	0.10106350000023667	epochs	3.0
3816.26686843515	0.19533400000000256	epochs	2.0
3816.26686843515	0.09876510000003691	epochs	3.0
3816.36563353515	0.09656889999996565	epochs	3.0
3816.46220243515	0.18692529999998442	epochs	2.0
3816.46220243515	0.09446829999978945	epochs	3.0
3816.55667073515	0.09245700000019497	epochs	3.0
3816.64912773515	0.1792107000001124	epochs	2.0
3816.64912773515	0.0905296000000817	epochs	3.0
3816.7396573351502	0.08868110000003071	epochs	3.0
3816.8283384351503	0.17210769999974218	epochs	2.0
3816.8283384351503	0.08690630000000965	epochs	3.0
3816.9152447351503	0.08520139999973253	epochs	3.0
3817.00044613515	0.16554640000003928	epochs	2.0
3817.00044613515	0.08356189999994967	epochs	3.0
3817.08400803515	0.08198450000008961	epochs	3.0
3817.16599253515	0.15946710000025632	epochs	2.0
3817.16599253515	0.08046539999986635	epochs	3.0
3817.24645793515	0.07900170000038997	epochs	3.0
3817.3254596351503	0.1538183999996363	epochs	2.0
3817.3254596351503	0.07759009999972477	epochs	3.0
3817.40304973515	0.07622829999991154	epochs	3.0
3817.47927803515	0.14855640000041603	epochs	2.0
3817.47927803515	0.07491330000038943	epochs	3.0
3817.5541913351503	0.0736431000000266	epochs	3.0
3817.6278344351504	0.1436423999998624	epochs	2.0
3817.6278344351504	0.07241499999963708	epochs	3.0
3817.70024943515	0.07122740000022532	epochs	3.0
3817.77147683515	0.13904309999998077	epochs	2.0
3817.77147683515	0.0700779999997394	epochs	3.0
3817.84155483515	0.06896510000024136	epochs	3.0
3817.91051993515	0.13472929999988992	epochs	2.0
3817.91051993515	0.0678871000000072	epochs	3.0
3817.97840703515	0.06684219999988272	epochs	3.0
3818.04524923515	0.1306752000000415	epochs	2.0
3818.04524923515	0.06582909999997355	epochs	3.0
3818.11107833515	0.06484610000006796	epochs	3.0
3818.17592443515	0.1268577999999252	epochs	2.0
3818.17592443515	0.06389200000012352	epochs	3.0
3818.2398164351503	0.06296579999980167	epochs	3.0
3818.30278223515	0.12325719999989815	epochs	2.0
3818.30278223515	0.06206580000025497	epochs	3.0
3818.3648480351503	0.06119139999964318	epochs	3.0
3818.42603943515	0.1198554000002332	epochs	2.0
3818.42603943515	0.060341100000187	epochs	3.0
3818.48638053515	0.059514300000046205	epochs	3.0
3818.54589483515	0.1166361999999026	epochs	2.0
3818.54589483515	0.058709599999929196	epochs	3.0
3818.60460443515	0.057926599999973405	epochs	3.0
3818.66253103515	0.11358560000007856	epochs	2.0
3818.66253103515	0.05716419999998834	epochs	3.0
3818.71969523515	0.056421400000090216	epochs	3.0
3818.77611663515	0.11069050000014613	epochs	2.0
3818.77611663515	0.05569789999981367	epochs	3.0
3818.83181453515	0.05499260000033246	epochs	3.0
3818.8868071351503	0.10793909999983953	epochs	2.0
3818.8868071351503	0.054304899999806366	epochs	3.0
3818.94111203515	0.05363420000003316	epochs	3.0
3818.99474623515	0.10532150000017282	epochs	2.0
3818.99474623515	0.05297999999993408	epochs	3.0
3819.04772623515	0.05234150000023874	epochs	3.0
3819.1000677351503	0.10282759999972768	epochs	2.0
3819.1000677351503	0.05171810000001642	epochs	3.0
3819.1517858351503	0.05110949999971126	epochs	3.0
3819.20289533515	0.10044909999987794	epochs	2.0
3819.20289533515	0.050514900000052876	epochs	3.0
3819.25341023515	0.04993419999982507	epochs	3.0
3819.30334443515	0.09817830000019967	epochs	2.0
3819.30334443515	0.0493666000002122	epochs	3.0
3819.35271103515	0.04881169999998747	epochs	3.0
3819.40152273515	0.09600779999982478	epochs	2.0
3819.40152273515	0.04826920000004975	epochs	3.0
3819.44979193515	0.04773859999977503	epochs	3.0
3819.49753053515	0.09393120000004274	epochs	2.0
3819.49753053515	0.047219500000210246	epochs	3.0
3819.54475003515	0.04671169999983249	epochs	3.0
3819.59146173515	0.09194260000003851	epochs	2.0
3819.59146173515	0.046214599999984785	epochs	3.0
3819.63767633515	0.045728000000053726	epochs	3.0
3819.68340433515	0.09003630000006524	epochs	2.0
3819.68340433515	0.04525150000017675	epochs	3.0
3819.72865583515	0.04478479999988849	epochs	3.0
3819.77344063515	0.08820760000025984	epochs	2.0
3819.77344063515	0.0443278000002465	epochs	3.0
3819.8177684351504	0.04387980000001335	epochs	3.0
3819.8616482351504	0.0864516999999978	epochs	2.0
3819.8616482351504	0.04344099999980244	epochs	3.0
3819.90508923515	0.04301070000019536	epochs	3.0
3819.9480999351504	0.08476429999973334	epochs	2.0
3819.9480999351504	0.0425889999996798	epochs	3.0
3819.99068893515	0.04217530000005354	epochs	3.0
3820.03286423515	0.08314150000023801	epochs	2.0
3820.03286423515	0.041769700000259036	epochs	3.0
3820.0746339351504	0.041371799999978975	epochs	3.0
3820.1160057351503	0.08157970000002024	epochs	2.0
3820.1160057351503	0.040981399999964196	epochs	3.0
3820.1569871351503	0.04059830000005604	epochs	3.0
3820.1975854351504	0.08007549999956609	epochs	2.0
3820.1975854351504	0.04022229999964111	epochs	3.0
3820.23780773515	0.03985319999992498	epochs	3.0
3820.27766093515	0.07862570000042979	epochs	2.0
3820.27766093515	0.03949080000029426	epochs	3.0
3820.31715173515	0.03913490000013553	epochs	3.0
3820.3562866351504	0.07722759999978734	epochs	2.0
3820.3562866351504	0.03878539999959685	epochs	3.0
3820.39507203515	0.038442200000190496	epochs	3.0
3820.43351423515	0.07587819999980638	epochs	2.0
3820.43351423515	0.03810479999992822	epochs	3.0
3820.47161903515	0.037773399999878166	epochs	3.0
3820.50939243515	0.07457520000025397	epochs	2.0
3820.50939243515	0.03744770000002973	epochs	3.0
3820.54684013515	0.037127500000224245	epochs	3.0
3820.58396763515	0.07331629999998768	epochs	2.0
3820.58396763515	0.03681289999985893	epochs	3.0
3820.62078053515	0.03650340000012875	epochs	3.0
3820.65728393515	0.07209899999998015	epochs	2.0
3820.65728393515	0.03619909999997617	epochs	3.0
3820.69348303515	0.03589990000000398	epochs	3.0
3820.72938293515	0.07092169999987163	epochs	2.0
3820.72938293515	0.03560560000005353	epochs	3.0
3820.76498853515	0.03531609999981811	epochs	3.0
3820.80030463515	0.06978200000003199	epochs	2.0
3820.80030463515	0.03503120000004856	epochs	3.0
3820.83533583515	0.03475079999998343	epochs	3.0
3820.87008663515	0.06867860000011206	epochs	2.0
3820.87008663515	0.034475100000236125	epochs	3.0
3820.9045617351503	0.03420349999987593	epochs	3.0
3820.93876523515	0.06760930000018561	epochs	2.0
3820.93876523515	0.033936199999970995	epochs	3.0
3820.97270143515	0.03367310000021462	epochs	3.0
3821.0063745351504	0.06657289999975546	epochs	2.0
3821.0063745351504	0.03341399999999339	epochs	3.0
3821.0397885351504	0.03315889999976207	epochs	3.0
3821.07294743515	0.06556779999982609	epochs	2.0
3821.07294743515	0.03290770000012344	epochs	3.0
3821.1058551351503	0.03266009999970265	epochs	3.0
3821.13851523515	0.0645926000001964	epochs	2.0
3821.13851523515	0.032416400000329304	epochs	3.0
3821.1709316351503	0.032176199999867094	epochs	3.0
3821.20310783515	0.06364600000006249	epochs	2.0
3821.20310783515	0.03193959999998697	epochs	3.0
3821.23504743515	0.03170640000007552	epochs	3.0
3821.26675383515	0.0627266999999847	epochs	2.0
3821.26675383515	0.03147660000013275	epochs	3.0
3821.2982304351503	0.031250099999851955	epochs	3.0
3821.32948053515	0.06183359999977256	epochs	2.0
3821.32948053515	0.031026900000142632	epochs	3.0
3821.3605074351503	0.030806699999629927	epochs	3.0
3821.39131413515	0.06096560000014506	epochs	2.0
3821.39131413515	0.03058980000014344	epochs	3.0
3821.42190393515	0.030375800000001618	epochs	3.0
3821.45227973515	0.06012160000000222	epochs	2.0
3821.45227973515	0.030164899999817862	epochs	3.0
3821.48244463515	0.029956700000184355	epochs	3.0
3821.51240133515	0.059300700000221696	epochs	2.0
3821.51240133515	0.029751600000054168	epochs	3.0
3821.54215293515	0.029549100000167527	epochs	3.0
3821.5717020351503	0.05850179999970351	epochs	2.0
3821.5717020351503	0.029349399999773595	epochs	3.0
3821.60105143515	0.029152399999929912	epochs	3.0
3821.63020383515	0.05772419999993872	epochs	2.0
3821.63020383515	0.028958000000329776	epochs	3.0
3821.6591618351504	0.028766199999608943	epochs	3.0
3821.68792803515	0.0569671000002927	epochs	2.0
3821.68792803515	0.028577000000041153	epochs	3.0
3821.71650503515	0.02839010000025155	epochs	3.0
3821.7448951351503	0.05622949999997218	epochs	2.0
3821.7448951351503	0.028205699999944045	epochs	3.0
3821.77310083515	0.028023800000028132	epochs	3.0
3821.8011246351502	0.05551070000001346	epochs	2.0
3821.8011246351502	0.02784399999973175	epochs	3.0
3821.82896863515	0.027666700000281708	epochs	3.0
3821.8566353351503	0.05481019999979253	epochs	2.0
3821.8566353351503	0.02749149999999645	epochs	3.0
3821.8841268351503	0.02731869999979608	epochs	3.0
3821.91144553515	0.054126999999880354	epochs	2.0
3821.91144553515	0.027147799999966082	epochs	3.0
3821.93859333515	0.026979199999914272	epochs	3.0
3821.96557253515	0.05346070000041436	epochs	2.0
3821.96557253515	0.026812600000084785	epochs	3.0
3821.99238513515	0.026648100000329578	epochs	3.0
3822.0190332351503	0.05281070000000909	epochs	2.0
3822.0190332351503	0.0264855999998872	epochs	3.0
3822.0455188351502	0.026325100000121893	epochs	3.0
3822.0718439351504	0.052176199999848905	epochs	2.0
3822.0718439351504	0.026166399999965506	epochs	3.0
3822.0980103351503	0.0260097999998834	epochs	3.0
3822.12402013515	0.05155669999976453	epochs	2.0
3822.12402013515	0.02585480000016105	epochs	3.0
3822.1498749351504	0.025701899999603484	epochs	3.0
3822.17557683515	0.05095190000020011	epochs	2.0
3822.17557683515	0.025550700000167126	epochs	3.0
3822.20112753515	0.025401200000032986	epochs	3.0
3822.22652873515	0.05036100000006627	epochs	2.0
3822.22652873515	0.025253499999962514	epochs	3.0
3822.25178223515	0.025107500000103755	epochs	3.0
3822.2768897351502	0.04978380000011384	epochs	2.0
3822.2768897351502	0.02496320000000196	epochs	3.0
3822.3018529351502	0.02482060000011188	epochs	3.0
3822.3266735351503	0.049219499999708205	epochs	2.0
3822.3266735351503	0.024679399999968155	epochs	3.0
3822.3513529351503	0.02454009999974005	epochs	3.0
3822.37589303515	0.04866790000005494	epochs	2.0
3822.37589303515	0.02440210000031584	epochs	3.0
3822.4002951351504	0.0242657999997391	epochs	3.0
3822.42456093515	0.048128599999927246	epochs	2.0
3822.42456093515	0.024131000000124914	epochs	3.0
3822.4486919351502	0.023997599999802333	epochs	3.0
3822.47268953515	0.047601100000065344	epochs	2.0
3822.47268953515	0.023865800000294257	epochs	3.0
3822.4965553351503	0.023735299999771087	epochs	3.0
3822.52029063515	0.04708500000015192	epochs	2.0
3822.52029063515	0.023606300000210467	epochs	3.0
3822.5438969351503	0.023478699999941455	epochs	3.0
3822.5673756351503	0.04657999999972162	epochs	2.0
3822.5673756351503	0.023352499999873544	epochs	3.0
3822.59072813515	0.023227499999848078	epochs	3.0
3822.61395563515	0.04608570000027612	epochs	2.0
3822.61395563515	0.023104000000330416	epochs	3.0
3822.6370596351503	0.022981699999945704	epochs	3.0
3822.6600413351503	0.045601799999985815	epochs	2.0
3822.6600413351503	0.02286069999991014	epochs	3.0
3822.68290203515	0.022741100000075676	epochs	3.0
3822.7056431351502	0.045127899999897636	epochs	2.0
3822.7056431351502	0.022622500000125	epochs	3.0
3822.7282656351504	0.022505399999772635	epochs	3.0
3822.75077103515	0.04466379999985293	epochs	2.0
3822.75077103515	0.022389300000213552	epochs	3.0
3822.7731603351504	0.022274499999639374	epochs	3.0
3822.79543483515	0.04420920000029582	epochs	2.0
3822.79543483515	0.02216080000016518	epochs	3.0
3822.81759563515	0.02204840000013064	epochs	3.0
3822.8396440351503	0.043763599999692815	epochs	2.0
3822.8396440351503	0.021936899999673187	epochs	3.0
3822.86158093515	0.021826700000019628	epochs	3.0
3822.88340763515	0.043327100000169594	epochs	2.0
3822.88340763515	0.02171760000010181	epochs	3.0
3822.90512523515	0.021609500000067783	epochs	3.0
3822.92673473515	0.04289900000003399	epochs	2.0
3822.92673473515	0.021502500000224245	epochs	3.0
3822.9482372351504	0.021396499999809748	epochs	3.0
3822.96963373515	0.04247949999989942	epochs	2.0
3822.96963373515	0.021291699999892444	epochs	3.0
3822.99092543515	0.021187800000006973	epochs	3.0
3823.01211323515	0.04206789999989269	epochs	2.0
3823.01211323515	0.02108490000000529	epochs	3.0
3823.03319813515	0.020982999999887397	epochs	3.0
3823.05418113515	0.041664400000172463	epochs	2.0
3823.05418113515	0.020882199999959994	epochs	3.0
3823.07506333515	0.02078220000021247	epochs	3.0
3823.09584553515	0.04126850000011473	epochs	2.0
3823.09584553515	0.02068330000020069	epochs	3.0
3823.1165288351503	0.02058519999991404	epochs	3.0
3823.1371140351503	0.04088000000001557	epochs	2.0
3823.1371140351503	0.020488099999965925	epochs	3.0
3823.1576021351502	0.020391900000049645	epochs	3.0
3823.1779940351503	0.04049880000002304	epochs	2.0
3823.1779940351503	0.020296599999710452	epochs	3.0
3823.19829063515	0.020202200000312587	epochs	3.0
3823.2184928351503	0.04012459999967177	epochs	2.0
3823.2184928351503	0.02010870000003706	epochs	3.0
3823.2386015351503	0.020015899999634712	epochs	3.0
3823.25861743515	0.03975730000001931	epochs	2.0
3823.25861743515	0.01992420000033235	epochs	3.0
3823.2785416351503	0.019833099999686965	epochs	3.0
3823.29837473515	0.03939669999999751	epochs	2.0
3823.29837473515	0.019743000000289612	epochs	3.0
3823.3181177351503	0.019653699999707896	epochs	3.0
3823.33777143515	0.03904240000019854	epochs	2.0
3823.33777143515	0.0195651000003636	epochs	3.0
3823.3573365351504	0.01947729999983494	epochs	3.0
3823.37681383515	0.03869459999987157	epochs	2.0
3823.37681383515	0.019390399999792862	epochs	3.0
3823.39620423515	0.01930420000007871	epochs	3.0
3823.41550843515	0.03835290000006353	epochs	2.0
3823.41550843515	0.019218800000089686	epochs	3.0
3823.43472723515	0.01913409999997384	epochs	3.0
3823.45386133515	0.03801720000001296	epochs	2.0
3823.45386133515	0.019050200000037876	epochs	3.0
3823.47291153515	0.018966999999975087	epochs	3.0
3823.49187853515	0.03768720000016401	epochs	2.0
3823.49187853515	0.018884499999785476	epochs	3.0
3823.51076303515	0.018802700000378536	epochs	3.0
3823.5295657351503	0.037363099999765836	epochs	2.0
3823.5295657351503	0.018721699999787234	epochs	3.0
3823.54828743515	0.018641399999978603	epochs	3.0
3823.56692883515	0.037044300000161456	epochs	2.0
3823.56692883515	0.018561599999884493	epochs	3.0
3823.58549043515	0.018482700000276964	epochs	3.0
3823.60397313515	0.036731000000145286	epochs	2.0
3823.60397313515	0.018404299999929208	epochs	3.0
3823.62237743515	0.01832670000021608	epochs	3.0
3823.6407041351504	0.036422899999706715	epochs	2.0
3823.6407041351504	0.018249599999762722	epochs	3.0
3823.65895373515	0.018173299999943993	epochs	3.0
3823.67712703515	0.03612010000006194	epochs	2.0
3823.67712703515	0.018097600000146485	epochs	3.0
3823.69522463515	0.018022499999915453	epochs	3.0
3823.71324713515	0.035822100000132195	epochs	2.0
3823.71324713515	0.01794789999985369	epochs	3.0
3823.73119503515	0.017874200000278506	epochs	3.0
3823.7490692351503	0.03552899999976944	epochs	2.0
3823.7490692351503	0.01780079999980444	epochs	3.0
3823.76687003515	0.017728199999965	epochs	3.0
3823.78459823515	0.03524070000003121	epochs	2.0
3823.78459823515	0.017656100000294828	epochs	3.0
3823.8022543351503	0.017584599999736383	epochs	3.0
3823.81983893515	0.03495710000015606	epochs	2.0
3823.81983893515	0.017513700000108656	epochs	3.0
3823.83735263515	0.017443400000047404	epochs	3.0
3823.8547960351502	0.03467790000013338	epochs	2.0
3823.8547960351502	0.017373599999700673	epochs	3.0
3823.87216963515	0.017304300000432704	epochs	3.0
3823.8894739351504	0.03440329999966707	epochs	2.0
3823.8894739351504	0.01723569999967367	epochs	3.0
3823.90670963515	0.0171675999999934	epochs	3.0
3823.92387723515	0.03413279999995211	epochs	2.0
3823.92387723515	0.017099900000175694	epochs	3.0
3823.94097713515	0.01703289999977642	epochs	3.0
3823.95801003515	0.03386670000008962	epochs	2.0
3823.95801003515	0.01696640000000116	epochs	3.0
3823.97497643515	0.016900300000088464	epochs	3.0
3823.99187673515	0.03360460000021703	epochs	2.0
3823.99187673515	0.016834800000196992	epochs	3.0
3824.0087115351503	0.01676980000002004	epochs	3.0
3824.0254813351503	0.03334659999973155	epochs	2.0
3824.0254813351503	0.016705300000012357	epochs	3.0
3824.0421866351503	0.016641299999719195	epochs	3.0
3824.05882793515	0.03309250000029351	epochs	2.0
3824.05882793515	0.016577800000050047	epochs	3.0
3824.07540573515	0.016514700000243465	epochs	3.0
3824.0919204351503	0.032842299999629176	epochs	2.0
3824.0919204351503	0.01645220000000336	epochs	3.0
3824.1083726351503	0.016390099999625818	epochs	3.0
3824.12476273515	0.03259570000000167	epochs	2.0
3824.12476273515	0.016328400000020338	epochs	3.0
3824.14109113515	0.016267299999981333	epochs	3.0
3824.15735843515	0.03235290000020541	epochs	2.0
3824.15735843515	0.01620660000025964	epochs	3.0
3824.17356503515	0.016146299999945768	epochs	3.0
3824.18971133515	0.032113700000081735	epochs	2.0
3824.18971133515	0.016086600000107865	epochs	3.0
3824.2057979351503	0.01602709999997387	epochs	3.0
3824.2218250351502	0.031877999999778694	epochs	2.0
3824.2218250351502	0.0159681999998611	epochs	3.0
3824.23779323515	0.015909799999917595	epochs	3.0
3824.25370303515	0.03164570000035383	epochs	2.0
3824.25370303515	0.01585160000013275	epochs	3.0
3824.26955463515	0.01579410000022108	epochs	3.0
3824.2853487351504	0.03141669999968144	epochs	2.0
3824.2853487351504	0.015736699999706616	epochs	3.0
3824.30108543515	0.015679999999974825	epochs	3.0
3824.31676543515	0.03119109999988723	epochs	2.0
3824.31676543515	0.015623600000253646	epochs	3.0
3824.3323890351503	0.015567499999633583	epochs	3.0
3824.34795653515	0.030968700000357785	epochs	2.0
3824.34795653515	0.015512000000398984	epochs	3.0
3824.3634685351503	0.0154566999999588	epochs	3.0
3824.3789252351503	0.03074949999972887	epochs	2.0
3824.3789252351503	0.015401999999994587	epochs	3.0
3824.3943272351503	0.015347499999734282	epochs	3.0
3824.40967473515	0.030533200000263605	epochs	2.0
3824.40967473515	0.015293400000246038	epochs	3.0
3824.4249681351503	0.015239800000017567	epochs	3.0
3824.4402079351503	0.03032009999969887	epochs	2.0
3824.4402079351503	0.015186499999799707	epochs	3.0
3824.45539443515	0.015133599999899161	epochs	3.0
3824.47052803515	0.030109900000297785	epochs	2.0
3824.47052803515	0.015081000000009226	epochs	3.0
3824.48560903515	0.015028900000288559	epochs	3.0
3824.5006379351503	0.029902499999934662	epochs	2.0
3824.5006379351503	0.014976999999817053	epochs	3.0
3824.51561493515	0.014925500000117609	epochs	3.0
3824.53054043515	0.0296981000001324	epochs	2.0
3824.53054043515	0.014874399999825982	epochs	3.0
3824.54541483515	0.014823700000306417	epochs	3.0
3824.5602385351503	0.02949629999966419	epochs	2.0
3824.5602385351503	0.014773199999581266	epochs	3.0
3824.57501173515	0.014723100000082923	epochs	3.0
3824.58973483515	0.02929740000035963	epochs	2.0
3824.58973483515	0.014673399999992398	epochs	3.0
3824.60440823515	0.014624000000367232	epochs	3.0
3824.6190322351504	0.029101099999934377	epochs	2.0
3824.6190322351504	0.014574899999843183	epochs	3.0
3824.63360713515	0.014526200000091194	epochs	3.0
3824.6481333351503	0.02890739999975267	epochs	2.0
3824.6481333351503	0.014477700000043114	epochs	3.0
3824.6626110351503	0.014429699999709555	epochs	3.0
3824.67704073515	0.028716199999962555	epochs	2.0
3824.67704073515	0.014381800000137446	epochs	3.0
3824.69142253515	0.01433439999982511	epochs	3.0
3824.70575693515	0.02852759999996124	epochs	2.0
3824.70575693515	0.014287200000126177	epochs	3.0
3824.72004413515	0.014240399999835063	epochs	3.0
3824.73428453515	0.028341400000044814	epochs	2.0
3824.73428453515	0.014193800000157353	epochs	3.0
3824.74847833515	0.014147599999887461	epochs	3.0
3824.76262593515	0.028157700000065233	epochs	2.0
3824.76262593515	0.014101700000082928	epochs	3.0
3824.77672763515	0.014055999999982305	epochs	3.0
3824.79078363515	0.02797629999986384	epochs	2.0
3824.79078363515	0.014010599999892293	epochs	3.0
3824.80479423515	0.013965699999971548	epochs	3.0
3824.81875993515	0.02779720000035013	epochs	2.0
3824.81875993515	0.013920800000050804	epochs	3.0
3824.83268073515	0.013876400000299327	epochs	3.0
3824.8465571351503	0.027620399999705114	epochs	2.0
3824.8465571351503	0.013832199999797012	epochs	3.0
3824.86038933515	0.013788199999908102	epochs	3.0
3824.87417753515	0.027445900000202528	epochs	2.0
3824.87417753515	0.013744600000336504	epochs	3.0
3824.8879221351503	0.013701299999866023	epochs	3.0
3824.90162343515	0.027273499999864725	epochs	2.0
3824.90162343515	0.013658200000008947	epochs	3.0
3824.91528163515	0.013615299999855779	epochs	3.0
3824.92889693515	0.027103400000214606	epochs	2.0
3824.92889693515	0.013572800000019924	epochs	3.0
3824.94246973515	0.013530600000194681	epochs	3.0
3824.9560003351503	0.02693520000002536	epochs	2.0
3824.9560003351503	0.01348839999991469	epochs	3.0
3824.96948873515	0.01344680000011067	epochs	3.0
3824.9829355351503	0.02676919999976235	epochs	2.0
3824.9829355351503	0.013405199999851902	epochs	3.0
3824.99634073515	0.013363999999910448	epochs	3.0
3825.00970473515	0.02660520000017641	epochs	2.0
3825.00970473515	0.013322900000275695	epochs	3.0
3825.0230276351504	0.013282299999900715	epochs	3.0
3825.0363099351503	0.0264431999999033	epochs	2.0
3825.0363099351503	0.013241699999980483	epochs	3.0
3825.0495516351502	0.013201499999922817	epochs	3.0
3825.06275313515	0.026283199999852513	epochs	2.0
3825.06275313515	0.013161500000023807	epochs	3.0
3825.07591463515	0.013121699999828706	epochs	3.0
3825.08903633515	0.026125000000320142	epochs	2.0
3825.08903633515	0.01308210000024701	epochs	3.0
3825.1021184351503	0.013042900000073132	epochs	3.0
3825.1151613351503	0.025968899999952555	epochs	2.0
3825.1151613351503	0.013003899999603163	epochs	3.0
3825.12816523515	0.012965000000349391	epochs	3.0
3825.1411302351503	0.02581449999979668	epochs	2.0
3825.1411302351503	0.012926399999741989	epochs	3.0
3825.15405663515	0.012888100000054692	epochs	3.0
3825.16694473515	0.02566190000015922	epochs	2.0
3825.16694473515	0.01284990000021935	epochs	3.0
3825.1797946351503	0.012811999999939871	epochs	3.0
3825.1926066351502	0.025511199999982637	epochs	2.0
3825.1926066351502	0.012774400000125752	epochs	3.0
3825.2053810351504	0.012736799999856885	epochs	3.0
3825.21811783515	0.02536229999986972	epochs	2.0
3825.21811783515	0.012699699999757286	epochs	3.0
3825.23081753515	0.012662600000112434	epochs	3.0
3825.24348013515	0.02521500000011656	epochs	2.0
3825.24348013515	0.012625800000023446	epochs	3.0
3825.25610593515	0.012589200000093115	epochs	3.0
3825.26869513515	0.024584799999956886	epochs	2.0
3825.29282113515	0.5	epochs	-1.0
3825.29327993515	0.5242400000001908	epochs	1.0
3825.8175199351504	0.4756800000000112	epochs	0.0
3826.804000377655	0.07528000000002066	epochs	0.0
3826.804000377655	0.032641400000102294	epochs	1.0
3826.836641777655	0.009997199999816075	epochs	1.0
3826.846638977655	0.032641400000102294	epochs	1.0
3826.879280377655	2.0	epochs	0.0
3828.879280377655	5.3641600000000835	epochs	0.0
3828.879280377655	1.0	epochs	1.0
3828.879301577655	0.5	epochs	-1.0
3829.379301577655	4.864138800000092	epochs	-1.0
3829.879280377655	4.3641600000000835	epochs	1.0
3829.879280377655	4.356753900000058	epochs	-1.0
3829.879280377655	1.9745871999998599	epochs	2.0
3829.879280377655	1.098562199999833	epochs	3.0
3830.977842577655	0.8760250000000269	epochs	3.0
3831.853867577655	1.3524075000000266	epochs	2.0
3831.853867577655	0.7286355000001095	epochs	3.0
3832.582503077655	0.6237719999999172	epochs	3.0
3833.206275077655	1.0297592000001714	epochs	2.0
3833.206275077655	0.5453293000000485	epochs	3.0
3833.751604377655	0.48442990000012287	epochs	3.0
3834.236034277655	0.007406100000025617	epochs	2.0
3834.236034277655	0.007406100000025617	epochs	3.0
3834.243440377655	16.63576000000012	epochs	0.0
3835.2650003433228	0.07528000000002066	epochs	0.0
3835.2650003433228	0.032641400000102294	epochs	1.0
3835.297641743323	0.009997199999816075	epochs	1.0
3835.3076389433227	0.032641400000102294	epochs	1.0
3835.340280343323	2.0	epochs	0.0
3837.340280343323	5.3641600000000835	epochs	0.0
3837.340280343323	1.0	epochs	1.0
3837.3403015433228	0.5	epochs	-1.0
3837.8403015433228	4.864138800000092	epochs	-1.0
3838.340280343323	4.3641600000000835	epochs	1.0
3838.340280343323	4.356753900000058	epochs	-1.0
3838.340280343323	1.9745871999998599	epochs	2.0
3838.340280343323	1.098562199999833	epochs	3.0
3839.4388425433226	0.8760250000000269	epochs	3.0
3840.3148675433226	1.3524075000000266	epochs	2.0
3840.3148675433226	0.7286355000001095	epochs	3.0
3841.0435030433227	0.6237719999999172	epochs	3.0
3841.6672750433227	1.0297592000001714	epochs	2.0
3841.6672750433227	0.5453293000000485	epochs	3.0
3842.2126043433227	0.48442990000012287	epochs	3.0
3842.697034243323	0.007406100000025617	epochs	2.0
3842.697034243323	0.007406100000025617	epochs	3.0
3842.704440343323	16.63576000000012	epochs	0.0
3843.7430000305176	0.07528000000002066	epochs	0.0
3843.7430000305176	0.032641400000102294	epochs	1.0
3843.7756414305177	0.009997199999816075	epochs	1.0
3843.7856386305175	0.032641400000102294	epochs	1.0
3843.8182800305176	2.0	epochs	0.0
3845.8182800305176	5.364959999999883	epochs	0.0
3845.8182800305176	1.0	epochs	1.0
3845.8183012305176	0.5	epochs	-1.0
3846.3183012305176	4.864938799999891	epochs	-1.0
3846.8182800305176	4.364959999999883	epochs	1.0
3846.8182800305176	4.356753900000058	epochs	-1.0
3846.8182800305176	1.9745871999998599	epochs	2.0
3846.8182800305176	1.098562199999833	epochs	3.0
3847.9168422305174	0.8760250000000269	epochs	3.0
3848.7928672305175	1.3524075000000266	epochs	2.0
3848.7928672305175	0.7286355000001095	epochs	3.0
3849.5215027305176	0.6237719999999172	epochs	3.0
3850.1452747305175	1.0297592000001714	epochs	2.0
3850.1452747305175	0.5453293000000485	epochs	3.0
3850.6906040305175	0.48442990000012287	epochs	3.0
3851.1750339305177	0.0082060999998248	epochs	2.0
3851.1750339305177	0.0082060999998248	epochs	3.0
3851.1832400305175	16.63496000000032	epochs	0.0
3852.1590003967285	0.07528000000002066	epochs	0.0
3852.1590003967285	0.032641400000102294	epochs	1.0
3852.1916417967286	0.009997199999816075	epochs	1.0
3852.2016389967284	0.032641400000102294	epochs	1.0
3852.2342803967285	2.0	epochs	0.0
3854.2342803967285	21.54439999999977	epochs	0.0
3854.2342803967285	1.0	epochs	1.0
3854.2343015967285	0.5	epochs	-1.0
3854.7343015967285	19.99944000000005	epochs	-1.0
3855.2342803967285	20.0	epochs	1.0
3855.2342803967285	4.356753900000058	epochs	-1.0
3855.2342803967285	1.9745871999998599	epochs	2.0
3855.2342803967285	1.098562199999833	epochs	3.0
3856.3328425967284	0.8760250000000269	epochs	3.0
3857.2088675967284	1.3524075000000266	epochs	2.0
3857.2088675967284	0.7286355000001095	epochs	3.0
3857.9375030967285	0.6237719999999172	epochs	3.0
3858.5612750967284	1.0297592000001714	epochs	2.0
3858.5612750967284	0.5453293000000485	epochs	3.0
3859.1066043967285	0.48442990000012287	epochs	3.0
3859.5910342967286	0.8317861999998968	epochs	2.0
3859.5910342967286	0.4357762999998158	epochs	3.0
3860.0268105967284	0.39600990000008096	epochs	3.0
3860.4228204967285	0.6977969999998095	epochs	2.0
3860.4228204967285	0.3628982000000178	epochs	3.0
3860.7857186967285	0.33489879999979166	epochs	3.0
3861.1206174967283	0.6010457000002134	epochs	2.0
3861.1206174967283	0.31091230000038195	epochs	3.0
3861.4315297967287	0.29013339999983145	epochs	3.0
3861.7216631967285	0.5278859000000011	epochs	2.0
3861.7216631967285	0.2719585999998344	epochs	3.0
3861.9936217967283	0.2559273000001667	epochs	3.0
3862.2495490967285	0.4706193000001804	epochs	2.0
3862.2495490967285	0.241681299999982	epochs	3.0
3862.4912303967285	0.22893800000019837	epochs	3.0
3862.7201683967287	0.42457039999999324	epochs	2.0
3862.7201683967287	0.2174713999997948	epochs	3.0
3862.9376397967285	0.20709900000019843	epochs	3.0
3863.1447387967287	0.3867353999999068	epochs	2.0
3863.1447387967287	0.1976710999997522	epochs	3.0
3863.3424098967284	0.18906430000015462	epochs	3.0
3863.5314741967286	0.35509529999990264	epochs	2.0
3863.5314741967286	0.1811758999997437	epochs	3.0
3863.7126500967283	0.17391940000015893	epochs	3.0
3863.8865694967285	0.32824310000023615	epochs	2.0
3863.8865694967285	0.167221900000186	epochs	3.0
3864.0537913967287	0.16102120000005016	epochs	3.0
3864.2148125967287	0.3051679999998669	epochs	2.0
3864.2148125967287	0.1552638999996816	epochs	3.0
3864.3700764967284	0.14990410000018528	epochs	3.0
3864.5199805967286	0.28512529999989056	epochs	2.0
3864.5199805967286	0.14490209999985382	epochs	3.0
3864.6648826967285	0.14022320000003674	epochs	3.0
3864.8051058967285	0.2675537999998596	epochs	2.0
3864.8051058967285	0.1358368999999584	epochs	3.0
3864.9409427967285	0.13171689999990122	epochs	3.0
3865.0726596967284	0.25202290000015637	epochs	2.0
3865.0726596967284	0.12783930000023247	epochs	3.0
3865.2004989967286	0.1241835999999239	epochs	3.0
3865.3246825967285	0.23819649999995818	epochs	2.0
3865.3246825967285	0.1207310999998299	epochs	3.0
3865.4454136967283	0.11746540000012828	epochs	3.0
3865.5628790967285	0.22580879999986792	epochs	2.0
3865.5628790967285	0.11437190000015107	epochs	3.0
3865.6772509967286	0.11143689999971684	epochs	3.0
3865.7886878967283	0.21464600000035716	epochs	2.0
3865.7886878967283	0.1086489000003894	epochs	3.0
3865.8973367967287	0.10599709999996776	epochs	3.0
3866.0033338967287	0.2045349999998507	epochs	2.0
3866.0033338967287	0.10347149999961403	epochs	3.0
3866.1068053967283	0.10106350000023667	epochs	3.0
3866.2078688967285	0.19533400000000256	epochs	2.0
3866.2078688967285	0.09876510000003691	epochs	3.0
3866.3066339967286	0.09656889999996565	epochs	3.0
3866.4032028967285	0.18692529999998442	epochs	2.0
3866.4032028967285	0.09446829999978945	epochs	3.0
3866.4976711967283	0.09245700000019497	epochs	3.0
3866.5901281967285	0.1792107000001124	epochs	2.0
3866.5901281967285	0.0905296000000817	epochs	3.0
3866.6806577967286	0.08868110000003071	epochs	3.0
3866.7693388967286	0.17210769999974218	epochs	2.0
3866.7693388967286	0.08690630000000965	epochs	3.0
3866.8562451967287	0.08520139999973253	epochs	3.0
3866.9414465967284	0.16554640000003928	epochs	2.0
3866.9414465967284	0.08356189999994967	epochs	3.0
3867.0250084967283	0.08198450000008961	epochs	3.0
3867.1069929967284	0.15946710000025632	epochs	2.0
3867.1069929967284	0.08046539999986635	epochs	3.0
3867.1874583967283	0.07900170000038997	epochs	3.0
3867.2664600967287	0.1538183999996363	epochs	2.0
3867.2664600967287	0.07759009999972477	epochs	3.0
3867.3440501967284	0.07622829999991154	epochs	3.0
3867.4202784967283	0.14855640000041603	epochs	2.0
3867.4202784967283	0.07491330000038943	epochs	3.0
3867.4951917967287	0.0736431000000266	epochs	3.0
3867.5688348967287	0.1436423999998624	epochs	2.0
3867.5688348967287	0.07241499999963708	epochs	3.0
3867.6412498967284	0.07122740000022532	epochs	3.0
3867.7124772967286	0.13904309999998077	epochs	2.0
3867.7124772967286	0.0700779999997394	epochs	3.0
3867.7825552967283	0.06896510000024136	epochs	3.0
3867.8515203967286	0.13472929999988992	epochs	2.0
3867.8515203967286	0.0678871000000072	epochs	3.0
3867.9194074967286	0.06684219999988272	epochs	3.0
3867.9862496967285	0.1306752000000415	epochs	2.0
3867.9862496967285	0.06582909999997355	epochs	3.0
3868.0520787967284	0.06484610000006796	epochs	3.0
3868.1169248967285	0.1268577999999252	epochs	2.0
3868.1169248967285	0.06389200000012352	epochs	3.0
3868.1808168967286	0.06296579999980167	epochs	3.0
3868.2437826967284	0.12325719999989815	epochs	2.0
3868.2437826967284	0.06206580000025497	epochs	3.0
3868.3058484967287	0.06119139999964318	epochs	3.0
3868.3670398967283	0.1198554000002332	epochs	2.0
3868.3670398967283	0.060341100000187	epochs	3.0
3868.4273809967285	0.059514300000046205	epochs	3.0
3868.4868952967286	0.1166361999999026	epochs	2.0
3868.4868952967286	0.058709599999929196	epochs	3.0
3868.5456048967285	0.057926599999973405	epochs	3.0
3868.6035314967285	0.11358560000007856	epochs	2.0
3868.6035314967285	0.05716419999998834	epochs	3.0
3868.6606956967285	0.056421400000090216	epochs	3.0
3868.7171170967285	0.11069050000014613	epochs	2.0
3868.7171170967285	0.05569789999981367	epochs	3.0
3868.7728149967284	0.05499260000033246	epochs	3.0
3868.8278075967287	0.10793909999983953	epochs	2.0
3868.8278075967287	0.054304899999806366	epochs	3.0
3868.8821124967285	0.05363420000003316	epochs	3.0
3868.9357466967285	0.10532150000017282	epochs	2.0
3868.9357466967285	0.05297999999993408	epochs	3.0
3868.9887266967285	0.05234150000023874	epochs	3.0
3869.0410681967287	0.10282759999972768	epochs	2.0
3869.0410681967287	0.05171810000001642	epochs	3.0
3869.0927862967287	0.05110949999971126	epochs	3.0
3869.1438957967284	0.10044909999987794	epochs	2.0
3869.1438957967284	0.050514900000052876	epochs	3.0
3869.1944106967285	0.04993419999982507	epochs	3.0
3869.2443448967283	0.09817830000019967	epochs	2.0
3869.2443448967283	0.0493666000002122	epochs	3.0
3869.2937114967285	0.04881169999998747	epochs	3.0
3869.3425231967285	0.09600779999982478	epochs	2.0
3869.3425231967285	0.04826920000004975	epochs	3.0
3869.3907923967286	0.04773859999977503	epochs	3.0
3869.4385309967283	0.09393120000004274	epochs	2.0
3869.4385309967283	0.047219500000210246	epochs	3.0
3869.4857504967285	0.04671169999983249	epochs	3.0
3869.5324621967284	0.09194260000003851	epochs	2.0
3869.5324621967284	0.046214599999984785	epochs	3.0
3869.5786767967284	0.045728000000053726	epochs	3.0
3869.6244047967284	0.09003630000006524	epochs	2.0
3869.6244047967284	0.04525150000017675	epochs	3.0
3869.6696562967286	0.04478479999988849	epochs	3.0
3869.7144410967285	0.08820760000025984	epochs	2.0
3869.7144410967285	0.0443278000002465	epochs	3.0
3869.7587688967287	0.04387980000001335	epochs	3.0
3869.8026486967287	0.0864516999999978	epochs	2.0
3869.8026486967287	0.04344099999980244	epochs	3.0
3869.8460896967285	0.04301070000019536	epochs	3.0
3869.8891003967287	0.08476429999973334	epochs	2.0
3869.8891003967287	0.0425889999996798	epochs	3.0
3869.9316893967284	0.04217530000005354	epochs	3.0
3869.9738646967285	0.08314150000023801	epochs	2.0
3869.9738646967285	0.041769700000259036	epochs	3.0
3870.0156343967287	0.041371799999978975	epochs	3.0
3870.0570061967287	0.08157970000002024	epochs	2.0
3870.0570061967287	0.040981399999964196	epochs	3.0
3870.0979875967287	0.04059830000005604	epochs	3.0
3870.1385858967287	0.08007549999956609	epochs	2.0
3870.1385858967287	0.04022229999964111	epochs	3.0
3870.1788081967284	0.03985319999992498	epochs	3.0
3870.2186613967283	0.07862570000042979	epochs	2.0
3870.2186613967283	0.03949080000029426	epochs	3.0
3870.2581521967286	0.03913490000013553	epochs	3.0
3870.2972870967287	0.07722759999978734	epochs	2.0
3870.2972870967287	0.03878539999959685	epochs	3.0
3870.3360724967283	0.038442200000190496	epochs	3.0
3870.3745146967285	0.07587819999980638	epochs	2.0
3870.3745146967285	0.03810479999992822	epochs	3.0
3870.4126194967284	0.037773399999878166	epochs	3.0
3870.4503928967283	0.07457520000025397	epochs	2.0
3870.4503928967283	0.03744770000002973	epochs	3.0
3870.4878405967283	0.037127500000224245	epochs	3.0
3870.5249680967286	0.07331629999998768	epochs	2.0
3870.5249680967286	0.03681289999985893	epochs	3.0
3870.5617809967284	0.03650340000012875	epochs	3.0
3870.5982843967286	0.07209899999998015	epochs	2.0
3870.5982843967286	0.03619909999997617	epochs	3.0
3870.6344834967285	0.03589990000000398	epochs	3.0
3870.6703833967285	0.07092169999987163	epochs	2.0
3870.6703833967285	0.03560560000005353	epochs	3.0
3870.7059889967286	0.03531609999981811	epochs	3.0
3870.7413050967284	0.06978200000003199	epochs	2.0
3870.7413050967284	0.03503120000004856	epochs	3.0
3870.7763362967285	0.03475079999998343	epochs	3.0
3870.8110870967284	0.06867860000011206	epochs	2.0
3870.8110870967284	0.034475100000236125	epochs	3.0
3870.8455621967287	0.03420349999987593	epochs	3.0
3870.8797656967286	0.06760930000018561	epochs	2.0
3870.8797656967286	0.033936199999970995	epochs	3.0
3870.9137018967285	0.03367310000021462	epochs	3.0
3870.9473749967287	0.06657289999975546	epochs	2.0
3870.9473749967287	0.03341399999999339	epochs	3.0
3870.9807889967287	0.03315889999976207	epochs	3.0
3871.0139478967285	0.06556779999982609	epochs	2.0
3871.0139478967285	0.03290770000012344	epochs	3.0
3871.0468555967286	0.03266009999970265	epochs	3.0
3871.0795156967283	0.0645926000001964	epochs	2.0
3871.0795156967283	0.032416400000329304	epochs	3.0
3871.1119320967287	0.032176199999867094	epochs	3.0
3871.1441082967285	0.06364600000006249	epochs	2.0
3871.1441082967285	0.03193959999998697	epochs	3.0
3871.1760478967285	0.03170640000007552	epochs	3.0
3871.2077542967286	0.0627266999999847	epochs	2.0
3871.2077542967286	0.03147660000013275	epochs	3.0
3871.2392308967287	0.031250099999851955	epochs	3.0
3871.2704809967286	0.06183359999977256	epochs	2.0
3871.2704809967286	0.031026900000142632	epochs	3.0
3871.3015078967287	0.030806699999629927	epochs	3.0
3871.3323145967283	0.06096560000014506	epochs	2.0
3871.3323145967283	0.03058980000014344	epochs	3.0
3871.3629043967285	0.030375800000001618	epochs	3.0
3871.3932801967285	0.06012160000000222	epochs	2.0
3871.3932801967285	0.030164899999817862	epochs	3.0
3871.4234450967283	0.029956700000184355	epochs	3.0
3871.4534017967285	0.059300700000221696	epochs	2.0
3871.4534017967285	0.029751600000054168	epochs	3.0
3871.4831533967285	0.029549100000167527	epochs	3.0
3871.5127024967287	0.05850179999970351	epochs	2.0
3871.5127024967287	0.029349399999773595	epochs	3.0
3871.5420518967285	0.029152399999929912	epochs	3.0
3871.5712042967284	0.05772419999993872	epochs	2.0
3871.5712042967284	0.028958000000329776	epochs	3.0
3871.6001622967287	0.028766199999608943	epochs	3.0
3871.6289284967283	0.0569671000002927	epochs	2.0
3871.6289284967283	0.028577000000041153	epochs	3.0
3871.6575054967284	0.02839010000025155	epochs	3.0
3871.6858955967286	0.05622949999997218	epochs	2.0
3871.6858955967286	0.028205699999944045	epochs	3.0
3871.7141012967286	0.028023800000028132	epochs	3.0
3871.7421250967286	0.05551070000001346	epochs	2.0
3871.7421250967286	0.02784399999973175	epochs	3.0
3871.7699690967283	0.027666700000281708	epochs	3.0
3871.7976357967286	0.05481019999979253	epochs	2.0
3871.7976357967286	0.02749149999999645	epochs	3.0
3871.8251272967286	0.02731869999979608	epochs	3.0
3871.8524459967284	0.054126999999880354	epochs	2.0
3871.8524459967284	0.027147799999966082	epochs	3.0
3871.8795937967284	0.026979199999914272	epochs	3.0
3871.9065729967283	0.05346070000041436	epochs	2.0
3871.9065729967283	0.026812600000084785	epochs	3.0
3871.9333855967284	0.026648100000329578	epochs	3.0
3871.9600336967287	0.05281070000000909	epochs	2.0
3871.9600336967287	0.0264855999998872	epochs	3.0
3871.9865192967286	0.026325100000121893	epochs	3.0
3872.0128443967287	0.052176199999848905	epochs	2.0
3872.0128443967287	0.026166399999965506	epochs	3.0
3872.0390107967287	0.0260097999998834	epochs	3.0
3872.0650205967286	0.05155669999976453	epochs	2.0
3872.0650205967286	0.02585480000016105	epochs	3.0
3872.0908753967287	0.025701899999603484	epochs	3.0
3872.1165772967283	0.05095190000020011	epochs	2.0
3872.1165772967283	0.025550700000167126	epochs	3.0
3872.1421279967285	0.025401200000032986	epochs	3.0
3872.1675291967285	0.05036100000006627	epochs	2.0
3872.1675291967285	0.025253499999962514	epochs	3.0
3872.1927826967285	0.025107500000103755	epochs	3.0
3872.2178901967286	0.04978380000011384	epochs	2.0
3872.2178901967286	0.02496320000000196	epochs	3.0
3872.2428533967286	0.02482060000011188	epochs	3.0
3872.2676739967287	0.049219499999708205	epochs	2.0
3872.2676739967287	0.024679399999968155	epochs	3.0
3872.2923533967287	0.02454009999974005	epochs	3.0
3872.3168934967284	0.04866790000005494	epochs	2.0
3872.3168934967284	0.02440210000031584	epochs	3.0
3872.3412955967287	0.0242657999997391	epochs	3.0
3872.3655613967285	0.048128599999927246	epochs	2.0
3872.3655613967285	0.024131000000124914	epochs	3.0
3872.3896923967286	0.023997599999802333	epochs	3.0
3872.4136899967284	0.047601100000065344	epochs	2.0
3872.4136899967284	0.023865800000294257	epochs	3.0
3872.4375557967287	0.023735299999771087	epochs	3.0
3872.4612910967285	0.04708500000015192	epochs	2.0
3872.4612910967285	0.023606300000210467	epochs	3.0
3872.4848973967287	0.023478699999941455	epochs	3.0
3872.5083760967286	0.04657999999972162	epochs	2.0
3872.5083760967286	0.023352499999873544	epochs	3.0
3872.5317285967285	0.023227499999848078	epochs	3.0
3872.5549560967283	0.04608570000027612	epochs	2.0
3872.5549560967283	0.023104000000330416	epochs	3.0
3872.5780600967287	0.022981699999945704	epochs	3.0
3872.6010417967286	0.045601799999985815	epochs	2.0
3872.6010417967286	0.02286069999991014	epochs	3.0
3872.6239024967285	0.022741100000075676	epochs	3.0
3872.6466435967286	0.045127899999897636	epochs	2.0
3872.6466435967286	0.022622500000125	epochs	3.0
3872.6692660967287	0.022505399999772635	epochs	3.0
3872.6917714967285	0.04466379999985293	epochs	2.0
3872.6917714967285	0.022389300000213552	epochs	3.0
3872.7141607967287	0.022274499999639374	epochs	3.0
3872.7364352967284	0.04420920000029582	epochs	2.0
3872.7364352967284	0.02216080000016518	epochs	3.0
3872.7585960967285	0.02204840000013064	epochs	3.0
3872.7806444967287	0.043763599999692815	epochs	2.0
3872.7806444967287	0.021936899999673187	epochs	3.0
3872.8025813967283	0.021826700000019628	epochs	3.0
3872.8244080967283	0.043327100000169594	epochs	2.0
3872.8244080967283	0.02171760000010181	epochs	3.0
3872.8461256967284	0.021609500000067783	epochs	3.0
3872.8677351967285	0.04289900000003399	epochs	2.0
3872.8677351967285	0.021502500000224245	epochs	3.0
3872.8892376967287	0.021396499999809748	epochs	3.0
3872.9106341967286	0.04247949999989942	epochs	2.0
3872.9106341967286	0.021291699999892444	epochs	3.0
3872.9319258967284	0.021187800000006973	epochs	3.0
3872.9531136967285	0.04206789999989269	epochs	2.0
3872.9531136967285	0.02108490000000529	epochs	3.0
3872.9741985967285	0.020982999999887397	epochs	3.0
3872.9951815967283	0.041664400000172463	epochs	2.0
3872.9951815967283	0.020882199999959994	epochs	3.0
3873.0160637967283	0.02078220000021247	epochs	3.0
3873.0368459967285	0.04126850000011473	epochs	2.0
3873.0368459967285	0.02068330000020069	epochs	3.0
3873.0575292967287	0.02058519999991404	epochs	3.0
3873.0781144967286	0.04088000000001557	epochs	2.0
3873.0781144967286	0.020488099999965925	epochs	3.0
3873.0986025967286	0.020391900000049645	epochs	3.0
3873.1189944967286	0.04049880000002304	epochs	2.0
3873.1189944967286	0.020296599999710452	epochs	3.0
3873.1392910967284	0.020202200000312587	epochs	3.0
3873.1594932967287	0.04012459999967177	epochs	2.0
3873.1594932967287	0.02010870000003706	epochs	3.0
3873.1796019967287	0.020015899999634712	epochs	3.0
3873.1996178967283	0.03975730000001931	epochs	2.0
3873.1996178967283	0.01992420000033235	epochs	3.0
3873.2195420967287	0.019833099999686965	epochs	3.0
3873.2393751967284	0.03939669999999751	epochs	2.0
3873.2393751967284	0.019743000000289612	epochs	3.0
3873.2591181967287	0.019653699999707896	epochs	3.0
3873.2787718967284	0.03904240000019854	epochs	2.0
3873.2787718967284	0.0195651000003636	epochs	3.0
3873.2983369967287	0.01947729999983494	epochs	3.0
3873.3178142967286	0.03869459999987157	epochs	2.0
3873.3178142967286	0.019390399999792862	epochs	3.0
3873.3372046967283	0.01930420000007871	epochs	3.0
3873.3565088967284	0.03835290000006353	epochs	2.0
3873.3565088967284	0.019218800000089686	epochs	3.0
3873.3757276967285	0.01913409999997384	epochs	3.0
3873.3948617967285	0.03801720000001296	epochs	2.0
3873.3948617967285	0.019050200000037876	epochs	3.0
3873.4139119967285	0.018966999999975087	epochs	3.0
3873.4328789967285	0.03768720000016401	epochs	2.0
3873.4328789967285	0.018884499999785476	epochs	3.0
3873.4517634967283	0.018802700000378536	epochs	3.0
3873.4705661967287	0.037363099999765836	epochs	2.0
3873.4705661967287	0.018721699999787234	epochs	3.0
3873.4892878967285	0.018641399999978603	epochs	3.0
3873.5079292967284	0.037044300000161456	epochs	2.0
3873.5079292967284	0.018561599999884493	epochs	3.0
3873.5264908967283	0.018482700000276964	epochs	3.0
3873.5449735967286	0.036731000000145286	epochs	2.0
3873.5449735967286	0.018404299999929208	epochs	3.0
3873.5633778967285	0.01832670000021608	epochs	3.0
3873.5817045967287	0.036422899999706715	epochs	2.0
3873.5817045967287	0.018249599999762722	epochs	3.0
3873.5999541967285	0.018173299999943993	epochs	3.0
3873.6181274967284	0.03612010000006194	epochs	2.0
3873.6181274967284	0.018097600000146485	epochs	3.0
3873.6362250967286	0.018022499999915453	epochs	3.0
3873.6542475967285	0.035822100000132195	epochs	2.0
3873.6542475967285	0.01794789999985369	epochs	3.0
3873.6721954967284	0.017874200000278506	epochs	3.0
3873.6900696967286	0.03552899999976944	epochs	2.0
3873.6900696967286	0.01780079999980444	epochs	3.0
3873.7078704967284	0.017728199999965	epochs	3.0
3873.7255986967284	0.03524070000003121	epochs	2.0
3873.7255986967284	0.017656100000294828	epochs	3.0
3873.7432547967287	0.017584599999736383	epochs	3.0
3873.7608393967284	0.03495710000015606	epochs	2.0
3873.7608393967284	0.017513700000108656	epochs	3.0
3873.7783530967286	0.017443400000047404	epochs	3.0
3873.7957964967286	0.03467790000013338	epochs	2.0
3873.7957964967286	0.017373599999700673	epochs	3.0
3873.8131700967283	0.017304300000432704	epochs	3.0
3873.8304743967287	0.03440329999966707	epochs	2.0
3873.8304743967287	0.01723569999967367	epochs	3.0
3873.8477100967284	0.0171675999999934	epochs	3.0
3873.8648776967284	0.03413279999995211	epochs	2.0
3873.8648776967284	0.017099900000175694	epochs	3.0
3873.8819775967286	0.01703289999977642	epochs	3.0
3873.8990104967284	0.03386670000008962	epochs	2.0
3873.8990104967284	0.01696640000000116	epochs	3.0
3873.9159768967284	0.016900300000088464	epochs	3.0
3873.9328771967284	0.03360460000021703	epochs	2.0
3873.9328771967284	0.016834800000196992	epochs	3.0
3873.9497119967286	0.01676980000002004	epochs	3.0
3873.9664817967287	0.03334659999973155	epochs	2.0
3873.9664817967287	0.016705300000012357	epochs	3.0
3873.9831870967287	0.016641299999719195	epochs	3.0
3873.9998283967284	0.03309250000029351	epochs	2.0
3873.9998283967284	0.016577800000050047	epochs	3.0
3874.0164061967284	0.016514700000243465	epochs	3.0
3874.0329208967287	0.032842299999629176	epochs	2.0
3874.0329208967287	0.01645220000000336	epochs	3.0
3874.0493730967287	0.016390099999625818	epochs	3.0
3874.0657631967283	0.03259570000000167	epochs	2.0
3874.0657631967283	0.016328400000020338	epochs	3.0
3874.0820915967283	0.016267299999981333	epochs	3.0
3874.0983588967283	0.03235290000020541	epochs	2.0
3874.0983588967283	0.01620660000025964	epochs	3.0
3874.1145654967286	0.016146299999945768	epochs	3.0
3874.1307117967285	0.032113700000081735	epochs	2.0
3874.1307117967285	0.016086600000107865	epochs	3.0
3874.1467983967286	0.01602709999997387	epochs	3.0
3874.1628254967286	0.031877999999778694	epochs	2.0
3874.1628254967286	0.0159681999998611	epochs	3.0
3874.1787936967285	0.015909799999917595	epochs	3.0
3874.1947034967284	0.03164570000035383	epochs	2.0
3874.1947034967284	0.01585160000013275	epochs	3.0
3874.2105550967285	0.01579410000022108	epochs	3.0
3874.2263491967287	0.03141669999968144	epochs	2.0
3874.2263491967287	0.015736699999706616	epochs	3.0
3874.2420858967284	0.015679999999974825	epochs	3.0
3874.2577658967284	0.03119109999988723	epochs	2.0
3874.2577658967284	0.015623600000253646	epochs	3.0
3874.2733894967287	0.015567499999633583	epochs	3.0
3874.2889569967283	0.030968700000357785	epochs	2.0
3874.2889569967283	0.015512000000398984	epochs	3.0
3874.3044689967287	0.0154566999999588	epochs	3.0
3874.3199256967287	0.03074949999972887	epochs	2.0
3874.3199256967287	0.015401999999994587	epochs	3.0
3874.3353276967287	0.015347499999734282	epochs	3.0
3874.3506751967284	0.030533200000263605	epochs	2.0
3874.3506751967284	0.015293400000246038	epochs	3.0
3874.3659685967286	0.015239800000017567	epochs	3.0
3874.3812083967287	0.03032009999969887	epochs	2.0
3874.3812083967287	0.015186499999799707	epochs	3.0
3874.3963948967285	0.015133599999899161	epochs	3.0
3874.4115284967284	0.030109900000297785	epochs	2.0
3874.4115284967284	0.015081000000009226	epochs	3.0
3874.4266094967284	0.015028900000288559	epochs	3.0
3874.4416383967286	0.029902499999934662	epochs	2.0
3874.4416383967286	0.014976999999817053	epochs	3.0
3874.4566153967285	0.014925500000117609	epochs	3.0
3874.4715408967286	0.0296981000001324	epochs	2.0
3874.4715408967286	0.014874399999825982	epochs	3.0
3874.4864152967284	0.014823700000306417	epochs	3.0
3874.5012389967287	0.02949629999966419	epochs	2.0
3874.5012389967287	0.014773199999581266	epochs	3.0
3874.5160121967283	0.014723100000082923	epochs	3.0
3874.5307352967284	0.02929740000035963	epochs	2.0
3874.5307352967284	0.014673399999992398	epochs	3.0
3874.5454086967284	0.014624000000367232	epochs	3.0
3874.5600326967287	0.029101099999934377	epochs	2.0
3874.5600326967287	0.014574899999843183	epochs	3.0
3874.5746075967286	0.014526200000091194	epochs	3.0
3874.5891337967287	0.02890739999975267	epochs	2.0
3874.5891337967287	0.014477700000043114	epochs	3.0
3874.6036114967287	0.014429699999709555	epochs	3.0
3874.6180411967284	0.028716199999962555	epochs	2.0
3874.6180411967284	0.014381800000137446	epochs	3.0
3874.6324229967286	0.01433439999982511	epochs	3.0
3874.6467573967284	0.02852759999996124	epochs	2.0
3874.6467573967284	0.014287200000126177	epochs	3.0
3874.6610445967285	0.014240399999835063	epochs	3.0
3874.6752849967284	0.028341400000044814	epochs	2.0
3874.6752849967284	0.014193800000157353	epochs	3.0
3874.6894787967285	0.014147599999887461	epochs	3.0
3874.7036263967284	0.028157700000065233	epochs	2.0
3874.7036263967284	0.014101700000082928	epochs	3.0
3874.7177280967285	0.014055999999982305	epochs	3.0
3874.7317840967285	0.02797629999986384	epochs	2.0
3874.7317840967285	0.014010599999892293	epochs	3.0
3874.7457946967284	0.013965699999971548	epochs	3.0
3874.7597603967283	0.02779720000035013	epochs	2.0
3874.7597603967283	0.013920800000050804	epochs	3.0
3874.7736811967284	0.013876400000299327	epochs	3.0
3874.7875575967287	0.027620399999705114	epochs	2.0
3874.7875575967287	0.013832199999797012	epochs	3.0
3874.8013897967285	0.013788199999908102	epochs	3.0
3874.8151779967284	0.027445900000202528	epochs	2.0
3874.8151779967284	0.013744600000336504	epochs	3.0
3874.8289225967287	0.013701299999866023	epochs	3.0
3874.8426238967286	0.027273499999864725	epochs	2.0
3874.8426238967286	0.013658200000008947	epochs	3.0
3874.8562820967286	0.013615299999855779	epochs	3.0
3874.8698973967284	0.027103400000214606	epochs	2.0
3874.8698973967284	0.013572800000019924	epochs	3.0
3874.8834701967285	0.013530600000194681	epochs	3.0
3874.8970007967287	0.02693520000002536	epochs	2.0
3874.8970007967287	0.01348839999991469	epochs	3.0
3874.9104891967286	0.01344680000011067	epochs	3.0
3874.9239359967287	0.02676919999976235	epochs	2.0
3874.9239359967287	0.013405199999851902	epochs	3.0
3874.9373411967285	0.013363999999910448	epochs	3.0
3874.9507051967284	0.02660520000017641	epochs	2.0
3874.9507051967284	0.013322900000275695	epochs	3.0
3874.9640280967287	0.013282299999900715	epochs	3.0
3874.9773103967286	0.0264431999999033	epochs	2.0
3874.9773103967286	0.013241699999980483	epochs	3.0
3874.9905520967286	0.013201499999922817	epochs	3.0
3875.0037535967285	0.026283199999852513	epochs	2.0
3875.0037535967285	0.013161500000023807	epochs	3.0
3875.0169150967286	0.013121699999828706	epochs	3.0
3875.0300367967284	0.026125000000320142	epochs	2.0
3875.0300367967284	0.01308210000024701	epochs	3.0
3875.0431188967286	0.013042900000073132	epochs	3.0
3875.0561617967287	0.025968899999952555	epochs	2.0
3875.0561617967287	0.013003899999603163	epochs	3.0
3875.0691656967283	0.012965000000349391	epochs	3.0
3875.0821306967287	0.02581449999979668	epochs	2.0
3875.0821306967287	0.012926399999741989	epochs	3.0
3875.0950570967284	0.012888100000054692	epochs	3.0
3875.1079451967285	0.02566190000015922	epochs	2.0
3875.1079451967285	0.01284990000021935	epochs	3.0
3875.1207950967287	0.012811999999939871	epochs	3.0
3875.1336070967286	0.025511199999982637	epochs	2.0
3875.1336070967286	0.012774400000125752	epochs	3.0
3875.1463814967287	0.012736799999856885	epochs	3.0
3875.1591182967286	0.02536229999986972	epochs	2.0
3875.1591182967286	0.012699699999757286	epochs	3.0
3875.1718179967284	0.012662600000112434	epochs	3.0
3875.1844805967285	0.02521500000011656	epochs	2.0
3875.1844805967285	0.012625800000023446	epochs	3.0
3875.1971063967285	0.012589200000093115	epochs	3.0
3875.2096955967286	0.024584799999956886	epochs	2.0
3875.2337415967286	0.5	epochs	-1.0
3875.2342803967285	0.5443999999997686	epochs	1.0
3875.7786803967283	0.45552000000043336	epochs	0.0
3876.7960000038147	0.07528000000002066	epochs	0.0
3876.7960000038147	0.032641400000102294	epochs	1.0
3876.828641403815	0.009997199999816075	epochs	1.0
3876.8386386038146	0.032641400000102294	epochs	1.0
3876.8712800038147	2.0	epochs	0.0
3878.8712800038147	21.504719999999907	epochs	0.0
3878.8712800038147	1.0	epochs	1.0
3878.8713012038147	0.5	epochs	-1.0
3879.3713012038147	19.99944000000005	epochs	-1.0
3879.8712800038147	20.0	epochs	1.0
3879.8712800038147	4.356753900000058	epochs	-1.0
3879.8712800038147	1.9745871999998599	epochs	2.0
3879.8712800038147	1.098562199999833	epochs	3.0
3880.9698422038146	0.8760250000000269	epochs	3.0
3881.8458672038146	1.3524075000000266	epochs	2.0
3881.8458672038146	0.7286355000001095	epochs	3.0
3882.5745027038147	0.6237719999999172	epochs	3.0
3883.1982747038146	1.0297592000001714	epochs	2.0
3883.1982747038146	0.5453293000000485	epochs	3.0
3883.7436040038147	0.48442990000012287	epochs	3.0
3884.228033903815	0.8317861999998968	epochs	2.0
3884.228033903815	0.4357762999998158	epochs	3.0
3884.6638102038146	0.39600990000008096	epochs	3.0
3885.0598201038147	0.6977969999998095	epochs	2.0
3885.0598201038147	0.3628982000000178	epochs	3.0
3885.4227183038147	0.33489879999979166	epochs	3.0
3885.7576171038145	0.6010457000002134	epochs	2.0
3885.7576171038145	0.31091230000038195	epochs	3.0
3886.068529403815	0.29013339999983145	epochs	3.0
3886.3586628038147	0.5278859000000011	epochs	2.0
3886.3586628038147	0.2719585999998344	epochs	3.0
3886.6306214038145	0.2559273000001667	epochs	3.0
3886.8865487038147	0.4706193000001804	epochs	2.0
3886.8865487038147	0.241681299999982	epochs	3.0
3887.1282300038147	0.22893800000019837	epochs	3.0
3887.357168003815	0.42457039999999324	epochs	2.0
3887.357168003815	0.2174713999997948	epochs	3.0
3887.5746394038147	0.20709900000019843	epochs	3.0
3887.781738403815	0.3867353999999068	epochs	2.0
3887.781738403815	0.1976710999997522	epochs	3.0
3887.9794095038146	0.18906430000015462	epochs	3.0
3888.168473803815	0.35509529999990264	epochs	2.0
3888.168473803815	0.1811758999997437	epochs	3.0
3888.3496497038145	0.17391940000015893	epochs	3.0
3888.5235691038147	0.32824310000023615	epochs	2.0
3888.5235691038147	0.167221900000186	epochs	3.0
3888.690791003815	0.16102120000005016	epochs	3.0
3888.851812203815	0.3051679999998669	epochs	2.0
3888.851812203815	0.1552638999996816	epochs	3.0
3889.0070761038146	0.14990410000018528	epochs	3.0
3889.156980203815	0.28512529999989056	epochs	2.0
3889.156980203815	0.14490209999985382	epochs	3.0
3889.3018823038146	0.14022320000003674	epochs	3.0
3889.4421055038147	0.2675537999998596	epochs	2.0
3889.4421055038147	0.1358368999999584	epochs	3.0
3889.5779424038146	0.13171689999990122	epochs	3.0
3889.7096593038145	0.25202290000015637	epochs	2.0
3889.7096593038145	0.12783930000023247	epochs	3.0
3889.8374986038148	0.1241835999999239	epochs	3.0
3889.9616822038147	0.23819649999995818	epochs	2.0
3889.9616822038147	0.1207310999998299	epochs	3.0
3890.0824133038145	0.11746540000012828	epochs	3.0
3890.1998787038146	0.22580879999986792	epochs	2.0
3890.1998787038146	0.11437190000015107	epochs	3.0
3890.314250603815	0.11143689999971684	epochs	3.0
3890.4256875038145	0.21464600000035716	epochs	2.0
3890.4256875038145	0.1086489000003894	epochs	3.0
3890.534336403815	0.10599709999996776	epochs	3.0
3890.640333503815	0.2045349999998507	epochs	2.0
3890.640333503815	0.10347149999961403	epochs	3.0
3890.7438050038145	0.10106350000023667	epochs	3.0
3890.8448685038147	0.19533400000000256	epochs	2.0
3890.8448685038147	0.09876510000003691	epochs	3.0
3890.9436336038148	0.09656889999996565	epochs	3.0
3891.0402025038147	0.18692529999998442	epochs	2.0
3891.0402025038147	0.09446829999978945	epochs	3.0
3891.1346708038145	0.09245700000019497	epochs	3.0
3891.2271278038147	0.1792107000001124	epochs	2.0
3891.2271278038147	0.0905296000000817	epochs	3.0
3891.317657403815	0.08868110000003071	epochs	3.0
3891.406338503815	0.17210769999974218	epochs	2.0
3891.406338503815	0.08690630000000965	epochs	3.0
3891.493244803815	0.08520139999973253	epochs	3.0
3891.5784462038146	0.16554640000003928	epochs	2.0
3891.5784462038146	0.08356189999994967	epochs	3.0
3891.6620081038145	0.08198450000008961	epochs	3.0
3891.7439926038146	0.15946710000025632	epochs	2.0
3891.7439926038146	0.08046539999986635	epochs	3.0
3891.8244580038145	0.07900170000038997	epochs	3.0
3891.903459703815	0.1538183999996363	epochs	2.0
3891.903459703815	0.07759009999972477	epochs	3.0
3891.9810498038146	0.07622829999991154	epochs	3.0
3892.0572781038145	0.14855640000041603	epochs	2.0
3892.0572781038145	0.07491330000038943	epochs	3.0
3892.132191403815	0.0736431000000266	epochs	3.0
3892.205834503815	0.1436423999998624	epochs	2.0
3892.205834503815	0.07241499999963708	epochs	3.0
3892.2782495038145	0.07122740000022532	epochs	3.0
3892.349476903815	0.13904309999998077	epochs	2.0
3892.349476903815	0.0700779999997394	epochs	3.0
3892.4195549038145	0.06896510000024136	epochs	3.0
3892.4885200038148	0.13472929999988992	epochs	2.0
3892.4885200038148	0.0678871000000072	epochs	3.0
3892.5564071038148	0.06684219999988272	epochs	3.0
3892.6232493038146	0.1306752000000415	epochs	2.0
3892.6232493038146	0.06582909999997355	epochs	3.0
3892.6890784038146	0.06484610000006796	epochs	3.0
3892.7539245038147	0.1268577999999252	epochs	2.0
3892.7539245038147	0.06389200000012352	epochs	3.0
3892.817816503815	0.06296579999980167	epochs	3.0
3892.8807823038146	0.12325719999989815	epochs	2.0
3892.8807823038146	0.06206580000025497	epochs	3.0
3892.942848103815	0.06119139999964318	epochs	3.0
3893.0040395038145	0.1198554000002332	epochs	2.0
3893.0040395038145	0.060341100000187	epochs	3.0
3893.0643806038147	0.059514300000046205	epochs	3.0
3893.1238949038147	0.1166361999999026	epochs	2.0
3893.1238949038147	0.058709599999929196	epochs	3.0
3893.1826045038147	0.057926599999973405	epochs	3.0
3893.2405311038146	0.11358560000007856	epochs	2.0
3893.2405311038146	0.05716419999998834	epochs	3.0
3893.2976953038146	0.056421400000090216	epochs	3.0
3893.3541167038147	0.11069050000014613	epochs	2.0
3893.3541167038147	0.05569789999981367	epochs	3.0
3893.4098146038145	0.05499260000033246	epochs	3.0
3893.464807203815	0.10793909999983953	epochs	2.0
3893.464807203815	0.054304899999806366	epochs	3.0
3893.5191121038147	0.05363420000003316	epochs	3.0
3893.5727463038147	0.10532150000017282	epochs	2.0
3893.5727463038147	0.05297999999993408	epochs	3.0
3893.6257263038146	0.05234150000023874	epochs	3.0
3893.678067803815	0.10282759999972768	epochs	2.0
3893.678067803815	0.05171810000001642	epochs	3.0
3893.729785903815	0.05110949999971126	epochs	3.0
3893.7808954038146	0.10044909999987794	epochs	2.0
3893.7808954038146	0.050514900000052876	epochs	3.0
3893.8314103038147	0.04993419999982507	epochs	3.0
3893.8813445038145	0.09817830000019967	epochs	2.0
3893.8813445038145	0.0493666000002122	epochs	3.0
3893.9307111038147	0.04881169999998747	epochs	3.0
3893.9795228038147	0.09600779999982478	epochs	2.0
3893.9795228038147	0.04826920000004975	epochs	3.0
3894.0277920038147	0.04773859999977503	epochs	3.0
3894.0755306038145	0.09393120000004274	epochs	2.0
3894.0755306038145	0.047219500000210246	epochs	3.0
3894.1227501038147	0.04671169999983249	epochs	3.0
3894.1694618038146	0.09194260000003851	epochs	2.0
3894.1694618038146	0.046214599999984785	epochs	3.0
3894.2156764038145	0.045728000000053726	epochs	3.0
3894.2614044038146	0.09003630000006524	epochs	2.0
3894.2614044038146	0.04525150000017675	epochs	3.0
3894.3066559038148	0.04478479999988849	epochs	3.0
3894.3514407038147	0.08820760000025984	epochs	2.0
3894.3514407038147	0.0443278000002465	epochs	3.0
3894.395768503815	0.04387980000001335	epochs	3.0
3894.439648303815	0.0864516999999978	epochs	2.0
3894.439648303815	0.04344099999980244	epochs	3.0
3894.4830893038147	0.04301070000019536	epochs	3.0
3894.526100003815	0.08476429999973334	epochs	2.0
3894.526100003815	0.0425889999996798	epochs	3.0
3894.5686890038146	0.04217530000005354	epochs	3.0
3894.6108643038147	0.08314150000023801	epochs	2.0
3894.6108643038147	0.041769700000259036	epochs	3.0
3894.652634003815	0.041371799999978975	epochs	3.0
3894.694005803815	0.08157970000002024	epochs	2.0
3894.694005803815	0.040981399999964196	epochs	3.0
3894.734987203815	0.04059830000005604	epochs	3.0
3894.775585503815	0.08007549999956609	epochs	2.0
3894.775585503815	0.04022229999964111	epochs	3.0
3894.8158078038146	0.03985319999992498	epochs	3.0
3894.8556610038145	0.07862570000042979	epochs	2.0
3894.8556610038145	0.03949080000029426	epochs	3.0
3894.8951518038148	0.03913490000013553	epochs	3.0
3894.934286703815	0.07722759999978734	epochs	2.0
3894.934286703815	0.03878539999959685	epochs	3.0
3894.9730721038145	0.038442200000190496	epochs	3.0
3895.0115143038147	0.07587819999980638	epochs	2.0
3895.0115143038147	0.03810479999992822	epochs	3.0
3895.0496191038146	0.037773399999878166	epochs	3.0
3895.0873925038145	0.07457520000025397	epochs	2.0
3895.0873925038145	0.03744770000002973	epochs	3.0
3895.1248402038145	0.037127500000224245	epochs	3.0
3895.1619677038148	0.07331629999998768	epochs	2.0
3895.1619677038148	0.03681289999985893	epochs	3.0
3895.1987806038146	0.03650340000012875	epochs	3.0
3895.2352840038147	0.07209899999998015	epochs	2.0
3895.2352840038147	0.03619909999997617	epochs	3.0
3895.2714831038147	0.03589990000000398	epochs	3.0
3895.3073830038147	0.07092169999987163	epochs	2.0
3895.3073830038147	0.03560560000005353	epochs	3.0
3895.342988603815	0.03531609999981811	epochs	3.0
3895.3783047038146	0.06978200000003199	epochs	2.0
3895.3783047038146	0.03503120000004856	epochs	3.0
3895.4133359038146	0.03475079999998343	epochs	3.0
3895.4480867038146	0.06867860000011206	epochs	2.0
3895.4480867038146	0.034475100000236125	epochs	3.0
3895.482561803815	0.03420349999987593	epochs	3.0
3895.5167653038147	0.06760930000018561	epochs	2.0
3895.5167653038147	0.033936199999970995	epochs	3.0
3895.5507015038147	0.03367310000021462	epochs	3.0
3895.584374603815	0.06657289999975546	epochs	2.0
3895.584374603815	0.03341399999999339	epochs	3.0
3895.617788603815	0.03315889999976207	epochs	3.0
3895.6509475038147	0.06556779999982609	epochs	2.0
3895.6509475038147	0.03290770000012344	epochs	3.0
3895.683855203815	0.03266009999970265	epochs	3.0
3895.7165153038145	0.0645926000001964	epochs	2.0
3895.7165153038145	0.032416400000329304	epochs	3.0
3895.748931703815	0.032176199999867094	epochs	3.0
3895.7811079038147	0.06364600000006249	epochs	2.0
3895.7811079038147	0.03193959999998697	epochs	3.0
3895.8130475038147	0.03170640000007552	epochs	3.0
3895.8447539038148	0.0627266999999847	epochs	2.0
3895.8447539038148	0.03147660000013275	epochs	3.0
3895.876230503815	0.031250099999851955	epochs	3.0
3895.9074806038147	0.06183359999977256	epochs	2.0
3895.9074806038147	0.031026900000142632	epochs	3.0
3895.938507503815	0.030806699999629927	epochs	3.0
3895.9693142038145	0.06096560000014506	epochs	2.0
3895.9693142038145	0.03058980000014344	epochs	3.0
3895.9999040038147	0.030375800000001618	epochs	3.0
3896.0302798038147	0.06012160000000222	epochs	2.0
3896.0302798038147	0.030164899999817862	epochs	3.0
3896.0604447038145	0.029956700000184355	epochs	3.0
3896.0904014038147	0.059300700000221696	epochs	2.0
3896.0904014038147	0.029751600000054168	epochs	3.0
3896.1201530038147	0.029549100000167527	epochs	3.0
3896.149702103815	0.05850179999970351	epochs	2.0
3896.149702103815	0.029349399999773595	epochs	3.0
3896.1790515038147	0.029152399999929912	epochs	3.0
3896.2082039038146	0.05772419999993872	epochs	2.0
3896.2082039038146	0.028958000000329776	epochs	3.0
3896.237161903815	0.028766199999608943	epochs	3.0
3896.2659281038145	0.0569671000002927	epochs	2.0
3896.2659281038145	0.028577000000041153	epochs	3.0
3896.2945051038146	0.02839010000025155	epochs	3.0
3896.322895203815	0.05622949999997218	epochs	2.0
3896.322895203815	0.028205699999944045	epochs	3.0
3896.3511009038148	0.028023800000028132	epochs	3.0
3896.379124703815	0.05551070000001346	epochs	2.0
3896.379124703815	0.02784399999973175	epochs	3.0
3896.4069687038145	0.027666700000281708	epochs	3.0
3896.434635403815	0.05481019999979253	epochs	2.0
3896.434635403815	0.02749149999999645	epochs	3.0
3896.462126903815	0.02731869999979608	epochs	3.0
3896.4894456038146	0.054126999999880354	epochs	2.0
3896.4894456038146	0.027147799999966082	epochs	3.0
3896.5165934038146	0.026979199999914272	epochs	3.0
3896.5435726038145	0.05346070000041436	epochs	2.0
3896.5435726038145	0.026812600000084785	epochs	3.0
3896.5703852038146	0.026648100000329578	epochs	3.0
3896.597033303815	0.05281070000000909	epochs	2.0
3896.597033303815	0.0264855999998872	epochs	3.0
3896.623518903815	0.026325100000121893	epochs	3.0
3896.649844003815	0.052176199999848905	epochs	2.0
3896.649844003815	0.026166399999965506	epochs	3.0
3896.676010403815	0.0260097999998834	epochs	3.0
3896.7020202038148	0.05155669999976453	epochs	2.0
3896.7020202038148	0.02585480000016105	epochs	3.0
3896.727875003815	0.025701899999603484	epochs	3.0
3896.7535769038145	0.05095190000020011	epochs	2.0
3896.7535769038145	0.025550700000167126	epochs	3.0
3896.7791276038147	0.025401200000032986	epochs	3.0
3896.8045288038147	0.05036100000006627	epochs	2.0
3896.8045288038147	0.025253499999962514	epochs	3.0
3896.8297823038147	0.025107500000103755	epochs	3.0
3896.854889803815	0.04978380000011384	epochs	2.0
3896.854889803815	0.02496320000000196	epochs	3.0
3896.879853003815	0.02482060000011188	epochs	3.0
3896.904673603815	0.049219499999708205	epochs	2.0
3896.904673603815	0.024679399999968155	epochs	3.0
3896.929353003815	0.02454009999974005	epochs	3.0
3896.9538931038146	0.04866790000005494	epochs	2.0
3896.9538931038146	0.02440210000031584	epochs	3.0
3896.978295203815	0.0242657999997391	epochs	3.0
3897.0025610038147	0.048128599999927246	epochs	2.0
3897.0025610038147	0.024131000000124914	epochs	3.0
3897.026692003815	0.023997599999802333	epochs	3.0
3897.0506896038146	0.047601100000065344	epochs	2.0
3897.0506896038146	0.023865800000294257	epochs	3.0
3897.074555403815	0.023735299999771087	epochs	3.0
3897.0982907038147	0.04708500000015192	epochs	2.0
3897.0982907038147	0.023606300000210467	epochs	3.0
3897.121897003815	0.023478699999941455	epochs	3.0
3897.145375703815	0.04657999999972162	epochs	2.0
3897.145375703815	0.023352499999873544	epochs	3.0
3897.1687282038147	0.023227499999848078	epochs	3.0
3897.1919557038145	0.04608570000027612	epochs	2.0
3897.1919557038145	0.023104000000330416	epochs	3.0
3897.215059703815	0.022981699999945704	epochs	3.0
3897.238041403815	0.045601799999985815	epochs	2.0
3897.238041403815	0.02286069999991014	epochs	3.0
3897.2609021038147	0.022741100000075676	epochs	3.0
3897.283643203815	0.045127899999897636	epochs	2.0
3897.283643203815	0.022622500000125	epochs	3.0
3897.306265703815	0.022505399999772635	epochs	3.0
3897.3287711038147	0.04466379999985293	epochs	2.0
3897.3287711038147	0.022389300000213552	epochs	3.0
3897.351160403815	0.022274499999639374	epochs	3.0
3897.3734349038145	0.04420920000029582	epochs	2.0
3897.3734349038145	0.02216080000016518	epochs	3.0
3897.3955957038147	0.02204840000013064	epochs	3.0
3897.417644103815	0.043763599999692815	epochs	2.0
3897.417644103815	0.021936899999673187	epochs	3.0
3897.4395810038145	0.021826700000019628	epochs	3.0
3897.4614077038145	0.043327100000169594	epochs	2.0
3897.4614077038145	0.02171760000010181	epochs	3.0
3897.4831253038146	0.021609500000067783	epochs	3.0
3897.5047348038147	0.04289900000003399	epochs	2.0
3897.5047348038147	0.021502500000224245	epochs	3.0
3897.526237303815	0.021396499999809748	epochs	3.0
3897.5476338038147	0.04247949999989942	epochs	2.0
3897.5476338038147	0.021291699999892444	epochs	3.0
3897.5689255038146	0.021187800000006973	epochs	3.0
3897.5901133038146	0.04206789999989269	epochs	2.0
3897.5901133038146	0.02108490000000529	epochs	3.0
3897.6111982038146	0.020982999999887397	epochs	3.0
3897.6321812038145	0.041664400000172463	epochs	2.0
3897.6321812038145	0.020882199999959994	epochs	3.0
3897.6530634038145	0.02078220000021247	epochs	3.0
3897.6738456038147	0.04126850000011473	epochs	2.0
3897.6738456038147	0.02068330000020069	epochs	3.0
3897.694528903815	0.02058519999991404	epochs	3.0
3897.715114103815	0.04088000000001557	epochs	2.0
3897.715114103815	0.020488099999965925	epochs	3.0
3897.735602203815	0.020391900000049645	epochs	3.0
3897.755994103815	0.04049880000002304	epochs	2.0
3897.755994103815	0.020296599999710452	epochs	3.0
3897.7762907038145	0.020202200000312587	epochs	3.0
3897.796492903815	0.04012459999967177	epochs	2.0
3897.796492903815	0.02010870000003706	epochs	3.0
3897.816601603815	0.020015899999634712	epochs	3.0
3897.8366175038145	0.03975730000001931	epochs	2.0
3897.8366175038145	0.01992420000033235	epochs	3.0
3897.856541703815	0.019833099999686965	epochs	3.0
3897.8763748038145	0.03939669999999751	epochs	2.0
3897.8763748038145	0.019743000000289612	epochs	3.0
3897.896117803815	0.019653699999707896	epochs	3.0
3897.9157715038145	0.03904240000019854	epochs	2.0
3897.9157715038145	0.0195651000003636	epochs	3.0
3897.935336603815	0.01947729999983494	epochs	3.0
3897.9548139038147	0.03869459999987157	epochs	2.0
3897.9548139038147	0.019390399999792862	epochs	3.0
3897.9742043038145	0.01930420000007871	epochs	3.0
3897.9935085038146	0.03835290000006353	epochs	2.0
3897.9935085038146	0.019218800000089686	epochs	3.0
3898.0127273038147	0.01913409999997384	epochs	3.0
3898.0318614038147	0.03801720000001296	epochs	2.0
3898.0318614038147	0.019050200000037876	epochs	3.0
3898.0509116038147	0.018966999999975087	epochs	3.0
3898.0698786038147	0.03768720000016401	epochs	2.0
3898.0698786038147	0.018884499999785476	epochs	3.0
3898.0887631038145	0.018802700000378536	epochs	3.0
3898.107565803815	0.037363099999765836	epochs	2.0
3898.107565803815	0.018721699999787234	epochs	3.0
3898.1262875038146	0.018641399999978603	epochs	3.0
3898.1449289038146	0.037044300000161456	epochs	2.0
3898.1449289038146	0.018561599999884493	epochs	3.0
3898.1634905038145	0.018482700000276964	epochs	3.0
3898.181973203815	0.036731000000145286	epochs	2.0
3898.181973203815	0.018404299999929208	epochs	3.0
3898.2003775038147	0.01832670000021608	epochs	3.0
3898.218704203815	0.036422899999706715	epochs	2.0
3898.218704203815	0.018249599999762722	epochs	3.0
3898.2369538038147	0.018173299999943993	epochs	3.0
3898.2551271038146	0.03612010000006194	epochs	2.0
3898.2551271038146	0.018097600000146485	epochs	3.0
3898.273224703815	0.018022499999915453	epochs	3.0
3898.2912472038147	0.035822100000132195	epochs	2.0
3898.2912472038147	0.01794789999985369	epochs	3.0
3898.3091951038145	0.017874200000278506	epochs	3.0
3898.327069303815	0.03552899999976944	epochs	2.0
3898.327069303815	0.01780079999980444	epochs	3.0
3898.3448701038146	0.017728199999965	epochs	3.0
3898.3625983038146	0.03524070000003121	epochs	2.0
3898.3625983038146	0.017656100000294828	epochs	3.0
3898.380254403815	0.017584599999736383	epochs	3.0
3898.3978390038146	0.03495710000015606	epochs	2.0
3898.3978390038146	0.017513700000108656	epochs	3.0
3898.4153527038147	0.017443400000047404	epochs	3.0
3898.432796103815	0.03467790000013338	epochs	2.0
3898.432796103815	0.017373599999700673	epochs	3.0
3898.4501697038145	0.017304300000432704	epochs	3.0
3898.467474003815	0.03440329999966707	epochs	2.0
3898.467474003815	0.01723569999967367	epochs	3.0
3898.4847097038146	0.0171675999999934	epochs	3.0
3898.5018773038146	0.03413279999995211	epochs	2.0
3898.5018773038146	0.017099900000175694	epochs	3.0
3898.5189772038148	0.01703289999977642	epochs	3.0
3898.5360101038145	0.03386670000008962	epochs	2.0
3898.5360101038145	0.01696640000000116	epochs	3.0
3898.5529765038145	0.016900300000088464	epochs	3.0
3898.5698768038146	0.03360460000021703	epochs	2.0
3898.5698768038146	0.016834800000196992	epochs	3.0
3898.586711603815	0.01676980000002004	epochs	3.0
3898.603481403815	0.03334659999973155	epochs	2.0
3898.603481403815	0.016705300000012357	epochs	3.0
3898.620186703815	0.016641299999719195	epochs	3.0
3898.6368280038146	0.03309250000029351	epochs	2.0
3898.6368280038146	0.016577800000050047	epochs	3.0
3898.6534058038146	0.016514700000243465	epochs	3.0
3898.669920503815	0.032842299999629176	epochs	2.0
3898.669920503815	0.01645220000000336	epochs	3.0
3898.686372703815	0.016390099999625818	epochs	3.0
3898.7027628038145	0.03259570000000167	epochs	2.0
3898.7027628038145	0.016328400000020338	epochs	3.0
3898.7190912038145	0.016267299999981333	epochs	3.0
3898.7353585038145	0.03235290000020541	epochs	2.0
3898.7353585038145	0.01620660000025964	epochs	3.0
3898.7515651038148	0.016146299999945768	epochs	3.0
3898.7677114038147	0.032113700000081735	epochs	2.0
3898.7677114038147	0.016086600000107865	epochs	3.0
3898.783798003815	0.01602709999997387	epochs	3.0
3898.799825103815	0.031877999999778694	epochs	2.0
3898.799825103815	0.0159681999998611	epochs	3.0
3898.8157933038146	0.015909799999917595	epochs	3.0
3898.8317031038146	0.03164570000035383	epochs	2.0
3898.8317031038146	0.01585160000013275	epochs	3.0
3898.8475547038147	0.01579410000022108	epochs	3.0
3898.863348803815	0.03141669999968144	epochs	2.0
3898.863348803815	0.015736699999706616	epochs	3.0
3898.8790855038146	0.015679999999974825	epochs	3.0
3898.8947655038146	0.03119109999988723	epochs	2.0
3898.8947655038146	0.015623600000253646	epochs	3.0
3898.910389103815	0.015567499999633583	epochs	3.0
3898.9259566038145	0.030968700000357785	epochs	2.0
3898.9259566038145	0.015512000000398984	epochs	3.0
3898.941468603815	0.0154566999999588	epochs	3.0
3898.956925303815	0.03074949999972887	epochs	2.0
3898.956925303815	0.015401999999994587	epochs	3.0
3898.972327303815	0.015347499999734282	epochs	3.0
3898.9876748038146	0.030533200000263605	epochs	2.0
3898.9876748038146	0.015293400000246038	epochs	3.0
3899.002968203815	0.015239800000017567	epochs	3.0
3899.018208003815	0.03032009999969887	epochs	2.0
3899.018208003815	0.015186499999799707	epochs	3.0
3899.0333945038146	0.015133599999899161	epochs	3.0
3899.0485281038145	0.030109900000297785	epochs	2.0
3899.0485281038145	0.015081000000009226	epochs	3.0
3899.0636091038145	0.015028900000288559	epochs	3.0
3899.078638003815	0.029902499999934662	epochs	2.0
3899.078638003815	0.014976999999817053	epochs	3.0
3899.0936150038146	0.014925500000117609	epochs	3.0
3899.1085405038148	0.0296981000001324	epochs	2.0
3899.1085405038148	0.014874399999825982	epochs	3.0
3899.1234149038146	0.014823700000306417	epochs	3.0
3899.138238603815	0.02949629999966419	epochs	2.0
3899.138238603815	0.014773199999581266	epochs	3.0
3899.1530118038145	0.014723100000082923	epochs	3.0
3899.1677349038146	0.02929740000035963	epochs	2.0
3899.1677349038146	0.014673399999992398	epochs	3.0
3899.1824083038146	0.014624000000367232	epochs	3.0
3899.197032303815	0.029101099999934377	epochs	2.0
3899.197032303815	0.014574899999843183	epochs	3.0
3899.2116072038148	0.014526200000091194	epochs	3.0
3899.226133403815	0.02890739999975267	epochs	2.0
3899.226133403815	0.014477700000043114	epochs	3.0
3899.240611103815	0.014429699999709555	epochs	3.0
3899.2550408038146	0.028716199999962555	epochs	2.0
3899.2550408038146	0.014381800000137446	epochs	3.0
3899.2694226038147	0.01433439999982511	epochs	3.0
3899.2837570038146	0.02852759999996124	epochs	2.0
3899.2837570038146	0.014287200000126177	epochs	3.0
3899.2980442038147	0.014240399999835063	epochs	3.0
3899.3122846038145	0.028341400000044814	epochs	2.0
3899.3122846038145	0.014193800000157353	epochs	3.0
3899.3264784038147	0.014147599999887461	epochs	3.0
3899.3406260038146	0.028157700000065233	epochs	2.0
3899.3406260038146	0.014101700000082928	epochs	3.0
3899.3547277038147	0.014055999999982305	epochs	3.0
3899.3687837038146	0.02797629999986384	epochs	2.0
3899.3687837038146	0.014010599999892293	epochs	3.0
3899.3827943038145	0.013965699999971548	epochs	3.0
3899.3967600038145	0.02779720000035013	epochs	2.0
3899.3967600038145	0.013920800000050804	epochs	3.0
3899.4106808038146	0.013876400000299327	epochs	3.0
3899.424557203815	0.027620399999705114	epochs	2.0
3899.424557203815	0.013832199999797012	epochs	3.0
3899.4383894038147	0.013788199999908102	epochs	3.0
3899.4521776038146	0.027445900000202528	epochs	2.0
3899.4521776038146	0.013744600000336504	epochs	3.0
3899.465922203815	0.013701299999866023	epochs	3.0
3899.4796235038148	0.027273499999864725	epochs	2.0
3899.4796235038148	0.013658200000008947	epochs	3.0
3899.493281703815	0.013615299999855779	epochs	3.0
3899.5068970038146	0.027103400000214606	epochs	2.0
3899.5068970038146	0.013572800000019924	epochs	3.0
3899.5204698038146	0.013530600000194681	epochs	3.0
3899.534000403815	0.02693520000002536	epochs	2.0
3899.534000403815	0.01348839999991469	epochs	3.0
3899.5474888038148	0.01344680000011067	epochs	3.0
3899.560935603815	0.02676919999976235	epochs	2.0
3899.560935603815	0.013405199999851902	epochs	3.0
3899.5743408038147	0.013363999999910448	epochs	3.0
3899.5877048038146	0.02660520000017641	epochs	2.0
3899.5877048038146	0.013322900000275695	epochs	3.0
3899.601027703815	0.013282299999900715	epochs	3.0
3899.614310003815	0.0264431999999033	epochs	2.0
3899.614310003815	0.013241699999980483	epochs	3.0
3899.627551703815	0.013201499999922817	epochs	3.0
3899.6407532038147	0.026283199999852513	epochs	2.0
3899.6407532038147	0.013161500000023807	epochs	3.0
3899.6539147038147	0.013121699999828706	epochs	3.0
3899.6670364038146	0.026125000000320142	epochs	2.0
3899.6670364038146	0.01308210000024701	epochs	3.0
3899.680118503815	0.013042900000073132	epochs	3.0
3899.693161403815	0.025968899999952555	epochs	2.0
3899.693161403815	0.013003899999603163	epochs	3.0
3899.7061653038145	0.012965000000349391	epochs	3.0
3899.719130303815	0.02581449999979668	epochs	2.0
3899.719130303815	0.012926399999741989	epochs	3.0
3899.7320567038146	0.012888100000054692	epochs	3.0
3899.7449448038146	0.02566190000015922	epochs	2.0
3899.7449448038146	0.01284990000021935	epochs	3.0
3899.757794703815	0.012811999999939871	epochs	3.0
3899.770606703815	0.025511199999982637	epochs	2.0
3899.770606703815	0.012774400000125752	epochs	3.0
3899.783381103815	0.012736799999856885	epochs	3.0
3899.796117903815	0.02536229999986972	epochs	2.0
3899.796117903815	0.012699699999757286	epochs	3.0
3899.8088176038145	0.012662600000112434	epochs	3.0
3899.8214802038146	0.02521500000011656	epochs	2.0
3899.8214802038146	0.012625800000023446	epochs	3.0
3899.8341060038147	0.012589200000093115	epochs	3.0
3899.8466952038148	0.024584799999956886	epochs	2.0
3899.8707412038148	0.5	epochs	-1.0
3899.8712800038147	0.5047199999999066	epochs	1.0
3900.3760000038146	0.4952000000002954	epochs	0.0
3901.424000263214	0.07528000000002066	epochs	0.0
3901.424000263214	0.032641400000102294	epochs	1.0
3901.456641663214	0.009997199999816075	epochs	1.0
3901.466638863214	0.032641400000102294	epochs	1.0
3901.499280263214	2.0	epochs	0.0
3903.499280263214	5.364639999999781	epochs	0.0
3903.499280263214	1.0	epochs	1.0
3903.499301463214	0.5	epochs	-1.0
3903.999301463214	4.864618799999789	epochs	-1.0
3904.499280263214	4.364639999999781	epochs	1.0
3904.499280263214	4.356753900000058	epochs	-1.0
3904.499280263214	1.9745871999998599	epochs	2.0
3904.499280263214	1.098562199999833	epochs	3.0
3905.597842463214	0.8760250000000269	epochs	3.0
3906.473867463214	1.3524075000000266	epochs	2.0
3906.473867463214	0.7286355000001095	epochs	3.0
3907.202502963214	0.6237719999999172	epochs	3.0
3907.826274963214	1.0297592000001714	epochs	2.0
3907.826274963214	0.5453293000000485	epochs	3.0
3908.371604263214	0.48442990000012287	epochs	3.0
3908.856034163214	0.007886099999723228	epochs	2.0
3908.856034163214	0.007886099999723228	epochs	3.0
3908.863920263214	16.63528000000042	epochs	0.0
3909.9180002212524	0.07528000000002066	epochs	0.0
3909.9180002212524	0.032641400000102294	epochs	1.0
3909.9506416212525	0.009997199999816075	epochs	1.0
3909.9606388212524	0.032641400000102294	epochs	1.0
3909.9932802212525	2.0	epochs	0.0
3911.9932802212525	21.504320000000007	epochs	0.0
3911.9932802212525	1.0	epochs	1.0
3911.9933014212525	0.5	epochs	-1.0
3912.4933014212525	19.99928	epochs	-1.0
3912.9932802212525	20.0	epochs	1.0
3912.9932802212525	4.356753900000058	epochs	-1.0
3912.9932802212525	1.9745871999998599	epochs	2.0
3912.9932802212525	1.098562199999833	epochs	3.0
3914.0918424212523	0.8760250000000269	epochs	3.0
3914.9678674212523	1.3524075000000266	epochs	2.0
3914.9678674212523	0.7286355000001095	epochs	3.0
3915.6965029212524	0.6237719999999172	epochs	3.0
3916.3202749212523	1.0297592000001714	epochs	2.0
3916.3202749212523	0.5453293000000485	epochs	3.0
3916.8656042212524	0.48442990000012287	epochs	3.0
3917.3500341212525	0.8317861999998968	epochs	2.0
3917.3500341212525	0.4357762999998158	epochs	3.0
3917.7858104212523	0.39600990000008096	epochs	3.0
3918.1818203212524	0.6977969999998095	epochs	2.0
3918.1818203212524	0.3628982000000178	epochs	3.0
3918.5447185212524	0.33489879999979166	epochs	3.0
3918.879617321252	0.6010457000002134	epochs	2.0
3918.879617321252	0.31091230000038195	epochs	3.0
3919.1905296212526	0.29013339999983145	epochs	3.0
3919.4806630212524	0.5278859000000011	epochs	2.0
3919.4806630212524	0.2719585999998344	epochs	3.0
3919.7526216212523	0.2559273000001667	epochs	3.0
3920.0085489212524	0.4706193000001804	epochs	2.0
3920.0085489212524	0.241681299999982	epochs	3.0
3920.2502302212524	0.22893800000019837	epochs	3.0
3920.4791682212526	0.42457039999999324	epochs	2.0
3920.4791682212526	0.2174713999997948	epochs	3.0
3920.6966396212524	0.20709900000019843	epochs	3.0
3920.9037386212526	0.3867353999999068	epochs	2.0
3920.9037386212526	0.1976710999997522	epochs	3.0
3921.1014097212524	0.18906430000015462	epochs	3.0
3921.2904740212525	0.35509529999990264	epochs	2.0
3921.2904740212525	0.1811758999997437	epochs	3.0
3921.4716499212523	0.17391940000015893	epochs	3.0
3921.6455693212524	0.32824310000023615	epochs	2.0
3921.6455693212524	0.167221900000186	epochs	3.0
3921.8127912212526	0.16102120000005016	epochs	3.0
3921.9738124212527	0.3051679999998669	epochs	2.0
3921.9738124212527	0.1552638999996816	epochs	3.0
3922.1290763212523	0.14990410000018528	epochs	3.0
3922.2789804212525	0.28512529999989056	epochs	2.0
3922.2789804212525	0.14490209999985382	epochs	3.0
3922.4238825212524	0.14022320000003674	epochs	3.0
3922.5641057212524	0.2675537999998596	epochs	2.0
3922.5641057212524	0.1358368999999584	epochs	3.0
3922.6999426212524	0.13171689999990122	epochs	3.0
3922.8316595212523	0.25202290000015637	epochs	2.0
3922.8316595212523	0.12783930000023247	epochs	3.0
3922.9594988212525	0.1241835999999239	epochs	3.0
3923.0836824212524	0.23819649999995818	epochs	2.0
3923.0836824212524	0.1207310999998299	epochs	3.0
3923.2044135212523	0.11746540000012828	epochs	3.0
3923.3218789212524	0.22580879999986792	epochs	2.0
3923.3218789212524	0.11437190000015107	epochs	3.0
3923.4362508212525	0.11143689999971684	epochs	3.0
3923.5476877212523	0.21464600000035716	epochs	2.0
3923.5476877212523	0.1086489000003894	epochs	3.0
3923.6563366212526	0.10599709999996776	epochs	3.0
3923.7623337212526	0.2045349999998507	epochs	2.0
3923.7623337212526	0.10347149999961403	epochs	3.0
3923.8658052212522	0.10106350000023667	epochs	3.0
3923.9668687212525	0.19533400000000256	epochs	2.0
3923.9668687212525	0.09876510000003691	epochs	3.0
3924.0656338212525	0.09656889999996565	epochs	3.0
3924.1622027212525	0.18692529999998442	epochs	2.0
3924.1622027212525	0.09446829999978945	epochs	3.0
3924.2566710212523	0.09245700000019497	epochs	3.0
3924.3491280212525	0.1792107000001124	epochs	2.0
3924.3491280212525	0.0905296000000817	epochs	3.0
3924.4396576212525	0.08868110000003071	epochs	3.0
3924.5283387212526	0.17210769999974218	epochs	2.0
3924.5283387212526	0.08690630000000965	epochs	3.0
3924.6152450212526	0.08520139999973253	epochs	3.0
3924.7004464212523	0.16554640000003928	epochs	2.0
3924.7004464212523	0.08356189999994967	epochs	3.0
3924.7840083212523	0.08198450000008961	epochs	3.0
3924.8659928212523	0.15946710000025632	epochs	2.0
3924.8659928212523	0.08046539999986635	epochs	3.0
3924.946458221252	0.07900170000038997	epochs	3.0
3925.0254599212526	0.1538183999996363	epochs	2.0
3925.0254599212526	0.07759009999972477	epochs	3.0
3925.1030500212523	0.07622829999991154	epochs	3.0
3925.1792783212522	0.14855640000041603	epochs	2.0
3925.1792783212522	0.07491330000038943	epochs	3.0
3925.2541916212526	0.0736431000000266	epochs	3.0
3925.3278347212527	0.1436423999998624	epochs	2.0
3925.3278347212527	0.07241499999963708	epochs	3.0
3925.4002497212523	0.07122740000022532	epochs	3.0
3925.4714771212525	0.13904309999998077	epochs	2.0
3925.4714771212525	0.0700779999997394	epochs	3.0
3925.5415551212523	0.06896510000024136	epochs	3.0
3925.6105202212525	0.13472929999988992	epochs	2.0
3925.6105202212525	0.0678871000000072	epochs	3.0
3925.6784073212525	0.06684219999988272	epochs	3.0
3925.7452495212524	0.1306752000000415	epochs	2.0
3925.7452495212524	0.06582909999997355	epochs	3.0
3925.8110786212524	0.06484610000006796	epochs	3.0
3925.8759247212524	0.1268577999999252	epochs	2.0
3925.8759247212524	0.06389200000012352	epochs	3.0
3925.9398167212526	0.06296579999980167	epochs	3.0
3926.0027825212524	0.12325719999989815	epochs	2.0
3926.0027825212524	0.06206580000025497	epochs	3.0
3926.0648483212526	0.06119139999964318	epochs	3.0
3926.1260397212523	0.1198554000002332	epochs	2.0
3926.1260397212523	0.060341100000187	epochs	3.0
3926.1863808212524	0.059514300000046205	epochs	3.0
3926.2458951212525	0.1166361999999026	epochs	2.0
3926.2458951212525	0.058709599999929196	epochs	3.0
3926.3046047212524	0.057926599999973405	epochs	3.0
3926.3625313212524	0.11358560000007856	epochs	2.0
3926.3625313212524	0.05716419999998834	epochs	3.0
3926.4196955212524	0.056421400000090216	epochs	3.0
3926.4761169212525	0.11069050000014613	epochs	2.0
3926.4761169212525	0.05569789999981367	epochs	3.0
3926.5318148212523	0.05499260000033246	epochs	3.0
3926.5868074212526	0.10793909999983953	epochs	2.0
3926.5868074212526	0.054304899999806366	epochs	3.0
3926.6411123212524	0.05363420000003316	epochs	3.0
3926.6947465212525	0.10532150000017282	epochs	2.0
3926.6947465212525	0.05297999999993408	epochs	3.0
3926.7477265212524	0.05234150000023874	epochs	3.0
3926.8000680212526	0.10282759999972768	epochs	2.0
3926.8000680212526	0.05171810000001642	epochs	3.0
3926.8517861212526	0.05110949999971126	epochs	3.0
3926.9028956212524	0.10044909999987794	epochs	2.0
3926.9028956212524	0.050514900000052876	epochs	3.0
3926.9534105212524	0.04993419999982507	epochs	3.0
3927.0033447212522	0.09817830000019967	epochs	2.0
3927.0033447212522	0.0493666000002122	epochs	3.0
3927.0527113212524	0.04881169999998747	epochs	3.0
3927.1015230212524	0.09600779999982478	epochs	2.0
3927.1015230212524	0.04826920000004975	epochs	3.0
3927.1497922212525	0.04773859999977503	epochs	3.0
3927.1975308212523	0.09393120000004274	epochs	2.0
3927.1975308212523	0.047219500000210246	epochs	3.0
3927.2447503212525	0.04671169999983249	epochs	3.0
3927.2914620212523	0.09194260000003851	epochs	2.0
3927.2914620212523	0.046214599999984785	epochs	3.0
3927.3376766212523	0.045728000000053726	epochs	3.0
3927.3834046212523	0.09003630000006524	epochs	2.0
3927.3834046212523	0.04525150000017675	epochs	3.0
3927.4286561212525	0.04478479999988849	epochs	3.0
3927.4734409212524	0.08820760000025984	epochs	2.0
3927.4734409212524	0.0443278000002465	epochs	3.0
3927.5177687212527	0.04387980000001335	epochs	3.0
3927.5616485212527	0.0864516999999978	epochs	2.0
3927.5616485212527	0.04344099999980244	epochs	3.0
3927.6050895212525	0.04301070000019536	epochs	3.0
3927.6481002212527	0.08476429999973334	epochs	2.0
3927.6481002212527	0.0425889999996798	epochs	3.0
3927.6906892212523	0.04217530000005354	epochs	3.0
3927.7328645212524	0.08314150000023801	epochs	2.0
3927.7328645212524	0.041769700000259036	epochs	3.0
3927.7746342212527	0.041371799999978975	epochs	3.0
3927.8160060212526	0.08157970000002024	epochs	2.0
3927.8160060212526	0.040981399999964196	epochs	3.0
3927.8569874212526	0.04059830000005604	epochs	3.0
3927.8975857212527	0.08007549999956609	epochs	2.0
3927.8975857212527	0.04022229999964111	epochs	3.0
3927.9378080212523	0.03985319999992498	epochs	3.0
3927.977661221252	0.07862570000042979	epochs	2.0
3927.977661221252	0.03949080000029426	epochs	3.0
3928.0171520212525	0.03913490000013553	epochs	3.0
3928.0562869212526	0.07722759999978734	epochs	2.0
3928.0562869212526	0.03878539999959685	epochs	3.0
3928.0950723212522	0.038442200000190496	epochs	3.0
3928.1335145212524	0.07587819999980638	epochs	2.0
3928.1335145212524	0.03810479999992822	epochs	3.0
3928.1716193212524	0.037773399999878166	epochs	3.0
3928.2093927212522	0.07457520000025397	epochs	2.0
3928.2093927212522	0.03744770000002973	epochs	3.0
3928.2468404212523	0.037127500000224245	epochs	3.0
3928.2839679212525	0.07331629999998768	epochs	2.0
3928.2839679212525	0.03681289999985893	epochs	3.0
3928.3207808212524	0.03650340000012875	epochs	3.0
3928.3572842212525	0.07209899999998015	epochs	2.0
3928.3572842212525	0.03619909999997617	epochs	3.0
3928.3934833212525	0.03589990000000398	epochs	3.0
3928.4293832212525	0.07092169999987163	epochs	2.0
3928.4293832212525	0.03560560000005353	epochs	3.0
3928.4649888212525	0.03531609999981811	epochs	3.0
3928.5003049212523	0.06978200000003199	epochs	2.0
3928.5003049212523	0.03503120000004856	epochs	3.0
3928.5353361212524	0.03475079999998343	epochs	3.0
3928.5700869212524	0.06867860000011206	epochs	2.0
3928.5700869212524	0.034475100000236125	epochs	3.0
3928.6045620212526	0.03420349999987593	epochs	3.0
3928.6387655212525	0.06760930000018561	epochs	2.0
3928.6387655212525	0.033936199999970995	epochs	3.0
3928.6727017212525	0.03367310000021462	epochs	3.0
3928.7063748212527	0.06657289999975546	epochs	2.0
3928.7063748212527	0.03341399999999339	epochs	3.0
3928.7397888212527	0.03315889999976207	epochs	3.0
3928.7729477212524	0.06556779999982609	epochs	2.0
3928.7729477212524	0.03290770000012344	epochs	3.0
3928.8058554212525	0.03266009999970265	epochs	3.0
3928.8385155212522	0.0645926000001964	epochs	2.0
3928.8385155212522	0.032416400000329304	epochs	3.0
3928.8709319212526	0.032176199999867094	epochs	3.0
3928.9031081212524	0.06364600000006249	epochs	2.0
3928.9031081212524	0.03193959999998697	epochs	3.0
3928.9350477212524	0.03170640000007552	epochs	3.0
3928.9667541212525	0.0627266999999847	epochs	2.0
3928.9667541212525	0.03147660000013275	epochs	3.0
3928.9982307212526	0.031250099999851955	epochs	3.0
3929.0294808212525	0.06183359999977256	epochs	2.0
3929.0294808212525	0.031026900000142632	epochs	3.0
3929.0605077212526	0.030806699999629927	epochs	3.0
3929.0913144212523	0.06096560000014506	epochs	2.0
3929.0913144212523	0.03058980000014344	epochs	3.0
3929.1219042212524	0.030375800000001618	epochs	3.0
3929.1522800212524	0.06012160000000222	epochs	2.0
3929.1522800212524	0.030164899999817862	epochs	3.0
3929.182444921252	0.029956700000184355	epochs	3.0
3929.2124016212524	0.059300700000221696	epochs	2.0
3929.2124016212524	0.029751600000054168	epochs	3.0
3929.2421532212525	0.029549100000167527	epochs	3.0
3929.2717023212526	0.05850179999970351	epochs	2.0
3929.2717023212526	0.029349399999773595	epochs	3.0
3929.3010517212524	0.029152399999929912	epochs	3.0
3929.3302041212523	0.05772419999993872	epochs	2.0
3929.3302041212523	0.028958000000329776	epochs	3.0
3929.3591621212527	0.028766199999608943	epochs	3.0
3929.3879283212523	0.0569671000002927	epochs	2.0
3929.3879283212523	0.028577000000041153	epochs	3.0
3929.4165053212523	0.02839010000025155	epochs	3.0
3929.4448954212526	0.05622949999997218	epochs	2.0
3929.4448954212526	0.028205699999944045	epochs	3.0
3929.4731011212525	0.028023800000028132	epochs	3.0
3929.5011249212525	0.05551070000001346	epochs	2.0
3929.5011249212525	0.02784399999973175	epochs	3.0
3929.5289689212523	0.027666700000281708	epochs	3.0
3929.5566356212526	0.05481019999979253	epochs	2.0
3929.5566356212526	0.02749149999999645	epochs	3.0
3929.5841271212525	0.02731869999979608	epochs	3.0
3929.6114458212523	0.054126999999880354	epochs	2.0
3929.6114458212523	0.027147799999966082	epochs	3.0
3929.6385936212523	0.026979199999914272	epochs	3.0
3929.665572821252	0.05346070000041436	epochs	2.0
3929.665572821252	0.026812600000084785	epochs	3.0
3929.6923854212523	0.026648100000329578	epochs	3.0
3929.7190335212526	0.05281070000000909	epochs	2.0
3929.7190335212526	0.0264855999998872	epochs	3.0
3929.7455191212525	0.026325100000121893	epochs	3.0
3929.7718442212526	0.052176199999848905	epochs	2.0
3929.7718442212526	0.026166399999965506	epochs	3.0
3929.7980106212526	0.0260097999998834	epochs	3.0
3929.8240204212525	0.05155669999976453	epochs	2.0
3929.8240204212525	0.02585480000016105	epochs	3.0
3929.8498752212527	0.025701899999603484	epochs	3.0
3929.8755771212523	0.05095190000020011	epochs	2.0
3929.8755771212523	0.025550700000167126	epochs	3.0
3929.9011278212524	0.025401200000032986	epochs	3.0
3929.9265290212525	0.05036100000006627	epochs	2.0
3929.9265290212525	0.025253499999962514	epochs	3.0
3929.9517825212524	0.025107500000103755	epochs	3.0
3929.9768900212525	0.04978380000011384	epochs	2.0
3929.9768900212525	0.02496320000000196	epochs	3.0
3930.0018532212525	0.02482060000011188	epochs	3.0
3930.0266738212526	0.049219499999708205	epochs	2.0
3930.0266738212526	0.024679399999968155	epochs	3.0
3930.0513532212526	0.02454009999974005	epochs	3.0
3930.0758933212524	0.04866790000005494	epochs	2.0
3930.0758933212524	0.02440210000031584	epochs	3.0
3930.1002954212527	0.0242657999997391	epochs	3.0
3930.1245612212524	0.048128599999927246	epochs	2.0
3930.1245612212524	0.024131000000124914	epochs	3.0
3930.1486922212525	0.023997599999802333	epochs	3.0
3930.1726898212523	0.047601100000065344	epochs	2.0
3930.1726898212523	0.023865800000294257	epochs	3.0
3930.1965556212526	0.023735299999771087	epochs	3.0
3930.2202909212524	0.04708500000015192	epochs	2.0
3930.2202909212524	0.023606300000210467	epochs	3.0
3930.2438972212526	0.023478699999941455	epochs	3.0
3930.2673759212526	0.04657999999972162	epochs	2.0
3930.2673759212526	0.023352499999873544	epochs	3.0
3930.2907284212524	0.023227499999848078	epochs	3.0
3930.3139559212523	0.04608570000027612	epochs	2.0
3930.3139559212523	0.023104000000330416	epochs	3.0
3930.3370599212526	0.022981699999945704	epochs	3.0
3930.3600416212525	0.045601799999985815	epochs	2.0
3930.3600416212525	0.02286069999991014	epochs	3.0
3930.3829023212525	0.022741100000075676	epochs	3.0
3930.4056434212525	0.045127899999897636	epochs	2.0
3930.4056434212525	0.022622500000125	epochs	3.0
3930.4282659212527	0.022505399999772635	epochs	3.0
3930.4507713212524	0.04466379999985293	epochs	2.0
3930.4507713212524	0.022389300000213552	epochs	3.0
3930.4731606212526	0.022274499999639374	epochs	3.0
3930.4954351212523	0.04420920000029582	epochs	2.0
3930.4954351212523	0.02216080000016518	epochs	3.0
3930.5175959212525	0.02204840000013064	epochs	3.0
3930.5396443212526	0.043763599999692815	epochs	2.0
3930.5396443212526	0.021936899999673187	epochs	3.0
3930.5615812212523	0.021826700000019628	epochs	3.0
3930.5834079212523	0.043327100000169594	epochs	2.0
3930.5834079212523	0.02171760000010181	epochs	3.0
3930.6051255212524	0.021609500000067783	epochs	3.0
3930.6267350212524	0.04289900000003399	epochs	2.0
3930.6267350212524	0.021502500000224245	epochs	3.0
3930.6482375212527	0.021396499999809748	epochs	3.0
3930.6696340212525	0.04247949999989942	epochs	2.0
3930.6696340212525	0.021291699999892444	epochs	3.0
3930.6909257212524	0.021187800000006973	epochs	3.0
3930.7121135212524	0.04206789999989269	epochs	2.0
3930.7121135212524	0.02108490000000529	epochs	3.0
3930.7331984212524	0.020982999999887397	epochs	3.0
3930.7541814212523	0.041664400000172463	epochs	2.0
3930.7541814212523	0.020882199999959994	epochs	3.0
3930.7750636212522	0.02078220000021247	epochs	3.0
3930.7958458212524	0.04126850000011473	epochs	2.0
3930.7958458212524	0.02068330000020069	epochs	3.0
3930.8165291212526	0.02058519999991404	epochs	3.0
3930.8371143212526	0.04088000000001557	epochs	2.0
3930.8371143212526	0.020488099999965925	epochs	3.0
3930.8576024212525	0.020391900000049645	epochs	3.0
3930.8779943212526	0.04049880000002304	epochs	2.0
3930.8779943212526	0.020296599999710452	epochs	3.0
3930.8982909212523	0.020202200000312587	epochs	3.0
3930.9184931212526	0.04012459999967177	epochs	2.0
3930.9184931212526	0.02010870000003706	epochs	3.0
3930.9386018212526	0.020015899999634712	epochs	3.0
3930.9586177212523	0.03975730000001931	epochs	2.0
3930.9586177212523	0.01992420000033235	epochs	3.0
3930.9785419212526	0.019833099999686965	epochs	3.0
3930.9983750212523	0.03939669999999751	epochs	2.0
3930.9983750212523	0.019743000000289612	epochs	3.0
3931.0181180212526	0.019653699999707896	epochs	3.0
3931.0377717212523	0.03904240000019854	epochs	2.0
3931.0377717212523	0.0195651000003636	epochs	3.0
3931.0573368212526	0.01947729999983494	epochs	3.0
3931.0768141212525	0.03869459999987157	epochs	2.0
3931.0768141212525	0.019390399999792862	epochs	3.0
3931.0962045212523	0.01930420000007871	epochs	3.0
3931.1155087212524	0.03835290000006353	epochs	2.0
3931.1155087212524	0.019218800000089686	epochs	3.0
3931.1347275212524	0.01913409999997384	epochs	3.0
3931.1538616212524	0.03801720000001296	epochs	2.0
3931.1538616212524	0.019050200000037876	epochs	3.0
3931.1729118212525	0.018966999999975087	epochs	3.0
3931.1918788212524	0.03768720000016401	epochs	2.0
3931.1918788212524	0.018884499999785476	epochs	3.0
3931.210763321252	0.018802700000378536	epochs	3.0
3931.2295660212526	0.037363099999765836	epochs	2.0
3931.2295660212526	0.018721699999787234	epochs	3.0
3931.2482877212524	0.018641399999978603	epochs	3.0
3931.2669291212524	0.037044300000161456	epochs	2.0
3931.2669291212524	0.018561599999884493	epochs	3.0
3931.2854907212522	0.018482700000276964	epochs	3.0
3931.3039734212525	0.036731000000145286	epochs	2.0
3931.3039734212525	0.018404299999929208	epochs	3.0
3931.3223777212525	0.01832670000021608	epochs	3.0
3931.3407044212527	0.036422899999706715	epochs	2.0
3931.3407044212527	0.018249599999762722	epochs	3.0
3931.3589540212524	0.018173299999943993	epochs	3.0
3931.3771273212524	0.03612010000006194	epochs	2.0
3931.3771273212524	0.018097600000146485	epochs	3.0
3931.3952249212525	0.018022499999915453	epochs	3.0
3931.4132474212524	0.035822100000132195	epochs	2.0
3931.4132474212524	0.01794789999985369	epochs	3.0
3931.4311953212523	0.017874200000278506	epochs	3.0
3931.4490695212526	0.03552899999976944	epochs	2.0
3931.4490695212526	0.01780079999980444	epochs	3.0
3931.4668703212524	0.017728199999965	epochs	3.0
3931.4845985212523	0.03524070000003121	epochs	2.0
3931.4845985212523	0.017656100000294828	epochs	3.0
3931.5022546212526	0.017584599999736383	epochs	3.0
3931.5198392212524	0.03495710000015606	epochs	2.0
3931.5198392212524	0.017513700000108656	epochs	3.0
3931.5373529212525	0.017443400000047404	epochs	3.0
3931.5547963212525	0.03467790000013338	epochs	2.0
3931.5547963212525	0.017373599999700673	epochs	3.0
3931.572169921252	0.017304300000432704	epochs	3.0
3931.5894742212527	0.03440329999966707	epochs	2.0
3931.5894742212527	0.01723569999967367	epochs	3.0
3931.6067099212523	0.0171675999999934	epochs	3.0
3931.6238775212523	0.03413279999995211	epochs	2.0
3931.6238775212523	0.017099900000175694	epochs	3.0
3931.6409774212525	0.01703289999977642	epochs	3.0
3931.6580103212523	0.03386670000008962	epochs	2.0
3931.6580103212523	0.01696640000000116	epochs	3.0
3931.6749767212523	0.016900300000088464	epochs	3.0
3931.6918770212524	0.03360460000021703	epochs	2.0
3931.6918770212524	0.016834800000196992	epochs	3.0
3931.7087118212526	0.01676980000002004	epochs	3.0
3931.7254816212526	0.03334659999973155	epochs	2.0
3931.7254816212526	0.016705300000012357	epochs	3.0
3931.7421869212526	0.016641299999719195	epochs	3.0
3931.7588282212523	0.03309250000029351	epochs	2.0
3931.7588282212523	0.016577800000050047	epochs	3.0
3931.7754060212524	0.016514700000243465	epochs	3.0
3931.7919207212526	0.032842299999629176	epochs	2.0
3931.7919207212526	0.01645220000000336	epochs	3.0
3931.8083729212526	0.016390099999625818	epochs	3.0
3931.8247630212522	0.03259570000000167	epochs	2.0
3931.8247630212522	0.016328400000020338	epochs	3.0
3931.8410914212523	0.016267299999981333	epochs	3.0
3931.8573587212522	0.03235290000020541	epochs	2.0
3931.8573587212522	0.01620660000025964	epochs	3.0
3931.8735653212525	0.016146299999945768	epochs	3.0
3931.8897116212524	0.032113700000081735	epochs	2.0
3931.8897116212524	0.016086600000107865	epochs	3.0
3931.9057982212526	0.01602709999997387	epochs	3.0
3931.9218253212525	0.031877999999778694	epochs	2.0
3931.9218253212525	0.0159681999998611	epochs	3.0
3931.9377935212524	0.015909799999917595	epochs	3.0
3931.9537033212523	0.03164570000035383	epochs	2.0
3931.9537033212523	0.01585160000013275	epochs	3.0
3931.9695549212524	0.01579410000022108	epochs	3.0
3931.9853490212527	0.03141669999968144	epochs	2.0
3931.9853490212527	0.015736699999706616	epochs	3.0
3932.0010857212524	0.015679999999974825	epochs	3.0
3932.0167657212523	0.03119109999988723	epochs	2.0
3932.0167657212523	0.015623600000253646	epochs	3.0
3932.0323893212526	0.015567499999633583	epochs	3.0
3932.0479568212522	0.030968700000357785	epochs	2.0
3932.0479568212522	0.015512000000398984	epochs	3.0
3932.0634688212526	0.0154566999999588	epochs	3.0
3932.0789255212526	0.03074949999972887	epochs	2.0
3932.0789255212526	0.015401999999994587	epochs	3.0
3932.0943275212526	0.015347499999734282	epochs	3.0
3932.1096750212523	0.030533200000263605	epochs	2.0
3932.1096750212523	0.015293400000246038	epochs	3.0
3932.1249684212526	0.015239800000017567	epochs	3.0
3932.1402082212526	0.03032009999969887	epochs	2.0
3932.1402082212526	0.015186499999799707	epochs	3.0
3932.1553947212524	0.015133599999899161	epochs	3.0
3932.1705283212523	0.030109900000297785	epochs	2.0
3932.1705283212523	0.015081000000009226	epochs	3.0
3932.1856093212523	0.015028900000288559	epochs	3.0
3932.2006382212526	0.029902499999934662	epochs	2.0
3932.2006382212526	0.014976999999817053	epochs	3.0
3932.2156152212524	0.014925500000117609	epochs	3.0
3932.2305407212525	0.0296981000001324	epochs	2.0
3932.2305407212525	0.014874399999825982	epochs	3.0
3932.2454151212523	0.014823700000306417	epochs	3.0
3932.2602388212526	0.02949629999966419	epochs	2.0
3932.2602388212526	0.014773199999581266	epochs	3.0
3932.275012021252	0.014723100000082923	epochs	3.0
3932.2897351212523	0.02929740000035963	epochs	2.0
3932.2897351212523	0.014673399999992398	epochs	3.0
3932.3044085212523	0.014624000000367232	epochs	3.0
3932.3190325212527	0.029101099999934377	epochs	2.0
3932.3190325212527	0.014574899999843183	epochs	3.0
3932.3336074212525	0.014526200000091194	epochs	3.0
3932.3481336212526	0.02890739999975267	epochs	2.0
3932.3481336212526	0.014477700000043114	epochs	3.0
3932.3626113212526	0.014429699999709555	epochs	3.0
3932.3770410212524	0.028716199999962555	epochs	2.0
3932.3770410212524	0.014381800000137446	epochs	3.0
3932.3914228212525	0.01433439999982511	epochs	3.0
3932.4057572212523	0.02852759999996124	epochs	2.0
3932.4057572212523	0.014287200000126177	epochs	3.0
3932.4200444212524	0.014240399999835063	epochs	3.0
3932.4342848212523	0.028341400000044814	epochs	2.0
3932.4342848212523	0.014193800000157353	epochs	3.0
3932.4484786212524	0.014147599999887461	epochs	3.0
3932.4626262212523	0.028157700000065233	epochs	2.0
3932.4626262212523	0.014101700000082928	epochs	3.0
3932.4767279212524	0.014055999999982305	epochs	3.0
3932.4907839212524	0.02797629999986384	epochs	2.0
3932.4907839212524	0.014010599999892293	epochs	3.0
3932.5047945212523	0.013965699999971548	epochs	3.0
3932.5187602212523	0.02779720000035013	epochs	2.0
3932.5187602212523	0.013920800000050804	epochs	3.0
3932.5326810212523	0.013876400000299327	epochs	3.0
3932.5465574212526	0.027620399999705114	epochs	2.0
3932.5465574212526	0.013832199999797012	epochs	3.0
3932.5603896212524	0.013788199999908102	epochs	3.0
3932.5741778212523	0.027445900000202528	epochs	2.0
3932.5741778212523	0.013744600000336504	epochs	3.0
3932.5879224212526	0.013701299999866023	epochs	3.0
3932.6016237212525	0.027273499999864725	epochs	2.0
3932.6016237212525	0.013658200000008947	epochs	3.0
3932.6152819212525	0.013615299999855779	epochs	3.0
3932.6288972212524	0.027103400000214606	epochs	2.0
3932.6288972212524	0.013572800000019924	epochs	3.0
3932.6424700212524	0.013530600000194681	epochs	3.0
3932.6560006212526	0.02693520000002536	epochs	2.0
3932.6560006212526	0.01348839999991469	epochs	3.0
3932.6694890212525	0.01344680000011067	epochs	3.0
3932.6829358212526	0.02676919999976235	epochs	2.0
3932.6829358212526	0.013405199999851902	epochs	3.0
3932.6963410212525	0.013363999999910448	epochs	3.0
3932.7097050212524	0.02660520000017641	epochs	2.0
3932.7097050212524	0.013322900000275695	epochs	3.0
3932.7230279212527	0.013282299999900715	epochs	3.0
3932.7363102212526	0.0264431999999033	epochs	2.0
3932.7363102212526	0.013241699999980483	epochs	3.0
3932.7495519212525	0.013201499999922817	epochs	3.0
3932.7627534212525	0.026283199999852513	epochs	2.0
3932.7627534212525	0.013161500000023807	epochs	3.0
3932.7759149212525	0.013121699999828706	epochs	3.0
3932.7890366212523	0.026125000000320142	epochs	2.0
3932.7890366212523	0.01308210000024701	epochs	3.0
3932.8021187212526	0.013042900000073132	epochs	3.0
3932.8151616212526	0.025968899999952555	epochs	2.0
3932.8151616212526	0.013003899999603163	epochs	3.0
3932.8281655212522	0.012965000000349391	epochs	3.0
3932.8411305212526	0.02581449999979668	epochs	2.0
3932.8411305212526	0.012926399999741989	epochs	3.0
3932.8540569212523	0.012888100000054692	epochs	3.0
3932.8669450212524	0.02566190000015922	epochs	2.0
3932.8669450212524	0.01284990000021935	epochs	3.0
3932.8797949212526	0.012811999999939871	epochs	3.0
3932.8926069212525	0.025511199999982637	epochs	2.0
3932.8926069212525	0.012774400000125752	epochs	3.0
3932.9053813212527	0.012736799999856885	epochs	3.0
3932.9181181212525	0.02536229999986972	epochs	2.0
3932.9181181212525	0.012699699999757286	epochs	3.0
3932.9308178212523	0.012662600000112434	epochs	3.0
3932.9434804212524	0.02521500000011656	epochs	2.0
3932.9434804212524	0.012625800000023446	epochs	3.0
3932.9561062212524	0.012589200000093115	epochs	3.0
3932.9686954212525	0.024584799999956886	epochs	2.0
3932.9925814212525	0.5	epochs	-1.0
3932.9932802212525	0.504320000000007	epochs	1.0
3933.4976002212525	0.495600000000195	epochs	0.0
3934.5740003585815	0.07528000000002066	epochs	0.0
3934.5740003585815	0.032641400000102294	epochs	1.0
3934.6066417585816	0.009997199999816075	epochs	1.0
3934.6166389585815	0.032641400000102294	epochs	1.0
3934.6492803585816	2.0	epochs	0.0
3936.6492803585816	21.504719999999907	epochs	0.0
3936.6492803585816	1.0	epochs	1.0
3936.6493015585816	0.5	epochs	-1.0
3937.1493015585816	19.99928	epochs	-1.0
3937.6492803585816	20.0	epochs	1.0
3937.6492803585816	4.356753900000058	epochs	-1.0
3937.6492803585816	1.9745871999998599	epochs	2.0
3937.6492803585816	1.098562199999833	epochs	3.0
3938.7478425585814	0.8760250000000269	epochs	3.0
3939.6238675585814	1.3524075000000266	epochs	2.0
3939.6238675585814	0.7286355000001095	epochs	3.0
3940.3525030585815	0.6237719999999172	epochs	3.0
3940.9762750585815	1.0297592000001714	epochs	2.0
3940.9762750585815	0.5453293000000485	epochs	3.0
3941.5216043585815	0.48442990000012287	epochs	3.0
3942.0060342585816	0.8317861999998968	epochs	2.0
3942.0060342585816	0.4357762999998158	epochs	3.0
3942.4418105585814	0.39600990000008096	epochs	3.0
3942.8378204585815	0.6977969999998095	epochs	2.0
3942.8378204585815	0.3628982000000178	epochs	3.0
3943.2007186585815	0.33489879999979166	epochs	3.0
3943.5356174585813	0.6010457000002134	epochs	2.0
3943.5356174585813	0.31091230000038195	epochs	3.0
3943.8465297585817	0.29013339999983145	epochs	3.0
3944.1366631585815	0.5278859000000011	epochs	2.0
3944.1366631585815	0.2719585999998344	epochs	3.0
3944.4086217585814	0.2559273000001667	epochs	3.0
3944.6645490585815	0.4706193000001804	epochs	2.0
3944.6645490585815	0.241681299999982	epochs	3.0
3944.9062303585815	0.22893800000019837	epochs	3.0
3945.1351683585817	0.42457039999999324	epochs	2.0
3945.1351683585817	0.2174713999997948	epochs	3.0
3945.3526397585815	0.20709900000019843	epochs	3.0
3945.5597387585817	0.3867353999999068	epochs	2.0
3945.5597387585817	0.1976710999997522	epochs	3.0
3945.7574098585815	0.18906430000015462	epochs	3.0
3945.9464741585816	0.35509529999990264	epochs	2.0
3945.9464741585816	0.1811758999997437	epochs	3.0
3946.1276500585814	0.17391940000015893	epochs	3.0
3946.3015694585815	0.32824310000023615	epochs	2.0
3946.3015694585815	0.167221900000186	epochs	3.0
3946.4687913585817	0.16102120000005016	epochs	3.0
3946.6298125585818	0.3051679999998669	epochs	2.0
3946.6298125585818	0.1552638999996816	epochs	3.0
3946.7850764585814	0.14990410000018528	epochs	3.0
3946.9349805585816	0.28512529999989056	epochs	2.0
3946.9349805585816	0.14490209999985382	epochs	3.0
3947.0798826585815	0.14022320000003674	epochs	3.0
3947.2201058585815	0.2675537999998596	epochs	2.0
3947.2201058585815	0.1358368999999584	epochs	3.0
3947.3559427585815	0.13171689999990122	epochs	3.0
3947.4876596585814	0.25202290000015637	epochs	2.0
3947.4876596585814	0.12783930000023247	epochs	3.0
3947.6154989585816	0.1241835999999239	epochs	3.0
3947.7396825585815	0.23819649999995818	epochs	2.0
3947.7396825585815	0.1207310999998299	epochs	3.0
3947.8604136585814	0.11746540000012828	epochs	3.0
3947.9778790585815	0.22580879999986792	epochs	2.0
3947.9778790585815	0.11437190000015107	epochs	3.0
3948.0922509585816	0.11143689999971684	epochs	3.0
3948.2036878585814	0.21464600000035716	epochs	2.0
3948.2036878585814	0.1086489000003894	epochs	3.0
3948.3123367585818	0.10599709999996776	epochs	3.0
3948.4183338585817	0.2045349999998507	epochs	2.0
3948.4183338585817	0.10347149999961403	epochs	3.0
3948.5218053585813	0.10106350000023667	epochs	3.0
3948.6228688585816	0.19533400000000256	epochs	2.0
3948.6228688585816	0.09876510000003691	epochs	3.0
3948.7216339585816	0.09656889999996565	epochs	3.0
3948.8182028585816	0.18692529999998442	epochs	2.0
3948.8182028585816	0.09446829999978945	epochs	3.0
3948.9126711585814	0.09245700000019497	epochs	3.0
3949.0051281585816	0.1792107000001124	epochs	2.0
3949.0051281585816	0.0905296000000817	epochs	3.0
3949.0956577585816	0.08868110000003071	epochs	3.0
3949.1843388585817	0.17210769999974218	epochs	2.0
3949.1843388585817	0.08690630000000965	epochs	3.0
3949.2712451585817	0.08520139999973253	epochs	3.0
3949.3564465585814	0.16554640000003928	epochs	2.0
3949.3564465585814	0.08356189999994967	epochs	3.0
3949.4400084585814	0.08198450000008961	epochs	3.0
3949.5219929585814	0.15946710000025632	epochs	2.0
3949.5219929585814	0.08046539999986635	epochs	3.0
3949.6024583585813	0.07900170000038997	epochs	3.0
3949.6814600585817	0.1538183999996363	epochs	2.0
3949.6814600585817	0.07759009999972477	epochs	3.0
3949.7590501585814	0.07622829999991154	epochs	3.0
3949.8352784585813	0.14855640000041603	epochs	2.0
3949.8352784585813	0.07491330000038943	epochs	3.0
3949.9101917585817	0.0736431000000266	epochs	3.0
3949.9838348585818	0.1436423999998624	epochs	2.0
3949.9838348585818	0.07241499999963708	epochs	3.0
3950.0562498585814	0.07122740000022532	epochs	3.0
3950.1274772585816	0.13904309999998077	epochs	2.0
3950.1274772585816	0.0700779999997394	epochs	3.0
3950.1975552585814	0.06896510000024136	epochs	3.0
3950.2665203585816	0.13472929999988992	epochs	2.0
3950.2665203585816	0.0678871000000072	epochs	3.0
3950.3344074585816	0.06684219999988272	epochs	3.0
3950.4012496585815	0.1306752000000415	epochs	2.0
3950.4012496585815	0.06582909999997355	epochs	3.0
3950.4670787585815	0.06484610000006796	epochs	3.0
3950.5319248585815	0.1268577999999252	epochs	2.0
3950.5319248585815	0.06389200000012352	epochs	3.0
3950.5958168585817	0.06296579999980167	epochs	3.0
3950.6587826585815	0.12325719999989815	epochs	2.0
3950.6587826585815	0.06206580000025497	epochs	3.0
3950.7208484585817	0.06119139999964318	epochs	3.0
3950.7820398585814	0.1198554000002332	epochs	2.0
3950.7820398585814	0.060341100000187	epochs	3.0
3950.8423809585815	0.059514300000046205	epochs	3.0
3950.9018952585816	0.1166361999999026	epochs	2.0
3950.9018952585816	0.058709599999929196	epochs	3.0
3950.9606048585815	0.057926599999973405	epochs	3.0
3951.0185314585815	0.11358560000007856	epochs	2.0
3951.0185314585815	0.05716419999998834	epochs	3.0
3951.0756956585815	0.056421400000090216	epochs	3.0
3951.1321170585816	0.11069050000014613	epochs	2.0
3951.1321170585816	0.05569789999981367	epochs	3.0
3951.1878149585814	0.05499260000033246	epochs	3.0
3951.2428075585817	0.10793909999983953	epochs	2.0
3951.2428075585817	0.054304899999806366	epochs	3.0
3951.2971124585815	0.05363420000003316	epochs	3.0
3951.3507466585816	0.10532150000017282	epochs	2.0
3951.3507466585816	0.05297999999993408	epochs	3.0
3951.4037266585815	0.05234150000023874	epochs	3.0
3951.4560681585817	0.10282759999972768	epochs	2.0
3951.4560681585817	0.05171810000001642	epochs	3.0
3951.5077862585817	0.05110949999971126	epochs	3.0
3951.5588957585815	0.10044909999987794	epochs	2.0
3951.5588957585815	0.050514900000052876	epochs	3.0
3951.6094106585815	0.04993419999982507	epochs	3.0
3951.6593448585813	0.09817830000019967	epochs	2.0
3951.6593448585813	0.0493666000002122	epochs	3.0
3951.7087114585815	0.04881169999998747	epochs	3.0
3951.7575231585815	0.09600779999982478	epochs	2.0
3951.7575231585815	0.04826920000004975	epochs	3.0
3951.8057923585816	0.04773859999977503	epochs	3.0
3951.8535309585814	0.09393120000004274	epochs	2.0
3951.8535309585814	0.047219500000210246	epochs	3.0
3951.9007504585816	0.04671169999983249	epochs	3.0
3951.9474621585814	0.09194260000003851	epochs	2.0
3951.9474621585814	0.046214599999984785	epochs	3.0
3951.9936767585814	0.045728000000053726	epochs	3.0
3952.0394047585814	0.09003630000006524	epochs	2.0
3952.0394047585814	0.04525150000017675	epochs	3.0
3952.0846562585816	0.04478479999988849	epochs	3.0
3952.1294410585815	0.08820760000025984	epochs	2.0
3952.1294410585815	0.0443278000002465	epochs	3.0
3952.1737688585818	0.04387980000001335	epochs	3.0
3952.2176486585818	0.0864516999999978	epochs	2.0
3952.2176486585818	0.04344099999980244	epochs	3.0
3952.2610896585816	0.04301070000019536	epochs	3.0
3952.3041003585818	0.08476429999973334	epochs	2.0
3952.3041003585818	0.0425889999996798	epochs	3.0
3952.3466893585814	0.04217530000005354	epochs	3.0
3952.3888646585815	0.08314150000023801	epochs	2.0
3952.3888646585815	0.041769700000259036	epochs	3.0
3952.4306343585818	0.041371799999978975	epochs	3.0
3952.4720061585817	0.08157970000002024	epochs	2.0
3952.4720061585817	0.040981399999964196	epochs	3.0
3952.5129875585817	0.04059830000005604	epochs	3.0
3952.5535858585818	0.08007549999956609	epochs	2.0
3952.5535858585818	0.04022229999964111	epochs	3.0
3952.5938081585814	0.03985319999992498	epochs	3.0
3952.6336613585813	0.07862570000042979	epochs	2.0
3952.6336613585813	0.03949080000029426	epochs	3.0
3952.6731521585816	0.03913490000013553	epochs	3.0
3952.7122870585818	0.07722759999978734	epochs	2.0
3952.7122870585818	0.03878539999959685	epochs	3.0
3952.7510724585813	0.038442200000190496	epochs	3.0
3952.7895146585815	0.07587819999980638	epochs	2.0
3952.7895146585815	0.03810479999992822	epochs	3.0
3952.8276194585815	0.037773399999878166	epochs	3.0
3952.8653928585813	0.07457520000025397	epochs	2.0
3952.8653928585813	0.03744770000002973	epochs	3.0
3952.9028405585814	0.037127500000224245	epochs	3.0
3952.9399680585816	0.07331629999998768	epochs	2.0
3952.9399680585816	0.03681289999985893	epochs	3.0
3952.9767809585815	0.03650340000012875	epochs	3.0
3953.0132843585816	0.07209899999998015	epochs	2.0
3953.0132843585816	0.03619909999997617	epochs	3.0
3953.0494834585816	0.03589990000000398	epochs	3.0
3953.0853833585816	0.07092169999987163	epochs	2.0
3953.0853833585816	0.03560560000005353	epochs	3.0
3953.1209889585816	0.03531609999981811	epochs	3.0
3953.1563050585814	0.06978200000003199	epochs	2.0
3953.1563050585814	0.03503120000004856	epochs	3.0
3953.1913362585815	0.03475079999998343	epochs	3.0
3953.2260870585815	0.06867860000011206	epochs	2.0
3953.2260870585815	0.034475100000236125	epochs	3.0
3953.2605621585817	0.03420349999987593	epochs	3.0
3953.2947656585816	0.06760930000018561	epochs	2.0
3953.2947656585816	0.033936199999970995	epochs	3.0
3953.3287018585816	0.03367310000021462	epochs	3.0
3953.3623749585818	0.06657289999975546	epochs	2.0
3953.3623749585818	0.03341399999999339	epochs	3.0
3953.3957889585818	0.03315889999976207	epochs	3.0
3953.4289478585815	0.06556779999982609	epochs	2.0
3953.4289478585815	0.03290770000012344	epochs	3.0
3953.4618555585816	0.03266009999970265	epochs	3.0
3953.4945156585813	0.0645926000001964	epochs	2.0
3953.4945156585813	0.032416400000329304	epochs	3.0
3953.5269320585817	0.032176199999867094	epochs	3.0
3953.5591082585815	0.06364600000006249	epochs	2.0
3953.5591082585815	0.03193959999998697	epochs	3.0
3953.5910478585815	0.03170640000007552	epochs	3.0
3953.6227542585816	0.0627266999999847	epochs	2.0
3953.6227542585816	0.03147660000013275	epochs	3.0
3953.6542308585817	0.031250099999851955	epochs	3.0
3953.6854809585816	0.06183359999977256	epochs	2.0
3953.6854809585816	0.031026900000142632	epochs	3.0
3953.7165078585817	0.030806699999629927	epochs	3.0
3953.7473145585814	0.06096560000014506	epochs	2.0
3953.7473145585814	0.03058980000014344	epochs	3.0
3953.7779043585815	0.030375800000001618	epochs	3.0
3953.8082801585815	0.06012160000000222	epochs	2.0
3953.8082801585815	0.030164899999817862	epochs	3.0
3953.8384450585813	0.029956700000184355	epochs	3.0
3953.8684017585815	0.059300700000221696	epochs	2.0
3953.8684017585815	0.029751600000054168	epochs	3.0
3953.8981533585816	0.029549100000167527	epochs	3.0
3953.9277024585817	0.05850179999970351	epochs	2.0
3953.9277024585817	0.029349399999773595	epochs	3.0
3953.9570518585815	0.029152399999929912	epochs	3.0
3953.9862042585814	0.05772419999993872	epochs	2.0
3953.9862042585814	0.028958000000329776	epochs	3.0
3954.0151622585818	0.028766199999608943	epochs	3.0
3954.0439284585814	0.0569671000002927	epochs	2.0
3954.0439284585814	0.028577000000041153	epochs	3.0
3954.0725054585814	0.02839010000025155	epochs	3.0
3954.1008955585817	0.05622949999997218	epochs	2.0
3954.1008955585817	0.028205699999944045	epochs	3.0
3954.1291012585816	0.028023800000028132	epochs	3.0
3954.1571250585816	0.05551070000001346	epochs	2.0
3954.1571250585816	0.02784399999973175	epochs	3.0
3954.1849690585814	0.027666700000281708	epochs	3.0
3954.2126357585817	0.05481019999979253	epochs	2.0
3954.2126357585817	0.02749149999999645	epochs	3.0
3954.2401272585817	0.02731869999979608	epochs	3.0
3954.2674459585814	0.054126999999880354	epochs	2.0
3954.2674459585814	0.027147799999966082	epochs	3.0
3954.2945937585814	0.026979199999914272	epochs	3.0
3954.3215729585813	0.05346070000041436	epochs	2.0
3954.3215729585813	0.026812600000084785	epochs	3.0
3954.3483855585814	0.026648100000329578	epochs	3.0
3954.3750336585817	0.05281070000000909	epochs	2.0
3954.3750336585817	0.0264855999998872	epochs	3.0
3954.4015192585816	0.026325100000121893	epochs	3.0
3954.4278443585818	0.052176199999848905	epochs	2.0
3954.4278443585818	0.026166399999965506	epochs	3.0
3954.4540107585817	0.0260097999998834	epochs	3.0
3954.4800205585816	0.05155669999976453	epochs	2.0
3954.4800205585816	0.02585480000016105	epochs	3.0
3954.5058753585818	0.025701899999603484	epochs	3.0
3954.5315772585814	0.05095190000020011	epochs	2.0
3954.5315772585814	0.025550700000167126	epochs	3.0
3954.5571279585815	0.025401200000032986	epochs	3.0
3954.5825291585816	0.05036100000006627	epochs	2.0
3954.5825291585816	0.025253499999962514	epochs	3.0
3954.6077826585815	0.025107500000103755	epochs	3.0
3954.6328901585816	0.04978380000011384	epochs	2.0
3954.6328901585816	0.02496320000000196	epochs	3.0
3954.6578533585816	0.02482060000011188	epochs	3.0
3954.6826739585817	0.049219499999708205	epochs	2.0
3954.6826739585817	0.024679399999968155	epochs	3.0
3954.7073533585817	0.02454009999974005	epochs	3.0
3954.7318934585815	0.04866790000005494	epochs	2.0
3954.7318934585815	0.02440210000031584	epochs	3.0
3954.7562955585818	0.0242657999997391	epochs	3.0
3954.7805613585815	0.048128599999927246	epochs	2.0
3954.7805613585815	0.024131000000124914	epochs	3.0
3954.8046923585816	0.023997599999802333	epochs	3.0
3954.8286899585814	0.047601100000065344	epochs	2.0
3954.8286899585814	0.023865800000294257	epochs	3.0
3954.8525557585817	0.023735299999771087	epochs	3.0
3954.8762910585815	0.04708500000015192	epochs	2.0
3954.8762910585815	0.023606300000210467	epochs	3.0
3954.8998973585817	0.023478699999941455	epochs	3.0
3954.9233760585817	0.04657999999972162	epochs	2.0
3954.9233760585817	0.023352499999873544	epochs	3.0
3954.9467285585815	0.023227499999848078	epochs	3.0
3954.9699560585814	0.04608570000027612	epochs	2.0
3954.9699560585814	0.023104000000330416	epochs	3.0
3954.9930600585817	0.022981699999945704	epochs	3.0
3955.0160417585817	0.045601799999985815	epochs	2.0
3955.0160417585817	0.02286069999991014	epochs	3.0
3955.0389024585816	0.022741100000075676	epochs	3.0
3955.0616435585816	0.045127899999897636	epochs	2.0
3955.0616435585816	0.022622500000125	epochs	3.0
3955.0842660585818	0.022505399999772635	epochs	3.0
3955.1067714585815	0.04466379999985293	epochs	2.0
3955.1067714585815	0.022389300000213552	epochs	3.0
3955.1291607585817	0.022274499999639374	epochs	3.0
3955.1514352585814	0.04420920000029582	epochs	2.0
3955.1514352585814	0.02216080000016518	epochs	3.0
3955.1735960585816	0.02204840000013064	epochs	3.0
3955.1956444585817	0.043763599999692815	epochs	2.0
3955.1956444585817	0.021936899999673187	epochs	3.0
3955.2175813585814	0.021826700000019628	epochs	3.0
3955.2394080585814	0.043327100000169594	epochs	2.0
3955.2394080585814	0.02171760000010181	epochs	3.0
3955.2611256585815	0.021609500000067783	epochs	3.0
3955.2827351585815	0.04289900000003399	epochs	2.0
3955.2827351585815	0.021502500000224245	epochs	3.0
3955.3042376585818	0.021396499999809748	epochs	3.0
3955.3256341585816	0.04247949999989942	epochs	2.0
3955.3256341585816	0.021291699999892444	epochs	3.0
3955.3469258585815	0.021187800000006973	epochs	3.0
3955.3681136585815	0.04206789999989269	epochs	2.0
3955.3681136585815	0.02108490000000529	epochs	3.0
3955.3891985585815	0.020982999999887397	epochs	3.0
3955.4101815585814	0.041664400000172463	epochs	2.0
3955.4101815585814	0.020882199999959994	epochs	3.0
3955.4310637585813	0.02078220000021247	epochs	3.0
3955.4518459585815	0.04126850000011473	epochs	2.0
3955.4518459585815	0.02068330000020069	epochs	3.0
3955.4725292585817	0.02058519999991404	epochs	3.0
3955.4931144585817	0.04088000000001557	epochs	2.0
3955.4931144585817	0.020488099999965925	epochs	3.0
3955.5136025585816	0.020391900000049645	epochs	3.0
3955.5339944585817	0.04049880000002304	epochs	2.0
3955.5339944585817	0.020296599999710452	epochs	3.0
3955.5542910585814	0.020202200000312587	epochs	3.0
3955.5744932585817	0.04012459999967177	epochs	2.0
3955.5744932585817	0.02010870000003706	epochs	3.0
3955.5946019585817	0.020015899999634712	epochs	3.0
3955.6146178585814	0.03975730000001931	epochs	2.0
3955.6146178585814	0.01992420000033235	epochs	3.0
3955.6345420585817	0.019833099999686965	epochs	3.0
3955.6543751585814	0.03939669999999751	epochs	2.0
3955.6543751585814	0.019743000000289612	epochs	3.0
3955.6741181585817	0.019653699999707896	epochs	3.0
3955.6937718585814	0.03904240000019854	epochs	2.0
3955.6937718585814	0.0195651000003636	epochs	3.0
3955.7133369585817	0.01947729999983494	epochs	3.0
3955.7328142585816	0.03869459999987157	epochs	2.0
3955.7328142585816	0.019390399999792862	epochs	3.0
3955.7522046585814	0.01930420000007871	epochs	3.0
3955.7715088585815	0.03835290000006353	epochs	2.0
3955.7715088585815	0.019218800000089686	epochs	3.0
3955.7907276585815	0.01913409999997384	epochs	3.0
3955.8098617585815	0.03801720000001296	epochs	2.0
3955.8098617585815	0.019050200000037876	epochs	3.0
3955.8289119585816	0.018966999999975087	epochs	3.0
3955.8478789585815	0.03768720000016401	epochs	2.0
3955.8478789585815	0.018884499999785476	epochs	3.0
3955.8667634585813	0.018802700000378536	epochs	3.0
3955.8855661585817	0.037363099999765836	epochs	2.0
3955.8855661585817	0.018721699999787234	epochs	3.0
3955.9042878585815	0.018641399999978603	epochs	3.0
3955.9229292585815	0.037044300000161456	epochs	2.0
3955.9229292585815	0.018561599999884493	epochs	3.0
3955.9414908585813	0.018482700000276964	epochs	3.0
3955.9599735585816	0.036731000000145286	epochs	2.0
3955.9599735585816	0.018404299999929208	epochs	3.0
3955.9783778585816	0.01832670000021608	epochs	3.0
3955.9967045585818	0.036422899999706715	epochs	2.0
3955.9967045585818	0.018249599999762722	epochs	3.0
3956.0149541585815	0.018173299999943993	epochs	3.0
3956.0331274585815	0.03612010000006194	epochs	2.0
3956.0331274585815	0.018097600000146485	epochs	3.0
3956.0512250585816	0.018022499999915453	epochs	3.0
3956.0692475585815	0.035822100000132195	epochs	2.0
3956.0692475585815	0.01794789999985369	epochs	3.0
3956.0871954585814	0.017874200000278506	epochs	3.0
3956.1050696585817	0.03552899999976944	epochs	2.0
3956.1050696585817	0.01780079999980444	epochs	3.0
3956.1228704585815	0.017728199999965	epochs	3.0
3956.1405986585814	0.03524070000003121	epochs	2.0
3956.1405986585814	0.017656100000294828	epochs	3.0
3956.1582547585817	0.017584599999736383	epochs	3.0
3956.1758393585815	0.03495710000015606	epochs	2.0
3956.1758393585815	0.017513700000108656	epochs	3.0
3956.1933530585816	0.017443400000047404	epochs	3.0
3956.2107964585816	0.03467790000013338	epochs	2.0
3956.2107964585816	0.017373599999700673	epochs	3.0
3956.2281700585813	0.017304300000432704	epochs	3.0
3956.2454743585818	0.03440329999966707	epochs	2.0
3956.2454743585818	0.01723569999967367	epochs	3.0
3956.2627100585814	0.0171675999999934	epochs	3.0
3956.2798776585814	0.03413279999995211	epochs	2.0
3956.2798776585814	0.017099900000175694	epochs	3.0
3956.2969775585816	0.01703289999977642	epochs	3.0
3956.3140104585814	0.03386670000008962	epochs	2.0
3956.3140104585814	0.01696640000000116	epochs	3.0
3956.3309768585814	0.016900300000088464	epochs	3.0
3956.3478771585815	0.03360460000021703	epochs	2.0
3956.3478771585815	0.016834800000196992	epochs	3.0
3956.3647119585817	0.01676980000002004	epochs	3.0
3956.3814817585817	0.03334659999973155	epochs	2.0
3956.3814817585817	0.016705300000012357	epochs	3.0
3956.3981870585817	0.016641299999719195	epochs	3.0
3956.4148283585814	0.03309250000029351	epochs	2.0
3956.4148283585814	0.016577800000050047	epochs	3.0
3956.4314061585815	0.016514700000243465	epochs	3.0
3956.4479208585817	0.032842299999629176	epochs	2.0
3956.4479208585817	0.01645220000000336	epochs	3.0
3956.4643730585817	0.016390099999625818	epochs	3.0
3956.4807631585813	0.03259570000000167	epochs	2.0
3956.4807631585813	0.016328400000020338	epochs	3.0
3956.4970915585814	0.016267299999981333	epochs	3.0
3956.5133588585813	0.03235290000020541	epochs	2.0
3956.5133588585813	0.01620660000025964	epochs	3.0
3956.5295654585816	0.016146299999945768	epochs	3.0
3956.5457117585815	0.032113700000081735	epochs	2.0
3956.5457117585815	0.016086600000107865	epochs	3.0
3956.5617983585817	0.01602709999997387	epochs	3.0
3956.5778254585816	0.031877999999778694	epochs	2.0
3956.5778254585816	0.0159681999998611	epochs	3.0
3956.5937936585815	0.015909799999917595	epochs	3.0
3956.6097034585814	0.03164570000035383	epochs	2.0
3956.6097034585814	0.01585160000013275	epochs	3.0
3956.6255550585815	0.01579410000022108	epochs	3.0
3956.6413491585818	0.03141669999968144	epochs	2.0
3956.6413491585818	0.015736699999706616	epochs	3.0
3956.6570858585815	0.015679999999974825	epochs	3.0
3956.6727658585814	0.03119109999988723	epochs	2.0
3956.6727658585814	0.015623600000253646	epochs	3.0
3956.6883894585817	0.015567499999633583	epochs	3.0
3956.7039569585813	0.030968700000357785	epochs	2.0
3956.7039569585813	0.015512000000398984	epochs	3.0
3956.7194689585817	0.0154566999999588	epochs	3.0
3956.7349256585817	0.03074949999972887	epochs	2.0
3956.7349256585817	0.015401999999994587	epochs	3.0
3956.7503276585817	0.015347499999734282	epochs	3.0
3956.7656751585814	0.030533200000263605	epochs	2.0
3956.7656751585814	0.015293400000246038	epochs	3.0
3956.7809685585817	0.015239800000017567	epochs	3.0
3956.7962083585817	0.03032009999969887	epochs	2.0
3956.7962083585817	0.015186499999799707	epochs	3.0
3956.8113948585815	0.015133599999899161	epochs	3.0
3956.8265284585814	0.030109900000297785	epochs	2.0
3956.8265284585814	0.015081000000009226	epochs	3.0
3956.8416094585814	0.015028900000288559	epochs	3.0
3956.8566383585817	0.029902499999934662	epochs	2.0
3956.8566383585817	0.014976999999817053	epochs	3.0
3956.8716153585815	0.014925500000117609	epochs	3.0
3956.8865408585816	0.0296981000001324	epochs	2.0
3956.8865408585816	0.014874399999825982	epochs	3.0
3956.9014152585814	0.014823700000306417	epochs	3.0
3956.9162389585817	0.02949629999966419	epochs	2.0
3956.9162389585817	0.014773199999581266	epochs	3.0
3956.9310121585813	0.014723100000082923	epochs	3.0
3956.9457352585814	0.02929740000035963	epochs	2.0
3956.9457352585814	0.014673399999992398	epochs	3.0
3956.9604086585814	0.014624000000367232	epochs	3.0
3956.9750326585818	0.029101099999934377	epochs	2.0
3956.9750326585818	0.014574899999843183	epochs	3.0
3956.9896075585816	0.014526200000091194	epochs	3.0
3957.0041337585817	0.02890739999975267	epochs	2.0
3957.0041337585817	0.014477700000043114	epochs	3.0
3957.0186114585817	0.014429699999709555	epochs	3.0
3957.0330411585815	0.028716199999962555	epochs	2.0
3957.0330411585815	0.014381800000137446	epochs	3.0
3957.0474229585816	0.01433439999982511	epochs	3.0
3957.0617573585814	0.02852759999996124	epochs	2.0
3957.0617573585814	0.014287200000126177	epochs	3.0
3957.0760445585815	0.014240399999835063	epochs	3.0
3957.0902849585814	0.028341400000044814	epochs	2.0
3957.0902849585814	0.014193800000157353	epochs	3.0
3957.1044787585815	0.014147599999887461	epochs	3.0
3957.1186263585814	0.028157700000065233	epochs	2.0
3957.1186263585814	0.014101700000082928	epochs	3.0
3957.1327280585815	0.014055999999982305	epochs	3.0
3957.1467840585815	0.02797629999986384	epochs	2.0
3957.1467840585815	0.014010599999892293	epochs	3.0
3957.1607946585814	0.013965699999971548	epochs	3.0
3957.1747603585814	0.02779720000035013	epochs	2.0
3957.1747603585814	0.013920800000050804	epochs	3.0
3957.1886811585814	0.013876400000299327	epochs	3.0
3957.2025575585817	0.027620399999705114	epochs	2.0
3957.2025575585817	0.013832199999797012	epochs	3.0
3957.2163897585815	0.013788199999908102	epochs	3.0
3957.2301779585814	0.027445900000202528	epochs	2.0
3957.2301779585814	0.013744600000336504	epochs	3.0
3957.2439225585817	0.013701299999866023	epochs	3.0
3957.2576238585816	0.027273499999864725	epochs	2.0
3957.2576238585816	0.013658200000008947	epochs	3.0
3957.2712820585816	0.013615299999855779	epochs	3.0
3957.2848973585815	0.027103400000214606	epochs	2.0
3957.2848973585815	0.013572800000019924	epochs	3.0
3957.2984701585815	0.013530600000194681	epochs	3.0
3957.3120007585817	0.02693520000002536	epochs	2.0
3957.3120007585817	0.01348839999991469	epochs	3.0
3957.3254891585816	0.01344680000011067	epochs	3.0
3957.3389359585817	0.02676919999976235	epochs	2.0
3957.3389359585817	0.013405199999851902	epochs	3.0
3957.3523411585816	0.013363999999910448	epochs	3.0
3957.3657051585815	0.02660520000017641	epochs	2.0
3957.3657051585815	0.013322900000275695	epochs	3.0
3957.3790280585818	0.013282299999900715	epochs	3.0
3957.3923103585817	0.0264431999999033	epochs	2.0
3957.3923103585817	0.013241699999980483	epochs	3.0
3957.4055520585816	0.013201499999922817	epochs	3.0
3957.4187535585816	0.026283199999852513	epochs	2.0
3957.4187535585816	0.013161500000023807	epochs	3.0
3957.4319150585816	0.013121699999828706	epochs	3.0
3957.4450367585814	0.026125000000320142	epochs	2.0
3957.4450367585814	0.01308210000024701	epochs	3.0
3957.4581188585817	0.013042900000073132	epochs	3.0
3957.4711617585817	0.025968899999952555	epochs	2.0
3957.4711617585817	0.013003899999603163	epochs	3.0
3957.4841656585813	0.012965000000349391	epochs	3.0
3957.4971306585817	0.02581449999979668	epochs	2.0
3957.4971306585817	0.012926399999741989	epochs	3.0
3957.5100570585814	0.012888100000054692	epochs	3.0
3957.5229451585815	0.02566190000015922	epochs	2.0
3957.5229451585815	0.01284990000021935	epochs	3.0
3957.5357950585817	0.012811999999939871	epochs	3.0
3957.5486070585816	0.025511199999982637	epochs	2.0
3957.5486070585816	0.012774400000125752	epochs	3.0
3957.5613814585818	0.012736799999856885	epochs	3.0
3957.5741182585816	0.02536229999986972	epochs	2.0
3957.5741182585816	0.012699699999757286	epochs	3.0
3957.5868179585814	0.012662600000112434	epochs	3.0
3957.5994805585815	0.02521500000011656	epochs	2.0
3957.5994805585815	0.012625800000023446	epochs	3.0
3957.6121063585815	0.012589200000093115	epochs	3.0
3957.6246955585816	0.024584799999956886	epochs	2.0
3957.6485815585816	0.5	epochs	-1.0
3957.6492803585816	0.5047199999999066	epochs	1.0
3958.1540003585815	0.4952000000002954	epochs	0.0
3959.2610001564026	0.07528000000002066	epochs	0.0
3959.2610001564026	0.032641400000102294	epochs	1.0
3959.2936415564027	0.009997199999816075	epochs	1.0
3959.3036387564025	0.032641400000102294	epochs	1.0
3959.3362801564026	2.0	epochs	0.0
3961.3362801564026	5.364559999999983	epochs	0.0
3961.3362801564026	1.0	epochs	1.0
3961.3363013564026	0.5	epochs	-1.0
3961.8363013564026	4.864538799999991	epochs	-1.0
3962.3362801564026	4.364559999999983	epochs	1.0
3962.3362801564026	4.356753900000058	epochs	-1.0
3962.3362801564026	1.9745871999998599	epochs	2.0
3962.3362801564026	1.098562199999833	epochs	3.0
3963.4348423564024	0.8760250000000269	epochs	3.0
3964.3108673564025	1.3524075000000266	epochs	2.0
3964.3108673564025	0.7286355000001095	epochs	3.0
3965.0395028564026	0.6237719999999172	epochs	3.0
3965.6632748564025	1.0297592000001714	epochs	2.0
3965.6632748564025	0.5453293000000485	epochs	3.0
3966.2086041564025	0.48442990000012287	epochs	3.0
3966.6930340564027	0.007806099999925209	epochs	2.0
3966.6930340564027	0.007806099999925209	epochs	3.0
3966.7008401564026	16.63536000000022	epochs	0.0
3986.8289999961853	0.07528000000002066	epochs	0.0
3986.8289999961853	0.032641400000102294	epochs	1.0
3986.8616413961854	0.009997199999816075	epochs	1.0
3986.871638596185	0.032641400000102294	epochs	1.0
3986.9042799961853	2.0	epochs	0.0
3988.9042799961853	21.52480000000014	epochs	0.0
3988.9042799961853	1.0	epochs	1.0
3988.9043011961853	0.5	epochs	-1.0
3989.4043011961853	19.999519999999848	epochs	-1.0
3989.9042799961853	20.0	epochs	1.0
3989.9042799961853	4.356753900000058	epochs	-1.0
3989.9042799961853	1.9745871999998599	epochs	2.0
3989.9042799961853	1.098562199999833	epochs	3.0
3991.002842196185	0.8760250000000269	epochs	3.0
3991.878867196185	1.3524075000000266	epochs	2.0
3991.878867196185	0.7286355000001095	epochs	3.0
3992.6075026961853	0.6237719999999172	epochs	3.0
3993.231274696185	1.0297592000001714	epochs	2.0
3993.231274696185	0.5453293000000485	epochs	3.0
3993.7766039961853	0.48442990000012287	epochs	3.0
3994.2610338961854	0.8317861999998968	epochs	2.0
3994.2610338961854	0.4357762999998158	epochs	3.0
3994.696810196185	0.39600990000008096	epochs	3.0
3995.0928200961853	0.6977969999998095	epochs	2.0
3995.0928200961853	0.3628982000000178	epochs	3.0
3995.4557182961853	0.33489879999979166	epochs	3.0
3995.790617096185	0.6010457000002134	epochs	2.0
3995.790617096185	0.31091230000038195	epochs	3.0
3996.1015293961855	0.29013339999983145	epochs	3.0
3996.3916627961853	0.5278859000000011	epochs	2.0
3996.3916627961853	0.2719585999998344	epochs	3.0
3996.663621396185	0.2559273000001667	epochs	3.0
3996.9195486961853	0.4706193000001804	epochs	2.0
3996.9195486961853	0.241681299999982	epochs	3.0
3997.1612299961853	0.22893800000019837	epochs	3.0
3997.3901679961855	0.42457039999999324	epochs	2.0
3997.3901679961855	0.2174713999997948	epochs	3.0
3997.6076393961853	0.20709900000019843	epochs	3.0
3997.8147383961855	0.3867353999999068	epochs	2.0
3997.8147383961855	0.1976710999997522	epochs	3.0
3998.0124094961852	0.18906430000015462	epochs	3.0
3998.2014737961854	0.35509529999990264	epochs	2.0
3998.2014737961854	0.1811758999997437	epochs	3.0
3998.382649696185	0.17391940000015893	epochs	3.0
3998.5565690961853	0.32824310000023615	epochs	2.0
3998.5565690961853	0.167221900000186	epochs	3.0
3998.7237909961855	0.16102120000005016	epochs	3.0
3998.8848121961855	0.3051679999998669	epochs	2.0
3998.8848121961855	0.1552638999996816	epochs	3.0
3999.040076096185	0.14990410000018528	epochs	3.0
3999.1899801961854	0.28512529999989056	epochs	2.0
3999.1899801961854	0.14490209999985382	epochs	3.0
3999.3348822961852	0.14022320000003674	epochs	3.0
3999.4751054961853	0.2675537999998596	epochs	2.0
3999.4751054961853	0.1358368999999584	epochs	3.0
3999.6109423961852	0.13171689999990122	epochs	3.0
3999.742659296185	0.25202290000015637	epochs	2.0
3999.742659296185	0.12783930000023247	epochs	3.0
3999.8704985961854	0.1241835999999239	epochs	3.0
3999.9946821961853	0.23819649999995818	epochs	2.0
3999.9946821961853	0.1207310999998299	epochs	3.0
4000.115413296185	0.11746540000012828	epochs	3.0
4000.2328786961853	0.22580879999986792	epochs	2.0
4000.2328786961853	0.11437190000015107	epochs	3.0
4000.3472505961854	0.11143689999971684	epochs	3.0
4000.458687496185	0.21464600000035716	epochs	2.0
4000.458687496185	0.1086489000003894	epochs	3.0
4000.5673363961855	0.10599709999996776	epochs	3.0
4000.6733334961855	0.2045349999998507	epochs	2.0
4000.6733334961855	0.10347149999961403	epochs	3.0
4000.776804996185	0.10106350000023667	epochs	3.0
4000.8778684961853	0.19533400000000256	epochs	2.0
4000.8778684961853	0.09876510000003691	epochs	3.0
4000.9766335961854	0.09656889999996565	epochs	3.0
4001.0732024961853	0.18692529999998442	epochs	2.0
4001.0732024961853	0.09446829999978945	epochs	3.0
4001.167670796185	0.09245700000019497	epochs	3.0
4001.2601277961853	0.1792107000001124	epochs	2.0
4001.2601277961853	0.0905296000000817	epochs	3.0
4001.3506573961854	0.08868110000003071	epochs	3.0
4001.4393384961854	0.17210769999974218	epochs	2.0
4001.4393384961854	0.08690630000000965	epochs	3.0
4001.5262447961854	0.08520139999973253	epochs	3.0
4001.611446196185	0.16554640000003928	epochs	2.0
4001.611446196185	0.08356189999994967	epochs	3.0
4001.695008096185	0.08198450000008961	epochs	3.0
4001.776992596185	0.15946710000025632	epochs	2.0
4001.776992596185	0.08046539999986635	epochs	3.0
4001.857457996185	0.07900170000038997	epochs	3.0
4001.9364596961855	0.1538183999996363	epochs	2.0
4001.9364596961855	0.07759009999972477	epochs	3.0
4002.014049796185	0.07622829999991154	epochs	3.0
4002.090278096185	0.14855640000041603	epochs	2.0
4002.090278096185	0.07491330000038943	epochs	3.0
4002.1651913961855	0.0736431000000266	epochs	3.0
4002.2388344961855	0.1436423999998624	epochs	2.0
4002.2388344961855	0.07241499999963708	epochs	3.0
4002.311249496185	0.07122740000022532	epochs	3.0
4002.3824768961854	0.13904309999998077	epochs	2.0
4002.3824768961854	0.0700779999997394	epochs	3.0
4002.452554896185	0.06896510000024136	epochs	3.0
4002.5215199961854	0.13472929999988992	epochs	2.0
4002.5215199961854	0.0678871000000072	epochs	3.0
4002.5894070961854	0.06684219999988272	epochs	3.0
4002.6562492961853	0.1306752000000415	epochs	2.0
4002.6562492961853	0.06582909999997355	epochs	3.0
4002.722078396185	0.06484610000006796	epochs	3.0
4002.7869244961853	0.1268577999999252	epochs	2.0
4002.7869244961853	0.06389200000012352	epochs	3.0
4002.8508164961854	0.06296579999980167	epochs	3.0
4002.913782296185	0.12325719999989815	epochs	2.0
4002.913782296185	0.06206580000025497	epochs	3.0
4002.9758480961855	0.06119139999964318	epochs	3.0
4003.037039496185	0.1198554000002332	epochs	2.0
4003.037039496185	0.060341100000187	epochs	3.0
4003.0973805961853	0.059514300000046205	epochs	3.0
4003.1568948961853	0.1166361999999026	epochs	2.0
4003.1568948961853	0.058709599999929196	epochs	3.0
4003.2156044961853	0.057926599999973405	epochs	3.0
4003.2735310961853	0.11358560000007856	epochs	2.0
4003.2735310961853	0.05716419999998834	epochs	3.0
4003.3306952961852	0.056421400000090216	epochs	3.0
4003.3871166961853	0.11069050000014613	epochs	2.0
4003.3871166961853	0.05569789999981367	epochs	3.0
4003.442814596185	0.05499260000033246	epochs	3.0
4003.4978071961855	0.10793909999983953	epochs	2.0
4003.4978071961855	0.054304899999806366	epochs	3.0
4003.5521120961853	0.05363420000003316	epochs	3.0
4003.6057462961853	0.10532150000017282	epochs	2.0
4003.6057462961853	0.05297999999993408	epochs	3.0
4003.6587262961853	0.05234150000023874	epochs	3.0
4003.7110677961855	0.10282759999972768	epochs	2.0
4003.7110677961855	0.05171810000001642	epochs	3.0
4003.7627858961855	0.05110949999971126	epochs	3.0
4003.813895396185	0.10044909999987794	epochs	2.0
4003.813895396185	0.050514900000052876	epochs	3.0
4003.8644102961853	0.04993419999982507	epochs	3.0
4003.914344496185	0.09817830000019967	epochs	2.0
4003.914344496185	0.0493666000002122	epochs	3.0
4003.9637110961853	0.04881169999998747	epochs	3.0
4004.0125227961853	0.09600779999982478	epochs	2.0
4004.0125227961853	0.04826920000004975	epochs	3.0
4004.0607919961853	0.04773859999977503	epochs	3.0
4004.108530596185	0.09393120000004274	epochs	2.0
4004.108530596185	0.047219500000210246	epochs	3.0
4004.1557500961853	0.04671169999983249	epochs	3.0
4004.202461796185	0.09194260000003851	epochs	2.0
4004.202461796185	0.046214599999984785	epochs	3.0
4004.248676396185	0.045728000000053726	epochs	3.0
4004.294404396185	0.09003630000006524	epochs	2.0
4004.294404396185	0.04525150000017675	epochs	3.0
4004.3396558961854	0.04478479999988849	epochs	3.0
4004.3844406961853	0.08820760000025984	epochs	2.0
4004.3844406961853	0.0443278000002465	epochs	3.0
4004.4287684961855	0.04387980000001335	epochs	3.0
4004.4726482961855	0.0864516999999978	epochs	2.0
4004.4726482961855	0.04344099999980244	epochs	3.0
4004.5160892961853	0.04301070000019536	epochs	3.0
4004.5590999961855	0.08476429999973334	epochs	2.0
4004.5590999961855	0.0425889999996798	epochs	3.0
4004.601688996185	0.04217530000005354	epochs	3.0
4004.6438642961853	0.08314150000023801	epochs	2.0
4004.6438642961853	0.041769700000259036	epochs	3.0
4004.6856339961855	0.041371799999978975	epochs	3.0
4004.7270057961855	0.08157970000002024	epochs	2.0
4004.7270057961855	0.040981399999964196	epochs	3.0
4004.7679871961855	0.04059830000005604	epochs	3.0
4004.8085854961855	0.08007549999956609	epochs	2.0
4004.8085854961855	0.04022229999964111	epochs	3.0
4004.848807796185	0.03985319999992498	epochs	3.0
4004.888660996185	0.07862570000042979	epochs	2.0
4004.888660996185	0.03949080000029426	epochs	3.0
4004.9281517961854	0.03913490000013553	epochs	3.0
4004.9672866961855	0.07722759999978734	epochs	2.0
4004.9672866961855	0.03878539999959685	epochs	3.0
4005.006072096185	0.038442200000190496	epochs	3.0
4005.0445142961853	0.07587819999980638	epochs	2.0
4005.0445142961853	0.03810479999992822	epochs	3.0
4005.082619096185	0.037773399999878166	epochs	3.0
4005.120392496185	0.07457520000025397	epochs	2.0
4005.120392496185	0.03744770000002973	epochs	3.0
4005.157840196185	0.037127500000224245	epochs	3.0
4005.1949676961854	0.07331629999998768	epochs	2.0
4005.1949676961854	0.03681289999985893	epochs	3.0
4005.231780596185	0.03650340000012875	epochs	3.0
4005.2682839961853	0.07209899999998015	epochs	2.0
4005.2682839961853	0.03619909999997617	epochs	3.0
4005.3044830961853	0.03589990000000398	epochs	3.0
4005.3403829961853	0.07092169999987163	epochs	2.0
4005.3403829961853	0.03560560000005353	epochs	3.0
4005.3759885961854	0.03531609999981811	epochs	3.0
4005.411304696185	0.06978200000003199	epochs	2.0
4005.411304696185	0.03503120000004856	epochs	3.0
4005.4463358961852	0.03475079999998343	epochs	3.0
4005.4810866961852	0.06867860000011206	epochs	2.0
4005.4810866961852	0.034475100000236125	epochs	3.0
4005.5155617961855	0.03420349999987593	epochs	3.0
4005.5497652961853	0.06760930000018561	epochs	2.0
4005.5497652961853	0.033936199999970995	epochs	3.0
4005.5837014961853	0.03367310000021462	epochs	3.0
4005.6173745961855	0.06657289999975546	epochs	2.0
4005.6173745961855	0.03341399999999339	epochs	3.0
4005.6507885961855	0.03315889999976207	epochs	3.0
4005.6839474961853	0.06556779999982609	epochs	2.0
4005.6839474961853	0.03290770000012344	epochs	3.0
4005.7168551961854	0.03266009999970265	epochs	3.0
4005.749515296185	0.0645926000001964	epochs	2.0
4005.749515296185	0.032416400000329304	epochs	3.0
4005.7819316961854	0.032176199999867094	epochs	3.0
4005.8141078961853	0.06364600000006249	epochs	2.0
4005.8141078961853	0.03193959999998697	epochs	3.0
4005.8460474961853	0.03170640000007552	epochs	3.0
4005.8777538961854	0.0627266999999847	epochs	2.0
4005.8777538961854	0.03147660000013275	epochs	3.0
4005.9092304961855	0.031250099999851955	epochs	3.0
4005.9404805961854	0.06183359999977256	epochs	2.0
4005.9404805961854	0.031026900000142632	epochs	3.0
4005.9715074961855	0.030806699999629927	epochs	3.0
4006.002314196185	0.06096560000014506	epochs	2.0
4006.002314196185	0.03058980000014344	epochs	3.0
4006.0329039961853	0.030375800000001618	epochs	3.0
4006.0632797961853	0.06012160000000222	epochs	2.0
4006.0632797961853	0.030164899999817862	epochs	3.0
4006.093444696185	0.029956700000184355	epochs	3.0
4006.1234013961853	0.059300700000221696	epochs	2.0
4006.1234013961853	0.029751600000054168	epochs	3.0
4006.1531529961853	0.029549100000167527	epochs	3.0
4006.1827020961855	0.05850179999970351	epochs	2.0
4006.1827020961855	0.029349399999773595	epochs	3.0
4006.2120514961853	0.029152399999929912	epochs	3.0
4006.241203896185	0.05772419999993872	epochs	2.0
4006.241203896185	0.028958000000329776	epochs	3.0
4006.2701618961855	0.028766199999608943	epochs	3.0
4006.298928096185	0.0569671000002927	epochs	2.0
4006.298928096185	0.028577000000041153	epochs	3.0
4006.327505096185	0.02839010000025155	epochs	3.0
4006.3558951961854	0.05622949999997218	epochs	2.0
4006.3558951961854	0.028205699999944045	epochs	3.0
4006.3841008961854	0.028023800000028132	epochs	3.0
4006.4121246961854	0.05551070000001346	epochs	2.0
4006.4121246961854	0.02784399999973175	epochs	3.0
4006.439968696185	0.027666700000281708	epochs	3.0
4006.4676353961854	0.05481019999979253	epochs	2.0
4006.4676353961854	0.02749149999999645	epochs	3.0
4006.4951268961854	0.02731869999979608	epochs	3.0
4006.522445596185	0.054126999999880354	epochs	2.0
4006.522445596185	0.027147799999966082	epochs	3.0
4006.549593396185	0.026979199999914272	epochs	3.0
4006.576572596185	0.05346070000041436	epochs	2.0
4006.576572596185	0.026812600000084785	epochs	3.0
4006.603385196185	0.026648100000329578	epochs	3.0
4006.6300332961855	0.05281070000000909	epochs	2.0
4006.6300332961855	0.0264855999998872	epochs	3.0
4006.6565188961854	0.026325100000121893	epochs	3.0
4006.6828439961855	0.052176199999848905	epochs	2.0
4006.6828439961855	0.026166399999965506	epochs	3.0
4006.7090103961855	0.0260097999998834	epochs	3.0
4006.7350201961854	0.05155669999976453	epochs	2.0
4006.7350201961854	0.02585480000016105	epochs	3.0
4006.7608749961855	0.025701899999603484	epochs	3.0
4006.786576896185	0.05095190000020011	epochs	2.0
4006.786576896185	0.025550700000167126	epochs	3.0
4006.8121275961853	0.025401200000032986	epochs	3.0
4006.8375287961853	0.05036100000006627	epochs	2.0
4006.8375287961853	0.025253499999962514	epochs	3.0
4006.8627822961853	0.025107500000103755	epochs	3.0
4006.8878897961854	0.04978380000011384	epochs	2.0
4006.8878897961854	0.02496320000000196	epochs	3.0
4006.9128529961854	0.02482060000011188	epochs	3.0
4006.9376735961855	0.049219499999708205	epochs	2.0
4006.9376735961855	0.024679399999968155	epochs	3.0
4006.9623529961855	0.02454009999974005	epochs	3.0
4006.986893096185	0.04866790000005494	epochs	2.0
4006.986893096185	0.02440210000031584	epochs	3.0
4007.0112951961855	0.0242657999997391	epochs	3.0
4007.0355609961853	0.048128599999927246	epochs	2.0
4007.0355609961853	0.024131000000124914	epochs	3.0
4007.0596919961854	0.023997599999802333	epochs	3.0
4007.083689596185	0.047601100000065344	epochs	2.0
4007.083689596185	0.023865800000294257	epochs	3.0
4007.1075553961855	0.023735299999771087	epochs	3.0
4007.1312906961853	0.04708500000015192	epochs	2.0
4007.1312906961853	0.023606300000210467	epochs	3.0
4007.1548969961855	0.023478699999941455	epochs	3.0
4007.1783756961854	0.04657999999972162	epochs	2.0
4007.1783756961854	0.023352499999873544	epochs	3.0
4007.2017281961853	0.023227499999848078	epochs	3.0
4007.224955696185	0.04608570000027612	epochs	2.0
4007.224955696185	0.023104000000330416	epochs	3.0
4007.2480596961855	0.022981699999945704	epochs	3.0
4007.2710413961854	0.045601799999985815	epochs	2.0
4007.2710413961854	0.02286069999991014	epochs	3.0
4007.2939020961853	0.022741100000075676	epochs	3.0
4007.3166431961854	0.045127899999897636	epochs	2.0
4007.3166431961854	0.022622500000125	epochs	3.0
4007.3392656961855	0.022505399999772635	epochs	3.0
4007.3617710961853	0.04466379999985293	epochs	2.0
4007.3617710961853	0.022389300000213552	epochs	3.0
4007.3841603961855	0.022274499999639374	epochs	3.0
4007.406434896185	0.04420920000029582	epochs	2.0
4007.406434896185	0.02216080000016518	epochs	3.0
4007.4285956961853	0.02204840000013064	epochs	3.0
4007.4506440961854	0.043763599999692815	epochs	2.0
4007.4506440961854	0.021936899999673187	epochs	3.0
4007.472580996185	0.021826700000019628	epochs	3.0
4007.494407696185	0.043327100000169594	epochs	2.0
4007.494407696185	0.02171760000010181	epochs	3.0
4007.5161252961852	0.021609500000067783	epochs	3.0
4007.5377347961853	0.04289900000003399	epochs	2.0
4007.5377347961853	0.021502500000224245	epochs	3.0
4007.5592372961855	0.021396499999809748	epochs	3.0
4007.5806337961853	0.04247949999989942	epochs	2.0
4007.5806337961853	0.021291699999892444	epochs	3.0
4007.6019254961852	0.021187800000006973	epochs	3.0
4007.6231132961852	0.04206789999989269	epochs	2.0
4007.6231132961852	0.02108490000000529	epochs	3.0
4007.6441981961852	0.020982999999887397	epochs	3.0
4007.665181196185	0.041664400000172463	epochs	2.0
4007.665181196185	0.020882199999959994	epochs	3.0
4007.686063396185	0.02078220000021247	epochs	3.0
4007.7068455961853	0.04126850000011473	epochs	2.0
4007.7068455961853	0.02068330000020069	epochs	3.0
4007.7275288961855	0.02058519999991404	epochs	3.0
4007.7481140961854	0.04088000000001557	epochs	2.0
4007.7481140961854	0.020488099999965925	epochs	3.0
4007.7686021961854	0.020391900000049645	epochs	3.0
4007.7889940961854	0.04049880000002304	epochs	2.0
4007.7889940961854	0.020296599999710452	epochs	3.0
4007.809290696185	0.020202200000312587	epochs	3.0
4007.8294928961855	0.04012459999967177	epochs	2.0
4007.8294928961855	0.02010870000003706	epochs	3.0
4007.8496015961855	0.020015899999634712	epochs	3.0
4007.869617496185	0.03975730000001931	epochs	2.0
4007.869617496185	0.01992420000033235	epochs	3.0
4007.8895416961855	0.019833099999686965	epochs	3.0
4007.909374796185	0.03939669999999751	epochs	2.0
4007.909374796185	0.019743000000289612	epochs	3.0
4007.9291177961854	0.019653699999707896	epochs	3.0
4007.948771496185	0.03904240000019854	epochs	2.0
4007.948771496185	0.0195651000003636	epochs	3.0
4007.9683365961855	0.01947729999983494	epochs	3.0
4007.9878138961853	0.03869459999987157	epochs	2.0
4007.9878138961853	0.019390399999792862	epochs	3.0
4008.007204296185	0.01930420000007871	epochs	3.0
4008.026508496185	0.03835290000006353	epochs	2.0
4008.026508496185	0.019218800000089686	epochs	3.0
4008.0457272961853	0.01913409999997384	epochs	3.0
4008.0648613961853	0.03801720000001296	epochs	2.0
4008.0648613961853	0.019050200000037876	epochs	3.0
4008.0839115961853	0.018966999999975087	epochs	3.0
4008.1028785961853	0.03768720000016401	epochs	2.0
4008.1028785961853	0.018884499999785476	epochs	3.0
4008.121763096185	0.018802700000378536	epochs	3.0
4008.1405657961855	0.037363099999765836	epochs	2.0
4008.1405657961855	0.018721699999787234	epochs	3.0
4008.1592874961852	0.018641399999978603	epochs	3.0
4008.177928896185	0.037044300000161456	epochs	2.0
4008.177928896185	0.018561599999884493	epochs	3.0
4008.196490496185	0.018482700000276964	epochs	3.0
4008.2149731961854	0.036731000000145286	epochs	2.0
4008.2149731961854	0.018404299999929208	epochs	3.0
4008.2333774961853	0.01832670000021608	epochs	3.0
4008.2517041961855	0.036422899999706715	epochs	2.0
4008.2517041961855	0.018249599999762722	epochs	3.0
4008.2699537961853	0.018173299999943993	epochs	3.0
4008.2881270961852	0.03612010000006194	epochs	2.0
4008.2881270961852	0.018097600000146485	epochs	3.0
4008.3062246961854	0.018022499999915453	epochs	3.0
4008.3242471961853	0.035822100000132195	epochs	2.0
4008.3242471961853	0.01794789999985369	epochs	3.0
4008.342195096185	0.017874200000278506	epochs	3.0
4008.3600692961854	0.03552899999976944	epochs	2.0
4008.3600692961854	0.01780079999980444	epochs	3.0
4008.3778700961852	0.017728199999965	epochs	3.0
4008.395598296185	0.03524070000003121	epochs	2.0
4008.395598296185	0.017656100000294828	epochs	3.0
4008.4132543961855	0.017584599999736383	epochs	3.0
4008.4308389961852	0.03495710000015606	epochs	2.0
4008.4308389961852	0.017513700000108656	epochs	3.0
4008.4483526961853	0.017443400000047404	epochs	3.0
4008.4657960961854	0.03467790000013338	epochs	2.0
4008.4657960961854	0.017373599999700673	epochs	3.0
4008.483169696185	0.017304300000432704	epochs	3.0
4008.5004739961855	0.03440329999966707	epochs	2.0
4008.5004739961855	0.01723569999967367	epochs	3.0
4008.517709696185	0.0171675999999934	epochs	3.0
4008.534877296185	0.03413279999995211	epochs	2.0
4008.534877296185	0.017099900000175694	epochs	3.0
4008.5519771961854	0.01703289999977642	epochs	3.0
4008.569010096185	0.03386670000008962	epochs	2.0
4008.569010096185	0.01696640000000116	epochs	3.0
4008.585976496185	0.016900300000088464	epochs	3.0
4008.6028767961852	0.03360460000021703	epochs	2.0
4008.6028767961852	0.016834800000196992	epochs	3.0
4008.6197115961854	0.01676980000002004	epochs	3.0
4008.6364813961854	0.03334659999973155	epochs	2.0
4008.6364813961854	0.016705300000012357	epochs	3.0
4008.6531866961855	0.016641299999719195	epochs	3.0
4008.669827996185	0.03309250000029351	epochs	2.0
4008.669827996185	0.016577800000050047	epochs	3.0
4008.686405796185	0.016514700000243465	epochs	3.0
4008.7029204961855	0.032842299999629176	epochs	2.0
4008.7029204961855	0.01645220000000336	epochs	3.0
4008.7193726961855	0.016390099999625818	epochs	3.0
4008.735762796185	0.03259570000000167	epochs	2.0
4008.735762796185	0.016328400000020338	epochs	3.0
4008.752091196185	0.016267299999981333	epochs	3.0
4008.768358496185	0.03235290000020541	epochs	2.0
4008.768358496185	0.01620660000025964	epochs	3.0
4008.7845650961854	0.016146299999945768	epochs	3.0
4008.8007113961853	0.032113700000081735	epochs	2.0
4008.8007113961853	0.016086600000107865	epochs	3.0
4008.8167979961854	0.01602709999997387	epochs	3.0
4008.8328250961854	0.031877999999778694	epochs	2.0
4008.8328250961854	0.0159681999998611	epochs	3.0
4008.8487932961852	0.015909799999917595	epochs	3.0
4008.864703096185	0.03164570000035383	epochs	2.0
4008.864703096185	0.01585160000013275	epochs	3.0
4008.8805546961853	0.01579410000022108	epochs	3.0
4008.8963487961855	0.03141669999968144	epochs	2.0
4008.8963487961855	0.015736699999706616	epochs	3.0
4008.9120854961852	0.015679999999974825	epochs	3.0
4008.927765496185	0.03119109999988723	epochs	2.0
4008.927765496185	0.015623600000253646	epochs	3.0
4008.9433890961855	0.015567499999633583	epochs	3.0
4008.958956596185	0.030968700000357785	epochs	2.0
4008.958956596185	0.015512000000398984	epochs	3.0
4008.9744685961855	0.0154566999999588	epochs	3.0
4008.9899252961854	0.03074949999972887	epochs	2.0
4008.9899252961854	0.015401999999994587	epochs	3.0
4009.0053272961854	0.015347499999734282	epochs	3.0
4009.020674796185	0.030533200000263605	epochs	2.0
4009.020674796185	0.015293400000246038	epochs	3.0
4009.0359681961854	0.015239800000017567	epochs	3.0
4009.0512079961854	0.03032009999969887	epochs	2.0
4009.0512079961854	0.015186499999799707	epochs	3.0
4009.0663944961852	0.015133599999899161	epochs	3.0
4009.081528096185	0.030109900000297785	epochs	2.0
4009.081528096185	0.015081000000009226	epochs	3.0
4009.096609096185	0.015028900000288559	epochs	3.0
4009.1116379961854	0.029902499999934662	epochs	2.0
4009.1116379961854	0.014976999999817053	epochs	3.0
4009.1266149961853	0.014925500000117609	epochs	3.0
4009.1415404961854	0.0296981000001324	epochs	2.0
4009.1415404961854	0.014874399999825982	epochs	3.0
4009.156414896185	0.014823700000306417	epochs	3.0
4009.1712385961855	0.02949629999966419	epochs	2.0
4009.1712385961855	0.014773199999581266	epochs	3.0
4009.186011796185	0.014723100000082923	epochs	3.0
4009.200734896185	0.02929740000035963	epochs	2.0
4009.200734896185	0.014673399999992398	epochs	3.0
4009.215408296185	0.014624000000367232	epochs	3.0
4009.2300322961855	0.029101099999934377	epochs	2.0
4009.2300322961855	0.014574899999843183	epochs	3.0
4009.2446071961854	0.014526200000091194	epochs	3.0
4009.2591333961855	0.02890739999975267	epochs	2.0
4009.2591333961855	0.014477700000043114	epochs	3.0
4009.2736110961855	0.014429699999709555	epochs	3.0
4009.288040796185	0.028716199999962555	epochs	2.0
4009.288040796185	0.014381800000137446	epochs	3.0
4009.3024225961854	0.01433439999982511	epochs	3.0
4009.316756996185	0.02852759999996124	epochs	2.0
4009.316756996185	0.014287200000126177	epochs	3.0
4009.3310441961853	0.014240399999835063	epochs	3.0
4009.345284596185	0.028341400000044814	epochs	2.0
4009.345284596185	0.014193800000157353	epochs	3.0
4009.3594783961853	0.014147599999887461	epochs	3.0
4009.373625996185	0.028157700000065233	epochs	2.0
4009.373625996185	0.014101700000082928	epochs	3.0
4009.3877276961853	0.014055999999982305	epochs	3.0
4009.4017836961852	0.02797629999986384	epochs	2.0
4009.4017836961852	0.014010599999892293	epochs	3.0
4009.415794296185	0.013965699999971548	epochs	3.0
4009.429759996185	0.02779720000035013	epochs	2.0
4009.429759996185	0.013920800000050804	epochs	3.0
4009.443680796185	0.013876400000299327	epochs	3.0
4009.4575571961855	0.027620399999705114	epochs	2.0
4009.4575571961855	0.013832199999797012	epochs	3.0
4009.4713893961853	0.013788199999908102	epochs	3.0
4009.485177596185	0.027445900000202528	epochs	2.0
4009.485177596185	0.013744600000336504	epochs	3.0
4009.4989221961855	0.013701299999866023	epochs	3.0
4009.5126234961854	0.027273499999864725	epochs	2.0
4009.5126234961854	0.013658200000008947	epochs	3.0
4009.5262816961854	0.013615299999855779	epochs	3.0
4009.5398969961852	0.027103400000214606	epochs	2.0
4009.5398969961852	0.013572800000019924	epochs	3.0
4009.5534697961853	0.013530600000194681	epochs	3.0
4009.5670003961854	0.02693520000002536	epochs	2.0
4009.5670003961854	0.01348839999991469	epochs	3.0
4009.5804887961854	0.01344680000011067	epochs	3.0
4009.5939355961855	0.02676919999976235	epochs	2.0
4009.5939355961855	0.013405199999851902	epochs	3.0
4009.6073407961853	0.013363999999910448	epochs	3.0
4009.6207047961852	0.02660520000017641	epochs	2.0
4009.6207047961852	0.013322900000275695	epochs	3.0
4009.6340276961855	0.013282299999900715	epochs	3.0
4009.6473099961854	0.0264431999999033	epochs	2.0
4009.6473099961854	0.013241699999980483	epochs	3.0
4009.6605516961854	0.013201499999922817	epochs	3.0
4009.6737531961853	0.026283199999852513	epochs	2.0
4009.6737531961853	0.013161500000023807	epochs	3.0
4009.6869146961853	0.013121699999828706	epochs	3.0
4009.700036396185	0.026125000000320142	epochs	2.0
4009.700036396185	0.01308210000024701	epochs	3.0
4009.7131184961854	0.013042900000073132	epochs	3.0
4009.7261613961855	0.025968899999952555	epochs	2.0
4009.7261613961855	0.013003899999603163	epochs	3.0
4009.739165296185	0.012965000000349391	epochs	3.0
4009.7521302961854	0.02581449999979668	epochs	2.0
4009.7521302961854	0.012926399999741989	epochs	3.0
4009.765056696185	0.012888100000054692	epochs	3.0
4009.7779447961852	0.02566190000015922	epochs	2.0
4009.7779447961852	0.01284990000021935	epochs	3.0
4009.7907946961855	0.012811999999939871	epochs	3.0
4009.8036066961854	0.025511199999982637	epochs	2.0
4009.8036066961854	0.012774400000125752	epochs	3.0
4009.8163810961855	0.012736799999856885	epochs	3.0
4009.8291178961854	0.02536229999986972	epochs	2.0
4009.8291178961854	0.012699699999757286	epochs	3.0
4009.841817596185	0.012662600000112434	epochs	3.0
4009.8544801961852	0.02521500000011656	epochs	2.0
4009.8544801961852	0.012625800000023446	epochs	3.0
4009.8671059961853	0.012589200000093115	epochs	3.0
4009.8796951961854	0.024584799999956886	epochs	2.0
4009.903821196185	0.5	epochs	-1.0
4009.9042799961853	0.5248000000001412	epochs	1.0
4010.4290799961855	0.4751200000000608	epochs	0.0
4011.576000213623	0.07528000000002066	epochs	0.0
4011.576000213623	0.032641400000102294	epochs	1.0
4011.608641613623	0.009997199999816075	epochs	1.0
4011.618638813623	0.032641400000102294	epochs	1.0
4011.651280213623	2.0	epochs	0.0
4013.651280213623	21.52431999999999	epochs	0.0
4013.651280213623	1.0	epochs	1.0
4013.651301413623	0.5	epochs	-1.0
4014.151301413623	19.999519999999848	epochs	-1.0
4014.651280213623	20.0	epochs	1.0
4014.651280213623	4.356753900000058	epochs	-1.0
4014.651280213623	1.9745871999998599	epochs	2.0
4014.651280213623	1.098562199999833	epochs	3.0
4015.749842413623	0.8760250000000269	epochs	3.0
4016.625867413623	1.3524075000000266	epochs	2.0
4016.625867413623	0.7286355000001095	epochs	3.0
4017.354502913623	0.6237719999999172	epochs	3.0
4017.978274913623	1.0297592000001714	epochs	2.0
4017.978274913623	0.5453293000000485	epochs	3.0
4018.523604213623	0.48442990000012287	epochs	3.0
4019.008034113623	0.8317861999998968	epochs	2.0
4019.008034113623	0.4357762999998158	epochs	3.0
4019.443810413623	0.39600990000008096	epochs	3.0
4019.839820313623	0.6977969999998095	epochs	2.0
4019.839820313623	0.3628982000000178	epochs	3.0
4020.202718513623	0.33489879999979166	epochs	3.0
4020.537617313623	0.6010457000002134	epochs	2.0
4020.537617313623	0.31091230000038195	epochs	3.0
4020.848529613623	0.29013339999983145	epochs	3.0
4021.138663013623	0.5278859000000011	epochs	2.0
4021.138663013623	0.2719585999998344	epochs	3.0
4021.410621613623	0.2559273000001667	epochs	3.0
4021.666548913623	0.4706193000001804	epochs	2.0
4021.666548913623	0.241681299999982	epochs	3.0
4021.908230213623	0.22893800000019837	epochs	3.0
4022.137168213623	0.42457039999999324	epochs	2.0
4022.137168213623	0.2174713999997948	epochs	3.0
4022.354639613623	0.20709900000019843	epochs	3.0
4022.561738613623	0.3867353999999068	epochs	2.0
4022.561738613623	0.1976710999997522	epochs	3.0
4022.759409713623	0.18906430000015462	epochs	3.0
4022.948474013623	0.35509529999990264	epochs	2.0
4022.948474013623	0.1811758999997437	epochs	3.0
4023.129649913623	0.17391940000015893	epochs	3.0
4023.303569313623	0.32824310000023615	epochs	2.0
4023.303569313623	0.167221900000186	epochs	3.0
4023.470791213623	0.16102120000005016	epochs	3.0
4023.6318124136233	0.3051679999998669	epochs	2.0
4023.6318124136233	0.1552638999996816	epochs	3.0
4023.787076313623	0.14990410000018528	epochs	3.0
4023.936980413623	0.28512529999989056	epochs	2.0
4023.936980413623	0.14490209999985382	epochs	3.0
4024.081882513623	0.14022320000003674	epochs	3.0
4024.222105713623	0.2675537999998596	epochs	2.0
4024.222105713623	0.1358368999999584	epochs	3.0
4024.357942613623	0.13171689999990122	epochs	3.0
4024.489659513623	0.25202290000015637	epochs	2.0
4024.489659513623	0.12783930000023247	epochs	3.0
4024.617498813623	0.1241835999999239	epochs	3.0
4024.741682413623	0.23819649999995818	epochs	2.0
4024.741682413623	0.1207310999998299	epochs	3.0
4024.862413513623	0.11746540000012828	epochs	3.0
4024.979878913623	0.22580879999986792	epochs	2.0
4024.979878913623	0.11437190000015107	epochs	3.0
4025.094250813623	0.11143689999971684	epochs	3.0
4025.205687713623	0.21464600000035716	epochs	2.0
4025.205687713623	0.1086489000003894	epochs	3.0
4025.3143366136233	0.10599709999996776	epochs	3.0
4025.420333713623	0.2045349999998507	epochs	2.0
4025.420333713623	0.10347149999961403	epochs	3.0
4025.523805213623	0.10106350000023667	epochs	3.0
4025.624868713623	0.19533400000000256	epochs	2.0
4025.624868713623	0.09876510000003691	epochs	3.0
4025.723633813623	0.09656889999996565	epochs	3.0
4025.820202713623	0.18692529999998442	epochs	2.0
4025.820202713623	0.09446829999978945	epochs	3.0
4025.914671013623	0.09245700000019497	epochs	3.0
4026.007128013623	0.1792107000001124	epochs	2.0
4026.007128013623	0.0905296000000817	epochs	3.0
4026.097657613623	0.08868110000003071	epochs	3.0
4026.186338713623	0.17210769999974218	epochs	2.0
4026.186338713623	0.08690630000000965	epochs	3.0
4026.273245013623	0.08520139999973253	epochs	3.0
4026.358446413623	0.16554640000003928	epochs	2.0
4026.358446413623	0.08356189999994967	epochs	3.0
4026.442008313623	0.08198450000008961	epochs	3.0
4026.523992813623	0.15946710000025632	epochs	2.0
4026.523992813623	0.08046539999986635	epochs	3.0
4026.604458213623	0.07900170000038997	epochs	3.0
4026.683459913623	0.1538183999996363	epochs	2.0
4026.683459913623	0.07759009999972477	epochs	3.0
4026.761050013623	0.07622829999991154	epochs	3.0
4026.837278313623	0.14855640000041603	epochs	2.0
4026.837278313623	0.07491330000038943	epochs	3.0
4026.9121916136232	0.0736431000000266	epochs	3.0
4026.9858347136233	0.1436423999998624	epochs	2.0
4026.9858347136233	0.07241499999963708	epochs	3.0
4027.058249713623	0.07122740000022532	epochs	3.0
4027.129477113623	0.13904309999998077	epochs	2.0
4027.129477113623	0.0700779999997394	epochs	3.0
4027.199555113623	0.06896510000024136	epochs	3.0
4027.268520213623	0.13472929999988992	epochs	2.0
4027.268520213623	0.0678871000000072	epochs	3.0
4027.336407313623	0.06684219999988272	epochs	3.0
4027.403249513623	0.1306752000000415	epochs	2.0
4027.403249513623	0.06582909999997355	epochs	3.0
4027.469078613623	0.06484610000006796	epochs	3.0
4027.533924713623	0.1268577999999252	epochs	2.0
4027.533924713623	0.06389200000012352	epochs	3.0
4027.597816713623	0.06296579999980167	epochs	3.0
4027.660782513623	0.12325719999989815	epochs	2.0
4027.660782513623	0.06206580000025497	epochs	3.0
4027.722848313623	0.06119139999964318	epochs	3.0
4027.784039713623	0.1198554000002332	epochs	2.0
4027.784039713623	0.060341100000187	epochs	3.0
4027.844380813623	0.059514300000046205	epochs	3.0
4027.903895113623	0.1166361999999026	epochs	2.0
4027.903895113623	0.058709599999929196	epochs	3.0
4027.962604713623	0.057926599999973405	epochs	3.0
4028.020531313623	0.11358560000007856	epochs	2.0
4028.020531313623	0.05716419999998834	epochs	3.0
4028.077695513623	0.056421400000090216	epochs	3.0
4028.134116913623	0.11069050000014613	epochs	2.0
4028.134116913623	0.05569789999981367	epochs	3.0
4028.189814813623	0.05499260000033246	epochs	3.0
4028.244807413623	0.10793909999983953	epochs	2.0
4028.244807413623	0.054304899999806366	epochs	3.0
4028.299112313623	0.05363420000003316	epochs	3.0
4028.352746513623	0.10532150000017282	epochs	2.0
4028.352746513623	0.05297999999993408	epochs	3.0
4028.405726513623	0.05234150000023874	epochs	3.0
4028.4580680136232	0.10282759999972768	epochs	2.0
4028.4580680136232	0.05171810000001642	epochs	3.0
4028.5097861136232	0.05110949999971126	epochs	3.0
4028.560895613623	0.10044909999987794	epochs	2.0
4028.560895613623	0.050514900000052876	epochs	3.0
4028.611410513623	0.04993419999982507	epochs	3.0
4028.661344713623	0.09817830000019967	epochs	2.0
4028.661344713623	0.0493666000002122	epochs	3.0
4028.710711313623	0.04881169999998747	epochs	3.0
4028.759523013623	0.09600779999982478	epochs	2.0
4028.759523013623	0.04826920000004975	epochs	3.0
4028.807792213623	0.04773859999977503	epochs	3.0
4028.855530813623	0.09393120000004274	epochs	2.0
4028.855530813623	0.047219500000210246	epochs	3.0
4028.902750313623	0.04671169999983249	epochs	3.0
4028.949462013623	0.09194260000003851	epochs	2.0
4028.949462013623	0.046214599999984785	epochs	3.0
4028.995676613623	0.045728000000053726	epochs	3.0
4029.041404613623	0.09003630000006524	epochs	2.0
4029.041404613623	0.04525150000017675	epochs	3.0
4029.086656113623	0.04478479999988849	epochs	3.0
4029.131440913623	0.08820760000025984	epochs	2.0
4029.131440913623	0.0443278000002465	epochs	3.0
4029.1757687136233	0.04387980000001335	epochs	3.0
4029.2196485136233	0.0864516999999978	epochs	2.0
4029.2196485136233	0.04344099999980244	epochs	3.0
4029.263089513623	0.04301070000019536	epochs	3.0
4029.3061002136233	0.08476429999973334	epochs	2.0
4029.3061002136233	0.0425889999996798	epochs	3.0
4029.348689213623	0.04217530000005354	epochs	3.0
4029.390864513623	0.08314150000023801	epochs	2.0
4029.390864513623	0.041769700000259036	epochs	3.0
4029.4326342136233	0.041371799999978975	epochs	3.0
4029.4740060136232	0.08157970000002024	epochs	2.0
4029.4740060136232	0.040981399999964196	epochs	3.0
4029.514987413623	0.04059830000005604	epochs	3.0
4029.5555857136233	0.08007549999956609	epochs	2.0
4029.5555857136233	0.04022229999964111	epochs	3.0
4029.595808013623	0.03985319999992498	epochs	3.0
4029.635661213623	0.07862570000042979	epochs	2.0
4029.635661213623	0.03949080000029426	epochs	3.0
4029.675152013623	0.03913490000013553	epochs	3.0
4029.7142869136233	0.07722759999978734	epochs	2.0
4029.7142869136233	0.03878539999959685	epochs	3.0
4029.753072313623	0.038442200000190496	epochs	3.0
4029.791514513623	0.07587819999980638	epochs	2.0
4029.791514513623	0.03810479999992822	epochs	3.0
4029.829619313623	0.037773399999878166	epochs	3.0
4029.867392713623	0.07457520000025397	epochs	2.0
4029.867392713623	0.03744770000002973	epochs	3.0
4029.904840413623	0.037127500000224245	epochs	3.0
4029.941967913623	0.07331629999998768	epochs	2.0
4029.941967913623	0.03681289999985893	epochs	3.0
4029.978780813623	0.03650340000012875	epochs	3.0
4030.015284213623	0.07209899999998015	epochs	2.0
4030.015284213623	0.03619909999997617	epochs	3.0
4030.051483313623	0.03589990000000398	epochs	3.0
4030.087383213623	0.07092169999987163	epochs	2.0
4030.087383213623	0.03560560000005353	epochs	3.0
4030.122988813623	0.03531609999981811	epochs	3.0
4030.158304913623	0.06978200000003199	epochs	2.0
4030.158304913623	0.03503120000004856	epochs	3.0
4030.193336113623	0.03475079999998343	epochs	3.0
4030.228086913623	0.06867860000011206	epochs	2.0
4030.228086913623	0.034475100000236125	epochs	3.0
4030.262562013623	0.03420349999987593	epochs	3.0
4030.296765513623	0.06760930000018561	epochs	2.0
4030.296765513623	0.033936199999970995	epochs	3.0
4030.330701713623	0.03367310000021462	epochs	3.0
4030.3643748136233	0.06657289999975546	epochs	2.0
4030.3643748136233	0.03341399999999339	epochs	3.0
4030.3977888136233	0.03315889999976207	epochs	3.0
4030.430947713623	0.06556779999982609	epochs	2.0
4030.430947713623	0.03290770000012344	epochs	3.0
4030.463855413623	0.03266009999970265	epochs	3.0
4030.496515513623	0.0645926000001964	epochs	2.0
4030.496515513623	0.032416400000329304	epochs	3.0
4030.528931913623	0.032176199999867094	epochs	3.0
4030.561108113623	0.06364600000006249	epochs	2.0
4030.561108113623	0.03193959999998697	epochs	3.0
4030.593047713623	0.03170640000007552	epochs	3.0
4030.624754113623	0.0627266999999847	epochs	2.0
4030.624754113623	0.03147660000013275	epochs	3.0
4030.6562307136232	0.031250099999851955	epochs	3.0
4030.687480813623	0.06183359999977256	epochs	2.0
4030.687480813623	0.031026900000142632	epochs	3.0
4030.7185077136232	0.030806699999629927	epochs	3.0
4030.749314413623	0.06096560000014506	epochs	2.0
4030.749314413623	0.03058980000014344	epochs	3.0
4030.779904213623	0.030375800000001618	epochs	3.0
4030.810280013623	0.06012160000000222	epochs	2.0
4030.810280013623	0.030164899999817862	epochs	3.0
4030.840444913623	0.029956700000184355	epochs	3.0
4030.870401613623	0.059300700000221696	epochs	2.0
4030.870401613623	0.029751600000054168	epochs	3.0
4030.900153213623	0.029549100000167527	epochs	3.0
4030.9297023136232	0.05850179999970351	epochs	2.0
4030.9297023136232	0.029349399999773595	epochs	3.0
4030.959051713623	0.029152399999929912	epochs	3.0
4030.988204113623	0.05772419999993872	epochs	2.0
4030.988204113623	0.028958000000329776	epochs	3.0
4031.0171621136233	0.028766199999608943	epochs	3.0
4031.045928313623	0.0569671000002927	epochs	2.0
4031.045928313623	0.028577000000041153	epochs	3.0
4031.074505313623	0.02839010000025155	epochs	3.0
4031.102895413623	0.05622949999997218	epochs	2.0
4031.102895413623	0.028205699999944045	epochs	3.0
4031.131101113623	0.028023800000028132	epochs	3.0
4031.159124913623	0.05551070000001346	epochs	2.0
4031.159124913623	0.02784399999973175	epochs	3.0
4031.186968913623	0.027666700000281708	epochs	3.0
4031.214635613623	0.05481019999979253	epochs	2.0
4031.214635613623	0.02749149999999645	epochs	3.0
4031.242127113623	0.02731869999979608	epochs	3.0
4031.269445813623	0.054126999999880354	epochs	2.0
4031.269445813623	0.027147799999966082	epochs	3.0
4031.296593613623	0.026979199999914272	epochs	3.0
4031.323572813623	0.05346070000041436	epochs	2.0
4031.323572813623	0.026812600000084785	epochs	3.0
4031.350385413623	0.026648100000329578	epochs	3.0
4031.3770335136232	0.05281070000000909	epochs	2.0
4031.3770335136232	0.0264855999998872	epochs	3.0
4031.403519113623	0.026325100000121893	epochs	3.0
4031.4298442136233	0.052176199999848905	epochs	2.0
4031.4298442136233	0.026166399999965506	epochs	3.0
4031.456010613623	0.0260097999998834	epochs	3.0
4031.482020413623	0.05155669999976453	epochs	2.0
4031.482020413623	0.02585480000016105	epochs	3.0
4031.5078752136233	0.025701899999603484	epochs	3.0
4031.533577113623	0.05095190000020011	epochs	2.0
4031.533577113623	0.025550700000167126	epochs	3.0
4031.559127813623	0.025401200000032986	epochs	3.0
4031.584529013623	0.05036100000006627	epochs	2.0
4031.584529013623	0.025253499999962514	epochs	3.0
4031.609782513623	0.025107500000103755	epochs	3.0
4031.634890013623	0.04978380000011384	epochs	2.0
4031.634890013623	0.02496320000000196	epochs	3.0
4031.659853213623	0.02482060000011188	epochs	3.0
4031.6846738136232	0.049219499999708205	epochs	2.0
4031.6846738136232	0.024679399999968155	epochs	3.0
4031.709353213623	0.02454009999974005	epochs	3.0
4031.733893313623	0.04866790000005494	epochs	2.0
4031.733893313623	0.02440210000031584	epochs	3.0
4031.7582954136233	0.0242657999997391	epochs	3.0
4031.782561213623	0.048128599999927246	epochs	2.0
4031.782561213623	0.024131000000124914	epochs	3.0
4031.806692213623	0.023997599999802333	epochs	3.0
4031.830689813623	0.047601100000065344	epochs	2.0
4031.830689813623	0.023865800000294257	epochs	3.0
4031.8545556136232	0.023735299999771087	epochs	3.0
4031.878290913623	0.04708500000015192	epochs	2.0
4031.878290913623	0.023606300000210467	epochs	3.0
4031.901897213623	0.023478699999941455	epochs	3.0
4031.925375913623	0.04657999999972162	epochs	2.0
4031.925375913623	0.023352499999873544	epochs	3.0
4031.948728413623	0.023227499999848078	epochs	3.0
4031.971955913623	0.04608570000027612	epochs	2.0
4031.971955913623	0.023104000000330416	epochs	3.0
4031.995059913623	0.022981699999945704	epochs	3.0
4032.018041613623	0.045601799999985815	epochs	2.0
4032.018041613623	0.02286069999991014	epochs	3.0
4032.040902313623	0.022741100000075676	epochs	3.0
4032.063643413623	0.045127899999897636	epochs	2.0
4032.063643413623	0.022622500000125	epochs	3.0
4032.0862659136233	0.022505399999772635	epochs	3.0
4032.108771313623	0.04466379999985293	epochs	2.0
4032.108771313623	0.022389300000213552	epochs	3.0
4032.1311606136233	0.022274499999639374	epochs	3.0
4032.153435113623	0.04420920000029582	epochs	2.0
4032.153435113623	0.02216080000016518	epochs	3.0
4032.175595913623	0.02204840000013064	epochs	3.0
4032.197644313623	0.043763599999692815	epochs	2.0
4032.197644313623	0.021936899999673187	epochs	3.0
4032.219581213623	0.021826700000019628	epochs	3.0
4032.241407913623	0.043327100000169594	epochs	2.0
4032.241407913623	0.02171760000010181	epochs	3.0
4032.263125513623	0.021609500000067783	epochs	3.0
4032.284735013623	0.04289900000003399	epochs	2.0
4032.284735013623	0.021502500000224245	epochs	3.0
4032.3062375136233	0.021396499999809748	epochs	3.0
4032.327634013623	0.04247949999989942	epochs	2.0
4032.327634013623	0.021291699999892444	epochs	3.0
4032.348925713623	0.021187800000006973	epochs	3.0
4032.370113513623	0.04206789999989269	epochs	2.0
4032.370113513623	0.02108490000000529	epochs	3.0
4032.391198413623	0.020982999999887397	epochs	3.0
4032.412181413623	0.041664400000172463	epochs	2.0
4032.412181413623	0.020882199999959994	epochs	3.0
4032.433063613623	0.02078220000021247	epochs	3.0
4032.453845813623	0.04126850000011473	epochs	2.0
4032.453845813623	0.02068330000020069	epochs	3.0
4032.4745291136232	0.02058519999991404	epochs	3.0
4032.495114313623	0.04088000000001557	epochs	2.0
4032.495114313623	0.020488099999965925	epochs	3.0
4032.515602413623	0.020391900000049645	epochs	3.0
4032.535994313623	0.04049880000002304	epochs	2.0
4032.535994313623	0.020296599999710452	epochs	3.0
4032.556290913623	0.020202200000312587	epochs	3.0
4032.576493113623	0.04012459999967177	epochs	2.0
4032.576493113623	0.02010870000003706	epochs	3.0
4032.5966018136232	0.020015899999634712	epochs	3.0
4032.616617713623	0.03975730000001931	epochs	2.0
4032.616617713623	0.01992420000033235	epochs	3.0
4032.636541913623	0.019833099999686965	epochs	3.0
4032.656375013623	0.03939669999999751	epochs	2.0
4032.656375013623	0.019743000000289612	epochs	3.0
4032.676118013623	0.019653699999707896	epochs	3.0
4032.695771713623	0.03904240000019854	epochs	2.0
4032.695771713623	0.0195651000003636	epochs	3.0
4032.7153368136233	0.01947729999983494	epochs	3.0
4032.734814113623	0.03869459999987157	epochs	2.0
4032.734814113623	0.019390399999792862	epochs	3.0
4032.754204513623	0.01930420000007871	epochs	3.0
4032.773508713623	0.03835290000006353	epochs	2.0
4032.773508713623	0.019218800000089686	epochs	3.0
4032.792727513623	0.01913409999997384	epochs	3.0
4032.811861613623	0.03801720000001296	epochs	2.0
4032.811861613623	0.019050200000037876	epochs	3.0
4032.830911813623	0.018966999999975087	epochs	3.0
4032.849878813623	0.03768720000016401	epochs	2.0
4032.849878813623	0.018884499999785476	epochs	3.0
4032.868763313623	0.018802700000378536	epochs	3.0
4032.887566013623	0.037363099999765836	epochs	2.0
4032.887566013623	0.018721699999787234	epochs	3.0
4032.906287713623	0.018641399999978603	epochs	3.0
4032.924929113623	0.037044300000161456	epochs	2.0
4032.924929113623	0.018561599999884493	epochs	3.0
4032.943490713623	0.018482700000276964	epochs	3.0
4032.961973413623	0.036731000000145286	epochs	2.0
4032.961973413623	0.018404299999929208	epochs	3.0
4032.980377713623	0.01832670000021608	epochs	3.0
4032.9987044136233	0.036422899999706715	epochs	2.0
4032.9987044136233	0.018249599999762722	epochs	3.0
4033.016954013623	0.018173299999943993	epochs	3.0
4033.035127313623	0.03612010000006194	epochs	2.0
4033.035127313623	0.018097600000146485	epochs	3.0
4033.053224913623	0.018022499999915453	epochs	3.0
4033.071247413623	0.035822100000132195	epochs	2.0
4033.071247413623	0.01794789999985369	epochs	3.0
4033.089195313623	0.017874200000278506	epochs	3.0
4033.107069513623	0.03552899999976944	epochs	2.0
4033.107069513623	0.01780079999980444	epochs	3.0
4033.124870313623	0.017728199999965	epochs	3.0
4033.142598513623	0.03524070000003121	epochs	2.0
4033.142598513623	0.017656100000294828	epochs	3.0
4033.1602546136232	0.017584599999736383	epochs	3.0
4033.177839213623	0.03495710000015606	epochs	2.0
4033.177839213623	0.017513700000108656	epochs	3.0
4033.195352913623	0.017443400000047404	epochs	3.0
4033.212796313623	0.03467790000013338	epochs	2.0
4033.212796313623	0.017373599999700673	epochs	3.0
4033.230169913623	0.017304300000432704	epochs	3.0
4033.2474742136233	0.03440329999966707	epochs	2.0
4033.2474742136233	0.01723569999967367	epochs	3.0
4033.264709913623	0.0171675999999934	epochs	3.0
4033.281877513623	0.03413279999995211	epochs	2.0
4033.281877513623	0.017099900000175694	epochs	3.0
4033.298977413623	0.01703289999977642	epochs	3.0
4033.316010313623	0.03386670000008962	epochs	2.0
4033.316010313623	0.01696640000000116	epochs	3.0
4033.332976713623	0.016900300000088464	epochs	3.0
4033.349877013623	0.03360460000021703	epochs	2.0
4033.349877013623	0.016834800000196992	epochs	3.0
4033.366711813623	0.01676980000002004	epochs	3.0
4033.383481613623	0.03334659999973155	epochs	2.0
4033.383481613623	0.016705300000012357	epochs	3.0
4033.400186913623	0.016641299999719195	epochs	3.0
4033.416828213623	0.03309250000029351	epochs	2.0
4033.416828213623	0.016577800000050047	epochs	3.0
4033.433406013623	0.016514700000243465	epochs	3.0
4033.449920713623	0.032842299999629176	epochs	2.0
4033.449920713623	0.01645220000000336	epochs	3.0
4033.466372913623	0.016390099999625818	epochs	3.0
4033.482763013623	0.03259570000000167	epochs	2.0
4033.482763013623	0.016328400000020338	epochs	3.0
4033.499091413623	0.016267299999981333	epochs	3.0
4033.515358713623	0.03235290000020541	epochs	2.0
4033.515358713623	0.01620660000025964	epochs	3.0
4033.531565313623	0.016146299999945768	epochs	3.0
4033.547711613623	0.032113700000081735	epochs	2.0
4033.547711613623	0.016086600000107865	epochs	3.0
4033.563798213623	0.01602709999997387	epochs	3.0
4033.579825313623	0.031877999999778694	epochs	2.0
4033.579825313623	0.0159681999998611	epochs	3.0
4033.595793513623	0.015909799999917595	epochs	3.0
4033.611703313623	0.03164570000035383	epochs	2.0
4033.611703313623	0.01585160000013275	epochs	3.0
4033.627554913623	0.01579410000022108	epochs	3.0
4033.6433490136233	0.03141669999968144	epochs	2.0
4033.6433490136233	0.015736699999706616	epochs	3.0
4033.659085713623	0.015679999999974825	epochs	3.0
4033.674765713623	0.03119109999988723	epochs	2.0
4033.674765713623	0.015623600000253646	epochs	3.0
4033.690389313623	0.015567499999633583	epochs	3.0
4033.705956813623	0.030968700000357785	epochs	2.0
4033.705956813623	0.015512000000398984	epochs	3.0
4033.7214688136232	0.0154566999999588	epochs	3.0
4033.736925513623	0.03074949999972887	epochs	2.0
4033.736925513623	0.015401999999994587	epochs	3.0
4033.752327513623	0.015347499999734282	epochs	3.0
4033.767675013623	0.030533200000263605	epochs	2.0
4033.767675013623	0.015293400000246038	epochs	3.0
4033.782968413623	0.015239800000017567	epochs	3.0
4033.798208213623	0.03032009999969887	epochs	2.0
4033.798208213623	0.015186499999799707	epochs	3.0
4033.813394713623	0.015133599999899161	epochs	3.0
4033.828528313623	0.030109900000297785	epochs	2.0
4033.828528313623	0.015081000000009226	epochs	3.0
4033.843609313623	0.015028900000288559	epochs	3.0
4033.858638213623	0.029902499999934662	epochs	2.0
4033.858638213623	0.014976999999817053	epochs	3.0
4033.873615213623	0.014925500000117609	epochs	3.0
4033.888540713623	0.0296981000001324	epochs	2.0
4033.888540713623	0.014874399999825982	epochs	3.0
4033.903415113623	0.014823700000306417	epochs	3.0
4033.9182388136232	0.02949629999966419	epochs	2.0
4033.9182388136232	0.014773199999581266	epochs	3.0
4033.933012013623	0.014723100000082923	epochs	3.0
4033.947735113623	0.02929740000035963	epochs	2.0
4033.947735113623	0.014673399999992398	epochs	3.0
4033.962408513623	0.014624000000367232	epochs	3.0
4033.9770325136233	0.029101099999934377	epochs	2.0
4033.9770325136233	0.014574899999843183	epochs	3.0
4033.991607413623	0.014526200000091194	epochs	3.0
4034.006133613623	0.02890739999975267	epochs	2.0
4034.006133613623	0.014477700000043114	epochs	3.0
4034.0206113136232	0.014429699999709555	epochs	3.0
4034.035041013623	0.028716199999962555	epochs	2.0
4034.035041013623	0.014381800000137446	epochs	3.0
4034.049422813623	0.01433439999982511	epochs	3.0
4034.063757213623	0.02852759999996124	epochs	2.0
4034.063757213623	0.014287200000126177	epochs	3.0
4034.078044413623	0.014240399999835063	epochs	3.0
4034.092284813623	0.028341400000044814	epochs	2.0
4034.092284813623	0.014193800000157353	epochs	3.0
4034.106478613623	0.014147599999887461	epochs	3.0
4034.120626213623	0.028157700000065233	epochs	2.0
4034.120626213623	0.014101700000082928	epochs	3.0
4034.134727913623	0.014055999999982305	epochs	3.0
4034.148783913623	0.02797629999986384	epochs	2.0
4034.148783913623	0.014010599999892293	epochs	3.0
4034.162794513623	0.013965699999971548	epochs	3.0
4034.176760213623	0.02779720000035013	epochs	2.0
4034.176760213623	0.013920800000050804	epochs	3.0
4034.190681013623	0.013876400000299327	epochs	3.0
4034.204557413623	0.027620399999705114	epochs	2.0
4034.204557413623	0.013832199999797012	epochs	3.0
4034.218389613623	0.013788199999908102	epochs	3.0
4034.232177813623	0.027445900000202528	epochs	2.0
4034.232177813623	0.013744600000336504	epochs	3.0
4034.2459224136232	0.013701299999866023	epochs	3.0
4034.259623713623	0.027273499999864725	epochs	2.0
4034.259623713623	0.013658200000008947	epochs	3.0
4034.273281913623	0.013615299999855779	epochs	3.0
4034.286897213623	0.027103400000214606	epochs	2.0
4034.286897213623	0.013572800000019924	epochs	3.0
4034.300470013623	0.013530600000194681	epochs	3.0
4034.314000613623	0.02693520000002536	epochs	2.0
4034.314000613623	0.01348839999991469	epochs	3.0
4034.327489013623	0.01344680000011067	epochs	3.0
4034.340935813623	0.02676919999976235	epochs	2.0
4034.340935813623	0.013405199999851902	epochs	3.0
4034.354341013623	0.013363999999910448	epochs	3.0
4034.367705013623	0.02660520000017641	epochs	2.0
4034.367705013623	0.013322900000275695	epochs	3.0
4034.3810279136233	0.013282299999900715	epochs	3.0
4034.394310213623	0.0264431999999033	epochs	2.0
4034.394310213623	0.013241699999980483	epochs	3.0
4034.407551913623	0.013201499999922817	epochs	3.0
4034.420753413623	0.026283199999852513	epochs	2.0
4034.420753413623	0.013161500000023807	epochs	3.0
4034.433914913623	0.013121699999828706	epochs	3.0
4034.447036613623	0.026125000000320142	epochs	2.0
4034.447036613623	0.01308210000024701	epochs	3.0
4034.460118713623	0.013042900000073132	epochs	3.0
4034.4731616136232	0.025968899999952555	epochs	2.0
4034.4731616136232	0.013003899999603163	epochs	3.0
4034.486165513623	0.012965000000349391	epochs	3.0
4034.499130513623	0.02581449999979668	epochs	2.0
4034.499130513623	0.012926399999741989	epochs	3.0
4034.512056913623	0.012888100000054692	epochs	3.0
4034.524945013623	0.02566190000015922	epochs	2.0
4034.524945013623	0.01284990000021935	epochs	3.0
4034.537794913623	0.012811999999939871	epochs	3.0
4034.550606913623	0.025511199999982637	epochs	2.0
4034.550606913623	0.012774400000125752	epochs	3.0
4034.5633813136233	0.012736799999856885	epochs	3.0
4034.576118113623	0.02536229999986972	epochs	2.0
4034.576118113623	0.012699699999757286	epochs	3.0
4034.588817813623	0.012662600000112434	epochs	3.0
4034.601480413623	0.02521500000011656	epochs	2.0
4034.601480413623	0.012625800000023446	epochs	3.0
4034.614106213623	0.012589200000093115	epochs	3.0
4034.626695413623	0.024584799999956886	epochs	2.0
4034.650821413623	0.5	epochs	-1.0
4034.651280213623	0.5243199999999888	epochs	1.0
4035.175600213623	0.4756000000002132	epochs	0.0
4036.335000038147	0.07528000000002066	epochs	0.0
4036.335000038147	0.032641400000102294	epochs	1.0
4036.367641438147	0.009997199999816075	epochs	1.0
4036.377638638147	0.032641400000102294	epochs	1.0
4036.410280038147	2.0	epochs	0.0
4038.410280038147	21.504320000000007	epochs	0.0
4038.410280038147	1.0	epochs	1.0
4038.410301238147	0.5	epochs	-1.0
4038.910301238147	19.999519999999848	epochs	-1.0
4039.410280038147	20.0	epochs	1.0
4039.410280038147	4.356753900000058	epochs	-1.0
4039.410280038147	1.9745871999998599	epochs	2.0
4039.410280038147	1.098562199999833	epochs	3.0
4040.508842238147	0.8760250000000269	epochs	3.0
4041.384867238147	1.3524075000000266	epochs	2.0
4041.384867238147	0.7286355000001095	epochs	3.0
4042.113502738147	0.6237719999999172	epochs	3.0
4042.737274738147	1.0297592000001714	epochs	2.0
4042.737274738147	0.5453293000000485	epochs	3.0
4043.282604038147	0.48442990000012287	epochs	3.0
4043.767033938147	0.8317861999998968	epochs	2.0
4043.767033938147	0.4357762999998158	epochs	3.0
4044.202810238147	0.39600990000008096	epochs	3.0
4044.598820138147	0.6977969999998095	epochs	2.0
4044.598820138147	0.3628982000000178	epochs	3.0
4044.961718338147	0.33489879999979166	epochs	3.0
4045.2966171381468	0.6010457000002134	epochs	2.0
4045.2966171381468	0.31091230000038195	epochs	3.0
4045.607529438147	0.29013339999983145	epochs	3.0
4045.897662838147	0.5278859000000011	epochs	2.0
4045.897662838147	0.2719585999998344	epochs	3.0
4046.169621438147	0.2559273000001667	epochs	3.0
4046.425548738147	0.4706193000001804	epochs	2.0
4046.425548738147	0.241681299999982	epochs	3.0
4046.667230038147	0.22893800000019837	epochs	3.0
4046.896168038147	0.42457039999999324	epochs	2.0
4046.896168038147	0.2174713999997948	epochs	3.0
4047.113639438147	0.20709900000019843	epochs	3.0
4047.320738438147	0.3867353999999068	epochs	2.0
4047.320738438147	0.1976710999997522	epochs	3.0
4047.518409538147	0.18906430000015462	epochs	3.0
4047.707473838147	0.35509529999990264	epochs	2.0
4047.707473838147	0.1811758999997437	epochs	3.0
4047.888649738147	0.17391940000015893	epochs	3.0
4048.062569138147	0.32824310000023615	epochs	2.0
4048.062569138147	0.167221900000186	epochs	3.0
4048.229791038147	0.16102120000005016	epochs	3.0
4048.390812238147	0.3051679999998669	epochs	2.0
4048.390812238147	0.1552638999996816	epochs	3.0
4048.546076138147	0.14990410000018528	epochs	3.0
4048.695980238147	0.28512529999989056	epochs	2.0
4048.695980238147	0.14490209999985382	epochs	3.0
4048.840882338147	0.14022320000003674	epochs	3.0
4048.981105538147	0.2675537999998596	epochs	2.0
4048.981105538147	0.1358368999999584	epochs	3.0
4049.116942438147	0.13171689999990122	epochs	3.0
4049.248659338147	0.25202290000015637	epochs	2.0
4049.248659338147	0.12783930000023247	epochs	3.0
4049.376498638147	0.1241835999999239	epochs	3.0
4049.500682238147	0.23819649999995818	epochs	2.0
4049.500682238147	0.1207310999998299	epochs	3.0
4049.621413338147	0.11746540000012828	epochs	3.0
4049.738878738147	0.22580879999986792	epochs	2.0
4049.738878738147	0.11437190000015107	epochs	3.0
4049.853250638147	0.11143689999971684	epochs	3.0
4049.964687538147	0.21464600000035716	epochs	2.0
4049.964687538147	0.1086489000003894	epochs	3.0
4050.073336438147	0.10599709999996776	epochs	3.0
4050.179333538147	0.2045349999998507	epochs	2.0
4050.179333538147	0.10347149999961403	epochs	3.0
4050.2828050381468	0.10106350000023667	epochs	3.0
4050.383868538147	0.19533400000000256	epochs	2.0
4050.383868538147	0.09876510000003691	epochs	3.0
4050.482633638147	0.09656889999996565	epochs	3.0
4050.579202538147	0.18692529999998442	epochs	2.0
4050.579202538147	0.09446829999978945	epochs	3.0
4050.673670838147	0.09245700000019497	epochs	3.0
4050.766127838147	0.1792107000001124	epochs	2.0
4050.766127838147	0.0905296000000817	epochs	3.0
4050.856657438147	0.08868110000003071	epochs	3.0
4050.945338538147	0.17210769999974218	epochs	2.0
4050.945338538147	0.08690630000000965	epochs	3.0
4051.032244838147	0.08520139999973253	epochs	3.0
4051.117446238147	0.16554640000003928	epochs	2.0
4051.117446238147	0.08356189999994967	epochs	3.0
4051.201008138147	0.08198450000008961	epochs	3.0
4051.282992638147	0.15946710000025632	epochs	2.0
4051.282992638147	0.08046539999986635	epochs	3.0
4051.3634580381467	0.07900170000038997	epochs	3.0
4051.442459738147	0.1538183999996363	epochs	2.0
4051.442459738147	0.07759009999972477	epochs	3.0
4051.520049838147	0.07622829999991154	epochs	3.0
4051.5962781381468	0.14855640000041603	epochs	2.0
4051.5962781381468	0.07491330000038943	epochs	3.0
4051.671191438147	0.0736431000000266	epochs	3.0
4051.744834538147	0.1436423999998624	epochs	2.0
4051.744834538147	0.07241499999963708	epochs	3.0
4051.817249538147	0.07122740000022532	epochs	3.0
4051.888476938147	0.13904309999998077	epochs	2.0
4051.888476938147	0.0700779999997394	epochs	3.0
4051.958554938147	0.06896510000024136	epochs	3.0
4052.027520038147	0.13472929999988992	epochs	2.0
4052.027520038147	0.0678871000000072	epochs	3.0
4052.095407138147	0.06684219999988272	epochs	3.0
4052.162249338147	0.1306752000000415	epochs	2.0
4052.162249338147	0.06582909999997355	epochs	3.0
4052.228078438147	0.06484610000006796	epochs	3.0
4052.292924538147	0.1268577999999252	epochs	2.0
4052.292924538147	0.06389200000012352	epochs	3.0
4052.356816538147	0.06296579999980167	epochs	3.0
4052.419782338147	0.12325719999989815	epochs	2.0
4052.419782338147	0.06206580000025497	epochs	3.0
4052.481848138147	0.06119139999964318	epochs	3.0
4052.543039538147	0.1198554000002332	epochs	2.0
4052.543039538147	0.060341100000187	epochs	3.0
4052.603380638147	0.059514300000046205	epochs	3.0
4052.662894938147	0.1166361999999026	epochs	2.0
4052.662894938147	0.058709599999929196	epochs	3.0
4052.721604538147	0.057926599999973405	epochs	3.0
4052.779531138147	0.11358560000007856	epochs	2.0
4052.779531138147	0.05716419999998834	epochs	3.0
4052.836695338147	0.056421400000090216	epochs	3.0
4052.893116738147	0.11069050000014613	epochs	2.0
4052.893116738147	0.05569789999981367	epochs	3.0
4052.948814638147	0.05499260000033246	epochs	3.0
4053.003807238147	0.10793909999983953	epochs	2.0
4053.003807238147	0.054304899999806366	epochs	3.0
4053.058112138147	0.05363420000003316	epochs	3.0
4053.111746338147	0.10532150000017282	epochs	2.0
4053.111746338147	0.05297999999993408	epochs	3.0
4053.164726338147	0.05234150000023874	epochs	3.0
4053.217067838147	0.10282759999972768	epochs	2.0
4053.217067838147	0.05171810000001642	epochs	3.0
4053.268785938147	0.05110949999971126	epochs	3.0
4053.319895438147	0.10044909999987794	epochs	2.0
4053.319895438147	0.050514900000052876	epochs	3.0
4053.370410338147	0.04993419999982507	epochs	3.0
4053.4203445381468	0.09817830000019967	epochs	2.0
4053.4203445381468	0.0493666000002122	epochs	3.0
4053.469711138147	0.04881169999998747	epochs	3.0
4053.518522838147	0.09600779999982478	epochs	2.0
4053.518522838147	0.04826920000004975	epochs	3.0
4053.566792038147	0.04773859999977503	epochs	3.0
4053.614530638147	0.09393120000004274	epochs	2.0
4053.614530638147	0.047219500000210246	epochs	3.0
4053.661750138147	0.04671169999983249	epochs	3.0
4053.708461838147	0.09194260000003851	epochs	2.0
4053.708461838147	0.046214599999984785	epochs	3.0
4053.754676438147	0.045728000000053726	epochs	3.0
4053.800404438147	0.09003630000006524	epochs	2.0
4053.800404438147	0.04525150000017675	epochs	3.0
4053.845655938147	0.04478479999988849	epochs	3.0
4053.890440738147	0.08820760000025984	epochs	2.0
4053.890440738147	0.0443278000002465	epochs	3.0
4053.934768538147	0.04387980000001335	epochs	3.0
4053.978648338147	0.0864516999999978	epochs	2.0
4053.978648338147	0.04344099999980244	epochs	3.0
4054.022089338147	0.04301070000019536	epochs	3.0
4054.065100038147	0.08476429999973334	epochs	2.0
4054.065100038147	0.0425889999996798	epochs	3.0
4054.107689038147	0.04217530000005354	epochs	3.0
4054.149864338147	0.08314150000023801	epochs	2.0
4054.149864338147	0.041769700000259036	epochs	3.0
4054.191634038147	0.041371799999978975	epochs	3.0
4054.233005838147	0.08157970000002024	epochs	2.0
4054.233005838147	0.040981399999964196	epochs	3.0
4054.273987238147	0.04059830000005604	epochs	3.0
4054.314585538147	0.08007549999956609	epochs	2.0
4054.314585538147	0.04022229999964111	epochs	3.0
4054.354807838147	0.03985319999992498	epochs	3.0
4054.3946610381468	0.07862570000042979	epochs	2.0
4054.3946610381468	0.03949080000029426	epochs	3.0
4054.434151838147	0.03913490000013553	epochs	3.0
4054.473286738147	0.07722759999978734	epochs	2.0
4054.473286738147	0.03878539999959685	epochs	3.0
4054.512072138147	0.038442200000190496	epochs	3.0
4054.550514338147	0.07587819999980638	epochs	2.0
4054.550514338147	0.03810479999992822	epochs	3.0
4054.588619138147	0.037773399999878166	epochs	3.0
4054.626392538147	0.07457520000025397	epochs	2.0
4054.626392538147	0.03744770000002973	epochs	3.0
4054.663840238147	0.037127500000224245	epochs	3.0
4054.700967738147	0.07331629999998768	epochs	2.0
4054.700967738147	0.03681289999985893	epochs	3.0
4054.737780638147	0.03650340000012875	epochs	3.0
4054.774284038147	0.07209899999998015	epochs	2.0
4054.774284038147	0.03619909999997617	epochs	3.0
4054.810483138147	0.03589990000000398	epochs	3.0
4054.846383038147	0.07092169999987163	epochs	2.0
4054.846383038147	0.03560560000005353	epochs	3.0
4054.881988638147	0.03531609999981811	epochs	3.0
4054.917304738147	0.06978200000003199	epochs	2.0
4054.917304738147	0.03503120000004856	epochs	3.0
4054.952335938147	0.03475079999998343	epochs	3.0
4054.987086738147	0.06867860000011206	epochs	2.0
4054.987086738147	0.034475100000236125	epochs	3.0
4055.021561838147	0.03420349999987593	epochs	3.0
4055.055765338147	0.06760930000018561	epochs	2.0
4055.055765338147	0.033936199999970995	epochs	3.0
4055.089701538147	0.03367310000021462	epochs	3.0
4055.123374638147	0.06657289999975546	epochs	2.0
4055.123374638147	0.03341399999999339	epochs	3.0
4055.156788638147	0.03315889999976207	epochs	3.0
4055.189947538147	0.06556779999982609	epochs	2.0
4055.189947538147	0.03290770000012344	epochs	3.0
4055.222855238147	0.03266009999970265	epochs	3.0
4055.255515338147	0.0645926000001964	epochs	2.0
4055.255515338147	0.032416400000329304	epochs	3.0
4055.287931738147	0.032176199999867094	epochs	3.0
4055.320107938147	0.06364600000006249	epochs	2.0
4055.320107938147	0.03193959999998697	epochs	3.0
4055.352047538147	0.03170640000007552	epochs	3.0
4055.383753938147	0.0627266999999847	epochs	2.0
4055.383753938147	0.03147660000013275	epochs	3.0
4055.415230538147	0.031250099999851955	epochs	3.0
4055.446480638147	0.06183359999977256	epochs	2.0
4055.446480638147	0.031026900000142632	epochs	3.0
4055.477507538147	0.030806699999629927	epochs	3.0
4055.508314238147	0.06096560000014506	epochs	2.0
4055.508314238147	0.03058980000014344	epochs	3.0
4055.538904038147	0.030375800000001618	epochs	3.0
4055.569279838147	0.06012160000000222	epochs	2.0
4055.569279838147	0.030164899999817862	epochs	3.0
4055.5994447381468	0.029956700000184355	epochs	3.0
4055.629401438147	0.059300700000221696	epochs	2.0
4055.629401438147	0.029751600000054168	epochs	3.0
4055.659153038147	0.029549100000167527	epochs	3.0
4055.688702138147	0.05850179999970351	epochs	2.0
4055.688702138147	0.029349399999773595	epochs	3.0
4055.718051538147	0.029152399999929912	epochs	3.0
4055.747203938147	0.05772419999993872	epochs	2.0
4055.747203938147	0.028958000000329776	epochs	3.0
4055.776161938147	0.028766199999608943	epochs	3.0
4055.804928138147	0.0569671000002927	epochs	2.0
4055.804928138147	0.028577000000041153	epochs	3.0
4055.833505138147	0.02839010000025155	epochs	3.0
4055.861895238147	0.05622949999997218	epochs	2.0
4055.861895238147	0.028205699999944045	epochs	3.0
4055.890100938147	0.028023800000028132	epochs	3.0
4055.918124738147	0.05551070000001346	epochs	2.0
4055.918124738147	0.02784399999973175	epochs	3.0
4055.945968738147	0.027666700000281708	epochs	3.0
4055.973635438147	0.05481019999979253	epochs	2.0
4055.973635438147	0.02749149999999645	epochs	3.0
4056.001126938147	0.02731869999979608	epochs	3.0
4056.028445638147	0.054126999999880354	epochs	2.0
4056.028445638147	0.027147799999966082	epochs	3.0
4056.055593438147	0.026979199999914272	epochs	3.0
4056.0825726381468	0.05346070000041436	epochs	2.0
4056.0825726381468	0.026812600000084785	epochs	3.0
4056.109385238147	0.026648100000329578	epochs	3.0
4056.136033338147	0.05281070000000909	epochs	2.0
4056.136033338147	0.0264855999998872	epochs	3.0
4056.162518938147	0.026325100000121893	epochs	3.0
4056.188844038147	0.052176199999848905	epochs	2.0
4056.188844038147	0.026166399999965506	epochs	3.0
4056.215010438147	0.0260097999998834	epochs	3.0
4056.241020238147	0.05155669999976453	epochs	2.0
4056.241020238147	0.02585480000016105	epochs	3.0
4056.266875038147	0.025701899999603484	epochs	3.0
4056.292576938147	0.05095190000020011	epochs	2.0
4056.292576938147	0.025550700000167126	epochs	3.0
4056.318127638147	0.025401200000032986	epochs	3.0
4056.343528838147	0.05036100000006627	epochs	2.0
4056.343528838147	0.025253499999962514	epochs	3.0
4056.368782338147	0.025107500000103755	epochs	3.0
4056.393889838147	0.04978380000011384	epochs	2.0
4056.393889838147	0.02496320000000196	epochs	3.0
4056.418853038147	0.02482060000011188	epochs	3.0
4056.443673638147	0.049219499999708205	epochs	2.0
4056.443673638147	0.024679399999968155	epochs	3.0
4056.468353038147	0.02454009999974005	epochs	3.0
4056.492893138147	0.04866790000005494	epochs	2.0
4056.492893138147	0.02440210000031584	epochs	3.0
4056.517295238147	0.0242657999997391	epochs	3.0
4056.541561038147	0.048128599999927246	epochs	2.0
4056.541561038147	0.024131000000124914	epochs	3.0
4056.565692038147	0.023997599999802333	epochs	3.0
4056.589689638147	0.047601100000065344	epochs	2.0
4056.589689638147	0.023865800000294257	epochs	3.0
4056.613555438147	0.023735299999771087	epochs	3.0
4056.637290738147	0.04708500000015192	epochs	2.0
4056.637290738147	0.023606300000210467	epochs	3.0
4056.660897038147	0.023478699999941455	epochs	3.0
4056.684375738147	0.04657999999972162	epochs	2.0
4056.684375738147	0.023352499999873544	epochs	3.0
4056.707728238147	0.023227499999848078	epochs	3.0
4056.730955738147	0.04608570000027612	epochs	2.0
4056.730955738147	0.023104000000330416	epochs	3.0
4056.754059738147	0.022981699999945704	epochs	3.0
4056.777041438147	0.045601799999985815	epochs	2.0
4056.777041438147	0.02286069999991014	epochs	3.0
4056.799902138147	0.022741100000075676	epochs	3.0
4056.822643238147	0.045127899999897636	epochs	2.0
4056.822643238147	0.022622500000125	epochs	3.0
4056.845265738147	0.022505399999772635	epochs	3.0
4056.867771138147	0.04466379999985293	epochs	2.0
4056.867771138147	0.022389300000213552	epochs	3.0
4056.890160438147	0.022274499999639374	epochs	3.0
4056.912434938147	0.04420920000029582	epochs	2.0
4056.912434938147	0.02216080000016518	epochs	3.0
4056.934595738147	0.02204840000013064	epochs	3.0
4056.956644138147	0.043763599999692815	epochs	2.0
4056.956644138147	0.021936899999673187	epochs	3.0
4056.978581038147	0.021826700000019628	epochs	3.0
4057.000407738147	0.043327100000169594	epochs	2.0
4057.000407738147	0.02171760000010181	epochs	3.0
4057.022125338147	0.021609500000067783	epochs	3.0
4057.043734838147	0.04289900000003399	epochs	2.0
4057.043734838147	0.021502500000224245	epochs	3.0
4057.065237338147	0.021396499999809748	epochs	3.0
4057.086633838147	0.04247949999989942	epochs	2.0
4057.086633838147	0.021291699999892444	epochs	3.0
4057.107925538147	0.021187800000006973	epochs	3.0
4057.129113338147	0.04206789999989269	epochs	2.0
4057.129113338147	0.02108490000000529	epochs	3.0
4057.150198238147	0.020982999999887397	epochs	3.0
4057.171181238147	0.041664400000172463	epochs	2.0
4057.171181238147	0.020882199999959994	epochs	3.0
4057.1920634381468	0.02078220000021247	epochs	3.0
4057.212845638147	0.04126850000011473	epochs	2.0
4057.212845638147	0.02068330000020069	epochs	3.0
4057.233528938147	0.02058519999991404	epochs	3.0
4057.254114138147	0.04088000000001557	epochs	2.0
4057.254114138147	0.020488099999965925	epochs	3.0
4057.274602238147	0.020391900000049645	epochs	3.0
4057.294994138147	0.04049880000002304	epochs	2.0
4057.294994138147	0.020296599999710452	epochs	3.0
4057.315290738147	0.020202200000312587	epochs	3.0
4057.335492938147	0.04012459999967177	epochs	2.0
4057.335492938147	0.02010870000003706	epochs	3.0
4057.355601638147	0.020015899999634712	epochs	3.0
4057.375617538147	0.03975730000001931	epochs	2.0
4057.375617538147	0.01992420000033235	epochs	3.0
4057.395541738147	0.019833099999686965	epochs	3.0
4057.415374838147	0.03939669999999751	epochs	2.0
4057.415374838147	0.019743000000289612	epochs	3.0
4057.435117838147	0.019653699999707896	epochs	3.0
4057.454771538147	0.03904240000019854	epochs	2.0
4057.454771538147	0.0195651000003636	epochs	3.0
4057.474336638147	0.01947729999983494	epochs	3.0
4057.493813938147	0.03869459999987157	epochs	2.0
4057.493813938147	0.019390399999792862	epochs	3.0
4057.513204338147	0.01930420000007871	epochs	3.0
4057.532508538147	0.03835290000006353	epochs	2.0
4057.532508538147	0.019218800000089686	epochs	3.0
4057.551727338147	0.01913409999997384	epochs	3.0
4057.570861438147	0.03801720000001296	epochs	2.0
4057.570861438147	0.019050200000037876	epochs	3.0
4057.589911638147	0.018966999999975087	epochs	3.0
4057.608878638147	0.03768720000016401	epochs	2.0
4057.608878638147	0.018884499999785476	epochs	3.0
4057.6277631381467	0.018802700000378536	epochs	3.0
4057.646565838147	0.037363099999765836	epochs	2.0
4057.646565838147	0.018721699999787234	epochs	3.0
4057.665287538147	0.018641399999978603	epochs	3.0
4057.683928938147	0.037044300000161456	epochs	2.0
4057.683928938147	0.018561599999884493	epochs	3.0
4057.702490538147	0.018482700000276964	epochs	3.0
4057.720973238147	0.036731000000145286	epochs	2.0
4057.720973238147	0.018404299999929208	epochs	3.0
4057.739377538147	0.01832670000021608	epochs	3.0
4057.757704238147	0.036422899999706715	epochs	2.0
4057.757704238147	0.018249599999762722	epochs	3.0
4057.775953838147	0.018173299999943993	epochs	3.0
4057.794127138147	0.03612010000006194	epochs	2.0
4057.794127138147	0.018097600000146485	epochs	3.0
4057.812224738147	0.018022499999915453	epochs	3.0
4057.830247238147	0.035822100000132195	epochs	2.0
4057.830247238147	0.01794789999985369	epochs	3.0
4057.848195138147	0.017874200000278506	epochs	3.0
4057.866069338147	0.03552899999976944	epochs	2.0
4057.866069338147	0.01780079999980444	epochs	3.0
4057.883870138147	0.017728199999965	epochs	3.0
4057.901598338147	0.03524070000003121	epochs	2.0
4057.901598338147	0.017656100000294828	epochs	3.0
4057.919254438147	0.017584599999736383	epochs	3.0
4057.936839038147	0.03495710000015606	epochs	2.0
4057.936839038147	0.017513700000108656	epochs	3.0
4057.954352738147	0.017443400000047404	epochs	3.0
4057.971796138147	0.03467790000013338	epochs	2.0
4057.971796138147	0.017373599999700673	epochs	3.0
4057.9891697381468	0.017304300000432704	epochs	3.0
4058.006474038147	0.03440329999966707	epochs	2.0
4058.006474038147	0.01723569999967367	epochs	3.0
4058.023709738147	0.0171675999999934	epochs	3.0
4058.040877338147	0.03413279999995211	epochs	2.0
4058.040877338147	0.017099900000175694	epochs	3.0
4058.057977238147	0.01703289999977642	epochs	3.0
4058.075010138147	0.03386670000008962	epochs	2.0
4058.075010138147	0.01696640000000116	epochs	3.0
4058.091976538147	0.016900300000088464	epochs	3.0
4058.108876838147	0.03360460000021703	epochs	2.0
4058.108876838147	0.016834800000196992	epochs	3.0
4058.125711638147	0.01676980000002004	epochs	3.0
4058.142481438147	0.03334659999973155	epochs	2.0
4058.142481438147	0.016705300000012357	epochs	3.0
4058.159186738147	0.016641299999719195	epochs	3.0
4058.175828038147	0.03309250000029351	epochs	2.0
4058.175828038147	0.016577800000050047	epochs	3.0
4058.192405838147	0.016514700000243465	epochs	3.0
4058.208920538147	0.032842299999629176	epochs	2.0
4058.208920538147	0.01645220000000336	epochs	3.0
4058.225372738147	0.016390099999625818	epochs	3.0
4058.2417628381468	0.03259570000000167	epochs	2.0
4058.2417628381468	0.016328400000020338	epochs	3.0
4058.258091238147	0.016267299999981333	epochs	3.0
4058.2743585381468	0.03235290000020541	epochs	2.0
4058.2743585381468	0.01620660000025964	epochs	3.0
4058.290565138147	0.016146299999945768	epochs	3.0
4058.306711438147	0.032113700000081735	epochs	2.0
4058.306711438147	0.016086600000107865	epochs	3.0
4058.322798038147	0.01602709999997387	epochs	3.0
4058.338825138147	0.031877999999778694	epochs	2.0
4058.338825138147	0.0159681999998611	epochs	3.0
4058.354793338147	0.015909799999917595	epochs	3.0
4058.370703138147	0.03164570000035383	epochs	2.0
4058.370703138147	0.01585160000013275	epochs	3.0
4058.386554738147	0.01579410000022108	epochs	3.0
4058.402348838147	0.03141669999968144	epochs	2.0
4058.402348838147	0.015736699999706616	epochs	3.0
4058.418085538147	0.015679999999974825	epochs	3.0
4058.433765538147	0.03119109999988723	epochs	2.0
4058.433765538147	0.015623600000253646	epochs	3.0
4058.449389138147	0.015567499999633583	epochs	3.0
4058.4649566381468	0.030968700000357785	epochs	2.0
4058.4649566381468	0.015512000000398984	epochs	3.0
4058.480468638147	0.0154566999999588	epochs	3.0
4058.495925338147	0.03074949999972887	epochs	2.0
4058.495925338147	0.015401999999994587	epochs	3.0
4058.511327338147	0.015347499999734282	epochs	3.0
4058.526674838147	0.030533200000263605	epochs	2.0
4058.526674838147	0.015293400000246038	epochs	3.0
4058.541968238147	0.015239800000017567	epochs	3.0
4058.557208038147	0.03032009999969887	epochs	2.0
4058.557208038147	0.015186499999799707	epochs	3.0
4058.572394538147	0.015133599999899161	epochs	3.0
4058.587528138147	0.030109900000297785	epochs	2.0
4058.587528138147	0.015081000000009226	epochs	3.0
4058.602609138147	0.015028900000288559	epochs	3.0
4058.617638038147	0.029902499999934662	epochs	2.0
4058.617638038147	0.014976999999817053	epochs	3.0
4058.632615038147	0.014925500000117609	epochs	3.0
4058.647540538147	0.0296981000001324	epochs	2.0
4058.647540538147	0.014874399999825982	epochs	3.0
4058.662414938147	0.014823700000306417	epochs	3.0
4058.677238638147	0.02949629999966419	epochs	2.0
4058.677238638147	0.014773199999581266	epochs	3.0
4058.6920118381468	0.014723100000082923	epochs	3.0
4058.706734938147	0.02929740000035963	epochs	2.0
4058.706734938147	0.014673399999992398	epochs	3.0
4058.721408338147	0.014624000000367232	epochs	3.0
4058.736032338147	0.029101099999934377	epochs	2.0
4058.736032338147	0.014574899999843183	epochs	3.0
4058.750607238147	0.014526200000091194	epochs	3.0
4058.765133438147	0.02890739999975267	epochs	2.0
4058.765133438147	0.014477700000043114	epochs	3.0
4058.779611138147	0.014429699999709555	epochs	3.0
4058.794040838147	0.028716199999962555	epochs	2.0
4058.794040838147	0.014381800000137446	epochs	3.0
4058.808422638147	0.01433439999982511	epochs	3.0
4058.822757038147	0.02852759999996124	epochs	2.0
4058.822757038147	0.014287200000126177	epochs	3.0
4058.837044238147	0.014240399999835063	epochs	3.0
4058.851284638147	0.028341400000044814	epochs	2.0
4058.851284638147	0.014193800000157353	epochs	3.0
4058.865478438147	0.014147599999887461	epochs	3.0
4058.879626038147	0.028157700000065233	epochs	2.0
4058.879626038147	0.014101700000082928	epochs	3.0
4058.893727738147	0.014055999999982305	epochs	3.0
4058.907783738147	0.02797629999986384	epochs	2.0
4058.907783738147	0.014010599999892293	epochs	3.0
4058.921794338147	0.013965699999971548	epochs	3.0
4058.935760038147	0.02779720000035013	epochs	2.0
4058.935760038147	0.013920800000050804	epochs	3.0
4058.949680838147	0.013876400000299327	epochs	3.0
4058.963557238147	0.027620399999705114	epochs	2.0
4058.963557238147	0.013832199999797012	epochs	3.0
4058.977389438147	0.013788199999908102	epochs	3.0
4058.991177638147	0.027445900000202528	epochs	2.0
4058.991177638147	0.013744600000336504	epochs	3.0
4059.004922238147	0.013701299999866023	epochs	3.0
4059.018623538147	0.027273499999864725	epochs	2.0
4059.018623538147	0.013658200000008947	epochs	3.0
4059.032281738147	0.013615299999855779	epochs	3.0
4059.045897038147	0.027103400000214606	epochs	2.0
4059.045897038147	0.013572800000019924	epochs	3.0
4059.059469838147	0.013530600000194681	epochs	3.0
4059.073000438147	0.02693520000002536	epochs	2.0
4059.073000438147	0.01348839999991469	epochs	3.0
4059.086488838147	0.01344680000011067	epochs	3.0
4059.099935638147	0.02676919999976235	epochs	2.0
4059.099935638147	0.013405199999851902	epochs	3.0
4059.113340838147	0.013363999999910448	epochs	3.0
4059.126704838147	0.02660520000017641	epochs	2.0
4059.126704838147	0.013322900000275695	epochs	3.0
4059.140027738147	0.013282299999900715	epochs	3.0
4059.153310038147	0.0264431999999033	epochs	2.0
4059.153310038147	0.013241699999980483	epochs	3.0
4059.166551738147	0.013201499999922817	epochs	3.0
4059.179753238147	0.026283199999852513	epochs	2.0
4059.179753238147	0.013161500000023807	epochs	3.0
4059.192914738147	0.013121699999828706	epochs	3.0
4059.206036438147	0.026125000000320142	epochs	2.0
4059.206036438147	0.01308210000024701	epochs	3.0
4059.219118538147	0.013042900000073132	epochs	3.0
4059.232161438147	0.025968899999952555	epochs	2.0
4059.232161438147	0.013003899999603163	epochs	3.0
4059.2451653381468	0.012965000000349391	epochs	3.0
4059.258130338147	0.02581449999979668	epochs	2.0
4059.258130338147	0.012926399999741989	epochs	3.0
4059.271056738147	0.012888100000054692	epochs	3.0
4059.283944838147	0.02566190000015922	epochs	2.0
4059.283944838147	0.01284990000021935	epochs	3.0
4059.296794738147	0.012811999999939871	epochs	3.0
4059.309606738147	0.025511199999982637	epochs	2.0
4059.309606738147	0.012774400000125752	epochs	3.0
4059.322381138147	0.012736799999856885	epochs	3.0
4059.335117938147	0.02536229999986972	epochs	2.0
4059.335117938147	0.012699699999757286	epochs	3.0
4059.347817638147	0.012662600000112434	epochs	3.0
4059.360480238147	0.02521500000011656	epochs	2.0
4059.360480238147	0.012625800000023446	epochs	3.0
4059.373106038147	0.012589200000093115	epochs	3.0
4059.385695238147	0.024584799999956886	epochs	2.0
4059.409821238147	0.5	epochs	-1.0
4059.410280038147	0.504320000000007	epochs	1.0
4059.914600038147	0.495600000000195	epochs	0.0
4081.5080003738403	0.07528000000002066	epochs	0.0
4081.5080003738403	0.032641400000102294	epochs	1.0
4081.5406417738404	0.009997199999816075	epochs	1.0
4081.5506389738403	0.032641400000102294	epochs	1.0
4081.5832803738404	2.0	epochs	0.0
4083.5832803738404	0.5242400000001908	epochs	0.0
4083.5832803738404	0.5242400000001908	epochs	1.0
4083.5833015738403	0.5	epochs	-1.0
4084.0833015738403	0.024218800000198826	epochs	-1.0
4084.1075203738405	21.47568000000001	epochs	0.0
4085.302999973297	0.07528000000002066	epochs	0.0
4085.302999973297	0.032641400000102294	epochs	1.0
4085.335641373297	0.009997199999816075	epochs	1.0
4085.345638573297	0.032641400000102294	epochs	1.0
4085.378279973297	2.0	epochs	0.0
4087.378279973297	0.5242400000001908	epochs	0.0
4087.378279973297	0.5242400000001908	epochs	1.0
4087.378301173297	0.5	epochs	-1.0
4087.878301173297	0.024218800000198826	epochs	-1.0
4087.9025199732973	21.47568000000001	epochs	0.0
4089.085000038147	0.07528000000002066	epochs	0.0
4089.085000038147	0.032641400000102294	epochs	1.0
4089.117641438147	0.009997199999816075	epochs	1.0
4089.127638638147	0.032641400000102294	epochs	1.0
4089.160280038147	2.0	epochs	0.0
4091.160280038147	0.5440800000001218	epochs	0.0
4091.160280038147	0.5440800000001218	epochs	1.0
4091.160301238147	0.5	epochs	-1.0
4091.660301238147	0.04405880000012985	epochs	-1.0
4091.704360038147	21.45584000000008	epochs	0.0
4092.898000240326	24.075200000000223	epochs	0.0
4109.798000335693	0.07528000000002066	epochs	0.0
4109.798000335693	0.032641400000102294	epochs	1.0
4109.8306417356935	0.009997199999816075	epochs	1.0
4109.840638935693	0.032641400000102294	epochs	1.0
4109.873280335693	2.0	epochs	0.0
4111.873280335693	0.5246399999996356	epochs	0.0
4111.873280335693	0.5246399999996356	epochs	1.0
4111.873301535693	0.5	epochs	-1.0
4112.373301535693	0.024618800000098418	epochs	-1.0
4112.397920335693	21.475280000000566	epochs	0.0
4113.590000152588	0.07528000000002066	epochs	0.0
4113.590000152588	0.032641400000102294	epochs	1.0
4113.622641552588	0.009997199999816075	epochs	1.0
4113.632638752588	0.032641400000102294	epochs	1.0
4113.665280152588	2.0	epochs	0.0
4115.665280152588	0.5247200000003431	epochs	0.0
4115.665280152588	0.5247200000003431	epochs	1.0
4115.665301352587	0.5	epochs	-1.0
4116.165301352587	0.02469880000080593	epochs	-1.0
4116.190000152588	21.47519999999986	epochs	0.0
4117.401000022888	0.07528000000002066	epochs	0.0
4117.401000022888	0.032641400000102294	epochs	1.0
4117.433641422888	0.009997199999816075	epochs	1.0
4117.443638622888	0.032641400000102294	epochs	1.0
4117.476280022888	2.0	epochs	0.0
4119.476280022888	0.5448800000003757	epochs	0.0
4119.476280022888	0.5448800000003757	epochs	1.0
4119.476301222888	0.5	epochs	-1.0
4119.976301222888	0.04485880000083853	epochs	-1.0
4120.021160022889	21.455039999999826	epochs	0.0
4121.209000110626	0.07528000000002066	epochs	0.0
4121.209000110626	0.032641400000102294	epochs	1.0
4121.241641510626	0.009997199999816075	epochs	1.0
4121.251638710626	0.032641400000102294	epochs	1.0
4121.284280110626	2.0	epochs	0.0
4123.284280110626	0.5445600000002742	epochs	0.0
4123.284280110626	0.5445600000002742	epochs	1.0
4123.284301310626	0.5	epochs	-1.0
4123.784301310626	0.044538800000736956	epochs	-1.0
4123.8288401106265	21.455359999999928	epochs	0.0
4125.026000022888	0.07528000000002066	epochs	0.0
4125.026000022888	0.032641400000102294	epochs	1.0
4125.058641422888	0.009997199999816075	epochs	1.0
4125.068638622888	0.032641400000102294	epochs	1.0
4125.101280022888	2.0	epochs	0.0
4127.101280022888	0.524000000000342	epochs	0.0
4127.101280022888	0.524000000000342	epochs	1.0
4127.101301222888	0.5	epochs	-1.0
4127.601301222888	0.023978800000804767	epochs	-1.0
4127.625280022889	21.47591999999986	epochs	0.0
4128.848999977112	0.07528000000002066	epochs	0.0
4128.848999977112	0.032641400000102294	epochs	1.0
4128.881641377112	0.009997199999816075	epochs	1.0
4128.891638577112	0.032641400000102294	epochs	1.0
4128.924279977112	2.0	epochs	0.0
4130.924279977112	0.5444799999995666	epochs	0.0
4130.924279977112	0.5444799999995666	epochs	1.0
4130.924301177111	0.5	epochs	-1.0
4131.424301177111	0.04445880000002944	epochs	-1.0
4131.468759977111	21.455440000000635	epochs	0.0
4132.682000160217	0.07528000000002066	epochs	0.0
4132.682000160217	0.032641400000102294	epochs	1.0
4132.714641560217	0.009997199999816075	epochs	1.0
4132.724638760217	0.032641400000102294	epochs	1.0
4132.757280160217	2.0	epochs	0.0
4134.757280160217	0.0846400000000358	epochs	0.0
4134.757280160217	0.0846400000000358	epochs	1.0
4134.841920160217	21.915280000000166	epochs	0.0
4168.956000328064	0.07528000000002066	epochs	0.0
4168.956000328064	0.032641400000102294	epochs	1.0
4168.988641728064	0.009997199999816075	epochs	1.0
4168.998638928064	0.032641400000102294	epochs	1.0
4169.031280328064	2.0	epochs	0.0
4171.031280328064	5.384320000000116	epochs	0.0
4171.031280328064	1.0	epochs	1.0
4171.0313015280635	0.5	epochs	-1.0
4171.5313015280635	4.884298800000579	epochs	-1.0
4172.031280328064	4.384320000000116	epochs	1.0
4172.031280328064	4.356753899999603	epochs	-1.0
4172.031280328064	1.9745872000003146	epochs	2.0
4172.031280328064	1.098562199999833	epochs	3.0
4173.129842528064	0.8760250000004817	epochs	3.0
4174.005867528064	1.3524074999995719	epochs	2.0
4174.005867528064	0.7286354999996547	epochs	3.0
4174.734503028064	0.6237719999999172	epochs	3.0
4175.358275028064	1.0297591999997167	epochs	2.0
4175.358275028064	0.5453293000000485	epochs	3.0
4175.903604328064	0.4844298999996681	epochs	3.0
4176.388034228064	0.02756610000051296	epochs	2.0
4176.388034228064	0.02756610000051296	epochs	3.0
4176.415600328064	16.615600000000086	epochs	0.0
4177.654000282288	0.07528000000002066	epochs	0.0
4177.654000282288	0.032641400000102294	epochs	1.0
4177.686641682288	0.009997199999816075	epochs	1.0
4177.6966388822875	0.032641400000102294	epochs	1.0
4177.729280282288	2.0	epochs	0.0
4179.729280282288	0.5249599999997372	epochs	0.0
4179.729280282288	0.5249599999997372	epochs	1.0
4179.729301482287	0.5	epochs	-1.0
4180.229301482287	0.02493880000019999	epochs	-1.0
4180.254240282287	21.474960000000465	epochs	0.0
4181.495000362396	0.07528000000002066	epochs	0.0
4181.495000362396	0.032641400000102294	epochs	1.0
4181.527641762396	0.009997199999816075	epochs	1.0
4181.537638962396	0.032641400000102294	epochs	1.0
4181.570280362396	2.0	epochs	0.0
4183.570280362396	0.5244800000000396	epochs	0.0
4183.570280362396	0.5244800000000396	epochs	1.0
4183.570301562396	0.5	epochs	-1.0
4184.070301562396	0.02445880000050238	epochs	-1.0
4184.094760362396	21.475440000000162	epochs	0.0
4185.371000289917	0.07528000000002066	epochs	0.0
4185.371000289917	0.032641400000102294	epochs	1.0
4185.403641689917	0.009997199999816075	epochs	1.0
4185.413638889917	0.032641400000102294	epochs	1.0
4185.446280289917	2.0	epochs	0.0
4187.446280289917	21.50496000000021	epochs	0.0
4187.446280289917	1.0	epochs	1.0
4187.446301489917	0.5	epochs	-1.0
4187.946301489917	19.999360000000706	epochs	-1.0
4188.446280289917	20.0	epochs	1.0
4188.446280289917	4.356753899999603	epochs	-1.0
4188.446280289917	1.9745872000003146	epochs	2.0
4188.446280289917	1.098562199999833	epochs	3.0
4189.544842489917	0.8760250000004817	epochs	3.0
4190.420867489917	1.3524074999995719	epochs	2.0
4190.420867489917	0.7286354999996547	epochs	3.0
4191.149502989917	0.6237719999999172	epochs	3.0
4191.773274989917	1.0297591999997167	epochs	2.0
4191.773274989917	0.5453293000000485	epochs	3.0
4192.318604289917	0.4844298999996681	epochs	3.0
4192.803034189917	0.8317862000003515	epochs	2.0
4192.803034189917	0.4357763000007253	epochs	3.0
4193.238810489917	0.3960098999996262	epochs	3.0
4193.634820389917	0.6977969999998095	epochs	2.0
4193.634820389917	0.3628982000000178	epochs	3.0
4193.997718589917	0.33489879999979166	epochs	3.0
4194.332617389917	0.6010457000002134	epochs	2.0
4194.332617389917	0.31091230000038195	epochs	3.0
4194.643529689917	0.29013339999983145	epochs	3.0
4194.933663089917	0.5278859000000011	epochs	2.0
4194.933663089917	0.27195860000028915	epochs	3.0
4195.205621689917	0.255927299999712	epochs	3.0
4195.461548989917	0.4706193000001804	epochs	2.0
4195.461548989917	0.241681299999982	epochs	3.0
4195.703230289917	0.22893800000019837	epochs	3.0
4195.932168289917	0.4245703999995385	epochs	2.0
4195.932168289917	0.21747140000024956	epochs	3.0
4196.149639689917	0.20709899999928894	epochs	3.0
4196.356738689917	0.38673540000036155	epochs	2.0
4196.356738689917	0.19767110000066168	epochs	3.0
4196.554409789917	0.18906429999969987	epochs	3.0
4196.743474089917	0.3550953000003574	epochs	2.0
4196.743474089917	0.18117590000019845	epochs	3.0
4196.924649989917	0.17391940000015893	epochs	3.0
4197.098569389917	0.3282430999997814	epochs	2.0
4197.098569389917	0.1672218999992765	epochs	3.0
4197.265791289917	0.1610212000005049	epochs	3.0
4197.426812489917	0.3051679999998669	epochs	2.0
4197.426812489917	0.15526390000013635	epochs	3.0
4197.582076389917	0.14990409999973053	epochs	3.0
4197.731980489917	0.28512529999989056	epochs	2.0
4197.731980489917	0.14490209999985382	epochs	3.0
4197.876882589917	0.14022320000003674	epochs	3.0
4198.017105789917	0.26755380000031437	epochs	2.0
4198.017105789917	0.1358368999999584	epochs	3.0
4198.152942689917	0.13171690000035596	epochs	3.0
4198.284659589917	0.25202290000015637	epochs	2.0
4198.284659589917	0.12783929999932298	epochs	3.0
4198.412498889917	0.1241836000008334	epochs	3.0
4198.536682489917	0.23819649999950343	epochs	2.0
4198.536682489917	0.1207310999998299	epochs	3.0
4198.657413589917	0.11746539999967354	epochs	3.0
4198.774878989917	0.22580879999986792	epochs	2.0
4198.774878989917	0.11437190000015107	epochs	3.0
4198.889250889917	0.11143689999971684	epochs	3.0
4199.000687789917	0.21464600000035716	epochs	2.0
4199.000687789917	0.10864889999993466	epochs	3.0
4199.109336689917	0.1059971000004225	epochs	3.0
4199.215333789917	0.2045349999998507	epochs	2.0
4199.215333789917	0.10347149999961403	epochs	3.0
4199.318805289917	0.10106350000023667	epochs	3.0
4199.419868789917	0.19533400000000256	epochs	2.0
4199.419868789917	0.09876509999958216	epochs	3.0
4199.518633889917	0.0965689000004204	epochs	3.0
4199.615202789917	0.18692529999952967	epochs	2.0
4199.615202789917	0.09446829999978945	epochs	3.0
4199.709671089917	0.09245699999974022	epochs	3.0
4199.802128089917	0.1792107000001124	epochs	2.0
4199.802128089917	0.0905296000000817	epochs	3.0
4199.892657689917	0.08868110000003071	epochs	3.0
4199.981338789917	0.17210770000019693	epochs	2.0
4199.981338789917	0.08690630000000965	epochs	3.0
4200.068245089917	0.08520140000018728	epochs	3.0
4200.153446489917	0.16554640000049403	epochs	2.0
4200.153446489917	0.08356189999994967	epochs	3.0
4200.237008389917	0.08198450000054436	epochs	3.0
4200.318992889917	0.15946709999934683	epochs	2.0
4200.318992889917	0.0804653999994116	epochs	3.0
4200.399458289917	0.07900169999993523	epochs	3.0
4200.478459989917	0.15381840000009106	epochs	2.0
4200.478459989917	0.07759010000063427	epochs	3.0
4200.556050089917	0.0762282999994568	epochs	3.0
4200.632278389917	0.14855640000041603	epochs	2.0
4200.632278389917	0.07491329999993468	epochs	3.0
4200.707191689917	0.07364310000048135	epochs	3.0
4200.780834789917	0.14364239999940764	epochs	2.0
4200.780834789917	0.07241499999963708	epochs	3.0
4200.853249789917	0.07122739999977057	epochs	3.0
4200.924477189917	0.13904309999998077	epochs	2.0
4200.924477189917	0.0700780000006489	epochs	3.0
4200.994555189917	0.06896509999933187	epochs	3.0
4201.063520289917	0.1347293000007994	epochs	2.0
4201.063520289917	0.0678871000000072	epochs	3.0
4201.131407389917	0.06684220000079222	epochs	3.0
4201.198249589917	0.1306752000000415	epochs	2.0
4201.198249589917	0.06582909999997355	epochs	3.0
4201.264078689917	0.06484610000006796	epochs	3.0
4201.328924789917	0.1268577999999252	epochs	2.0
4201.328924789917	0.06389199999921402	epochs	3.0
4201.392816789917	0.06296580000071117	epochs	3.0
4201.455782589917	0.12325719999989815	epochs	2.0
4201.455782589917	0.06206579999980022	epochs	3.0
4201.517848389917	0.06119140000009793	epochs	3.0
4201.579039789917	0.11985539999932371	epochs	2.0
4201.579039789917	0.060341100000187	epochs	3.0
4201.639380889917	0.05951429999913671	epochs	3.0
4201.698895189917	0.11663620000035735	epochs	2.0
4201.698895189917	0.05870960000083869	epochs	3.0
4201.757604789917	0.05792659999951866	epochs	3.0
4201.815531389917	0.11358560000007856	epochs	2.0
4201.815531389917	0.05716420000044309	epochs	3.0
4201.872695589917	0.05642139999963547	epochs	3.0
4201.929116989917	0.11069049999969138	epochs	2.0
4201.929116989917	0.05569790000026842	epochs	3.0
4201.984814889917	0.054992599999422964	epochs	3.0
4202.039807489917	0.10793910000029427	epochs	2.0
4202.039807489917	0.05430490000071586	epochs	3.0
4202.094112389917	0.053634199999578414	epochs	3.0
4202.147746589917	0.10532150000017282	epochs	2.0
4202.147746589917	0.05298000000038883	epochs	3.0
4202.200726589917	0.05234149999978399	epochs	3.0
4202.253068089917	0.10282759999972768	epochs	2.0
4202.253068089917	0.05171809999956167	epochs	3.0
4202.304786189917	0.05110950000016601	epochs	3.0
4202.355895689917	0.10044910000033269	epochs	2.0
4202.355895689917	0.050514900000052876	epochs	3.0
4202.406410589917	0.049934200000279816	epochs	3.0
4202.456344789917	0.09817829999974492	epochs	2.0
4202.456344789917	0.04936659999930271	epochs	3.0
4202.5057113899165	0.048811700000442215	epochs	3.0
4202.554523089917	0.09600779999982478	epochs	2.0
4202.554523089917	0.048269199999595	epochs	3.0
4202.602792289917	0.04773860000022978	epochs	3.0
4202.650530889917	0.09393120000004274	epochs	2.0
4202.650530889917	0.047219500000210246	epochs	3.0
4202.697750389917	0.04671169999983249	epochs	3.0
4202.744462089917	0.09194260000003851	epochs	2.0
4202.744462089917	0.046214599999984785	epochs	3.0
4202.790676689917	0.045728000000053726	epochs	3.0
4202.836404689917	0.09003630000006524	epochs	2.0
4202.836404689917	0.045251499999722	epochs	3.0
4202.881656189917	0.04478480000034324	epochs	3.0
4202.926440989917	0.0882075999998051	epochs	2.0
4202.926440989917	0.0443278000002465	epochs	3.0
4202.970768789917	0.0438797999995586	epochs	3.0
4203.014648589917	0.0864516999999978	epochs	2.0
4203.014648589917	0.04344099999980244	epochs	3.0
4203.058089589917	0.04301070000019536	epochs	3.0
4203.101100289917	0.08476430000064283	epochs	2.0
4203.101100289917	0.042589000000589294	epochs	3.0
4203.143689289917	0.04217530000005354	epochs	3.0
4203.185864589917	0.08314149999932852	epochs	2.0
4203.185864589917	0.04176969999934954	epochs	3.0
4203.227634289917	0.041371799999978975	epochs	3.0
4203.269006089917	0.08157970000047499	epochs	2.0
4203.269006089917	0.040981400000418944	epochs	3.0
4203.309987489917	0.04059830000005604	epochs	3.0
4203.350585789917	0.08007550000002084	epochs	2.0
4203.350585789917	0.040222300000095856	epochs	3.0
4203.390808089917	0.03985319999992498	epochs	3.0
4203.430661289917	0.07862569999997504	epochs	2.0
4203.430661289917	0.03949079999983951	epochs	3.0
4203.470152089917	0.03913490000013553	epochs	3.0
4203.509286989917	0.07722759999978734	epochs	2.0
4203.509286989917	0.038785400000051595	epochs	3.0
4203.548072389917	0.03844219999973575	epochs	3.0
4203.586514589917	0.07587820000026113	epochs	2.0
4203.586514589917	0.03810479999992822	epochs	3.0
4203.624619389917	0.03777340000033291	epochs	3.0
4203.662392789917	0.07457519999934448	epochs	2.0
4203.662392789917	0.03744769999957498	epochs	3.0
4203.699840489917	0.0371274999997695	epochs	3.0
4203.736967989917	0.07331630000044242	epochs	2.0
4203.736967989917	0.03681290000076842	epochs	3.0
4203.773780889917	0.036503399999674	epochs	3.0
4203.810284289917	0.07209899999998015	epochs	2.0
4203.810284289917	0.03619909999997617	epochs	3.0
4203.846483389917	0.03589990000000398	epochs	3.0
4203.882383289917	0.07092170000032638	epochs	2.0
4203.882383289917	0.03560560000005353	epochs	3.0
4203.917988889917	0.035316100000272854	epochs	3.0
4203.953304989917	0.06978199999957724	epochs	2.0
4203.953304989917	0.03503120000004856	epochs	3.0
4203.988336189917	0.03475079999952868	epochs	3.0
4204.023086989917	0.06867859999965731	epochs	2.0
4204.023086989917	0.034475100000236125	epochs	3.0
4204.057562089917	0.03420349999942118	epochs	3.0
4204.091765589917	0.06760930000018561	epochs	2.0
4204.091765589917	0.03393620000042574	epochs	3.0
4204.125701789917	0.03367309999975987	epochs	3.0
4204.159374889917	0.06657290000021021	epochs	2.0
4204.159374889917	0.03341400000044814	epochs	3.0
4204.192788889917	0.03315889999976207	epochs	3.0
4204.225947789917	0.06556780000028084	epochs	2.0
4204.225947789917	0.032907699999668694	epochs	3.0
4204.258855489917	0.03266010000061215	epochs	3.0
4204.291515589917	0.06459259999974165	epochs	2.0
4204.291515589917	0.03241639999941981	epochs	3.0
4204.323931989917	0.03217620000032184	epochs	3.0
4204.356108189917	0.06364599999960774	epochs	2.0
4204.356108189917	0.031939600000441715	epochs	3.0
4204.388047789917	0.031706399999166024	epochs	3.0
4204.419754189917	0.0627266999999847	epochs	2.0
4204.419754189917	0.03147660000013275	epochs	3.0
4204.451230789917	0.031250099999851955	epochs	3.0
4204.482480889917	0.061833600000682054	epochs	2.0
4204.482480889917	0.031026900000142632	epochs	3.0
4204.513507789917	0.030806700000539422	epochs	3.0
4204.544314489917	0.06096559999969031	epochs	2.0
4204.544314489917	0.030589799999688694	epochs	3.0
4204.574904289917	0.030375800000001618	epochs	3.0
4204.605280089917	0.060121600000456965	epochs	2.0
4204.605280089917	0.03016490000027261	epochs	3.0
4204.635444989917	0.029956700000184355	epochs	3.0
4204.665401689917	0.05930069999976695	epochs	2.0
4204.665401689917	0.029751599999144673	epochs	3.0
4204.695153289917	0.029549100000622275	epochs	3.0
4204.724702389917	0.058501800000158255	epochs	2.0
4204.724702389917	0.029349399999773595	epochs	3.0
4204.754051789917	0.02915240000038466	epochs	3.0
4204.783204189917	0.05772419999993872	epochs	2.0
4204.783204189917	0.028957999999875028	epochs	3.0
4204.812162189917	0.02876620000006369	epochs	3.0
4204.840928389917	0.05696709999938321	epochs	2.0
4204.840928389917	0.028577000000041153	epochs	3.0
4204.869505389917	0.028390099999342056	epochs	3.0
4204.897895489917	0.05622949999997218	epochs	2.0
4204.897895489917	0.028205700000398792	epochs	3.0
4204.926101189917	0.028023799999573384	epochs	3.0
4204.954124989917	0.05551070000001346	epochs	2.0
4204.954124989917	0.027844000000186497	epochs	3.0
4204.981968989917	0.02766669999982696	epochs	3.0
4205.009635689917	0.05481020000024728	epochs	2.0
4205.009635689917	0.02749149999999645	epochs	3.0
4205.037127189917	0.02731870000025083	epochs	3.0
4205.064445889917	0.0541270000003351	epochs	2.0
4205.064445889917	0.02714780000042083	epochs	3.0
4205.091593689917	0.026979199999914272	epochs	3.0
4205.118572889917	0.053460699999959616	epochs	2.0
4205.118572889917	0.026812600000084785	epochs	3.0
4205.145385489917	0.02664809999987483	epochs	3.0
4205.172033589917	0.05281070000000909	epochs	2.0
4205.172033589917	0.026485599999432452	epochs	3.0
4205.198519189917	0.02632510000057664	epochs	3.0
4205.224844289917	0.052176199999848905	epochs	2.0
4205.224844289917	0.026166399999965506	epochs	3.0
4205.251010689917	0.0260097999998834	epochs	3.0
4205.277020489917	0.05155670000021928	epochs	2.0
4205.277020489917	0.02585480000016105	epochs	3.0
4205.302875289917	0.02570190000005823	epochs	3.0
4205.328577189917	0.050951899999745365	epochs	2.0
4205.328577189917	0.025550700000167126	epochs	3.0
4205.354127889917	0.02540119999957824	epochs	3.0
4205.379529089917	0.05036099999961152	epochs	2.0
4205.379529089917	0.025253499999962514	epochs	3.0
4205.404782589917	0.025107499999649008	epochs	3.0
4205.429890089917	0.04978380000011384	epochs	2.0
4205.429890089917	0.02496320000045671	epochs	3.0
4205.454853289917	0.024820599999657134	epochs	3.0
4205.479673889917	0.0492195000006177	epochs	2.0
4205.479673889917	0.024679400000422902	epochs	3.0
4205.504353289917	0.024540100000194798	epochs	3.0
4205.528893389917	0.048667899999600195	epochs	2.0
4205.528893389917	0.024402099999861093	epochs	3.0
4205.553295489917	0.0242657999997391	epochs	3.0
4205.577561289917	0.048128600000381994	epochs	2.0
4205.577561289917	0.024131000000124914	epochs	3.0
4205.601692289917	0.02399760000025708	epochs	3.0
4205.625689889917	0.047601100000065344	epochs	2.0
4205.625689889917	0.02386579999983951	epochs	3.0
4205.649555689917	0.023735300000225834	epochs	3.0
4205.673290989917	0.04708499999924243	epochs	2.0
4205.673290989917	0.023606299999300973	epochs	3.0
4205.696897289917	0.023478699999941455	epochs	3.0
4205.720375989917	0.04658000000017637	epochs	2.0
4205.720375989917	0.02335250000032829	epochs	3.0
4205.743728489917	0.023227499999848078	epochs	3.0
4205.766955989917	0.04608569999982137	epochs	2.0
4205.766955989917	0.02310399999987567	epochs	3.0
4205.790059989917	0.022981699999945704	epochs	3.0
4205.813041689917	0.04560180000044056	epochs	2.0
4205.813041689917	0.02286069999991014	epochs	3.0
4205.835902389917	0.022741100000530423	epochs	3.0
4205.858643489917	0.045127899999897636	epochs	2.0
4205.858643489917	0.022622499999670254	epochs	3.0
4205.881265989917	0.022505400000227382	epochs	3.0
4205.903771389917	0.044663800000307674	epochs	2.0
4205.903771389917	0.022389300000213552	epochs	3.0
4205.926160689917	0.022274500000094122	epochs	3.0
4205.948435189917	0.04420919999938633	epochs	2.0
4205.948435189917	0.022160799999255687	epochs	3.0
4205.970595989917	0.02204840000013064	epochs	3.0
4205.992644389917	0.04376360000060231	epochs	2.0
4205.992644389917	0.021936900000582682	epochs	3.0
4206.014581289917	0.021826700000019628	epochs	3.0
4206.036407989917	0.0433270999992601	epochs	2.0
4206.036407989917	0.021717599999647064	epochs	3.0
4206.058125589917	0.021609499999613035	epochs	3.0
4206.0797350899165	0.04289900000003399	epochs	2.0
4206.0797350899165	0.021502500000678992	epochs	3.0
4206.101237589917	0.021396499999355	epochs	3.0
4206.122634089917	0.04247950000080891	epochs	2.0
4206.122634089917	0.02129170000080194	epochs	3.0
4206.143925789917	0.021187800000006973	epochs	3.0
4206.165113589917	0.04206789999989269	epochs	2.0
4206.165113589917	0.021084899999550544	epochs	3.0
4206.186198489917	0.020983000000342145	epochs	3.0
4206.207181489917	0.041664399999717716	epochs	2.0
4206.207181489917	0.020882199999505247	epochs	3.0
4206.228063689917	0.02078220000021247	epochs	3.0
4206.248845889917	0.04126850000011473	epochs	2.0
4206.248845889917	0.02068330000020069	epochs	3.0
4206.269529189917	0.02058519999991404	epochs	3.0
4206.290114389917	0.04087999999956082	epochs	2.0
4206.290114389917	0.020488099999965925	epochs	3.0
4206.310602489917	0.020391899999594898	epochs	3.0
4206.330994389917	0.04049880000002304	epochs	2.0
4206.330994389917	0.020296600000619947	epochs	3.0
4206.351290989917	0.020202199999403092	epochs	3.0
4206.371493189917	0.04012460000012652	epochs	2.0
4206.371493189917	0.020108700000491808	epochs	3.0
4206.391601889917	0.020015899999634712	epochs	3.0
4206.411617789917	0.03975730000001931	epochs	2.0
4206.411617789917	0.0199241999998776	epochs	3.0
4206.431541989917	0.019833100000141712	epochs	3.0
4206.451375089917	0.03939669999999751	epochs	2.0
4206.451375089917	0.019742999999834865	epochs	3.0
4206.471118089917	0.019653700000162644	epochs	3.0
4206.490771789917	0.03904239999974379	epochs	2.0
4206.490771789917	0.0195651000003636	epochs	3.0
4206.510336889917	0.019477299999380193	epochs	3.0
4206.529814189917	0.038694600000781065	epochs	2.0
4206.529814189917	0.019390400000702357	epochs	3.0
4206.549204589917	0.01930420000007871	epochs	3.0
4206.568508789917	0.03835290000006353	epochs	2.0
4206.568508789917	0.01921879999918019	epochs	3.0
4206.5877275899165	0.019134100000883336	epochs	3.0
4206.606861689917	0.038017199999558215	epochs	2.0
4206.606861689917	0.01905019999958313	epochs	3.0
4206.625911889917	0.018966999999975087	epochs	3.0
4206.644878889917	0.037687199999709264	epochs	2.0
4206.644878889917	0.018884500000240223	epochs	3.0
4206.663763389917	0.01880269999946904	epochs	3.0
4206.682566089917	0.037363100000220584	epochs	2.0
4206.682566089917	0.01872170000024198	epochs	3.0
4206.701287789917	0.018641399999978603	epochs	3.0
4206.719929189917	0.037044300000161456	epochs	2.0
4206.719929189917	0.018561599999884493	epochs	3.0
4206.738490789917	0.018482700000276964	epochs	3.0
4206.756973489917	0.036731000000145286	epochs	2.0
4206.756973489917	0.018404299999929208	epochs	3.0
4206.775377789917	0.01832670000021608	epochs	3.0
4206.793704489917	0.036422899999706715	epochs	2.0
4206.793704489917	0.018249599999762722	epochs	3.0
4206.811954089917	0.018173299999943993	epochs	3.0
4206.830127389917	0.036120100000516686	epochs	2.0
4206.830127389917	0.018097600000146485	epochs	3.0
4206.848224989917	0.0180225000003702	epochs	3.0
4206.866247489917	0.03582209999967745	epochs	2.0
4206.866247489917	0.01794789999985369	epochs	3.0
4206.884195389917	0.01787419999982376	epochs	3.0
4206.902069589917	0.03552899999976944	epochs	2.0
4206.902069589917	0.017800800000259187	epochs	3.0
4206.919870389917	0.017728199999510252	epochs	3.0
4206.937598589917	0.03524070000003121	epochs	2.0
4206.937598589917	0.01765609999984008	epochs	3.0
4206.955254689917	0.01758460000019113	epochs	3.0
4206.972839289917	0.03495709999970131	epochs	2.0
4206.972839289917	0.01751369999965391	epochs	3.0
4206.990352989917	0.017443400000047404	epochs	3.0
4207.007796389917	0.03467790000013338	epochs	2.0
4207.007796389917	0.017373600000610168	epochs	3.0
4207.025169989917	0.01730429999952321	epochs	3.0
4207.042474289917	0.03440330000012182	epochs	2.0
4207.042474289917	0.017235700000128418	epochs	3.0
4207.059709989917	0.0171675999999934	epochs	3.0
4207.076877589917	0.03413280000040686	epochs	2.0
4207.076877589917	0.017099900000175694	epochs	3.0
4207.093977489917	0.017032900000231166	epochs	3.0
4207.111010389917	0.033866699999634875	epochs	2.0
4207.111010389917	0.01696639999954641	epochs	3.0
4207.127976789917	0.016900300000088464	epochs	3.0
4207.144877089917	0.03360460000021703	epochs	2.0
4207.144877089917	0.016834799999742245	epochs	3.0
4207.161711889917	0.016769800000474788	epochs	3.0
4207.178481689917	0.0333466000001863	epochs	2.0
4207.178481689917	0.01670529999955761	epochs	3.0
4207.195186989917	0.01664130000062869	epochs	3.0
4207.211828289917	0.033092499999838765	epochs	2.0
4207.211828289917	0.016577800000050047	epochs	3.0
4207.228406089917	0.016514699999788718	epochs	3.0
4207.244920789917	0.032842300000083924	epochs	2.0
4207.244920789917	0.01645219999954861	epochs	3.0
4207.261372989917	0.016390100000535313	epochs	3.0
4207.277763089917	0.03259569999954692	epochs	2.0
4207.277763089917	0.016328400000020338	epochs	3.0
4207.294091489917	0.016267299999526585	epochs	3.0
4207.310358789917	0.03235289999975066	epochs	2.0
4207.310358789917	0.01620660000025964	epochs	3.0
4207.326565389917	0.01614629999949102	epochs	3.0
4207.3427116899165	0.032113700000081735	epochs	2.0
4207.3427116899165	0.016086600000562612	epochs	3.0
4207.358798289917	0.016027099999519123	epochs	3.0
4207.374825389917	0.03187800000068819	epochs	2.0
4207.374825389917	0.015968200000315846	epochs	3.0
4207.390793589917	0.015909800000372343	epochs	3.0
4207.406703389917	0.03164569999989908	epochs	2.0
4207.406703389917	0.01585160000013275	epochs	3.0
4207.422554989917	0.01579409999976633	epochs	3.0
4207.438349089917	0.03141669999968144	epochs	2.0
4207.438349089917	0.015736700000161363	epochs	3.0
4207.454085789917	0.015679999999520078	epochs	3.0
4207.469765789917	0.03119109999988723	epochs	2.0
4207.469765789917	0.015623600000253646	epochs	3.0
4207.485389389917	0.015567499999633583	epochs	3.0
4207.500956889917	0.030968699999903038	epochs	2.0
4207.500956889917	0.015511999999944237	epochs	3.0
4207.516468889917	0.0154566999999588	epochs	3.0
4207.531925589917	0.030749500000638363	epochs	2.0
4207.531925589917	0.015401999999994587	epochs	3.0
4207.547327589917	0.015347500000643777	epochs	3.0
4207.562675089917	0.030533199999808858	epochs	2.0
4207.562675089917	0.01529339999979129	epochs	3.0
4207.577968489917	0.015239800000017567	epochs	3.0
4207.593208289917	0.03032009999969887	epochs	2.0
4207.593208289917	0.015186499999799707	epochs	3.0
4207.608394789917	0.015133599999899161	epochs	3.0
4207.623528389917	0.030109899999843037	epochs	2.0
4207.623528389917	0.015081000000463973	epochs	3.0
4207.638609389917	0.015028899999379064	epochs	3.0
4207.653638289917	0.02990250000038941	epochs	2.0
4207.653638289917	0.014977000000726548	epochs	3.0
4207.668615289917	0.014925499999662861	epochs	3.0
4207.683540789917	0.0296981000001324	epochs	2.0
4207.683540789917	0.014874399999825982	epochs	3.0
4207.698415189917	0.014823700000306417	epochs	3.0
4207.713238889917	0.02949629999966419	epochs	2.0
4207.713238889917	0.014773199999581266	epochs	3.0
4207.728012089917	0.014723100000082923	epochs	3.0
4207.742735189917	0.02929740000035963	epochs	2.0
4207.742735189917	0.014673399999992398	epochs	3.0
4207.757408589917	0.014624000000367232	epochs	3.0
4207.772032589917	0.029101099999934377	epochs	2.0
4207.772032589917	0.014574899999388435	epochs	3.0
4207.786607489917	0.014526200000545941	epochs	3.0
4207.801133689917	0.028907400000207417	epochs	2.0
4207.801133689917	0.014477699999588367	epochs	3.0
4207.815611389917	0.01442970000061905	epochs	3.0
4207.830041089917	0.028716199999507808	epochs	2.0
4207.830041089917	0.014381799999682698	epochs	3.0
4207.844422889917	0.01433439999982511	epochs	3.0
4207.858757289917	0.028527600000415987	epochs	2.0
4207.858757289917	0.014287200000580924	epochs	3.0
4207.873044489917	0.014240399999835063	epochs	3.0
4207.887284889917	0.028341399999590067	epochs	2.0
4207.887284889917	0.014193799999702605	epochs	3.0
4207.901478689917	0.014147599999887461	epochs	3.0
4207.915626289917	0.02815770000051998	epochs	2.0
4207.915626289917	0.014101700000537676	epochs	3.0
4207.929727989917	0.014055999999982305	epochs	3.0
4207.943783989917	0.02797629999986384	epochs	2.0
4207.943783989917	0.014010599999892293	epochs	3.0
4207.957794589917	0.013965699999971548	epochs	3.0
4207.971760289917	0.027797199999440636	epochs	2.0
4207.971760289917	0.013920800000050804	epochs	3.0
4207.985681089917	0.013876399999389832	epochs	3.0
4207.999557489917	0.02762040000015986	epochs	2.0
4207.999557489917	0.01383220000025176	epochs	3.0
4208.013389689917	0.013788199999908102	epochs	3.0
4208.027177889917	0.027445900000202528	epochs	2.0
4208.027177889917	0.013744599999881757	epochs	3.0
4208.040922489917	0.01370130000032077	epochs	3.0
4208.054623789917	0.027273499999864725	epochs	2.0
4208.054623789917	0.0136581999995542	epochs	3.0
4208.068281989917	0.013615300000310526	epochs	3.0
4208.081897289917	0.02710339999975986	epochs	2.0
4208.081897289917	0.013572800000474672	epochs	3.0
4208.095470089917	0.013530599999285187	epochs	3.0
4208.109000689917	0.02693520000048011	epochs	2.0
4208.109000689917	0.01348839999991469	epochs	3.0
4208.122489089917	0.013446800000565418	epochs	3.0
4208.135935889917	0.02676919999976235	epochs	2.0
4208.135935889917	0.013405199999397155	epochs	3.0
4208.149341089917	0.013364000000365195	epochs	3.0
4208.162705089917	0.026605199999721663	epochs	2.0
4208.162705089917	0.013322900000275695	epochs	3.0
4208.176027989917	0.013282299999445968	epochs	3.0
4208.189310289917	0.026443200000358047	epochs	2.0
4208.189310289917	0.01324170000043523	epochs	3.0
4208.202551989917	0.013201499999922817	epochs	3.0
4208.215753489917	0.026283199999852513	epochs	2.0
4208.215753489917	0.013161500000023807	epochs	3.0
4208.228914989917	0.013121699999828706	epochs	3.0
4208.242036689917	0.026125000000320142	epochs	2.0
4208.242036689917	0.01308210000024701	epochs	3.0
4208.255118789917	0.013042900000073132	epochs	3.0
4208.268161689917	0.025968899999497808	epochs	2.0
4208.268161689917	0.013003899999603163	epochs	3.0
4208.281165589917	0.012964999999894644	epochs	3.0
4208.294130589917	0.025814500000706175	epochs	2.0
4208.294130589917	0.012926400000651483	epochs	3.0
4208.307056989917	0.012888100000054692	epochs	3.0
4208.319945089917	0.025661899999249727	epochs	2.0
4208.319945089917	0.012849899999309855	epochs	3.0
4208.332794989917	0.012811999999939871	epochs	3.0
4208.345606989917	0.025511200000437384	epochs	2.0
4208.345606989917	0.012774400000125752	epochs	3.0
4208.358381389917	0.012736800000311632	epochs	3.0
4208.371118189917	0.02536229999986972	epochs	2.0
4208.371118189917	0.012699699999757286	epochs	3.0
4208.383817889917	0.012662600000112434	epochs	3.0
4208.396480489917	0.025214999999661813	epochs	2.0
4208.396480489917	0.012625800000023446	epochs	3.0
4208.409106289917	0.012589199999638367	epochs	3.0
4208.421695489917	0.024584800000411633	epochs	2.0
4208.445661489917	0.5	epochs	-1.0
4208.446280289917	0.5049600000002101	epochs	1.0
4208.951240289917	0.49495999999999185	epochs	0.0
4210.241000175476	0.07528000000002066	epochs	0.0
4210.241000175476	0.032641400000102294	epochs	1.0
4210.273641575476	0.009997199999816075	epochs	1.0
4210.283638775476	0.032641400000102294	epochs	1.0
4210.316280175476	2.0	epochs	0.0
4212.316280175476	21.544079999999667	epochs	0.0
4212.316280175476	1.0	epochs	1.0
4212.316301375476	0.5	epochs	-1.0
4212.816301375476	19.999360000000706	epochs	-1.0
4213.316280175476	20.0	epochs	1.0
4213.316280175476	4.356753899999603	epochs	-1.0
4213.316280175476	1.9745872000003146	epochs	2.0
4213.316280175476	1.098562199999833	epochs	3.0
4214.414842375476	0.8760250000004817	epochs	3.0
4215.290867375476	1.3524074999995719	epochs	2.0
4215.290867375476	0.7286354999996547	epochs	3.0
4216.019502875476	0.6237719999999172	epochs	3.0
4216.643274875476	1.0297591999997167	epochs	2.0
4216.643274875476	0.5453293000000485	epochs	3.0
4217.188604175476	0.4844298999996681	epochs	3.0
4217.673034075476	0.8317862000003515	epochs	2.0
4217.673034075476	0.4357763000007253	epochs	3.0
4218.108810375476	0.3960098999996262	epochs	3.0
4218.504820275476	0.6977969999998095	epochs	2.0
4218.504820275476	0.3628982000000178	epochs	3.0
4218.867718475476	0.33489879999979166	epochs	3.0
4219.202617275476	0.6010457000002134	epochs	2.0
4219.202617275476	0.31091230000038195	epochs	3.0
4219.513529575476	0.29013339999983145	epochs	3.0
4219.803662975476	0.5278859000000011	epochs	2.0
4219.803662975476	0.27195860000028915	epochs	3.0
4220.075621575476	0.255927299999712	epochs	3.0
4220.331548875476	0.4706193000001804	epochs	2.0
4220.331548875476	0.241681299999982	epochs	3.0
4220.573230175476	0.22893800000019837	epochs	3.0
4220.802168175476	0.4245703999995385	epochs	2.0
4220.802168175476	0.21747140000024956	epochs	3.0
4221.0196395754765	0.20709899999928894	epochs	3.0
4221.226738575476	0.38673540000036155	epochs	2.0
4221.226738575476	0.19767110000066168	epochs	3.0
4221.424409675476	0.18906429999969987	epochs	3.0
4221.613473975476	0.3550953000003574	epochs	2.0
4221.613473975476	0.18117590000019845	epochs	3.0
4221.794649875476	0.17391940000015893	epochs	3.0
4221.9685692754765	0.3282430999997814	epochs	2.0
4221.9685692754765	0.1672218999992765	epochs	3.0
4222.135791175476	0.1610212000005049	epochs	3.0
4222.296812375476	0.3051679999998669	epochs	2.0
4222.296812375476	0.15526390000013635	epochs	3.0
4222.452076275476	0.14990409999973053	epochs	3.0
4222.601980375476	0.28512529999989056	epochs	2.0
4222.601980375476	0.14490209999985382	epochs	3.0
4222.746882475476	0.14022320000003674	epochs	3.0
4222.887105675476	0.26755380000031437	epochs	2.0
4222.887105675476	0.1358368999999584	epochs	3.0
4223.022942575476	0.13171690000035596	epochs	3.0
4223.154659475476	0.25202290000015637	epochs	2.0
4223.154659475476	0.12783929999932298	epochs	3.0
4223.282498775476	0.1241836000008334	epochs	3.0
4223.4066823754765	0.23819649999950343	epochs	2.0
4223.4066823754765	0.1207310999998299	epochs	3.0
4223.527413475476	0.11746539999967354	epochs	3.0
4223.644878875476	0.22580879999986792	epochs	2.0
4223.644878875476	0.11437190000015107	epochs	3.0
4223.759250775476	0.11143689999971684	epochs	3.0
4223.870687675476	0.21464600000035716	epochs	2.0
4223.870687675476	0.10864889999993466	epochs	3.0
4223.979336575476	0.1059971000004225	epochs	3.0
4224.085333675476	0.2045349999998507	epochs	2.0
4224.085333675476	0.10347149999961403	epochs	3.0
4224.188805175476	0.10106350000023667	epochs	3.0
4224.289868675476	0.19533400000000256	epochs	2.0
4224.289868675476	0.09876509999958216	epochs	3.0
4224.388633775476	0.0965689000004204	epochs	3.0
4224.485202675476	0.18692529999952967	epochs	2.0
4224.485202675476	0.09446829999978945	epochs	3.0
4224.579670975476	0.09245699999974022	epochs	3.0
4224.672127975476	0.1792107000001124	epochs	2.0
4224.672127975476	0.0905296000000817	epochs	3.0
4224.762657575476	0.08868110000003071	epochs	3.0
4224.851338675476	0.17210770000019693	epochs	2.0
4224.851338675476	0.08690630000000965	epochs	3.0
4224.938244975476	0.08520140000018728	epochs	3.0
4225.023446375476	0.16554640000049403	epochs	2.0
4225.023446375476	0.08356189999994967	epochs	3.0
4225.107008275476	0.08198450000054436	epochs	3.0
4225.188992775476	0.15946709999934683	epochs	2.0
4225.188992775476	0.0804653999994116	epochs	3.0
4225.269458175476	0.07900169999993523	epochs	3.0
4225.348459875476	0.15381840000009106	epochs	2.0
4225.348459875476	0.07759010000063427	epochs	3.0
4225.426049975476	0.0762282999994568	epochs	3.0
4225.502278275476	0.14855640000041603	epochs	2.0
4225.502278275476	0.07491329999993468	epochs	3.0
4225.577191575476	0.07364310000048135	epochs	3.0
4225.650834675476	0.14364239999940764	epochs	2.0
4225.650834675476	0.07241499999963708	epochs	3.0
4225.723249675476	0.07122739999977057	epochs	3.0
4225.794477075476	0.13904309999998077	epochs	2.0
4225.794477075476	0.0700780000006489	epochs	3.0
4225.864555075476	0.06896509999933187	epochs	3.0
4225.933520175476	0.1347293000007994	epochs	2.0
4225.933520175476	0.0678871000000072	epochs	3.0
4226.001407275476	0.06684220000079222	epochs	3.0
4226.0682494754765	0.1306752000000415	epochs	2.0
4226.0682494754765	0.06582909999997355	epochs	3.0
4226.134078575476	0.06484610000006796	epochs	3.0
4226.1989246754765	0.1268577999999252	epochs	2.0
4226.1989246754765	0.06389199999921402	epochs	3.0
4226.262816675476	0.06296580000071117	epochs	3.0
4226.325782475476	0.12325719999989815	epochs	2.0
4226.325782475476	0.06206579999980022	epochs	3.0
4226.387848275476	0.06119140000009793	epochs	3.0
4226.449039675476	0.11985539999932371	epochs	2.0
4226.449039675476	0.060341100000187	epochs	3.0
4226.5093807754765	0.05951429999913671	epochs	3.0
4226.568895075476	0.11663620000035735	epochs	2.0
4226.568895075476	0.05870960000083869	epochs	3.0
4226.6276046754765	0.05792659999951866	epochs	3.0
4226.685531275476	0.11358560000007856	epochs	2.0
4226.685531275476	0.05716420000044309	epochs	3.0
4226.7426954754765	0.05642139999963547	epochs	3.0
4226.799116875476	0.11069049999969138	epochs	2.0
4226.799116875476	0.05569790000026842	epochs	3.0
4226.854814775476	0.054992599999422964	epochs	3.0
4226.909807375476	0.10793910000029427	epochs	2.0
4226.909807375476	0.05430490000071586	epochs	3.0
4226.9641122754765	0.053634199999578414	epochs	3.0
4227.017746475476	0.10532150000017282	epochs	2.0
4227.017746475476	0.05298000000038883	epochs	3.0
4227.0707264754765	0.05234149999978399	epochs	3.0
4227.123067975476	0.10282759999972768	epochs	2.0
4227.123067975476	0.05171809999956167	epochs	3.0
4227.174786075476	0.05110950000016601	epochs	3.0
4227.225895575476	0.10044910000033269	epochs	2.0
4227.225895575476	0.050514900000052876	epochs	3.0
4227.276410475476	0.049934200000279816	epochs	3.0
4227.326344675476	0.09817829999974492	epochs	2.0
4227.326344675476	0.04936659999930271	epochs	3.0
4227.375711275476	0.048811700000442215	epochs	3.0
4227.424522975476	0.09600779999982478	epochs	2.0
4227.424522975476	0.048269199999595	epochs	3.0
4227.472792175476	0.04773860000022978	epochs	3.0
4227.520530775476	0.09393120000004274	epochs	2.0
4227.520530775476	0.047219500000210246	epochs	3.0
4227.567750275476	0.04671169999983249	epochs	3.0
4227.614461975476	0.09194260000003851	epochs	2.0
4227.614461975476	0.046214599999984785	epochs	3.0
4227.660676575476	0.045728000000053726	epochs	3.0
4227.706404575476	0.09003630000006524	epochs	2.0
4227.706404575476	0.045251499999722	epochs	3.0
4227.751656075476	0.04478480000034324	epochs	3.0
4227.796440875476	0.0882075999998051	epochs	2.0
4227.796440875476	0.0443278000002465	epochs	3.0
4227.840768675476	0.0438797999995586	epochs	3.0
4227.884648475476	0.0864516999999978	epochs	2.0
4227.884648475476	0.04344099999980244	epochs	3.0
4227.928089475476	0.04301070000019536	epochs	3.0
4227.971100175476	0.08476430000064283	epochs	2.0
4227.971100175476	0.042589000000589294	epochs	3.0
4228.013689175476	0.04217530000005354	epochs	3.0
4228.0558644754765	0.08314149999932852	epochs	2.0
4228.0558644754765	0.04176969999934954	epochs	3.0
4228.097634175476	0.041371799999978975	epochs	3.0
4228.139005975476	0.08157970000047499	epochs	2.0
4228.139005975476	0.040981400000418944	epochs	3.0
4228.179987375476	0.04059830000005604	epochs	3.0
4228.220585675476	0.08007550000002084	epochs	2.0
4228.220585675476	0.040222300000095856	epochs	3.0
4228.260807975476	0.03985319999992498	epochs	3.0
4228.300661175476	0.07862569999997504	epochs	2.0
4228.300661175476	0.03949079999983951	epochs	3.0
4228.340151975476	0.03913490000013553	epochs	3.0
4228.379286875476	0.07722759999978734	epochs	2.0
4228.379286875476	0.038785400000051595	epochs	3.0
4228.418072275476	0.03844219999973575	epochs	3.0
4228.456514475476	0.07587820000026113	epochs	2.0
4228.456514475476	0.03810479999992822	epochs	3.0
4228.494619275476	0.03777340000033291	epochs	3.0
4228.532392675476	0.07457519999934448	epochs	2.0
4228.532392675476	0.03744769999957498	epochs	3.0
4228.569840375476	0.0371274999997695	epochs	3.0
4228.606967875476	0.07331630000044242	epochs	2.0
4228.606967875476	0.03681290000076842	epochs	3.0
4228.643780775476	0.036503399999674	epochs	3.0
4228.680284175476	0.07209899999998015	epochs	2.0
4228.680284175476	0.03619909999997617	epochs	3.0
4228.716483275476	0.03589990000000398	epochs	3.0
4228.752383175476	0.07092170000032638	epochs	2.0
4228.752383175476	0.03560560000005353	epochs	3.0
4228.787988775476	0.035316100000272854	epochs	3.0
4228.823304875476	0.06978199999957724	epochs	2.0
4228.823304875476	0.03503120000004856	epochs	3.0
4228.8583360754765	0.03475079999952868	epochs	3.0
4228.893086875476	0.06867859999965731	epochs	2.0
4228.893086875476	0.034475100000236125	epochs	3.0
4228.927561975476	0.03420349999942118	epochs	3.0
4228.961765475476	0.06760930000018561	epochs	2.0
4228.961765475476	0.03393620000042574	epochs	3.0
4228.995701675476	0.03367309999975987	epochs	3.0
4229.029374775476	0.06657290000021021	epochs	2.0
4229.029374775476	0.03341400000044814	epochs	3.0
4229.062788775476	0.03315889999976207	epochs	3.0
4229.095947675476	0.06556780000028084	epochs	2.0
4229.095947675476	0.032907699999668694	epochs	3.0
4229.128855375476	0.03266010000061215	epochs	3.0
4229.161515475476	0.06459259999974165	epochs	2.0
4229.161515475476	0.03241639999941981	epochs	3.0
4229.193931875476	0.03217620000032184	epochs	3.0
4229.226108075476	0.06364599999960774	epochs	2.0
4229.226108075476	0.031939600000441715	epochs	3.0
4229.2580476754765	0.031706399999166024	epochs	3.0
4229.289754075476	0.0627266999999847	epochs	2.0
4229.289754075476	0.03147660000013275	epochs	3.0
4229.321230675476	0.031250099999851955	epochs	3.0
4229.352480775476	0.061833600000682054	epochs	2.0
4229.352480775476	0.031026900000142632	epochs	3.0
4229.383507675476	0.030806700000539422	epochs	3.0
4229.414314375476	0.06096559999969031	epochs	2.0
4229.414314375476	0.030589799999688694	epochs	3.0
4229.444904175476	0.030375800000001618	epochs	3.0
4229.475279975476	0.060121600000456965	epochs	2.0
4229.475279975476	0.03016490000027261	epochs	3.0
4229.505444875476	0.029956700000184355	epochs	3.0
4229.5354015754765	0.05930069999976695	epochs	2.0
4229.5354015754765	0.029751599999144673	epochs	3.0
4229.565153175476	0.029549100000622275	epochs	3.0
4229.594702275476	0.058501800000158255	epochs	2.0
4229.594702275476	0.029349399999773595	epochs	3.0
4229.624051675476	0.02915240000038466	epochs	3.0
4229.653204075476	0.05772419999993872	epochs	2.0
4229.653204075476	0.028957999999875028	epochs	3.0
4229.682162075476	0.02876620000006369	epochs	3.0
4229.710928275476	0.05696709999938321	epochs	2.0
4229.710928275476	0.028577000000041153	epochs	3.0
4229.739505275476	0.028390099999342056	epochs	3.0
4229.767895375476	0.05622949999997218	epochs	2.0
4229.767895375476	0.028205700000398792	epochs	3.0
4229.796101075476	0.028023799999573384	epochs	3.0
4229.824124875476	0.05551070000001346	epochs	2.0
4229.824124875476	0.027844000000186497	epochs	3.0
4229.851968875476	0.02766669999982696	epochs	3.0
4229.879635575476	0.05481020000024728	epochs	2.0
4229.879635575476	0.02749149999999645	epochs	3.0
4229.907127075476	0.02731870000025083	epochs	3.0
4229.934445775476	0.0541270000003351	epochs	2.0
4229.934445775476	0.02714780000042083	epochs	3.0
4229.961593575476	0.026979199999914272	epochs	3.0
4229.988572775476	0.053460699999959616	epochs	2.0
4229.988572775476	0.026812600000084785	epochs	3.0
4230.015385375476	0.02664809999987483	epochs	3.0
4230.042033475476	0.05281070000000909	epochs	2.0
4230.042033475476	0.026485599999432452	epochs	3.0
4230.068519075476	0.02632510000057664	epochs	3.0
4230.094844175476	0.052176199999848905	epochs	2.0
4230.094844175476	0.026166399999965506	epochs	3.0
4230.121010575476	0.0260097999998834	epochs	3.0
4230.147020375476	0.05155670000021928	epochs	2.0
4230.147020375476	0.02585480000016105	epochs	3.0
4230.172875175476	0.02570190000005823	epochs	3.0
4230.198577075476	0.050951899999745365	epochs	2.0
4230.198577075476	0.025550700000167126	epochs	3.0
4230.2241277754765	0.02540119999957824	epochs	3.0
4230.249528975476	0.05036099999961152	epochs	2.0
4230.249528975476	0.025253499999962514	epochs	3.0
4230.274782475476	0.025107499999649008	epochs	3.0
4230.299889975476	0.04978380000011384	epochs	2.0
4230.299889975476	0.02496320000045671	epochs	3.0
4230.324853175476	0.024820599999657134	epochs	3.0
4230.349673775476	0.0492195000006177	epochs	2.0
4230.349673775476	0.024679400000422902	epochs	3.0
4230.374353175476	0.024540100000194798	epochs	3.0
4230.398893275476	0.048667899999600195	epochs	2.0
4230.398893275476	0.024402099999861093	epochs	3.0
4230.423295375476	0.0242657999997391	epochs	3.0
4230.447561175476	0.048128600000381994	epochs	2.0
4230.447561175476	0.024131000000124914	epochs	3.0
4230.471692175476	0.02399760000025708	epochs	3.0
4230.495689775476	0.047601100000065344	epochs	2.0
4230.495689775476	0.02386579999983951	epochs	3.0
4230.519555575476	0.023735300000225834	epochs	3.0
4230.5432908754765	0.04708499999924243	epochs	2.0
4230.5432908754765	0.023606299999300973	epochs	3.0
4230.566897175476	0.023478699999941455	epochs	3.0
4230.590375875476	0.04658000000017637	epochs	2.0
4230.590375875476	0.02335250000032829	epochs	3.0
4230.613728375476	0.023227499999848078	epochs	3.0
4230.636955875476	0.04608569999982137	epochs	2.0
4230.636955875476	0.02310399999987567	epochs	3.0
4230.660059875476	0.022981699999945704	epochs	3.0
4230.683041575476	0.04560180000044056	epochs	2.0
4230.683041575476	0.02286069999991014	epochs	3.0
4230.705902275476	0.022741100000530423	epochs	3.0
4230.728643375476	0.045127899999897636	epochs	2.0
4230.728643375476	0.022622499999670254	epochs	3.0
4230.751265875476	0.022505400000227382	epochs	3.0
4230.773771275476	0.044663800000307674	epochs	2.0
4230.773771275476	0.022389300000213552	epochs	3.0
4230.796160575476	0.022274500000094122	epochs	3.0
4230.818435075476	0.04420919999938633	epochs	2.0
4230.818435075476	0.022160799999255687	epochs	3.0
4230.840595875476	0.02204840000013064	epochs	3.0
4230.862644275476	0.04376360000060231	epochs	2.0
4230.862644275476	0.021936900000582682	epochs	3.0
4230.884581175476	0.021826700000019628	epochs	3.0
4230.906407875476	0.0433270999992601	epochs	2.0
4230.906407875476	0.021717599999647064	epochs	3.0
4230.928125475476	0.021609499999613035	epochs	3.0
4230.949734975476	0.04289900000003399	epochs	2.0
4230.949734975476	0.021502500000678992	epochs	3.0
4230.971237475476	0.021396499999355	epochs	3.0
4230.992633975476	0.04247950000080891	epochs	2.0
4230.992633975476	0.02129170000080194	epochs	3.0
4231.0139256754765	0.021187800000006973	epochs	3.0
4231.0351134754765	0.04206789999989269	epochs	2.0
4231.0351134754765	0.021084899999550544	epochs	3.0
4231.056198375476	0.020983000000342145	epochs	3.0
4231.077181375476	0.041664399999717716	epochs	2.0
4231.077181375476	0.020882199999505247	epochs	3.0
4231.098063575476	0.02078220000021247	epochs	3.0
4231.118845775476	0.04126850000011473	epochs	2.0
4231.118845775476	0.02068330000020069	epochs	3.0
4231.139529075476	0.02058519999991404	epochs	3.0
4231.160114275476	0.04087999999956082	epochs	2.0
4231.160114275476	0.020488099999965925	epochs	3.0
4231.180602375476	0.020391899999594898	epochs	3.0
4231.200994275476	0.04049880000002304	epochs	2.0
4231.200994275476	0.020296600000619947	epochs	3.0
4231.221290875476	0.020202199999403092	epochs	3.0
4231.241493075476	0.04012460000012652	epochs	2.0
4231.241493075476	0.020108700000491808	epochs	3.0
4231.261601775476	0.020015899999634712	epochs	3.0
4231.281617675476	0.03975730000001931	epochs	2.0
4231.281617675476	0.0199241999998776	epochs	3.0
4231.301541875476	0.019833100000141712	epochs	3.0
4231.321374975476	0.03939669999999751	epochs	2.0
4231.321374975476	0.019742999999834865	epochs	3.0
4231.341117975476	0.019653700000162644	epochs	3.0
4231.360771675476	0.03904239999974379	epochs	2.0
4231.360771675476	0.0195651000003636	epochs	3.0
4231.380336775476	0.019477299999380193	epochs	3.0
4231.399814075476	0.038694600000781065	epochs	2.0
4231.399814075476	0.019390400000702357	epochs	3.0
4231.419204475476	0.01930420000007871	epochs	3.0
4231.438508675476	0.03835290000006353	epochs	2.0
4231.438508675476	0.01921879999918019	epochs	3.0
4231.457727475476	0.019134100000883336	epochs	3.0
4231.4768615754765	0.038017199999558215	epochs	2.0
4231.4768615754765	0.01905019999958313	epochs	3.0
4231.495911775476	0.018966999999975087	epochs	3.0
4231.514878775476	0.037687199999709264	epochs	2.0
4231.514878775476	0.018884500000240223	epochs	3.0
4231.533763275476	0.01880269999946904	epochs	3.0
4231.552565975476	0.037363100000220584	epochs	2.0
4231.552565975476	0.01872170000024198	epochs	3.0
4231.571287675476	0.018641399999978603	epochs	3.0
4231.589929075476	0.037044300000161456	epochs	2.0
4231.589929075476	0.018561599999884493	epochs	3.0
4231.608490675476	0.018482700000276964	epochs	3.0
4231.626973375476	0.036731000000145286	epochs	2.0
4231.626973375476	0.018404299999929208	epochs	3.0
4231.645377675476	0.01832670000021608	epochs	3.0
4231.663704375476	0.036422899999706715	epochs	2.0
4231.663704375476	0.018249599999762722	epochs	3.0
4231.681953975476	0.018173299999943993	epochs	3.0
4231.700127275476	0.036120100000516686	epochs	2.0
4231.700127275476	0.018097600000146485	epochs	3.0
4231.718224875476	0.0180225000003702	epochs	3.0
4231.7362473754765	0.03582209999967745	epochs	2.0
4231.7362473754765	0.01794789999985369	epochs	3.0
4231.754195275476	0.01787419999982376	epochs	3.0
4231.772069475476	0.03552899999976944	epochs	2.0
4231.772069475476	0.017800800000259187	epochs	3.0
4231.7898702754765	0.017728199999510252	epochs	3.0
4231.807598475476	0.03524070000003121	epochs	2.0
4231.807598475476	0.01765609999984008	epochs	3.0
4231.825254575476	0.01758460000019113	epochs	3.0
4231.842839175476	0.03495709999970131	epochs	2.0
4231.842839175476	0.01751369999965391	epochs	3.0
4231.860352875476	0.017443400000047404	epochs	3.0
4231.877796275476	0.03467790000013338	epochs	2.0
4231.877796275476	0.017373600000610168	epochs	3.0
4231.895169875476	0.01730429999952321	epochs	3.0
4231.912474175476	0.03440330000012182	epochs	2.0
4231.912474175476	0.017235700000128418	epochs	3.0
4231.929709875476	0.0171675999999934	epochs	3.0
4231.946877475476	0.03413280000040686	epochs	2.0
4231.946877475476	0.017099900000175694	epochs	3.0
4231.963977375476	0.017032900000231166	epochs	3.0
4231.981010275476	0.033866699999634875	epochs	2.0
4231.981010275476	0.01696639999954641	epochs	3.0
4231.997976675476	0.016900300000088464	epochs	3.0
4232.014876975476	0.03360460000021703	epochs	2.0
4232.014876975476	0.016834799999742245	epochs	3.0
4232.031711775476	0.016769800000474788	epochs	3.0
4232.048481575476	0.0333466000001863	epochs	2.0
4232.048481575476	0.01670529999955761	epochs	3.0
4232.065186875476	0.01664130000062869	epochs	3.0
4232.081828175476	0.033092499999838765	epochs	2.0
4232.081828175476	0.016577800000050047	epochs	3.0
4232.098405975476	0.016514699999788718	epochs	3.0
4232.114920675476	0.032842300000083924	epochs	2.0
4232.114920675476	0.01645219999954861	epochs	3.0
4232.131372875476	0.016390100000535313	epochs	3.0
4232.147762975476	0.03259569999954692	epochs	2.0
4232.147762975476	0.016328400000020338	epochs	3.0
4232.164091375476	0.016267299999526585	epochs	3.0
4232.180358675476	0.03235289999975066	epochs	2.0
4232.180358675476	0.01620660000025964	epochs	3.0
4232.196565275476	0.01614629999949102	epochs	3.0
4232.212711575476	0.032113700000081735	epochs	2.0
4232.212711575476	0.016086600000562612	epochs	3.0
4232.228798175476	0.016027099999519123	epochs	3.0
4232.244825275476	0.03187800000068819	epochs	2.0
4232.244825275476	0.015968200000315846	epochs	3.0
4232.260793475476	0.015909800000372343	epochs	3.0
4232.276703275476	0.03164569999989908	epochs	2.0
4232.276703275476	0.01585160000013275	epochs	3.0
4232.2925548754765	0.01579409999976633	epochs	3.0
4232.308348975476	0.03141669999968144	epochs	2.0
4232.308348975476	0.015736700000161363	epochs	3.0
4232.324085675476	0.015679999999520078	epochs	3.0
4232.339765675476	0.03119109999988723	epochs	2.0
4232.339765675476	0.015623600000253646	epochs	3.0
4232.355389275476	0.015567499999633583	epochs	3.0
4232.370956775476	0.030968699999903038	epochs	2.0
4232.370956775476	0.015511999999944237	epochs	3.0
4232.386468775476	0.0154566999999588	epochs	3.0
4232.401925475476	0.030749500000638363	epochs	2.0
4232.401925475476	0.015401999999994587	epochs	3.0
4232.417327475476	0.015347500000643777	epochs	3.0
4232.432674975476	0.030533199999808858	epochs	2.0
4232.432674975476	0.01529339999979129	epochs	3.0
4232.447968375476	0.015239800000017567	epochs	3.0
4232.463208175476	0.03032009999969887	epochs	2.0
4232.463208175476	0.015186499999799707	epochs	3.0
4232.478394675476	0.015133599999899161	epochs	3.0
4232.493528275476	0.030109899999843037	epochs	2.0
4232.493528275476	0.015081000000463973	epochs	3.0
4232.508609275476	0.015028899999379064	epochs	3.0
4232.523638175476	0.02990250000038941	epochs	2.0
4232.523638175476	0.014977000000726548	epochs	3.0
4232.5386151754765	0.014925499999662861	epochs	3.0
4232.553540675476	0.0296981000001324	epochs	2.0
4232.553540675476	0.014874399999825982	epochs	3.0
4232.568415075476	0.014823700000306417	epochs	3.0
4232.583238775476	0.02949629999966419	epochs	2.0
4232.583238775476	0.014773199999581266	epochs	3.0
4232.598011975476	0.014723100000082923	epochs	3.0
4232.612735075476	0.02929740000035963	epochs	2.0
4232.612735075476	0.014673399999992398	epochs	3.0
4232.627408475476	0.014624000000367232	epochs	3.0
4232.642032475476	0.029101099999934377	epochs	2.0
4232.642032475476	0.014574899999388435	epochs	3.0
4232.656607375476	0.014526200000545941	epochs	3.0
4232.671133575476	0.028907400000207417	epochs	2.0
4232.671133575476	0.014477699999588367	epochs	3.0
4232.685611275476	0.01442970000061905	epochs	3.0
4232.700040975476	0.028716199999507808	epochs	2.0
4232.700040975476	0.014381799999682698	epochs	3.0
4232.714422775476	0.01433439999982511	epochs	3.0
4232.728757175476	0.028527600000415987	epochs	2.0
4232.728757175476	0.014287200000580924	epochs	3.0
4232.7430443754765	0.014240399999835063	epochs	3.0
4232.757284775476	0.028341399999590067	epochs	2.0
4232.757284775476	0.014193799999702605	epochs	3.0
4232.771478575476	0.014147599999887461	epochs	3.0
4232.785626175476	0.02815770000051998	epochs	2.0
4232.785626175476	0.014101700000537676	epochs	3.0
4232.7997278754765	0.014055999999982305	epochs	3.0
4232.8137838754765	0.02797629999986384	epochs	2.0
4232.8137838754765	0.014010599999892293	epochs	3.0
4232.827794475476	0.013965699999971548	epochs	3.0
4232.841760175476	0.027797199999440636	epochs	2.0
4232.841760175476	0.013920800000050804	epochs	3.0
4232.855680975476	0.013876399999389832	epochs	3.0
4232.869557375476	0.02762040000015986	epochs	2.0
4232.869557375476	0.01383220000025176	epochs	3.0
4232.883389575476	0.013788199999908102	epochs	3.0
4232.897177775476	0.027445900000202528	epochs	2.0
4232.897177775476	0.013744599999881757	epochs	3.0
4232.910922375476	0.01370130000032077	epochs	3.0
4232.924623675476	0.027273499999864725	epochs	2.0
4232.924623675476	0.0136581999995542	epochs	3.0
4232.938281875476	0.013615300000310526	epochs	3.0
4232.951897175476	0.02710339999975986	epochs	2.0
4232.951897175476	0.013572800000474672	epochs	3.0
4232.9654699754765	0.013530599999285187	epochs	3.0
4232.979000575476	0.02693520000048011	epochs	2.0
4232.979000575476	0.01348839999991469	epochs	3.0
4232.992488975476	0.013446800000565418	epochs	3.0
4233.005935775476	0.02676919999976235	epochs	2.0
4233.005935775476	0.013405199999397155	epochs	3.0
4233.019340975476	0.013364000000365195	epochs	3.0
4233.032704975476	0.026605199999721663	epochs	2.0
4233.032704975476	0.013322900000275695	epochs	3.0
4233.046027875476	0.013282299999445968	epochs	3.0
4233.059310175476	0.026443200000358047	epochs	2.0
4233.059310175476	0.01324170000043523	epochs	3.0
4233.072551875476	0.013201499999922817	epochs	3.0
4233.085753375476	0.026283199999852513	epochs	2.0
4233.085753375476	0.013161500000023807	epochs	3.0
4233.098914875476	0.013121699999828706	epochs	3.0
4233.112036575476	0.026125000000320142	epochs	2.0
4233.112036575476	0.01308210000024701	epochs	3.0
4233.125118675476	0.013042900000073132	epochs	3.0
4233.138161575476	0.025968899999497808	epochs	2.0
4233.138161575476	0.013003899999603163	epochs	3.0
4233.151165475476	0.012964999999894644	epochs	3.0
4233.164130475476	0.025814500000706175	epochs	2.0
4233.164130475476	0.012926400000651483	epochs	3.0
4233.177056875476	0.012888100000054692	epochs	3.0
4233.1899449754765	0.025661899999249727	epochs	2.0
4233.1899449754765	0.012849899999309855	epochs	3.0
4233.202794875476	0.012811999999939871	epochs	3.0
4233.215606875476	0.025511200000437384	epochs	2.0
4233.215606875476	0.012774400000125752	epochs	3.0
4233.228381275476	0.012736800000311632	epochs	3.0
4233.241118075476	0.02536229999986972	epochs	2.0
4233.241118075476	0.012699699999757286	epochs	3.0
4233.253817775476	0.012662600000112434	epochs	3.0
4233.266480375476	0.025214999999661813	epochs	2.0
4233.266480375476	0.012625800000023446	epochs	3.0
4233.279106175476	0.012589199999638367	epochs	3.0
4233.291695375476	0.024584800000411633	epochs	2.0
4233.315661375476	0.5	epochs	-1.0
4233.316280175476	0.544079999999667	epochs	1.0
4233.860360175476	0.45584000000053493	epochs	0.0
4235.166000366211	0.07528000000002066	epochs	0.0
4235.166000366211	0.032641400000102294	epochs	1.0
4235.198641766211	0.009997199999816075	epochs	1.0
4235.208638966211	0.032641400000102294	epochs	1.0
4235.241280366211	2.0	epochs	0.0
4237.241280366211	21.524639999999636	epochs	0.0
4237.241280366211	1.0	epochs	1.0
4237.2413015662105	0.5	epochs	-1.0
4237.7413015662105	19.999360000000706	epochs	-1.0
4238.241280366211	20.0	epochs	1.0
4238.241280366211	4.356753899999603	epochs	-1.0
4238.241280366211	1.9745872000003146	epochs	2.0
4238.241280366211	1.098562199999833	epochs	3.0
4239.339842566211	0.8760250000004817	epochs	3.0
4240.215867566211	1.3524074999995719	epochs	2.0
4240.215867566211	0.7286354999996547	epochs	3.0
4240.944503066211	0.6237719999999172	epochs	3.0
4241.568275066211	1.0297591999997167	epochs	2.0
4241.568275066211	0.5453293000000485	epochs	3.0
4242.113604366211	0.4844298999996681	epochs	3.0
4242.598034266211	0.8317862000003515	epochs	2.0
4242.598034266211	0.4357763000007253	epochs	3.0
4243.033810566211	0.3960098999996262	epochs	3.0
4243.429820466211	0.6977969999998095	epochs	2.0
4243.429820466211	0.3628982000000178	epochs	3.0
4243.792718666211	0.33489879999979166	epochs	3.0
4244.127617466211	0.6010457000002134	epochs	2.0
4244.127617466211	0.31091230000038195	epochs	3.0
4244.438529766211	0.29013339999983145	epochs	3.0
4244.728663166211	0.5278859000000011	epochs	2.0
4244.728663166211	0.27195860000028915	epochs	3.0
4245.000621766211	0.255927299999712	epochs	3.0
4245.256549066211	0.4706193000001804	epochs	2.0
4245.256549066211	0.241681299999982	epochs	3.0
4245.498230366211	0.22893800000019837	epochs	3.0
4245.727168366211	0.4245703999995385	epochs	2.0
4245.727168366211	0.21747140000024956	epochs	3.0
4245.944639766211	0.20709899999928894	epochs	3.0
4246.151738766211	0.38673540000036155	epochs	2.0
4246.151738766211	0.19767110000066168	epochs	3.0
4246.349409866211	0.18906429999969987	epochs	3.0
4246.538474166211	0.3550953000003574	epochs	2.0
4246.538474166211	0.18117590000019845	epochs	3.0
4246.719650066211	0.17391940000015893	epochs	3.0
4246.893569466211	0.3282430999997814	epochs	2.0
4246.893569466211	0.1672218999992765	epochs	3.0
4247.060791366211	0.1610212000005049	epochs	3.0
4247.221812566211	0.3051679999998669	epochs	2.0
4247.221812566211	0.15526390000013635	epochs	3.0
4247.377076466211	0.14990409999973053	epochs	3.0
4247.526980566211	0.28512529999989056	epochs	2.0
4247.526980566211	0.14490209999985382	epochs	3.0
4247.671882666211	0.14022320000003674	epochs	3.0
4247.812105866211	0.26755380000031437	epochs	2.0
4247.812105866211	0.1358368999999584	epochs	3.0
4247.947942766211	0.13171690000035596	epochs	3.0
4248.079659666211	0.25202290000015637	epochs	2.0
4248.079659666211	0.12783929999932298	epochs	3.0
4248.207498966211	0.1241836000008334	epochs	3.0
4248.331682566211	0.23819649999950343	epochs	2.0
4248.331682566211	0.1207310999998299	epochs	3.0
4248.452413666211	0.11746539999967354	epochs	3.0
4248.569879066211	0.22580879999986792	epochs	2.0
4248.569879066211	0.11437190000015107	epochs	3.0
4248.684250966211	0.11143689999971684	epochs	3.0
4248.795687866211	0.21464600000035716	epochs	2.0
4248.795687866211	0.10864889999993466	epochs	3.0
4248.904336766211	0.1059971000004225	epochs	3.0
4249.010333866211	0.2045349999998507	epochs	2.0
4249.010333866211	0.10347149999961403	epochs	3.0
4249.113805366211	0.10106350000023667	epochs	3.0
4249.214868866211	0.19533400000000256	epochs	2.0
4249.214868866211	0.09876509999958216	epochs	3.0
4249.313633966211	0.0965689000004204	epochs	3.0
4249.410202866211	0.18692529999952967	epochs	2.0
4249.410202866211	0.09446829999978945	epochs	3.0
4249.504671166211	0.09245699999974022	epochs	3.0
4249.5971281662105	0.1792107000001124	epochs	2.0
4249.5971281662105	0.0905296000000817	epochs	3.0
4249.687657766211	0.08868110000003071	epochs	3.0
4249.776338866211	0.17210770000019693	epochs	2.0
4249.776338866211	0.08690630000000965	epochs	3.0
4249.863245166211	0.08520140000018728	epochs	3.0
4249.948446566211	0.16554640000049403	epochs	2.0
4249.948446566211	0.08356189999994967	epochs	3.0
4250.032008466211	0.08198450000054436	epochs	3.0
4250.113992966211	0.15946709999934683	epochs	2.0
4250.113992966211	0.0804653999994116	epochs	3.0
4250.194458366211	0.07900169999993523	epochs	3.0
4250.273460066211	0.15381840000009106	epochs	2.0
4250.273460066211	0.07759010000063427	epochs	3.0
4250.351050166211	0.0762282999994568	epochs	3.0
4250.427278466211	0.14855640000041603	epochs	2.0
4250.427278466211	0.07491329999993468	epochs	3.0
4250.502191766211	0.07364310000048135	epochs	3.0
4250.575834866211	0.14364239999940764	epochs	2.0
4250.575834866211	0.07241499999963708	epochs	3.0
4250.648249866211	0.07122739999977057	epochs	3.0
4250.719477266211	0.13904309999998077	epochs	2.0
4250.719477266211	0.0700780000006489	epochs	3.0
4250.789555266211	0.06896509999933187	epochs	3.0
4250.8585203662105	0.1347293000007994	epochs	2.0
4250.8585203662105	0.0678871000000072	epochs	3.0
4250.926407466211	0.06684220000079222	epochs	3.0
4250.993249666211	0.1306752000000415	epochs	2.0
4250.993249666211	0.06582909999997355	epochs	3.0
4251.059078766211	0.06484610000006796	epochs	3.0
4251.123924866211	0.1268577999999252	epochs	2.0
4251.123924866211	0.06389199999921402	epochs	3.0
4251.187816866211	0.06296580000071117	epochs	3.0
4251.250782666211	0.12325719999989815	epochs	2.0
4251.250782666211	0.06206579999980022	epochs	3.0
4251.312848466211	0.06119140000009793	epochs	3.0
4251.374039866211	0.11985539999932371	epochs	2.0
4251.374039866211	0.060341100000187	epochs	3.0
4251.434380966211	0.05951429999913671	epochs	3.0
4251.4938952662105	0.11663620000035735	epochs	2.0
4251.4938952662105	0.05870960000083869	epochs	3.0
4251.552604866211	0.05792659999951866	epochs	3.0
4251.610531466211	0.11358560000007856	epochs	2.0
4251.610531466211	0.05716420000044309	epochs	3.0
4251.667695666211	0.05642139999963547	epochs	3.0
4251.724117066211	0.11069049999969138	epochs	2.0
4251.724117066211	0.05569790000026842	epochs	3.0
4251.779814966211	0.054992599999422964	epochs	3.0
4251.834807566211	0.10793910000029427	epochs	2.0
4251.834807566211	0.05430490000071586	epochs	3.0
4251.889112466211	0.053634199999578414	epochs	3.0
4251.942746666211	0.10532150000017282	epochs	2.0
4251.942746666211	0.05298000000038883	epochs	3.0
4251.995726666211	0.05234149999978399	epochs	3.0
4252.048068166211	0.10282759999972768	epochs	2.0
4252.048068166211	0.05171809999956167	epochs	3.0
4252.099786266211	0.05110950000016601	epochs	3.0
4252.150895766211	0.10044910000033269	epochs	2.0
4252.150895766211	0.050514900000052876	epochs	3.0
4252.201410666211	0.049934200000279816	epochs	3.0
4252.251344866211	0.09817829999974492	epochs	2.0
4252.251344866211	0.04936659999930271	epochs	3.0
4252.3007114662105	0.048811700000442215	epochs	3.0
4252.349523166211	0.09600779999982478	epochs	2.0
4252.349523166211	0.048269199999595	epochs	3.0
4252.3977923662105	0.04773860000022978	epochs	3.0
4252.445530966211	0.09393120000004274	epochs	2.0
4252.445530966211	0.047219500000210246	epochs	3.0
4252.492750466211	0.04671169999983249	epochs	3.0
4252.539462166211	0.09194260000003851	epochs	2.0
4252.539462166211	0.046214599999984785	epochs	3.0
4252.585676766211	0.045728000000053726	epochs	3.0
4252.631404766211	0.09003630000006524	epochs	2.0
4252.631404766211	0.045251499999722	epochs	3.0
4252.676656266211	0.04478480000034324	epochs	3.0
4252.721441066211	0.0882075999998051	epochs	2.0
4252.721441066211	0.0443278000002465	epochs	3.0
4252.765768866211	0.0438797999995586	epochs	3.0
4252.809648666211	0.0864516999999978	epochs	2.0
4252.809648666211	0.04344099999980244	epochs	3.0
4252.8530896662105	0.04301070000019536	epochs	3.0
4252.896100366211	0.08476430000064283	epochs	2.0
4252.896100366211	0.042589000000589294	epochs	3.0
4252.938689366211	0.04217530000005354	epochs	3.0
4252.980864666211	0.08314149999932852	epochs	2.0
4252.980864666211	0.04176969999934954	epochs	3.0
4253.022634366211	0.041371799999978975	epochs	3.0
4253.064006166211	0.08157970000047499	epochs	2.0
4253.064006166211	0.040981400000418944	epochs	3.0
4253.104987566211	0.04059830000005604	epochs	3.0
4253.145585866211	0.08007550000002084	epochs	2.0
4253.145585866211	0.040222300000095856	epochs	3.0
4253.185808166211	0.03985319999992498	epochs	3.0
4253.225661366211	0.07862569999997504	epochs	2.0
4253.225661366211	0.03949079999983951	epochs	3.0
4253.265152166211	0.03913490000013553	epochs	3.0
4253.304287066211	0.07722759999978734	epochs	2.0
4253.304287066211	0.038785400000051595	epochs	3.0
4253.343072466211	0.03844219999973575	epochs	3.0
4253.381514666211	0.07587820000026113	epochs	2.0
4253.381514666211	0.03810479999992822	epochs	3.0
4253.419619466211	0.03777340000033291	epochs	3.0
4253.457392866211	0.07457519999934448	epochs	2.0
4253.457392866211	0.03744769999957498	epochs	3.0
4253.494840566211	0.0371274999997695	epochs	3.0
4253.5319680662105	0.07331630000044242	epochs	2.0
4253.5319680662105	0.03681290000076842	epochs	3.0
4253.568780966211	0.036503399999674	epochs	3.0
4253.605284366211	0.07209899999998015	epochs	2.0
4253.605284366211	0.03619909999997617	epochs	3.0
4253.641483466211	0.03589990000000398	epochs	3.0
4253.677383366211	0.07092170000032638	epochs	2.0
4253.677383366211	0.03560560000005353	epochs	3.0
4253.712988966211	0.035316100000272854	epochs	3.0
4253.748305066211	0.06978199999957724	epochs	2.0
4253.748305066211	0.03503120000004856	epochs	3.0
4253.783336266211	0.03475079999952868	epochs	3.0
4253.818087066211	0.06867859999965731	epochs	2.0
4253.818087066211	0.034475100000236125	epochs	3.0
4253.852562166211	0.03420349999942118	epochs	3.0
4253.8867656662105	0.06760930000018561	epochs	2.0
4253.8867656662105	0.03393620000042574	epochs	3.0
4253.920701866211	0.03367309999975987	epochs	3.0
4253.954374966211	0.06657290000021021	epochs	2.0
4253.954374966211	0.03341400000044814	epochs	3.0
4253.987788966211	0.03315889999976207	epochs	3.0
4254.020947866211	0.06556780000028084	epochs	2.0
4254.020947866211	0.032907699999668694	epochs	3.0
4254.053855566211	0.03266010000061215	epochs	3.0
4254.086515666211	0.06459259999974165	epochs	2.0
4254.086515666211	0.03241639999941981	epochs	3.0
4254.118932066211	0.03217620000032184	epochs	3.0
4254.151108266211	0.06364599999960774	epochs	2.0
4254.151108266211	0.031939600000441715	epochs	3.0
4254.183047866211	0.031706399999166024	epochs	3.0
4254.214754266211	0.0627266999999847	epochs	2.0
4254.214754266211	0.03147660000013275	epochs	3.0
4254.246230866211	0.031250099999851955	epochs	3.0
4254.2774809662105	0.061833600000682054	epochs	2.0
4254.2774809662105	0.031026900000142632	epochs	3.0
4254.308507866211	0.030806700000539422	epochs	3.0
4254.339314566211	0.06096559999969031	epochs	2.0
4254.339314566211	0.030589799999688694	epochs	3.0
4254.369904366211	0.030375800000001618	epochs	3.0
4254.400280166211	0.060121600000456965	epochs	2.0
4254.400280166211	0.03016490000027261	epochs	3.0
4254.430445066211	0.029956700000184355	epochs	3.0
4254.460401766211	0.05930069999976695	epochs	2.0
4254.460401766211	0.029751599999144673	epochs	3.0
4254.4901533662105	0.029549100000622275	epochs	3.0
4254.519702466211	0.058501800000158255	epochs	2.0
4254.519702466211	0.029349399999773595	epochs	3.0
4254.549051866211	0.02915240000038466	epochs	3.0
4254.578204266211	0.05772419999993872	epochs	2.0
4254.578204266211	0.028957999999875028	epochs	3.0
4254.607162266211	0.02876620000006369	epochs	3.0
4254.635928466211	0.05696709999938321	epochs	2.0
4254.635928466211	0.028577000000041153	epochs	3.0
4254.664505466211	0.028390099999342056	epochs	3.0
4254.692895566211	0.05622949999997218	epochs	2.0
4254.692895566211	0.028205700000398792	epochs	3.0
4254.721101266211	0.028023799999573384	epochs	3.0
4254.749125066211	0.05551070000001346	epochs	2.0
4254.749125066211	0.027844000000186497	epochs	3.0
4254.776969066211	0.02766669999982696	epochs	3.0
4254.804635766211	0.05481020000024728	epochs	2.0
4254.804635766211	0.02749149999999645	epochs	3.0
4254.832127266211	0.02731870000025083	epochs	3.0
4254.859445966211	0.0541270000003351	epochs	2.0
4254.859445966211	0.02714780000042083	epochs	3.0
4254.886593766211	0.026979199999914272	epochs	3.0
4254.913572966211	0.053460699999959616	epochs	2.0
4254.913572966211	0.026812600000084785	epochs	3.0
4254.940385566211	0.02664809999987483	epochs	3.0
4254.967033666211	0.05281070000000909	epochs	2.0
4254.967033666211	0.026485599999432452	epochs	3.0
4254.993519266211	0.02632510000057664	epochs	3.0
4255.019844366211	0.052176199999848905	epochs	2.0
4255.019844366211	0.026166399999965506	epochs	3.0
4255.046010766211	0.0260097999998834	epochs	3.0
4255.072020566211	0.05155670000021928	epochs	2.0
4255.072020566211	0.02585480000016105	epochs	3.0
4255.097875366211	0.02570190000005823	epochs	3.0
4255.123577266211	0.050951899999745365	epochs	2.0
4255.123577266211	0.025550700000167126	epochs	3.0
4255.149127966211	0.02540119999957824	epochs	3.0
4255.174529166211	0.05036099999961152	epochs	2.0
4255.174529166211	0.025253499999962514	epochs	3.0
4255.199782666211	0.025107499999649008	epochs	3.0
4255.224890166211	0.04978380000011384	epochs	2.0
4255.224890166211	0.02496320000045671	epochs	3.0
4255.249853366211	0.024820599999657134	epochs	3.0
4255.274673966211	0.0492195000006177	epochs	2.0
4255.274673966211	0.024679400000422902	epochs	3.0
4255.299353366211	0.024540100000194798	epochs	3.0
4255.323893466211	0.048667899999600195	epochs	2.0
4255.323893466211	0.024402099999861093	epochs	3.0
4255.348295566211	0.0242657999997391	epochs	3.0
4255.372561366211	0.048128600000381994	epochs	2.0
4255.372561366211	0.024131000000124914	epochs	3.0
4255.396692366211	0.02399760000025708	epochs	3.0
4255.420689966211	0.047601100000065344	epochs	2.0
4255.420689966211	0.02386579999983951	epochs	3.0
4255.444555766211	0.023735300000225834	epochs	3.0
4255.468291066211	0.04708499999924243	epochs	2.0
4255.468291066211	0.023606299999300973	epochs	3.0
4255.491897366211	0.023478699999941455	epochs	3.0
4255.515376066211	0.04658000000017637	epochs	2.0
4255.515376066211	0.02335250000032829	epochs	3.0
4255.538728566211	0.023227499999848078	epochs	3.0
4255.561956066211	0.04608569999982137	epochs	2.0
4255.561956066211	0.02310399999987567	epochs	3.0
4255.585060066211	0.022981699999945704	epochs	3.0
4255.608041766211	0.04560180000044056	epochs	2.0
4255.608041766211	0.02286069999991014	epochs	3.0
4255.6309024662105	0.022741100000530423	epochs	3.0
4255.653643566211	0.045127899999897636	epochs	2.0
4255.653643566211	0.022622499999670254	epochs	3.0
4255.676266066211	0.022505400000227382	epochs	3.0
4255.698771466211	0.044663800000307674	epochs	2.0
4255.698771466211	0.022389300000213552	epochs	3.0
4255.721160766211	0.022274500000094122	epochs	3.0
4255.743435266211	0.04420919999938633	epochs	2.0
4255.743435266211	0.022160799999255687	epochs	3.0
4255.7655960662105	0.02204840000013064	epochs	3.0
4255.787644466211	0.04376360000060231	epochs	2.0
4255.787644466211	0.021936900000582682	epochs	3.0
4255.809581366211	0.021826700000019628	epochs	3.0
4255.831408066211	0.0433270999992601	epochs	2.0
4255.831408066211	0.021717599999647064	epochs	3.0
4255.853125666211	0.021609499999613035	epochs	3.0
4255.8747351662105	0.04289900000003399	epochs	2.0
4255.8747351662105	0.021502500000678992	epochs	3.0
4255.896237666211	0.021396499999355	epochs	3.0
4255.9176341662105	0.04247950000080891	epochs	2.0
4255.9176341662105	0.02129170000080194	epochs	3.0
4255.938925866211	0.021187800000006973	epochs	3.0
4255.960113666211	0.04206789999989269	epochs	2.0
4255.960113666211	0.021084899999550544	epochs	3.0
4255.981198566211	0.020983000000342145	epochs	3.0
4256.002181566211	0.041664399999717716	epochs	2.0
4256.002181566211	0.020882199999505247	epochs	3.0
4256.023063766211	0.02078220000021247	epochs	3.0
4256.043845966211	0.04126850000011473	epochs	2.0
4256.043845966211	0.02068330000020069	epochs	3.0
4256.064529266211	0.02058519999991404	epochs	3.0
4256.085114466211	0.04087999999956082	epochs	2.0
4256.085114466211	0.020488099999965925	epochs	3.0
4256.105602566211	0.020391899999594898	epochs	3.0
4256.125994466211	0.04049880000002304	epochs	2.0
4256.125994466211	0.020296600000619947	epochs	3.0
4256.146291066211	0.020202199999403092	epochs	3.0
4256.166493266211	0.04012460000012652	epochs	2.0
4256.166493266211	0.020108700000491808	epochs	3.0
4256.186601966211	0.020015899999634712	epochs	3.0
4256.206617866211	0.03975730000001931	epochs	2.0
4256.206617866211	0.0199241999998776	epochs	3.0
4256.226542066211	0.019833100000141712	epochs	3.0
4256.246375166211	0.03939669999999751	epochs	2.0
4256.246375166211	0.019742999999834865	epochs	3.0
4256.266118166211	0.019653700000162644	epochs	3.0
4256.285771866211	0.03904239999974379	epochs	2.0
4256.285771866211	0.0195651000003636	epochs	3.0
4256.305336966211	0.019477299999380193	epochs	3.0
4256.3248142662105	0.038694600000781065	epochs	2.0
4256.3248142662105	0.019390400000702357	epochs	3.0
4256.344204666211	0.01930420000007871	epochs	3.0
4256.363508866211	0.03835290000006353	epochs	2.0
4256.363508866211	0.01921879999918019	epochs	3.0
4256.3827276662105	0.019134100000883336	epochs	3.0
4256.401861766211	0.038017199999558215	epochs	2.0
4256.401861766211	0.01905019999958313	epochs	3.0
4256.420911966211	0.018966999999975087	epochs	3.0
4256.439878966211	0.037687199999709264	epochs	2.0
4256.439878966211	0.018884500000240223	epochs	3.0
4256.458763466211	0.01880269999946904	epochs	3.0
4256.477566166211	0.037363100000220584	epochs	2.0
4256.477566166211	0.01872170000024198	epochs	3.0
4256.496287866211	0.018641399999978603	epochs	3.0
4256.514929266211	0.037044300000161456	epochs	2.0
4256.514929266211	0.018561599999884493	epochs	3.0
4256.533490866211	0.018482700000276964	epochs	3.0
4256.551973566211	0.036731000000145286	epochs	2.0
4256.551973566211	0.018404299999929208	epochs	3.0
4256.570377866211	0.01832670000021608	epochs	3.0
4256.588704566211	0.036422899999706715	epochs	2.0
4256.588704566211	0.018249599999762722	epochs	3.0
4256.606954166211	0.018173299999943993	epochs	3.0
4256.625127466211	0.036120100000516686	epochs	2.0
4256.625127466211	0.018097600000146485	epochs	3.0
4256.643225066211	0.0180225000003702	epochs	3.0
4256.661247566211	0.03582209999967745	epochs	2.0
4256.661247566211	0.01794789999985369	epochs	3.0
4256.679195466211	0.01787419999982376	epochs	3.0
4256.697069666211	0.03552899999976944	epochs	2.0
4256.697069666211	0.017800800000259187	epochs	3.0
4256.714870466211	0.017728199999510252	epochs	3.0
4256.732598666211	0.03524070000003121	epochs	2.0
4256.732598666211	0.01765609999984008	epochs	3.0
4256.750254766211	0.01758460000019113	epochs	3.0
4256.767839366211	0.03495709999970131	epochs	2.0
4256.767839366211	0.01751369999965391	epochs	3.0
4256.7853530662105	0.017443400000047404	epochs	3.0
4256.802796466211	0.03467790000013338	epochs	2.0
4256.802796466211	0.017373600000610168	epochs	3.0
4256.820170066211	0.01730429999952321	epochs	3.0
4256.837474366211	0.03440330000012182	epochs	2.0
4256.837474366211	0.017235700000128418	epochs	3.0
4256.854710066211	0.0171675999999934	epochs	3.0
4256.871877666211	0.03413280000040686	epochs	2.0
4256.871877666211	0.017099900000175694	epochs	3.0
4256.888977566211	0.017032900000231166	epochs	3.0
4256.906010466211	0.033866699999634875	epochs	2.0
4256.906010466211	0.01696639999954641	epochs	3.0
4256.922976866211	0.016900300000088464	epochs	3.0
4256.939877166211	0.03360460000021703	epochs	2.0
4256.939877166211	0.016834799999742245	epochs	3.0
4256.956711966211	0.016769800000474788	epochs	3.0
4256.973481766211	0.0333466000001863	epochs	2.0
4256.973481766211	0.01670529999955761	epochs	3.0
4256.990187066211	0.01664130000062869	epochs	3.0
4257.006828366211	0.033092499999838765	epochs	2.0
4257.006828366211	0.016577800000050047	epochs	3.0
4257.023406166211	0.016514699999788718	epochs	3.0
4257.039920866211	0.032842300000083924	epochs	2.0
4257.039920866211	0.01645219999954861	epochs	3.0
4257.056373066211	0.016390100000535313	epochs	3.0
4257.072763166211	0.03259569999954692	epochs	2.0
4257.072763166211	0.016328400000020338	epochs	3.0
4257.089091566211	0.016267299999526585	epochs	3.0
4257.105358866211	0.03235289999975066	epochs	2.0
4257.105358866211	0.01620660000025964	epochs	3.0
4257.121565466211	0.01614629999949102	epochs	3.0
4257.1377117662105	0.032113700000081735	epochs	2.0
4257.1377117662105	0.016086600000562612	epochs	3.0
4257.153798366211	0.016027099999519123	epochs	3.0
4257.169825466211	0.03187800000068819	epochs	2.0
4257.169825466211	0.015968200000315846	epochs	3.0
4257.185793666211	0.015909800000372343	epochs	3.0
4257.201703466211	0.03164569999989908	epochs	2.0
4257.201703466211	0.01585160000013275	epochs	3.0
4257.217555066211	0.01579409999976633	epochs	3.0
4257.233349166211	0.03141669999968144	epochs	2.0
4257.233349166211	0.015736700000161363	epochs	3.0
4257.249085866211	0.015679999999520078	epochs	3.0
4257.264765866211	0.03119109999988723	epochs	2.0
4257.264765866211	0.015623600000253646	epochs	3.0
4257.280389466211	0.015567499999633583	epochs	3.0
4257.295956966211	0.030968699999903038	epochs	2.0
4257.295956966211	0.015511999999944237	epochs	3.0
4257.311468966211	0.0154566999999588	epochs	3.0
4257.326925666211	0.030749500000638363	epochs	2.0
4257.326925666211	0.015401999999994587	epochs	3.0
4257.342327666211	0.015347500000643777	epochs	3.0
4257.357675166211	0.030533199999808858	epochs	2.0
4257.357675166211	0.01529339999979129	epochs	3.0
4257.372968566211	0.015239800000017567	epochs	3.0
4257.388208366211	0.03032009999969887	epochs	2.0
4257.388208366211	0.015186499999799707	epochs	3.0
4257.403394866211	0.015133599999899161	epochs	3.0
4257.418528466211	0.030109899999843037	epochs	2.0
4257.418528466211	0.015081000000463973	epochs	3.0
4257.433609466211	0.015028899999379064	epochs	3.0
4257.448638366211	0.02990250000038941	epochs	2.0
4257.448638366211	0.014977000000726548	epochs	3.0
4257.463615366211	0.014925499999662861	epochs	3.0
4257.478540866211	0.0296981000001324	epochs	2.0
4257.478540866211	0.014874399999825982	epochs	3.0
4257.493415266211	0.014823700000306417	epochs	3.0
4257.508238966211	0.02949629999966419	epochs	2.0
4257.508238966211	0.014773199999581266	epochs	3.0
4257.523012166211	0.014723100000082923	epochs	3.0
4257.537735266211	0.02929740000035963	epochs	2.0
4257.537735266211	0.014673399999992398	epochs	3.0
4257.552408666211	0.014624000000367232	epochs	3.0
4257.567032666211	0.029101099999934377	epochs	2.0
4257.567032666211	0.014574899999388435	epochs	3.0
4257.581607566211	0.014526200000545941	epochs	3.0
4257.596133766211	0.028907400000207417	epochs	2.0
4257.596133766211	0.014477699999588367	epochs	3.0
4257.610611466211	0.01442970000061905	epochs	3.0
4257.625041166211	0.028716199999507808	epochs	2.0
4257.625041166211	0.014381799999682698	epochs	3.0
4257.639422966211	0.01433439999982511	epochs	3.0
4257.653757366211	0.028527600000415987	epochs	2.0
4257.653757366211	0.014287200000580924	epochs	3.0
4257.668044566211	0.014240399999835063	epochs	3.0
4257.682284966211	0.028341399999590067	epochs	2.0
4257.682284966211	0.014193799999702605	epochs	3.0
4257.696478766211	0.014147599999887461	epochs	3.0
4257.710626366211	0.02815770000051998	epochs	2.0
4257.710626366211	0.014101700000537676	epochs	3.0
4257.724728066211	0.014055999999982305	epochs	3.0
4257.738784066211	0.02797629999986384	epochs	2.0
4257.738784066211	0.014010599999892293	epochs	3.0
4257.752794666211	0.013965699999971548	epochs	3.0
4257.766760366211	0.027797199999440636	epochs	2.0
4257.766760366211	0.013920800000050804	epochs	3.0
4257.780681166211	0.013876399999389832	epochs	3.0
4257.794557566211	0.02762040000015986	epochs	2.0
4257.794557566211	0.01383220000025176	epochs	3.0
4257.808389766211	0.013788199999908102	epochs	3.0
4257.822177966211	0.027445900000202528	epochs	2.0
4257.822177966211	0.013744599999881757	epochs	3.0
4257.835922566211	0.01370130000032077	epochs	3.0
4257.849623866211	0.027273499999864725	epochs	2.0
4257.849623866211	0.0136581999995542	epochs	3.0
4257.863282066211	0.013615300000310526	epochs	3.0
4257.876897366211	0.02710339999975986	epochs	2.0
4257.876897366211	0.013572800000474672	epochs	3.0
4257.890470166211	0.013530599999285187	epochs	3.0
4257.904000766211	0.02693520000048011	epochs	2.0
4257.904000766211	0.01348839999991469	epochs	3.0
4257.9174891662105	0.013446800000565418	epochs	3.0
4257.930935966211	0.02676919999976235	epochs	2.0
4257.930935966211	0.013405199999397155	epochs	3.0
4257.9443411662105	0.013364000000365195	epochs	3.0
4257.957705166211	0.026605199999721663	epochs	2.0
4257.957705166211	0.013322900000275695	epochs	3.0
4257.971028066211	0.013282299999445968	epochs	3.0
4257.984310366211	0.026443200000358047	epochs	2.0
4257.984310366211	0.01324170000043523	epochs	3.0
4257.997552066211	0.013201499999922817	epochs	3.0
4258.010753566211	0.026283199999852513	epochs	2.0
4258.010753566211	0.013161500000023807	epochs	3.0
4258.023915066211	0.013121699999828706	epochs	3.0
4258.037036766211	0.026125000000320142	epochs	2.0
4258.037036766211	0.01308210000024701	epochs	3.0
4258.050118866211	0.013042900000073132	epochs	3.0
4258.063161766211	0.025968899999497808	epochs	2.0
4258.063161766211	0.013003899999603163	epochs	3.0
4258.076165666211	0.012964999999894644	epochs	3.0
4258.089130666211	0.025814500000706175	epochs	2.0
4258.089130666211	0.012926400000651483	epochs	3.0
4258.102057066211	0.012888100000054692	epochs	3.0
4258.114945166211	0.025661899999249727	epochs	2.0
4258.114945166211	0.012849899999309855	epochs	3.0
4258.127795066211	0.012811999999939871	epochs	3.0
4258.140607066211	0.025511200000437384	epochs	2.0
4258.140607066211	0.012774400000125752	epochs	3.0
4258.153381466211	0.012736800000311632	epochs	3.0
4258.166118266211	0.02536229999986972	epochs	2.0
4258.166118266211	0.012699699999757286	epochs	3.0
4258.178817966211	0.012662600000112434	epochs	3.0
4258.191480566211	0.025214999999661813	epochs	2.0
4258.191480566211	0.012625800000023446	epochs	3.0
4258.204106366211	0.012589199999638367	epochs	3.0
4258.216695566211	0.024584800000411633	epochs	2.0
4258.240661566211	0.5	epochs	-1.0
4258.241280366211	0.5246399999996356	epochs	1.0
4258.765920366211	0.47528000000056636	epochs	0.0
4316.366000175476	0.07528000000002066	epochs	0.0
4316.366000175476	0.032641400000102294	epochs	1.0
4316.398641575476	0.009997199999816075	epochs	1.0
4316.408638775476	0.032641400000102294	epochs	1.0
4316.441280175476	2.0	epochs	0.0
4318.441280175476	5.364800000000287	epochs	0.0
4318.441280175476	1.0	epochs	1.0
4318.441301375476	0.5	epochs	-1.0
4318.941301375476	4.8647788000007495	epochs	-1.0
4319.441280175476	4.364800000000287	epochs	1.0
4319.441280175476	4.356753899999603	epochs	-1.0
4319.441280175476	1.9745872000003146	epochs	2.0
4319.441280175476	1.098562199999833	epochs	3.0
4320.539842375476	0.8760250000004817	epochs	3.0
4321.415867375476	1.3524074999995719	epochs	2.0
4321.415867375476	0.7286354999996547	epochs	3.0
4322.144502875476	0.6237719999999172	epochs	3.0
4322.768274875476	1.0297591999997167	epochs	2.0
4322.768274875476	0.5453293000000485	epochs	3.0
4323.313604175476	0.4844298999996681	epochs	3.0
4323.798034075476	0.00804610000068351	epochs	2.0
4323.798034075476	0.00804610000068351	epochs	3.0
4323.806080175476	16.635119999999915	epochs	0.0
4325.220000267029	0.07528000000002066	epochs	0.0
4325.220000267029	0.032641400000102294	epochs	1.0
4325.252641667029	0.009997199999816075	epochs	1.0
4325.262638867029	0.032641400000102294	epochs	1.0
4325.295280267029	2.0	epochs	0.0
4327.295280267029	0.543999999999869	epochs	0.0
4327.295280267029	0.543999999999869	epochs	1.0
4327.295301467028	0.5	epochs	-1.0
4327.795301467028	0.04397880000033183	epochs	-1.0
4327.839280267029	21.455920000000333	epochs	0.0
4329.216000080109	0.07528000000002066	epochs	0.0
4329.216000080109	0.032641400000102294	epochs	1.0
4329.248641480109	0.009997199999816075	epochs	1.0
4329.258638680109	0.032641400000102294	epochs	1.0
4329.291280080109	2.0	epochs	0.0
4331.291280080109	0.5443199999999706	epochs	0.0
4331.291280080109	0.5443199999999706	epochs	1.0
4331.291301280108	0.5	epochs	-1.0
4331.791301280108	0.0442988000004334	epochs	-1.0
4331.835600080109	21.45560000000023	epochs	0.0
4333.219000339508	0.07528000000002066	epochs	0.0
4333.219000339508	0.032641400000102294	epochs	1.0
4333.251641739508	0.009997199999816075	epochs	1.0
4333.261638939508	0.032641400000102294	epochs	1.0
4333.294280339508	2.0	epochs	0.0
4335.294280339508	0.5248799999999392	epochs	0.0
4335.294280339508	0.5248799999999392	epochs	1.0
4335.294301539508	0.5	epochs	-1.0
4335.794301539508	0.02485880000040197	epochs	-1.0
4335.819160339508	21.475040000000263	epochs	0.0
4337.238000392914	0.07528000000002066	epochs	0.0
4337.238000392914	0.032641400000102294	epochs	1.0
4337.270641792914	0.009997199999816075	epochs	1.0
4337.280638992914	0.032641400000102294	epochs	1.0
4337.313280392914	2.0	epochs	0.0
4339.313280392914	0.5244000000002416	epochs	0.0
4339.313280392914	0.5244000000002416	epochs	1.0
4339.313301592913	0.5	epochs	-1.0
4339.813301592913	0.02437880000070436	epochs	-1.0
4339.837680392914	21.47551999999996	epochs	0.0
4341.285000324249	0.07528000000002066	epochs	0.0
4341.285000324249	0.032641400000102294	epochs	1.0
4341.317641724249	0.009997199999816075	epochs	1.0
4341.327638924249	0.032641400000102294	epochs	1.0
4341.360280324249	2.0	epochs	0.0
4343.360280324249	0.524319999999534	epochs	0.0
4343.360280324249	0.524319999999534	epochs	1.0
4343.360301524249	0.5	epochs	-1.0
4343.860301524249	0.024298799999996845	epochs	-1.0
4343.884600324249	21.475600000000668	epochs	0.0
4345.3330001831055	0.07528000000002066	epochs	0.0
4345.3330001831055	0.032641400000102294	epochs	1.0
4345.365641583106	0.009997199999816075	epochs	1.0
4345.375638783105	0.032641400000102294	epochs	1.0
4345.4082801831055	2.0	epochs	0.0
4347.4082801831055	0.52408000000014	epochs	0.0
4347.4082801831055	0.52408000000014	epochs	1.0
4347.408301383105	0.5	epochs	-1.0
4347.908301383105	0.024058800000602787	epochs	-1.0
4347.932360183106	21.475840000000062	epochs	0.0
4349.374000072479	0.07528000000002066	epochs	0.0
4349.374000072479	0.032641400000102294	epochs	1.0
4349.406641472479	0.009997199999816075	epochs	1.0
4349.416638672479	0.032641400000102294	epochs	1.0
4349.449280072479	2.0	epochs	0.0
4351.449280072479	21.999920000000202	epochs	0.0
4351.449280072479	1.0	epochs	1.0
4351.449301272479	0.5	epochs	-1.0
4351.949301272479	19.99928	epochs	-1.0
4352.449280072479	20.0	epochs	1.0
4352.449280072479	4.356753899999603	epochs	-1.0
4352.449280072479	1.9745872000003146	epochs	2.0
4352.449280072479	1.098562199999833	epochs	3.0
4353.547842272479	0.8760250000004817	epochs	3.0
4354.42386727248	1.3524074999995719	epochs	2.0
4354.42386727248	0.7286354999996547	epochs	3.0
4355.152502772479	0.6237719999999172	epochs	3.0
4355.776274772479	1.0297591999997167	epochs	2.0
4355.776274772479	0.5453293000000485	epochs	3.0
4356.321604072479	0.4844298999996681	epochs	3.0
4356.806033972479	0.8317862000003515	epochs	2.0
4356.806033972479	0.4357763000007253	epochs	3.0
4357.24181027248	0.3960098999996262	epochs	3.0
4357.637820172479	0.6977969999998095	epochs	2.0
4357.637820172479	0.3628982000000178	epochs	3.0
4358.000718372479	0.33489879999979166	epochs	3.0
4358.335617172479	0.6010457000002134	epochs	2.0
4358.335617172479	0.31091230000038195	epochs	3.0
4358.646529472479	0.29013339999983145	epochs	3.0
4358.936662872479	0.5278859000000011	epochs	2.0
4358.936662872479	0.27195860000028915	epochs	3.0
4359.2086214724795	0.255927299999712	epochs	3.0
4359.464548772479	0.4706193000001804	epochs	2.0
4359.464548772479	0.241681299999982	epochs	3.0
4359.706230072479	0.22893800000019837	epochs	3.0
4359.935168072479	0.4245703999995385	epochs	2.0
4359.935168072479	0.21747140000024956	epochs	3.0
4360.15263947248	0.20709899999928894	epochs	3.0
4360.359738472479	0.38673540000036155	epochs	2.0
4360.359738472479	0.19767110000066168	epochs	3.0
4360.55740957248	0.18906429999969987	epochs	3.0
4360.746473872479	0.3550953000003574	epochs	2.0
4360.746473872479	0.18117590000019845	epochs	3.0
4360.9276497724795	0.17391940000015893	epochs	3.0
4361.10156917248	0.3282430999997814	epochs	2.0
4361.10156917248	0.1672218999992765	epochs	3.0
4361.268791072479	0.1610212000005049	epochs	3.0
4361.4298122724795	0.3051679999998669	epochs	2.0
4361.4298122724795	0.15526390000013635	epochs	3.0
4361.58507617248	0.14990409999973053	epochs	3.0
4361.734980272479	0.28512529999989056	epochs	2.0
4361.734980272479	0.14490209999985382	epochs	3.0
4361.879882372479	0.14022320000003674	epochs	3.0
4362.020105572479	0.26755380000031437	epochs	2.0
4362.020105572479	0.1358368999999584	epochs	3.0
4362.155942472479	0.13171690000035596	epochs	3.0
4362.2876593724795	0.25202290000015637	epochs	2.0
4362.2876593724795	0.12783929999932298	epochs	3.0
4362.415498672479	0.1241836000008334	epochs	3.0
4362.53968227248	0.23819649999950343	epochs	2.0
4362.53968227248	0.1207310999998299	epochs	3.0
4362.6604133724795	0.11746539999967354	epochs	3.0
4362.777878772479	0.22580879999986792	epochs	2.0
4362.777878772479	0.11437190000015107	epochs	3.0
4362.892250672479	0.11143689999971684	epochs	3.0
4363.003687572479	0.21464600000035716	epochs	2.0
4363.003687572479	0.10864889999993466	epochs	3.0
4363.112336472479	0.1059971000004225	epochs	3.0
4363.218333572479	0.2045349999998507	epochs	2.0
4363.218333572479	0.10347149999961403	epochs	3.0
4363.321805072479	0.10106350000023667	epochs	3.0
4363.422868572479	0.19533400000000256	epochs	2.0
4363.422868572479	0.09876509999958216	epochs	3.0
4363.521633672479	0.0965689000004204	epochs	3.0
4363.618202572479	0.18692529999952967	epochs	2.0
4363.618202572479	0.09446829999978945	epochs	3.0
4363.712670872479	0.09245699999974022	epochs	3.0
4363.805127872479	0.1792107000001124	epochs	2.0
4363.805127872479	0.0905296000000817	epochs	3.0
4363.895657472479	0.08868110000003071	epochs	3.0
4363.984338572479	0.17210770000019693	epochs	2.0
4363.984338572479	0.08690630000000965	epochs	3.0
4364.071244872479	0.08520140000018728	epochs	3.0
4364.156446272479	0.16554640000049403	epochs	2.0
4364.156446272479	0.08356189999994967	epochs	3.0
4364.240008172479	0.08198450000054436	epochs	3.0
4364.32199267248	0.15946709999934683	epochs	2.0
4364.32199267248	0.0804653999994116	epochs	3.0
4364.402458072479	0.07900169999993523	epochs	3.0
4364.481459772479	0.15381840000009106	epochs	2.0
4364.481459772479	0.07759010000063427	epochs	3.0
4364.55904987248	0.0762282999994568	epochs	3.0
4364.635278172479	0.14855640000041603	epochs	2.0
4364.635278172479	0.07491329999993468	epochs	3.0
4364.710191472479	0.07364310000048135	epochs	3.0
4364.7838345724795	0.14364239999940764	epochs	2.0
4364.7838345724795	0.07241499999963708	epochs	3.0
4364.856249572479	0.07122739999977057	epochs	3.0
4364.927476972479	0.13904309999998077	epochs	2.0
4364.927476972479	0.0700780000006489	epochs	3.0
4364.9975549724795	0.06896509999933187	epochs	3.0
4365.066520072479	0.1347293000007994	epochs	2.0
4365.066520072479	0.0678871000000072	epochs	3.0
4365.134407172479	0.06684220000079222	epochs	3.0
4365.20124937248	0.1306752000000415	epochs	2.0
4365.20124937248	0.06582909999997355	epochs	3.0
4365.26707847248	0.06484610000006796	epochs	3.0
4365.33192457248	0.1268577999999252	epochs	2.0
4365.33192457248	0.06389199999921402	epochs	3.0
4365.395816572479	0.06296580000071117	epochs	3.0
4365.45878237248	0.12325719999989815	epochs	2.0
4365.45878237248	0.06206579999980022	epochs	3.0
4365.520848172479	0.06119140000009793	epochs	3.0
4365.5820395724795	0.11985539999932371	epochs	2.0
4365.5820395724795	0.060341100000187	epochs	3.0
4365.64238067248	0.05951429999913671	epochs	3.0
4365.701894972479	0.11663620000035735	epochs	2.0
4365.701894972479	0.05870960000083869	epochs	3.0
4365.76060457248	0.05792659999951866	epochs	3.0
4365.818531172479	0.11358560000007856	epochs	2.0
4365.818531172479	0.05716420000044309	epochs	3.0
4365.87569537248	0.05642139999963547	epochs	3.0
4365.932116772479	0.11069049999969138	epochs	2.0
4365.932116772479	0.05569790000026842	epochs	3.0
4365.9878146724795	0.054992599999422964	epochs	3.0
4366.042807272479	0.10793910000029427	epochs	2.0
4366.042807272479	0.05430490000071586	epochs	3.0
4366.09711217248	0.053634199999578414	epochs	3.0
4366.150746372479	0.10532150000017282	epochs	2.0
4366.150746372479	0.05298000000038883	epochs	3.0
4366.20372637248	0.05234149999978399	epochs	3.0
4366.256067872479	0.10282759999972768	epochs	2.0
4366.256067872479	0.05171809999956167	epochs	3.0
4366.307785972479	0.05110950000016601	epochs	3.0
4366.358895472479	0.10044910000033269	epochs	2.0
4366.358895472479	0.050514900000052876	epochs	3.0
4366.409410372479	0.049934200000279816	epochs	3.0
4366.4593445724795	0.09817829999974492	epochs	2.0
4366.4593445724795	0.04936659999930271	epochs	3.0
4366.508711172479	0.048811700000442215	epochs	3.0
4366.557522872479	0.09600779999982478	epochs	2.0
4366.557522872479	0.048269199999595	epochs	3.0
4366.605792072479	0.04773860000022978	epochs	3.0
4366.653530672479	0.09393120000004274	epochs	2.0
4366.653530672479	0.047219500000210246	epochs	3.0
4366.700750172479	0.04671169999983249	epochs	3.0
4366.747461872479	0.09194260000003851	epochs	2.0
4366.747461872479	0.046214599999984785	epochs	3.0
4366.793676472479	0.045728000000053726	epochs	3.0
4366.839404472479	0.09003630000006524	epochs	2.0
4366.839404472479	0.045251499999722	epochs	3.0
4366.884655972479	0.04478480000034324	epochs	3.0
4366.929440772479	0.0882075999998051	epochs	2.0
4366.929440772479	0.0443278000002465	epochs	3.0
4366.9737685724795	0.0438797999995586	epochs	3.0
4367.017648372479	0.0864516999999978	epochs	2.0
4367.017648372479	0.04344099999980244	epochs	3.0
4367.061089372479	0.04301070000019536	epochs	3.0
4367.104100072479	0.08476430000064283	epochs	2.0
4367.104100072479	0.042589000000589294	epochs	3.0
4367.14668907248	0.04217530000005354	epochs	3.0
4367.18886437248	0.08314149999932852	epochs	2.0
4367.18886437248	0.04176969999934954	epochs	3.0
4367.230634072479	0.041371799999978975	epochs	3.0
4367.272005872479	0.08157970000047499	epochs	2.0
4367.272005872479	0.040981400000418944	epochs	3.0
4367.312987272479	0.04059830000005604	epochs	3.0
4367.3535855724795	0.08007550000002084	epochs	2.0
4367.3535855724795	0.040222300000095856	epochs	3.0
4367.39380787248	0.03985319999992498	epochs	3.0
4367.4336610724795	0.07862569999997504	epochs	2.0
4367.4336610724795	0.03949079999983951	epochs	3.0
4367.473151872479	0.03913490000013553	epochs	3.0
4367.5122867724795	0.07722759999978734	epochs	2.0
4367.5122867724795	0.038785400000051595	epochs	3.0
4367.5510721724795	0.03844219999973575	epochs	3.0
4367.589514372479	0.07587820000026113	epochs	2.0
4367.589514372479	0.03810479999992822	epochs	3.0
4367.627619172479	0.03777340000033291	epochs	3.0
4367.6653925724795	0.07457519999934448	epochs	2.0
4367.6653925724795	0.03744769999957498	epochs	3.0
4367.702840272479	0.0371274999997695	epochs	3.0
4367.739967772479	0.07331630000044242	epochs	2.0
4367.739967772479	0.03681290000076842	epochs	3.0
4367.77678067248	0.036503399999674	epochs	3.0
4367.813284072479	0.07209899999998015	epochs	2.0
4367.813284072479	0.03619909999997617	epochs	3.0
4367.849483172479	0.03589990000000398	epochs	3.0
4367.885383072479	0.07092170000032638	epochs	2.0
4367.885383072479	0.03560560000005353	epochs	3.0
4367.920988672479	0.035316100000272854	epochs	3.0
4367.95630477248	0.06978199999957724	epochs	2.0
4367.95630477248	0.03503120000004856	epochs	3.0
4367.99133597248	0.03475079999952868	epochs	3.0
4368.026086772479	0.06867859999965731	epochs	2.0
4368.026086772479	0.034475100000236125	epochs	3.0
4368.060561872479	0.03420349999942118	epochs	3.0
4368.094765372479	0.06760930000018561	epochs	2.0
4368.094765372479	0.03393620000042574	epochs	3.0
4368.128701572479	0.03367309999975987	epochs	3.0
4368.162374672479	0.06657290000021021	epochs	2.0
4368.162374672479	0.03341400000044814	epochs	3.0
4368.1957886724795	0.03315889999976207	epochs	3.0
4368.228947572479	0.06556780000028084	epochs	2.0
4368.228947572479	0.032907699999668694	epochs	3.0
4368.261855272479	0.03266010000061215	epochs	3.0
4368.2945153724795	0.06459259999974165	epochs	2.0
4368.2945153724795	0.03241639999941981	epochs	3.0
4368.326931772479	0.03217620000032184	epochs	3.0
4368.359107972479	0.06364599999960774	epochs	2.0
4368.359107972479	0.031939600000441715	epochs	3.0
4368.39104757248	0.031706399999166024	epochs	3.0
4368.422753972479	0.0627266999999847	epochs	2.0
4368.422753972479	0.03147660000013275	epochs	3.0
4368.454230572479	0.031250099999851955	epochs	3.0
4368.485480672479	0.061833600000682054	epochs	2.0
4368.485480672479	0.031026900000142632	epochs	3.0
4368.516507572479	0.030806700000539422	epochs	3.0
4368.5473142724795	0.06096559999969031	epochs	2.0
4368.5473142724795	0.030589799999688694	epochs	3.0
4368.577904072479	0.030375800000001618	epochs	3.0
4368.608279872479	0.060121600000456965	epochs	2.0
4368.608279872479	0.03016490000027261	epochs	3.0
4368.6384447724795	0.029956700000184355	epochs	3.0
4368.66840147248	0.05930069999976695	epochs	2.0
4368.66840147248	0.029751599999144673	epochs	3.0
4368.698153072479	0.029549100000622275	epochs	3.0
4368.727702172479	0.058501800000158255	epochs	2.0
4368.727702172479	0.029349399999773595	epochs	3.0
4368.757051572479	0.02915240000038466	epochs	3.0
4368.78620397248	0.05772419999993872	epochs	2.0
4368.78620397248	0.028957999999875028	epochs	3.0
4368.8151619724795	0.02876620000006369	epochs	3.0
4368.8439281724795	0.05696709999938321	epochs	2.0
4368.8439281724795	0.028577000000041153	epochs	3.0
4368.87250517248	0.028390099999342056	epochs	3.0
4368.900895272479	0.05622949999997218	epochs	2.0
4368.900895272479	0.028205700000398792	epochs	3.0
4368.929100972479	0.028023799999573384	epochs	3.0
4368.957124772479	0.05551070000001346	epochs	2.0
4368.957124772479	0.027844000000186497	epochs	3.0
4368.984968772479	0.02766669999982696	epochs	3.0
4369.012635472479	0.05481020000024728	epochs	2.0
4369.012635472479	0.02749149999999645	epochs	3.0
4369.040126972479	0.02731870000025083	epochs	3.0
4369.067445672479	0.0541270000003351	epochs	2.0
4369.067445672479	0.02714780000042083	epochs	3.0
4369.09459347248	0.026979199999914272	epochs	3.0
4369.1215726724795	0.053460699999959616	epochs	2.0
4369.1215726724795	0.026812600000084785	epochs	3.0
4369.14838527248	0.02664809999987483	epochs	3.0
4369.175033372479	0.05281070000000909	epochs	2.0
4369.175033372479	0.026485599999432452	epochs	3.0
4369.201518972479	0.02632510000057664	epochs	3.0
4369.2278440724795	0.052176199999848905	epochs	2.0
4369.2278440724795	0.026166399999965506	epochs	3.0
4369.254010472479	0.0260097999998834	epochs	3.0
4369.280020272479	0.05155670000021928	epochs	2.0
4369.280020272479	0.02585480000016105	epochs	3.0
4369.3058750724795	0.02570190000005823	epochs	3.0
4369.3315769724795	0.050951899999745365	epochs	2.0
4369.3315769724795	0.025550700000167126	epochs	3.0
4369.35712767248	0.02540119999957824	epochs	3.0
4369.382528872479	0.05036099999961152	epochs	2.0
4369.382528872479	0.025253499999962514	epochs	3.0
4369.407782372479	0.025107499999649008	epochs	3.0
4369.432889872479	0.04978380000011384	epochs	2.0
4369.432889872479	0.02496320000045671	epochs	3.0
4369.457853072479	0.024820599999657134	epochs	3.0
4369.482673672479	0.0492195000006177	epochs	2.0
4369.482673672479	0.024679400000422902	epochs	3.0
4369.507353072479	0.024540100000194798	epochs	3.0
4369.53189317248	0.048667899999600195	epochs	2.0
4369.53189317248	0.024402099999861093	epochs	3.0
4369.5562952724795	0.0242657999997391	epochs	3.0
4369.580561072479	0.048128600000381994	epochs	2.0
4369.580561072479	0.024131000000124914	epochs	3.0
4369.604692072479	0.02399760000025708	epochs	3.0
4369.62868967248	0.047601100000065344	epochs	2.0
4369.62868967248	0.02386579999983951	epochs	3.0
4369.652555472479	0.023735300000225834	epochs	3.0
4369.67629077248	0.04708499999924243	epochs	2.0
4369.67629077248	0.023606299999300973	epochs	3.0
4369.699897072479	0.023478699999941455	epochs	3.0
4369.723375772479	0.04658000000017637	epochs	2.0
4369.723375772479	0.02335250000032829	epochs	3.0
4369.746728272479	0.023227499999848078	epochs	3.0
4369.769955772479	0.04608569999982137	epochs	2.0
4369.769955772479	0.02310399999987567	epochs	3.0
4369.793059772479	0.022981699999945704	epochs	3.0
4369.816041472479	0.04560180000044056	epochs	2.0
4369.816041472479	0.02286069999991014	epochs	3.0
4369.838902172479	0.022741100000530423	epochs	3.0
4369.861643272479	0.045127899999897636	epochs	2.0
4369.861643272479	0.022622499999670254	epochs	3.0
4369.884265772479	0.022505400000227382	epochs	3.0
4369.906771172479	0.044663800000307674	epochs	2.0
4369.906771172479	0.022389300000213552	epochs	3.0
4369.929160472479	0.022274500000094122	epochs	3.0
4369.95143497248	0.04420919999938633	epochs	2.0
4369.95143497248	0.022160799999255687	epochs	3.0
4369.973595772479	0.02204840000013064	epochs	3.0
4369.995644172479	0.04376360000060231	epochs	2.0
4369.995644172479	0.021936900000582682	epochs	3.0
4370.0175810724795	0.021826700000019628	epochs	3.0
4370.0394077724795	0.0433270999992601	epochs	2.0
4370.0394077724795	0.021717599999647064	epochs	3.0
4370.061125372479	0.021609499999613035	epochs	3.0
4370.082734872479	0.04289900000003399	epochs	2.0
4370.082734872479	0.021502500000678992	epochs	3.0
4370.1042373724795	0.021396499999355	epochs	3.0
4370.125633872479	0.04247950000080891	epochs	2.0
4370.125633872479	0.02129170000080194	epochs	3.0
4370.14692557248	0.021187800000006973	epochs	3.0
4370.16811337248	0.04206789999989269	epochs	2.0
4370.16811337248	0.021084899999550544	epochs	3.0
4370.189198272479	0.020983000000342145	epochs	3.0
4370.2101812724795	0.041664399999717716	epochs	2.0
4370.2101812724795	0.020882199999505247	epochs	3.0
4370.231063472479	0.02078220000021247	epochs	3.0
4370.251845672479	0.04126850000011473	epochs	2.0
4370.251845672479	0.02068330000020069	epochs	3.0
4370.272528972479	0.02058519999991404	epochs	3.0
4370.293114172479	0.04087999999956082	epochs	2.0
4370.293114172479	0.020488099999965925	epochs	3.0
4370.313602272479	0.020391899999594898	epochs	3.0
4370.333994172479	0.04049880000002304	epochs	2.0
4370.333994172479	0.020296600000619947	epochs	3.0
4370.3542907724795	0.020202199999403092	epochs	3.0
4370.374492972479	0.04012460000012652	epochs	2.0
4370.374492972479	0.020108700000491808	epochs	3.0
4370.394601672479	0.020015899999634712	epochs	3.0
4370.414617572479	0.03975730000001931	epochs	2.0
4370.414617572479	0.0199241999998776	epochs	3.0
4370.434541772479	0.019833100000141712	epochs	3.0
4370.454374872479	0.03939669999999751	epochs	2.0
4370.454374872479	0.019742999999834865	epochs	3.0
4370.474117872479	0.019653700000162644	epochs	3.0
4370.493771572479	0.03904239999974379	epochs	2.0
4370.493771572479	0.0195651000003636	epochs	3.0
4370.513336672479	0.019477299999380193	epochs	3.0
4370.532813972479	0.038694600000781065	epochs	2.0
4370.532813972479	0.019390400000702357	epochs	3.0
4370.5522043724795	0.01930420000007871	epochs	3.0
4370.57150857248	0.03835290000006353	epochs	2.0
4370.57150857248	0.01921879999918019	epochs	3.0
4370.590727372479	0.019134100000883336	epochs	3.0
4370.60986147248	0.038017199999558215	epochs	2.0
4370.60986147248	0.01905019999958313	epochs	3.0
4370.628911672479	0.018966999999975087	epochs	3.0
4370.647878672479	0.037687199999709264	epochs	2.0
4370.647878672479	0.018884500000240223	epochs	3.0
4370.6667631724795	0.01880269999946904	epochs	3.0
4370.685565872479	0.037363100000220584	epochs	2.0
4370.685565872479	0.01872170000024198	epochs	3.0
4370.704287572479	0.018641399999978603	epochs	3.0
4370.722928972479	0.037044300000161456	epochs	2.0
4370.722928972479	0.018561599999884493	epochs	3.0
4370.741490572479	0.018482700000276964	epochs	3.0
4370.759973272479	0.036731000000145286	epochs	2.0
4370.759973272479	0.018404299999929208	epochs	3.0
4370.778377572479	0.01832670000021608	epochs	3.0
4370.7967042724795	0.036422899999706715	epochs	2.0
4370.7967042724795	0.018249599999762722	epochs	3.0
4370.814953872479	0.018173299999943993	epochs	3.0
4370.833127172479	0.036120100000516686	epochs	2.0
4370.833127172479	0.018097600000146485	epochs	3.0
4370.851224772479	0.0180225000003702	epochs	3.0
4370.86924727248	0.03582209999967745	epochs	2.0
4370.86924727248	0.01794789999985369	epochs	3.0
4370.88719517248	0.01787419999982376	epochs	3.0
4370.905069372479	0.03552899999976944	epochs	2.0
4370.905069372479	0.017800800000259187	epochs	3.0
4370.92287017248	0.017728199999510252	epochs	3.0
4370.940598372479	0.03524070000003121	epochs	2.0
4370.940598372479	0.01765609999984008	epochs	3.0
4370.958254472479	0.01758460000019113	epochs	3.0
4370.975839072479	0.03495709999970131	epochs	2.0
4370.975839072479	0.01751369999965391	epochs	3.0
4370.993352772479	0.017443400000047404	epochs	3.0
4371.010796172479	0.03467790000013338	epochs	2.0
4371.010796172479	0.017373600000610168	epochs	3.0
4371.0281697724795	0.01730429999952321	epochs	3.0
4371.045474072479	0.03440330000012182	epochs	2.0
4371.045474072479	0.017235700000128418	epochs	3.0
4371.062709772479	0.0171675999999934	epochs	3.0
4371.079877372479	0.03413280000040686	epochs	2.0
4371.079877372479	0.017099900000175694	epochs	3.0
4371.096977272479	0.017032900000231166	epochs	3.0
4371.1140101724795	0.033866699999634875	epochs	2.0
4371.1140101724795	0.01696639999954641	epochs	3.0
4371.130976572479	0.016900300000088464	epochs	3.0
4371.147876872479	0.03360460000021703	epochs	2.0
4371.147876872479	0.016834799999742245	epochs	3.0
4371.164711672479	0.016769800000474788	epochs	3.0
4371.181481472479	0.0333466000001863	epochs	2.0
4371.181481472479	0.01670529999955761	epochs	3.0
4371.198186772479	0.01664130000062869	epochs	3.0
4371.21482807248	0.033092499999838765	epochs	2.0
4371.21482807248	0.016577800000050047	epochs	3.0
4371.23140587248	0.016514699999788718	epochs	3.0
4371.247920572479	0.032842300000083924	epochs	2.0
4371.247920572479	0.01645219999954861	epochs	3.0
4371.264372772479	0.016390100000535313	epochs	3.0
4371.2807628724795	0.03259569999954692	epochs	2.0
4371.2807628724795	0.016328400000020338	epochs	3.0
4371.2970912724795	0.016267299999526585	epochs	3.0
4371.313358572479	0.03235289999975066	epochs	2.0
4371.313358572479	0.01620660000025964	epochs	3.0
4371.329565172479	0.01614629999949102	epochs	3.0
4371.345711472479	0.032113700000081735	epochs	2.0
4371.345711472479	0.016086600000562612	epochs	3.0
4371.361798072479	0.016027099999519123	epochs	3.0
4371.377825172479	0.03187800000068819	epochs	2.0
4371.377825172479	0.015968200000315846	epochs	3.0
4371.393793372479	0.015909800000372343	epochs	3.0
4371.40970317248	0.03164569999989908	epochs	2.0
4371.40970317248	0.01585160000013275	epochs	3.0
4371.42555477248	0.01579409999976633	epochs	3.0
4371.4413488724795	0.03141669999968144	epochs	2.0
4371.4413488724795	0.015736700000161363	epochs	3.0
4371.45708557248	0.015679999999520078	epochs	3.0
4371.472765572479	0.03119109999988723	epochs	2.0
4371.472765572479	0.015623600000253646	epochs	3.0
4371.488389172479	0.015567499999633583	epochs	3.0
4371.503956672479	0.030968699999903038	epochs	2.0
4371.503956672479	0.015511999999944237	epochs	3.0
4371.519468672479	0.0154566999999588	epochs	3.0
4371.534925372479	0.030749500000638363	epochs	2.0
4371.534925372479	0.015401999999994587	epochs	3.0
4371.550327372479	0.015347500000643777	epochs	3.0
4371.56567487248	0.030533199999808858	epochs	2.0
4371.56567487248	0.01529339999979129	epochs	3.0
4371.580968272479	0.015239800000017567	epochs	3.0
4371.596208072479	0.03032009999969887	epochs	2.0
4371.596208072479	0.015186499999799707	epochs	3.0
4371.611394572479	0.015133599999899161	epochs	3.0
4371.626528172479	0.030109899999843037	epochs	2.0
4371.626528172479	0.015081000000463973	epochs	3.0
4371.64160917248	0.015028899999379064	epochs	3.0
4371.656638072479	0.02990250000038941	epochs	2.0
4371.656638072479	0.014977000000726548	epochs	3.0
4371.67161507248	0.014925499999662861	epochs	3.0
4371.686540572479	0.0296981000001324	epochs	2.0
4371.686540572479	0.014874399999825982	epochs	3.0
4371.701414972479	0.014823700000306417	epochs	3.0
4371.716238672479	0.02949629999966419	epochs	2.0
4371.716238672479	0.014773199999581266	epochs	3.0
4371.731011872479	0.014723100000082923	epochs	3.0
4371.745734972479	0.02929740000035963	epochs	2.0
4371.745734972479	0.014673399999992398	epochs	3.0
4371.760408372479	0.014624000000367232	epochs	3.0
4371.7750323724795	0.029101099999934377	epochs	2.0
4371.7750323724795	0.014574899999388435	epochs	3.0
4371.789607272479	0.014526200000545941	epochs	3.0
4371.804133472479	0.028907400000207417	epochs	2.0
4371.804133472479	0.014477699999588367	epochs	3.0
4371.818611172479	0.01442970000061905	epochs	3.0
4371.83304087248	0.028716199999507808	epochs	2.0
4371.83304087248	0.014381799999682698	epochs	3.0
4371.847422672479	0.01433439999982511	epochs	3.0
4371.861757072479	0.028527600000415987	epochs	2.0
4371.861757072479	0.014287200000580924	epochs	3.0
4371.87604427248	0.014240399999835063	epochs	3.0
4371.8902846724795	0.028341399999590067	epochs	2.0
4371.8902846724795	0.014193799999702605	epochs	3.0
4371.904478472479	0.014147599999887461	epochs	3.0
4371.918626072479	0.02815770000051998	epochs	2.0
4371.918626072479	0.014101700000537676	epochs	3.0
4371.93272777248	0.014055999999982305	epochs	3.0
4371.94678377248	0.02797629999986384	epochs	2.0
4371.94678377248	0.014010599999892293	epochs	3.0
4371.9607943724795	0.013965699999971548	epochs	3.0
4371.9747600724795	0.027797199999440636	epochs	2.0
4371.9747600724795	0.013920800000050804	epochs	3.0
4371.98868087248	0.013876399999389832	epochs	3.0
4372.002557272479	0.02762040000015986	epochs	2.0
4372.002557272479	0.01383220000025176	epochs	3.0
4372.016389472479	0.013788199999908102	epochs	3.0
4372.030177672479	0.027445900000202528	epochs	2.0
4372.030177672479	0.013744599999881757	epochs	3.0
4372.043922272479	0.01370130000032077	epochs	3.0
4372.057623572479	0.027273499999864725	epochs	2.0
4372.057623572479	0.0136581999995542	epochs	3.0
4372.071281772479	0.013615300000310526	epochs	3.0
4372.084897072479	0.02710339999975986	epochs	2.0
4372.084897072479	0.013572800000474672	epochs	3.0
4372.09846987248	0.013530599999285187	epochs	3.0
4372.112000472479	0.02693520000048011	epochs	2.0
4372.112000472479	0.01348839999991469	epochs	3.0
4372.125488872479	0.013446800000565418	epochs	3.0
4372.138935672479	0.02676919999976235	epochs	2.0
4372.138935672479	0.013405199999397155	epochs	3.0
4372.152340872479	0.013364000000365195	epochs	3.0
4372.165704872479	0.026605199999721663	epochs	2.0
4372.165704872479	0.013322900000275695	epochs	3.0
4372.1790277724795	0.013282299999445968	epochs	3.0
4372.192310072479	0.026443200000358047	epochs	2.0
4372.192310072479	0.01324170000043523	epochs	3.0
4372.205551772479	0.013201499999922817	epochs	3.0
4372.218753272479	0.026283199999852513	epochs	2.0
4372.218753272479	0.013161500000023807	epochs	3.0
4372.231914772479	0.013121699999828706	epochs	3.0
4372.245036472479	0.026125000000320142	epochs	2.0
4372.245036472479	0.01308210000024701	epochs	3.0
4372.258118572479	0.013042900000073132	epochs	3.0
4372.271161472479	0.025968899999497808	epochs	2.0
4372.271161472479	0.013003899999603163	epochs	3.0
4372.284165372479	0.012964999999894644	epochs	3.0
4372.297130372479	0.025814500000706175	epochs	2.0
4372.297130372479	0.012926400000651483	epochs	3.0
4372.31005677248	0.012888100000054692	epochs	3.0
4372.32294487248	0.025661899999249727	epochs	2.0
4372.32294487248	0.012849899999309855	epochs	3.0
4372.335794772479	0.012811999999939871	epochs	3.0
4372.348606772479	0.025511200000437384	epochs	2.0
4372.348606772479	0.012774400000125752	epochs	3.0
4372.361381172479	0.012736800000311632	epochs	3.0
4372.374117972479	0.02536229999986972	epochs	2.0
4372.374117972479	0.012699699999757286	epochs	3.0
4372.386817672479	0.012662600000112434	epochs	3.0
4372.399480272479	0.025214999999661813	epochs	2.0
4372.399480272479	0.012625800000023446	epochs	3.0
4372.412106072479	0.012589199999638367	epochs	3.0
4372.424695272479	0.024584800000411633	epochs	2.0
4372.448581272479	0.5	epochs	-1.0
4372.449280072479	0.999920000000202	epochs	1.0
4372.948581272479	0.5	epochs	-1.0
4375.018000125885	0.07528000000002066	epochs	0.0
4375.018000125885	0.032641400000102294	epochs	1.0
4375.050641525885	0.009997199999816075	epochs	1.0
4375.060638725885	0.032641400000102294	epochs	1.0
4375.093280125885	2.0	epochs	0.0
4377.093280125885	0.524239999999736	epochs	0.0
4377.093280125885	0.524239999999736	epochs	1.0
4377.093301325885	0.5	epochs	-1.0
4377.593301325885	0.024218800000198826	epochs	-1.0
4377.617520125885	21.475680000000466	epochs	0.0
4422.822999954224	0.07528000000002066	epochs	0.0
4422.822999954224	0.032641400000102294	epochs	1.0
4422.855641354224	0.009997199999816075	epochs	1.0
4422.865638554224	0.032641400000102294	epochs	1.0
4422.898279954224	2.0	epochs	0.0
4424.898279954224	0.22991999999976542	epochs	0.0
4424.898279954224	0.0500000000001819	epochs	1.0
4424.948279954224	0.010000000000218279	epochs	1.0
4424.958279954224	0.049999999999272404	epochs	1.0
4425.008279954223	0.010000000000218279	epochs	1.0
4425.0182799542235	0.0500000000001819	epochs	1.0
4425.068279954224	0.010000000000218279	epochs	1.0
4425.078279954224	0.049919999999474385	epochs	1.0
