onset	duration	nwb_table	treelevel
8.276000022888184	0.09999999999999964	epochs	0.0
8.276000022888184	0.04499999999999993	epochs	1.0
8.321000022888184	0.009999999999999787	epochs	1.0
8.331000022888183	0.04499999999999993	epochs	1.0
8.376000022888183	0.7049950000000003	epochs	0.0
8.376000022888183	0.5	epochs	-1.0
8.376000022888183	0.5	epochs	-1.0
8.376000022888183	0.5	epochs	1.0
8.876000022888183	0.0600000000000005	epochs	-1.0
8.876000022888183	0.025000000000000355	epochs	-1.0
8.876000022888183	0.025000000000000355	epochs	1.0
8.901000022888184	0.009999999999999787	epochs	-1.0
8.901000022888184	0.009999999999999787	epochs	1.0
8.911000022888183	0.025000000000000355	epochs	-1.0
8.911000022888183	0.025000000000000355	epochs	1.0
8.936000022888184	0.0600000000000005	epochs	-1.0
8.936000022888184	0.025000000000000355	epochs	-1.0
8.936000022888184	0.025000000000000355	epochs	1.0
8.961000022888184	0.009999999999999787	epochs	-1.0
8.961000022888184	0.009999999999999787	epochs	1.0
8.971000022888184	0.025000000000000355	epochs	-1.0
8.971000022888184	0.025000000000000355	epochs	1.0
8.996000022888184	0.05999999999999872	epochs	-1.0
8.996000022888184	0.02499999999999858	epochs	-1.0
8.996000022888184	0.02499999999999858	epochs	1.0
9.021000022888183	0.010000000000001563	epochs	-1.0
9.021000022888183	0.010000000000001563	epochs	1.0
9.031000022888184	0.02499999999999858	epochs	-1.0
9.031000022888184	0.02499999999999858	epochs	1.0
9.056000022888183	0.024995000000000545	epochs	1.0
285.9739999771118	0.10000000000002274	epochs	0.0
285.9739999771118	0.045000000000015916	epochs	1.0
286.01899997711183	0.009999999999990905	epochs	1.0
286.0289999771118	0.045000000000015916	epochs	1.0
286.07399997711184	0.7049949999999967	epochs	0.0
286.07399997711184	0.5	epochs	-1.0
286.07399997711184	0.5	epochs	1.0
286.57399997711184	0.060000000000002274	epochs	-1.0
286.57399997711184	0.024999999999977263	epochs	-1.0
286.57399997711184	0.024999999999977263	epochs	1.0
286.5989999771118	0.009999999999990905	epochs	-1.0
286.5989999771118	0.009999999999990905	epochs	1.0
286.6089999771118	0.025000000000034106	epochs	-1.0
286.6089999771118	0.025000000000034106	epochs	1.0
286.63399997711184	0.060000000000002274	epochs	-1.0
286.63399997711184	0.024999999999977263	epochs	-1.0
286.63399997711184	0.024999999999977263	epochs	1.0
286.6589999771118	0.009999999999990905	epochs	-1.0
286.6589999771118	0.009999999999990905	epochs	1.0
286.6689999771118	0.025000000000034106	epochs	-1.0
286.6689999771118	0.025000000000034106	epochs	1.0
286.69399997711184	0.05999999999994543	epochs	-1.0
286.69399997711184	0.024999999999977263	epochs	-1.0
286.69399997711184	0.024999999999977263	epochs	1.0
286.7189999771118	0.009999999999990905	epochs	-1.0
286.7189999771118	0.009999999999990905	epochs	1.0
286.7289999771118	0.024999999999977263	epochs	-1.0
286.7289999771118	0.024999999999977263	epochs	1.0
286.7539999771118	0.02499500000004673	epochs	1.0
390.55600023269653	0.10000000000002274	epochs	0.0
390.55600023269653	0.045000000000015916	epochs	1.0
390.60100023269655	0.009999999999990905	epochs	1.0
390.61100023269654	0.045000000000015916	epochs	1.0
390.65600023269656	61.384995	epochs	0.0
390.65600023269656	0.5	epochs	-1.0
390.65600023269656	0.5	epochs	-1.0
390.65600023269656	0.5	epochs	1.0
391.15600023269656	0.060000000000002274	epochs	-1.0
391.15600023269656	0.024999999999977263	epochs	-1.0
391.15600023269656	0.024999999999977263	epochs	1.0
391.18100023269653	0.009999999999990905	epochs	-1.0
391.18100023269653	0.009999999999990905	epochs	1.0
391.1910002326965	0.025000000000034106	epochs	-1.0
391.1910002326965	0.025000000000034106	epochs	1.0
391.21600023269656	0.060000000000002274	epochs	-1.0
391.21600023269656	0.024999999999977263	epochs	-1.0
391.21600023269656	0.024999999999977263	epochs	1.0
391.24100023269654	0.009999999999990905	epochs	-1.0
391.24100023269654	0.009999999999990905	epochs	1.0
391.2510002326965	0.025000000000034106	epochs	-1.0
391.2510002326965	0.025000000000034106	epochs	1.0
391.27600023269656	0.05999999999994543	epochs	-1.0
391.27600023269656	0.024999999999977263	epochs	-1.0
391.27600023269656	0.024999999999977263	epochs	1.0
391.30100023269654	0.009999999999990905	epochs	-1.0
391.30100023269654	0.009999999999990905	epochs	1.0
391.31100023269653	0.024999999999977263	epochs	-1.0
391.31100023269653	0.024999999999977263	epochs	1.0
391.3360002326965	60.0	epochs	1.0
451.3360002326965	0.5	epochs	-1.0
451.3360002326965	0.5	epochs	-1.0
451.3360002326965	0.5	epochs	1.0
451.8360002326965	0.06000000000005912	epochs	-1.0
451.8360002326965	0.025000000000034106	epochs	-1.0
451.8360002326965	0.025000000000034106	epochs	1.0
451.86100023269654	0.009999999999990905	epochs	-1.0
451.86100023269654	0.009999999999990905	epochs	1.0
451.87100023269653	0.025000000000034106	epochs	-1.0
451.87100023269653	0.025000000000034106	epochs	1.0
451.89600023269657	0.05999999999994543	epochs	-1.0
451.89600023269657	0.024999999999977263	epochs	-1.0
451.89600023269657	0.024999999999977263	epochs	1.0
451.92100023269654	0.009999999999990905	epochs	-1.0
451.92100023269654	0.009999999999990905	epochs	1.0
451.93100023269653	0.024999999999977263	epochs	-1.0
451.93100023269653	0.024999999999977263	epochs	1.0
451.9560002326965	0.060000000000002274	epochs	-1.0
451.9560002326965	0.025000000000034106	epochs	-1.0
451.9560002326965	0.025000000000034106	epochs	1.0
451.98100023269654	0.009999999999990905	epochs	-1.0
451.98100023269654	0.009999999999990905	epochs	1.0
451.99100023269654	0.024999999999977263	epochs	-1.0
451.99100023269654	0.024999999999977263	epochs	1.0
452.0160002326965	0.02499500000004673	epochs	1.0
480.04300022125244	0.10000000000002274	epochs	0.0
480.04300022125244	0.045000000000015916	epochs	1.0
480.08800022125246	0.009999999999990905	epochs	1.0
480.09800022125245	0.045000000000015916	epochs	1.0
480.14300022125246	0.7049949999999967	epochs	0.0
480.14300022125246	0.5	epochs	-1.0
480.14300022125246	0.5	epochs	-1.0
480.14300022125246	0.5	epochs	1.0
480.64300022125246	0.060000000000002274	epochs	-1.0
480.64300022125246	0.024999999999977263	epochs	-1.0
480.64300022125246	0.024999999999977263	epochs	1.0
480.66800022125244	0.009999999999990905	epochs	-1.0
480.66800022125244	0.009999999999990905	epochs	1.0
480.67800022125243	0.025000000000034106	epochs	-1.0
480.67800022125243	0.025000000000034106	epochs	1.0
480.70300022125247	0.060000000000002274	epochs	-1.0
480.70300022125247	0.024999999999977263	epochs	-1.0
480.70300022125247	0.024999999999977263	epochs	1.0
480.72800022125244	0.009999999999990905	epochs	-1.0
480.72800022125244	0.009999999999990905	epochs	1.0
480.73800022125243	0.025000000000034106	epochs	-1.0
480.73800022125243	0.025000000000034106	epochs	1.0
480.76300022125247	0.05999999999994543	epochs	-1.0
480.76300022125247	0.024999999999977263	epochs	-1.0
480.76300022125247	0.024999999999977263	epochs	1.0
480.78800022125245	0.009999999999990905	epochs	-1.0
480.78800022125245	0.009999999999990905	epochs	1.0
480.79800022125244	0.024999999999977263	epochs	-1.0
480.79800022125244	0.024999999999977263	epochs	1.0
480.8230002212524	0.02499500000004673	epochs	1.0
517.344000339508	0.09763999999995576	epochs	0.0
517.344000339508	0.04382080000004862	epochs	1.0
517.3878211395081	0.009998399999972207	epochs	1.0
517.3978195395081	0.043820799999934934	epochs	1.0
517.4416566395081	0.5	epochs	-1.0
517.4416566395081	0.5	epochs	-1.0
517.4416603395081	5.999979999999937	epochs	0.0
517.4416603395081	0.5	epochs	1.0
517.9416603395081	5.0	epochs	1.0
522.9416566395081	0.4999836999999161	epochs	-1.0
522.9416603395081	0.4999799999999368	epochs	1.0
527.469000339508	0.09763999999995576	epochs	0.0
527.469000339508	0.04382080000004862	epochs	1.0
527.5128211395081	0.009998399999972207	epochs	1.0
527.5228195395081	0.043820799999934934	epochs	1.0
527.5666566395081	0.5	epochs	-1.0
527.5666603395081	2.502179999999953	epochs	0.0
527.5666603395081	0.5	epochs	1.0
528.0666603395081	1.0	epochs	1.0
529.0666603395081	1.002179999999953	epochs	1.0
529.5666566395081	0.5	epochs	-1.0
530.068840339508	0.9977999999999838	epochs	0.0
530.3460001945496	0.09763999999995576	epochs	0.0
530.3460001945496	0.04382080000004862	epochs	1.0
530.3898209945496	0.009998399999972207	epochs	1.0
530.3998193945496	0.043820799999934934	epochs	1.0
530.4436564945496	0.5	epochs	-1.0
530.4436601945496	2.502279999999928	epochs	0.0
530.4436601945496	0.5	epochs	1.0
530.9436601945496	1.0	epochs	1.0
531.9436601945496	1.002279999999928	epochs	1.0
532.4436564945496	0.5	epochs	-1.0
532.9459401945495	0.9977000000000089	epochs	0.0
533.188000202179	0.09763999999995576	epochs	0.0
533.188000202179	0.04382080000004862	epochs	1.0
533.231821002179	0.009998399999972207	epochs	1.0
533.241819402179	0.043820799999934934	epochs	1.0
533.285656502179	0.5	epochs	-1.0
533.285660202179	2.502200000000016	epochs	0.0
533.285660202179	0.5	epochs	1.0
533.785660202179	1.0	epochs	1.0
534.785660202179	1.0022000000000162	epochs	1.0
535.285656502179	0.5	epochs	-1.0
535.787860202179	0.9977799999999206	epochs	0.0
536.0310001373291	0.09763999999995576	epochs	0.0
536.0310001373291	0.04382080000004862	epochs	1.0
536.0748209373292	0.009998399999972207	epochs	1.0
536.0848193373291	0.043820799999934934	epochs	1.0
536.1286564373291	0.5	epochs	-1.0
536.1286601373291	2.50315999999998	epochs	0.0
536.1286601373291	0.5	epochs	1.0
536.6286601373291	1.0	epochs	1.0
537.6286601373291	1.0031599999999798	epochs	1.0
538.1286564373291	0.5	epochs	-1.0
538.6318201373291	0.996819999999957	epochs	0.0
538.9040002822876	0.09763999999995576	epochs	0.0
538.9040002822876	0.04382080000004862	epochs	1.0
538.9478210822876	0.009998399999972207	epochs	1.0
538.9578194822876	0.043820799999934934	epochs	1.0
539.0016565822876	0.5	epochs	-1.0
539.0016602822876	2.5022199999999657	epochs	0.0
539.0016602822876	0.5	epochs	1.0
539.5016602822876	1.0	epochs	1.0
540.5016602822876	1.0022199999999657	epochs	1.0
541.0016565822876	0.5	epochs	-1.0
541.5038802822876	0.9977599999999711	epochs	0.0
541.7740001678467	0.6499800000000278	epochs	0.0
541.7740001678467	0.049999999999954525	epochs	1.0
541.8240001678466	0.5	epochs	1.0
542.3240001678466	0.09998000000007323	epochs	1.0
542.7270002365112	0.6499800000000278	epochs	0.0
542.7270002365112	0.049999999999954525	epochs	1.0
542.7770002365112	0.5	epochs	1.0
543.2770002365112	0.09998000000007323	epochs	1.0
543.6789999008179	0.6499800000000278	epochs	0.0
543.6789999008179	0.049999999999954525	epochs	1.0
543.7289999008178	0.5	epochs	1.0
544.2289999008178	0.09998000000007323	epochs	1.0
544.6480002403259	0.09763999999995576	epochs	0.0
544.6480002403259	0.04382080000004862	epochs	1.0
544.691821040326	0.009998399999972207	epochs	1.0
544.701819440326	0.043820799999934934	epochs	1.0
544.745656540326	0.5	epochs	-1.0
544.745660240326	3.522199999999998	epochs	0.0
544.745660240326	0.5	epochs	1.0
545.245660240326	1.0	epochs	1.0
546.245660240326	2.022199999999998	epochs	1.0
546.7456564403259	0.5	epochs	-1.0
547.2456564403259	0.5	epochs	-1.0
547.7456564403259	0.5	epochs	-1.0
548.267860240326	1.9777799999999388	epochs	0.0
549.8860001564026	0.09763999999995576	epochs	0.0
549.8860001564026	0.04382080000004862	epochs	1.0
549.9298209564026	0.009998399999972207	epochs	1.0
549.9398193564026	0.043820799999934934	epochs	1.0
549.9836564564026	0.5	epochs	-1.0
549.9836601564026	2.502179999999953	epochs	0.0
549.9836601564026	0.5	epochs	1.0
550.4836601564026	1.0	epochs	1.0
551.4836601564026	1.002179999999953	epochs	1.0
551.9836563564025	0.5	epochs	-1.0
552.4858401564026	2.997799999999984	epochs	0.0
555.1290001869202	0.09763999999995576	epochs	0.0
555.1290001869202	0.04382080000004862	epochs	1.0
555.1728209869202	0.009998399999972207	epochs	1.0
555.1828193869202	0.043820799999934934	epochs	1.0
555.2266564869202	0.5	epochs	-1.0
555.2266601869202	3.022199999999998	epochs	0.0
555.2266601869202	0.5	epochs	1.0
555.7266601869202	1.0	epochs	1.0
556.7266601869202	1.522199999999998	epochs	1.0
557.2266564869202	0.5	epochs	-1.0
557.7266564869202	0.5	epochs	-1.0
558.2488601869202	3.477779999999939	epochs	0.0
558.5680003166199	0.09763999999995576	epochs	0.0
558.5680003166199	0.04382080000004862	epochs	1.0
558.6118211166199	0.009998399999972207	epochs	1.0
558.6218195166199	0.043820799999934934	epochs	1.0
558.6656566166199	0.5	epochs	-1.0
558.6656603166199	2.502200000000016	epochs	0.0
558.6656603166199	0.5	epochs	1.0
559.1656603166199	1.0	epochs	1.0
560.1656603166199	1.0022000000000162	epochs	1.0
560.6656566166199	0.5	epochs	-1.0
561.1678603166199	3.9977799999999206	epochs	0.0
561.4920001029968	0.09763999999995576	epochs	0.0
561.4920001029968	0.04382080000004862	epochs	1.0
561.5358209029969	0.009998399999972207	epochs	1.0
561.5458193029968	0.043820799999934934	epochs	1.0
561.5896564029969	0.5	epochs	-1.0
561.5896601029968	0.5022599999999784	epochs	0.0
561.5896601029968	0.5	epochs	1.0
562.0896601029968	0.0022599999999783904	epochs	1.0
562.0919201029968	5.997719999999958	epochs	0.0
562.3540000915527	0.09763999999995576	epochs	0.0
562.3540000915527	0.04382080000004862	epochs	1.0
562.3978208915528	0.009998399999972207	epochs	1.0
562.4078192915528	0.043820799999934934	epochs	1.0
562.4516563915528	0.5	epochs	-1.0
562.4516600915528	2.502200000000016	epochs	0.0
562.4516600915528	0.5	epochs	1.0
562.9516600915528	1.0	epochs	1.0
563.9516600915528	1.0022000000000162	epochs	1.0
564.4516563915528	0.5	epochs	-1.0
564.9538600915528	3.9977799999999206	epochs	0.0
565.2369999885559	0.09763999999995576	epochs	0.0
565.2369999885559	0.04382080000004862	epochs	1.0
565.280820788556	0.009998399999972207	epochs	1.0
565.2908191885559	0.043820799999934934	epochs	1.0
565.334656288556	0.5	epochs	-1.0
565.3346599885559	2.502279999999928	epochs	0.0
565.3346599885559	0.5	epochs	1.0
565.8346599885559	1.0	epochs	1.0
566.8346599885559	1.002279999999928	epochs	1.0
567.334656288556	0.5	epochs	-1.0
567.8369399885559	3.997700000000009	epochs	0.0
568.143000125885	0.09763999999995576	epochs	0.0
568.143000125885	0.04382080000004862	epochs	1.0
568.1868209258851	0.009998399999972207	epochs	1.0
568.196819325885	0.043820799999934934	epochs	1.0
568.240656425885	0.5	epochs	-1.0
568.240660125885	2.502179999999953	epochs	0.0
568.240660125885	0.5	epochs	1.0
568.740660125885	1.0	epochs	1.0
569.740660125885	1.002179999999953	epochs	1.0
570.240656425885	0.5	epochs	-1.0
570.742840125885	3.997799999999984	epochs	0.0
571.045000076294	0.09763999999995576	epochs	0.0
571.045000076294	0.04382080000004862	epochs	1.0
571.088820876294	0.009998399999972207	epochs	1.0
571.098819276294	0.043820799999934934	epochs	1.0
571.142656376294	0.5	epochs	-1.0
571.142660076294	2.522199999999998	epochs	0.0
571.142660076294	0.5	epochs	1.0
571.642660076294	1.0	epochs	1.0
572.642660076294	1.022199999999998	epochs	1.0
573.142656376294	0.5	epochs	-1.0
573.664860076294	3.977779999999939	epochs	0.0
573.9800000190735	0.15297999999995682	epochs	0.0
573.9800000190735	0.049999999999954525	epochs	1.0
574.0300000190734	0.0030000000000427463	epochs	1.0
574.0330000190735	0.09997999999995955	epochs	1.0
574.4679999351501	0.15297999999995682	epochs	0.0
574.4679999351501	0.049999999999954525	epochs	1.0
574.5179999351501	0.0030000000000427463	epochs	1.0
574.5209999351501	0.09997999999995955	epochs	1.0
574.9260001182556	0.15297999999995682	epochs	0.0
574.9260001182556	0.049999999999954525	epochs	1.0
574.9760001182556	0.0030000000000427463	epochs	1.0
574.9790001182556	0.09997999999995955	epochs	1.0
575.3819999694824	0.15297999999995682	epochs	0.0
575.3819999694824	0.049999999999954525	epochs	1.0
575.4319999694824	0.0030000000000427463	epochs	1.0
575.4349999694824	0.09997999999995955	epochs	1.0
575.8359999656677	0.15297999999995682	epochs	0.0
575.8359999656677	0.049999999999954525	epochs	1.0
575.8859999656677	0.0030000000000427463	epochs	1.0
575.8889999656677	0.09997999999995955	epochs	1.0
576.3140001296997	0.15297999999995682	epochs	0.0
576.3140001296997	0.049999999999954525	epochs	1.0
576.3640001296997	0.0030000000000427463	epochs	1.0
576.3670001296997	0.09997999999995955	epochs	1.0
576.7769999504089	0.15297999999995682	epochs	0.0
576.7769999504089	0.049999999999954525	epochs	1.0
576.8269999504089	0.0030000000000427463	epochs	1.0
576.8299999504089	0.09997999999995955	epochs	1.0
577.2480001449585	0.15297999999995682	epochs	0.0
577.2480001449585	0.049999999999954525	epochs	1.0
577.2980001449585	0.0030000000000427463	epochs	1.0
577.3010001449585	0.09997999999995955	epochs	1.0
577.7430000305176	0.09763999999995576	epochs	0.0
577.7430000305176	0.04382080000004862	epochs	1.0
577.7868208305176	0.009998399999972207	epochs	1.0
577.7968192305176	0.043820799999934934	epochs	1.0
577.8406563305176	0.5	epochs	-1.0
577.8406600305176	1.5622200000000248	epochs	0.0
577.8406600305176	0.5	epochs	1.0
578.3406600305176	0.0029999999999290594	epochs	1.0
578.3436600305175	1.0592200000000958	epochs	1.0
578.8436563305175	0.5	epochs	-1.0
579.4028800305176	0.04075999999997748	epochs	0.0
579.9660000801086	0.09763999999995576	epochs	0.0
579.9660000801086	0.04382080000004862	epochs	1.0
580.0098208801087	0.009998399999972207	epochs	1.0
580.0198192801087	0.043820799999934934	epochs	1.0
580.0636563801087	0.5	epochs	-1.0
580.0636600801087	1.5421800000000303	epochs	0.0
580.0636600801087	0.5	epochs	1.0
580.5636600801087	0.0029999999999290594	epochs	1.0
580.5666600801086	1.0391800000001012	epochs	1.0
581.0666563801086	0.5	epochs	-1.0
581.6058400801087	0.06079999999997199	epochs	0.0
582.268000125885	0.09763999999995576	epochs	0.0
582.268000125885	0.04382080000004862	epochs	1.0
582.3118209258851	0.009998399999972207	epochs	1.0
582.321819325885	0.043820799999934934	epochs	1.0
582.365656425885	0.5	epochs	-1.0
582.365660125885	6.523059999999987	epochs	0.0
582.365660125885	0.5	epochs	1.0
582.865660125885	6.023059999999987	epochs	1.0
587.888860125885	0.9998600000000124	epochs	-1.0
587.888860125885	0.03994000000000142	epochs	-1.0
588.386336425885	0.5	epochs	-1.0
588.888720125885	12.97691999999995	epochs	0.0
589.3200001716614	0.09763999999995576	epochs	0.0
589.3200001716614	0.04382080000004862	epochs	1.0
589.3638209716614	0.009998399999972207	epochs	1.0
589.3738193716614	0.043820799999934934	epochs	1.0
589.4176564716614	0.5	epochs	-1.0
589.4176601716614	6.52207999999996	epochs	0.0
589.4176601716614	0.5	epochs	1.0
589.9176601716614	6.02207999999996	epochs	1.0
594.9398801716613	0.9998600000000124	epochs	-1.0
594.9398801716613	0.03996000000006461	epochs	-1.0
595.4373564716614	0.5	epochs	-1.0
595.9397401716614	12.977899999999977	epochs	0.0
596.2730002403259	0.09763999999995576	epochs	0.0
596.2730002403259	0.04382080000004862	epochs	1.0
596.316821040326	0.009998399999972207	epochs	1.0
596.326819440326	0.043820799999934934	epochs	1.0
596.370656540326	0.5	epochs	-1.0
596.370660240326	6.322099999999978	epochs	0.0
596.370660240326	0.5	epochs	1.0
596.870660240326	5.822099999999978	epochs	1.0
601.692920240326	0.9998399999999492	epochs	-1.0
601.692920240326	0.039859999999976026	epochs	-1.0
602.1903965403259	0.5	epochs	-1.0
602.6927602403259	13.17787999999996	epochs	0.0
626.0880002975464	0.09760000000005675	epochs	0.0
626.0880002975464	0.04380289999994602	epochs	1.0
626.1318031975463	0.009994200000051023	epochs	1.0
626.1417973975464	0.04380290000005971	epochs	1.0
626.1856802975464	2.0	epochs	0.0
628.1856565975464	0.5	epochs	-1.0
628.1856802975464	5.401839999999993	epochs	0.0
628.1856802975464	1.0	epochs	1.0
628.6856565975464	4.901863699999922	epochs	-1.0
629.1856802975464	4.401839999999993	epochs	1.0
629.1856802975464	4.356753900000058	epochs	-1.0
629.1856802975464	1.9745872000000873	epochs	2.0
629.1856802975464	1.0985622000000603	epochs	3.0
630.2842424975464	0.8760250000000269	epochs	3.0
631.1602674975464	1.352407499999913	epochs	2.0
631.1602674975464	0.7286354999999958	epochs	3.0
631.8889029975464	0.6237719999999172	epochs	3.0
632.5126749975464	1.0297592000000577	epochs	2.0
632.5126749975464	0.5453293000000485	epochs	3.0
633.0580042975464	0.4844299000000092	epochs	3.0
633.5424341975464	0.04508609999993496	epochs	2.0
633.5424341975464	0.04508609999993496	epochs	3.0
633.5875202975463	16.598080000000095	epochs	0.0
633.9500002861023	0.09760000000005675	epochs	0.0
633.9500002861023	0.04380289999994602	epochs	1.0
633.9938031861022	0.009994200000051023	epochs	1.0
634.0037973861023	0.04380290000005971	epochs	1.0
634.0476802861023	2.0	epochs	0.0
636.0476565861023	0.5	epochs	-1.0
636.0476802861023	21.501840000000016	epochs	0.0
636.0476802861023	1.0	epochs	1.0
636.5476565861023	19.998399999999947	epochs	-1.0
637.0476802861023	20.0	epochs	1.0
637.0476802861023	4.356753900000058	epochs	-1.0
637.0476802861023	1.9745872000000873	epochs	2.0
637.0476802861023	1.0985622000000603	epochs	3.0
638.1462424861023	0.8760250000000269	epochs	3.0
639.0222674861024	1.352407499999913	epochs	2.0
639.0222674861024	0.7286354999999958	epochs	3.0
639.7509029861023	0.6237719999999172	epochs	3.0
640.3746749861023	1.0297592000000577	epochs	2.0
640.3746749861023	0.5453293000000485	epochs	3.0
640.9200042861023	0.4844299000000092	epochs	3.0
641.4044341861023	0.8317862000000105	epochs	2.0
641.4044341861023	0.4357762999999295	epochs	3.0
641.8402104861023	0.39600990000008096	epochs	3.0
642.2362203861023	0.6977969999999232	epochs	2.0
642.2362203861023	0.3628982000000178	epochs	3.0
642.5991185861023	0.33489879999990535	epochs	3.0
642.9340173861023	0.601045699999986	epochs	2.0
642.9340173861023	0.3109123000000409	epochs	3.0
643.2449296861023	0.29013339999994514	epochs	3.0
643.5350630861022	0.5278859000000011	epochs	2.0
643.5350630861022	0.2719586000000618	epochs	3.0
643.8070216861023	0.25592729999993935	epochs	3.0
644.0629489861022	0.4706193000000667	epochs	2.0
644.0629489861022	0.2416813000000957	epochs	3.0
644.3046302861023	0.228937999999971	epochs	3.0
644.5335682861023	0.42457039999999324	epochs	2.0
644.5335682861023	0.21747140000002219	epochs	3.0
644.7510396861023	0.20709899999997106	epochs	3.0
644.9581386861023	0.3867354000000205	epochs	2.0
644.9581386861023	0.19767109999997956	epochs	3.0
645.1558097861023	0.18906430000004093	epochs	3.0
645.3448740861023	0.3550953000000163	epochs	2.0
645.3448740861023	0.18117589999997108	epochs	3.0
645.5260499861023	0.17391940000004524	epochs	3.0
645.6999693861023	0.3282431000000088	epochs	2.0
645.6999693861023	0.16722189999995862	epochs	3.0
645.8671912861023	0.16102120000005016	epochs	3.0
646.0282124861023	0.30516799999998057	epochs	2.0
646.0282124861023	0.15526389999990897	epochs	3.0
646.1834763861023	0.1499041000000716	epochs	3.0
646.3333804861023	0.28512530000000424	epochs	2.0
646.3333804861023	0.1449020999999675	epochs	3.0
646.4782825861023	0.14022320000003674	epochs	3.0
646.6185057861023	0.2675537999999733	epochs	2.0
646.6185057861023	0.1358368999999584	epochs	3.0
646.7543426861023	0.1317169000000149	epochs	3.0
646.8860595861023	0.2520229000000427	epochs	2.0
646.8860595861023	0.1278393000000051	epochs	3.0
647.0138988861023	0.12418360000003759	epochs	3.0
647.1380824861023	0.23819649999995818	epochs	2.0
647.1380824861023	0.12073109999994358	epochs	3.0
647.2588135861023	0.1174654000000146	epochs	3.0
647.3762789861023	0.2258087999999816	epochs	2.0
647.3762789861023	0.11437190000003739	epochs	3.0
647.4906508861023	0.11143689999994422	epochs	3.0
647.6020877861023	0.2146460000000161	epochs	2.0
647.6020877861023	0.10864890000004834	epochs	3.0
647.7107366861023	0.10599709999996776	epochs	3.0
647.8167337861023	0.20453499999996438	epochs	2.0
647.8167337861023	0.10347149999995509	epochs	3.0
647.9202052861023	0.1010635000000093	epochs	3.0
648.0212687861023	0.19533400000000256	epochs	2.0
648.0212687861023	0.09876510000003691	epochs	3.0
648.1200338861023	0.09656889999996565	epochs	3.0
648.2166027861023	0.18692529999998442	epochs	2.0
648.2166027861023	0.09446830000001682	epochs	3.0
648.3110710861023	0.09245699999996759	epochs	3.0
648.4035280861023	0.17921069999999872	epochs	2.0
648.4035280861023	0.0905296000000817	epochs	3.0
648.4940576861023	0.08868109999991702	epochs	3.0
648.5827387861023	0.17210770000008324	epochs	2.0
648.5827387861023	0.08690630000000965	epochs	3.0
648.6696450861023	0.08520140000007359	epochs	3.0
648.7548464861023	0.1655463999999256	epochs	2.0
648.7548464861023	0.08356189999994967	epochs	3.0
648.8384083861023	0.08198449999997592	epochs	3.0
648.9203928861023	0.15946710000002895	epochs	2.0
648.9203928861023	0.08046539999998004	epochs	3.0
649.0008582861022	0.07900170000004891	epochs	3.0
649.0798599861023	0.15381839999997737	epochs	2.0
649.0798599861023	0.07759009999995214	epochs	3.0
649.1574500861022	0.07622830000002523	epochs	3.0
649.2336783861023	0.14855640000007497	epochs	2.0
649.2336783861023	0.07491330000004837	epochs	3.0
649.3085916861023	0.0736431000000266	epochs	3.0
649.3822347861023	0.14364239999997608	epochs	2.0
649.3822347861023	0.07241499999997814	epochs	3.0
649.4546497861023	0.07122739999999794	epochs	3.0
649.5258771861023	0.13904309999998077	epochs	2.0
649.5258771861023	0.07007799999996678	epochs	3.0
649.5959551861023	0.06896510000001399	epochs	3.0
649.6649202861023	0.1347293000000036	epochs	2.0
649.6649202861023	0.0678871000000072	epochs	3.0
649.7328073861023	0.06684219999999641	epochs	3.0
649.7996495861023	0.1306752000000415	epochs	2.0
649.7996495861023	0.06582909999997355	epochs	3.0
649.8654786861023	0.06484610000006796	epochs	3.0
649.9303247861023	0.1268577999999252	epochs	2.0
649.9303247861023	0.06389199999989614	epochs	3.0
649.9942167861022	0.06296580000002905	epochs	3.0
650.0571825861023	0.12325720000001184	epochs	2.0
650.0571825861023	0.06206580000002759	epochs	3.0
650.1192483861023	0.06119139999998424	epochs	3.0
650.1804397861023	0.11985540000000583	epochs	2.0
650.1804397861023	0.060341099999959624	epochs	3.0
650.2407808861022	0.059514300000046205	epochs	3.0
650.3002951861023	0.11663620000001629	epochs	2.0
650.3002951861023	0.05870960000004288	epochs	3.0
650.3590047861023	0.057926599999973405	epochs	3.0
650.4169313861023	0.11358559999996487	epochs	2.0
650.4169313861023	0.05716419999998834	epochs	3.0
650.4740955861023	0.05642139999997653	epochs	3.0
650.5305169861023	0.11069050000003244	epochs	2.0
650.5305169861023	0.055697900000041045	epochs	3.0
650.5862148861023	0.0549925999999914	epochs	3.0
650.6412074861023	0.10793909999995321	epochs	2.0
650.6412074861023	0.05430490000003374	epochs	3.0
650.6955123861023	0.053634199999919474	epochs	3.0
650.7491465861023	0.10532150000005913	epochs	2.0
650.7491465861023	0.05298000000004777	epochs	3.0
650.8021265861023	0.052341500000011365	epochs	3.0
650.8544680861023	0.10282759999995505	epochs	2.0
650.8544680861023	0.05171810000001642	epochs	3.0
650.9061861861023	0.051109499999938635	epochs	3.0
650.9572956861023	0.10044909999999163	epochs	2.0
650.9572956861023	0.050514900000052876	epochs	3.0
651.0078105861023	0.049934199999938755	epochs	3.0
651.0577447861023	0.09817830000008598	epochs	2.0
651.0577447861023	0.04936659999998483	epochs	3.0
651.1071113861022	0.048811700000101155	epochs	3.0
651.1559230861023	0.09600779999993847	epochs	2.0
651.1559230861023	0.04826919999993606	epochs	3.0
651.2041922861023	0.04773860000000241	epochs	3.0
651.2519308861023	0.09393120000004274	epochs	2.0
651.2519308861023	0.04721949999998287	epochs	3.0
651.2991503861023	0.046711700000059864	epochs	3.0
651.3458620861023	0.09194259999992482	epochs	2.0
651.3458620861023	0.046214599999984785	epochs	3.0
651.3920766861023	0.04572799999994004	epochs	3.0
651.4378046861023	0.09003630000006524	epochs	2.0
651.4378046861023	0.04525150000006306	epochs	3.0
651.4830561861023	0.04478480000000218	epochs	3.0
651.5278409861023	0.08820760000003247	epochs	2.0
651.5278409861023	0.044327800000019124	epochs	3.0
651.5721687861023	0.04387980000001335	epochs	3.0
651.6160485861024	0.0864516999999978	epochs	2.0
651.6160485861024	0.04344099999991613	epochs	3.0
651.6594895861023	0.04301070000008167	epochs	3.0
651.7025002861023	0.08476429999996071	epochs	2.0
651.7025002861023	0.04258899999990717	epochs	3.0
651.7450892861023	0.04217530000005354	epochs	3.0
651.7872645861023	0.08314150000001064	epochs	2.0
651.7872645861023	0.04176970000003166	epochs	3.0
651.8290342861023	0.041371799999978975	epochs	3.0
651.8704060861023	0.08157970000002024	epochs	2.0
651.8704060861023	0.040981399999964196	epochs	3.0
651.9113874861023	0.04059830000005604	epochs	3.0
651.9519857861023	0.08007549999990715	epochs	2.0
651.9519857861023	0.04022229999998217	epochs	3.0
651.9922080861023	0.03985319999992498	epochs	3.0
652.0320612861022	0.07862570000008873	epochs	2.0
652.0320612861022	0.039490800000066884	epochs	3.0
652.0715520861023	0.039134900000021844	epochs	3.0
652.1106869861023	0.07722760000001472	epochs	2.0
652.1106869861023	0.03878539999993791	epochs	3.0
652.1494723861023	0.03844220000007681	epochs	3.0
652.1879145861024	0.07587819999992007	epochs	2.0
652.1879145861024	0.03810479999992822	epochs	3.0
652.2260193861023	0.03777339999999185	epochs	3.0
652.2637927861023	0.0745752000000266	epochs	2.0
652.2637927861023	0.03744770000002973	epochs	3.0
652.3012404861023	0.03712749999999687	epochs	3.0
652.3383679861023	0.07331629999998768	epochs	2.0
652.3383679861023	0.036812899999972615	epochs	3.0
652.3751808861023	0.03650340000001506	epochs	3.0
652.4116842861023	0.07209899999998015	epochs	2.0
652.4116842861023	0.03619909999997617	epochs	3.0
652.4478833861023	0.03589990000000398	epochs	3.0
652.4837832861023	0.07092169999998532	epochs	2.0
652.4837832861023	0.03560560000005353	epochs	3.0
652.5193888861023	0.035316099999931794	epochs	3.0
652.5547049861023	0.06978200000003199	epochs	2.0
652.5547049861023	0.03503120000004856	epochs	3.0
652.5897361861023	0.03475079999998343	epochs	3.0
652.6244869861023	0.06867859999999837	epochs	2.0
652.6244869861023	0.03447510000000875	epochs	3.0
652.6589620861023	0.03420349999998962	epochs	3.0
652.6931655861023	0.06760929999995824	epochs	2.0
652.6931655861023	0.033936199999970995	epochs	3.0
652.7271017861023	0.033673099999987244	epochs	3.0
652.7607748861022	0.06657290000009652	epochs	2.0
652.7607748861022	0.03341400000010708	epochs	3.0
652.7941888861023	0.033158899999989444	epochs	3.0
652.8273477861023	0.06556779999993978	epochs	2.0
652.8273477861023	0.032907700000009754	epochs	3.0
652.8602554861023	0.032660099999930026	epochs	3.0
652.8929155861023	0.06459259999996902	epochs	2.0
652.8929155861023	0.032416399999988244	epochs	3.0
652.9253319861023	0.03217619999998078	epochs	3.0
652.9575081861022	0.06364600000006249	epochs	2.0
652.9575081861022	0.031939600000100654	epochs	3.0
652.9894477861023	0.03170639999996183	epochs	3.0
653.0211541861023	0.0627266999999847	epochs	2.0
653.0211541861023	0.03147660000001906	epochs	3.0
653.0526307861023	0.03125009999996564	epochs	3.0
653.0838808861023	0.06183359999999993	epochs	2.0
653.0838808861023	0.031026900000028945	epochs	3.0
653.1149077861023	0.030806699999970988	epochs	3.0
653.1457144861023	0.06096560000003137	epochs	2.0
653.1457144861023	0.030589800000029754	epochs	3.0
653.1763042861023	0.030375800000001618	epochs	3.0
653.2066800861023	0.06012160000000222	epochs	2.0
653.2066800861023	0.03016489999993155	epochs	3.0
653.2368449861023	0.02995670000007067	epochs	3.0
653.2668016861023	0.05930069999999432	epochs	2.0
653.2668016861023	0.02975159999994048	epochs	3.0
653.2965532861023	0.02954910000005384	epochs	3.0
653.3261023861023	0.05850179999993088	epochs	2.0
653.3261023861023	0.02934940000000097	epochs	3.0
653.3554517861023	0.029152399999929912	epochs	3.0
653.3846041861023	0.057724200000052406	epochs	2.0
653.3846041861023	0.028957999999988715	epochs	3.0
653.4135621861022	0.02876620000006369	epochs	3.0
653.4423283861023	0.05696709999995164	epochs	2.0
653.4423283861023	0.028577000000041153	epochs	3.0
653.4709053861023	0.02839009999991049	epochs	3.0
653.4992954861023	0.056229500000085864	epochs	2.0
653.4992954861023	0.028205700000057732	epochs	3.0
653.5275011861023	0.028023800000028132	epochs	3.0
653.5555249861023	0.05551069999989977	epochs	2.0
653.5555249861023	0.027843999999959124	epochs	3.0
653.5833689861023	0.027666699999940647	epochs	3.0
653.6110356861022	0.054810200000019904	epochs	2.0
653.6110356861022	0.02749149999999645	epochs	3.0
653.6385271861022	0.027318700000023455	epochs	3.0
653.6658458861023	0.05412699999999404	epochs	2.0
653.6658458861023	0.02714780000007977	epochs	3.0
653.6929936861023	0.026979199999914272	epochs	3.0
653.7199728861023	0.0534607000000733	epochs	2.0
653.7199728861023	0.026812600000084785	epochs	3.0
653.7467854861023	0.026648099999988517	epochs	3.0
653.7734335861023	0.05281070000000909	epochs	2.0
653.7734335861023	0.026485600000000886	epochs	3.0
653.7999191861023	0.026325100000008206	epochs	3.0
653.8262442861023	0.05217619999996259	epochs	2.0
653.8262442861023	0.026166399999965506	epochs	3.0
653.8524106861023	0.026009799999997085	epochs	3.0
653.8784204861023	0.051556699999991906	epochs	2.0
653.8784204861023	0.025854800000047362	epochs	3.0
653.9042752861023	0.025701899999944544	epochs	3.0
653.9299771861023	0.05095189999997274	epochs	2.0
653.9299771861023	0.02555070000005344	epochs	3.0
653.9555278861023	0.0254011999999193	epochs	3.0
653.9809290861023	0.05036100000006627	epochs	2.0
653.9809290861023	0.0252535000000762	epochs	3.0
654.0061825861023	0.02510749999999007	epochs	3.0
654.0312900861023	0.049783800000000156	epochs	2.0
654.0312900861023	0.02496320000000196	epochs	3.0
654.0562532861023	0.024820599999998194	epochs	3.0
654.0810738861023	0.04921949999993558	epochs	2.0
654.0810738861023	0.024679399999968155	epochs	3.0
654.1057532861023	0.024540099999967424	epochs	3.0
654.1302933861023	0.04866790000005494	epochs	2.0
654.1302933861023	0.02440209999997478	epochs	3.0
654.1546954861022	0.024265800000080162	epochs	3.0
654.1789612861023	0.048128599999927246	epochs	2.0
654.1789612861023	0.024131000000011227	epochs	3.0
654.2030922861023	0.02399759999991602	epochs	3.0
654.2270898861022	0.047601100000065344	epochs	2.0
654.2270898861022	0.023865800000066884	epochs	3.0
654.2509556861023	0.02373529999999846	epochs	3.0
654.2746909861023	0.04708499999992455	epochs	2.0
654.2746909861023	0.023606299999983094	epochs	3.0
654.2982972861023	0.023478699999941455	epochs	3.0
654.3217759861022	0.04658000000006268	epochs	2.0
654.3217759861022	0.023352500000100918	epochs	3.0
654.3451284861023	0.023227499999961765	epochs	3.0
654.3683559861023	0.04608569999993506	epochs	2.0
654.3683559861023	0.023103999999989355	epochs	3.0
654.3914599861023	0.022981699999945704	epochs	3.0
654.4144416861022	0.0456018000000995	epochs	2.0
654.4144416861022	0.022860700000023826	epochs	3.0
654.4373023861023	0.022741100000075676	epochs	3.0
654.4600434861023	0.04512790000001132	epochs	2.0
654.4600434861023	0.022622500000011314	epochs	3.0
654.4826659861023	0.02250540000000001	epochs	3.0
654.5051713861023	0.044663799999966614	epochs	2.0
654.5051713861023	0.02238929999998618	epochs	3.0
654.5275606861023	0.022274499999980435	epochs	3.0
654.5498351861023	0.04420919999995476	epochs	2.0
654.5498351861023	0.022160799999937808	epochs	3.0
654.5719959861023	0.022048400000016954	epochs	3.0
654.5940443861023	0.043763600000033875	epochs	2.0
654.5940443861023	0.021936900000014248	epochs	3.0
654.6159812861023	0.021826700000019628	epochs	3.0
654.6378079861023	0.04332709999994222	epochs	2.0
654.6378079861023	0.021717599999988124	epochs	3.0
654.6595255861023	0.021609499999954096	epochs	3.0
654.6811350861022	0.04289900000003399	epochs	2.0
654.6811350861022	0.02150249999999687	epochs	3.0
654.7026375861022	0.021396500000037122	epochs	3.0
654.7240340861023	0.042479500000013104	epochs	2.0
654.7240340861023	0.02129170000000613	epochs	3.0
654.7453257861023	0.021187800000006973	epochs	3.0
654.7665135861023	0.042067900000006375	epochs	2.0
654.7665135861023	0.02108490000000529	epochs	3.0
654.7875984861023	0.020983000000001084	epochs	3.0
654.8085814861023	0.04166439999994509	epochs	2.0
654.8085814861023	0.020882199999959994	epochs	3.0
654.8294636861023	0.020782199999985096	epochs	3.0
654.8502458861022	0.04126850000000104	epochs	2.0
654.8502458861022	0.020683300000087	epochs	3.0
654.8709291861023	0.02058519999991404	epochs	3.0
654.8915143861022	0.04088000000001557	epochs	2.0
654.8915143861022	0.020488100000079612	epochs	3.0
654.9120024861023	0.02039189999993596	epochs	3.0
654.9323943861023	0.04049880000002304	epochs	2.0
654.9323943861023	0.020296600000051512	epochs	3.0
654.9526909861023	0.020202199999971526	epochs	3.0
654.9728931861023	0.04012460000001283	epochs	2.0
654.9728931861023	0.02010870000003706	epochs	3.0
654.9930018861023	0.020015899999975773	epochs	3.0
655.0130177861023	0.03975730000001931	epochs	2.0
655.0130177861023	0.019924199999991288	epochs	3.0
655.0329419861023	0.019833100000028026	epochs	3.0
655.0527750861023	0.03939669999999751	epochs	2.0
655.0527750861023	0.01974299999994855	epochs	3.0
655.0725180861023	0.019653700000048957	epochs	3.0
655.0921717861023	0.03904239999997117	epochs	2.0
655.0921717861023	0.01956510000002254	epochs	3.0
655.1117368861023	0.019477299999948627	epochs	3.0
655.1312141861023	0.03869459999998526	epochs	2.0
655.1312141861023	0.019390400000020236	epochs	3.0
655.1506045861023	0.01930419999996502	epochs	3.0
655.1699087861023	0.03835290000006353	epochs	2.0
655.1699087861023	0.019218799999976	epochs	3.0
655.1891275861022	0.01913410000008753	epochs	3.0
655.2082616861023	0.03801720000001296	epochs	2.0
655.2082616861023	0.01905019999992419	epochs	3.0
655.2273118861023	0.018967000000088774	epochs	3.0
655.2462788861023	0.03768719999993664	epochs	2.0
655.2462788861023	0.018884499999899163	epochs	3.0
655.2651633861022	0.018802700000037476	epochs	3.0
655.2839660861023	0.03736309999999321	epochs	2.0
655.2839660861023	0.018721700000014607	epochs	3.0
655.3026877861023	0.018641399999978603	epochs	3.0
655.3213291861023	0.03704430000004777	epochs	2.0
655.3213291861023	0.01856159999999818	epochs	3.0
655.3398907861023	0.01848270000004959	epochs	3.0
655.3583734861023	0.03673099999991791	epochs	2.0
655.3583734861023	0.018404299999929208	epochs	3.0
655.3767777861023	0.018326699999988705	epochs	3.0
655.3951044861022	0.036422900000047775	epochs	2.0
655.3951044861022	0.018249600000103783	epochs	3.0
655.4133540861023	0.018173299999943993	epochs	3.0
655.4315273861023	0.03612010000006194	epochs	2.0
655.4315273861023	0.0180976000000328	epochs	3.0
655.4496249861023	0.01802250000002914	epochs	3.0
655.4676474861024	0.03582209999990482	epochs	2.0
655.4676474861024	0.017947899999967376	epochs	3.0
655.4855953861023	0.017874199999937446	epochs	3.0
655.5034695861023	0.03552899999999681	epochs	2.0
655.5034695861023	0.017800800000031813	epochs	3.0
655.5212703861023	0.017728199999965	epochs	3.0
655.5389985861023	0.03524070000003121	epochs	2.0
655.5389985861023	0.017656100000067454	epochs	3.0
655.5566546861023	0.017584599999963757	epochs	3.0
655.5742392861023	0.034957100000042374	epochs	2.0
655.5742392861023	0.01751369999999497	epochs	3.0
655.5917529861023	0.017443400000047404	epochs	3.0
655.6091963861023	0.03467790000001969	epochs	2.0
655.6091963861023	0.017373599999928047	epochs	3.0
655.6265699861023	0.017304300000091644	epochs	3.0
655.6438742861023	0.03440329999989444	epochs	2.0
655.6438742861023	0.017235699999901044	epochs	3.0
655.6611099861022	0.0171675999999934	epochs	3.0
655.6782775861022	0.0341328000000658	epochs	2.0
655.6782775861022	0.017099900000062007	epochs	3.0
655.6953774861023	0.017032900000003792	epochs	3.0
655.7124103861023	0.033866699999975935	epochs	2.0
655.7124103861023	0.01696640000000116	epochs	3.0
655.7293767861023	0.016900299999974777	epochs	3.0
655.7462770861023	0.03360459999998966	epochs	2.0
655.7462770861023	0.01683479999996962	epochs	3.0
655.7631118861023	0.01676980000002004	epochs	3.0
655.7798816861023	0.03334660000007261	epochs	2.0
655.7798816861023	0.016705300000012357	epochs	3.0
655.7965869861023	0.016641300000060255	epochs	3.0
655.8132282861023	0.03309249999995245	epochs	2.0
655.8132282861023	0.01657779999993636	epochs	3.0
655.8298060861023	0.01651470000001609	epochs	3.0
655.8463207861023	0.03284229999997024	epochs	2.0
655.8463207861023	0.01645220000000336	epochs	3.0
655.8627729861023	0.01639009999996688	epochs	3.0
655.8791630861023	0.03259570000000167	epochs	2.0
655.8791630861023	0.016328400000020338	epochs	3.0
655.8954914861023	0.016267299999981333	epochs	3.0
655.9117587861023	0.032352899999978035	epochs	2.0
655.9117587861023	0.016206600000032267	epochs	3.0
655.9279653861023	0.016146299999945768	epochs	3.0
655.9441116861022	0.032113700000081735	epochs	2.0
655.9441116861022	0.016086599999994178	epochs	3.0
655.9601982861022	0.016027100000087557	epochs	3.0
655.9762253861023	0.03187800000000607	epochs	2.0
655.9762253861023	0.015968199999974786	epochs	3.0
655.9921935861023	0.015909800000031282	epochs	3.0
656.0081033861023	0.031645700000012766	epochs	2.0
656.0081033861023	0.01585160000001906	epochs	3.0
656.0239549861024	0.015794099999993705	epochs	3.0
656.0397490861023	0.031416699999908815	epochs	2.0
656.0397490861023	0.01573669999993399	epochs	3.0
656.0554857861023	0.015679999999974825	epochs	3.0
656.0711657861023	0.031191100000000915	epochs	2.0
656.0711657861023	0.015623600000026272	epochs	3.0
656.0867893861023	0.015567499999974643	epochs	3.0
656.1023568861023	0.030968700000016725	epochs	2.0
656.1023568861023	0.015512000000057924	epochs	3.0
656.1178688861023	0.0154566999999588	epochs	3.0
656.1333255861023	0.03074950000006993	epochs	2.0
656.1333255861023	0.015401999999994587	epochs	3.0
656.1487275861023	0.015347500000075343	epochs	3.0
656.1640750861023	0.030533199999922545	epochs	2.0
656.1640750861023	0.015293399999904977	epochs	3.0
656.1793684861022	0.015239800000017567	epochs	3.0
656.1946082861023	0.03032010000003993	epochs	2.0
656.1946082861023	0.015186500000027081	epochs	3.0
656.2097947861023	0.015133600000012848	epochs	3.0
656.2249283861023	0.030109899999956724	epochs	2.0
656.2249283861023	0.015081000000009226	epochs	3.0
656.2400093861023	0.015028899999947498	epochs	3.0
656.2550382861023	0.02990250000004835	epochs	2.0
656.2550382861023	0.014977000000044427	epochs	3.0
656.2700152861023	0.014925500000003922	epochs	3.0
656.2849407861023	0.029698100000018712	epochs	2.0
656.2849407861023	0.01487439999993967	epochs	3.0
656.2998151861023	0.014823700000079043	epochs	3.0
656.3146388861023	0.02949630000000525	epochs	2.0
656.3146388861023	0.014773199999922326	epochs	3.0
656.3294120861023	0.014723100000082923	epochs	3.0
656.3441351861023	0.02929740000001857	epochs	2.0
656.3441351861023	0.014673399999992398	epochs	3.0
656.3588085861023	0.014624000000026172	epochs	3.0
656.3734325861024	0.029101099999934377	epochs	2.0
656.3734325861024	0.01457489999995687	epochs	3.0
656.3880074861023	0.014526199999977507	epochs	3.0
656.4025336861023	0.028907399999980044	epochs	2.0
656.4025336861023	0.014477700000043114	epochs	3.0
656.4170113861023	0.014429699999936929	epochs	3.0
656.4314410861023	0.028716200000076242	epochs	2.0
656.4314410861023	0.014381800000023759	epochs	3.0
656.4458228861023	0.014334400000052483	epochs	3.0
656.4601572861023	0.02852759999996124	epochs	2.0
656.4601572861023	0.014287199999898803	epochs	3.0
656.4744444861022	0.014240400000062436	epochs	3.0
656.4886848861023	0.028341399999931127	epochs	2.0
656.4886848861023	0.014193800000043666	epochs	3.0
656.5028786861023	0.014147599999887461	epochs	3.0
656.5170262861022	0.028157700000065233	epochs	2.0
656.5170262861022	0.014101700000082928	epochs	3.0
656.5311279861023	0.014055999999982305	epochs	3.0
656.5451839861023	0.027976299999977527	epochs	2.0
656.5451839861023	0.01401060000000598	epochs	3.0
656.5591945861023	0.013965699999971548	epochs	3.0
656.5731602861023	0.02779720000000907	epochs	2.0
656.5731602861023	0.013920800000050804	epochs	3.0
656.5870810861023	0.013876399999958267	epochs	3.0
656.6009574861023	0.027620400000046175	epochs	2.0
656.6009574861023	0.013832200000024386	epochs	3.0
656.6147896861023	0.013788200000021789	epochs	3.0
656.6285778861023	0.027445899999975154	epochs	2.0
656.6285778861023	0.013744599999995444	epochs	3.0
656.6423224861023	0.01370129999997971	epochs	3.0
656.6560237861023	0.027273499999978412	epochs	2.0
656.6560237861023	0.013658200000008947	epochs	3.0
656.6696819861023	0.013615299999969466	epochs	3.0
656.6832972861023	0.027103399999987232	epochs	2.0
656.6832972861023	0.013572800000019924	epochs	3.0
656.6968700861023	0.013530599999967308	epochs	3.0
656.7104006861023	0.02693520000002536	epochs	2.0
656.7104006861023	0.013488400000028378	epochs	3.0
656.7238890861023	0.013446799999996983	epochs	3.0
656.7373358861023	0.026769199999989723	epochs	2.0
656.7373358861023	0.013405199999965589	epochs	3.0
656.7507410861023	0.013364000000024134	epochs	3.0
656.7641050861023	0.026605199999949036	epochs	2.0
656.7641050861023	0.013322900000048321	epochs	3.0
656.7774279861023	0.013282299999900715	epochs	3.0
656.7907102861022	0.026443200000016986	epochs	2.0
656.7907102861022	0.01324170000009417	epochs	3.0
656.8039519861023	0.013201499999922817	epochs	3.0
656.8171534861023	0.026283200000079887	epochs	2.0
656.8171534861023	0.013161500000023807	epochs	3.0
656.8303149861023	0.01312170000005608	epochs	3.0
656.8434366861023	0.02612499999997908	epochs	2.0
656.8434366861023	0.01308209999990595	epochs	3.0
656.8565187861022	0.013042900000073132	epochs	3.0
656.8695616861023	0.025968899999952555	epochs	2.0
656.8695616861023	0.013003899999944224	epochs	3.0
656.8825655861023	0.012965000000008331	epochs	3.0
656.8955305861023	0.025814500000024054	epochs	2.0
656.8955305861023	0.012926399999969362	epochs	3.0
656.9084569861022	0.012888100000054692	epochs	3.0
656.9213450861023	0.025661900000045534	epochs	2.0
656.9213450861023	0.012849899999991976	epochs	3.0
656.9341949861023	0.012812000000053558	epochs	3.0
656.9470069861023	0.025511199999982637	epochs	2.0
656.9470069861023	0.012774400000012065	epochs	3.0
656.9597813861023	0.012736799999970572	epochs	3.0
656.9725181861023	0.025362299999983406	epochs	2.0
656.9725181861023	0.01269969999998466	epochs	3.0
656.9852178861023	0.012662599999998747	epochs	3.0
656.9978804861023	0.025215000000002874	epochs	2.0
656.9978804861023	0.012625800000023446	epochs	3.0
657.0105062861023	0.012589199999979428	epochs	3.0
657.0230954861023	0.024584799999956886	epochs	2.0
657.0460565861023	0.5	epochs	-1.0
657.0476802861023	0.5018400000000156	epochs	1.0
657.5495202861023	0.4980800000000727	epochs	0.0
657.9530000686646	0.09760000000005675	epochs	0.0
657.9530000686646	0.04380289999994602	epochs	1.0
657.9968029686645	0.009994200000051023	epochs	1.0
658.0067971686645	0.04380290000005971	epochs	1.0
658.0506800686645	2.0	epochs	0.0
660.0506563686646	0.5	epochs	-1.0
660.0506800686645	21.99992000000009	epochs	0.0
660.0506800686645	1.0	epochs	1.0
660.5506563686646	19.998399999999947	epochs	-1.0
661.0506800686645	20.0	epochs	1.0
661.0506800686645	4.356753900000058	epochs	-1.0
661.0506800686645	1.9745872000000873	epochs	2.0
661.0506800686645	1.0985622000000603	epochs	3.0
662.1492422686646	0.8760250000000269	epochs	3.0
663.0252672686646	1.352407499999913	epochs	2.0
663.0252672686646	0.7286354999999958	epochs	3.0
663.7539027686646	0.6237719999999172	epochs	3.0
664.3776747686645	1.0297592000000577	epochs	2.0
664.3776747686645	0.5453293000000485	epochs	3.0
664.9230040686646	0.4844299000000092	epochs	3.0
665.4074339686646	0.8317862000000105	epochs	2.0
665.4074339686646	0.4357762999999295	epochs	3.0
665.8432102686645	0.39600990000008096	epochs	3.0
666.2392201686646	0.6977969999999232	epochs	2.0
666.2392201686646	0.3628982000000178	epochs	3.0
666.6021183686646	0.33489879999990535	epochs	3.0
666.9370171686645	0.601045699999986	epochs	2.0
666.9370171686645	0.3109123000000409	epochs	3.0
667.2479294686646	0.29013339999994514	epochs	3.0
667.5380628686645	0.5278859000000011	epochs	2.0
667.5380628686645	0.2719586000000618	epochs	3.0
667.8100214686646	0.25592729999993935	epochs	3.0
668.0659487686645	0.4706193000000667	epochs	2.0
668.0659487686645	0.2416813000000957	epochs	3.0
668.3076300686646	0.228937999999971	epochs	3.0
668.5365680686646	0.42457039999999324	epochs	2.0
668.5365680686646	0.21747140000002219	epochs	3.0
668.7540394686646	0.20709899999997106	epochs	3.0
668.9611384686646	0.3867354000000205	epochs	2.0
668.9611384686646	0.19767109999997956	epochs	3.0
669.1588095686645	0.18906430000004093	epochs	3.0
669.3478738686646	0.3550953000000163	epochs	2.0
669.3478738686646	0.18117589999997108	epochs	3.0
669.5290497686645	0.17391940000004524	epochs	3.0
669.7029691686646	0.3282431000000088	epochs	2.0
669.7029691686646	0.16722189999995862	epochs	3.0
669.8701910686646	0.16102120000005016	epochs	3.0
670.0312122686646	0.30516799999998057	epochs	2.0
670.0312122686646	0.15526389999990897	epochs	3.0
670.1864761686645	0.1499041000000716	epochs	3.0
670.3363802686646	0.28512530000000424	epochs	2.0
670.3363802686646	0.1449020999999675	epochs	3.0
670.4812823686646	0.14022320000003674	epochs	3.0
670.6215055686646	0.2675537999999733	epochs	2.0
670.6215055686646	0.1358368999999584	epochs	3.0
670.7573424686645	0.1317169000000149	epochs	3.0
670.8890593686646	0.2520229000000427	epochs	2.0
670.8890593686646	0.1278393000000051	epochs	3.0
671.0168986686646	0.12418360000003759	epochs	3.0
671.1410822686646	0.23819649999995818	epochs	2.0
671.1410822686646	0.12073109999994358	epochs	3.0
671.2618133686645	0.1174654000000146	epochs	3.0
671.3792787686646	0.2258087999999816	epochs	2.0
671.3792787686646	0.11437190000003739	epochs	3.0
671.4936506686646	0.11143689999994422	epochs	3.0
671.6050875686645	0.2146460000000161	epochs	2.0
671.6050875686645	0.10864890000004834	epochs	3.0
671.7137364686646	0.10599709999996776	epochs	3.0
671.8197335686646	0.20453499999996438	epochs	2.0
671.8197335686646	0.10347149999995509	epochs	3.0
671.9232050686645	0.1010635000000093	epochs	3.0
672.0242685686645	0.19533400000000256	epochs	2.0
672.0242685686645	0.09876510000003691	epochs	3.0
672.1230336686646	0.09656889999996565	epochs	3.0
672.2196025686645	0.18692529999998442	epochs	2.0
672.2196025686645	0.09446830000001682	epochs	3.0
672.3140708686645	0.09245699999996759	epochs	3.0
672.4065278686645	0.17921069999999872	epochs	2.0
672.4065278686645	0.0905296000000817	epochs	3.0
672.4970574686646	0.08868109999991702	epochs	3.0
672.5857385686645	0.17210770000008324	epochs	2.0
672.5857385686645	0.08690630000000965	epochs	3.0
672.6726448686645	0.08520140000007359	epochs	3.0
672.7578462686646	0.1655463999999256	epochs	2.0
672.7578462686646	0.08356189999994967	epochs	3.0
672.8414081686645	0.08198449999997592	epochs	3.0
672.9233926686645	0.15946710000002895	epochs	2.0
672.9233926686645	0.08046539999998004	epochs	3.0
673.0038580686645	0.07900170000004891	epochs	3.0
673.0828597686645	0.15381839999997737	epochs	2.0
673.0828597686645	0.07759009999995214	epochs	3.0
673.1604498686645	0.07622830000002523	epochs	3.0
673.2366781686645	0.14855640000007497	epochs	2.0
673.2366781686645	0.07491330000004837	epochs	3.0
673.3115914686646	0.0736431000000266	epochs	3.0
673.3852345686646	0.14364239999997608	epochs	2.0
673.3852345686646	0.07241499999997814	epochs	3.0
673.4576495686646	0.07122739999999794	epochs	3.0
673.5288769686646	0.13904309999998077	epochs	2.0
673.5288769686646	0.07007799999996678	epochs	3.0
673.5989549686645	0.06896510000001399	epochs	3.0
673.6679200686646	0.1347293000000036	epochs	2.0
673.6679200686646	0.0678871000000072	epochs	3.0
673.7358071686646	0.06684219999999641	epochs	3.0
673.8026493686646	0.1306752000000415	epochs	2.0
673.8026493686646	0.06582909999997355	epochs	3.0
673.8684784686645	0.06484610000006796	epochs	3.0
673.9333245686646	0.1268577999999252	epochs	2.0
673.9333245686646	0.06389199999989614	epochs	3.0
673.9972165686645	0.06296580000002905	epochs	3.0
674.0601823686645	0.12325720000001184	epochs	2.0
674.0601823686645	0.06206580000002759	epochs	3.0
674.1222481686646	0.06119139999998424	epochs	3.0
674.1834395686645	0.11985540000000583	epochs	2.0
674.1834395686645	0.060341099999959624	epochs	3.0
674.2437806686645	0.059514300000046205	epochs	3.0
674.3032949686645	0.11663620000001629	epochs	2.0
674.3032949686645	0.05870960000004288	epochs	3.0
674.3620045686646	0.057926599999973405	epochs	3.0
674.4199311686646	0.11358559999996487	epochs	2.0
674.4199311686646	0.05716419999998834	epochs	3.0
674.4770953686645	0.05642139999997653	epochs	3.0
674.5335167686645	0.11069050000003244	epochs	2.0
674.5335167686645	0.055697900000041045	epochs	3.0
674.5892146686646	0.0549925999999914	epochs	3.0
674.6442072686646	0.10793909999995321	epochs	2.0
674.6442072686646	0.05430490000003374	epochs	3.0
674.6985121686646	0.053634199999919474	epochs	3.0
674.7521463686645	0.10532150000005913	epochs	2.0
674.7521463686645	0.05298000000004777	epochs	3.0
674.8051263686646	0.052341500000011365	epochs	3.0
674.8574678686646	0.10282759999995505	epochs	2.0
674.8574678686646	0.05171810000001642	epochs	3.0
674.9091859686646	0.051109499999938635	epochs	3.0
674.9602954686645	0.10044909999999163	epochs	2.0
674.9602954686645	0.050514900000052876	epochs	3.0
675.0108103686646	0.049934199999938755	epochs	3.0
675.0607445686645	0.09817830000008598	epochs	2.0
675.0607445686645	0.04936659999998483	epochs	3.0
675.1101111686645	0.048811700000101155	epochs	3.0
675.1589228686646	0.09600779999993847	epochs	2.0
675.1589228686646	0.04826919999993606	epochs	3.0
675.2071920686645	0.04773860000000241	epochs	3.0
675.2549306686645	0.09393120000004274	epochs	2.0
675.2549306686645	0.04721949999998287	epochs	3.0
675.3021501686645	0.046711700000059864	epochs	3.0
675.3488618686646	0.09194259999992482	epochs	2.0
675.3488618686646	0.046214599999984785	epochs	3.0
675.3950764686646	0.04572799999994004	epochs	3.0
675.4408044686645	0.09003630000006524	epochs	2.0
675.4408044686645	0.04525150000006306	epochs	3.0
675.4860559686646	0.04478480000000218	epochs	3.0
675.5308407686646	0.08820760000003247	epochs	2.0
675.5308407686646	0.044327800000019124	epochs	3.0
675.5751685686646	0.04387980000001335	epochs	3.0
675.6190483686646	0.0864516999999978	epochs	2.0
675.6190483686646	0.04344099999991613	epochs	3.0
675.6624893686645	0.04301070000008167	epochs	3.0
675.7055000686646	0.08476429999996071	epochs	2.0
675.7055000686646	0.04258899999990717	epochs	3.0
675.7480890686645	0.04217530000005354	epochs	3.0
675.7902643686646	0.08314150000001064	epochs	2.0
675.7902643686646	0.04176970000003166	epochs	3.0
675.8320340686646	0.041371799999978975	epochs	3.0
675.8734058686646	0.08157970000002024	epochs	2.0
675.8734058686646	0.040981399999964196	epochs	3.0
675.9143872686645	0.04059830000005604	epochs	3.0
675.9549855686646	0.08007549999990715	epochs	2.0
675.9549855686646	0.04022229999998217	epochs	3.0
675.9952078686646	0.03985319999992498	epochs	3.0
676.0350610686645	0.07862570000008873	epochs	2.0
676.0350610686645	0.039490800000066884	epochs	3.0
676.0745518686646	0.039134900000021844	epochs	3.0
676.1136867686646	0.07722760000001472	epochs	2.0
676.1136867686646	0.03878539999993791	epochs	3.0
676.1524721686645	0.03844220000007681	epochs	3.0
676.1909143686646	0.07587819999992007	epochs	2.0
676.1909143686646	0.03810479999992822	epochs	3.0
676.2290191686645	0.03777339999999185	epochs	3.0
676.2667925686645	0.0745752000000266	epochs	2.0
676.2667925686645	0.03744770000002973	epochs	3.0
676.3042402686646	0.03712749999999687	epochs	3.0
676.3413677686646	0.07331629999998768	epochs	2.0
676.3413677686646	0.036812899999972615	epochs	3.0
676.3781806686645	0.03650340000001506	epochs	3.0
676.4146840686645	0.07209899999998015	epochs	2.0
676.4146840686645	0.03619909999997617	epochs	3.0
676.4508831686645	0.03589990000000398	epochs	3.0
676.4867830686645	0.07092169999998532	epochs	2.0
676.4867830686645	0.03560560000005353	epochs	3.0
676.5223886686646	0.035316099999931794	epochs	3.0
676.5577047686645	0.06978200000003199	epochs	2.0
676.5577047686645	0.03503120000004856	epochs	3.0
676.5927359686646	0.03475079999998343	epochs	3.0
676.6274867686645	0.06867859999999837	epochs	2.0
676.6274867686645	0.03447510000000875	epochs	3.0
676.6619618686645	0.03420349999998962	epochs	3.0
676.6961653686645	0.06760929999995824	epochs	2.0
676.6961653686645	0.033936199999970995	epochs	3.0
676.7301015686645	0.033673099999987244	epochs	3.0
676.7637746686645	0.06657290000009652	epochs	2.0
676.7637746686645	0.03341400000010708	epochs	3.0
676.7971886686646	0.033158899999989444	epochs	3.0
676.8303475686646	0.06556779999993978	epochs	2.0
676.8303475686646	0.032907700000009754	epochs	3.0
676.8632552686646	0.032660099999930026	epochs	3.0
676.8959153686645	0.06459259999996902	epochs	2.0
676.8959153686645	0.032416399999988244	epochs	3.0
676.9283317686645	0.03217619999998078	epochs	3.0
676.9605079686645	0.06364600000006249	epochs	2.0
676.9605079686645	0.031939600000100654	epochs	3.0
676.9924475686646	0.03170639999996183	epochs	3.0
677.0241539686646	0.0627266999999847	epochs	2.0
677.0241539686646	0.03147660000001906	epochs	3.0
677.0556305686646	0.03125009999996564	epochs	3.0
677.0868806686645	0.06183359999999993	epochs	2.0
677.0868806686645	0.031026900000028945	epochs	3.0
677.1179075686646	0.030806699999970988	epochs	3.0
677.1487142686645	0.06096560000003137	epochs	2.0
677.1487142686645	0.030589800000029754	epochs	3.0
677.1793040686646	0.030375800000001618	epochs	3.0
677.2096798686646	0.06012160000000222	epochs	2.0
677.2096798686646	0.03016489999993155	epochs	3.0
677.2398447686645	0.02995670000007067	epochs	3.0
677.2698014686646	0.05930069999999432	epochs	2.0
677.2698014686646	0.02975159999994048	epochs	3.0
677.2995530686645	0.02954910000005384	epochs	3.0
677.3291021686646	0.05850179999993088	epochs	2.0
677.3291021686646	0.02934940000000097	epochs	3.0
677.3584515686646	0.029152399999929912	epochs	3.0
677.3876039686645	0.057724200000052406	epochs	2.0
677.3876039686645	0.028957999999988715	epochs	3.0
677.4165619686645	0.02876620000006369	epochs	3.0
677.4453281686646	0.05696709999995164	epochs	2.0
677.4453281686646	0.028577000000041153	epochs	3.0
677.4739051686646	0.02839009999991049	epochs	3.0
677.5022952686645	0.056229500000085864	epochs	2.0
677.5022952686645	0.028205700000057732	epochs	3.0
677.5305009686646	0.028023800000028132	epochs	3.0
677.5585247686646	0.05551069999989977	epochs	2.0
677.5585247686646	0.027843999999959124	epochs	3.0
677.5863687686646	0.027666699999940647	epochs	3.0
677.6140354686645	0.054810200000019904	epochs	2.0
677.6140354686645	0.02749149999999645	epochs	3.0
677.6415269686645	0.027318700000023455	epochs	3.0
677.6688456686645	0.05412699999999404	epochs	2.0
677.6688456686645	0.02714780000007977	epochs	3.0
677.6959934686646	0.026979199999914272	epochs	3.0
677.7229726686645	0.0534607000000733	epochs	2.0
677.7229726686645	0.026812600000084785	epochs	3.0
677.7497852686646	0.026648099999988517	epochs	3.0
677.7764333686646	0.05281070000000909	epochs	2.0
677.7764333686646	0.026485600000000886	epochs	3.0
677.8029189686646	0.026325100000008206	epochs	3.0
677.8292440686646	0.05217619999996259	epochs	2.0
677.8292440686646	0.026166399999965506	epochs	3.0
677.8554104686646	0.026009799999997085	epochs	3.0
677.8814202686646	0.051556699999991906	epochs	2.0
677.8814202686646	0.025854800000047362	epochs	3.0
677.9072750686646	0.025701899999944544	epochs	3.0
677.9329769686645	0.05095189999997274	epochs	2.0
677.9329769686645	0.02555070000005344	epochs	3.0
677.9585276686646	0.0254011999999193	epochs	3.0
677.9839288686645	0.05036100000006627	epochs	2.0
677.9839288686645	0.0252535000000762	epochs	3.0
678.0091823686646	0.02510749999999007	epochs	3.0
678.0342898686646	0.049783800000000156	epochs	2.0
678.0342898686646	0.02496320000000196	epochs	3.0
678.0592530686646	0.024820599999998194	epochs	3.0
678.0840736686646	0.04921949999993558	epochs	2.0
678.0840736686646	0.024679399999968155	epochs	3.0
678.1087530686646	0.024540099999967424	epochs	3.0
678.1332931686645	0.04866790000005494	epochs	2.0
678.1332931686645	0.02440209999997478	epochs	3.0
678.1576952686645	0.024265800000080162	epochs	3.0
678.1819610686646	0.048128599999927246	epochs	2.0
678.1819610686646	0.024131000000011227	epochs	3.0
678.2060920686646	0.02399759999991602	epochs	3.0
678.2300896686645	0.047601100000065344	epochs	2.0
678.2300896686645	0.023865800000066884	epochs	3.0
678.2539554686646	0.02373529999999846	epochs	3.0
678.2776907686646	0.04708499999992455	epochs	2.0
678.2776907686646	0.023606299999983094	epochs	3.0
678.3012970686646	0.023478699999941455	epochs	3.0
678.3247757686645	0.04658000000006268	epochs	2.0
678.3247757686645	0.023352500000100918	epochs	3.0
678.3481282686646	0.023227499999961765	epochs	3.0
678.3713557686646	0.04608569999993506	epochs	2.0
678.3713557686646	0.023103999999989355	epochs	3.0
678.3944597686645	0.022981699999945704	epochs	3.0
678.4174414686645	0.0456018000000995	epochs	2.0
678.4174414686645	0.022860700000023826	epochs	3.0
678.4403021686645	0.022741100000075676	epochs	3.0
678.4630432686646	0.04512790000001132	epochs	2.0
678.4630432686646	0.022622500000011314	epochs	3.0
678.4856657686646	0.02250540000000001	epochs	3.0
678.5081711686646	0.044663799999966614	epochs	2.0
678.5081711686646	0.02238929999998618	epochs	3.0
678.5305604686646	0.022274499999980435	epochs	3.0
678.5528349686646	0.04420919999995476	epochs	2.0
678.5528349686646	0.022160799999937808	epochs	3.0
678.5749957686645	0.022048400000016954	epochs	3.0
678.5970441686645	0.043763600000033875	epochs	2.0
678.5970441686645	0.021936900000014248	epochs	3.0
678.6189810686645	0.021826700000019628	epochs	3.0
678.6408077686646	0.04332709999994222	epochs	2.0
678.6408077686646	0.021717599999988124	epochs	3.0
678.6625253686645	0.021609499999954096	epochs	3.0
678.6841348686645	0.04289900000003399	epochs	2.0
678.6841348686645	0.02150249999999687	epochs	3.0
678.7056373686645	0.021396500000037122	epochs	3.0
678.7270338686645	0.042479500000013104	epochs	2.0
678.7270338686645	0.02129170000000613	epochs	3.0
678.7483255686645	0.021187800000006973	epochs	3.0
678.7695133686645	0.042067900000006375	epochs	2.0
678.7695133686645	0.02108490000000529	epochs	3.0
678.7905982686646	0.020983000000001084	epochs	3.0
678.8115812686646	0.04166439999994509	epochs	2.0
678.8115812686646	0.020882199999959994	epochs	3.0
678.8324634686645	0.020782199999985096	epochs	3.0
678.8532456686645	0.04126850000000104	epochs	2.0
678.8532456686645	0.020683300000087	epochs	3.0
678.8739289686646	0.02058519999991404	epochs	3.0
678.8945141686645	0.04088000000001557	epochs	2.0
678.8945141686645	0.020488100000079612	epochs	3.0
678.9150022686646	0.02039189999993596	epochs	3.0
678.9353941686645	0.04049880000002304	epochs	2.0
678.9353941686645	0.020296600000051512	epochs	3.0
678.9556907686646	0.020202199999971526	epochs	3.0
678.9758929686645	0.04012460000001283	epochs	2.0
678.9758929686645	0.02010870000003706	epochs	3.0
678.9960016686646	0.020015899999975773	epochs	3.0
679.0160175686646	0.03975730000001931	epochs	2.0
679.0160175686646	0.019924199999991288	epochs	3.0
679.0359417686645	0.019833100000028026	epochs	3.0
679.0557748686646	0.03939669999999751	epochs	2.0
679.0557748686646	0.01974299999994855	epochs	3.0
679.0755178686645	0.019653700000048957	epochs	3.0
679.0951715686646	0.03904239999997117	epochs	2.0
679.0951715686646	0.01956510000002254	epochs	3.0
679.1147366686646	0.019477299999948627	epochs	3.0
679.1342139686645	0.03869459999998526	epochs	2.0
679.1342139686645	0.019390400000020236	epochs	3.0
679.1536043686646	0.01930419999996502	epochs	3.0
679.1729085686645	0.03835290000006353	epochs	2.0
679.1729085686645	0.019218799999976	epochs	3.0
679.1921273686645	0.01913410000008753	epochs	3.0
679.2112614686646	0.03801720000001296	epochs	2.0
679.2112614686646	0.01905019999992419	epochs	3.0
679.2303116686645	0.018967000000088774	epochs	3.0
679.2492786686646	0.03768719999993664	epochs	2.0
679.2492786686646	0.018884499999899163	epochs	3.0
679.2681631686645	0.018802700000037476	epochs	3.0
679.2869658686645	0.03736309999999321	epochs	2.0
679.2869658686645	0.018721700000014607	epochs	3.0
679.3056875686646	0.018641399999978603	epochs	3.0
679.3243289686645	0.03704430000004777	epochs	2.0
679.3243289686645	0.01856159999999818	epochs	3.0
679.3428905686645	0.01848270000004959	epochs	3.0
679.3613732686646	0.03673099999991791	epochs	2.0
679.3613732686646	0.018404299999929208	epochs	3.0
679.3797775686645	0.018326699999988705	epochs	3.0
679.3981042686645	0.036422900000047775	epochs	2.0
679.3981042686645	0.018249600000103783	epochs	3.0
679.4163538686646	0.018173299999943993	epochs	3.0
679.4345271686645	0.03612010000006194	epochs	2.0
679.4345271686645	0.0180976000000328	epochs	3.0
679.4526247686646	0.01802250000002914	epochs	3.0
679.4706472686646	0.03582209999990482	epochs	2.0
679.4706472686646	0.017947899999967376	epochs	3.0
679.4885951686646	0.017874199999937446	epochs	3.0
679.5064693686645	0.03552899999999681	epochs	2.0
679.5064693686645	0.017800800000031813	epochs	3.0
679.5242701686645	0.017728199999965	epochs	3.0
679.5419983686645	0.03524070000003121	epochs	2.0
679.5419983686645	0.017656100000067454	epochs	3.0
679.5596544686646	0.017584599999963757	epochs	3.0
679.5772390686645	0.034957100000042374	epochs	2.0
679.5772390686645	0.01751369999999497	epochs	3.0
679.5947527686645	0.017443400000047404	epochs	3.0
679.6121961686646	0.03467790000001969	epochs	2.0
679.6121961686646	0.017373599999928047	epochs	3.0
679.6295697686645	0.017304300000091644	epochs	3.0
679.6468740686646	0.03440329999989444	epochs	2.0
679.6468740686646	0.017235699999901044	epochs	3.0
679.6641097686645	0.0171675999999934	epochs	3.0
679.6812773686645	0.0341328000000658	epochs	2.0
679.6812773686645	0.017099900000062007	epochs	3.0
679.6983772686646	0.017032900000003792	epochs	3.0
679.7154101686646	0.033866699999975935	epochs	2.0
679.7154101686646	0.01696640000000116	epochs	3.0
679.7323765686646	0.016900299999974777	epochs	3.0
679.7492768686645	0.03360459999998966	epochs	2.0
679.7492768686645	0.01683479999996962	epochs	3.0
679.7661116686645	0.01676980000002004	epochs	3.0
679.7828814686645	0.03334660000007261	epochs	2.0
679.7828814686645	0.016705300000012357	epochs	3.0
679.7995867686645	0.016641300000060255	epochs	3.0
679.8162280686646	0.03309249999995245	epochs	2.0
679.8162280686646	0.01657779999993636	epochs	3.0
679.8328058686645	0.01651470000001609	epochs	3.0
679.8493205686646	0.03284229999997024	epochs	2.0
679.8493205686646	0.01645220000000336	epochs	3.0
679.8657727686646	0.01639009999996688	epochs	3.0
679.8821628686645	0.03259570000000167	epochs	2.0
679.8821628686645	0.016328400000020338	epochs	3.0
679.8984912686645	0.016267299999981333	epochs	3.0
679.9147585686645	0.032352899999978035	epochs	2.0
679.9147585686645	0.016206600000032267	epochs	3.0
679.9309651686646	0.016146299999945768	epochs	3.0
679.9471114686645	0.032113700000081735	epochs	2.0
679.9471114686645	0.016086599999994178	epochs	3.0
679.9631980686645	0.016027100000087557	epochs	3.0
679.9792251686646	0.03187800000000607	epochs	2.0
679.9792251686646	0.015968199999974786	epochs	3.0
679.9951933686646	0.015909800000031282	epochs	3.0
680.0111031686646	0.031645700000012766	epochs	2.0
680.0111031686646	0.01585160000001906	epochs	3.0
680.0269547686646	0.015794099999993705	epochs	3.0
680.0427488686646	0.031416699999908815	epochs	2.0
680.0427488686646	0.01573669999993399	epochs	3.0
680.0584855686645	0.015679999999974825	epochs	3.0
680.0741655686645	0.031191100000000915	epochs	2.0
680.0741655686645	0.015623600000026272	epochs	3.0
680.0897891686645	0.015567499999974643	epochs	3.0
680.1053566686645	0.030968700000016725	epochs	2.0
680.1053566686645	0.015512000000057924	epochs	3.0
680.1208686686646	0.0154566999999588	epochs	3.0
680.1363253686645	0.03074950000006993	epochs	2.0
680.1363253686645	0.015401999999994587	epochs	3.0
680.1517273686645	0.015347500000075343	epochs	3.0
680.1670748686646	0.030533199999922545	epochs	2.0
680.1670748686646	0.015293399999904977	epochs	3.0
680.1823682686645	0.015239800000017567	epochs	3.0
680.1976080686645	0.03032010000003993	epochs	2.0
680.1976080686645	0.015186500000027081	epochs	3.0
680.2127945686645	0.015133600000012848	epochs	3.0
680.2279281686646	0.030109899999956724	epochs	2.0
680.2279281686646	0.015081000000009226	epochs	3.0
680.2430091686646	0.015028899999947498	epochs	3.0
680.2580380686645	0.02990250000004835	epochs	2.0
680.2580380686645	0.014977000000044427	epochs	3.0
680.2730150686646	0.014925500000003922	epochs	3.0
680.2879405686646	0.029698100000018712	epochs	2.0
680.2879405686646	0.01487439999993967	epochs	3.0
680.3028149686645	0.014823700000079043	epochs	3.0
680.3176386686646	0.02949630000000525	epochs	2.0
680.3176386686646	0.014773199999922326	epochs	3.0
680.3324118686645	0.014723100000082923	epochs	3.0
680.3471349686646	0.02929740000001857	epochs	2.0
680.3471349686646	0.014673399999992398	epochs	3.0
680.3618083686646	0.014624000000026172	epochs	3.0
680.3764323686646	0.029101099999934377	epochs	2.0
680.3764323686646	0.01457489999995687	epochs	3.0
680.3910072686646	0.014526199999977507	epochs	3.0
680.4055334686645	0.028907399999980044	epochs	2.0
680.4055334686645	0.014477700000043114	epochs	3.0
680.4200111686646	0.014429699999936929	epochs	3.0
680.4344408686645	0.028716200000076242	epochs	2.0
680.4344408686645	0.014381800000023759	epochs	3.0
680.4488226686645	0.014334400000052483	epochs	3.0
680.4631570686646	0.02852759999996124	epochs	2.0
680.4631570686646	0.014287199999898803	epochs	3.0
680.4774442686645	0.014240400000062436	epochs	3.0
680.4916846686646	0.028341399999931127	epochs	2.0
680.4916846686646	0.014193800000043666	epochs	3.0
680.5058784686646	0.014147599999887461	epochs	3.0
680.5200260686645	0.028157700000065233	epochs	2.0
680.5200260686645	0.014101700000082928	epochs	3.0
680.5341277686646	0.014055999999982305	epochs	3.0
680.5481837686646	0.027976299999977527	epochs	2.0
680.5481837686646	0.01401060000000598	epochs	3.0
680.5621943686646	0.013965699999971548	epochs	3.0
680.5761600686645	0.02779720000000907	epochs	2.0
680.5761600686645	0.013920800000050804	epochs	3.0
680.5900808686646	0.013876399999958267	epochs	3.0
680.6039572686645	0.027620400000046175	epochs	2.0
680.6039572686645	0.013832200000024386	epochs	3.0
680.6177894686646	0.013788200000021789	epochs	3.0
680.6315776686646	0.027445899999975154	epochs	2.0
680.6315776686646	0.013744599999995444	epochs	3.0
680.6453222686646	0.01370129999997971	epochs	3.0
680.6590235686646	0.027273499999978412	epochs	2.0
680.6590235686646	0.013658200000008947	epochs	3.0
680.6726817686646	0.013615299999969466	epochs	3.0
680.6862970686645	0.027103399999987232	epochs	2.0
680.6862970686645	0.013572800000019924	epochs	3.0
680.6998698686646	0.013530599999967308	epochs	3.0
680.7134004686645	0.02693520000002536	epochs	2.0
680.7134004686645	0.013488400000028378	epochs	3.0
680.7268888686646	0.013446799999996983	epochs	3.0
680.7403356686646	0.026769199999989723	epochs	2.0
680.7403356686646	0.013405199999965589	epochs	3.0
680.7537408686645	0.013364000000024134	epochs	3.0
680.7671048686645	0.026605199999949036	epochs	2.0
680.7671048686645	0.013322900000048321	epochs	3.0
680.7804277686646	0.013282299999900715	epochs	3.0
680.7937100686645	0.026443200000016986	epochs	2.0
680.7937100686645	0.01324170000009417	epochs	3.0
680.8069517686646	0.013201499999922817	epochs	3.0
680.8201532686645	0.026283200000079887	epochs	2.0
680.8201532686645	0.013161500000023807	epochs	3.0
680.8333147686645	0.01312170000005608	epochs	3.0
680.8464364686646	0.02612499999997908	epochs	2.0
680.8464364686646	0.01308209999990595	epochs	3.0
680.8595185686645	0.013042900000073132	epochs	3.0
680.8725614686646	0.025968899999952555	epochs	2.0
680.8725614686646	0.013003899999944224	epochs	3.0
680.8855653686645	0.012965000000008331	epochs	3.0
680.8985303686645	0.025814500000024054	epochs	2.0
680.8985303686645	0.012926399999969362	epochs	3.0
680.9114567686645	0.012888100000054692	epochs	3.0
680.9243448686645	0.025661900000045534	epochs	2.0
680.9243448686645	0.012849899999991976	epochs	3.0
680.9371947686645	0.012812000000053558	epochs	3.0
680.9500067686646	0.025511199999982637	epochs	2.0
680.9500067686646	0.012774400000012065	epochs	3.0
680.9627811686646	0.012736799999970572	epochs	3.0
680.9755179686646	0.025362299999983406	epochs	2.0
680.9755179686646	0.01269969999998466	epochs	3.0
680.9882176686646	0.012662599999998747	epochs	3.0
681.0008802686646	0.025215000000002874	epochs	2.0
681.0008802686646	0.012625800000023446	epochs	3.0
681.0135060686646	0.012589199999979428	epochs	3.0
681.0260952686646	0.024584799999956886	epochs	2.0
681.0490563686645	0.5	epochs	-1.0
681.0506800686645	0.9999200000000883	epochs	1.0
681.5490563686645	0.5	epochs	-1.0
682.4869999885559	0.09760000000005675	epochs	0.0
682.4869999885559	0.04380289999994602	epochs	1.0
682.5308028885559	0.009994200000051023	epochs	1.0
682.5407970885559	0.04380290000005971	epochs	1.0
682.5846799885559	2.0	epochs	0.0
684.584656288556	0.5	epochs	-1.0
684.5846799885559	0.501920000000041	epochs	0.0
684.5846799885559	0.501920000000041	epochs	1.0
685.084656288556	0.0019436999999697946	epochs	-1.0
685.0865999885559	21.498000000000047	epochs	0.0
686.3770003318787	0.09760000000005675	epochs	0.0
686.3770003318787	0.04380289999994602	epochs	1.0
686.4208032318786	0.009994200000051023	epochs	1.0
686.4307974318787	0.04380290000005971	epochs	1.0
686.4746803318786	2.0	epochs	0.0
688.4746566318787	0.5	epochs	-1.0
688.4746803318786	21.99992000000009	epochs	0.0
688.4746803318786	1.0	epochs	1.0
688.9746566318787	19.998399999999947	epochs	-1.0
689.4746803318786	20.0	epochs	1.0
689.4746803318786	4.356753900000058	epochs	-1.0
689.4746803318786	1.9745872000000873	epochs	2.0
689.4746803318786	1.0985622000000603	epochs	3.0
690.5732425318787	0.8760250000000269	epochs	3.0
691.4492675318787	1.352407499999913	epochs	2.0
691.4492675318787	0.7286354999999958	epochs	3.0
692.1779030318787	0.6237719999999172	epochs	3.0
692.8016750318786	1.0297592000000577	epochs	2.0
692.8016750318786	0.5453293000000485	epochs	3.0
693.3470043318787	0.4844299000000092	epochs	3.0
693.8314342318787	0.8317862000000105	epochs	2.0
693.8314342318787	0.4357762999999295	epochs	3.0
694.2672105318786	0.39600990000008096	epochs	3.0
694.6632204318787	0.6977969999999232	epochs	2.0
694.6632204318787	0.3628982000000178	epochs	3.0
695.0261186318787	0.33489879999990535	epochs	3.0
695.3610174318786	0.601045699999986	epochs	2.0
695.3610174318786	0.3109123000000409	epochs	3.0
695.6719297318787	0.29013339999994514	epochs	3.0
695.9620631318786	0.5278859000000011	epochs	2.0
695.9620631318786	0.2719586000000618	epochs	3.0
696.2340217318787	0.25592729999993935	epochs	3.0
696.4899490318786	0.4706193000000667	epochs	2.0
696.4899490318786	0.2416813000000957	epochs	3.0
696.7316303318787	0.228937999999971	epochs	3.0
696.9605683318787	0.42457039999999324	epochs	2.0
696.9605683318787	0.21747140000002219	epochs	3.0
697.1780397318787	0.20709899999997106	epochs	3.0
697.3851387318787	0.3867354000000205	epochs	2.0
697.3851387318787	0.19767109999997956	epochs	3.0
697.5828098318786	0.18906430000004093	epochs	3.0
697.7718741318787	0.3550953000000163	epochs	2.0
697.7718741318787	0.18117589999997108	epochs	3.0
697.9530500318787	0.17391940000004524	epochs	3.0
698.1269694318787	0.3282431000000088	epochs	2.0
698.1269694318787	0.16722189999995862	epochs	3.0
698.2941913318787	0.16102120000005016	epochs	3.0
698.4552125318787	0.30516799999998057	epochs	2.0
698.4552125318787	0.15526389999990897	epochs	3.0
698.6104764318786	0.1499041000000716	epochs	3.0
698.7603805318787	0.28512530000000424	epochs	2.0
698.7603805318787	0.1449020999999675	epochs	3.0
698.9052826318787	0.14022320000003674	epochs	3.0
699.0455058318787	0.2675537999999733	epochs	2.0
699.0455058318787	0.1358368999999584	epochs	3.0
699.1813427318787	0.1317169000000149	epochs	3.0
699.3130596318787	0.2520229000000427	epochs	2.0
699.3130596318787	0.1278393000000051	epochs	3.0
699.4408989318787	0.12418360000003759	epochs	3.0
699.5650825318787	0.23819649999995818	epochs	2.0
699.5650825318787	0.12073109999994358	epochs	3.0
699.6858136318787	0.1174654000000146	epochs	3.0
699.8032790318787	0.2258087999999816	epochs	2.0
699.8032790318787	0.11437190000003739	epochs	3.0
699.9176509318787	0.11143689999994422	epochs	3.0
700.0290878318787	0.2146460000000161	epochs	2.0
700.0290878318787	0.10864890000004834	epochs	3.0
700.1377367318787	0.10599709999996776	epochs	3.0
700.2437338318787	0.20453499999996438	epochs	2.0
700.2437338318787	0.10347149999995509	epochs	3.0
700.3472053318786	0.1010635000000093	epochs	3.0
700.4482688318786	0.19533400000000256	epochs	2.0
700.4482688318786	0.09876510000003691	epochs	3.0
700.5470339318787	0.09656889999996565	epochs	3.0
700.6436028318786	0.18692529999998442	epochs	2.0
700.6436028318786	0.09446830000001682	epochs	3.0
700.7380711318787	0.09245699999996759	epochs	3.0
700.8305281318786	0.17921069999999872	epochs	2.0
700.8305281318786	0.0905296000000817	epochs	3.0
700.9210577318787	0.08868109999991702	epochs	3.0
701.0097388318786	0.17210770000008324	epochs	2.0
701.0097388318786	0.08690630000000965	epochs	3.0
701.0966451318786	0.08520140000007359	epochs	3.0
701.1818465318787	0.1655463999999256	epochs	2.0
701.1818465318787	0.08356189999994967	epochs	3.0
701.2654084318787	0.08198449999997592	epochs	3.0
701.3473929318786	0.15946710000002895	epochs	2.0
701.3473929318786	0.08046539999998004	epochs	3.0
701.4278583318786	0.07900170000004891	epochs	3.0
701.5068600318787	0.15381839999997737	epochs	2.0
701.5068600318787	0.07759009999995214	epochs	3.0
701.5844501318786	0.07622830000002523	epochs	3.0
701.6606784318786	0.14855640000007497	epochs	2.0
701.6606784318786	0.07491330000004837	epochs	3.0
701.7355917318787	0.0736431000000266	epochs	3.0
701.8092348318787	0.14364239999997608	epochs	2.0
701.8092348318787	0.07241499999997814	epochs	3.0
701.8816498318787	0.07122739999999794	epochs	3.0
701.9528772318787	0.13904309999998077	epochs	2.0
701.9528772318787	0.07007799999996678	epochs	3.0
702.0229552318787	0.06896510000001399	epochs	3.0
702.0919203318787	0.1347293000000036	epochs	2.0
702.0919203318787	0.0678871000000072	epochs	3.0
702.1598074318787	0.06684219999999641	epochs	3.0
702.2266496318787	0.1306752000000415	epochs	2.0
702.2266496318787	0.06582909999997355	epochs	3.0
702.2924787318786	0.06484610000006796	epochs	3.0
702.3573248318787	0.1268577999999252	epochs	2.0
702.3573248318787	0.06389199999989614	epochs	3.0
702.4212168318786	0.06296580000002905	epochs	3.0
702.4841826318786	0.12325720000001184	epochs	2.0
702.4841826318786	0.06206580000002759	epochs	3.0
702.5462484318787	0.06119139999998424	epochs	3.0
702.6074398318787	0.11985540000000583	epochs	2.0
702.6074398318787	0.060341099999959624	epochs	3.0
702.6677809318786	0.059514300000046205	epochs	3.0
702.7272952318787	0.11663620000001629	epochs	2.0
702.7272952318787	0.05870960000004288	epochs	3.0
702.7860048318787	0.057926599999973405	epochs	3.0
702.8439314318787	0.11358559999996487	epochs	2.0
702.8439314318787	0.05716419999998834	epochs	3.0
702.9010956318787	0.05642139999997653	epochs	3.0
702.9575170318786	0.11069050000003244	epochs	2.0
702.9575170318786	0.055697900000041045	epochs	3.0
703.0132149318787	0.0549925999999914	epochs	3.0
703.0682075318787	0.10793909999995321	epochs	2.0
703.0682075318787	0.05430490000003374	epochs	3.0
703.1225124318787	0.053634199999919474	epochs	3.0
703.1761466318786	0.10532150000005913	epochs	2.0
703.1761466318786	0.05298000000004777	epochs	3.0
703.2291266318787	0.052341500000011365	epochs	3.0
703.2814681318787	0.10282759999995505	epochs	2.0
703.2814681318787	0.05171810000001642	epochs	3.0
703.3331862318787	0.051109499999938635	epochs	3.0
703.3842957318786	0.10044909999999163	epochs	2.0
703.3842957318786	0.050514900000052876	epochs	3.0
703.4348106318787	0.049934199999938755	epochs	3.0
703.4847448318786	0.09817830000008598	epochs	2.0
703.4847448318786	0.04936659999998483	epochs	3.0
703.5341114318786	0.048811700000101155	epochs	3.0
703.5829231318787	0.09600779999993847	epochs	2.0
703.5829231318787	0.04826919999993606	epochs	3.0
703.6311923318787	0.04773860000000241	epochs	3.0
703.6789309318787	0.09393120000004274	epochs	2.0
703.6789309318787	0.04721949999998287	epochs	3.0
703.7261504318786	0.046711700000059864	epochs	3.0
703.7728621318787	0.09194259999992482	epochs	2.0
703.7728621318787	0.046214599999984785	epochs	3.0
703.8190767318787	0.04572799999994004	epochs	3.0
703.8648047318786	0.09003630000006524	epochs	2.0
703.8648047318786	0.04525150000006306	epochs	3.0
703.9100562318787	0.04478480000000218	epochs	3.0
703.9548410318787	0.08820760000003247	epochs	2.0
703.9548410318787	0.044327800000019124	epochs	3.0
703.9991688318787	0.04387980000001335	epochs	3.0
704.0430486318787	0.0864516999999978	epochs	2.0
704.0430486318787	0.04344099999991613	epochs	3.0
704.0864896318786	0.04301070000008167	epochs	3.0
704.1295003318787	0.08476429999996071	epochs	2.0
704.1295003318787	0.04258899999990717	epochs	3.0
704.1720893318786	0.04217530000005354	epochs	3.0
704.2142646318787	0.08314150000001064	epochs	2.0
704.2142646318787	0.04176970000003166	epochs	3.0
704.2560343318787	0.041371799999978975	epochs	3.0
704.2974061318787	0.08157970000002024	epochs	2.0
704.2974061318787	0.040981399999964196	epochs	3.0
704.3383875318787	0.04059830000005604	epochs	3.0
704.3789858318787	0.08007549999990715	epochs	2.0
704.3789858318787	0.04022229999998217	epochs	3.0
704.4192081318787	0.03985319999992498	epochs	3.0
704.4590613318786	0.07862570000008873	epochs	2.0
704.4590613318786	0.039490800000066884	epochs	3.0
704.4985521318787	0.039134900000021844	epochs	3.0
704.5376870318787	0.07722760000001472	epochs	2.0
704.5376870318787	0.03878539999993791	epochs	3.0
704.5764724318786	0.03844220000007681	epochs	3.0
704.6149146318787	0.07587819999992007	epochs	2.0
704.6149146318787	0.03810479999992822	epochs	3.0
704.6530194318786	0.03777339999999185	epochs	3.0
704.6907928318786	0.0745752000000266	epochs	2.0
704.6907928318786	0.03744770000002973	epochs	3.0
704.7282405318787	0.03712749999999687	epochs	3.0
704.7653680318787	0.07331629999998768	epochs	2.0
704.7653680318787	0.036812899999972615	epochs	3.0
704.8021809318786	0.03650340000001506	epochs	3.0
704.8386843318787	0.07209899999998015	epochs	2.0
704.8386843318787	0.03619909999997617	epochs	3.0
704.8748834318786	0.03589990000000398	epochs	3.0
704.9107833318786	0.07092169999998532	epochs	2.0
704.9107833318786	0.03560560000005353	epochs	3.0
704.9463889318787	0.035316099999931794	epochs	3.0
704.9817050318786	0.06978200000003199	epochs	2.0
704.9817050318786	0.03503120000004856	epochs	3.0
705.0167362318787	0.03475079999998343	epochs	3.0
705.0514870318787	0.06867859999999837	epochs	2.0
705.0514870318787	0.03447510000000875	epochs	3.0
705.0859621318787	0.03420349999998962	epochs	3.0
705.1201656318786	0.06760929999995824	epochs	2.0
705.1201656318786	0.033936199999970995	epochs	3.0
705.1541018318786	0.033673099999987244	epochs	3.0
705.1877749318786	0.06657290000009652	epochs	2.0
705.1877749318786	0.03341400000010708	epochs	3.0
705.2211889318787	0.033158899999989444	epochs	3.0
705.2543478318787	0.06556779999993978	epochs	2.0
705.2543478318787	0.032907700000009754	epochs	3.0
705.2872555318787	0.032660099999930026	epochs	3.0
705.3199156318786	0.06459259999996902	epochs	2.0
705.3199156318786	0.032416399999988244	epochs	3.0
705.3523320318786	0.03217619999998078	epochs	3.0
705.3845082318786	0.06364600000006249	epochs	2.0
705.3845082318786	0.031939600000100654	epochs	3.0
705.4164478318787	0.03170639999996183	epochs	3.0
705.4481542318787	0.0627266999999847	epochs	2.0
705.4481542318787	0.03147660000001906	epochs	3.0
705.4796308318787	0.03125009999996564	epochs	3.0
705.5108809318787	0.06183359999999993	epochs	2.0
705.5108809318787	0.031026900000028945	epochs	3.0
705.5419078318787	0.030806699999970988	epochs	3.0
705.5727145318787	0.06096560000003137	epochs	2.0
705.5727145318787	0.030589800000029754	epochs	3.0
705.6033043318787	0.030375800000001618	epochs	3.0
705.6336801318787	0.06012160000000222	epochs	2.0
705.6336801318787	0.03016489999993155	epochs	3.0
705.6638450318786	0.02995670000007067	epochs	3.0
705.6938017318787	0.05930069999999432	epochs	2.0
705.6938017318787	0.02975159999994048	epochs	3.0
705.7235533318786	0.02954910000005384	epochs	3.0
705.7531024318787	0.05850179999993088	epochs	2.0
705.7531024318787	0.02934940000000097	epochs	3.0
705.7824518318787	0.029152399999929912	epochs	3.0
705.8116042318786	0.057724200000052406	epochs	2.0
705.8116042318786	0.028957999999988715	epochs	3.0
705.8405622318786	0.02876620000006369	epochs	3.0
705.8693284318787	0.05696709999995164	epochs	2.0
705.8693284318787	0.028577000000041153	epochs	3.0
705.8979054318787	0.02839009999991049	epochs	3.0
705.9262955318786	0.056229500000085864	epochs	2.0
705.9262955318786	0.028205700000057732	epochs	3.0
705.9545012318787	0.028023800000028132	epochs	3.0
705.9825250318787	0.05551069999989977	epochs	2.0
705.9825250318787	0.027843999999959124	epochs	3.0
706.0103690318787	0.027666699999940647	epochs	3.0
706.0380357318786	0.054810200000019904	epochs	2.0
706.0380357318786	0.02749149999999645	epochs	3.0
706.0655272318786	0.027318700000023455	epochs	3.0
706.0928459318786	0.05412699999999404	epochs	2.0
706.0928459318786	0.02714780000007977	epochs	3.0
706.1199937318787	0.026979199999914272	epochs	3.0
706.1469729318786	0.0534607000000733	epochs	2.0
706.1469729318786	0.026812600000084785	epochs	3.0
706.1737855318787	0.026648099999988517	epochs	3.0
706.2004336318787	0.05281070000000909	epochs	2.0
706.2004336318787	0.026485600000000886	epochs	3.0
706.2269192318787	0.026325100000008206	epochs	3.0
706.2532443318787	0.05217619999996259	epochs	2.0
706.2532443318787	0.026166399999965506	epochs	3.0
706.2794107318787	0.026009799999997085	epochs	3.0
706.3054205318787	0.051556699999991906	epochs	2.0
706.3054205318787	0.025854800000047362	epochs	3.0
706.3312753318787	0.025701899999944544	epochs	3.0
706.3569772318787	0.05095189999997274	epochs	2.0
706.3569772318787	0.02555070000005344	epochs	3.0
706.3825279318787	0.0254011999999193	epochs	3.0
706.4079291318786	0.05036100000006627	epochs	2.0
706.4079291318786	0.0252535000000762	epochs	3.0
706.4331826318787	0.02510749999999007	epochs	3.0
706.4582901318787	0.049783800000000156	epochs	2.0
706.4582901318787	0.02496320000000196	epochs	3.0
706.4832533318787	0.024820599999998194	epochs	3.0
706.5080739318787	0.04921949999993558	epochs	2.0
706.5080739318787	0.024679399999968155	epochs	3.0
706.5327533318787	0.024540099999967424	epochs	3.0
706.5572934318786	0.04866790000005494	epochs	2.0
706.5572934318786	0.02440209999997478	epochs	3.0
706.5816955318786	0.024265800000080162	epochs	3.0
706.6059613318787	0.048128599999927246	epochs	2.0
706.6059613318787	0.024131000000011227	epochs	3.0
706.6300923318787	0.02399759999991602	epochs	3.0
706.6540899318786	0.047601100000065344	epochs	2.0
706.6540899318786	0.023865800000066884	epochs	3.0
706.6779557318787	0.02373529999999846	epochs	3.0
706.7016910318787	0.04708499999992455	epochs	2.0
706.7016910318787	0.023606299999983094	epochs	3.0
706.7252973318787	0.023478699999941455	epochs	3.0
706.7487760318786	0.04658000000006268	epochs	2.0
706.7487760318786	0.023352500000100918	epochs	3.0
706.7721285318787	0.023227499999961765	epochs	3.0
706.7953560318787	0.04608569999993506	epochs	2.0
706.7953560318787	0.023103999999989355	epochs	3.0
706.8184600318787	0.022981699999945704	epochs	3.0
706.8414417318786	0.0456018000000995	epochs	2.0
706.8414417318786	0.022860700000023826	epochs	3.0
706.8643024318786	0.022741100000075676	epochs	3.0
706.8870435318787	0.04512790000001132	epochs	2.0
706.8870435318787	0.022622500000011314	epochs	3.0
706.9096660318787	0.02250540000000001	epochs	3.0
706.9321714318787	0.044663799999966614	epochs	2.0
706.9321714318787	0.02238929999998618	epochs	3.0
706.9545607318787	0.022274499999980435	epochs	3.0
706.9768352318787	0.04420919999995476	epochs	2.0
706.9768352318787	0.022160799999937808	epochs	3.0
706.9989960318786	0.022048400000016954	epochs	3.0
707.0210444318786	0.043763600000033875	epochs	2.0
707.0210444318786	0.021936900000014248	epochs	3.0
707.0429813318787	0.021826700000019628	epochs	3.0
707.0648080318787	0.04332709999994222	epochs	2.0
707.0648080318787	0.021717599999988124	epochs	3.0
707.0865256318787	0.021609499999954096	epochs	3.0
707.1081351318786	0.04289900000003399	epochs	2.0
707.1081351318786	0.02150249999999687	epochs	3.0
707.1296376318786	0.021396500000037122	epochs	3.0
707.1510341318786	0.042479500000013104	epochs	2.0
707.1510341318786	0.02129170000000613	epochs	3.0
707.1723258318787	0.021187800000006973	epochs	3.0
707.1935136318787	0.042067900000006375	epochs	2.0
707.1935136318787	0.02108490000000529	epochs	3.0
707.2145985318787	0.020983000000001084	epochs	3.0
707.2355815318787	0.04166439999994509	epochs	2.0
707.2355815318787	0.020882199999959994	epochs	3.0
707.2564637318786	0.020782199999985096	epochs	3.0
707.2772459318786	0.04126850000000104	epochs	2.0
707.2772459318786	0.020683300000087	epochs	3.0
707.2979292318787	0.02058519999991404	epochs	3.0
707.3185144318786	0.04088000000001557	epochs	2.0
707.3185144318786	0.020488100000079612	epochs	3.0
707.3390025318787	0.02039189999993596	epochs	3.0
707.3593944318786	0.04049880000002304	epochs	2.0
707.3593944318786	0.020296600000051512	epochs	3.0
707.3796910318787	0.020202199999971526	epochs	3.0
707.3998932318787	0.04012460000001283	epochs	2.0
707.3998932318787	0.02010870000003706	epochs	3.0
707.4200019318787	0.020015899999975773	epochs	3.0
707.4400178318787	0.03975730000001931	epochs	2.0
707.4400178318787	0.019924199999991288	epochs	3.0
707.4599420318787	0.019833100000028026	epochs	3.0
707.4797751318787	0.03939669999999751	epochs	2.0
707.4797751318787	0.01974299999994855	epochs	3.0
707.4995181318786	0.019653700000048957	epochs	3.0
707.5191718318787	0.03904239999997117	epochs	2.0
707.5191718318787	0.01956510000002254	epochs	3.0
707.5387369318787	0.019477299999948627	epochs	3.0
707.5582142318787	0.03869459999998526	epochs	2.0
707.5582142318787	0.019390400000020236	epochs	3.0
707.5776046318787	0.01930419999996502	epochs	3.0
707.5969088318786	0.03835290000006353	epochs	2.0
707.5969088318786	0.019218799999976	epochs	3.0
707.6161276318786	0.01913410000008753	epochs	3.0
707.6352617318787	0.03801720000001296	epochs	2.0
707.6352617318787	0.01905019999992419	epochs	3.0
707.6543119318786	0.018967000000088774	epochs	3.0
707.6732789318787	0.03768719999993664	epochs	2.0
707.6732789318787	0.018884499999899163	epochs	3.0
707.6921634318786	0.018802700000037476	epochs	3.0
707.7109661318786	0.03736309999999321	epochs	2.0
707.7109661318786	0.018721700000014607	epochs	3.0
707.7296878318787	0.018641399999978603	epochs	3.0
707.7483292318786	0.03704430000004777	epochs	2.0
707.7483292318786	0.01856159999999818	epochs	3.0
707.7668908318786	0.01848270000004959	epochs	3.0
707.7853735318787	0.03673099999991791	epochs	2.0
707.7853735318787	0.018404299999929208	epochs	3.0
707.8037778318786	0.018326699999988705	epochs	3.0
707.8221045318786	0.036422900000047775	epochs	2.0
707.8221045318786	0.018249600000103783	epochs	3.0
707.8403541318787	0.018173299999943993	epochs	3.0
707.8585274318787	0.03612010000006194	epochs	2.0
707.8585274318787	0.0180976000000328	epochs	3.0
707.8766250318787	0.01802250000002914	epochs	3.0
707.8946475318787	0.03582209999990482	epochs	2.0
707.8946475318787	0.017947899999967376	epochs	3.0
707.9125954318787	0.017874199999937446	epochs	3.0
707.9304696318786	0.03552899999999681	epochs	2.0
707.9304696318786	0.017800800000031813	epochs	3.0
707.9482704318787	0.017728199999965	epochs	3.0
707.9659986318786	0.03524070000003121	epochs	2.0
707.9659986318786	0.017656100000067454	epochs	3.0
707.9836547318787	0.017584599999963757	epochs	3.0
708.0012393318787	0.034957100000042374	epochs	2.0
708.0012393318787	0.01751369999999497	epochs	3.0
708.0187530318786	0.017443400000047404	epochs	3.0
708.0361964318787	0.03467790000001969	epochs	2.0
708.0361964318787	0.017373599999928047	epochs	3.0
708.0535700318786	0.017304300000091644	epochs	3.0
708.0708743318787	0.03440329999989444	epochs	2.0
708.0708743318787	0.017235699999901044	epochs	3.0
708.0881100318786	0.0171675999999934	epochs	3.0
708.1052776318786	0.0341328000000658	epochs	2.0
708.1052776318786	0.017099900000062007	epochs	3.0
708.1223775318787	0.017032900000003792	epochs	3.0
708.1394104318787	0.033866699999975935	epochs	2.0
708.1394104318787	0.01696640000000116	epochs	3.0
708.1563768318787	0.016900299999974777	epochs	3.0
708.1732771318786	0.03360459999998966	epochs	2.0
708.1732771318786	0.01683479999996962	epochs	3.0
708.1901119318786	0.01676980000002004	epochs	3.0
708.2068817318786	0.03334660000007261	epochs	2.0
708.2068817318786	0.016705300000012357	epochs	3.0
708.2235870318787	0.016641300000060255	epochs	3.0
708.2402283318787	0.03309249999995245	epochs	2.0
708.2402283318787	0.01657779999993636	epochs	3.0
708.2568061318786	0.01651470000001609	epochs	3.0
708.2733208318787	0.03284229999997024	epochs	2.0
708.2733208318787	0.01645220000000336	epochs	3.0
708.2897730318787	0.01639009999996688	epochs	3.0
708.3061631318786	0.03259570000000167	epochs	2.0
708.3061631318786	0.016328400000020338	epochs	3.0
708.3224915318787	0.016267299999981333	epochs	3.0
708.3387588318786	0.032352899999978035	epochs	2.0
708.3387588318786	0.016206600000032267	epochs	3.0
708.3549654318787	0.016146299999945768	epochs	3.0
708.3711117318786	0.032113700000081735	epochs	2.0
708.3711117318786	0.016086599999994178	epochs	3.0
708.3871983318786	0.016027100000087557	epochs	3.0
708.4032254318787	0.03187800000000607	epochs	2.0
708.4032254318787	0.015968199999974786	epochs	3.0
708.4191936318787	0.015909800000031282	epochs	3.0
708.4351034318787	0.031645700000012766	epochs	2.0
708.4351034318787	0.01585160000001906	epochs	3.0
708.4509550318787	0.015794099999993705	epochs	3.0
708.4667491318787	0.031416699999908815	epochs	2.0
708.4667491318787	0.01573669999993399	epochs	3.0
708.4824858318786	0.015679999999974825	epochs	3.0
708.4981658318786	0.031191100000000915	epochs	2.0
708.4981658318786	0.015623600000026272	epochs	3.0
708.5137894318786	0.015567499999974643	epochs	3.0
708.5293569318786	0.030968700000016725	epochs	2.0
708.5293569318786	0.015512000000057924	epochs	3.0
708.5448689318787	0.0154566999999588	epochs	3.0
708.5603256318786	0.03074950000006993	epochs	2.0
708.5603256318786	0.015401999999994587	epochs	3.0
708.5757276318786	0.015347500000075343	epochs	3.0
708.5910751318787	0.030533199999922545	epochs	2.0
708.5910751318787	0.015293399999904977	epochs	3.0
708.6063685318786	0.015239800000017567	epochs	3.0
708.6216083318786	0.03032010000003993	epochs	2.0
708.6216083318786	0.015186500000027081	epochs	3.0
708.6367948318787	0.015133600000012848	epochs	3.0
708.6519284318787	0.030109899999956724	epochs	2.0
708.6519284318787	0.015081000000009226	epochs	3.0
708.6670094318787	0.015028899999947498	epochs	3.0
708.6820383318786	0.02990250000004835	epochs	2.0
708.6820383318786	0.014977000000044427	epochs	3.0
708.6970153318787	0.014925500000003922	epochs	3.0
708.7119408318787	0.029698100000018712	epochs	2.0
708.7119408318787	0.01487439999993967	epochs	3.0
708.7268152318786	0.014823700000079043	epochs	3.0
708.7416389318787	0.02949630000000525	epochs	2.0
708.7416389318787	0.014773199999922326	epochs	3.0
708.7564121318786	0.014723100000082923	epochs	3.0
708.7711352318787	0.02929740000001857	epochs	2.0
708.7711352318787	0.014673399999992398	epochs	3.0
708.7858086318787	0.014624000000026172	epochs	3.0
708.8004326318787	0.029101099999934377	epochs	2.0
708.8004326318787	0.01457489999995687	epochs	3.0
708.8150075318787	0.014526199999977507	epochs	3.0
708.8295337318787	0.028907399999980044	epochs	2.0
708.8295337318787	0.014477700000043114	epochs	3.0
708.8440114318787	0.014429699999936929	epochs	3.0
708.8584411318786	0.028716200000076242	epochs	2.0
708.8584411318786	0.014381800000023759	epochs	3.0
708.8728229318787	0.014334400000052483	epochs	3.0
708.8871573318787	0.02852759999996124	epochs	2.0
708.8871573318787	0.014287199999898803	epochs	3.0
708.9014445318786	0.014240400000062436	epochs	3.0
708.9156849318787	0.028341399999931127	epochs	2.0
708.9156849318787	0.014193800000043666	epochs	3.0
708.9298787318787	0.014147599999887461	epochs	3.0
708.9440263318786	0.028157700000065233	epochs	2.0
708.9440263318786	0.014101700000082928	epochs	3.0
708.9581280318787	0.014055999999982305	epochs	3.0
708.9721840318787	0.027976299999977527	epochs	2.0
708.9721840318787	0.01401060000000598	epochs	3.0
708.9861946318787	0.013965699999971548	epochs	3.0
709.0001603318786	0.02779720000000907	epochs	2.0
709.0001603318786	0.013920800000050804	epochs	3.0
709.0140811318787	0.013876399999958267	epochs	3.0
709.0279575318787	0.027620400000046175	epochs	2.0
709.0279575318787	0.013832200000024386	epochs	3.0
709.0417897318787	0.013788200000021789	epochs	3.0
709.0555779318787	0.027445899999975154	epochs	2.0
709.0555779318787	0.013744599999995444	epochs	3.0
709.0693225318787	0.01370129999997971	epochs	3.0
709.0830238318787	0.027273499999978412	epochs	2.0
709.0830238318787	0.013658200000008947	epochs	3.0
709.0966820318787	0.013615299999969466	epochs	3.0
709.1102973318787	0.027103399999987232	epochs	2.0
709.1102973318787	0.013572800000019924	epochs	3.0
709.1238701318787	0.013530599999967308	epochs	3.0
709.1374007318786	0.02693520000002536	epochs	2.0
709.1374007318786	0.013488400000028378	epochs	3.0
709.1508891318787	0.013446799999996983	epochs	3.0
709.1643359318787	0.026769199999989723	epochs	2.0
709.1643359318787	0.013405199999965589	epochs	3.0
709.1777411318786	0.013364000000024134	epochs	3.0
709.1911051318787	0.026605199999949036	epochs	2.0
709.1911051318787	0.013322900000048321	epochs	3.0
709.2044280318787	0.013282299999900715	epochs	3.0
709.2177103318786	0.026443200000016986	epochs	2.0
709.2177103318786	0.01324170000009417	epochs	3.0
709.2309520318787	0.013201499999922817	epochs	3.0
709.2441535318786	0.026283200000079887	epochs	2.0
709.2441535318786	0.013161500000023807	epochs	3.0
709.2573150318786	0.01312170000005608	epochs	3.0
709.2704367318787	0.02612499999997908	epochs	2.0
709.2704367318787	0.01308209999990595	epochs	3.0
709.2835188318786	0.013042900000073132	epochs	3.0
709.2965617318787	0.025968899999952555	epochs	2.0
709.2965617318787	0.013003899999944224	epochs	3.0
709.3095656318786	0.012965000000008331	epochs	3.0
709.3225306318786	0.025814500000024054	epochs	2.0
709.3225306318786	0.012926399999969362	epochs	3.0
709.3354570318786	0.012888100000054692	epochs	3.0
709.3483451318787	0.025661900000045534	epochs	2.0
709.3483451318787	0.012849899999991976	epochs	3.0
709.3611950318787	0.012812000000053558	epochs	3.0
709.3740070318787	0.025511199999982637	epochs	2.0
709.3740070318787	0.012774400000012065	epochs	3.0
709.3867814318787	0.012736799999970572	epochs	3.0
709.3995182318787	0.025362299999983406	epochs	2.0
709.3995182318787	0.01269969999998466	epochs	3.0
709.4122179318787	0.012662599999998747	epochs	3.0
709.4248805318787	0.025215000000002874	epochs	2.0
709.4248805318787	0.012625800000023446	epochs	3.0
709.4375063318787	0.012589199999979428	epochs	3.0
709.4500955318787	0.024584799999956886	epochs	2.0
709.4730566318786	0.5	epochs	-1.0
709.4746803318786	0.9999200000000883	epochs	1.0
709.9730566318786	0.5	epochs	-1.0
710.8499999046326	0.09760000000005675	epochs	0.0
710.8499999046326	0.04380289999994602	epochs	1.0
710.8938028046325	0.009994200000051023	epochs	1.0
710.9037970046326	0.04380290000005971	epochs	1.0
710.9476799046325	2.0	epochs	0.0
712.9476562046326	0.5	epochs	-1.0
712.9476799046325	0.501920000000041	epochs	0.0
712.9476799046325	0.501920000000041	epochs	1.0
713.4476562046326	0.0019436999999697946	epochs	-1.0
713.4495999046326	21.498000000000047	epochs	0.0
714.7140002250671	0.09760000000005675	epochs	0.0
714.7140002250671	0.04380289999994602	epochs	1.0
714.7578031250671	0.009994200000051023	epochs	1.0
714.7677973250671	0.04380290000005971	epochs	1.0
714.8116802250671	2.0	epochs	0.0
716.8116565250672	0.5	epochs	-1.0
716.8116802250671	21.99992000000009	epochs	0.0
716.8116802250671	1.0	epochs	1.0
717.3116565250672	19.998399999999947	epochs	-1.0
717.8116802250671	20.0	epochs	1.0
717.8116802250671	4.356753900000058	epochs	-1.0
717.8116802250671	1.9745872000000873	epochs	2.0
717.8116802250671	1.0985622000000603	epochs	3.0
718.9102424250672	0.8760250000000269	epochs	3.0
719.7862674250672	1.352407499999913	epochs	2.0
719.7862674250672	0.7286354999999958	epochs	3.0
720.5149029250672	0.6237719999999172	epochs	3.0
721.1386749250671	1.0297592000000577	epochs	2.0
721.1386749250671	0.5453293000000485	epochs	3.0
721.6840042250672	0.4844299000000092	epochs	3.0
722.1684341250672	0.8317862000000105	epochs	2.0
722.1684341250672	0.4357762999999295	epochs	3.0
722.6042104250671	0.39600990000008096	epochs	3.0
723.0002203250672	0.6977969999999232	epochs	2.0
723.0002203250672	0.3628982000000178	epochs	3.0
723.3631185250672	0.33489879999990535	epochs	3.0
723.6980173250671	0.601045699999986	epochs	2.0
723.6980173250671	0.3109123000000409	epochs	3.0
724.0089296250671	0.29013339999994514	epochs	3.0
724.2990630250671	0.5278859000000011	epochs	2.0
724.2990630250671	0.2719586000000618	epochs	3.0
724.5710216250671	0.25592729999993935	epochs	3.0
724.8269489250671	0.4706193000000667	epochs	2.0
724.8269489250671	0.2416813000000957	epochs	3.0
725.0686302250672	0.228937999999971	epochs	3.0
725.2975682250672	0.42457039999999324	epochs	2.0
725.2975682250672	0.21747140000002219	epochs	3.0
725.5150396250672	0.20709899999997106	epochs	3.0
725.7221386250671	0.3867354000000205	epochs	2.0
725.7221386250671	0.19767109999997956	epochs	3.0
725.9198097250671	0.18906430000004093	epochs	3.0
726.1088740250672	0.3550953000000163	epochs	2.0
726.1088740250672	0.18117589999997108	epochs	3.0
726.2900499250671	0.17391940000004524	epochs	3.0
726.4639693250672	0.3282431000000088	epochs	2.0
726.4639693250672	0.16722189999995862	epochs	3.0
726.6311912250671	0.16102120000005016	epochs	3.0
726.7922124250672	0.30516799999998057	epochs	2.0
726.7922124250672	0.15526389999990897	epochs	3.0
726.9474763250671	0.1499041000000716	epochs	3.0
727.0973804250672	0.28512530000000424	epochs	2.0
727.0973804250672	0.1449020999999675	epochs	3.0
727.2422825250671	0.14022320000003674	epochs	3.0
727.3825057250672	0.2675537999999733	epochs	2.0
727.3825057250672	0.1358368999999584	epochs	3.0
727.5183426250671	0.1317169000000149	epochs	3.0
727.6500595250671	0.2520229000000427	epochs	2.0
727.6500595250671	0.1278393000000051	epochs	3.0
727.7778988250672	0.12418360000003759	epochs	3.0
727.9020824250672	0.23819649999995818	epochs	2.0
727.9020824250672	0.12073109999994358	epochs	3.0
728.0228135250671	0.1174654000000146	epochs	3.0
728.1402789250672	0.2258087999999816	epochs	2.0
728.1402789250672	0.11437190000003739	epochs	3.0
728.2546508250672	0.11143689999994422	epochs	3.0
728.3660877250671	0.2146460000000161	epochs	2.0
728.3660877250671	0.10864890000004834	epochs	3.0
728.4747366250672	0.10599709999996776	epochs	3.0
728.5807337250671	0.20453499999996438	epochs	2.0
728.5807337250671	0.10347149999995509	epochs	3.0
728.6842052250671	0.1010635000000093	epochs	3.0
728.7852687250671	0.19533400000000256	epochs	2.0
728.7852687250671	0.09876510000003691	epochs	3.0
728.8840338250671	0.09656889999996565	epochs	3.0
728.9806027250671	0.18692529999998442	epochs	2.0
728.9806027250671	0.09446830000001682	epochs	3.0
729.0750710250671	0.09245699999996759	epochs	3.0
729.1675280250671	0.17921069999999872	epochs	2.0
729.1675280250671	0.0905296000000817	epochs	3.0
729.2580576250672	0.08868109999991702	epochs	3.0
729.3467387250671	0.17210770000008324	epochs	2.0
729.3467387250671	0.08690630000000965	epochs	3.0
729.4336450250671	0.08520140000007359	epochs	3.0
729.5188464250672	0.1655463999999256	epochs	2.0
729.5188464250672	0.08356189999994967	epochs	3.0
729.6024083250671	0.08198449999997592	epochs	3.0
729.6843928250671	0.15946710000002895	epochs	2.0
729.6843928250671	0.08046539999998004	epochs	3.0
729.7648582250671	0.07900170000004891	epochs	3.0
729.8438599250671	0.15381839999997737	epochs	2.0
729.8438599250671	0.07759009999995214	epochs	3.0
729.9214500250671	0.07622830000002523	epochs	3.0
729.9976783250671	0.14855640000007497	epochs	2.0
729.9976783250671	0.07491330000004837	epochs	3.0
730.0725916250672	0.0736431000000266	epochs	3.0
730.1462347250672	0.14364239999997608	epochs	2.0
730.1462347250672	0.07241499999997814	epochs	3.0
730.2186497250672	0.07122739999999794	epochs	3.0
730.2898771250672	0.13904309999998077	epochs	2.0
730.2898771250672	0.07007799999996678	epochs	3.0
730.3599551250671	0.06896510000001399	epochs	3.0
730.4289202250671	0.1347293000000036	epochs	2.0
730.4289202250671	0.0678871000000072	epochs	3.0
730.4968073250672	0.06684219999999641	epochs	3.0
730.5636495250671	0.1306752000000415	epochs	2.0
730.5636495250671	0.06582909999997355	epochs	3.0
730.6294786250671	0.06484610000006796	epochs	3.0
730.6943247250672	0.1268577999999252	epochs	2.0
730.6943247250672	0.06389199999989614	epochs	3.0
730.7582167250671	0.06296580000002905	epochs	3.0
730.8211825250671	0.12325720000001184	epochs	2.0
730.8211825250671	0.06206580000002759	epochs	3.0
730.8832483250671	0.06119139999998424	epochs	3.0
730.9444397250671	0.11985540000000583	epochs	2.0
730.9444397250671	0.060341099999959624	epochs	3.0
731.0047808250671	0.059514300000046205	epochs	3.0
731.0642951250671	0.11663620000001629	epochs	2.0
731.0642951250671	0.05870960000004288	epochs	3.0
731.1230047250672	0.057926599999973405	epochs	3.0
731.1809313250671	0.11358559999996487	epochs	2.0
731.1809313250671	0.05716419999998834	epochs	3.0
731.2380955250671	0.05642139999997653	epochs	3.0
731.2945169250671	0.11069050000003244	epochs	2.0
731.2945169250671	0.055697900000041045	epochs	3.0
731.3502148250672	0.0549925999999914	epochs	3.0
731.4052074250671	0.10793909999995321	epochs	2.0
731.4052074250671	0.05430490000003374	epochs	3.0
731.4595123250672	0.053634199999919474	epochs	3.0
731.5131465250671	0.10532150000005913	epochs	2.0
731.5131465250671	0.05298000000004777	epochs	3.0
731.5661265250671	0.052341500000011365	epochs	3.0
731.6184680250672	0.10282759999995505	epochs	2.0
731.6184680250672	0.05171810000001642	epochs	3.0
731.6701861250672	0.051109499999938635	epochs	3.0
731.7212956250671	0.10044909999999163	epochs	2.0
731.7212956250671	0.050514900000052876	epochs	3.0
731.7718105250672	0.049934199999938755	epochs	3.0
731.8217447250671	0.09817830000008598	epochs	2.0
731.8217447250671	0.04936659999998483	epochs	3.0
731.8711113250671	0.048811700000101155	epochs	3.0
731.9199230250672	0.09600779999993847	epochs	2.0
731.9199230250672	0.04826919999993606	epochs	3.0
731.9681922250671	0.04773860000000241	epochs	3.0
732.0159308250671	0.09393120000004274	epochs	2.0
732.0159308250671	0.04721949999998287	epochs	3.0
732.0631503250671	0.046711700000059864	epochs	3.0
732.1098620250672	0.09194259999992482	epochs	2.0
732.1098620250672	0.046214599999984785	epochs	3.0
732.1560766250672	0.04572799999994004	epochs	3.0
732.2018046250671	0.09003630000006524	epochs	2.0
732.2018046250671	0.04525150000006306	epochs	3.0
732.2470561250672	0.04478480000000218	epochs	3.0
732.2918409250672	0.08820760000003247	epochs	2.0
732.2918409250672	0.044327800000019124	epochs	3.0
732.3361687250672	0.04387980000001335	epochs	3.0
732.3800485250672	0.0864516999999978	epochs	2.0
732.3800485250672	0.04344099999991613	epochs	3.0
732.4234895250671	0.04301070000008167	epochs	3.0
732.4665002250672	0.08476429999996071	epochs	2.0
732.4665002250672	0.04258899999990717	epochs	3.0
732.5090892250671	0.04217530000005354	epochs	3.0
732.5512645250672	0.08314150000001064	epochs	2.0
732.5512645250672	0.04176970000003166	epochs	3.0
732.5930342250672	0.041371799999978975	epochs	3.0
732.6344060250672	0.08157970000002024	epochs	2.0
732.6344060250672	0.040981399999964196	epochs	3.0
732.6753874250671	0.04059830000005604	epochs	3.0
732.7159857250672	0.08007549999990715	epochs	2.0
732.7159857250672	0.04022229999998217	epochs	3.0
732.7562080250672	0.03985319999992498	epochs	3.0
732.7960612250671	0.07862570000008873	epochs	2.0
732.7960612250671	0.039490800000066884	epochs	3.0
732.8355520250672	0.039134900000021844	epochs	3.0
732.8746869250672	0.07722760000001472	epochs	2.0
732.8746869250672	0.03878539999993791	epochs	3.0
732.9134723250671	0.03844220000007681	epochs	3.0
732.9519145250672	0.07587819999992007	epochs	2.0
732.9519145250672	0.03810479999992822	epochs	3.0
732.9900193250671	0.03777339999999185	epochs	3.0
733.0277927250671	0.0745752000000266	epochs	2.0
733.0277927250671	0.03744770000002973	epochs	3.0
733.0652404250671	0.03712749999999687	epochs	3.0
733.1023679250671	0.07331629999998768	epochs	2.0
733.1023679250671	0.036812899999972615	epochs	3.0
733.1391808250671	0.03650340000001506	epochs	3.0
733.1756842250671	0.07209899999998015	epochs	2.0
733.1756842250671	0.03619909999997617	epochs	3.0
733.2118833250671	0.03589990000000398	epochs	3.0
733.2477832250671	0.07092169999998532	epochs	2.0
733.2477832250671	0.03560560000005353	epochs	3.0
733.2833888250672	0.035316099999931794	epochs	3.0
733.3187049250671	0.06978200000003199	epochs	2.0
733.3187049250671	0.03503120000004856	epochs	3.0
733.3537361250671	0.03475079999998343	epochs	3.0
733.3884869250671	0.06867859999999837	epochs	2.0
733.3884869250671	0.03447510000000875	epochs	3.0
733.4229620250671	0.03420349999998962	epochs	3.0
733.4571655250671	0.06760929999995824	epochs	2.0
733.4571655250671	0.033936199999970995	epochs	3.0
733.4911017250671	0.033673099999987244	epochs	3.0
733.5247748250671	0.06657290000009652	epochs	2.0
733.5247748250671	0.03341400000010708	epochs	3.0
733.5581888250672	0.033158899999989444	epochs	3.0
733.5913477250672	0.06556779999993978	epochs	2.0
733.5913477250672	0.032907700000009754	epochs	3.0
733.6242554250672	0.032660099999930026	epochs	3.0
733.6569155250671	0.06459259999996902	epochs	2.0
733.6569155250671	0.032416399999988244	epochs	3.0
733.6893319250671	0.03217619999998078	epochs	3.0
733.7215081250671	0.06364600000006249	epochs	2.0
733.7215081250671	0.031939600000100654	epochs	3.0
733.7534477250672	0.03170639999996183	epochs	3.0
733.7851541250672	0.0627266999999847	epochs	2.0
733.7851541250672	0.03147660000001906	epochs	3.0
733.8166307250672	0.03125009999996564	epochs	3.0
733.8478808250671	0.06183359999999993	epochs	2.0
733.8478808250671	0.031026900000028945	epochs	3.0
733.8789077250672	0.030806699999970988	epochs	3.0
733.9097144250671	0.06096560000003137	epochs	2.0
733.9097144250671	0.030589800000029754	epochs	3.0
733.9403042250672	0.030375800000001618	epochs	3.0
733.9706800250672	0.06012160000000222	epochs	2.0
733.9706800250672	0.03016489999993155	epochs	3.0
734.0008449250671	0.02995670000007067	epochs	3.0
734.0308016250672	0.05930069999999432	epochs	2.0
734.0308016250672	0.02975159999994048	epochs	3.0
734.0605532250671	0.02954910000005384	epochs	3.0
734.0901023250672	0.05850179999993088	epochs	2.0
734.0901023250672	0.02934940000000097	epochs	3.0
734.1194517250672	0.029152399999929912	epochs	3.0
734.1486041250671	0.057724200000052406	epochs	2.0
734.1486041250671	0.028957999999988715	epochs	3.0
734.1775621250671	0.02876620000006369	epochs	3.0
734.2063283250671	0.05696709999995164	epochs	2.0
734.2063283250671	0.028577000000041153	epochs	3.0
734.2349053250672	0.02839009999991049	epochs	3.0
734.2632954250671	0.056229500000085864	epochs	2.0
734.2632954250671	0.028205700000057732	epochs	3.0
734.2915011250672	0.028023800000028132	epochs	3.0
734.3195249250672	0.05551069999989977	epochs	2.0
734.3195249250672	0.027843999999959124	epochs	3.0
734.3473689250671	0.027666699999940647	epochs	3.0
734.3750356250671	0.054810200000019904	epochs	2.0
734.3750356250671	0.02749149999999645	epochs	3.0
734.4025271250671	0.027318700000023455	epochs	3.0
734.4298458250671	0.05412699999999404	epochs	2.0
734.4298458250671	0.02714780000007977	epochs	3.0
734.4569936250672	0.026979199999914272	epochs	3.0
734.4839728250671	0.0534607000000733	epochs	2.0
734.4839728250671	0.026812600000084785	epochs	3.0
734.5107854250672	0.026648099999988517	epochs	3.0
734.5374335250672	0.05281070000000909	epochs	2.0
734.5374335250672	0.026485600000000886	epochs	3.0
734.5639191250672	0.026325100000008206	epochs	3.0
734.5902442250672	0.05217619999996259	epochs	2.0
734.5902442250672	0.026166399999965506	epochs	3.0
734.6164106250671	0.026009799999997085	epochs	3.0
734.6424204250671	0.051556699999991906	epochs	2.0
734.6424204250671	0.025854800000047362	epochs	3.0
734.6682752250672	0.025701899999944544	epochs	3.0
734.6939771250671	0.05095189999997274	epochs	2.0
734.6939771250671	0.02555070000005344	epochs	3.0
734.7195278250672	0.0254011999999193	epochs	3.0
734.7449290250671	0.05036100000006627	epochs	2.0
734.7449290250671	0.0252535000000762	epochs	3.0
734.7701825250672	0.02510749999999007	epochs	3.0
734.7952900250672	0.049783800000000156	epochs	2.0
734.7952900250672	0.02496320000000196	epochs	3.0
734.8202532250672	0.024820599999998194	epochs	3.0
734.8450738250672	0.04921949999993558	epochs	2.0
734.8450738250672	0.024679399999968155	epochs	3.0
734.8697532250671	0.024540099999967424	epochs	3.0
734.8942933250671	0.04866790000005494	epochs	2.0
734.8942933250671	0.02440209999997478	epochs	3.0
734.9186954250671	0.024265800000080162	epochs	3.0
734.9429612250672	0.048128599999927246	epochs	2.0
734.9429612250672	0.024131000000011227	epochs	3.0
734.9670922250672	0.02399759999991602	epochs	3.0
734.9910898250671	0.047601100000065344	epochs	2.0
734.9910898250671	0.023865800000066884	epochs	3.0
735.0149556250672	0.02373529999999846	epochs	3.0
735.0386909250672	0.04708499999992455	epochs	2.0
735.0386909250672	0.023606299999983094	epochs	3.0
735.0622972250671	0.023478699999941455	epochs	3.0
735.0857759250671	0.04658000000006268	epochs	2.0
735.0857759250671	0.023352500000100918	epochs	3.0
735.1091284250672	0.023227499999961765	epochs	3.0
735.1323559250671	0.04608569999993506	epochs	2.0
735.1323559250671	0.023103999999989355	epochs	3.0
735.1554599250671	0.022981699999945704	epochs	3.0
735.1784416250671	0.0456018000000995	epochs	2.0
735.1784416250671	0.022860700000023826	epochs	3.0
735.2013023250671	0.022741100000075676	epochs	3.0
735.2240434250672	0.04512790000001132	epochs	2.0
735.2240434250672	0.022622500000011314	epochs	3.0
735.2466659250672	0.02250540000000001	epochs	3.0
735.2691713250672	0.044663799999966614	epochs	2.0
735.2691713250672	0.02238929999998618	epochs	3.0
735.2915606250672	0.022274499999980435	epochs	3.0
735.3138351250672	0.04420919999995476	epochs	2.0
735.3138351250672	0.022160799999937808	epochs	3.0
735.3359959250671	0.022048400000016954	epochs	3.0
735.3580443250671	0.043763600000033875	epochs	2.0
735.3580443250671	0.021936900000014248	epochs	3.0
735.3799812250671	0.021826700000019628	epochs	3.0
735.4018079250671	0.04332709999994222	epochs	2.0
735.4018079250671	0.021717599999988124	epochs	3.0
735.4235255250671	0.021609499999954096	epochs	3.0
735.4451350250671	0.04289900000003399	epochs	2.0
735.4451350250671	0.02150249999999687	epochs	3.0
735.4666375250671	0.021396500000037122	epochs	3.0
735.4880340250671	0.042479500000013104	epochs	2.0
735.4880340250671	0.02129170000000613	epochs	3.0
735.5093257250671	0.021187800000006973	epochs	3.0
735.5305135250671	0.042067900000006375	epochs	2.0
735.5305135250671	0.02108490000000529	epochs	3.0
735.5515984250671	0.020983000000001084	epochs	3.0
735.5725814250671	0.04166439999994509	epochs	2.0
735.5725814250671	0.020882199999959994	epochs	3.0
735.5934636250671	0.020782199999985096	epochs	3.0
735.6142458250671	0.04126850000000104	epochs	2.0
735.6142458250671	0.020683300000087	epochs	3.0
735.6349291250672	0.02058519999991404	epochs	3.0
735.6555143250671	0.04088000000001557	epochs	2.0
735.6555143250671	0.020488100000079612	epochs	3.0
735.6760024250672	0.02039189999993596	epochs	3.0
735.6963943250671	0.04049880000002304	epochs	2.0
735.6963943250671	0.020296600000051512	epochs	3.0
735.7166909250672	0.020202199999971526	epochs	3.0
735.7368931250671	0.04012460000001283	epochs	2.0
735.7368931250671	0.02010870000003706	epochs	3.0
735.7570018250672	0.020015899999975773	epochs	3.0
735.7770177250671	0.03975730000001931	epochs	2.0
735.7770177250671	0.019924199999991288	epochs	3.0
735.7969419250671	0.019833100000028026	epochs	3.0
735.8167750250672	0.03939669999999751	epochs	2.0
735.8167750250672	0.01974299999994855	epochs	3.0
735.8365180250671	0.019653700000048957	epochs	3.0
735.8561717250672	0.03904239999997117	epochs	2.0
735.8561717250672	0.01956510000002254	epochs	3.0
735.8757368250672	0.019477299999948627	epochs	3.0
735.8952141250671	0.03869459999998526	epochs	2.0
735.8952141250671	0.019390400000020236	epochs	3.0
735.9146045250671	0.01930419999996502	epochs	3.0
735.9339087250671	0.03835290000006353	epochs	2.0
735.9339087250671	0.019218799999976	epochs	3.0
735.9531275250671	0.01913410000008753	epochs	3.0
735.9722616250672	0.03801720000001296	epochs	2.0
735.9722616250672	0.01905019999992419	epochs	3.0
735.9913118250671	0.018967000000088774	epochs	3.0
736.0102788250672	0.03768719999993664	epochs	2.0
736.0102788250672	0.018884499999899163	epochs	3.0
736.0291633250671	0.018802700000037476	epochs	3.0
736.0479660250671	0.03736309999999321	epochs	2.0
736.0479660250671	0.018721700000014607	epochs	3.0
736.0666877250671	0.018641399999978603	epochs	3.0
736.0853291250671	0.03704430000004777	epochs	2.0
736.0853291250671	0.01856159999999818	epochs	3.0
736.1038907250671	0.01848270000004959	epochs	3.0
736.1223734250672	0.03673099999991791	epochs	2.0
736.1223734250672	0.018404299999929208	epochs	3.0
736.1407777250671	0.018326699999988705	epochs	3.0
736.1591044250671	0.036422900000047775	epochs	2.0
736.1591044250671	0.018249600000103783	epochs	3.0
736.1773540250672	0.018173299999943993	epochs	3.0
736.1955273250671	0.03612010000006194	epochs	2.0
736.1955273250671	0.0180976000000328	epochs	3.0
736.2136249250672	0.01802250000002914	epochs	3.0
736.2316474250672	0.03582209999990482	epochs	2.0
736.2316474250672	0.017947899999967376	epochs	3.0
736.2495953250672	0.017874199999937446	epochs	3.0
736.2674695250671	0.03552899999999681	epochs	2.0
736.2674695250671	0.017800800000031813	epochs	3.0
736.2852703250671	0.017728199999965	epochs	3.0
736.3029985250671	0.03524070000003121	epochs	2.0
736.3029985250671	0.017656100000067454	epochs	3.0
736.3206546250672	0.017584599999963757	epochs	3.0
736.3382392250671	0.034957100000042374	epochs	2.0
736.3382392250671	0.01751369999999497	epochs	3.0
736.3557529250671	0.017443400000047404	epochs	3.0
736.3731963250672	0.03467790000001969	epochs	2.0
736.3731963250672	0.017373599999928047	epochs	3.0
736.3905699250671	0.017304300000091644	epochs	3.0
736.4078742250672	0.03440329999989444	epochs	2.0
736.4078742250672	0.017235699999901044	epochs	3.0
736.4251099250671	0.0171675999999934	epochs	3.0
736.4422775250671	0.0341328000000658	epochs	2.0
736.4422775250671	0.017099900000062007	epochs	3.0
736.4593774250671	0.017032900000003792	epochs	3.0
736.4764103250671	0.033866699999975935	epochs	2.0
736.4764103250671	0.01696640000000116	epochs	3.0
736.4933767250672	0.016900299999974777	epochs	3.0
736.5102770250671	0.03360459999998966	epochs	2.0
736.5102770250671	0.01683479999996962	epochs	3.0
736.5271118250671	0.01676980000002004	epochs	3.0
736.5438816250671	0.03334660000007261	epochs	2.0
736.5438816250671	0.016705300000012357	epochs	3.0
736.5605869250671	0.016641300000060255	epochs	3.0
736.5772282250672	0.03309249999995245	epochs	2.0
736.5772282250672	0.01657779999993636	epochs	3.0
736.5938060250671	0.01651470000001609	epochs	3.0
736.6103207250671	0.03284229999997024	epochs	2.0
736.6103207250671	0.01645220000000336	epochs	3.0
736.6267729250671	0.01639009999996688	epochs	3.0
736.6431630250671	0.03259570000000167	epochs	2.0
736.6431630250671	0.016328400000020338	epochs	3.0
736.6594914250671	0.016267299999981333	epochs	3.0
736.6757587250671	0.032352899999978035	epochs	2.0
736.6757587250671	0.016206600000032267	epochs	3.0
736.6919653250671	0.016146299999945768	epochs	3.0
736.7081116250671	0.032113700000081735	epochs	2.0
736.7081116250671	0.016086599999994178	epochs	3.0
736.7241982250671	0.016027100000087557	epochs	3.0
736.7402253250672	0.03187800000000607	epochs	2.0
736.7402253250672	0.015968199999974786	epochs	3.0
736.7561935250671	0.015909800000031282	epochs	3.0
736.7721033250672	0.031645700000012766	epochs	2.0
736.7721033250672	0.01585160000001906	epochs	3.0
736.7879549250672	0.015794099999993705	epochs	3.0
736.8037490250672	0.031416699999908815	epochs	2.0
736.8037490250672	0.01573669999993399	epochs	3.0
736.8194857250671	0.015679999999974825	epochs	3.0
736.8351657250671	0.031191100000000915	epochs	2.0
736.8351657250671	0.015623600000026272	epochs	3.0
736.8507893250671	0.015567499999974643	epochs	3.0
736.8663568250671	0.030968700000016725	epochs	2.0
736.8663568250671	0.015512000000057924	epochs	3.0
736.8818688250672	0.0154566999999588	epochs	3.0
736.8973255250671	0.03074950000006993	epochs	2.0
736.8973255250671	0.015401999999994587	epochs	3.0
736.9127275250671	0.015347500000075343	epochs	3.0
736.9280750250672	0.030533199999922545	epochs	2.0
736.9280750250672	0.015293399999904977	epochs	3.0
736.9433684250671	0.015239800000017567	epochs	3.0
736.9586082250671	0.03032010000003993	epochs	2.0
736.9586082250671	0.015186500000027081	epochs	3.0
736.9737947250671	0.015133600000012848	epochs	3.0
736.9889283250671	0.030109899999956724	epochs	2.0
736.9889283250671	0.015081000000009226	epochs	3.0
737.0040093250672	0.015028899999947498	epochs	3.0
737.0190382250671	0.02990250000004835	epochs	2.0
737.0190382250671	0.014977000000044427	epochs	3.0
737.0340152250672	0.014925500000003922	epochs	3.0
737.0489407250672	0.029698100000018712	epochs	2.0
737.0489407250672	0.01487439999993967	epochs	3.0
737.0638151250671	0.014823700000079043	epochs	3.0
737.0786388250672	0.02949630000000525	epochs	2.0
737.0786388250672	0.014773199999922326	epochs	3.0
737.0934120250671	0.014723100000082923	epochs	3.0
737.1081351250672	0.02929740000001857	epochs	2.0
737.1081351250672	0.014673399999992398	epochs	3.0
737.1228085250672	0.014624000000026172	epochs	3.0
737.1374325250672	0.029101099999934377	epochs	2.0
737.1374325250672	0.01457489999995687	epochs	3.0
737.1520074250672	0.014526199999977507	epochs	3.0
737.1665336250671	0.028907399999980044	epochs	2.0
737.1665336250671	0.014477700000043114	epochs	3.0
737.1810113250672	0.014429699999936929	epochs	3.0
737.1954410250671	0.028716200000076242	epochs	2.0
737.1954410250671	0.014381800000023759	epochs	3.0
737.2098228250671	0.014334400000052483	epochs	3.0
737.2241572250672	0.02852759999996124	epochs	2.0
737.2241572250672	0.014287199999898803	epochs	3.0
737.2384444250671	0.014240400000062436	epochs	3.0
737.2526848250671	0.028341399999931127	epochs	2.0
737.2526848250671	0.014193800000043666	epochs	3.0
737.2668786250672	0.014147599999887461	epochs	3.0
737.2810262250671	0.028157700000065233	epochs	2.0
737.2810262250671	0.014101700000082928	epochs	3.0
737.2951279250672	0.014055999999982305	epochs	3.0
737.3091839250671	0.027976299999977527	epochs	2.0
737.3091839250671	0.01401060000000598	epochs	3.0
737.3231945250672	0.013965699999971548	epochs	3.0
737.3371602250671	0.02779720000000907	epochs	2.0
737.3371602250671	0.013920800000050804	epochs	3.0
737.3510810250672	0.013876399999958267	epochs	3.0
737.3649574250671	0.027620400000046175	epochs	2.0
737.3649574250671	0.013832200000024386	epochs	3.0
737.3787896250672	0.013788200000021789	epochs	3.0
737.3925778250672	0.027445899999975154	epochs	2.0
737.3925778250672	0.013744599999995444	epochs	3.0
737.4063224250672	0.01370129999997971	epochs	3.0
737.4200237250672	0.027273499999978412	epochs	2.0
737.4200237250672	0.013658200000008947	epochs	3.0
737.4336819250672	0.013615299999969466	epochs	3.0
737.4472972250671	0.027103399999987232	epochs	2.0
737.4472972250671	0.013572800000019924	epochs	3.0
737.4608700250672	0.013530599999967308	epochs	3.0
737.4744006250671	0.02693520000002536	epochs	2.0
737.4744006250671	0.013488400000028378	epochs	3.0
737.4878890250671	0.013446799999996983	epochs	3.0
737.5013358250671	0.026769199999989723	epochs	2.0
737.5013358250671	0.013405199999965589	epochs	3.0
737.5147410250671	0.013364000000024134	epochs	3.0
737.5281050250671	0.026605199999949036	epochs	2.0
737.5281050250671	0.013322900000048321	epochs	3.0
737.5414279250672	0.013282299999900715	epochs	3.0
737.5547102250671	0.026443200000016986	epochs	2.0
737.5547102250671	0.01324170000009417	epochs	3.0
737.5679519250672	0.013201499999922817	epochs	3.0
737.5811534250671	0.026283200000079887	epochs	2.0
737.5811534250671	0.013161500000023807	epochs	3.0
737.5943149250671	0.01312170000005608	epochs	3.0
737.6074366250672	0.02612499999997908	epochs	2.0
737.6074366250672	0.01308209999990595	epochs	3.0
737.6205187250671	0.013042900000073132	epochs	3.0
737.6335616250672	0.025968899999952555	epochs	2.0
737.6335616250672	0.013003899999944224	epochs	3.0
737.6465655250671	0.012965000000008331	epochs	3.0
737.6595305250671	0.025814500000024054	epochs	2.0
737.6595305250671	0.012926399999969362	epochs	3.0
737.6724569250671	0.012888100000054692	epochs	3.0
737.6853450250671	0.025661900000045534	epochs	2.0
737.6853450250671	0.012849899999991976	epochs	3.0
737.6981949250671	0.012812000000053558	epochs	3.0
737.7110069250672	0.025511199999982637	epochs	2.0
737.7110069250672	0.012774400000012065	epochs	3.0
737.7237813250672	0.012736799999970572	epochs	3.0
737.7365181250672	0.025362299999983406	epochs	2.0
737.7365181250672	0.01269969999998466	epochs	3.0
737.7492178250671	0.012662599999998747	epochs	3.0
737.7618804250671	0.025215000000002874	epochs	2.0
737.7618804250671	0.012625800000023446	epochs	3.0
737.7745062250672	0.012589199999979428	epochs	3.0
737.7870954250672	0.024584799999956886	epochs	2.0
737.8100565250671	0.5	epochs	-1.0
737.8116802250671	0.9999200000000883	epochs	1.0
738.3100565250671	0.5	epochs	-1.0
739.1870002746582	0.09760000000005675	epochs	0.0
739.1870002746582	0.04380289999994602	epochs	1.0
739.2308031746581	0.009994200000051023	epochs	1.0
739.2407973746582	0.04380290000005971	epochs	1.0
739.2846802746582	2.0	epochs	0.0
741.2846565746582	0.5	epochs	-1.0
741.2846802746582	0.5028800000000047	epochs	0.0
741.2846802746582	0.5028800000000047	epochs	1.0
741.7846565746582	0.002903699999933451	epochs	-1.0
741.7875602746582	21.497040000000084	epochs	0.0
743.0339999198914	0.09760000000005675	epochs	0.0
743.0339999198914	0.04380289999994602	epochs	1.0
743.0778028198913	0.009994200000051023	epochs	1.0
743.0877970198914	0.04380290000005971	epochs	1.0
743.1316799198913	2.0	epochs	0.0
745.1316562198914	0.5	epochs	-1.0
745.1316799198913	0.5028800000000047	epochs	0.0
745.1316799198913	0.5028800000000047	epochs	1.0
745.6316562198914	0.002903699999933451	epochs	-1.0
745.6345599198913	21.497040000000084	epochs	0.0
746.9210000038147	0.09760000000005675	epochs	0.0
746.9210000038147	0.04380289999994602	epochs	1.0
746.9648029038146	0.009994200000051023	epochs	1.0
746.9747971038147	0.04380290000005971	epochs	1.0
747.0186800038147	2.0	epochs	0.0
749.0186563038147	0.5	epochs	-1.0
749.0186800038147	0.5020000000000664	epochs	0.0
749.0186800038147	0.5020000000000664	epochs	1.0
749.5186563038147	0.0020236999999951877	epochs	-1.0
749.5206800038147	21.497920000000022	epochs	0.0
769.3420000076294	0.09760000000005675	epochs	0.0
769.3420000076294	0.04380289999994602	epochs	1.0
769.3858029076293	0.009994200000051023	epochs	1.0
769.3957971076294	0.04380290000005971	epochs	1.0
769.4396800076294	2.0	epochs	0.0
771.4396563076294	0.5	epochs	-1.0
771.4396800076294	5.402879999999982	epochs	0.0
771.4396800076294	1.0	epochs	1.0
771.9396563076294	4.902903699999911	epochs	-1.0
772.4396800076294	4.402879999999982	epochs	1.0
772.4396800076294	4.356753900000058	epochs	-1.0
772.4396800076294	1.9745872000000873	epochs	2.0
772.4396800076294	1.0985622000000603	epochs	3.0
773.5382422076294	0.8760250000000269	epochs	3.0
774.4142672076295	1.352407499999913	epochs	2.0
774.4142672076295	0.7286354999999958	epochs	3.0
775.1429027076294	0.6237719999999172	epochs	3.0
775.7666747076294	1.0297592000000577	epochs	2.0
775.7666747076294	0.5453293000000485	epochs	3.0
776.3120040076294	0.4844299000000092	epochs	3.0
776.7964339076294	0.04612609999992401	epochs	2.0
776.7964339076294	0.04612609999992401	epochs	3.0
776.8425600076293	16.597040000000106	epochs	0.0
777.1710000038147	0.09760000000005675	epochs	0.0
777.1710000038147	0.04380289999994602	epochs	1.0
777.2148029038146	0.009994200000051023	epochs	1.0
777.2247971038147	0.04380290000005971	epochs	1.0
777.2686800038147	2.0	epochs	0.0
779.2686563038147	0.5	epochs	-1.0
779.2686800038147	21.50279999999998	epochs	0.0
779.2686800038147	1.0	epochs	1.0
779.7686563038147	19.99831999999992	epochs	-1.0
780.2686800038147	20.0	epochs	1.0
780.2686800038147	4.356753900000058	epochs	-1.0
780.2686800038147	1.9745872000000873	epochs	2.0
780.2686800038147	1.0985622000000603	epochs	3.0
781.3672422038147	0.8760250000000269	epochs	3.0
782.2432672038148	1.352407499999913	epochs	2.0
782.2432672038148	0.7286354999999958	epochs	3.0
782.9719027038147	0.6237719999999172	epochs	3.0
783.5956747038147	1.0297592000000577	epochs	2.0
783.5956747038147	0.5453293000000485	epochs	3.0
784.1410040038147	0.4844299000000092	epochs	3.0
784.6254339038147	0.8317862000000105	epochs	2.0
784.6254339038147	0.4357762999999295	epochs	3.0
785.0612102038147	0.39600990000008096	epochs	3.0
785.4572201038147	0.6977969999999232	epochs	2.0
785.4572201038147	0.3628982000000178	epochs	3.0
785.8201183038148	0.33489879999990535	epochs	3.0
786.1550171038147	0.601045699999986	epochs	2.0
786.1550171038147	0.3109123000000409	epochs	3.0
786.4659294038147	0.29013339999994514	epochs	3.0
786.7560628038146	0.5278859000000011	epochs	2.0
786.7560628038146	0.2719586000000618	epochs	3.0
787.0280214038147	0.25592729999993935	epochs	3.0
787.2839487038146	0.4706193000000667	epochs	2.0
787.2839487038146	0.2416813000000957	epochs	3.0
787.5256300038147	0.228937999999971	epochs	3.0
787.7545680038147	0.42457039999999324	epochs	2.0
787.7545680038147	0.21747140000002219	epochs	3.0
787.9720394038147	0.20709899999997106	epochs	3.0
788.1791384038147	0.3867354000000205	epochs	2.0
788.1791384038147	0.19767109999997956	epochs	3.0
788.3768095038147	0.18906430000004093	epochs	3.0
788.5658738038147	0.3550953000000163	epochs	2.0
788.5658738038147	0.18117589999997108	epochs	3.0
788.7470497038147	0.17391940000004524	epochs	3.0
788.9209691038147	0.3282431000000088	epochs	2.0
788.9209691038147	0.16722189999995862	epochs	3.0
789.0881910038147	0.16102120000005016	epochs	3.0
789.2492122038147	0.30516799999998057	epochs	2.0
789.2492122038147	0.15526389999990897	epochs	3.0
789.4044761038147	0.1499041000000716	epochs	3.0
789.5543802038147	0.28512530000000424	epochs	2.0
789.5543802038147	0.1449020999999675	epochs	3.0
789.6992823038147	0.14022320000003674	epochs	3.0
789.8395055038147	0.2675537999999733	epochs	2.0
789.8395055038147	0.1358368999999584	epochs	3.0
789.9753424038147	0.1317169000000149	epochs	3.0
790.1070593038147	0.2520229000000427	epochs	2.0
790.1070593038147	0.1278393000000051	epochs	3.0
790.2348986038147	0.12418360000003759	epochs	3.0
790.3590822038148	0.23819649999995818	epochs	2.0
790.3590822038148	0.12073109999994358	epochs	3.0
790.4798133038147	0.1174654000000146	epochs	3.0
790.5972787038147	0.2258087999999816	epochs	2.0
790.5972787038147	0.11437190000003739	epochs	3.0
790.7116506038147	0.11143689999994422	epochs	3.0
790.8230875038147	0.2146460000000161	epochs	2.0
790.8230875038147	0.10864890000004834	epochs	3.0
790.9317364038147	0.10599709999996776	epochs	3.0
791.0377335038147	0.20453499999996438	epochs	2.0
791.0377335038147	0.10347149999995509	epochs	3.0
791.1412050038147	0.1010635000000093	epochs	3.0
791.2422685038147	0.19533400000000256	epochs	2.0
791.2422685038147	0.09876510000003691	epochs	3.0
791.3410336038147	0.09656889999996565	epochs	3.0
791.4376025038147	0.18692529999998442	epochs	2.0
791.4376025038147	0.09446830000001682	epochs	3.0
791.5320708038147	0.09245699999996759	epochs	3.0
791.6245278038147	0.17921069999999872	epochs	2.0
791.6245278038147	0.0905296000000817	epochs	3.0
791.7150574038147	0.08868109999991702	epochs	3.0
791.8037385038147	0.17210770000008324	epochs	2.0
791.8037385038147	0.08690630000000965	epochs	3.0
791.8906448038147	0.08520140000007359	epochs	3.0
791.9758462038147	0.1655463999999256	epochs	2.0
791.9758462038147	0.08356189999994967	epochs	3.0
792.0594081038147	0.08198449999997592	epochs	3.0
792.1413926038147	0.15946710000002895	epochs	2.0
792.1413926038147	0.08046539999998004	epochs	3.0
792.2218580038146	0.07900170000004891	epochs	3.0
792.3008597038147	0.15381839999997737	epochs	2.0
792.3008597038147	0.07759009999995214	epochs	3.0
792.3784498038146	0.07622830000002523	epochs	3.0
792.4546781038147	0.14855640000007497	epochs	2.0
792.4546781038147	0.07491330000004837	epochs	3.0
792.5295914038147	0.0736431000000266	epochs	3.0
792.6032345038147	0.14364239999997608	epochs	2.0
792.6032345038147	0.07241499999997814	epochs	3.0
792.6756495038147	0.07122739999999794	epochs	3.0
792.7468769038147	0.13904309999998077	epochs	2.0
792.7468769038147	0.07007799999996678	epochs	3.0
792.8169549038147	0.06896510000001399	epochs	3.0
792.8859200038147	0.1347293000000036	epochs	2.0
792.8859200038147	0.0678871000000072	epochs	3.0
792.9538071038147	0.06684219999999641	epochs	3.0
793.0206493038147	0.1306752000000415	epochs	2.0
793.0206493038147	0.06582909999997355	epochs	3.0
793.0864784038147	0.06484610000006796	epochs	3.0
793.1513245038147	0.1268577999999252	epochs	2.0
793.1513245038147	0.06389199999989614	epochs	3.0
793.2152165038146	0.06296580000002905	epochs	3.0
793.2781823038147	0.12325720000001184	epochs	2.0
793.2781823038147	0.06206580000002759	epochs	3.0
793.3402481038147	0.06119139999998424	epochs	3.0
793.4014395038147	0.11985540000000583	epochs	2.0
793.4014395038147	0.060341099999959624	epochs	3.0
793.4617806038146	0.059514300000046205	epochs	3.0
793.5212949038147	0.11663620000001629	epochs	2.0
793.5212949038147	0.05870960000004288	epochs	3.0
793.5800045038147	0.057926599999973405	epochs	3.0
793.6379311038147	0.11358559999996487	epochs	2.0
793.6379311038147	0.05716419999998834	epochs	3.0
793.6950953038147	0.05642139999997653	epochs	3.0
793.7515167038147	0.11069050000003244	epochs	2.0
793.7515167038147	0.055697900000041045	epochs	3.0
793.8072146038147	0.0549925999999914	epochs	3.0
793.8622072038147	0.10793909999995321	epochs	2.0
793.8622072038147	0.05430490000003374	epochs	3.0
793.9165121038147	0.053634199999919474	epochs	3.0
793.9701463038147	0.10532150000005913	epochs	2.0
793.9701463038147	0.05298000000004777	epochs	3.0
794.0231263038147	0.052341500000011365	epochs	3.0
794.0754678038147	0.10282759999995505	epochs	2.0
794.0754678038147	0.05171810000001642	epochs	3.0
794.1271859038147	0.051109499999938635	epochs	3.0
794.1782954038147	0.10044909999999163	epochs	2.0
794.1782954038147	0.050514900000052876	epochs	3.0
794.2288103038147	0.049934199999938755	epochs	3.0
794.2787445038147	0.09817830000008598	epochs	2.0
794.2787445038147	0.04936659999998483	epochs	3.0
794.3281111038146	0.048811700000101155	epochs	3.0
794.3769228038148	0.09600779999993847	epochs	2.0
794.3769228038148	0.04826919999993606	epochs	3.0
794.4251920038147	0.04773860000000241	epochs	3.0
794.4729306038147	0.09393120000004274	epochs	2.0
794.4729306038147	0.04721949999998287	epochs	3.0
794.5201501038147	0.046711700000059864	epochs	3.0
794.5668618038147	0.09194259999992482	epochs	2.0
794.5668618038147	0.046214599999984785	epochs	3.0
794.6130764038147	0.04572799999994004	epochs	3.0
794.6588044038147	0.09003630000006524	epochs	2.0
794.6588044038147	0.04525150000006306	epochs	3.0
794.7040559038147	0.04478480000000218	epochs	3.0
794.7488407038147	0.08820760000003247	epochs	2.0
794.7488407038147	0.044327800000019124	epochs	3.0
794.7931685038147	0.04387980000001335	epochs	3.0
794.8370483038148	0.0864516999999978	epochs	2.0
794.8370483038148	0.04344099999991613	epochs	3.0
794.8804893038147	0.04301070000008167	epochs	3.0
794.9235000038148	0.08476429999996071	epochs	2.0
794.9235000038148	0.04258899999990717	epochs	3.0
794.9660890038147	0.04217530000005354	epochs	3.0
795.0082643038147	0.08314150000001064	epochs	2.0
795.0082643038147	0.04176970000003166	epochs	3.0
795.0500340038147	0.041371799999978975	epochs	3.0
795.0914058038147	0.08157970000002024	epochs	2.0
795.0914058038147	0.040981399999964196	epochs	3.0
795.1323872038147	0.04059830000005604	epochs	3.0
795.1729855038147	0.08007549999990715	epochs	2.0
795.1729855038147	0.04022229999998217	epochs	3.0
795.2132078038147	0.03985319999992498	epochs	3.0
795.2530610038147	0.07862570000008873	epochs	2.0
795.2530610038147	0.039490800000066884	epochs	3.0
795.2925518038147	0.039134900000021844	epochs	3.0
795.3316867038147	0.07722760000001472	epochs	2.0
795.3316867038147	0.03878539999993791	epochs	3.0
795.3704721038147	0.03844220000007681	epochs	3.0
795.4089143038148	0.07587819999992007	epochs	2.0
795.4089143038148	0.03810479999992822	epochs	3.0
795.4470191038147	0.03777339999999185	epochs	3.0
795.4847925038147	0.0745752000000266	epochs	2.0
795.4847925038147	0.03744770000002973	epochs	3.0
795.5222402038147	0.03712749999999687	epochs	3.0
795.5593677038147	0.07331629999998768	epochs	2.0
795.5593677038147	0.036812899999972615	epochs	3.0
795.5961806038147	0.03650340000001506	epochs	3.0
795.6326840038147	0.07209899999998015	epochs	2.0
795.6326840038147	0.03619909999997617	epochs	3.0
795.6688831038147	0.03589990000000398	epochs	3.0
795.7047830038147	0.07092169999998532	epochs	2.0
795.7047830038147	0.03560560000005353	epochs	3.0
795.7403886038147	0.035316099999931794	epochs	3.0
795.7757047038147	0.06978200000003199	epochs	2.0
795.7757047038147	0.03503120000004856	epochs	3.0
795.8107359038147	0.03475079999998343	epochs	3.0
795.8454867038147	0.06867859999999837	epochs	2.0
795.8454867038147	0.03447510000000875	epochs	3.0
795.8799618038147	0.03420349999998962	epochs	3.0
795.9141653038147	0.06760929999995824	epochs	2.0
795.9141653038147	0.033936199999970995	epochs	3.0
795.9481015038147	0.033673099999987244	epochs	3.0
795.9817746038146	0.06657290000009652	epochs	2.0
795.9817746038146	0.03341400000010708	epochs	3.0
796.0151886038147	0.033158899999989444	epochs	3.0
796.0483475038147	0.06556779999993978	epochs	2.0
796.0483475038147	0.032907700000009754	epochs	3.0
796.0812552038147	0.032660099999930026	epochs	3.0
796.1139153038147	0.06459259999996902	epochs	2.0
796.1139153038147	0.032416399999988244	epochs	3.0
796.1463317038147	0.03217619999998078	epochs	3.0
796.1785079038146	0.06364600000006249	epochs	2.0
796.1785079038146	0.031939600000100654	epochs	3.0
796.2104475038147	0.03170639999996183	epochs	3.0
796.2421539038147	0.0627266999999847	epochs	2.0
796.2421539038147	0.03147660000001906	epochs	3.0
796.2736305038147	0.03125009999996564	epochs	3.0
796.3048806038147	0.06183359999999993	epochs	2.0
796.3048806038147	0.031026900000028945	epochs	3.0
796.3359075038147	0.030806699999970988	epochs	3.0
796.3667142038147	0.06096560000003137	epochs	2.0
796.3667142038147	0.030589800000029754	epochs	3.0
796.3973040038147	0.030375800000001618	epochs	3.0
796.4276798038147	0.06012160000000222	epochs	2.0
796.4276798038147	0.03016489999993155	epochs	3.0
796.4578447038147	0.02995670000007067	epochs	3.0
796.4878014038147	0.05930069999999432	epochs	2.0
796.4878014038147	0.02975159999994048	epochs	3.0
796.5175530038147	0.02954910000005384	epochs	3.0
796.5471021038147	0.05850179999993088	epochs	2.0
796.5471021038147	0.02934940000000097	epochs	3.0
796.5764515038147	0.029152399999929912	epochs	3.0
796.6056039038147	0.057724200000052406	epochs	2.0
796.6056039038147	0.028957999999988715	epochs	3.0
796.6345619038146	0.02876620000006369	epochs	3.0
796.6633281038147	0.05696709999995164	epochs	2.0
796.6633281038147	0.028577000000041153	epochs	3.0
796.6919051038147	0.02839009999991049	epochs	3.0
796.7202952038147	0.056229500000085864	epochs	2.0
796.7202952038147	0.028205700000057732	epochs	3.0
796.7485009038147	0.028023800000028132	epochs	3.0
796.7765247038147	0.05551069999989977	epochs	2.0
796.7765247038147	0.027843999999959124	epochs	3.0
796.8043687038147	0.027666699999940647	epochs	3.0
796.8320354038146	0.054810200000019904	epochs	2.0
796.8320354038146	0.02749149999999645	epochs	3.0
796.8595269038146	0.027318700000023455	epochs	3.0
796.8868456038147	0.05412699999999404	epochs	2.0
796.8868456038147	0.02714780000007977	epochs	3.0
796.9139934038147	0.026979199999914272	epochs	3.0
796.9409726038147	0.0534607000000733	epochs	2.0
796.9409726038147	0.026812600000084785	epochs	3.0
796.9677852038147	0.026648099999988517	epochs	3.0
796.9944333038147	0.05281070000000909	epochs	2.0
796.9944333038147	0.026485600000000886	epochs	3.0
797.0209189038147	0.026325100000008206	epochs	3.0
797.0472440038147	0.05217619999996259	epochs	2.0
797.0472440038147	0.026166399999965506	epochs	3.0
797.0734104038147	0.026009799999997085	epochs	3.0
797.0994202038147	0.051556699999991906	epochs	2.0
797.0994202038147	0.025854800000047362	epochs	3.0
797.1252750038147	0.025701899999944544	epochs	3.0
797.1509769038147	0.05095189999997274	epochs	2.0
797.1509769038147	0.02555070000005344	epochs	3.0
797.1765276038147	0.0254011999999193	epochs	3.0
797.2019288038147	0.05036100000006627	epochs	2.0
797.2019288038147	0.0252535000000762	epochs	3.0
797.2271823038147	0.02510749999999007	epochs	3.0
797.2522898038147	0.049783800000000156	epochs	2.0
797.2522898038147	0.02496320000000196	epochs	3.0
797.2772530038147	0.024820599999998194	epochs	3.0
797.3020736038147	0.04921949999993558	epochs	2.0
797.3020736038147	0.024679399999968155	epochs	3.0
797.3267530038147	0.024540099999967424	epochs	3.0
797.3512931038147	0.04866790000005494	epochs	2.0
797.3512931038147	0.02440209999997478	epochs	3.0
797.3756952038146	0.024265800000080162	epochs	3.0
797.3999610038147	0.048128599999927246	epochs	2.0
797.3999610038147	0.024131000000011227	epochs	3.0
797.4240920038147	0.02399759999991602	epochs	3.0
797.4480896038147	0.047601100000065344	epochs	2.0
797.4480896038147	0.023865800000066884	epochs	3.0
797.4719554038147	0.02373529999999846	epochs	3.0
797.4956907038147	0.04708499999992455	epochs	2.0
797.4956907038147	0.023606299999983094	epochs	3.0
797.5192970038147	0.023478699999941455	epochs	3.0
797.5427757038146	0.04658000000006268	epochs	2.0
797.5427757038146	0.023352500000100918	epochs	3.0
797.5661282038147	0.023227499999961765	epochs	3.0
797.5893557038147	0.04608569999993506	epochs	2.0
797.5893557038147	0.023103999999989355	epochs	3.0
797.6124597038147	0.022981699999945704	epochs	3.0
797.6354414038146	0.0456018000000995	epochs	2.0
797.6354414038146	0.022860700000023826	epochs	3.0
797.6583021038147	0.022741100000075676	epochs	3.0
797.6810432038147	0.04512790000001132	epochs	2.0
797.6810432038147	0.022622500000011314	epochs	3.0
797.7036657038147	0.02250540000000001	epochs	3.0
797.7261711038147	0.044663799999966614	epochs	2.0
797.7261711038147	0.02238929999998618	epochs	3.0
797.7485604038147	0.022274499999980435	epochs	3.0
797.7708349038147	0.04420919999995476	epochs	2.0
797.7708349038147	0.022160799999937808	epochs	3.0
797.7929957038147	0.022048400000016954	epochs	3.0
797.8150441038147	0.043763600000033875	epochs	2.0
797.8150441038147	0.021936900000014248	epochs	3.0
797.8369810038147	0.021826700000019628	epochs	3.0
797.8588077038147	0.04332709999994222	epochs	2.0
797.8588077038147	0.021717599999988124	epochs	3.0
797.8805253038147	0.021609499999954096	epochs	3.0
797.9021348038146	0.04289900000003399	epochs	2.0
797.9021348038146	0.02150249999999687	epochs	3.0
797.9236373038146	0.021396500000037122	epochs	3.0
797.9450338038147	0.042479500000013104	epochs	2.0
797.9450338038147	0.02129170000000613	epochs	3.0
797.9663255038147	0.021187800000006973	epochs	3.0
797.9875133038147	0.042067900000006375	epochs	2.0
797.9875133038147	0.02108490000000529	epochs	3.0
798.0085982038147	0.020983000000001084	epochs	3.0
798.0295812038147	0.04166439999994509	epochs	2.0
798.0295812038147	0.020882199999959994	epochs	3.0
798.0504634038147	0.020782199999985096	epochs	3.0
798.0712456038146	0.04126850000000104	epochs	2.0
798.0712456038146	0.020683300000087	epochs	3.0
798.0919289038147	0.02058519999991404	epochs	3.0
798.1125141038146	0.04088000000001557	epochs	2.0
798.1125141038146	0.020488100000079612	epochs	3.0
798.1330022038147	0.02039189999993596	epochs	3.0
798.1533941038147	0.04049880000002304	epochs	2.0
798.1533941038147	0.020296600000051512	epochs	3.0
798.1736907038147	0.020202199999971526	epochs	3.0
798.1938929038147	0.04012460000001283	epochs	2.0
798.1938929038147	0.02010870000003706	epochs	3.0
798.2140016038147	0.020015899999975773	epochs	3.0
798.2340175038147	0.03975730000001931	epochs	2.0
798.2340175038147	0.019924199999991288	epochs	3.0
798.2539417038147	0.019833100000028026	epochs	3.0
798.2737748038147	0.03939669999999751	epochs	2.0
798.2737748038147	0.01974299999994855	epochs	3.0
798.2935178038147	0.019653700000048957	epochs	3.0
798.3131715038147	0.03904239999997117	epochs	2.0
798.3131715038147	0.01956510000002254	epochs	3.0
798.3327366038147	0.019477299999948627	epochs	3.0
798.3522139038147	0.03869459999998526	epochs	2.0
798.3522139038147	0.019390400000020236	epochs	3.0
798.3716043038147	0.01930419999996502	epochs	3.0
798.3909085038147	0.03835290000006353	epochs	2.0
798.3909085038147	0.019218799999976	epochs	3.0
798.4101273038146	0.01913410000008753	epochs	3.0
798.4292614038147	0.03801720000001296	epochs	2.0
798.4292614038147	0.01905019999992419	epochs	3.0
798.4483116038147	0.018967000000088774	epochs	3.0
798.4672786038147	0.03768719999993664	epochs	2.0
798.4672786038147	0.018884499999899163	epochs	3.0
798.4861631038146	0.018802700000037476	epochs	3.0
798.5049658038147	0.03736309999999321	epochs	2.0
798.5049658038147	0.018721700000014607	epochs	3.0
798.5236875038147	0.018641399999978603	epochs	3.0
798.5423289038147	0.03704430000004777	epochs	2.0
798.5423289038147	0.01856159999999818	epochs	3.0
798.5608905038147	0.01848270000004959	epochs	3.0
798.5793732038147	0.03673099999991791	epochs	2.0
798.5793732038147	0.018404299999929208	epochs	3.0
798.5977775038147	0.018326699999988705	epochs	3.0
798.6161042038146	0.036422900000047775	epochs	2.0
798.6161042038146	0.018249600000103783	epochs	3.0
798.6343538038147	0.018173299999943993	epochs	3.0
798.6525271038147	0.03612010000006194	epochs	2.0
798.6525271038147	0.0180976000000328	epochs	3.0
798.6706247038147	0.01802250000002914	epochs	3.0
798.6886472038148	0.03582209999990482	epochs	2.0
798.6886472038148	0.017947899999967376	epochs	3.0
798.7065951038147	0.017874199999937446	epochs	3.0
798.7244693038147	0.03552899999999681	epochs	2.0
798.7244693038147	0.017800800000031813	epochs	3.0
798.7422701038147	0.017728199999965	epochs	3.0
798.7599983038147	0.03524070000003121	epochs	2.0
798.7599983038147	0.017656100000067454	epochs	3.0
798.7776544038147	0.017584599999963757	epochs	3.0
798.7952390038147	0.034957100000042374	epochs	2.0
798.7952390038147	0.01751369999999497	epochs	3.0
798.8127527038147	0.017443400000047404	epochs	3.0
798.8301961038147	0.03467790000001969	epochs	2.0
798.8301961038147	0.017373599999928047	epochs	3.0
798.8475697038147	0.017304300000091644	epochs	3.0
798.8648740038147	0.03440329999989444	epochs	2.0
798.8648740038147	0.017235699999901044	epochs	3.0
798.8821097038146	0.0171675999999934	epochs	3.0
798.8992773038146	0.0341328000000658	epochs	2.0
798.8992773038146	0.017099900000062007	epochs	3.0
798.9163772038147	0.017032900000003792	epochs	3.0
798.9334101038147	0.033866699999975935	epochs	2.0
798.9334101038147	0.01696640000000116	epochs	3.0
798.9503765038147	0.016900299999974777	epochs	3.0
798.9672768038147	0.03360459999998966	epochs	2.0
798.9672768038147	0.01683479999996962	epochs	3.0
798.9841116038147	0.01676980000002004	epochs	3.0
799.0008814038147	0.03334660000007261	epochs	2.0
799.0008814038147	0.016705300000012357	epochs	3.0
799.0175867038147	0.016641300000060255	epochs	3.0
799.0342280038147	0.03309249999995245	epochs	2.0
799.0342280038147	0.01657779999993636	epochs	3.0
799.0508058038147	0.01651470000001609	epochs	3.0
799.0673205038147	0.03284229999997024	epochs	2.0
799.0673205038147	0.01645220000000336	epochs	3.0
799.0837727038147	0.01639009999996688	epochs	3.0
799.1001628038147	0.03259570000000167	epochs	2.0
799.1001628038147	0.016328400000020338	epochs	3.0
799.1164912038147	0.016267299999981333	epochs	3.0
799.1327585038147	0.032352899999978035	epochs	2.0
799.1327585038147	0.016206600000032267	epochs	3.0
799.1489651038147	0.016146299999945768	epochs	3.0
799.1651114038146	0.032113700000081735	epochs	2.0
799.1651114038146	0.016086599999994178	epochs	3.0
799.1811980038146	0.016027100000087557	epochs	3.0
799.1972251038147	0.03187800000000607	epochs	2.0
799.1972251038147	0.015968199999974786	epochs	3.0
799.2131933038147	0.015909800000031282	epochs	3.0
799.2291031038147	0.031645700000012766	epochs	2.0
799.2291031038147	0.01585160000001906	epochs	3.0
799.2449547038148	0.015794099999993705	epochs	3.0
799.2607488038147	0.031416699999908815	epochs	2.0
799.2607488038147	0.01573669999993399	epochs	3.0
799.2764855038147	0.015679999999974825	epochs	3.0
799.2921655038147	0.031191100000000915	epochs	2.0
799.2921655038147	0.015623600000026272	epochs	3.0
799.3077891038147	0.015567499999974643	epochs	3.0
799.3233566038147	0.030968700000016725	epochs	2.0
799.3233566038147	0.015512000000057924	epochs	3.0
799.3388686038147	0.0154566999999588	epochs	3.0
799.3543253038147	0.03074950000006993	epochs	2.0
799.3543253038147	0.015401999999994587	epochs	3.0
799.3697273038147	0.015347500000075343	epochs	3.0
799.3850748038147	0.030533199999922545	epochs	2.0
799.3850748038147	0.015293399999904977	epochs	3.0
799.4003682038147	0.015239800000017567	epochs	3.0
799.4156080038147	0.03032010000003993	epochs	2.0
799.4156080038147	0.015186500000027081	epochs	3.0
799.4307945038147	0.015133600000012848	epochs	3.0
799.4459281038147	0.030109899999956724	epochs	2.0
799.4459281038147	0.015081000000009226	epochs	3.0
799.4610091038147	0.015028899999947498	epochs	3.0
799.4760380038147	0.02990250000004835	epochs	2.0
799.4760380038147	0.014977000000044427	epochs	3.0
799.4910150038147	0.014925500000003922	epochs	3.0
799.5059405038147	0.029698100000018712	epochs	2.0
799.5059405038147	0.01487439999993967	epochs	3.0
799.5208149038147	0.014823700000079043	epochs	3.0
799.5356386038147	0.02949630000000525	epochs	2.0
799.5356386038147	0.014773199999922326	epochs	3.0
799.5504118038147	0.014723100000082923	epochs	3.0
799.5651349038147	0.02929740000001857	epochs	2.0
799.5651349038147	0.014673399999992398	epochs	3.0
799.5798083038147	0.014624000000026172	epochs	3.0
799.5944323038148	0.029101099999934377	epochs	2.0
799.5944323038148	0.01457489999995687	epochs	3.0
799.6090072038147	0.014526199999977507	epochs	3.0
799.6235334038147	0.028907399999980044	epochs	2.0
799.6235334038147	0.014477700000043114	epochs	3.0
799.6380111038147	0.014429699999936929	epochs	3.0
799.6524408038147	0.028716200000076242	epochs	2.0
799.6524408038147	0.014381800000023759	epochs	3.0
799.6668226038147	0.014334400000052483	epochs	3.0
799.6811570038147	0.02852759999996124	epochs	2.0
799.6811570038147	0.014287199999898803	epochs	3.0
799.6954442038146	0.014240400000062436	epochs	3.0
799.7096846038147	0.028341399999931127	epochs	2.0
799.7096846038147	0.014193800000043666	epochs	3.0
799.7238784038148	0.014147599999887461	epochs	3.0
799.7380260038146	0.028157700000065233	epochs	2.0
799.7380260038146	0.014101700000082928	epochs	3.0
799.7521277038147	0.014055999999982305	epochs	3.0
799.7661837038147	0.027976299999977527	epochs	2.0
799.7661837038147	0.01401060000000598	epochs	3.0
799.7801943038147	0.013965699999971548	epochs	3.0
799.7941600038147	0.02779720000000907	epochs	2.0
799.7941600038147	0.013920800000050804	epochs	3.0
799.8080808038147	0.013876399999958267	epochs	3.0
799.8219572038147	0.027620400000046175	epochs	2.0
799.8219572038147	0.013832200000024386	epochs	3.0
799.8357894038147	0.013788200000021789	epochs	3.0
799.8495776038147	0.027445899999975154	epochs	2.0
799.8495776038147	0.013744599999995444	epochs	3.0
799.8633222038147	0.01370129999997971	epochs	3.0
799.8770235038147	0.027273499999978412	epochs	2.0
799.8770235038147	0.013658200000008947	epochs	3.0
799.8906817038147	0.013615299999969466	epochs	3.0
799.9042970038147	0.027103399999987232	epochs	2.0
799.9042970038147	0.013572800000019924	epochs	3.0
799.9178698038147	0.013530599999967308	epochs	3.0
799.9314004038147	0.02693520000002536	epochs	2.0
799.9314004038147	0.013488400000028378	epochs	3.0
799.9448888038147	0.013446799999996983	epochs	3.0
799.9583356038147	0.026769199999989723	epochs	2.0
799.9583356038147	0.013405199999965589	epochs	3.0
799.9717408038147	0.013364000000024134	epochs	3.0
799.9851048038147	0.026605199999949036	epochs	2.0
799.9851048038147	0.013322900000048321	epochs	3.0
799.9984277038147	0.013282299999900715	epochs	3.0
800.0117100038146	0.026443200000016986	epochs	2.0
800.0117100038146	0.01324170000009417	epochs	3.0
800.0249517038147	0.013201499999922817	epochs	3.0
800.0381532038147	0.026283200000079887	epochs	2.0
800.0381532038147	0.013161500000023807	epochs	3.0
800.0513147038147	0.01312170000005608	epochs	3.0
800.0644364038147	0.02612499999997908	epochs	2.0
800.0644364038147	0.01308209999990595	epochs	3.0
800.0775185038146	0.013042900000073132	epochs	3.0
800.0905614038147	0.025968899999952555	epochs	2.0
800.0905614038147	0.013003899999944224	epochs	3.0
800.1035653038147	0.012965000000008331	epochs	3.0
800.1165303038147	0.025814500000024054	epochs	2.0
800.1165303038147	0.012926399999969362	epochs	3.0
800.1294567038146	0.012888100000054692	epochs	3.0
800.1423448038147	0.025661900000045534	epochs	2.0
800.1423448038147	0.012849899999991976	epochs	3.0
800.1551947038147	0.012812000000053558	epochs	3.0
800.1680067038147	0.025511199999982637	epochs	2.0
800.1680067038147	0.012774400000012065	epochs	3.0
800.1807811038148	0.012736799999970572	epochs	3.0
800.1935179038147	0.025362299999983406	epochs	2.0
800.1935179038147	0.01269969999998466	epochs	3.0
800.2062176038147	0.012662599999998747	epochs	3.0
800.2188802038147	0.025215000000002874	epochs	2.0
800.2188802038147	0.012625800000023446	epochs	3.0
800.2315060038147	0.012589199999979428	epochs	3.0
800.2440952038147	0.024584799999956886	epochs	2.0
800.2669763038147	0.5	epochs	-1.0
800.2686800038147	0.5027999999999793	epochs	1.0
800.7714800038146	0.49712000000010903	epochs	0.0
801.1340003013611	0.09760000000005675	epochs	0.0
801.1340003013611	0.04380289999994602	epochs	1.0
801.177803201361	0.009994200000051023	epochs	1.0
801.1877974013611	0.04380290000005971	epochs	1.0
801.231680301361	2.0	epochs	0.0
803.2316566013611	0.5	epochs	-1.0
803.231680301361	0.5028800000000047	epochs	0.0
803.231680301361	0.5028800000000047	epochs	1.0
803.7316566013611	0.002903699999933451	epochs	-1.0
803.7345603013611	21.497040000000084	epochs	0.0
804.9910001754761	0.09760000000005675	epochs	0.0
804.9910001754761	0.04380289999994602	epochs	1.0
805.034803075476	0.009994200000051023	epochs	1.0
805.0447972754761	0.04380290000005971	epochs	1.0
805.088680175476	2.0	epochs	0.0
807.0886564754761	0.5	epochs	-1.0
807.088680175476	0.50296000000003	epochs	0.0
807.088680175476	0.50296000000003	epochs	1.0
807.5886564754761	0.0029836999999588443	epochs	-1.0
807.5916401754761	21.49696000000006	epochs	0.0
808.8780002593994	0.09760000000005675	epochs	0.0
808.8780002593994	0.04380289999994602	epochs	1.0
808.9218031593994	0.009994200000051023	epochs	1.0
808.9317973593994	0.04380290000005971	epochs	1.0
808.9756802593994	2.0	epochs	0.0
810.9756565593995	0.5	epochs	-1.0
810.9756802593994	21.522800000000075	epochs	0.0
810.9756802593994	1.0	epochs	1.0
811.4756565593995	19.99831999999992	epochs	-1.0
811.9756802593994	20.0	epochs	1.0
811.9756802593994	4.356753900000058	epochs	-1.0
811.9756802593994	1.9745872000000873	epochs	2.0
811.9756802593994	1.0985622000000603	epochs	3.0
813.0742424593994	0.8760250000000269	epochs	3.0
813.9502674593995	1.352407499999913	epochs	2.0
813.9502674593995	0.7286354999999958	epochs	3.0
814.6789029593995	0.6237719999999172	epochs	3.0
815.3026749593994	1.0297592000000577	epochs	2.0
815.3026749593994	0.5453293000000485	epochs	3.0
815.8480042593994	0.4844299000000092	epochs	3.0
816.3324341593994	0.8317862000000105	epochs	2.0
816.3324341593994	0.4357762999999295	epochs	3.0
816.7682104593994	0.39600990000008096	epochs	3.0
817.1642203593995	0.6977969999999232	epochs	2.0
817.1642203593995	0.3628982000000178	epochs	3.0
817.5271185593995	0.33489879999990535	epochs	3.0
817.8620173593994	0.601045699999986	epochs	2.0
817.8620173593994	0.3109123000000409	epochs	3.0
818.1729296593994	0.29013339999994514	epochs	3.0
818.4630630593994	0.5278859000000011	epochs	2.0
818.4630630593994	0.2719586000000618	epochs	3.0
818.7350216593994	0.25592729999993935	epochs	3.0
818.9909489593994	0.4706193000000667	epochs	2.0
818.9909489593994	0.2416813000000957	epochs	3.0
819.2326302593995	0.228937999999971	epochs	3.0
819.4615682593994	0.42457039999999324	epochs	2.0
819.4615682593994	0.21747140000002219	epochs	3.0
819.6790396593995	0.20709899999997106	epochs	3.0
819.8861386593994	0.3867354000000205	epochs	2.0
819.8861386593994	0.19767109999997956	epochs	3.0
820.0838097593994	0.18906430000004093	epochs	3.0
820.2728740593994	0.3550953000000163	epochs	2.0
820.2728740593994	0.18117589999997108	epochs	3.0
820.4540499593994	0.17391940000004524	epochs	3.0
820.6279693593995	0.3282431000000088	epochs	2.0
820.6279693593995	0.16722189999995862	epochs	3.0
820.7951912593994	0.16102120000005016	epochs	3.0
820.9562124593995	0.30516799999998057	epochs	2.0
820.9562124593995	0.15526389999990897	epochs	3.0
821.1114763593994	0.1499041000000716	epochs	3.0
821.2613804593994	0.28512530000000424	epochs	2.0
821.2613804593994	0.1449020999999675	epochs	3.0
821.4062825593994	0.14022320000003674	epochs	3.0
821.5465057593995	0.2675537999999733	epochs	2.0
821.5465057593995	0.1358368999999584	epochs	3.0
821.6823426593994	0.1317169000000149	epochs	3.0
821.8140595593994	0.2520229000000427	epochs	2.0
821.8140595593994	0.1278393000000051	epochs	3.0
821.9418988593994	0.12418360000003759	epochs	3.0
822.0660824593995	0.23819649999995818	epochs	2.0
822.0660824593995	0.12073109999994358	epochs	3.0
822.1868135593994	0.1174654000000146	epochs	3.0
822.3042789593994	0.2258087999999816	epochs	2.0
822.3042789593994	0.11437190000003739	epochs	3.0
822.4186508593995	0.11143689999994422	epochs	3.0
822.5300877593994	0.2146460000000161	epochs	2.0
822.5300877593994	0.10864890000004834	epochs	3.0
822.6387366593995	0.10599709999996776	epochs	3.0
822.7447337593994	0.20453499999996438	epochs	2.0
822.7447337593994	0.10347149999995509	epochs	3.0
822.8482052593994	0.1010635000000093	epochs	3.0
822.9492687593994	0.19533400000000256	epochs	2.0
822.9492687593994	0.09876510000003691	epochs	3.0
823.0480338593994	0.09656889999996565	epochs	3.0
823.1446027593994	0.18692529999998442	epochs	2.0
823.1446027593994	0.09446830000001682	epochs	3.0
823.2390710593994	0.09245699999996759	epochs	3.0
823.3315280593994	0.17921069999999872	epochs	2.0
823.3315280593994	0.0905296000000817	epochs	3.0
823.4220576593995	0.08868109999991702	epochs	3.0
823.5107387593994	0.17210770000008324	epochs	2.0
823.5107387593994	0.08690630000000965	epochs	3.0
823.5976450593994	0.08520140000007359	epochs	3.0
823.6828464593995	0.1655463999999256	epochs	2.0
823.6828464593995	0.08356189999994967	epochs	3.0
823.7664083593994	0.08198449999997592	epochs	3.0
823.8483928593994	0.15946710000002895	epochs	2.0
823.8483928593994	0.08046539999998004	epochs	3.0
823.9288582593994	0.07900170000004891	epochs	3.0
824.0078599593994	0.15381839999997737	epochs	2.0
824.0078599593994	0.07759009999995214	epochs	3.0
824.0854500593994	0.07622830000002523	epochs	3.0
824.1616783593994	0.14855640000007497	epochs	2.0
824.1616783593994	0.07491330000004837	epochs	3.0
824.2365916593994	0.0736431000000266	epochs	3.0
824.3102347593995	0.14364239999997608	epochs	2.0
824.3102347593995	0.07241499999997814	epochs	3.0
824.3826497593994	0.07122739999999794	epochs	3.0
824.4538771593994	0.13904309999998077	epochs	2.0
824.4538771593994	0.07007799999996678	epochs	3.0
824.5239551593994	0.06896510000001399	epochs	3.0
824.5929202593994	0.1347293000000036	epochs	2.0
824.5929202593994	0.0678871000000072	epochs	3.0
824.6608073593994	0.06684219999999641	epochs	3.0
824.7276495593994	0.1306752000000415	epochs	2.0
824.7276495593994	0.06582909999997355	epochs	3.0
824.7934786593994	0.06484610000006796	epochs	3.0
824.8583247593995	0.1268577999999252	epochs	2.0
824.8583247593995	0.06389199999989614	epochs	3.0
824.9222167593994	0.06296580000002905	epochs	3.0
824.9851825593994	0.12325720000001184	epochs	2.0
824.9851825593994	0.06206580000002759	epochs	3.0
825.0472483593994	0.06119139999998424	epochs	3.0
825.1084397593994	0.11985540000000583	epochs	2.0
825.1084397593994	0.060341099999959624	epochs	3.0
825.1687808593994	0.059514300000046205	epochs	3.0
825.2282951593994	0.11663620000001629	epochs	2.0
825.2282951593994	0.05870960000004288	epochs	3.0
825.2870047593995	0.057926599999973405	epochs	3.0
825.3449313593994	0.11358559999996487	epochs	2.0
825.3449313593994	0.05716419999998834	epochs	3.0
825.4020955593994	0.05642139999997653	epochs	3.0
825.4585169593994	0.11069050000003244	epochs	2.0
825.4585169593994	0.055697900000041045	epochs	3.0
825.5142148593994	0.0549925999999914	epochs	3.0
825.5692074593994	0.10793909999995321	epochs	2.0
825.5692074593994	0.05430490000003374	epochs	3.0
825.6235123593995	0.053634199999919474	epochs	3.0
825.6771465593994	0.10532150000005913	epochs	2.0
825.6771465593994	0.05298000000004777	epochs	3.0
825.7301265593994	0.052341500000011365	epochs	3.0
825.7824680593994	0.10282759999995505	epochs	2.0
825.7824680593994	0.05171810000001642	epochs	3.0
825.8341861593995	0.051109499999938635	epochs	3.0
825.8852956593994	0.10044909999999163	epochs	2.0
825.8852956593994	0.050514900000052876	epochs	3.0
825.9358105593994	0.049934199999938755	epochs	3.0
825.9857447593994	0.09817830000008598	epochs	2.0
825.9857447593994	0.04936659999998483	epochs	3.0
826.0351113593994	0.048811700000101155	epochs	3.0
826.0839230593995	0.09600779999993847	epochs	2.0
826.0839230593995	0.04826919999993606	epochs	3.0
826.1321922593994	0.04773860000000241	epochs	3.0
826.1799308593994	0.09393120000004274	epochs	2.0
826.1799308593994	0.04721949999998287	epochs	3.0
826.2271503593994	0.046711700000059864	epochs	3.0
826.2738620593994	0.09194259999992482	epochs	2.0
826.2738620593994	0.046214599999984785	epochs	3.0
826.3200766593994	0.04572799999994004	epochs	3.0
826.3658046593994	0.09003630000006524	epochs	2.0
826.3658046593994	0.04525150000006306	epochs	3.0
826.4110561593994	0.04478480000000218	epochs	3.0
826.4558409593994	0.08820760000003247	epochs	2.0
826.4558409593994	0.044327800000019124	epochs	3.0
826.5001687593995	0.04387980000001335	epochs	3.0
826.5440485593995	0.0864516999999978	epochs	2.0
826.5440485593995	0.04344099999991613	epochs	3.0
826.5874895593994	0.04301070000008167	epochs	3.0
826.6305002593995	0.08476429999996071	epochs	2.0
826.6305002593995	0.04258899999990717	epochs	3.0
826.6730892593994	0.04217530000005354	epochs	3.0
826.7152645593994	0.08314150000001064	epochs	2.0
826.7152645593994	0.04176970000003166	epochs	3.0
826.7570342593995	0.041371799999978975	epochs	3.0
826.7984060593994	0.08157970000002024	epochs	2.0
826.7984060593994	0.040981399999964196	epochs	3.0
826.8393874593994	0.04059830000005604	epochs	3.0
826.8799857593995	0.08007549999990715	epochs	2.0
826.8799857593995	0.04022229999998217	epochs	3.0
826.9202080593994	0.03985319999992498	epochs	3.0
826.9600612593994	0.07862570000008873	epochs	2.0
826.9600612593994	0.039490800000066884	epochs	3.0
826.9995520593994	0.039134900000021844	epochs	3.0
827.0386869593995	0.07722760000001472	epochs	2.0
827.0386869593995	0.03878539999993791	epochs	3.0
827.0774723593994	0.03844220000007681	epochs	3.0
827.1159145593995	0.07587819999992007	epochs	2.0
827.1159145593995	0.03810479999992822	epochs	3.0
827.1540193593994	0.03777339999999185	epochs	3.0
827.1917927593994	0.0745752000000266	epochs	2.0
827.1917927593994	0.03744770000002973	epochs	3.0
827.2292404593994	0.03712749999999687	epochs	3.0
827.2663679593994	0.07331629999998768	epochs	2.0
827.2663679593994	0.036812899999972615	epochs	3.0
827.3031808593994	0.03650340000001506	epochs	3.0
827.3396842593994	0.07209899999998015	epochs	2.0
827.3396842593994	0.03619909999997617	epochs	3.0
827.3758833593994	0.03589990000000398	epochs	3.0
827.4117832593994	0.07092169999998532	epochs	2.0
827.4117832593994	0.03560560000005353	epochs	3.0
827.4473888593994	0.035316099999931794	epochs	3.0
827.4827049593994	0.06978200000003199	epochs	2.0
827.4827049593994	0.03503120000004856	epochs	3.0
827.5177361593994	0.03475079999998343	epochs	3.0
827.5524869593994	0.06867859999999837	epochs	2.0
827.5524869593994	0.03447510000000875	epochs	3.0
827.5869620593994	0.03420349999998962	epochs	3.0
827.6211655593994	0.06760929999995824	epochs	2.0
827.6211655593994	0.033936199999970995	epochs	3.0
827.6551017593994	0.033673099999987244	epochs	3.0
827.6887748593994	0.06657290000009652	epochs	2.0
827.6887748593994	0.03341400000010708	epochs	3.0
827.7221888593995	0.033158899999989444	epochs	3.0
827.7553477593995	0.06556779999993978	epochs	2.0
827.7553477593995	0.032907700000009754	epochs	3.0
827.7882554593995	0.032660099999930026	epochs	3.0
827.8209155593994	0.06459259999996902	epochs	2.0
827.8209155593994	0.032416399999988244	epochs	3.0
827.8533319593994	0.03217619999998078	epochs	3.0
827.8855081593994	0.06364600000006249	epochs	2.0
827.8855081593994	0.031939600000100654	epochs	3.0
827.9174477593995	0.03170639999996183	epochs	3.0
827.9491541593994	0.0627266999999847	epochs	2.0
827.9491541593994	0.03147660000001906	epochs	3.0
827.9806307593994	0.03125009999996564	epochs	3.0
828.0118808593994	0.06183359999999993	epochs	2.0
828.0118808593994	0.031026900000028945	epochs	3.0
828.0429077593994	0.030806699999970988	epochs	3.0
828.0737144593994	0.06096560000003137	epochs	2.0
828.0737144593994	0.030589800000029754	epochs	3.0
828.1043042593994	0.030375800000001618	epochs	3.0
828.1346800593994	0.06012160000000222	epochs	2.0
828.1346800593994	0.03016489999993155	epochs	3.0
828.1648449593994	0.02995670000007067	epochs	3.0
828.1948016593994	0.05930069999999432	epochs	2.0
828.1948016593994	0.02975159999994048	epochs	3.0
828.2245532593994	0.02954910000005384	epochs	3.0
828.2541023593994	0.05850179999993088	epochs	2.0
828.2541023593994	0.02934940000000097	epochs	3.0
828.2834517593994	0.029152399999929912	epochs	3.0
828.3126041593994	0.057724200000052406	epochs	2.0
828.3126041593994	0.028957999999988715	epochs	3.0
828.3415621593994	0.02876620000006369	epochs	3.0
828.3703283593994	0.05696709999995164	epochs	2.0
828.3703283593994	0.028577000000041153	epochs	3.0
828.3989053593995	0.02839009999991049	epochs	3.0
828.4272954593994	0.056229500000085864	epochs	2.0
828.4272954593994	0.028205700000057732	epochs	3.0
828.4555011593994	0.028023800000028132	epochs	3.0
828.4835249593995	0.05551069999989977	epochs	2.0
828.4835249593995	0.027843999999959124	epochs	3.0
828.5113689593994	0.027666699999940647	epochs	3.0
828.5390356593994	0.054810200000019904	epochs	2.0
828.5390356593994	0.02749149999999645	epochs	3.0
828.5665271593994	0.027318700000023455	epochs	3.0
828.5938458593994	0.05412699999999404	epochs	2.0
828.5938458593994	0.02714780000007977	epochs	3.0
828.6209936593995	0.026979199999914272	epochs	3.0
828.6479728593994	0.0534607000000733	epochs	2.0
828.6479728593994	0.026812600000084785	epochs	3.0
828.6747854593995	0.026648099999988517	epochs	3.0
828.7014335593994	0.05281070000000909	epochs	2.0
828.7014335593994	0.026485600000000886	epochs	3.0
828.7279191593994	0.026325100000008206	epochs	3.0
828.7542442593995	0.05217619999996259	epochs	2.0
828.7542442593995	0.026166399999965506	epochs	3.0
828.7804106593994	0.026009799999997085	epochs	3.0
828.8064204593994	0.051556699999991906	epochs	2.0
828.8064204593994	0.025854800000047362	epochs	3.0
828.8322752593995	0.025701899999944544	epochs	3.0
828.8579771593994	0.05095189999997274	epochs	2.0
828.8579771593994	0.02555070000005344	epochs	3.0
828.8835278593995	0.0254011999999193	epochs	3.0
828.9089290593994	0.05036100000006627	epochs	2.0
828.9089290593994	0.0252535000000762	epochs	3.0
828.9341825593995	0.02510749999999007	epochs	3.0
828.9592900593995	0.049783800000000156	epochs	2.0
828.9592900593995	0.02496320000000196	epochs	3.0
828.9842532593995	0.024820599999998194	epochs	3.0
829.0090738593995	0.04921949999993558	epochs	2.0
829.0090738593995	0.024679399999968155	epochs	3.0
829.0337532593994	0.024540099999967424	epochs	3.0
829.0582933593994	0.04866790000005494	epochs	2.0
829.0582933593994	0.02440209999997478	epochs	3.0
829.0826954593994	0.024265800000080162	epochs	3.0
829.1069612593994	0.048128599999927246	epochs	2.0
829.1069612593994	0.024131000000011227	epochs	3.0
829.1310922593995	0.02399759999991602	epochs	3.0
829.1550898593994	0.047601100000065344	epochs	2.0
829.1550898593994	0.023865800000066884	epochs	3.0
829.1789556593994	0.02373529999999846	epochs	3.0
829.2026909593994	0.04708499999992455	epochs	2.0
829.2026909593994	0.023606299999983094	epochs	3.0
829.2262972593994	0.023478699999941455	epochs	3.0
829.2497759593994	0.04658000000006268	epochs	2.0
829.2497759593994	0.023352500000100918	epochs	3.0
829.2731284593995	0.023227499999961765	epochs	3.0
829.2963559593994	0.04608569999993506	epochs	2.0
829.2963559593994	0.023103999999989355	epochs	3.0
829.3194599593994	0.022981699999945704	epochs	3.0
829.3424416593994	0.0456018000000995	epochs	2.0
829.3424416593994	0.022860700000023826	epochs	3.0
829.3653023593994	0.022741100000075676	epochs	3.0
829.3880434593995	0.04512790000001132	epochs	2.0
829.3880434593995	0.022622500000011314	epochs	3.0
829.4106659593995	0.02250540000000001	epochs	3.0
829.4331713593995	0.044663799999966614	epochs	2.0
829.4331713593995	0.02238929999998618	epochs	3.0
829.4555606593995	0.022274499999980435	epochs	3.0
829.4778351593994	0.04420919999995476	epochs	2.0
829.4778351593994	0.022160799999937808	epochs	3.0
829.4999959593994	0.022048400000016954	epochs	3.0
829.5220443593994	0.043763600000033875	epochs	2.0
829.5220443593994	0.021936900000014248	epochs	3.0
829.5439812593994	0.021826700000019628	epochs	3.0
829.5658079593994	0.04332709999994222	epochs	2.0
829.5658079593994	0.021717599999988124	epochs	3.0
829.5875255593994	0.021609499999954096	epochs	3.0
829.6091350593994	0.04289900000003399	epochs	2.0
829.6091350593994	0.02150249999999687	epochs	3.0
829.6306375593994	0.021396500000037122	epochs	3.0
829.6520340593994	0.042479500000013104	epochs	2.0
829.6520340593994	0.02129170000000613	epochs	3.0
829.6733257593994	0.021187800000006973	epochs	3.0
829.6945135593994	0.042067900000006375	epochs	2.0
829.6945135593994	0.02108490000000529	epochs	3.0
829.7155984593994	0.020983000000001084	epochs	3.0
829.7365814593994	0.04166439999994509	epochs	2.0
829.7365814593994	0.020882199999959994	epochs	3.0
829.7574636593994	0.020782199999985096	epochs	3.0
829.7782458593994	0.04126850000000104	epochs	2.0
829.7782458593994	0.020683300000087	epochs	3.0
829.7989291593994	0.02058519999991404	epochs	3.0
829.8195143593994	0.04088000000001557	epochs	2.0
829.8195143593994	0.020488100000079612	epochs	3.0
829.8400024593994	0.02039189999993596	epochs	3.0
829.8603943593994	0.04049880000002304	epochs	2.0
829.8603943593994	0.020296600000051512	epochs	3.0
829.8806909593994	0.020202199999971526	epochs	3.0
829.9008931593994	0.04012460000001283	epochs	2.0
829.9008931593994	0.02010870000003706	epochs	3.0
829.9210018593994	0.020015899999975773	epochs	3.0
829.9410177593994	0.03975730000001931	epochs	2.0
829.9410177593994	0.019924199999991288	epochs	3.0
829.9609419593994	0.019833100000028026	epochs	3.0
829.9807750593994	0.03939669999999751	epochs	2.0
829.9807750593994	0.01974299999994855	epochs	3.0
830.0005180593994	0.019653700000048957	epochs	3.0
830.0201717593994	0.03904239999997117	epochs	2.0
830.0201717593994	0.01956510000002254	epochs	3.0
830.0397368593995	0.019477299999948627	epochs	3.0
830.0592141593994	0.03869459999998526	epochs	2.0
830.0592141593994	0.019390400000020236	epochs	3.0
830.0786045593994	0.01930419999996502	epochs	3.0
830.0979087593994	0.03835290000006353	epochs	2.0
830.0979087593994	0.019218799999976	epochs	3.0
830.1171275593994	0.01913410000008753	epochs	3.0
830.1362616593995	0.03801720000001296	epochs	2.0
830.1362616593995	0.01905019999992419	epochs	3.0
830.1553118593994	0.018967000000088774	epochs	3.0
830.1742788593995	0.03768719999993664	epochs	2.0
830.1742788593995	0.018884499999899163	epochs	3.0
830.1931633593994	0.018802700000037476	epochs	3.0
830.2119660593994	0.03736309999999321	epochs	2.0
830.2119660593994	0.018721700000014607	epochs	3.0
830.2306877593994	0.018641399999978603	epochs	3.0
830.2493291593994	0.03704430000004777	epochs	2.0
830.2493291593994	0.01856159999999818	epochs	3.0
830.2678907593994	0.01848270000004959	epochs	3.0
830.2863734593994	0.03673099999991791	epochs	2.0
830.2863734593994	0.018404299999929208	epochs	3.0
830.3047777593994	0.018326699999988705	epochs	3.0
830.3231044593994	0.036422900000047775	epochs	2.0
830.3231044593994	0.018249600000103783	epochs	3.0
830.3413540593995	0.018173299999943993	epochs	3.0
830.3595273593994	0.03612010000006194	epochs	2.0
830.3595273593994	0.0180976000000328	epochs	3.0
830.3776249593994	0.01802250000002914	epochs	3.0
830.3956474593995	0.03582209999990482	epochs	2.0
830.3956474593995	0.017947899999967376	epochs	3.0
830.4135953593994	0.017874199999937446	epochs	3.0
830.4314695593994	0.03552899999999681	epochs	2.0
830.4314695593994	0.017800800000031813	epochs	3.0
830.4492703593994	0.017728199999965	epochs	3.0
830.4669985593994	0.03524070000003121	epochs	2.0
830.4669985593994	0.017656100000067454	epochs	3.0
830.4846546593994	0.017584599999963757	epochs	3.0
830.5022392593994	0.034957100000042374	epochs	2.0
830.5022392593994	0.01751369999999497	epochs	3.0
830.5197529593994	0.017443400000047404	epochs	3.0
830.5371963593994	0.03467790000001969	epochs	2.0
830.5371963593994	0.017373599999928047	epochs	3.0
830.5545699593994	0.017304300000091644	epochs	3.0
830.5718742593995	0.03440329999989444	epochs	2.0
830.5718742593995	0.017235699999901044	epochs	3.0
830.5891099593994	0.0171675999999934	epochs	3.0
830.6062775593994	0.0341328000000658	epochs	2.0
830.6062775593994	0.017099900000062007	epochs	3.0
830.6233774593994	0.017032900000003792	epochs	3.0
830.6404103593994	0.033866699999975935	epochs	2.0
830.6404103593994	0.01696640000000116	epochs	3.0
830.6573767593994	0.016900299999974777	epochs	3.0
830.6742770593994	0.03360459999998966	epochs	2.0
830.6742770593994	0.01683479999996962	epochs	3.0
830.6911118593994	0.01676980000002004	epochs	3.0
830.7078816593994	0.03334660000007261	epochs	2.0
830.7078816593994	0.016705300000012357	epochs	3.0
830.7245869593994	0.016641300000060255	epochs	3.0
830.7412282593995	0.03309249999995245	epochs	2.0
830.7412282593995	0.01657779999993636	epochs	3.0
830.7578060593994	0.01651470000001609	epochs	3.0
830.7743207593994	0.03284229999997024	epochs	2.0
830.7743207593994	0.01645220000000336	epochs	3.0
830.7907729593994	0.01639009999996688	epochs	3.0
830.8071630593994	0.03259570000000167	epochs	2.0
830.8071630593994	0.016328400000020338	epochs	3.0
830.8234914593994	0.016267299999981333	epochs	3.0
830.8397587593994	0.032352899999978035	epochs	2.0
830.8397587593994	0.016206600000032267	epochs	3.0
830.8559653593994	0.016146299999945768	epochs	3.0
830.8721116593994	0.032113700000081735	epochs	2.0
830.8721116593994	0.016086599999994178	epochs	3.0
830.8881982593994	0.016027100000087557	epochs	3.0
830.9042253593994	0.03187800000000607	epochs	2.0
830.9042253593994	0.015968199999974786	epochs	3.0
830.9201935593994	0.015909800000031282	epochs	3.0
830.9361033593995	0.031645700000012766	epochs	2.0
830.9361033593995	0.01585160000001906	epochs	3.0
830.9519549593995	0.015794099999993705	epochs	3.0
830.9677490593995	0.031416699999908815	epochs	2.0
830.9677490593995	0.01573669999993399	epochs	3.0
830.9834857593994	0.015679999999974825	epochs	3.0
830.9991657593994	0.031191100000000915	epochs	2.0
830.9991657593994	0.015623600000026272	epochs	3.0
831.0147893593994	0.015567499999974643	epochs	3.0
831.0303568593994	0.030968700000016725	epochs	2.0
831.0303568593994	0.015512000000057924	epochs	3.0
831.0458688593994	0.0154566999999588	epochs	3.0
831.0613255593994	0.03074950000006993	epochs	2.0
831.0613255593994	0.015401999999994587	epochs	3.0
831.0767275593994	0.015347500000075343	epochs	3.0
831.0920750593995	0.030533199999922545	epochs	2.0
831.0920750593995	0.015293399999904977	epochs	3.0
831.1073684593994	0.015239800000017567	epochs	3.0
831.1226082593994	0.03032010000003993	epochs	2.0
831.1226082593994	0.015186500000027081	epochs	3.0
831.1377947593994	0.015133600000012848	epochs	3.0
831.1529283593994	0.030109899999956724	epochs	2.0
831.1529283593994	0.015081000000009226	epochs	3.0
831.1680093593994	0.015028899999947498	epochs	3.0
831.1830382593994	0.02990250000004835	epochs	2.0
831.1830382593994	0.014977000000044427	epochs	3.0
831.1980152593994	0.014925500000003922	epochs	3.0
831.2129407593994	0.029698100000018712	epochs	2.0
831.2129407593994	0.01487439999993967	epochs	3.0
831.2278151593994	0.014823700000079043	epochs	3.0
831.2426388593994	0.02949630000000525	epochs	2.0
831.2426388593994	0.014773199999922326	epochs	3.0
831.2574120593994	0.014723100000082923	epochs	3.0
831.2721351593995	0.02929740000001857	epochs	2.0
831.2721351593995	0.014673399999992398	epochs	3.0
831.2868085593994	0.014624000000026172	epochs	3.0
831.3014325593995	0.029101099999934377	epochs	2.0
831.3014325593995	0.01457489999995687	epochs	3.0
831.3160074593994	0.014526199999977507	epochs	3.0
831.3305336593994	0.028907399999980044	epochs	2.0
831.3305336593994	0.014477700000043114	epochs	3.0
831.3450113593995	0.014429699999936929	epochs	3.0
831.3594410593994	0.028716200000076242	epochs	2.0
831.3594410593994	0.014381800000023759	epochs	3.0
831.3738228593994	0.014334400000052483	epochs	3.0
831.3881572593995	0.02852759999996124	epochs	2.0
831.3881572593995	0.014287199999898803	epochs	3.0
831.4024444593994	0.014240400000062436	epochs	3.0
831.4166848593994	0.028341399999931127	epochs	2.0
831.4166848593994	0.014193800000043666	epochs	3.0
831.4308786593995	0.014147599999887461	epochs	3.0
831.4450262593994	0.028157700000065233	epochs	2.0
831.4450262593994	0.014101700000082928	epochs	3.0
831.4591279593994	0.014055999999982305	epochs	3.0
831.4731839593994	0.027976299999977527	epochs	2.0
831.4731839593994	0.01401060000000598	epochs	3.0
831.4871945593994	0.013965699999971548	epochs	3.0
831.5011602593994	0.02779720000000907	epochs	2.0
831.5011602593994	0.013920800000050804	epochs	3.0
831.5150810593994	0.013876399999958267	epochs	3.0
831.5289574593994	0.027620400000046175	epochs	2.0
831.5289574593994	0.013832200000024386	epochs	3.0
831.5427896593994	0.013788200000021789	epochs	3.0
831.5565778593995	0.027445899999975154	epochs	2.0
831.5565778593995	0.013744599999995444	epochs	3.0
831.5703224593994	0.01370129999997971	epochs	3.0
831.5840237593994	0.027273499999978412	epochs	2.0
831.5840237593994	0.013658200000008947	epochs	3.0
831.5976819593994	0.013615299999969466	epochs	3.0
831.6112972593994	0.027103399999987232	epochs	2.0
831.6112972593994	0.013572800000019924	epochs	3.0
831.6248700593994	0.013530599999967308	epochs	3.0
831.6384006593994	0.02693520000002536	epochs	2.0
831.6384006593994	0.013488400000028378	epochs	3.0
831.6518890593994	0.013446799999996983	epochs	3.0
831.6653358593994	0.026769199999989723	epochs	2.0
831.6653358593994	0.013405199999965589	epochs	3.0
831.6787410593994	0.013364000000024134	epochs	3.0
831.6921050593994	0.026605199999949036	epochs	2.0
831.6921050593994	0.013322900000048321	epochs	3.0
831.7054279593995	0.013282299999900715	epochs	3.0
831.7187102593994	0.026443200000016986	epochs	2.0
831.7187102593994	0.01324170000009417	epochs	3.0
831.7319519593995	0.013201499999922817	epochs	3.0
831.7451534593994	0.026283200000079887	epochs	2.0
831.7451534593994	0.013161500000023807	epochs	3.0
831.7583149593994	0.01312170000005608	epochs	3.0
831.7714366593995	0.02612499999997908	epochs	2.0
831.7714366593995	0.01308209999990595	epochs	3.0
831.7845187593994	0.013042900000073132	epochs	3.0
831.7975616593994	0.025968899999952555	epochs	2.0
831.7975616593994	0.013003899999944224	epochs	3.0
831.8105655593994	0.012965000000008331	epochs	3.0
831.8235305593994	0.025814500000024054	epochs	2.0
831.8235305593994	0.012926399999969362	epochs	3.0
831.8364569593994	0.012888100000054692	epochs	3.0
831.8493450593994	0.025661900000045534	epochs	2.0
831.8493450593994	0.012849899999991976	epochs	3.0
831.8621949593994	0.012812000000053558	epochs	3.0
831.8750069593995	0.025511199999982637	epochs	2.0
831.8750069593995	0.012774400000012065	epochs	3.0
831.8877813593995	0.012736799999970572	epochs	3.0
831.9005181593994	0.025362299999983406	epochs	2.0
831.9005181593994	0.01269969999998466	epochs	3.0
831.9132178593994	0.012662599999998747	epochs	3.0
831.9258804593994	0.025215000000002874	epochs	2.0
831.9258804593994	0.012625800000023446	epochs	3.0
831.9385062593994	0.012589199999979428	epochs	3.0
831.9510954593994	0.024584799999956886	epochs	2.0
831.9739765593994	0.5	epochs	-1.0
831.9756802593994	0.5228000000000748	epochs	1.0
832.4984802593995	0.47712000000001353	epochs	0.0
832.8720002174377	0.09760000000005675	epochs	0.0
832.8720002174377	0.04380289999994602	epochs	1.0
832.9158031174377	0.009994200000051023	epochs	1.0
832.9257973174377	0.04380290000005971	epochs	1.0
832.9696802174377	2.0	epochs	0.0
834.9696565174378	0.5	epochs	-1.0
834.9696802174377	5.381840000000011	epochs	0.0
834.9696802174377	1.0	epochs	1.0
835.4696565174378	4.88186369999994	epochs	-1.0
835.9696802174377	4.381840000000011	epochs	1.0
835.9696802174377	4.356753900000058	epochs	-1.0
835.9696802174377	1.9745872000000873	epochs	2.0
835.9696802174377	1.0985622000000603	epochs	3.0
837.0682424174378	0.8760250000000269	epochs	3.0
837.9442674174378	1.352407499999913	epochs	2.0
837.9442674174378	0.7286354999999958	epochs	3.0
838.6729029174378	0.6237719999999172	epochs	3.0
839.2966749174377	1.0297592000000577	epochs	2.0
839.2966749174377	0.5453293000000485	epochs	3.0
839.8420042174378	0.4844299000000092	epochs	3.0
840.3264341174378	0.02508609999995315	epochs	2.0
840.3264341174378	0.02508609999995315	epochs	3.0
840.3515202174377	16.618080000000077	epochs	0.0
840.7309999465942	0.09760000000005675	epochs	0.0
840.7309999465942	0.04380289999994602	epochs	1.0
840.7748028465942	0.009994200000051023	epochs	1.0
840.7847970465942	0.04380290000005971	epochs	1.0
840.8286799465942	2.0	epochs	0.0
842.8286562465943	0.5	epochs	-1.0
842.8286799465942	0.5028800000000047	epochs	0.0
842.8286799465942	0.5028800000000047	epochs	1.0
843.3286562465943	0.002903699999933451	epochs	-1.0
843.3315599465942	21.497040000000084	epochs	0.0
844.5989999771118	0.09760000000005675	epochs	0.0
844.5989999771118	0.04380289999994602	epochs	1.0
844.6428028771118	0.009994200000051023	epochs	1.0
844.6527970771118	0.04380290000005971	epochs	1.0
844.6966799771118	2.0	epochs	0.0
846.6966562771119	0.5	epochs	-1.0
846.6966799771118	0.50296000000003	epochs	0.0
846.6966799771118	0.50296000000003	epochs	1.0
847.1966562771119	0.0029836999999588443	epochs	-1.0
847.1996399771118	21.49696000000006	epochs	0.0
848.5390000343323	0.09760000000005675	epochs	0.0
848.5390000343323	0.04380289999994602	epochs	1.0
848.5828029343322	0.009994200000051023	epochs	1.0
848.5927971343323	0.04380290000005971	epochs	1.0
848.6366800343322	2.0	epochs	0.0
850.6366563343323	0.5	epochs	-1.0
850.6366800343322	5.402879999999982	epochs	0.0
850.6366800343322	1.0	epochs	1.0
851.1366563343323	4.902903699999911	epochs	-1.0
851.6366800343322	4.402879999999982	epochs	1.0
851.6366800343322	4.356753900000058	epochs	-1.0
851.6366800343322	1.9745872000000873	epochs	2.0
851.6366800343322	1.0985622000000603	epochs	3.0
852.7352422343323	0.8760250000000269	epochs	3.0
853.6112672343323	1.352407499999913	epochs	2.0
853.6112672343323	0.7286354999999958	epochs	3.0
854.3399027343323	0.6237719999999172	epochs	3.0
854.9636747343322	1.0297592000000577	epochs	2.0
854.9636747343322	0.5453293000000485	epochs	3.0
855.5090040343323	0.4844299000000092	epochs	3.0
855.9934339343323	0.04612609999992401	epochs	2.0
855.9934339343323	0.04612609999992401	epochs	3.0
856.0395600343322	16.597040000000106	epochs	0.0
856.4190001487732	0.09760000000005675	epochs	0.0
856.4190001487732	0.04380289999994602	epochs	1.0
856.4628030487731	0.009994200000051023	epochs	1.0
856.4727972487732	0.04380290000005971	epochs	1.0
856.5166801487732	2.0	epochs	0.0
858.5166564487732	0.5	epochs	-1.0
858.5166801487732	5.38288	epochs	0.0
858.5166801487732	1.0	epochs	1.0
859.0166564487732	4.882903699999929	epochs	-1.0
859.5166801487732	4.38288	epochs	1.0
859.5166801487732	4.356753900000058	epochs	-1.0
859.5166801487732	1.9745872000000873	epochs	2.0
859.5166801487732	1.0985622000000603	epochs	3.0
860.6152423487732	0.8760250000000269	epochs	3.0
861.4912673487732	1.352407499999913	epochs	2.0
861.4912673487732	0.7286354999999958	epochs	3.0
862.2199028487732	0.6237719999999172	epochs	3.0
862.8436748487732	1.0297592000000577	epochs	2.0
862.8436748487732	0.5453293000000485	epochs	3.0
863.3890041487732	0.4844299000000092	epochs	3.0
863.8734340487732	0.0261260999999422	epochs	2.0
863.8734340487732	0.0261260999999422	epochs	3.0
863.8995601487732	16.617040000000088	epochs	0.0
864.2769999504089	0.09760000000005675	epochs	0.0
864.2769999504089	0.04380289999994602	epochs	1.0
864.3208028504089	0.009994200000051023	epochs	1.0
864.3307970504089	0.04380290000005971	epochs	1.0
864.3746799504089	2.0	epochs	0.0
866.374656250409	0.5	epochs	-1.0
866.3746799504089	0.5028800000000047	epochs	0.0
866.3746799504089	0.5028800000000047	epochs	1.0
866.874656250409	0.002903699999933451	epochs	-1.0
866.8775599504089	21.497040000000084	epochs	0.0
880.8580002784729	0.09760000000005675	epochs	0.0
880.8580002784729	0.04380289999994602	epochs	1.0
880.9018031784728	0.009994200000051023	epochs	1.0
880.9117973784729	0.04380290000005971	epochs	1.0
880.9556802784729	0.2299199999999928	epochs	0.0
880.9556802784729	0.05000000000006821	epochs	1.0
881.0056802784729	0.009999999999990905	epochs	1.0
881.0156802784729	0.049999999999954525	epochs	1.0
881.0656802784729	0.009999999999990905	epochs	1.0
881.0756802784729	0.05000000000006821	epochs	1.0
881.1256802784729	0.009999999999990905	epochs	1.0
881.1356802784729	0.04991999999992913	epochs	1.0
1966.7270002365112	0.09760000000005675	epochs	0.0
1966.7270002365112	0.04380289999994602	epochs	1.0
1966.7708031365112	0.00999420000016471	epochs	1.0
1966.7807973365113	0.04380289999994602	epochs	1.0
1966.8246802365113	0.2299199999999928	epochs	0.0
1966.8246802365113	0.049999999999954525	epochs	1.0
1966.8746802365113	0.009999999999990905	epochs	1.0
1966.8846802365113	0.049999999999954525	epochs	1.0
1966.9346802365112	0.009999999999990905	epochs	1.0
1966.9446802365112	0.049999999999954525	epochs	1.0
1966.9946802365112	0.009999999999990905	epochs	1.0
1967.0046802365111	0.049920000000156506	epochs	1.0
2023.7039999961853	0.09760000000005675	epochs	0.0
2023.7039999961853	0.04380289999994602	epochs	1.0
2023.7478028961852	0.00999420000016471	epochs	1.0
2023.7577970961854	0.04380289999994602	epochs	1.0
2023.8016799961854	2.9999199999999746	epochs	0.0
2023.8016799961854	1.0	epochs	1.0
2024.8016799961854	1.0	epochs	1.0
2025.8016799961854	0.9999199999999746	epochs	1.0
2027.9289999008179	0.09760000000005675	epochs	0.0
2027.9289999008179	0.04380289999994602	epochs	1.0
2027.9728028008178	0.00999420000016471	epochs	1.0
2027.982797000818	0.04380289999994602	epochs	1.0
2028.026679900818	2.9999199999999746	epochs	0.0
2028.026679900818	1.0	epochs	1.0
2029.026679900818	1.0	epochs	1.0
2030.026679900818	0.9999199999999746	epochs	1.0
2032.2220001220703	0.09760000000005675	epochs	0.0
2032.2220001220703	0.04380289999994602	epochs	1.0
2032.2658030220703	0.00999420000016471	epochs	1.0
2032.2757972220704	0.04380289999994602	epochs	1.0
2032.3196801220704	2.9999199999999746	epochs	0.0
2032.3196801220704	1.0	epochs	1.0
2033.3196801220704	1.0	epochs	1.0
2034.3196801220704	0.9999199999999746	epochs	1.0
2036.4130001068115	0.09760000000005675	epochs	0.0
2036.4130001068115	0.04380289999994602	epochs	1.0
2036.4568030068115	0.00999420000016471	epochs	1.0
2036.4667972068116	0.04380289999994602	epochs	1.0
2036.5106801068116	2.9999199999999746	epochs	0.0
2036.5106801068116	1.0	epochs	1.0
2037.5106801068116	1.0	epochs	1.0
2038.5106801068116	0.9999199999999746	epochs	1.0
2040.621000289917	0.09760000000005675	epochs	0.0
2040.621000289917	0.04380289999994602	epochs	1.0
2040.664803189917	0.00999420000016471	epochs	1.0
2040.674797389917	0.04380289999994602	epochs	1.0
2040.718680289917	2.9999199999999746	epochs	0.0
2040.718680289917	1.0	epochs	1.0
2041.718680289917	1.0	epochs	1.0
2042.718680289917	0.9999199999999746	epochs	1.0
2044.9180002212524	0.09760000000005675	epochs	0.0
2044.9180002212524	0.04380289999994602	epochs	1.0
2044.9618031212524	0.00999420000016471	epochs	1.0
2044.9717973212526	0.04380289999994602	epochs	1.0
2045.0156802212525	2.9999199999999746	epochs	0.0
2045.0156802212525	1.0	epochs	1.0
2046.0156802212525	1.0	epochs	1.0
2047.0156802212525	0.9999199999999746	epochs	1.0
2049.1820001602173	0.09760000000005675	epochs	0.0
2049.1820001602173	0.043802900000173395	epochs	1.0
2049.2258030602175	0.009994199999709963	epochs	1.0
2049.235797260217	0.043802900000173395	epochs	1.0
2049.279680160217	2.999920000000202	epochs	0.0
2049.279680160217	1.0	epochs	1.0
2050.279680160217	1.0	epochs	1.0
2051.279680160217	0.999920000000202	epochs	1.0
2053.459000110626	0.09760000000005675	epochs	0.0
2053.459000110626	0.043802900000173395	epochs	1.0
2053.5028030106264	0.009994199999709963	epochs	1.0
2053.512797210626	0.043802900000173395	epochs	1.0
2053.556680110626	2.999920000000202	epochs	0.0
2053.556680110626	1.0	epochs	1.0
2054.556680110626	1.0	epochs	1.0
2055.556680110626	0.999920000000202	epochs	1.0
2057.794000148773	0.09760000000005675	epochs	0.0
2057.794000148773	0.043802900000173395	epochs	1.0
2057.8378030487734	0.009994199999709963	epochs	1.0
2057.847797248773	0.043802900000173395	epochs	1.0
2057.891680148773	2.999920000000202	epochs	0.0
2057.891680148773	1.0	epochs	1.0
2058.891680148773	1.0	epochs	1.0
2059.891680148773	0.999920000000202	epochs	1.0
2062.0960001945496	0.09760000000005675	epochs	0.0
2062.0960001945496	0.043802900000173395	epochs	1.0
2062.1398030945497	0.009994199999709963	epochs	1.0
2062.1497972945494	0.043802900000173395	epochs	1.0
2062.1936801945494	2.999920000000202	epochs	0.0
2062.1936801945494	1.0	epochs	1.0
2063.1936801945494	1.0	epochs	1.0
2064.1936801945494	0.999920000000202	epochs	1.0
2066.4180002212524	0.09760000000005675	epochs	0.0
2066.4180002212524	0.043802900000173395	epochs	1.0
2066.4618031212526	0.009994199999709963	epochs	1.0
2066.4717973212523	0.043802900000173395	epochs	1.0
2066.5156802212523	2.999920000000202	epochs	0.0
2066.5156802212523	1.0	epochs	1.0
2067.5156802212523	1.0	epochs	1.0
2068.5156802212523	0.999920000000202	epochs	1.0
2070.684000015259	0.09760000000005675	epochs	0.0
2070.684000015259	0.043802900000173395	epochs	1.0
2070.727802915259	0.009994199999709963	epochs	1.0
2070.7377971152587	0.043802900000173395	epochs	1.0
2070.7816800152586	2.999920000000202	epochs	0.0
2070.7816800152586	1.0	epochs	1.0
2071.7816800152586	1.0	epochs	1.0
2072.7816800152586	0.999920000000202	epochs	1.0
2074.964000225067	0.09760000000005675	epochs	0.0
2074.964000225067	0.043802900000173395	epochs	1.0
2075.0078031250673	0.009994199999709963	epochs	1.0
2075.017797325067	0.043802900000173395	epochs	1.0
2075.061680225067	2.999920000000202	epochs	0.0
2075.061680225067	1.0	epochs	1.0
2076.061680225067	1.0	epochs	1.0
2077.061680225067	0.999920000000202	epochs	1.0
2079.2109999656677	0.09760000000005675	epochs	0.0
2079.2109999656677	0.043802900000173395	epochs	1.0
2079.254802865668	0.009994199999709963	epochs	1.0
2079.2647970656676	0.043802900000173395	epochs	1.0
2079.3086799656676	2.999920000000202	epochs	0.0
2079.3086799656676	1.0	epochs	1.0
2080.3086799656676	1.0	epochs	1.0
2081.3086799656676	0.999920000000202	epochs	1.0
2083.4900002479553	0.09760000000005675	epochs	0.0
2083.4900002479553	0.043802900000173395	epochs	1.0
2083.5338031479555	0.009994199999709963	epochs	1.0
2083.543797347955	0.043802900000173395	epochs	1.0
2083.587680247955	2.999920000000202	epochs	0.0
2083.587680247955	1.0	epochs	1.0
2084.587680247955	1.0	epochs	1.0
2085.587680247955	0.999920000000202	epochs	1.0
2087.800000190735	0.09760000000005675	epochs	0.0
2087.800000190735	0.043802900000173395	epochs	1.0
2087.843803090735	0.009994199999709963	epochs	1.0
2087.8537972907347	0.043802900000173395	epochs	1.0
2087.8976801907347	2.999920000000202	epochs	0.0
2087.8976801907347	1.0	epochs	1.0
2088.8976801907347	1.0	epochs	1.0
2089.8976801907347	0.999920000000202	epochs	1.0
2092.09299993515	0.09760000000005675	epochs	0.0
2092.09299993515	0.043802900000173395	epochs	1.0
2092.1368028351503	0.009994199999709963	epochs	1.0
2092.14679703515	0.043802900000173395	epochs	1.0
2092.19067993515	2.999920000000202	epochs	0.0
2092.19067993515	1.0	epochs	1.0
2093.19067993515	1.0	epochs	1.0
2094.19067993515	0.999920000000202	epochs	1.0
2096.3550000190735	0.09760000000005675	epochs	0.0
2096.3550000190735	0.043802900000173395	epochs	1.0
2096.3988029190737	0.009994199999709963	epochs	1.0
2096.4087971190734	0.043802900000173395	epochs	1.0
2096.4526800190733	2.999920000000202	epochs	0.0
2096.4526800190733	1.0	epochs	1.0
2097.4526800190733	1.0	epochs	1.0
2098.4526800190733	0.999920000000202	epochs	1.0
2100.6220002174377	0.09760000000005675	epochs	0.0
2100.6220002174377	0.043802900000173395	epochs	1.0
2100.665803117438	0.009994199999709963	epochs	1.0
2100.6757973174376	0.043802900000173395	epochs	1.0
2100.7196802174376	2.999920000000202	epochs	0.0
2100.7196802174376	1.0	epochs	1.0
2101.7196802174376	1.0	epochs	1.0
2102.7196802174376	0.999920000000202	epochs	1.0
2104.8109998703003	0.09760000000005675	epochs	0.0
2104.8109998703003	0.043802900000173395	epochs	1.0
2104.8548027703005	0.009994199999709963	epochs	1.0
2104.8647969703	0.043802900000173395	epochs	1.0
2104.9086798703	2.999920000000202	epochs	0.0
2104.9086798703	0.900000000000091	epochs	1.0
2105.8086798703002	0.09999999999990905	epochs	1.0
2105.9086798703	1.0	epochs	1.0
2106.9086798703	0.999920000000202	epochs	1.0
2109.0009999275208	0.09760000000005675	epochs	0.0
2109.0009999275208	0.043802900000173395	epochs	1.0
2109.044802827521	0.009994199999709963	epochs	1.0
2109.0547970275206	0.043802900000173395	epochs	1.0
2109.0986799275206	2.999920000000202	epochs	0.0
2109.0986799275206	0.900000000000091	epochs	1.0
2109.9986799275207	0.09999999999990905	epochs	1.0
2110.0986799275206	1.0	epochs	1.0
2111.0986799275206	0.999920000000202	epochs	1.0
2113.2699999809265	0.09760000000005675	epochs	0.0
2113.2699999809265	0.043802900000173395	epochs	1.0
2113.3138028809267	0.009994199999709963	epochs	1.0
2113.3237970809264	0.043802900000173395	epochs	1.0
2113.3676799809264	2.999920000000202	epochs	0.0
2113.3676799809264	0.900000000000091	epochs	1.0
2114.2676799809265	0.09999999999990905	epochs	1.0
2114.3676799809264	1.0	epochs	1.0
2115.3676799809264	0.999920000000202	epochs	1.0
2117.5520000457764	0.09760000000005675	epochs	0.0
2117.5520000457764	0.043802900000173395	epochs	1.0
2117.5958029457765	0.009994199999709963	epochs	1.0
2117.6057971457763	0.043802900000173395	epochs	1.0
2117.649680045776	2.999920000000202	epochs	0.0
2117.649680045776	0.900000000000091	epochs	1.0
2118.5496800457763	0.09999999999990905	epochs	1.0
2118.649680045776	1.0	epochs	1.0
2119.649680045776	0.999920000000202	epochs	1.0
2121.8099999427795	0.09760000000005675	epochs	0.0
2121.8099999427795	0.043802900000173395	epochs	1.0
2121.8538028427797	0.009994199999709963	epochs	1.0
2121.8637970427794	0.043802900000173395	epochs	1.0
2121.9076799427794	0.6419200000000274	epochs	0.0
2121.9076799427794	0.6419200000000274	epochs	1.0
2122.5495999427794	2.3580000000001746	epochs	0.0
