onset	duration	nwb_table	treelevel
8.375	0.09999999999999964	epochs	0.0
8.375	0.04499999999999993	epochs	1.0
8.42	0.009999999999999787	epochs	1.0
8.43	0.04499999999999993	epochs	1.0
8.475	0.7049950000000003	epochs	0.0
8.475	0.5	epochs	-1.0
8.475	0.5	epochs	-1.0
8.475	0.5	epochs	1.0
8.975	0.0600000000000005	epochs	-1.0
8.975	0.025000000000000355	epochs	-1.0
8.975	0.025000000000000355	epochs	1.0
9.0	0.009999999999999787	epochs	-1.0
9.0	0.009999999999999787	epochs	1.0
9.01	0.025000000000000355	epochs	-1.0
9.01	0.025000000000000355	epochs	1.0
9.035	0.0600000000000005	epochs	-1.0
9.035	0.025000000000000355	epochs	-1.0
9.035	0.025000000000000355	epochs	1.0
9.06	0.009999999999999787	epochs	-1.0
9.06	0.009999999999999787	epochs	1.0
9.07	0.025000000000000355	epochs	-1.0
9.07	0.025000000000000355	epochs	1.0
9.095	0.05999999999999872	epochs	-1.0
9.095	0.02499999999999858	epochs	-1.0
9.095	0.02499999999999858	epochs	1.0
9.12	0.010000000000001563	epochs	-1.0
9.12	0.010000000000001563	epochs	1.0
9.13	0.02499999999999858	epochs	-1.0
9.13	0.02499999999999858	epochs	1.0
9.155	0.024995000000000545	epochs	1.0
89.4850001335144	0.09999999999999432	epochs	0.0
89.4850001335144	0.045000000000001705	epochs	1.0
89.5300001335144	0.010000000000005116	epochs	1.0
89.54000013351441	0.044999999999987494	epochs	1.0
89.5850001335144	0.7049950000000109	epochs	0.0
89.5850001335144	0.5	epochs	-1.0
89.5850001335144	0.5	epochs	1.0
90.0850001335144	0.060000000000002274	epochs	-1.0
90.0850001335144	0.025000000000005684	epochs	-1.0
90.0850001335144	0.025000000000005684	epochs	1.0
90.1100001335144	0.010000000000005116	epochs	-1.0
90.1100001335144	0.010000000000005116	epochs	1.0
90.12000013351441	0.024999999999991473	epochs	-1.0
90.12000013351441	0.024999999999991473	epochs	1.0
90.1450001335144	0.060000000000002274	epochs	-1.0
90.1450001335144	0.025000000000005684	epochs	-1.0
90.1450001335144	0.025000000000005684	epochs	1.0
90.1700001335144	0.009999999999990905	epochs	-1.0
90.1700001335144	0.009999999999990905	epochs	1.0
90.1800001335144	0.025000000000005684	epochs	-1.0
90.1800001335144	0.025000000000005684	epochs	1.0
90.2050001335144	0.060000000000002274	epochs	-1.0
90.2050001335144	0.025000000000005684	epochs	-1.0
90.2050001335144	0.025000000000005684	epochs	1.0
90.23000013351441	0.009999999999990905	epochs	-1.0
90.23000013351441	0.009999999999990905	epochs	1.0
90.2400001335144	0.025000000000005684	epochs	-1.0
90.2400001335144	0.025000000000005684	epochs	1.0
90.2650001335144	0.024995000000004097	epochs	1.0
247.88399982452393	0.09999999999999432	epochs	0.0
247.88399982452393	0.044999999999987494	epochs	1.0
247.9289998245239	0.010000000000019327	epochs	1.0
247.93899982452393	0.044999999999987494	epochs	1.0
247.98399982452392	61.38499500000003	epochs	0.0
247.98399982452392	0.5	epochs	-1.0
247.98399982452392	0.5	epochs	-1.0
247.98399982452392	0.5	epochs	1.0
248.48399982452392	0.060000000000002274	epochs	-1.0
248.48399982452392	0.025000000000005684	epochs	-1.0
248.48399982452392	0.025000000000005684	epochs	1.0
248.50899982452393	0.009999999999990905	epochs	-1.0
248.50899982452393	0.009999999999990905	epochs	1.0
248.51899982452392	0.025000000000005684	epochs	-1.0
248.51899982452392	0.025000000000005684	epochs	1.0
248.54399982452392	0.060000000000002274	epochs	-1.0
248.54399982452392	0.025000000000005684	epochs	-1.0
248.54399982452392	0.025000000000005684	epochs	1.0
248.56899982452393	0.009999999999990905	epochs	-1.0
248.56899982452393	0.009999999999990905	epochs	1.0
248.57899982452392	0.025000000000005684	epochs	-1.0
248.57899982452392	0.025000000000005684	epochs	1.0
248.60399982452392	0.060000000000002274	epochs	-1.0
248.60399982452392	0.025000000000005684	epochs	-1.0
248.60399982452392	0.025000000000005684	epochs	1.0
248.62899982452393	0.009999999999990905	epochs	-1.0
248.62899982452393	0.009999999999990905	epochs	1.0
248.63899982452392	0.025000000000005684	epochs	-1.0
248.63899982452392	0.025000000000005684	epochs	1.0
248.66399982452393	59.99999999999997	epochs	1.0
308.6639998245239	0.5	epochs	-1.0
308.6639998245239	0.5	epochs	-1.0
308.6639998245239	0.5	epochs	1.0
309.1639998245239	0.06000000000005912	epochs	-1.0
309.1639998245239	0.025000000000034106	epochs	-1.0
309.1639998245239	0.025000000000034106	epochs	1.0
309.18899982452393	0.009999999999990905	epochs	-1.0
309.18899982452393	0.009999999999990905	epochs	1.0
309.1989998245239	0.025000000000034106	epochs	-1.0
309.1989998245239	0.025000000000034106	epochs	1.0
309.22399982452396	0.05999999999994543	epochs	-1.0
309.22399982452396	0.024999999999977263	epochs	-1.0
309.22399982452396	0.024999999999977263	epochs	1.0
309.24899982452393	0.009999999999990905	epochs	-1.0
309.24899982452393	0.009999999999990905	epochs	1.0
309.2589998245239	0.024999999999977263	epochs	-1.0
309.2589998245239	0.024999999999977263	epochs	1.0
309.2839998245239	0.060000000000002274	epochs	-1.0
309.2839998245239	0.025000000000034106	epochs	-1.0
309.2839998245239	0.025000000000034106	epochs	1.0
309.30899982452394	0.009999999999990905	epochs	-1.0
309.30899982452394	0.009999999999990905	epochs	1.0
309.3189998245239	0.024999999999977263	epochs	-1.0
309.3189998245239	0.024999999999977263	epochs	1.0
309.3439998245239	0.02499500000004673	epochs	1.0
316.87599992752075	0.10000000000002274	epochs	0.0
316.87599992752075	0.045000000000015916	epochs	1.0
316.92099992752077	0.009999999999990905	epochs	1.0
316.93099992752076	0.045000000000015916	epochs	1.0
316.9759999275208	0.7049949999999967	epochs	0.0
316.9759999275208	0.5	epochs	-1.0
316.9759999275208	0.5	epochs	-1.0
316.9759999275208	0.5	epochs	1.0
317.4759999275208	0.060000000000002274	epochs	-1.0
317.4759999275208	0.024999999999977263	epochs	-1.0
317.4759999275208	0.024999999999977263	epochs	1.0
317.50099992752075	0.009999999999990905	epochs	-1.0
317.50099992752075	0.009999999999990905	epochs	1.0
317.51099992752074	0.025000000000034106	epochs	-1.0
317.51099992752074	0.025000000000034106	epochs	1.0
317.5359999275208	0.060000000000002274	epochs	-1.0
317.5359999275208	0.024999999999977263	epochs	-1.0
317.5359999275208	0.024999999999977263	epochs	1.0
317.56099992752075	0.009999999999990905	epochs	-1.0
317.56099992752075	0.009999999999990905	epochs	1.0
317.57099992752075	0.025000000000034106	epochs	-1.0
317.57099992752075	0.025000000000034106	epochs	1.0
317.5959999275208	0.05999999999994543	epochs	-1.0
317.5959999275208	0.024999999999977263	epochs	-1.0
317.5959999275208	0.024999999999977263	epochs	1.0
317.62099992752076	0.009999999999990905	epochs	-1.0
317.62099992752076	0.009999999999990905	epochs	1.0
317.63099992752075	0.024999999999977263	epochs	-1.0
317.63099992752075	0.024999999999977263	epochs	1.0
317.6559999275207	0.02499500000004673	epochs	1.0
365.82100009918213	0.1474799999999732	epochs	0.0
365.82100009918213	0.06874040000002424	epochs	1.0
365.88974049918215	0.009999199999981556	epochs	1.0
365.89973969918213	0.0687403999999674	epochs	1.0
365.9684800991821	5.9999800000000505	epochs	0.0
365.9684800991821	0.5	epochs	1.0
365.96849269918215	0.5	epochs	-1.0
365.96849269918215	0.5	epochs	-1.0
366.4684800991821	5.0	epochs	1.0
371.4684800991821	0.4999800000000505	epochs	1.0
371.46849269918215	0.4999674000000027	epochs	-1.0
376.5260000228882	0.1474799999999732	epochs	0.0
376.5260000228882	0.06874040000002424	epochs	1.0
376.5947404228882	0.009999199999981556	epochs	1.0
376.6047396228882	0.0687403999999674	epochs	1.0
376.67348002288816	2.5128200000000334	epochs	0.0
376.67348002288816	0.5	epochs	1.0
376.6734926228882	0.5	epochs	-1.0
377.17348002288816	1.0	epochs	1.0
378.17348002288816	1.0128200000000334	epochs	1.0
378.6734926228882	0.5	epochs	-1.0
379.1863000228882	0.9871600000000171	epochs	0.0
379.5230002403259	0.1474799999999732	epochs	0.0
379.5230002403259	0.06874040000002424	epochs	1.0
379.59174064032595	0.009999199999981556	epochs	1.0
379.60173984032593	0.0687403999999674	epochs	1.0
379.6704802403259	2.5128200000000334	epochs	0.0
379.6704802403259	0.5	epochs	1.0
379.67049284032595	0.5	epochs	-1.0
380.1704802403259	1.0	epochs	1.0
381.1704802403259	1.0128200000000334	epochs	1.0
381.67049284032595	0.5	epochs	-1.0
382.18330024032593	0.9871600000000171	epochs	0.0
382.50099992752075	0.1474799999999732	epochs	0.0
382.50099992752075	0.06874040000002424	epochs	1.0
382.5697403275208	0.009999199999981556	epochs	1.0
382.57973952752076	0.0687403999999674	epochs	1.0
382.6484799275207	2.5121200000000385	epochs	0.0
382.6484799275207	0.5	epochs	1.0
382.6484925275208	0.5	epochs	-1.0
383.1484799275207	1.0	epochs	1.0
384.1484799275207	1.0121200000000385	epochs	1.0
384.6484925275208	0.5	epochs	-1.0
385.16059992752076	0.987860000000012	epochs	0.0
385.4720001220703	0.1474799999999732	epochs	0.0
385.4720001220703	0.06874040000002424	epochs	1.0
385.54074052207034	0.009999199999981556	epochs	1.0
385.5507397220703	0.0687403999999674	epochs	1.0
385.6194801220703	2.5129200000000083	epochs	0.0
385.6194801220703	0.5	epochs	1.0
385.61949272207033	0.5	epochs	-1.0
386.1194801220703	1.0	epochs	1.0
387.1194801220703	1.0129200000000083	epochs	1.0
387.61949272207033	0.5	epochs	-1.0
388.1324001220703	0.9870600000000422	epochs	0.0
388.4650001525879	0.1474799999999732	epochs	0.0
388.4650001525879	0.06874040000002424	epochs	1.0
388.5337405525879	0.009999199999981556	epochs	1.0
388.5437397525879	0.0687403999999674	epochs	1.0
388.61248015258786	2.513080000000002	epochs	0.0
388.61248015258786	0.5	epochs	1.0
388.6124927525879	0.5	epochs	-1.0
389.11248015258786	1.0	epochs	1.0
390.11248015258786	1.0130800000000022	epochs	1.0
390.6124927525879	0.5	epochs	-1.0
391.12556015258787	0.9869000000000483	epochs	0.0
391.4800000190735	0.6499800000000278	epochs	0.0
391.4800000190735	0.05000000000001137	epochs	1.0
391.5300000190735	0.5	epochs	1.0
392.0300000190735	0.09998000000001639	epochs	1.0
392.5620002746582	0.6499800000000278	epochs	0.0
392.5620002746582	0.05000000000001137	epochs	1.0
392.6120002746582	0.5	epochs	1.0
393.1120002746582	0.09998000000001639	epochs	1.0
393.62200021743774	0.6499800000000278	epochs	0.0
393.62200021743774	0.05000000000001137	epochs	1.0
393.67200021743776	0.5	epochs	1.0
394.17200021743776	0.09998000000001639	epochs	1.0
394.6729998588562	0.6499800000000278	epochs	0.0
394.6729998588562	0.05000000000001137	epochs	1.0
394.7229998588562	0.5	epochs	1.0
395.2229998588562	0.09998000000001639	epochs	1.0
395.7220001220703	0.6499800000000278	epochs	0.0
395.7220001220703	0.05000000000001137	epochs	1.0
395.7720001220703	0.5	epochs	1.0
396.2720001220703	0.09998000000001639	epochs	1.0
396.7649998664856	0.6499800000000278	epochs	0.0
396.7649998664856	0.05000000000001137	epochs	1.0
396.8149998664856	0.5	epochs	1.0
397.3149998664856	0.09998000000001639	epochs	1.0
397.85599994659424	0.6499800000000278	epochs	0.0
397.85599994659424	0.05000000000001137	epochs	1.0
397.90599994659425	0.5	epochs	1.0
398.40599994659425	0.09998000000001639	epochs	1.0
398.94799995422363	0.1474799999999732	epochs	0.0
398.94799995422363	0.06874040000002424	epochs	1.0
399.01674035422366	0.009999199999981556	epochs	1.0
399.02673955422364	0.0687403999999674	epochs	1.0
399.0954799542236	0.5527200000000221	epochs	0.0
399.0954799542236	0.5	epochs	1.0
399.09549255422365	0.5	epochs	-1.0
399.5954799542236	0.05272000000002208	epochs	1.0
399.6481999542236	4.947260000000028	epochs	0.0
419.1199998855591	0.1474799999999732	epochs	0.0
419.1199998855591	0.06874040000002424	epochs	1.0
419.1887402855591	0.009999199999981556	epochs	1.0
419.1987394855591	0.0687403999999674	epochs	1.0
419.26747988555906	2.5126800000000458	epochs	0.0
419.26747988555906	0.5	epochs	1.0
419.2674924855591	0.5	epochs	-1.0
419.76747988555906	1.0	epochs	1.0
420.76747988555906	1.0126800000000458	epochs	1.0
421.2674924855591	0.5	epochs	-1.0
421.7801598855591	2.9873000000000047	epochs	0.0
424.31500005722046	0.1474799999999732	epochs	0.0
424.31500005722046	0.06874040000002424	epochs	1.0
424.3837404572205	0.009999199999981556	epochs	1.0
424.39373965722046	0.0687403999999674	epochs	1.0
424.46248005722043	2.5129400000000146	epochs	0.0
424.46248005722043	0.5	epochs	1.0
424.4624926572205	0.5	epochs	-1.0
424.96248005722043	1.0	epochs	1.0
425.96248005722043	1.0129400000000146	epochs	1.0
426.4624926572205	0.5	epochs	-1.0
426.97542005722045	2.987040000000036	epochs	0.0
429.53600025177	0.1474799999999732	epochs	0.0
429.53600025177	0.06874040000002424	epochs	1.0
429.60474065177004	0.009999199999981556	epochs	1.0
429.61473985177	0.0687403999999674	epochs	1.0
429.68348025177	2.5126000000000204	epochs	0.0
429.68348025177	0.5	epochs	1.0
429.68349285177004	0.5	epochs	-1.0
430.18348025177	1.0	epochs	1.0
431.18348025177	1.0126000000000204	epochs	1.0
431.68349285177004	0.5	epochs	-1.0
432.19608025177	3.98738000000003	epochs	0.0
432.6729998588562	0.1474799999999732	epochs	0.0
432.6729998588562	0.06874040000002424	epochs	1.0
432.7417402588562	0.009999199999981556	epochs	1.0
432.7517394588562	0.0687403999999674	epochs	1.0
432.8204798588562	2.5125600000000077	epochs	0.0
432.8204798588562	0.5	epochs	1.0
432.8204924588562	0.5	epochs	-1.0
433.3204798588562	1.0	epochs	1.0
434.3204798588562	1.0125600000000077	epochs	1.0
434.8204924588562	0.5	epochs	-1.0
435.3330398588562	3.987420000000043	epochs	0.0
435.79300022125244	0.1474799999999732	epochs	0.0
435.79300022125244	0.06874040000002424	epochs	1.0
435.86174062125247	0.009999199999981556	epochs	1.0
435.87173982125245	0.0687403999999674	epochs	1.0
435.9404802212524	0.5523800000000278	epochs	0.0
435.9404802212524	0.5	epochs	1.0
435.94049282125246	0.5	epochs	-1.0
436.4404802212524	0.05238000000002785	epochs	1.0
436.49286022125244	5.947600000000023	epochs	0.0
451.92700004577637	0.1474799999999732	epochs	0.0
451.92700004577637	0.06874040000002424	epochs	1.0
451.9957404457764	0.009999199999981556	epochs	1.0
452.0057396457764	0.0687403999999674	epochs	1.0
452.07448004577634	2.5128200000000334	epochs	0.0
452.07448004577634	0.5	epochs	1.0
452.0744926457764	0.5	epochs	-1.0
452.57448004577634	1.0	epochs	1.0
453.57448004577634	1.0128200000000334	epochs	1.0
454.0744926457764	0.5	epochs	-1.0
454.5873000457764	3.987160000000017	epochs	0.0
455.06699991226196	0.1474799999999732	epochs	0.0
455.06699991226196	0.06874040000002424	epochs	1.0
455.135740312262	0.009999199999981556	epochs	1.0
455.14573951226197	0.0687403999999674	epochs	1.0
455.21447991226194	2.512300000000039	epochs	0.0
455.21447991226194	0.5	epochs	1.0
455.214492512262	0.5	epochs	-1.0
455.71447991226194	1.0	epochs	1.0
456.71447991226194	1.0123000000000388	epochs	1.0
457.214492512262	0.5	epochs	-1.0
457.726779912262	3.9876800000000117	epochs	0.0
458.210000038147	0.1474799999999732	epochs	0.0
458.210000038147	0.06874040000002424	epochs	1.0
458.278740438147	0.009999199999981556	epochs	1.0
458.288739638147	0.0687403999999674	epochs	1.0
458.35748003814695	0.5522400000000403	epochs	0.0
458.35748003814695	0.5	epochs	1.0
458.357492638147	0.5	epochs	-1.0
458.85748003814695	0.052240000000040254	epochs	1.0
458.909720038147	5.94774000000001	epochs	0.0
474.4040002822876	0.1474799999999732	epochs	0.0
474.4040002822876	0.06874040000002424	epochs	1.0
474.4727406822876	0.009999199999981556	epochs	1.0
474.4827398822876	0.0687403999999674	epochs	1.0
474.55148028228757	2.512320000000045	epochs	0.0
474.55148028228757	0.5	epochs	1.0
474.5514928822876	0.5	epochs	-1.0
475.05148028228757	1.0	epochs	1.0
476.05148028228757	1.0123200000000452	epochs	1.0
476.5514928822876	0.5	epochs	-1.0
477.0638002822876	3.9876600000000053	epochs	0.0
477.5659999847412	0.1474799999999732	epochs	0.0
477.5659999847412	0.06874040000002424	epochs	1.0
477.63474038474124	0.009999199999981556	epochs	1.0
477.6447395847412	0.0687403999999674	epochs	1.0
477.7134799847412	2.5125000000000455	epochs	0.0
477.7134799847412	0.5	epochs	1.0
477.71349258474123	0.5	epochs	-1.0
478.2134799847412	1.0	epochs	1.0
479.2134799847412	1.0125000000000455	epochs	1.0
479.71349258474123	0.5	epochs	-1.0
480.22597998474123	3.987480000000005	epochs	0.0
480.75400018692017	0.15298000000001366	epochs	0.0
480.75400018692017	0.05000000000001137	epochs	1.0
480.8040001869202	0.002999999999985903	epochs	1.0
480.80700018692016	0.09998000000001639	epochs	1.0
481.4340000152588	0.15298000000001366	epochs	0.0
481.4340000152588	0.05000000000001137	epochs	1.0
481.4840000152588	0.002999999999985903	epochs	1.0
481.4870000152588	0.09998000000001639	epochs	1.0
482.10900020599365	0.15298000000001366	epochs	0.0
482.10900020599365	0.05000000000001137	epochs	1.0
482.15900020599366	0.002999999999985903	epochs	1.0
482.16200020599365	0.09998000000001639	epochs	1.0
482.7779998779297	0.15298000000001366	epochs	0.0
482.7779998779297	0.05000000000001137	epochs	1.0
482.8279998779297	0.002999999999985903	epochs	1.0
482.8309998779297	0.09998000000001639	epochs	1.0
483.4570002555847	0.15298000000001366	epochs	0.0
483.4570002555847	0.05000000000001137	epochs	1.0
483.5070002555847	0.002999999999985903	epochs	1.0
483.5100002555847	0.09998000000001639	epochs	1.0
484.1579999923706	0.15298000000001366	epochs	0.0
484.1579999923706	0.05000000000001137	epochs	1.0
484.2079999923706	0.002999999999985903	epochs	1.0
484.2109999923706	0.09998000000001639	epochs	1.0
484.87200021743774	0.15298000000001366	epochs	0.0
484.87200021743774	0.05000000000001137	epochs	1.0
484.92200021743776	0.002999999999985903	epochs	1.0
484.92500021743774	0.09998000000001639	epochs	1.0
485.5840001106262	0.15298000000001366	epochs	0.0
485.5840001106262	0.05000000000001137	epochs	1.0
485.63400011062623	0.002999999999985903	epochs	1.0
485.6370001106262	0.09998000000001639	epochs	1.0
486.28700017929077	0.15298000000001366	epochs	0.0
486.28700017929077	0.05000000000001137	epochs	1.0
486.3370001792908	0.002999999999985903	epochs	1.0
486.34000017929077	0.09998000000001639	epochs	1.0
487.0089998245239	0.15298000000001366	epochs	0.0
487.0089998245239	0.05000000000001137	epochs	1.0
487.05899982452394	0.002999999999985903	epochs	1.0
487.0619998245239	0.09998000000001639	epochs	1.0
487.73099994659424	0.15298000000001366	epochs	0.0
487.73099994659424	0.05000000000001137	epochs	1.0
487.78099994659425	0.002999999999985903	epochs	1.0
487.78399994659424	0.09998000000001639	epochs	1.0
488.47100019454956	0.15298000000001366	epochs	0.0
488.47100019454956	0.05000000000001137	epochs	1.0
488.5210001945496	0.002999999999985903	epochs	1.0
488.52400019454956	0.09998000000001639	epochs	1.0
489.21600008010864	0.15298000000001366	epochs	0.0
489.21600008010864	0.05000000000001137	epochs	1.0
489.26600008010865	0.002999999999985903	epochs	1.0
489.26900008010864	0.09998000000001639	epochs	1.0
489.97300004959106	0.15298000000001366	epochs	0.0
489.97300004959106	0.05000000000001137	epochs	1.0
490.0230000495911	0.002999999999985903	epochs	1.0
490.02600004959106	0.09998000000001639	epochs	1.0
490.76000022888184	0.15298000000001366	epochs	0.0
490.76000022888184	0.05000000000001137	epochs	1.0
490.81000022888185	0.002999999999985903	epochs	1.0
490.81300022888183	0.09998000000001639	epochs	1.0
491.5110001564026	0.15298000000001366	epochs	0.0
491.5110001564026	0.05000000000001137	epochs	1.0
491.5610001564026	0.002999999999985903	epochs	1.0
491.5640001564026	0.09998000000001639	epochs	1.0
492.25	0.15298000000001366	epochs	0.0
492.25	0.05000000000001137	epochs	1.0
492.3	0.002999999999985903	epochs	1.0
492.303	0.09998000000001639	epochs	1.0
493.02500009536743	0.15298000000001366	epochs	0.0
493.02500009536743	0.05000000000001137	epochs	1.0
493.07500009536744	0.002999999999985903	epochs	1.0
493.07800009536743	0.09998000000001639	epochs	1.0
493.88700008392334	0.1474799999999732	epochs	0.0
493.88700008392334	0.06874040000002424	epochs	1.0
493.95574048392336	0.009999199999981556	epochs	1.0
493.96573968392335	0.0687403999999674	epochs	1.0
494.0344800839233	1.5127800000000207	epochs	0.0
494.0344800839233	0.5	epochs	1.0
494.03449268392336	0.5	epochs	-1.0
494.5344800839233	0.0030000000000427463	epochs	1.0
494.53748008392336	1.009779999999978	epochs	1.0
495.03749268392335	0.5	epochs	-1.0
495.54726008392333	0.09019999999998163	epochs	0.0
496.09800004959106	0.1474799999999732	epochs	0.0
496.09800004959106	0.06874040000002424	epochs	1.0
496.1667404495911	0.009999199999981556	epochs	1.0
496.17673964959107	0.0687403999999674	epochs	1.0
496.24548004959104	1.5120800000000258	epochs	0.0
496.24548004959104	0.5	epochs	1.0
496.2454926495911	0.5	epochs	-1.0
496.74548004959104	0.0030000000000427463	epochs	1.0
496.7484800495911	1.009079999999983	epochs	1.0
497.24849264959107	0.5	epochs	-1.0
497.75756004959106	0.09089999999997644	epochs	0.0
498.3309998512268	0.1474799999999732	epochs	0.0
498.3309998512268	0.06874040000002424	epochs	1.0
498.39974025122683	0.009999199999981556	epochs	1.0
498.4097394512268	0.0687403999999674	epochs	1.0
498.4784798512268	1.5130800000000022	epochs	0.0
498.4784798512268	0.5	epochs	1.0
498.4784924512268	0.5	epochs	-1.0
498.9784798512268	0.0030000000000427463	epochs	1.0
498.9814798512268	1.0100799999999595	epochs	1.0
499.4814924512268	0.5	epochs	-1.0
499.9915598512268	0.08990000000000009	epochs	0.0
500.6779999732971	0.1474799999999732	epochs	0.0
500.6779999732971	0.06874040000002424	epochs	1.0
500.74674037329714	0.009999199999981556	epochs	1.0
500.7567395732971	0.0687403999999674	epochs	1.0
500.8254799732971	6.831900000000019	epochs	0.0
500.8254799732971	0.5	epochs	1.0
500.82549257329714	0.5	epochs	-1.0
501.3254799732971	6.331900000000019	epochs	1.0
506.65779997329713	0.9995799999999804	epochs	-1.0
506.65779997329713	0.040300000000002	epochs	-1.0
507.1552925732971	0.5	epochs	-1.0
507.6573799732971	12.668080000000032	epochs	0.0
508.47100019454956	0.1474799999999732	epochs	0.0
508.47100019454956	0.06874040000002424	epochs	1.0
508.5397405945496	0.009999199999981556	epochs	1.0
508.54973979454957	0.0687403999999674	epochs	1.0
508.61848019454953	6.793040000000019	epochs	0.0
508.61848019454953	0.5	epochs	1.0
508.6184927945496	0.5	epochs	-1.0
509.11848019454953	6.293040000000019	epochs	1.0
514.4114001945495	1.000120000000038	epochs	-1.0
514.4114001945495	0.03960000000006403	epochs	-1.0
514.9088927945496	0.5	epochs	-1.0
515.4115201945496	12.706940000000031	epochs	0.0
516.058000087738	0.1474799999999732	epochs	0.0
516.058000087738	0.06874040000002424	epochs	1.0
516.1267404877381	0.009999199999924713	epochs	1.0
516.136739687738	0.06874040000002424	epochs	1.0
516.205480087738	6.732880000000023	epochs	0.0
516.205480087738	0.5	epochs	1.0
516.205492687738	0.5	epochs	-1.0
516.705480087738	6.232880000000023	epochs	1.0
521.9379000877381	1.0004599999999755	epochs	-1.0
521.9379000877381	0.039559999999937645	epochs	-1.0
522.435392687738	0.5	epochs	-1.0
522.938360087738	12.767100000000028	epochs	0.0
542.9900002479553	0.1474399999999605	epochs	0.0
542.9900002479553	0.06872180000004846	epochs	1.0
543.0587220479554	0.009996399999977257	epochs	1.0
543.0687184479553	0.06872179999993477	epochs	1.0
543.1374402479553	2.0	epochs	0.0
545.1374402479553	5.411920000000009	epochs	0.0
545.1374402479553	1.0	epochs	1.0
545.1374928479553	0.5	epochs	-1.0
545.6374928479553	4.9118674000000055	epochs	-1.0
546.1374402479553	4.411920000000009	epochs	1.0
546.1374402479553	4.356753900000058	epochs	-1.0
546.1374402479553	1.9745872000000873	epochs	2.0
546.1374402479553	1.0985622000000603	epochs	3.0
547.2360024479553	0.8760250000000269	epochs	3.0
548.1120274479554	1.352407499999913	epochs	2.0
548.1120274479554	0.7286354999999958	epochs	3.0
548.8406629479554	0.6237719999999172	epochs	3.0
549.4644349479553	1.0297592000000577	epochs	2.0
549.4644349479553	0.5453293000000485	epochs	3.0
550.0097642479553	0.4844299000000092	epochs	3.0
550.4941941479553	0.05516609999995126	epochs	2.0
550.4941941479553	0.05516609999995126	epochs	3.0
550.5493602479553	16.58800000000008	epochs	0.0
551.2589998245239	0.1474399999999605	epochs	0.0
551.2589998245239	0.06872180000004846	epochs	1.0
551.327721624524	0.009996399999977257	epochs	1.0
551.337718024524	0.06872179999993477	epochs	1.0
551.4064398245239	2.0	epochs	0.0
553.4064398245239	21.99992000000009	epochs	0.0
553.4064398245239	1.0	epochs	1.0
553.4064924245239	0.5	epochs	-1.0
553.9064924245239	19.99872000000005	epochs	-1.0
554.4064398245239	20.0	epochs	1.0
554.4064398245239	4.356753900000058	epochs	-1.0
554.4064398245239	1.9745872000000873	epochs	2.0
554.4064398245239	1.0985622000000603	epochs	3.0
555.505002024524	0.8760250000000269	epochs	3.0
556.381027024524	1.352407499999913	epochs	2.0
556.381027024524	0.7286354999999958	epochs	3.0
557.109662524524	0.6237719999999172	epochs	3.0
557.7334345245239	1.0297592000000577	epochs	2.0
557.7334345245239	0.5453293000000485	epochs	3.0
558.2787638245239	0.4844299000000092	epochs	3.0
558.763193724524	0.8317862000000105	epochs	2.0
558.763193724524	0.4357762999999295	epochs	3.0
559.1989700245239	0.39600990000008096	epochs	3.0
559.594979924524	0.6977969999999232	epochs	2.0
559.594979924524	0.3628982000000178	epochs	3.0
559.957878124524	0.33489879999990535	epochs	3.0
560.2927769245239	0.6010457000000997	epochs	2.0
560.2927769245239	0.3109123000000409	epochs	3.0
560.6036892245239	0.2901334000000588	epochs	3.0
560.893822624524	0.5278859000000011	epochs	2.0
560.893822624524	0.2719585999999481	epochs	3.0
561.1657812245239	0.25592730000005304	epochs	3.0
561.421708524524	0.470619299999953	epochs	2.0
561.421708524524	0.241681299999982	epochs	3.0
561.663389824524	0.228937999999971	epochs	3.0
561.8923278245239	0.42457039999999324	epochs	2.0
561.8923278245239	0.21747140000002219	epochs	3.0
562.109799224524	0.20709899999997106	epochs	3.0
562.3168982245239	0.3867354000000205	epochs	2.0
562.3168982245239	0.19767109999997956	epochs	3.0
562.5145693245239	0.18906430000004093	epochs	3.0
562.703633624524	0.3550953000000163	epochs	2.0
562.703633624524	0.18117589999997108	epochs	3.0
562.8848095245239	0.17391940000004524	epochs	3.0
563.058728924524	0.3282431000000088	epochs	2.0
563.058728924524	0.16722189999995862	epochs	3.0
563.2259508245239	0.16102120000005016	epochs	3.0
563.386972024524	0.30516799999998057	epochs	2.0
563.386972024524	0.15526389999990897	epochs	3.0
563.5422359245239	0.1499041000000716	epochs	3.0
563.692140024524	0.28512530000000424	epochs	2.0
563.692140024524	0.1449020999999675	epochs	3.0
563.8370421245239	0.14022320000003674	epochs	3.0
563.977265324524	0.2675537999999733	epochs	2.0
563.977265324524	0.1358368999999584	epochs	3.0
564.1131022245239	0.1317169000000149	epochs	3.0
564.2448191245239	0.2520229000000427	epochs	2.0
564.2448191245239	0.1278393000000051	epochs	3.0
564.3726584245239	0.12418360000003759	epochs	3.0
564.496842024524	0.23819649999995818	epochs	2.0
564.496842024524	0.12073109999994358	epochs	3.0
564.6175731245239	0.1174654000000146	epochs	3.0
564.7350385245239	0.2258087999999816	epochs	2.0
564.7350385245239	0.11437190000003739	epochs	3.0
564.849410424524	0.11143689999994422	epochs	3.0
564.9608473245239	0.2146460000000161	epochs	2.0
564.9608473245239	0.10864890000004834	epochs	3.0
565.069496224524	0.10599709999996776	epochs	3.0
565.1754933245239	0.20453499999996438	epochs	2.0
565.1754933245239	0.10347149999995509	epochs	3.0
565.2789648245239	0.1010635000000093	epochs	3.0
565.3800283245239	0.19533400000000256	epochs	2.0
565.3800283245239	0.09876510000003691	epochs	3.0
565.4787934245239	0.09656889999996565	epochs	3.0
565.5753623245239	0.18692529999998442	epochs	2.0
565.5753623245239	0.09446830000001682	epochs	3.0
565.6698306245239	0.09245699999996759	epochs	3.0
565.7622876245239	0.17921069999999872	epochs	2.0
565.7622876245239	0.0905296000000817	epochs	3.0
565.852817224524	0.08868109999991702	epochs	3.0
565.9414983245239	0.17210770000008324	epochs	2.0
565.9414983245239	0.08690630000000965	epochs	3.0
566.0284046245239	0.08520140000007359	epochs	3.0
566.113606024524	0.1655463999999256	epochs	2.0
566.113606024524	0.08356189999994967	epochs	3.0
566.1971679245239	0.08198449999997592	epochs	3.0
566.2791524245239	0.15946710000002895	epochs	2.0
566.2791524245239	0.08046540000009372	epochs	3.0
566.359617824524	0.07900169999993523	epochs	3.0
566.4386195245239	0.15381839999997737	epochs	2.0
566.4386195245239	0.07759010000006583	epochs	3.0
566.516209624524	0.07622829999991154	epochs	3.0
566.5924379245239	0.14855640000007497	epochs	2.0
566.5924379245239	0.07491330000004837	epochs	3.0
566.6673512245239	0.0736431000000266	epochs	3.0
566.740994324524	0.14364239999997608	epochs	2.0
566.740994324524	0.07241499999997814	epochs	3.0
566.813409324524	0.07122739999999794	epochs	3.0
566.884636724524	0.13904309999998077	epochs	2.0
566.884636724524	0.07007799999996678	epochs	3.0
566.9547147245239	0.06896510000001399	epochs	3.0
567.0236798245239	0.1347293000000036	epochs	2.0
567.0236798245239	0.0678871000000072	epochs	3.0
567.0915669245239	0.06684219999999641	epochs	3.0
567.1584091245239	0.1306752000000415	epochs	2.0
567.1584091245239	0.06582909999997355	epochs	3.0
567.2242382245239	0.06484610000006796	epochs	3.0
567.289084324524	0.1268577999999252	epochs	2.0
567.289084324524	0.06389200000000983	epochs	3.0
567.352976324524	0.06296579999991536	epochs	3.0
567.4159421245239	0.12325720000001184	epochs	2.0
567.4159421245239	0.06206580000002759	epochs	3.0
567.4780079245239	0.06119139999998424	epochs	3.0
567.5391993245239	0.11985540000000583	epochs	2.0
567.5391993245239	0.06034110000007331	epochs	3.0
567.599540424524	0.05951429999993252	epochs	3.0
567.6590547245239	0.11663620000001629	epochs	2.0
567.6590547245239	0.05870960000004288	epochs	3.0
567.717764324524	0.057926599999973405	epochs	3.0
567.7756909245239	0.11358559999996487	epochs	2.0
567.7756909245239	0.05716419999998834	epochs	3.0
567.8328551245239	0.05642139999997653	epochs	3.0
567.8892765245239	0.11069050000003244	epochs	2.0
567.8892765245239	0.055697900000041045	epochs	3.0
567.9449744245239	0.0549925999999914	epochs	3.0
567.9999670245239	0.10793909999995321	epochs	2.0
567.9999670245239	0.05430490000003374	epochs	3.0
568.054271924524	0.053634199999919474	epochs	3.0
568.1079061245239	0.10532150000005913	epochs	2.0
568.1079061245239	0.05298000000004777	epochs	3.0
568.1608861245239	0.052341500000011365	epochs	3.0
568.2132276245239	0.10282759999995505	epochs	2.0
568.2132276245239	0.05171810000001642	epochs	3.0
568.264945724524	0.051109499999938635	epochs	3.0
568.3160552245239	0.10044909999999163	epochs	2.0
568.3160552245239	0.050514900000052876	epochs	3.0
568.366570124524	0.049934199999938755	epochs	3.0
568.4165043245239	0.09817830000008598	epochs	2.0
568.4165043245239	0.04936659999998483	epochs	3.0
568.4658709245239	0.048811700000101155	epochs	3.0
568.514682624524	0.09600779999993847	epochs	2.0
568.514682624524	0.04826919999993606	epochs	3.0
568.5629518245239	0.04773860000000241	epochs	3.0
568.6106904245239	0.09393120000004274	epochs	2.0
568.6106904245239	0.04721949999998287	epochs	3.0
568.6579099245239	0.046711700000059864	epochs	3.0
568.704621624524	0.09194259999992482	epochs	2.0
568.704621624524	0.046214599999984785	epochs	3.0
568.7508362245239	0.04572799999994004	epochs	3.0
568.7965642245239	0.09003630000006524	epochs	2.0
568.7965642245239	0.04525150000006306	epochs	3.0
568.8418157245239	0.04478480000000218	epochs	3.0
568.8866005245239	0.08820760000003247	epochs	2.0
568.8866005245239	0.044327800000019124	epochs	3.0
568.930928324524	0.04387980000001335	epochs	3.0
568.974808124524	0.0864516999999978	epochs	2.0
568.974808124524	0.04344099999991613	epochs	3.0
569.0182491245239	0.04301070000008167	epochs	3.0
569.061259824524	0.08476429999996071	epochs	2.0
569.061259824524	0.04258899999990717	epochs	3.0
569.1038488245239	0.04217530000005354	epochs	3.0
569.1460241245239	0.08314150000001064	epochs	2.0
569.1460241245239	0.04176970000003166	epochs	3.0
569.187793824524	0.041371799999978975	epochs	3.0
569.229165624524	0.08157970000002024	epochs	2.0
569.229165624524	0.040981399999964196	epochs	3.0
569.2701470245239	0.04059830000005604	epochs	3.0
569.310745324524	0.08007549999990715	epochs	2.0
569.310745324524	0.04022229999998217	epochs	3.0
569.350967624524	0.03985319999992498	epochs	3.0
569.3908208245239	0.07862570000008873	epochs	2.0
569.3908208245239	0.039490800000066884	epochs	3.0
569.4303116245239	0.039134900000021844	epochs	3.0
569.469446524524	0.07722760000001472	epochs	2.0
569.469446524524	0.03878539999993791	epochs	3.0
569.5082319245239	0.03844220000007681	epochs	3.0
569.546674124524	0.07587819999992007	epochs	2.0
569.546674124524	0.03810479999992822	epochs	3.0
569.5847789245239	0.03777339999999185	epochs	3.0
569.6225523245239	0.0745752000000266	epochs	2.0
569.6225523245239	0.03744770000002973	epochs	3.0
569.6600000245239	0.03712749999999687	epochs	3.0
569.6971275245239	0.07331629999998768	epochs	2.0
569.6971275245239	0.036812899999972615	epochs	3.0
569.7339404245239	0.03650340000001506	epochs	3.0
569.7704438245239	0.07209899999998015	epochs	2.0
569.7704438245239	0.03619909999997617	epochs	3.0
569.8066429245239	0.03589990000000398	epochs	3.0
569.8425428245239	0.07092169999998532	epochs	2.0
569.8425428245239	0.03560560000005353	epochs	3.0
569.8781484245239	0.035316099999931794	epochs	3.0
569.9134645245239	0.06978200000003199	epochs	2.0
569.9134645245239	0.03503120000004856	epochs	3.0
569.9484957245239	0.03475079999998343	epochs	3.0
569.9832465245239	0.06867859999999837	epochs	2.0
569.9832465245239	0.03447510000000875	epochs	3.0
570.0177216245239	0.03420349999998962	epochs	3.0
570.0519251245239	0.06760930000007193	epochs	2.0
570.0519251245239	0.033936199999970995	epochs	3.0
570.0858613245239	0.03367310000010093	epochs	3.0
570.119534424524	0.06657289999998284	epochs	2.0
570.119534424524	0.03341399999999339	epochs	3.0
570.152948424524	0.033158899999989444	epochs	3.0
570.186107324524	0.06556779999993978	epochs	2.0
570.186107324524	0.032907700000009754	epochs	3.0
570.219015024524	0.032660099999930026	epochs	3.0
570.2516751245239	0.06459259999996902	epochs	2.0
570.2516751245239	0.032416399999988244	epochs	3.0
570.2840915245239	0.03217619999998078	epochs	3.0
570.3162677245239	0.06364600000006249	epochs	2.0
570.3162677245239	0.031939600000100654	epochs	3.0
570.348207324524	0.03170639999996183	epochs	3.0
570.3799137245239	0.0627266999999847	epochs	2.0
570.3799137245239	0.03147660000001906	epochs	3.0
570.411390324524	0.03125009999996564	epochs	3.0
570.4426404245239	0.06183359999999993	epochs	2.0
570.4426404245239	0.031026900000028945	epochs	3.0
570.473667324524	0.030806699999970988	epochs	3.0
570.5044740245239	0.06096560000003137	epochs	2.0
570.5044740245239	0.030589800000029754	epochs	3.0
570.535063824524	0.030375800000001618	epochs	3.0
570.565439624524	0.06012160000000222	epochs	2.0
570.565439624524	0.03016489999993155	epochs	3.0
570.5956045245239	0.02995670000007067	epochs	3.0
570.625561224524	0.05930069999999432	epochs	2.0
570.625561224524	0.02975159999994048	epochs	3.0
570.6553128245239	0.02954910000005384	epochs	3.0
570.684861924524	0.05850179999993088	epochs	2.0
570.684861924524	0.02934940000000097	epochs	3.0
570.714211324524	0.029152399999929912	epochs	3.0
570.7433637245239	0.057724200000052406	epochs	2.0
570.7433637245239	0.028958000000102402	epochs	3.0
570.772321724524	0.028766199999950004	epochs	3.0
570.8010879245239	0.05696709999995164	epochs	2.0
570.8010879245239	0.028577000000041153	epochs	3.0
570.829664924524	0.02839009999991049	epochs	3.0
570.8580550245239	0.056229500000085864	epochs	2.0
570.8580550245239	0.028205700000057732	epochs	3.0
570.8862607245239	0.028023800000028132	epochs	3.0
570.914284524524	0.05551070000001346	epochs	2.0
570.914284524524	0.027843999999959124	epochs	3.0
570.9421285245239	0.027666700000054334	epochs	3.0
570.969795224524	0.05481019999990622	epochs	2.0
570.969795224524	0.02749149999999645	epochs	3.0
570.997286724524	0.027318699999909768	epochs	3.0
571.0246054245239	0.05412699999999404	epochs	2.0
571.0246054245239	0.02714780000007977	epochs	3.0
571.051753224524	0.026979199999914272	epochs	3.0
571.0787324245239	0.0534607000000733	epochs	2.0
571.0787324245239	0.026812600000084785	epochs	3.0
571.105545024524	0.026648099999988517	epochs	3.0
571.132193124524	0.05281070000000909	epochs	2.0
571.132193124524	0.026485600000000886	epochs	3.0
571.158678724524	0.026325100000008206	epochs	3.0
571.185003824524	0.05217619999996259	epochs	2.0
571.185003824524	0.026166399999965506	epochs	3.0
571.2111702245239	0.026009799999997085	epochs	3.0
571.2371800245239	0.051556699999991906	epochs	2.0
571.2371800245239	0.025854800000047362	epochs	3.0
571.263034824524	0.025701899999944544	epochs	3.0
571.2887367245239	0.05095189999997274	epochs	2.0
571.2887367245239	0.02555070000005344	epochs	3.0
571.314287424524	0.0254011999999193	epochs	3.0
571.3396886245239	0.05036100000006627	epochs	2.0
571.3396886245239	0.0252535000000762	epochs	3.0
571.364942124524	0.02510749999999007	epochs	3.0
571.390049624524	0.049783800000000156	epochs	2.0
571.390049624524	0.02496320000000196	epochs	3.0
571.415012824524	0.024820599999998194	epochs	3.0
571.439833424524	0.04921949999993558	epochs	2.0
571.439833424524	0.024679399999968155	epochs	3.0
571.4645128245239	0.024540099999967424	epochs	3.0
571.4890529245239	0.04866790000005494	epochs	2.0
571.4890529245239	0.024402100000088467	epochs	3.0
571.513455024524	0.024265799999966475	epochs	3.0
571.537720824524	0.048128599999927246	epochs	2.0
571.537720824524	0.024131000000011227	epochs	3.0
571.561851824524	0.02399759999991602	epochs	3.0
571.5858494245239	0.047601100000065344	epochs	2.0
571.5858494245239	0.023865800000066884	epochs	3.0
571.6097152245239	0.02373529999999846	epochs	3.0
571.6334505245239	0.047085000000038235	epochs	2.0
571.6334505245239	0.023606299999983094	epochs	3.0
571.6570568245239	0.02347870000005514	epochs	3.0
571.680535524524	0.046579999999948996	epochs	2.0
571.680535524524	0.02335249999998723	epochs	3.0
571.703888024524	0.023227499999961765	epochs	3.0
571.7271155245239	0.046085700000048746	epochs	2.0
571.7271155245239	0.023103999999989355	epochs	3.0
571.7502195245239	0.02298170000005939	epochs	3.0
571.773201224524	0.045601799999985815	epochs	2.0
571.773201224524	0.02286069999991014	epochs	3.0
571.7960619245239	0.022741100000075676	epochs	3.0
571.818803024524	0.04512790000001132	epochs	2.0
571.818803024524	0.022622500000011314	epochs	3.0
571.841425524524	0.02250540000000001	epochs	3.0
571.863930924524	0.044663799999966614	epochs	2.0
571.863930924524	0.02238929999998618	epochs	3.0
571.886320224524	0.022274499999980435	epochs	3.0
571.9085947245239	0.04420919999995476	epochs	2.0
571.9085947245239	0.022160799999937808	epochs	3.0
571.9307555245239	0.022048400000016954	epochs	3.0
571.9528039245239	0.043763600000033875	epochs	2.0
571.9528039245239	0.021936900000014248	epochs	3.0
571.9747408245239	0.021826700000019628	epochs	3.0
571.9965675245239	0.04332709999994222	epochs	2.0
571.9965675245239	0.021717599999988124	epochs	3.0
572.0182851245239	0.021609499999954096	epochs	3.0
572.0398946245239	0.04289900000003399	epochs	2.0
572.0398946245239	0.021502500000110558	epochs	3.0
572.061397124524	0.021396499999923435	epochs	3.0
572.0827936245239	0.042479500000013104	epochs	2.0
572.0827936245239	0.02129170000000613	epochs	3.0
572.1040853245239	0.021187800000006973	epochs	3.0
572.1252731245239	0.042067900000006375	epochs	2.0
572.1252731245239	0.02108490000000529	epochs	3.0
572.1463580245239	0.020983000000001084	epochs	3.0
572.1673410245239	0.04166440000005878	epochs	2.0
572.1673410245239	0.020882199999959994	epochs	3.0
572.1882232245239	0.020782200000098783	epochs	3.0
572.209005424524	0.04126850000000104	epochs	2.0
572.209005424524	0.020683299999973315	epochs	3.0
572.229688724524	0.020585200000027726	epochs	3.0
572.250273924524	0.040879999999901884	epochs	2.0
572.250273924524	0.020488099999965925	epochs	3.0
572.270762024524	0.02039189999993596	epochs	3.0
572.2911539245239	0.04049880000002304	epochs	2.0
572.2911539245239	0.020296600000051512	epochs	3.0
572.3114505245239	0.020202199999971526	epochs	3.0
572.3316527245239	0.04012460000001283	epochs	2.0
572.3316527245239	0.02010870000003706	epochs	3.0
572.3517614245239	0.020015899999975773	epochs	3.0
572.3717773245239	0.03975730000001931	epochs	2.0
572.3717773245239	0.019924199999991288	epochs	3.0
572.3917015245239	0.019833100000028026	epochs	3.0
572.4115346245239	0.03939669999999751	epochs	2.0
572.4115346245239	0.01974299999994855	epochs	3.0
572.4312776245239	0.019653700000048957	epochs	3.0
572.4509313245239	0.03904239999997117	epochs	2.0
572.4509313245239	0.01956510000002254	epochs	3.0
572.470496424524	0.019477299999948627	epochs	3.0
572.4899737245239	0.03869459999998526	epochs	2.0
572.4899737245239	0.019390400000020236	epochs	3.0
572.5093641245239	0.01930419999996502	epochs	3.0
572.5286683245239	0.03835290000006353	epochs	2.0
572.5286683245239	0.019218799999976	epochs	3.0
572.5478871245239	0.01913410000008753	epochs	3.0
572.567021224524	0.03801720000001296	epochs	2.0
572.567021224524	0.01905019999992419	epochs	3.0
572.5860714245239	0.018967000000088774	epochs	3.0
572.605038424524	0.03768719999993664	epochs	2.0
572.605038424524	0.018884499999899163	epochs	3.0
572.6239229245239	0.018802700000037476	epochs	3.0
572.6427256245239	0.03736309999999321	epochs	2.0
572.6427256245239	0.018721700000014607	epochs	3.0
572.6614473245239	0.018641399999978603	epochs	3.0
572.6800887245239	0.03704430000004777	epochs	2.0
572.6800887245239	0.01856159999999818	epochs	3.0
572.6986503245239	0.01848270000004959	epochs	3.0
572.717133024524	0.0367310000000316	epochs	2.0
572.717133024524	0.018404299999929208	epochs	3.0
572.7355373245239	0.01832670000010239	epochs	3.0
572.753864024524	0.03642289999993409	epochs	2.0
572.753864024524	0.018249599999990096	epochs	3.0
572.772113624524	0.018173299999943993	epochs	3.0
572.7902869245239	0.03612010000006194	epochs	2.0
572.7902869245239	0.0180976000000328	epochs	3.0
572.808384524524	0.01802250000002914	epochs	3.0
572.826407024524	0.03582209999990482	epochs	2.0
572.826407024524	0.017947899999967376	epochs	3.0
572.8443549245239	0.017874199999937446	epochs	3.0
572.8622291245239	0.03552899999999681	epochs	2.0
572.8622291245239	0.017800800000031813	epochs	3.0
572.8800299245239	0.017728199999965	epochs	3.0
572.8977581245239	0.03524070000003121	epochs	2.0
572.8977581245239	0.017656100000067454	epochs	3.0
572.9154142245239	0.017584599999963757	epochs	3.0
572.9329988245239	0.034957100000042374	epochs	2.0
572.9329988245239	0.01751369999999497	epochs	3.0
572.9505125245239	0.017443400000047404	epochs	3.0
572.967955924524	0.03467790000001969	epochs	2.0
572.967955924524	0.017373599999928047	epochs	3.0
572.9853295245239	0.017304300000091644	epochs	3.0
573.002633824524	0.03440330000000813	epochs	2.0
573.002633824524	0.01723570000001473	epochs	3.0
573.019869524524	0.0171675999999934	epochs	3.0
573.037037124524	0.03413279999995211	epochs	2.0
573.037037124524	0.01709989999994832	epochs	3.0
573.0541370245239	0.017032900000003792	epochs	3.0
573.0711699245239	0.033866699999975935	epochs	2.0
573.0711699245239	0.01696640000000116	epochs	3.0
573.0881363245239	0.016900299999974777	epochs	3.0
573.1050366245239	0.03360459999998966	epochs	2.0
573.1050366245239	0.01683479999996962	epochs	3.0
573.1218714245239	0.01676980000002004	epochs	3.0
573.1386412245239	0.03334660000007261	epochs	2.0
573.1386412245239	0.016705300000012357	epochs	3.0
573.1553465245239	0.016641300000060255	epochs	3.0
573.171987824524	0.03309249999995245	epochs	2.0
573.171987824524	0.01657779999993636	epochs	3.0
573.1885656245239	0.01651470000001609	epochs	3.0
573.2050803245239	0.03284229999997024	epochs	2.0
573.2050803245239	0.01645220000000336	epochs	3.0
573.2215325245239	0.01639009999996688	epochs	3.0
573.2379226245239	0.03259570000000167	epochs	2.0
573.2379226245239	0.016328400000020338	epochs	3.0
573.2542510245239	0.016267299999981333	epochs	3.0
573.2705183245239	0.032352899999978035	epochs	2.0
573.2705183245239	0.016206600000032267	epochs	3.0
573.2867249245239	0.016146299999945768	epochs	3.0
573.3028712245239	0.032113700000081735	epochs	2.0
573.3028712245239	0.016086600000107865	epochs	3.0
573.318957824524	0.01602709999997387	epochs	3.0
573.334984924524	0.03187800000000607	epochs	2.0
573.334984924524	0.015968199999974786	epochs	3.0
573.3509531245239	0.015909800000031282	epochs	3.0
573.366862924524	0.031645700000012766	epochs	2.0
573.366862924524	0.01585160000001906	epochs	3.0
573.382714524524	0.015794099999993705	epochs	3.0
573.398508624524	0.031416699999908815	epochs	2.0
573.398508624524	0.01573669999993399	epochs	3.0
573.4142453245239	0.015679999999974825	epochs	3.0
573.4299253245239	0.031191100000000915	epochs	2.0
573.4299253245239	0.015623600000026272	epochs	3.0
573.4455489245239	0.015567499999974643	epochs	3.0
573.4611164245239	0.030968700000016725	epochs	2.0
573.4611164245239	0.015512000000057924	epochs	3.0
573.4766284245239	0.0154566999999588	epochs	3.0
573.4920851245239	0.03074950000006993	epochs	2.0
573.4920851245239	0.015401999999994587	epochs	3.0
573.5074871245239	0.015347500000075343	epochs	3.0
573.522834624524	0.030533199999922545	epochs	2.0
573.522834624524	0.015293399999904977	epochs	3.0
573.5381280245239	0.015239800000017567	epochs	3.0
573.5533678245239	0.03032010000003993	epochs	2.0
573.5533678245239	0.015186500000027081	epochs	3.0
573.5685543245239	0.015133600000012848	epochs	3.0
573.5836879245239	0.030109899999956724	epochs	2.0
573.5836879245239	0.015081000000009226	epochs	3.0
573.5987689245239	0.015028899999947498	epochs	3.0
573.6137978245239	0.02990250000004835	epochs	2.0
573.6137978245239	0.014977000000044427	epochs	3.0
573.6287748245239	0.014925500000003922	epochs	3.0
573.6437003245239	0.029698100000018712	epochs	2.0
573.6437003245239	0.01487439999993967	epochs	3.0
573.6585747245239	0.014823700000079043	epochs	3.0
573.673398424524	0.02949630000000525	epochs	2.0
573.673398424524	0.014773199999922326	epochs	3.0
573.6881716245239	0.014723100000082923	epochs	3.0
573.702894724524	0.02929740000001857	epochs	2.0
573.702894724524	0.014673399999992398	epochs	3.0
573.717568124524	0.014624000000026172	epochs	3.0
573.732192124524	0.029101099999934377	epochs	2.0
573.732192124524	0.01457489999995687	epochs	3.0
573.7467670245239	0.014526199999977507	epochs	3.0
573.7612932245239	0.028907399999980044	epochs	2.0
573.7612932245239	0.014477700000043114	epochs	3.0
573.775770924524	0.014429699999936929	epochs	3.0
573.7902006245239	0.028716200000076242	epochs	2.0
573.7902006245239	0.014381800000023759	epochs	3.0
573.8045824245239	0.014334400000052483	epochs	3.0
573.818916824524	0.02852759999996124	epochs	2.0
573.818916824524	0.01428720000001249	epochs	3.0
573.833204024524	0.01424039999994875	epochs	3.0
573.8474444245239	0.028341400000044814	epochs	2.0
573.8474444245239	0.014193800000043666	epochs	3.0
573.861638224524	0.014147600000001148	epochs	3.0
573.875785824524	0.028157699999951546	epochs	2.0
573.875785824524	0.014101699999969242	epochs	3.0
573.8898875245239	0.014055999999982305	epochs	3.0
573.9039435245239	0.027976299999977527	epochs	2.0
573.9039435245239	0.01401060000000598	epochs	3.0
573.9179541245239	0.013965699999971548	epochs	3.0
573.9319198245239	0.02779720000000907	epochs	2.0
573.9319198245239	0.013920800000050804	epochs	3.0
573.945840624524	0.013876399999958267	epochs	3.0
573.9597170245239	0.027620400000046175	epochs	2.0
573.9597170245239	0.013832200000024386	epochs	3.0
573.9735492245239	0.013788200000021789	epochs	3.0
573.987337424524	0.027445899999975154	epochs	2.0
573.987337424524	0.013744599999995444	epochs	3.0
574.001082024524	0.01370129999997971	epochs	3.0
574.0147833245239	0.027273499999978412	epochs	2.0
574.0147833245239	0.013658200000008947	epochs	3.0
574.0284415245239	0.013615299999969466	epochs	3.0
574.0420568245239	0.027103399999987232	epochs	2.0
574.0420568245239	0.013572800000019924	epochs	3.0
574.0556296245239	0.013530599999967308	epochs	3.0
574.0691602245239	0.02693520000002536	epochs	2.0
574.0691602245239	0.013488400000028378	epochs	3.0
574.0826486245239	0.013446799999996983	epochs	3.0
574.0960954245239	0.026769199999989723	epochs	2.0
574.0960954245239	0.013405199999965589	epochs	3.0
574.1095006245239	0.013364000000024134	epochs	3.0
574.1228646245239	0.026605200000062723	epochs	2.0
574.1228646245239	0.013322900000048321	epochs	3.0
574.136187524524	0.013282300000014402	epochs	3.0
574.149469824524	0.0264431999999033	epochs	2.0
574.149469824524	0.013241699999980483	epochs	3.0
574.162711524524	0.013201499999922817	epochs	3.0
574.1759130245239	0.026283200000079887	epochs	2.0
574.1759130245239	0.013161500000023807	epochs	3.0
574.1890745245239	0.01312170000005608	epochs	3.0
574.202196224524	0.02612499999997908	epochs	2.0
574.202196224524	0.013082100000019636	epochs	3.0
574.215278324524	0.013042899999959445	epochs	3.0
574.2283212245239	0.025968899999952555	epochs	2.0
574.2283212245239	0.013003899999944224	epochs	3.0
574.2413251245239	0.012965000000008331	epochs	3.0
574.2542901245239	0.025814500000024054	epochs	2.0
574.2542901245239	0.01292640000008305	epochs	3.0
574.267216524524	0.012888099999941005	epochs	3.0
574.2801046245239	0.025661900000045534	epochs	2.0
574.2801046245239	0.012849899999991976	epochs	3.0
574.2929545245239	0.012812000000053558	epochs	3.0
574.305766524524	0.025511199999982637	epochs	2.0
574.305766524524	0.012774400000012065	epochs	3.0
574.318540924524	0.012736799999970572	epochs	3.0
574.3312777245239	0.025362299999983406	epochs	2.0
574.3312777245239	0.01269969999998466	epochs	3.0
574.3439774245239	0.012662599999998747	epochs	3.0
574.3566400245239	0.025215000000002874	epochs	2.0
574.3566400245239	0.012625800000023446	epochs	3.0
574.369265824524	0.012589199999979428	epochs	3.0
574.3818550245239	0.024584799999956886	epochs	2.0
574.4052124245239	0.5	epochs	-1.0
574.4064398245239	0.9999200000000883	epochs	1.0
574.9052124245239	0.5	epochs	-1.0
576.3410000801086	0.1474399999999605	epochs	0.0
576.3410000801086	0.06872180000004846	epochs	1.0
576.4097218801087	0.009996399999977257	epochs	1.0
576.4197182801087	0.06872179999993477	epochs	1.0
576.4884400801086	2.0	epochs	0.0
578.4884400801086	0.5125600000000077	epochs	0.0
578.4884400801086	0.5125600000000077	epochs	1.0
578.4884926801086	0.5	epochs	-1.0
578.9884926801086	0.012507400000004054	epochs	-1.0
579.0010000801086	21.48736000000008	epochs	0.0
580.1570000648499	0.1474399999999605	epochs	0.0
580.1570000648499	0.06872180000004846	epochs	1.0
580.2257218648499	0.009996399999977257	epochs	1.0
580.2357182648499	0.06872179999993477	epochs	1.0
580.3044400648498	2.0	epochs	0.0
582.3044400648498	21.53183999999999	epochs	0.0
582.3044400648498	1.0	epochs	1.0
582.3044926648498	0.5	epochs	-1.0
582.8044926648498	19.99872000000005	epochs	-1.0
583.3044400648498	20.0	epochs	1.0
583.3044400648498	4.356753900000058	epochs	-1.0
583.3044400648498	1.9745872000000873	epochs	2.0
583.3044400648498	1.0985622000000603	epochs	3.0
584.4030022648499	0.8760250000000269	epochs	3.0
585.2790272648499	1.352407499999913	epochs	2.0
585.2790272648499	0.7286354999999958	epochs	3.0
586.0076627648499	0.6237719999999172	epochs	3.0
586.6314347648498	1.0297592000000577	epochs	2.0
586.6314347648498	0.5453293000000485	epochs	3.0
587.1767640648499	0.4844299000000092	epochs	3.0
587.6611939648499	0.8317862000000105	epochs	2.0
587.6611939648499	0.4357762999999295	epochs	3.0
588.0969702648498	0.39600990000008096	epochs	3.0
588.4929801648499	0.6977969999999232	epochs	2.0
588.4929801648499	0.3628982000000178	epochs	3.0
588.8558783648499	0.33489879999990535	epochs	3.0
589.1907771648498	0.6010457000000997	epochs	2.0
589.1907771648498	0.3109123000000409	epochs	3.0
589.5016894648498	0.2901334000000588	epochs	3.0
589.7918228648499	0.5278859000000011	epochs	2.0
589.7918228648499	0.2719585999999481	epochs	3.0
590.0637814648499	0.25592730000005304	epochs	3.0
590.3197087648499	0.470619299999953	epochs	2.0
590.3197087648499	0.241681299999982	epochs	3.0
590.5613900648499	0.228937999999971	epochs	3.0
590.7903280648499	0.42457039999999324	epochs	2.0
590.7903280648499	0.21747140000002219	epochs	3.0
591.0077994648499	0.20709899999997106	epochs	3.0
591.2148984648499	0.3867354000000205	epochs	2.0
591.2148984648499	0.19767109999997956	epochs	3.0
591.4125695648498	0.18906430000004093	epochs	3.0
591.6016338648499	0.3550953000000163	epochs	2.0
591.6016338648499	0.18117589999997108	epochs	3.0
591.7828097648498	0.17391940000004524	epochs	3.0
591.9567291648499	0.3282431000000088	epochs	2.0
591.9567291648499	0.16722189999995862	epochs	3.0
592.1239510648498	0.16102120000005016	epochs	3.0
592.2849722648499	0.30516799999998057	epochs	2.0
592.2849722648499	0.15526389999990897	epochs	3.0
592.4402361648498	0.1499041000000716	epochs	3.0
592.5901402648499	0.28512530000000424	epochs	2.0
592.5901402648499	0.1449020999999675	epochs	3.0
592.7350423648498	0.14022320000003674	epochs	3.0
592.8752655648499	0.2675537999999733	epochs	2.0
592.8752655648499	0.1358368999999584	epochs	3.0
593.0111024648498	0.1317169000000149	epochs	3.0
593.1428193648499	0.2520229000000427	epochs	2.0
593.1428193648499	0.1278393000000051	epochs	3.0
593.2706586648499	0.12418360000003759	epochs	3.0
593.3948422648499	0.23819649999995818	epochs	2.0
593.3948422648499	0.12073109999994358	epochs	3.0
593.5155733648498	0.1174654000000146	epochs	3.0
593.6330387648499	0.2258087999999816	epochs	2.0
593.6330387648499	0.11437190000003739	epochs	3.0
593.7474106648499	0.11143689999994422	epochs	3.0
593.8588475648498	0.2146460000000161	epochs	2.0
593.8588475648498	0.10864890000004834	epochs	3.0
593.9674964648499	0.10599709999996776	epochs	3.0
594.0734935648499	0.20453499999996438	epochs	2.0
594.0734935648499	0.10347149999995509	epochs	3.0
594.1769650648498	0.1010635000000093	epochs	3.0
594.2780285648498	0.19533400000000256	epochs	2.0
594.2780285648498	0.09876510000003691	epochs	3.0
594.3767936648499	0.09656889999996565	epochs	3.0
594.4733625648498	0.18692529999998442	epochs	2.0
594.4733625648498	0.09446830000001682	epochs	3.0
594.5678308648498	0.09245699999996759	epochs	3.0
594.6602878648498	0.17921069999999872	epochs	2.0
594.6602878648498	0.0905296000000817	epochs	3.0
594.7508174648499	0.08868109999991702	epochs	3.0
594.8394985648498	0.17210770000008324	epochs	2.0
594.8394985648498	0.08690630000000965	epochs	3.0
594.9264048648498	0.08520140000007359	epochs	3.0
595.0116062648499	0.1655463999999256	epochs	2.0
595.0116062648499	0.08356189999994967	epochs	3.0
595.0951681648498	0.08198449999997592	epochs	3.0
595.1771526648498	0.15946710000002895	epochs	2.0
595.1771526648498	0.08046540000009372	epochs	3.0
595.2576180648499	0.07900169999993523	epochs	3.0
595.3366197648498	0.15381839999997737	epochs	2.0
595.3366197648498	0.07759010000006583	epochs	3.0
595.4142098648499	0.07622829999991154	epochs	3.0
595.4904381648498	0.14855640000007497	epochs	2.0
595.4904381648498	0.07491330000004837	epochs	3.0
595.5653514648499	0.0736431000000266	epochs	3.0
595.6389945648499	0.14364239999997608	epochs	2.0
595.6389945648499	0.07241499999997814	epochs	3.0
595.7114095648499	0.07122739999999794	epochs	3.0
595.7826369648499	0.13904309999998077	epochs	2.0
595.7826369648499	0.07007799999996678	epochs	3.0
595.8527149648498	0.06896510000001399	epochs	3.0
595.9216800648499	0.1347293000000036	epochs	2.0
595.9216800648499	0.0678871000000072	epochs	3.0
595.9895671648499	0.06684219999999641	epochs	3.0
596.0564093648499	0.1306752000000415	epochs	2.0
596.0564093648499	0.06582909999997355	epochs	3.0
596.1222384648498	0.06484610000006796	epochs	3.0
596.1870845648499	0.1268577999999252	epochs	2.0
596.1870845648499	0.06389200000000983	epochs	3.0
596.2509765648499	0.06296579999991536	epochs	3.0
596.3139423648498	0.12325720000001184	epochs	2.0
596.3139423648498	0.06206580000002759	epochs	3.0
596.3760081648498	0.06119139999998424	epochs	3.0
596.4371995648498	0.11985540000000583	epochs	2.0
596.4371995648498	0.06034110000007331	epochs	3.0
596.4975406648499	0.05951429999993252	epochs	3.0
596.5570549648498	0.11663620000001629	epochs	2.0
596.5570549648498	0.05870960000004288	epochs	3.0
596.6157645648499	0.057926599999973405	epochs	3.0
596.6736911648499	0.11358559999996487	epochs	2.0
596.6736911648499	0.05716419999998834	epochs	3.0
596.7308553648498	0.05642139999997653	epochs	3.0
596.7872767648498	0.11069050000003244	epochs	2.0
596.7872767648498	0.055697900000041045	epochs	3.0
596.8429746648499	0.0549925999999914	epochs	3.0
596.8979672648499	0.10793909999995321	epochs	2.0
596.8979672648499	0.05430490000003374	epochs	3.0
596.9522721648499	0.053634199999919474	epochs	3.0
597.0059063648498	0.10532150000005913	epochs	2.0
597.0059063648498	0.05298000000004777	epochs	3.0
597.0588863648499	0.052341500000011365	epochs	3.0
597.1112278648499	0.10282759999995505	epochs	2.0
597.1112278648499	0.05171810000001642	epochs	3.0
597.1629459648499	0.051109499999938635	epochs	3.0
597.2140554648498	0.10044909999999163	epochs	2.0
597.2140554648498	0.050514900000052876	epochs	3.0
597.2645703648499	0.049934199999938755	epochs	3.0
597.3145045648498	0.09817830000008598	epochs	2.0
597.3145045648498	0.04936659999998483	epochs	3.0
597.3638711648498	0.048811700000101155	epochs	3.0
597.4126828648499	0.09600779999993847	epochs	2.0
597.4126828648499	0.04826919999993606	epochs	3.0
597.4609520648498	0.04773860000000241	epochs	3.0
597.5086906648498	0.09393120000004274	epochs	2.0
597.5086906648498	0.04721949999998287	epochs	3.0
597.5559101648498	0.046711700000059864	epochs	3.0
597.6026218648499	0.09194259999992482	epochs	2.0
597.6026218648499	0.046214599999984785	epochs	3.0
597.6488364648499	0.04572799999994004	epochs	3.0
597.6945644648498	0.09003630000006524	epochs	2.0
597.6945644648498	0.04525150000006306	epochs	3.0
597.7398159648499	0.04478480000000218	epochs	3.0
597.7846007648499	0.08820760000003247	epochs	2.0
597.7846007648499	0.044327800000019124	epochs	3.0
597.8289285648499	0.04387980000001335	epochs	3.0
597.8728083648499	0.0864516999999978	epochs	2.0
597.8728083648499	0.04344099999991613	epochs	3.0
597.9162493648498	0.04301070000008167	epochs	3.0
597.9592600648499	0.08476429999996071	epochs	2.0
597.9592600648499	0.04258899999990717	epochs	3.0
598.0018490648498	0.04217530000005354	epochs	3.0
598.0440243648499	0.08314150000001064	epochs	2.0
598.0440243648499	0.04176970000003166	epochs	3.0
598.0857940648499	0.041371799999978975	epochs	3.0
598.1271658648499	0.08157970000002024	epochs	2.0
598.1271658648499	0.040981399999964196	epochs	3.0
598.1681472648498	0.04059830000005604	epochs	3.0
598.2087455648499	0.08007549999990715	epochs	2.0
598.2087455648499	0.04022229999998217	epochs	3.0
598.2489678648499	0.03985319999992498	epochs	3.0
598.2888210648498	0.07862570000008873	epochs	2.0
598.2888210648498	0.039490800000066884	epochs	3.0
598.3283118648499	0.039134900000021844	epochs	3.0
598.3674467648499	0.07722760000001472	epochs	2.0
598.3674467648499	0.03878539999993791	epochs	3.0
598.4062321648498	0.03844220000007681	epochs	3.0
598.4446743648499	0.07587819999992007	epochs	2.0
598.4446743648499	0.03810479999992822	epochs	3.0
598.4827791648498	0.03777339999999185	epochs	3.0
598.5205525648498	0.0745752000000266	epochs	2.0
598.5205525648498	0.03744770000002973	epochs	3.0
598.5580002648499	0.03712749999999687	epochs	3.0
598.5951277648498	0.07331629999998768	epochs	2.0
598.5951277648498	0.036812899999972615	epochs	3.0
598.6319406648498	0.03650340000001506	epochs	3.0
598.6684440648498	0.07209899999998015	epochs	2.0
598.6684440648498	0.03619909999997617	epochs	3.0
598.7046431648498	0.03589990000000398	epochs	3.0
598.7405430648498	0.07092169999998532	epochs	2.0
598.7405430648498	0.03560560000005353	epochs	3.0
598.7761486648499	0.035316099999931794	epochs	3.0
598.8114647648498	0.06978200000003199	epochs	2.0
598.8114647648498	0.03503120000004856	epochs	3.0
598.8464959648499	0.03475079999998343	epochs	3.0
598.8812467648498	0.06867859999999837	epochs	2.0
598.8812467648498	0.03447510000000875	epochs	3.0
598.9157218648498	0.03420349999998962	epochs	3.0
598.9499253648498	0.06760930000007193	epochs	2.0
598.9499253648498	0.033936199999970995	epochs	3.0
598.9838615648498	0.03367310000010093	epochs	3.0
599.0175346648499	0.06657289999998284	epochs	2.0
599.0175346648499	0.03341399999999339	epochs	3.0
599.0509486648499	0.033158899999989444	epochs	3.0
599.0841075648499	0.06556779999993978	epochs	2.0
599.0841075648499	0.032907700000009754	epochs	3.0
599.1170152648499	0.032660099999930026	epochs	3.0
599.1496753648498	0.06459259999996902	epochs	2.0
599.1496753648498	0.032416399999988244	epochs	3.0
599.1820917648498	0.03217619999998078	epochs	3.0
599.2142679648498	0.06364600000006249	epochs	2.0
599.2142679648498	0.031939600000100654	epochs	3.0
599.2462075648499	0.03170639999996183	epochs	3.0
599.2779139648499	0.0627266999999847	epochs	2.0
599.2779139648499	0.03147660000001906	epochs	3.0
599.3093905648499	0.03125009999996564	epochs	3.0
599.3406406648498	0.06183359999999993	epochs	2.0
599.3406406648498	0.031026900000028945	epochs	3.0
599.3716675648499	0.030806699999970988	epochs	3.0
599.4024742648498	0.06096560000003137	epochs	2.0
599.4024742648498	0.030589800000029754	epochs	3.0
599.4330640648499	0.030375800000001618	epochs	3.0
599.4634398648499	0.06012160000000222	epochs	2.0
599.4634398648499	0.03016489999993155	epochs	3.0
599.4936047648498	0.02995670000007067	epochs	3.0
599.5235614648499	0.05930069999999432	epochs	2.0
599.5235614648499	0.02975159999994048	epochs	3.0
599.5533130648498	0.02954910000005384	epochs	3.0
599.5828621648499	0.05850179999993088	epochs	2.0
599.5828621648499	0.02934940000000097	epochs	3.0
599.6122115648499	0.029152399999929912	epochs	3.0
599.6413639648498	0.057724200000052406	epochs	2.0
599.6413639648498	0.028958000000102402	epochs	3.0
599.6703219648499	0.028766199999950004	epochs	3.0
599.6990881648499	0.05696709999995164	epochs	2.0
599.6990881648499	0.028577000000041153	epochs	3.0
599.7276651648499	0.02839009999991049	epochs	3.0
599.7560552648498	0.056229500000085864	epochs	2.0
599.7560552648498	0.028205700000057732	epochs	3.0
599.7842609648499	0.028023800000028132	epochs	3.0
599.8122847648499	0.05551070000001346	epochs	2.0
599.8122847648499	0.027843999999959124	epochs	3.0
599.8401287648499	0.027666700000054334	epochs	3.0
599.8677954648499	0.05481019999990622	epochs	2.0
599.8677954648499	0.02749149999999645	epochs	3.0
599.8952869648499	0.027318699999909768	epochs	3.0
599.9226056648498	0.05412699999999404	epochs	2.0
599.9226056648498	0.02714780000007977	epochs	3.0
599.9497534648499	0.026979199999914272	epochs	3.0
599.9767326648498	0.0534607000000733	epochs	2.0
599.9767326648498	0.026812600000084785	epochs	3.0
600.0035452648499	0.026648099999988517	epochs	3.0
600.0301933648499	0.05281070000000909	epochs	2.0
600.0301933648499	0.026485600000000886	epochs	3.0
600.0566789648499	0.026325100000008206	epochs	3.0
600.0830040648499	0.05217619999996259	epochs	2.0
600.0830040648499	0.026166399999965506	epochs	3.0
600.1091704648499	0.026009799999997085	epochs	3.0
600.1351802648499	0.051556699999991906	epochs	2.0
600.1351802648499	0.025854800000047362	epochs	3.0
600.1610350648499	0.025701899999944544	epochs	3.0
600.1867369648498	0.05095189999997274	epochs	2.0
600.1867369648498	0.02555070000005344	epochs	3.0
600.2122876648499	0.0254011999999193	epochs	3.0
600.2376888648498	0.05036100000006627	epochs	2.0
600.2376888648498	0.0252535000000762	epochs	3.0
600.2629423648499	0.02510749999999007	epochs	3.0
600.2880498648499	0.049783800000000156	epochs	2.0
600.2880498648499	0.02496320000000196	epochs	3.0
600.3130130648499	0.024820599999998194	epochs	3.0
600.3378336648499	0.04921949999993558	epochs	2.0
600.3378336648499	0.024679399999968155	epochs	3.0
600.3625130648498	0.024540099999967424	epochs	3.0
600.3870531648498	0.04866790000005494	epochs	2.0
600.3870531648498	0.024402100000088467	epochs	3.0
600.4114552648499	0.024265799999966475	epochs	3.0
600.4357210648499	0.048128599999927246	epochs	2.0
600.4357210648499	0.024131000000011227	epochs	3.0
600.4598520648499	0.02399759999991602	epochs	3.0
600.4838496648498	0.047601100000065344	epochs	2.0
600.4838496648498	0.023865800000066884	epochs	3.0
600.5077154648499	0.02373529999999846	epochs	3.0
600.5314507648499	0.047085000000038235	epochs	2.0
600.5314507648499	0.023606299999983094	epochs	3.0
600.5550570648498	0.02347870000005514	epochs	3.0
600.5785357648499	0.046579999999948996	epochs	2.0
600.5785357648499	0.02335249999998723	epochs	3.0
600.6018882648499	0.023227499999961765	epochs	3.0
600.6251157648499	0.046085700000048746	epochs	2.0
600.6251157648499	0.023103999999989355	epochs	3.0
600.6482197648498	0.02298170000005939	epochs	3.0
600.6712014648499	0.045601799999985815	epochs	2.0
600.6712014648499	0.02286069999991014	epochs	3.0
600.6940621648498	0.022741100000075676	epochs	3.0
600.7168032648499	0.04512790000001132	epochs	2.0
600.7168032648499	0.022622500000011314	epochs	3.0
600.7394257648499	0.02250540000000001	epochs	3.0
600.7619311648499	0.044663799999966614	epochs	2.0
600.7619311648499	0.02238929999998618	epochs	3.0
600.7843204648499	0.022274499999980435	epochs	3.0
600.8065949648499	0.04420919999995476	epochs	2.0
600.8065949648499	0.022160799999937808	epochs	3.0
600.8287557648498	0.022048400000016954	epochs	3.0
600.8508041648498	0.043763600000033875	epochs	2.0
600.8508041648498	0.021936900000014248	epochs	3.0
600.8727410648498	0.021826700000019628	epochs	3.0
600.8945677648499	0.04332709999994222	epochs	2.0
600.8945677648499	0.021717599999988124	epochs	3.0
600.9162853648498	0.021609499999954096	epochs	3.0
600.9378948648498	0.04289900000003399	epochs	2.0
600.9378948648498	0.021502500000110558	epochs	3.0
600.9593973648499	0.021396499999923435	epochs	3.0
600.9807938648498	0.042479500000013104	epochs	2.0
600.9807938648498	0.02129170000000613	epochs	3.0
601.0020855648498	0.021187800000006973	epochs	3.0
601.0232733648498	0.042067900000006375	epochs	2.0
601.0232733648498	0.02108490000000529	epochs	3.0
601.0443582648498	0.020983000000001084	epochs	3.0
601.0653412648498	0.04166440000005878	epochs	2.0
601.0653412648498	0.020882199999959994	epochs	3.0
601.0862234648498	0.020782200000098783	epochs	3.0
601.1070056648499	0.04126850000000104	epochs	2.0
601.1070056648499	0.020683299999973315	epochs	3.0
601.1276889648499	0.020585200000027726	epochs	3.0
601.1482741648499	0.040879999999901884	epochs	2.0
601.1482741648499	0.020488099999965925	epochs	3.0
601.1687622648499	0.02039189999993596	epochs	3.0
601.1891541648498	0.04049880000002304	epochs	2.0
601.1891541648498	0.020296600000051512	epochs	3.0
601.2094507648499	0.020202199999971526	epochs	3.0
601.2296529648498	0.04012460000001283	epochs	2.0
601.2296529648498	0.02010870000003706	epochs	3.0
601.2497616648499	0.020015899999975773	epochs	3.0
601.2697775648498	0.03975730000001931	epochs	2.0
601.2697775648498	0.019924199999991288	epochs	3.0
601.2897017648498	0.019833100000028026	epochs	3.0
601.3095348648499	0.03939669999999751	epochs	2.0
601.3095348648499	0.01974299999994855	epochs	3.0
601.3292778648498	0.019653700000048957	epochs	3.0
601.3489315648499	0.03904239999997117	epochs	2.0
601.3489315648499	0.01956510000002254	epochs	3.0
601.3684966648499	0.019477299999948627	epochs	3.0
601.3879739648498	0.03869459999998526	epochs	2.0
601.3879739648498	0.019390400000020236	epochs	3.0
601.4073643648499	0.01930419999996502	epochs	3.0
601.4266685648498	0.03835290000006353	epochs	2.0
601.4266685648498	0.019218799999976	epochs	3.0
601.4458873648498	0.01913410000008753	epochs	3.0
601.4650214648499	0.03801720000001296	epochs	2.0
601.4650214648499	0.01905019999992419	epochs	3.0
601.4840716648498	0.018967000000088774	epochs	3.0
601.5030386648499	0.03768719999993664	epochs	2.0
601.5030386648499	0.018884499999899163	epochs	3.0
601.5219231648498	0.018802700000037476	epochs	3.0
601.5407258648498	0.03736309999999321	epochs	2.0
601.5407258648498	0.018721700000014607	epochs	3.0
601.5594475648498	0.018641399999978603	epochs	3.0
601.5780889648498	0.03704430000004777	epochs	2.0
601.5780889648498	0.01856159999999818	epochs	3.0
601.5966505648498	0.01848270000004959	epochs	3.0
601.6151332648499	0.0367310000000316	epochs	2.0
601.6151332648499	0.018404299999929208	epochs	3.0
601.6335375648498	0.01832670000010239	epochs	3.0
601.6518642648499	0.03642289999993409	epochs	2.0
601.6518642648499	0.018249599999990096	epochs	3.0
601.6701138648499	0.018173299999943993	epochs	3.0
601.6882871648498	0.03612010000006194	epochs	2.0
601.6882871648498	0.0180976000000328	epochs	3.0
601.7063847648499	0.01802250000002914	epochs	3.0
601.7244072648499	0.03582209999990482	epochs	2.0
601.7244072648499	0.017947899999967376	epochs	3.0
601.7423551648499	0.017874199999937446	epochs	3.0
601.7602293648498	0.03552899999999681	epochs	2.0
601.7602293648498	0.017800800000031813	epochs	3.0
601.7780301648498	0.017728199999965	epochs	3.0
601.7957583648498	0.03524070000003121	epochs	2.0
601.7957583648498	0.017656100000067454	epochs	3.0
601.8134144648499	0.017584599999963757	epochs	3.0
601.8309990648498	0.034957100000042374	epochs	2.0
601.8309990648498	0.01751369999999497	epochs	3.0
601.8485127648498	0.017443400000047404	epochs	3.0
601.8659561648499	0.03467790000001969	epochs	2.0
601.8659561648499	0.017373599999928047	epochs	3.0
601.8833297648498	0.017304300000091644	epochs	3.0
601.9006340648499	0.03440330000000813	epochs	2.0
601.9006340648499	0.01723570000001473	epochs	3.0
601.9178697648499	0.0171675999999934	epochs	3.0
601.9350373648499	0.03413279999995211	epochs	2.0
601.9350373648499	0.01709989999994832	epochs	3.0
601.9521372648499	0.017032900000003792	epochs	3.0
601.9691701648499	0.033866699999975935	epochs	2.0
601.9691701648499	0.01696640000000116	epochs	3.0
601.9861365648499	0.016900299999974777	epochs	3.0
602.0030368648498	0.03360459999998966	epochs	2.0
602.0030368648498	0.01683479999996962	epochs	3.0
602.0198716648498	0.01676980000002004	epochs	3.0
602.0366414648498	0.03334660000007261	epochs	2.0
602.0366414648498	0.016705300000012357	epochs	3.0
602.0533467648498	0.016641300000060255	epochs	3.0
602.0699880648499	0.03309249999995245	epochs	2.0
602.0699880648499	0.01657779999993636	epochs	3.0
602.0865658648498	0.01651470000001609	epochs	3.0
602.1030805648498	0.03284229999997024	epochs	2.0
602.1030805648498	0.01645220000000336	epochs	3.0
602.1195327648499	0.01639009999996688	epochs	3.0
602.1359228648498	0.03259570000000167	epochs	2.0
602.1359228648498	0.016328400000020338	epochs	3.0
602.1522512648498	0.016267299999981333	epochs	3.0
602.1685185648498	0.032352899999978035	epochs	2.0
602.1685185648498	0.016206600000032267	epochs	3.0
602.1847251648499	0.016146299999945768	epochs	3.0
602.2008714648498	0.032113700000081735	epochs	2.0
602.2008714648498	0.016086600000107865	epochs	3.0
602.2169580648499	0.01602709999997387	epochs	3.0
602.2329851648499	0.03187800000000607	epochs	2.0
602.2329851648499	0.015968199999974786	epochs	3.0
602.2489533648499	0.015909800000031282	epochs	3.0
602.2648631648499	0.031645700000012766	epochs	2.0
602.2648631648499	0.01585160000001906	epochs	3.0
602.2807147648499	0.015794099999993705	epochs	3.0
602.2965088648499	0.031416699999908815	epochs	2.0
602.2965088648499	0.01573669999993399	epochs	3.0
602.3122455648498	0.015679999999974825	epochs	3.0
602.3279255648498	0.031191100000000915	epochs	2.0
602.3279255648498	0.015623600000026272	epochs	3.0
602.3435491648498	0.015567499999974643	epochs	3.0
602.3591166648498	0.030968700000016725	epochs	2.0
602.3591166648498	0.015512000000057924	epochs	3.0
602.3746286648499	0.0154566999999588	epochs	3.0
602.3900853648498	0.03074950000006993	epochs	2.0
602.3900853648498	0.015401999999994587	epochs	3.0
602.4054873648498	0.015347500000075343	epochs	3.0
602.4208348648499	0.030533199999922545	epochs	2.0
602.4208348648499	0.015293399999904977	epochs	3.0
602.4361282648498	0.015239800000017567	epochs	3.0
602.4513680648498	0.03032010000003993	epochs	2.0
602.4513680648498	0.015186500000027081	epochs	3.0
602.4665545648498	0.015133600000012848	epochs	3.0
602.4816881648499	0.030109899999956724	epochs	2.0
602.4816881648499	0.015081000000009226	epochs	3.0
602.4967691648499	0.015028899999947498	epochs	3.0
602.5117980648498	0.02990250000004835	epochs	2.0
602.5117980648498	0.014977000000044427	epochs	3.0
602.5267750648499	0.014925500000003922	epochs	3.0
602.5417005648499	0.029698100000018712	epochs	2.0
602.5417005648499	0.01487439999993967	epochs	3.0
602.5565749648498	0.014823700000079043	epochs	3.0
602.5713986648499	0.02949630000000525	epochs	2.0
602.5713986648499	0.014773199999922326	epochs	3.0
602.5861718648498	0.014723100000082923	epochs	3.0
602.6008949648499	0.02929740000001857	epochs	2.0
602.6008949648499	0.014673399999992398	epochs	3.0
602.6155683648499	0.014624000000026172	epochs	3.0
602.6301923648499	0.029101099999934377	epochs	2.0
602.6301923648499	0.01457489999995687	epochs	3.0
602.6447672648499	0.014526199999977507	epochs	3.0
602.6592934648498	0.028907399999980044	epochs	2.0
602.6592934648498	0.014477700000043114	epochs	3.0
602.6737711648499	0.014429699999936929	epochs	3.0
602.6882008648498	0.028716200000076242	epochs	2.0
602.6882008648498	0.014381800000023759	epochs	3.0
602.7025826648498	0.014334400000052483	epochs	3.0
602.7169170648499	0.02852759999996124	epochs	2.0
602.7169170648499	0.01428720000001249	epochs	3.0
602.7312042648499	0.01424039999994875	epochs	3.0
602.7454446648499	0.028341400000044814	epochs	2.0
602.7454446648499	0.014193800000043666	epochs	3.0
602.7596384648499	0.014147600000001148	epochs	3.0
602.7737860648499	0.028157699999951546	epochs	2.0
602.7737860648499	0.014101699999969242	epochs	3.0
602.7878877648499	0.014055999999982305	epochs	3.0
602.8019437648499	0.027976299999977527	epochs	2.0
602.8019437648499	0.01401060000000598	epochs	3.0
602.8159543648499	0.013965699999971548	epochs	3.0
602.8299200648498	0.02779720000000907	epochs	2.0
602.8299200648498	0.013920800000050804	epochs	3.0
602.8438408648499	0.013876399999958267	epochs	3.0
602.8577172648498	0.027620400000046175	epochs	2.0
602.8577172648498	0.013832200000024386	epochs	3.0
602.8715494648499	0.013788200000021789	epochs	3.0
602.8853376648499	0.027445899999975154	epochs	2.0
602.8853376648499	0.013744599999995444	epochs	3.0
602.8990822648499	0.01370129999997971	epochs	3.0
602.9127835648499	0.027273499999978412	epochs	2.0
602.9127835648499	0.013658200000008947	epochs	3.0
602.9264417648499	0.013615299999969466	epochs	3.0
602.9400570648498	0.027103399999987232	epochs	2.0
602.9400570648498	0.013572800000019924	epochs	3.0
602.9536298648499	0.013530599999967308	epochs	3.0
602.9671604648498	0.02693520000002536	epochs	2.0
602.9671604648498	0.013488400000028378	epochs	3.0
602.9806488648499	0.013446799999996983	epochs	3.0
602.9940956648499	0.026769199999989723	epochs	2.0
602.9940956648499	0.013405199999965589	epochs	3.0
603.0075008648498	0.013364000000024134	epochs	3.0
603.0208648648498	0.026605200000062723	epochs	2.0
603.0208648648498	0.013322900000048321	epochs	3.0
603.0341877648499	0.013282300000014402	epochs	3.0
603.0474700648499	0.0264431999999033	epochs	2.0
603.0474700648499	0.013241699999980483	epochs	3.0
603.0607117648499	0.013201499999922817	epochs	3.0
603.0739132648498	0.026283200000079887	epochs	2.0
603.0739132648498	0.013161500000023807	epochs	3.0
603.0870747648498	0.01312170000005608	epochs	3.0
603.1001964648499	0.02612499999997908	epochs	2.0
603.1001964648499	0.013082100000019636	epochs	3.0
603.1132785648499	0.013042899999959445	epochs	3.0
603.1263214648499	0.025968899999952555	epochs	2.0
603.1263214648499	0.013003899999944224	epochs	3.0
603.1393253648498	0.012965000000008331	epochs	3.0
603.1522903648498	0.025814500000024054	epochs	2.0
603.1522903648498	0.01292640000008305	epochs	3.0
603.1652167648499	0.012888099999941005	epochs	3.0
603.1781048648498	0.025661900000045534	epochs	2.0
603.1781048648498	0.012849899999991976	epochs	3.0
603.1909547648498	0.012812000000053558	epochs	3.0
603.2037667648499	0.025511199999982637	epochs	2.0
603.2037667648499	0.012774400000012065	epochs	3.0
603.2165411648499	0.012736799999970572	epochs	3.0
603.2292779648499	0.025362299999983406	epochs	2.0
603.2292779648499	0.01269969999998466	epochs	3.0
603.2419776648499	0.012662599999998747	epochs	3.0
603.2546402648499	0.025215000000002874	epochs	2.0
603.2546402648499	0.012625800000023446	epochs	3.0
603.2672660648499	0.012589199999979428	epochs	3.0
603.2798552648499	0.024584799999956886	epochs	2.0
603.3032126648499	0.5	epochs	-1.0
603.3044400648498	0.5318399999999883	epochs	1.0
603.8362800648498	0.46808000000009997	epochs	0.0
604.5960001945496	0.1474399999999605	epochs	0.0
604.5960001945496	0.06872180000004846	epochs	1.0
604.6647219945496	0.009996399999977257	epochs	1.0
604.6747183945496	0.06872179999993477	epochs	1.0
604.7434401945495	2.0	epochs	0.0
606.7434401945495	21.99992000000009	epochs	0.0
606.7434401945495	1.0	epochs	1.0
606.7434927945495	0.5	epochs	-1.0
607.2434927945495	19.99872000000005	epochs	-1.0
607.7434401945495	20.0	epochs	1.0
607.7434401945495	4.356753900000058	epochs	-1.0
607.7434401945495	1.9745872000000873	epochs	2.0
607.7434401945495	1.0985622000000603	epochs	3.0
608.8420023945496	0.8760250000000269	epochs	3.0
609.7180273945496	1.352407499999913	epochs	2.0
609.7180273945496	0.7286354999999958	epochs	3.0
610.4466628945496	0.6237719999999172	epochs	3.0
611.0704348945495	1.0297592000000577	epochs	2.0
611.0704348945495	0.5453293000000485	epochs	3.0
611.6157641945496	0.4844299000000092	epochs	3.0
612.1001940945496	0.8317862000000105	epochs	2.0
612.1001940945496	0.4357762999999295	epochs	3.0
612.5359703945495	0.39600990000008096	epochs	3.0
612.9319802945496	0.6977969999999232	epochs	2.0
612.9319802945496	0.3628982000000178	epochs	3.0
613.2948784945496	0.33489879999990535	epochs	3.0
613.6297772945495	0.6010457000000997	epochs	2.0
613.6297772945495	0.3109123000000409	epochs	3.0
613.9406895945496	0.2901334000000588	epochs	3.0
614.2308229945496	0.5278859000000011	epochs	2.0
614.2308229945496	0.2719585999999481	epochs	3.0
614.5027815945496	0.25592730000005304	epochs	3.0
614.7587088945496	0.470619299999953	epochs	2.0
614.7587088945496	0.241681299999982	epochs	3.0
615.0003901945496	0.228937999999971	epochs	3.0
615.2293281945496	0.42457039999999324	epochs	2.0
615.2293281945496	0.21747140000002219	epochs	3.0
615.4467995945496	0.20709899999997106	epochs	3.0
615.6538985945496	0.3867354000000205	epochs	2.0
615.6538985945496	0.19767109999997956	epochs	3.0
615.8515696945495	0.18906430000004093	epochs	3.0
616.0406339945496	0.3550953000000163	epochs	2.0
616.0406339945496	0.18117589999997108	epochs	3.0
616.2218098945496	0.17391940000004524	epochs	3.0
616.3957292945496	0.3282431000000088	epochs	2.0
616.3957292945496	0.16722189999995862	epochs	3.0
616.5629511945496	0.16102120000005016	epochs	3.0
616.7239723945496	0.30516799999998057	epochs	2.0
616.7239723945496	0.15526389999990897	epochs	3.0
616.8792362945495	0.1499041000000716	epochs	3.0
617.0291403945496	0.28512530000000424	epochs	2.0
617.0291403945496	0.1449020999999675	epochs	3.0
617.1740424945496	0.14022320000003674	epochs	3.0
617.3142656945496	0.2675537999999733	epochs	2.0
617.3142656945496	0.1358368999999584	epochs	3.0
617.4501025945495	0.1317169000000149	epochs	3.0
617.5818194945496	0.2520229000000427	epochs	2.0
617.5818194945496	0.1278393000000051	epochs	3.0
617.7096587945496	0.12418360000003759	epochs	3.0
617.8338423945496	0.23819649999995818	epochs	2.0
617.8338423945496	0.12073109999994358	epochs	3.0
617.9545734945495	0.1174654000000146	epochs	3.0
618.0720388945496	0.2258087999999816	epochs	2.0
618.0720388945496	0.11437190000003739	epochs	3.0
618.1864107945496	0.11143689999994422	epochs	3.0
618.2978476945495	0.2146460000000161	epochs	2.0
618.2978476945495	0.10864890000004834	epochs	3.0
618.4064965945496	0.10599709999996776	epochs	3.0
618.5124936945496	0.20453499999996438	epochs	2.0
618.5124936945496	0.10347149999995509	epochs	3.0
618.6159651945495	0.1010635000000093	epochs	3.0
618.7170286945495	0.19533400000000256	epochs	2.0
618.7170286945495	0.09876510000003691	epochs	3.0
618.8157937945496	0.09656889999996565	epochs	3.0
618.9123626945495	0.18692529999998442	epochs	2.0
618.9123626945495	0.09446830000001682	epochs	3.0
619.0068309945495	0.09245699999996759	epochs	3.0
619.0992879945495	0.17921069999999872	epochs	2.0
619.0992879945495	0.0905296000000817	epochs	3.0
619.1898175945496	0.08868109999991702	epochs	3.0
619.2784986945495	0.17210770000008324	epochs	2.0
619.2784986945495	0.08690630000000965	epochs	3.0
619.3654049945495	0.08520140000007359	epochs	3.0
619.4506063945496	0.1655463999999256	epochs	2.0
619.4506063945496	0.08356189999994967	epochs	3.0
619.5341682945495	0.08198449999997592	epochs	3.0
619.6161527945495	0.15946710000002895	epochs	2.0
619.6161527945495	0.08046540000009372	epochs	3.0
619.6966181945496	0.07900169999993523	epochs	3.0
619.7756198945495	0.15381839999997737	epochs	2.0
619.7756198945495	0.07759010000006583	epochs	3.0
619.8532099945496	0.07622829999991154	epochs	3.0
619.9294382945495	0.14855640000007497	epochs	2.0
619.9294382945495	0.07491330000004837	epochs	3.0
620.0043515945496	0.0736431000000266	epochs	3.0
620.0779946945496	0.14364239999997608	epochs	2.0
620.0779946945496	0.07241499999997814	epochs	3.0
620.1504096945496	0.07122739999999794	epochs	3.0
620.2216370945496	0.13904309999998077	epochs	2.0
620.2216370945496	0.07007799999996678	epochs	3.0
620.2917150945495	0.06896510000001399	epochs	3.0
620.3606801945496	0.1347293000000036	epochs	2.0
620.3606801945496	0.0678871000000072	epochs	3.0
620.4285672945496	0.06684219999999641	epochs	3.0
620.4954094945496	0.1306752000000415	epochs	2.0
620.4954094945496	0.06582909999997355	epochs	3.0
620.5612385945495	0.06484610000006796	epochs	3.0
620.6260846945496	0.1268577999999252	epochs	2.0
620.6260846945496	0.06389200000000983	epochs	3.0
620.6899766945496	0.06296579999991536	epochs	3.0
620.7529424945495	0.12325720000001184	epochs	2.0
620.7529424945495	0.06206580000002759	epochs	3.0
620.8150082945496	0.06119139999998424	epochs	3.0
620.8761996945495	0.11985540000000583	epochs	2.0
620.8761996945495	0.06034110000007331	epochs	3.0
620.9365407945496	0.05951429999993252	epochs	3.0
620.9960550945495	0.11663620000001629	epochs	2.0
620.9960550945495	0.05870960000004288	epochs	3.0
621.0547646945496	0.057926599999973405	epochs	3.0
621.1126912945496	0.11358559999996487	epochs	2.0
621.1126912945496	0.05716419999998834	epochs	3.0
621.1698554945496	0.05642139999997653	epochs	3.0
621.2262768945495	0.11069050000003244	epochs	2.0
621.2262768945495	0.055697900000041045	epochs	3.0
621.2819747945496	0.0549925999999914	epochs	3.0
621.3369673945496	0.10793909999995321	epochs	2.0
621.3369673945496	0.05430490000003374	epochs	3.0
621.3912722945496	0.053634199999919474	epochs	3.0
621.4449064945495	0.10532150000005913	epochs	2.0
621.4449064945495	0.05298000000004777	epochs	3.0
621.4978864945496	0.052341500000011365	epochs	3.0
621.5502279945496	0.10282759999995505	epochs	2.0
621.5502279945496	0.05171810000001642	epochs	3.0
621.6019460945496	0.051109499999938635	epochs	3.0
621.6530555945495	0.10044909999999163	epochs	2.0
621.6530555945495	0.050514900000052876	epochs	3.0
621.7035704945496	0.049934199999938755	epochs	3.0
621.7535046945495	0.09817830000008598	epochs	2.0
621.7535046945495	0.04936659999998483	epochs	3.0
621.8028712945495	0.048811700000101155	epochs	3.0
621.8516829945496	0.09600779999993847	epochs	2.0
621.8516829945496	0.04826919999993606	epochs	3.0
621.8999521945495	0.04773860000000241	epochs	3.0
621.9476907945495	0.09393120000004274	epochs	2.0
621.9476907945495	0.04721949999998287	epochs	3.0
621.9949102945495	0.046711700000059864	epochs	3.0
622.0416219945496	0.09194259999992482	epochs	2.0
622.0416219945496	0.046214599999984785	epochs	3.0
622.0878365945496	0.04572799999994004	epochs	3.0
622.1335645945495	0.09003630000006524	epochs	2.0
622.1335645945495	0.04525150000006306	epochs	3.0
622.1788160945496	0.04478480000000218	epochs	3.0
622.2236008945496	0.08820760000003247	epochs	2.0
622.2236008945496	0.044327800000019124	epochs	3.0
622.2679286945496	0.04387980000001335	epochs	3.0
622.3118084945496	0.0864516999999978	epochs	2.0
622.3118084945496	0.04344099999991613	epochs	3.0
622.3552494945495	0.04301070000008167	epochs	3.0
622.3982601945496	0.08476429999996071	epochs	2.0
622.3982601945496	0.04258899999990717	epochs	3.0
622.4408491945495	0.04217530000005354	epochs	3.0
622.4830244945496	0.08314150000001064	epochs	2.0
622.4830244945496	0.04176970000003166	epochs	3.0
622.5247941945496	0.041371799999978975	epochs	3.0
622.5661659945496	0.08157970000002024	epochs	2.0
622.5661659945496	0.040981399999964196	epochs	3.0
622.6071473945495	0.04059830000005604	epochs	3.0
622.6477456945496	0.08007549999990715	epochs	2.0
622.6477456945496	0.04022229999998217	epochs	3.0
622.6879679945496	0.03985319999992498	epochs	3.0
622.7278211945495	0.07862570000008873	epochs	2.0
622.7278211945495	0.039490800000066884	epochs	3.0
622.7673119945496	0.039134900000021844	epochs	3.0
622.8064468945496	0.07722760000001472	epochs	2.0
622.8064468945496	0.03878539999993791	epochs	3.0
622.8452322945495	0.03844220000007681	epochs	3.0
622.8836744945496	0.07587819999992007	epochs	2.0
622.8836744945496	0.03810479999992822	epochs	3.0
622.9217792945495	0.03777339999999185	epochs	3.0
622.9595526945495	0.0745752000000266	epochs	2.0
622.9595526945495	0.03744770000002973	epochs	3.0
622.9970003945496	0.03712749999999687	epochs	3.0
623.0341278945496	0.07331629999998768	epochs	2.0
623.0341278945496	0.036812899999972615	epochs	3.0
623.0709407945495	0.03650340000001506	epochs	3.0
623.1074441945495	0.07209899999998015	epochs	2.0
623.1074441945495	0.03619909999997617	epochs	3.0
623.1436432945495	0.03589990000000398	epochs	3.0
623.1795431945495	0.07092169999998532	epochs	2.0
623.1795431945495	0.03560560000005353	epochs	3.0
623.2151487945496	0.035316099999931794	epochs	3.0
623.2504648945495	0.06978200000003199	epochs	2.0
623.2504648945495	0.03503120000004856	epochs	3.0
623.2854960945496	0.03475079999998343	epochs	3.0
623.3202468945495	0.06867859999999837	epochs	2.0
623.3202468945495	0.03447510000000875	epochs	3.0
623.3547219945495	0.03420349999998962	epochs	3.0
623.3889254945495	0.06760930000007193	epochs	2.0
623.3889254945495	0.033936199999970995	epochs	3.0
623.4228616945495	0.03367310000010093	epochs	3.0
623.4565347945496	0.06657289999998284	epochs	2.0
623.4565347945496	0.03341399999999339	epochs	3.0
623.4899487945496	0.033158899999989444	epochs	3.0
623.5231076945496	0.06556779999993978	epochs	2.0
623.5231076945496	0.032907700000009754	epochs	3.0
623.5560153945496	0.032660099999930026	epochs	3.0
623.5886754945495	0.06459259999996902	epochs	2.0
623.5886754945495	0.032416399999988244	epochs	3.0
623.6210918945495	0.03217619999998078	epochs	3.0
623.6532680945495	0.06364600000006249	epochs	2.0
623.6532680945495	0.031939600000100654	epochs	3.0
623.6852076945496	0.03170639999996183	epochs	3.0
623.7169140945496	0.0627266999999847	epochs	2.0
623.7169140945496	0.03147660000001906	epochs	3.0
623.7483906945496	0.03125009999996564	epochs	3.0
623.7796407945496	0.06183359999999993	epochs	2.0
623.7796407945496	0.031026900000028945	epochs	3.0
623.8106676945496	0.030806699999970988	epochs	3.0
623.8414743945496	0.06096560000003137	epochs	2.0
623.8414743945496	0.030589800000029754	epochs	3.0
623.8720641945496	0.030375800000001618	epochs	3.0
623.9024399945496	0.06012160000000222	epochs	2.0
623.9024399945496	0.03016489999993155	epochs	3.0
623.9326048945495	0.02995670000007067	epochs	3.0
623.9625615945496	0.05930069999999432	epochs	2.0
623.9625615945496	0.02975159999994048	epochs	3.0
623.9923131945495	0.02954910000005384	epochs	3.0
624.0218622945496	0.05850179999993088	epochs	2.0
624.0218622945496	0.02934940000000097	epochs	3.0
624.0512116945496	0.029152399999929912	epochs	3.0
624.0803640945495	0.057724200000052406	epochs	2.0
624.0803640945495	0.028958000000102402	epochs	3.0
624.1093220945496	0.028766199999950004	epochs	3.0
624.1380882945496	0.05696709999995164	epochs	2.0
624.1380882945496	0.028577000000041153	epochs	3.0
624.1666652945496	0.02839009999991049	epochs	3.0
624.1950553945495	0.056229500000085864	epochs	2.0
624.1950553945495	0.028205700000057732	epochs	3.0
624.2232610945496	0.028023800000028132	epochs	3.0
624.2512848945496	0.05551070000001346	epochs	2.0
624.2512848945496	0.027843999999959124	epochs	3.0
624.2791288945496	0.027666700000054334	epochs	3.0
624.3067955945496	0.05481019999990622	epochs	2.0
624.3067955945496	0.02749149999999645	epochs	3.0
624.3342870945496	0.027318699999909768	epochs	3.0
624.3616057945495	0.05412699999999404	epochs	2.0
624.3616057945495	0.02714780000007977	epochs	3.0
624.3887535945496	0.026979199999914272	epochs	3.0
624.4157327945495	0.0534607000000733	epochs	2.0
624.4157327945495	0.026812600000084785	epochs	3.0
624.4425453945496	0.026648099999988517	epochs	3.0
624.4691934945496	0.05281070000000909	epochs	2.0
624.4691934945496	0.026485600000000886	epochs	3.0
624.4956790945496	0.026325100000008206	epochs	3.0
624.5220041945496	0.05217619999996259	epochs	2.0
624.5220041945496	0.026166399999965506	epochs	3.0
624.5481705945496	0.026009799999997085	epochs	3.0
624.5741803945496	0.051556699999991906	epochs	2.0
624.5741803945496	0.025854800000047362	epochs	3.0
624.6000351945496	0.025701899999944544	epochs	3.0
624.6257370945495	0.05095189999997274	epochs	2.0
624.6257370945495	0.02555070000005344	epochs	3.0
624.6512877945496	0.0254011999999193	epochs	3.0
624.6766889945495	0.05036100000006627	epochs	2.0
624.6766889945495	0.0252535000000762	epochs	3.0
624.7019424945496	0.02510749999999007	epochs	3.0
624.7270499945496	0.049783800000000156	epochs	2.0
624.7270499945496	0.02496320000000196	epochs	3.0
624.7520131945496	0.024820599999998194	epochs	3.0
624.7768337945496	0.04921949999993558	epochs	2.0
624.7768337945496	0.024679399999968155	epochs	3.0
624.8015131945496	0.024540099999967424	epochs	3.0
624.8260532945495	0.04866790000005494	epochs	2.0
624.8260532945495	0.024402100000088467	epochs	3.0
624.8504553945496	0.024265799999966475	epochs	3.0
624.8747211945496	0.048128599999927246	epochs	2.0
624.8747211945496	0.024131000000011227	epochs	3.0
624.8988521945496	0.02399759999991602	epochs	3.0
624.9228497945495	0.047601100000065344	epochs	2.0
624.9228497945495	0.023865800000066884	epochs	3.0
624.9467155945496	0.02373529999999846	epochs	3.0
624.9704508945496	0.047085000000038235	epochs	2.0
624.9704508945496	0.023606299999983094	epochs	3.0
624.9940571945496	0.02347870000005514	epochs	3.0
625.0175358945496	0.046579999999948996	epochs	2.0
625.0175358945496	0.02335249999998723	epochs	3.0
625.0408883945496	0.023227499999961765	epochs	3.0
625.0641158945496	0.046085700000048746	epochs	2.0
625.0641158945496	0.023103999999989355	epochs	3.0
625.0872198945495	0.02298170000005939	epochs	3.0
625.1102015945496	0.045601799999985815	epochs	2.0
625.1102015945496	0.02286069999991014	epochs	3.0
625.1330622945495	0.022741100000075676	epochs	3.0
625.1558033945496	0.04512790000001132	epochs	2.0
625.1558033945496	0.022622500000011314	epochs	3.0
625.1784258945496	0.02250540000000001	epochs	3.0
625.2009312945496	0.044663799999966614	epochs	2.0
625.2009312945496	0.02238929999998618	epochs	3.0
625.2233205945496	0.022274499999980435	epochs	3.0
625.2455950945496	0.04420919999995476	epochs	2.0
625.2455950945496	0.022160799999937808	epochs	3.0
625.2677558945495	0.022048400000016954	epochs	3.0
625.2898042945495	0.043763600000033875	epochs	2.0
625.2898042945495	0.021936900000014248	epochs	3.0
625.3117411945495	0.021826700000019628	epochs	3.0
625.3335678945496	0.04332709999994222	epochs	2.0
625.3335678945496	0.021717599999988124	epochs	3.0
625.3552854945495	0.021609499999954096	epochs	3.0
625.3768949945495	0.04289900000003399	epochs	2.0
625.3768949945495	0.021502500000110558	epochs	3.0
625.3983974945496	0.021396499999923435	epochs	3.0
625.4197939945495	0.042479500000013104	epochs	2.0
625.4197939945495	0.02129170000000613	epochs	3.0
625.4410856945495	0.021187800000006973	epochs	3.0
625.4622734945495	0.042067900000006375	epochs	2.0
625.4622734945495	0.02108490000000529	epochs	3.0
625.4833583945496	0.020983000000001084	epochs	3.0
625.5043413945496	0.04166440000005878	epochs	2.0
625.5043413945496	0.020882199999959994	epochs	3.0
625.5252235945495	0.020782200000098783	epochs	3.0
625.5460057945496	0.04126850000000104	epochs	2.0
625.5460057945496	0.020683299999973315	epochs	3.0
625.5666890945496	0.020585200000027726	epochs	3.0
625.5872742945496	0.040879999999901884	epochs	2.0
625.5872742945496	0.020488099999965925	epochs	3.0
625.6077623945496	0.02039189999993596	epochs	3.0
625.6281542945495	0.04049880000002304	epochs	2.0
625.6281542945495	0.020296600000051512	epochs	3.0
625.6484508945496	0.020202199999971526	epochs	3.0
625.6686530945495	0.04012460000001283	epochs	2.0
625.6686530945495	0.02010870000003706	epochs	3.0
625.6887617945496	0.020015899999975773	epochs	3.0
625.7087776945496	0.03975730000001931	epochs	2.0
625.7087776945496	0.019924199999991288	epochs	3.0
625.7287018945495	0.019833100000028026	epochs	3.0
625.7485349945496	0.03939669999999751	epochs	2.0
625.7485349945496	0.01974299999994855	epochs	3.0
625.7682779945495	0.019653700000048957	epochs	3.0
625.7879316945496	0.03904239999997117	epochs	2.0
625.7879316945496	0.01956510000002254	epochs	3.0
625.8074967945496	0.019477299999948627	epochs	3.0
625.8269740945495	0.03869459999998526	epochs	2.0
625.8269740945495	0.019390400000020236	epochs	3.0
625.8463644945496	0.01930419999996502	epochs	3.0
625.8656686945495	0.03835290000006353	epochs	2.0
625.8656686945495	0.019218799999976	epochs	3.0
625.8848874945495	0.01913410000008753	epochs	3.0
625.9040215945496	0.03801720000001296	epochs	2.0
625.9040215945496	0.01905019999992419	epochs	3.0
625.9230717945495	0.018967000000088774	epochs	3.0
625.9420387945496	0.03768719999993664	epochs	2.0
625.9420387945496	0.018884499999899163	epochs	3.0
625.9609232945495	0.018802700000037476	epochs	3.0
625.9797259945495	0.03736309999999321	epochs	2.0
625.9797259945495	0.018721700000014607	epochs	3.0
625.9984476945496	0.018641399999978603	epochs	3.0
626.0170890945495	0.03704430000004777	epochs	2.0
626.0170890945495	0.01856159999999818	epochs	3.0
626.0356506945495	0.01848270000004959	epochs	3.0
626.0541333945496	0.0367310000000316	epochs	2.0
626.0541333945496	0.018404299999929208	epochs	3.0
626.0725376945495	0.01832670000010239	epochs	3.0
626.0908643945496	0.03642289999993409	epochs	2.0
626.0908643945496	0.018249599999990096	epochs	3.0
626.1091139945496	0.018173299999943993	epochs	3.0
626.1272872945495	0.03612010000006194	epochs	2.0
626.1272872945495	0.0180976000000328	epochs	3.0
626.1453848945496	0.01802250000002914	epochs	3.0
626.1634073945496	0.03582209999990482	epochs	2.0
626.1634073945496	0.017947899999967376	epochs	3.0
626.1813552945496	0.017874199999937446	epochs	3.0
626.1992294945495	0.03552899999999681	epochs	2.0
626.1992294945495	0.017800800000031813	epochs	3.0
626.2170302945495	0.017728199999965	epochs	3.0
626.2347584945495	0.03524070000003121	epochs	2.0
626.2347584945495	0.017656100000067454	epochs	3.0
626.2524145945496	0.017584599999963757	epochs	3.0
626.2699991945495	0.034957100000042374	epochs	2.0
626.2699991945495	0.01751369999999497	epochs	3.0
626.2875128945495	0.017443400000047404	epochs	3.0
626.3049562945496	0.03467790000001969	epochs	2.0
626.3049562945496	0.017373599999928047	epochs	3.0
626.3223298945495	0.017304300000091644	epochs	3.0
626.3396341945496	0.03440330000000813	epochs	2.0
626.3396341945496	0.01723570000001473	epochs	3.0
626.3568698945496	0.0171675999999934	epochs	3.0
626.3740374945496	0.03413279999995211	epochs	2.0
626.3740374945496	0.01709989999994832	epochs	3.0
626.3911373945496	0.017032900000003792	epochs	3.0
626.4081702945496	0.033866699999975935	epochs	2.0
626.4081702945496	0.01696640000000116	epochs	3.0
626.4251366945496	0.016900299999974777	epochs	3.0
626.4420369945495	0.03360459999998966	epochs	2.0
626.4420369945495	0.01683479999996962	epochs	3.0
626.4588717945495	0.01676980000002004	epochs	3.0
626.4756415945495	0.03334660000007261	epochs	2.0
626.4756415945495	0.016705300000012357	epochs	3.0
626.4923468945495	0.016641300000060255	epochs	3.0
626.5089881945496	0.03309249999995245	epochs	2.0
626.5089881945496	0.01657779999993636	epochs	3.0
626.5255659945495	0.01651470000001609	epochs	3.0
626.5420806945496	0.03284229999997024	epochs	2.0
626.5420806945496	0.01645220000000336	epochs	3.0
626.5585328945496	0.01639009999996688	epochs	3.0
626.5749229945495	0.03259570000000167	epochs	2.0
626.5749229945495	0.016328400000020338	epochs	3.0
626.5912513945495	0.016267299999981333	epochs	3.0
626.6075186945495	0.032352899999978035	epochs	2.0
626.6075186945495	0.016206600000032267	epochs	3.0
626.6237252945496	0.016146299999945768	epochs	3.0
626.6398715945495	0.032113700000081735	epochs	2.0
626.6398715945495	0.016086600000107865	epochs	3.0
626.6559581945496	0.01602709999997387	epochs	3.0
626.6719852945496	0.03187800000000607	epochs	2.0
626.6719852945496	0.015968199999974786	epochs	3.0
626.6879534945496	0.015909800000031282	epochs	3.0
626.7038632945496	0.031645700000012766	epochs	2.0
626.7038632945496	0.01585160000001906	epochs	3.0
626.7197148945496	0.015794099999993705	epochs	3.0
626.7355089945496	0.031416699999908815	epochs	2.0
626.7355089945496	0.01573669999993399	epochs	3.0
626.7512456945495	0.015679999999974825	epochs	3.0
626.7669256945495	0.031191100000000915	epochs	2.0
626.7669256945495	0.015623600000026272	epochs	3.0
626.7825492945495	0.015567499999974643	epochs	3.0
626.7981167945495	0.030968700000016725	epochs	2.0
626.7981167945495	0.015512000000057924	epochs	3.0
626.8136287945496	0.0154566999999588	epochs	3.0
626.8290854945495	0.03074950000006993	epochs	2.0
626.8290854945495	0.015401999999994587	epochs	3.0
626.8444874945495	0.015347500000075343	epochs	3.0
626.8598349945496	0.030533199999922545	epochs	2.0
626.8598349945496	0.015293399999904977	epochs	3.0
626.8751283945495	0.015239800000017567	epochs	3.0
626.8903681945495	0.03032010000003993	epochs	2.0
626.8903681945495	0.015186500000027081	epochs	3.0
626.9055546945496	0.015133600000012848	epochs	3.0
626.9206882945496	0.030109899999956724	epochs	2.0
626.9206882945496	0.015081000000009226	epochs	3.0
626.9357692945496	0.015028899999947498	epochs	3.0
626.9507981945495	0.02990250000004835	epochs	2.0
626.9507981945495	0.014977000000044427	epochs	3.0
626.9657751945496	0.014925500000003922	epochs	3.0
626.9807006945496	0.029698100000018712	epochs	2.0
626.9807006945496	0.01487439999993967	epochs	3.0
626.9955750945495	0.014823700000079043	epochs	3.0
627.0103987945496	0.02949630000000525	epochs	2.0
627.0103987945496	0.014773199999922326	epochs	3.0
627.0251719945495	0.014723100000082923	epochs	3.0
627.0398950945496	0.02929740000001857	epochs	2.0
627.0398950945496	0.014673399999992398	epochs	3.0
627.0545684945496	0.014624000000026172	epochs	3.0
627.0691924945496	0.029101099999934377	epochs	2.0
627.0691924945496	0.01457489999995687	epochs	3.0
627.0837673945496	0.014526199999977507	epochs	3.0
627.0982935945495	0.028907399999980044	epochs	2.0
627.0982935945495	0.014477700000043114	epochs	3.0
627.1127712945496	0.014429699999936929	epochs	3.0
627.1272009945495	0.028716200000076242	epochs	2.0
627.1272009945495	0.014381800000023759	epochs	3.0
627.1415827945495	0.014334400000052483	epochs	3.0
627.1559171945496	0.02852759999996124	epochs	2.0
627.1559171945496	0.01428720000001249	epochs	3.0
627.1702043945496	0.01424039999994875	epochs	3.0
627.1844447945496	0.028341400000044814	epochs	2.0
627.1844447945496	0.014193800000043666	epochs	3.0
627.1986385945496	0.014147600000001148	epochs	3.0
627.2127861945496	0.028157699999951546	epochs	2.0
627.2127861945496	0.014101699999969242	epochs	3.0
627.2268878945496	0.014055999999982305	epochs	3.0
627.2409438945496	0.027976299999977527	epochs	2.0
627.2409438945496	0.01401060000000598	epochs	3.0
627.2549544945496	0.013965699999971548	epochs	3.0
627.2689201945495	0.02779720000000907	epochs	2.0
627.2689201945495	0.013920800000050804	epochs	3.0
627.2828409945496	0.013876399999958267	epochs	3.0
627.2967173945495	0.027620400000046175	epochs	2.0
627.2967173945495	0.013832200000024386	epochs	3.0
627.3105495945496	0.013788200000021789	epochs	3.0
627.3243377945496	0.027445899999975154	epochs	2.0
627.3243377945496	0.013744599999995444	epochs	3.0
627.3380823945496	0.01370129999997971	epochs	3.0
627.3517836945496	0.027273499999978412	epochs	2.0
627.3517836945496	0.013658200000008947	epochs	3.0
627.3654418945496	0.013615299999969466	epochs	3.0
627.3790571945495	0.027103399999987232	epochs	2.0
627.3790571945495	0.013572800000019924	epochs	3.0
627.3926299945496	0.013530599999967308	epochs	3.0
627.4061605945495	0.02693520000002536	epochs	2.0
627.4061605945495	0.013488400000028378	epochs	3.0
627.4196489945496	0.013446799999996983	epochs	3.0
627.4330957945496	0.026769199999989723	epochs	2.0
627.4330957945496	0.013405199999965589	epochs	3.0
627.4465009945495	0.013364000000024134	epochs	3.0
627.4598649945495	0.026605200000062723	epochs	2.0
627.4598649945495	0.013322900000048321	epochs	3.0
627.4731878945496	0.013282300000014402	epochs	3.0
627.4864701945496	0.0264431999999033	epochs	2.0
627.4864701945496	0.013241699999980483	epochs	3.0
627.4997118945496	0.013201499999922817	epochs	3.0
627.5129133945495	0.026283200000079887	epochs	2.0
627.5129133945495	0.013161500000023807	epochs	3.0
627.5260748945495	0.01312170000005608	epochs	3.0
627.5391965945496	0.02612499999997908	epochs	2.0
627.5391965945496	0.013082100000019636	epochs	3.0
627.5522786945496	0.013042899999959445	epochs	3.0
627.5653215945496	0.025968899999952555	epochs	2.0
627.5653215945496	0.013003899999944224	epochs	3.0
627.5783254945495	0.012965000000008331	epochs	3.0
627.5912904945495	0.025814500000024054	epochs	2.0
627.5912904945495	0.01292640000008305	epochs	3.0
627.6042168945496	0.012888099999941005	epochs	3.0
627.6171049945495	0.025661900000045534	epochs	2.0
627.6171049945495	0.012849899999991976	epochs	3.0
627.6299548945495	0.012812000000053558	epochs	3.0
627.6427668945496	0.025511199999982637	epochs	2.0
627.6427668945496	0.012774400000012065	epochs	3.0
627.6555412945496	0.012736799999970572	epochs	3.0
627.6682780945496	0.025362299999983406	epochs	2.0
627.6682780945496	0.01269969999998466	epochs	3.0
627.6809777945496	0.012662599999998747	epochs	3.0
627.6936403945496	0.025215000000002874	epochs	2.0
627.6936403945496	0.012625800000023446	epochs	3.0
627.7062661945496	0.012589199999979428	epochs	3.0
627.7188553945496	0.024584799999956886	epochs	2.0
627.7422127945496	0.5	epochs	-1.0
627.7434401945495	0.9999200000000883	epochs	1.0
628.2422127945496	0.5	epochs	-1.0
629.6319999694824	0.1474399999999605	epochs	0.0
629.6319999694824	0.06872180000004846	epochs	1.0
629.7007217694825	0.009996399999977257	epochs	1.0
629.7107181694824	0.06872179999993477	epochs	1.0
629.7794399694824	2.0	epochs	0.0
631.7794399694824	0.512480000000096	epochs	0.0
631.7794399694824	0.512480000000096	epochs	1.0
631.7794925694824	0.5	epochs	-1.0
632.2794925694824	0.012427400000092348	epochs	-1.0
632.2919199694825	21.487439999999992	epochs	0.0
633.4800000190735	0.1474399999999605	epochs	0.0
633.4800000190735	0.06872180000004846	epochs	1.0
633.5487218190735	0.009996399999977257	epochs	1.0
633.5587182190735	0.06872179999993477	epochs	1.0
633.6274400190734	2.0	epochs	0.0
635.6274400190734	21.53224	epochs	0.0
635.6274400190734	1.0	epochs	1.0
635.6274926190735	0.5	epochs	-1.0
636.1274926190735	19.99872000000005	epochs	-1.0
636.6274400190734	20.0	epochs	1.0
636.6274400190734	4.356753900000058	epochs	-1.0
636.6274400190734	1.9745872000000873	epochs	2.0
636.6274400190734	1.0985622000000603	epochs	3.0
637.7260022190735	0.8760250000000269	epochs	3.0
638.6020272190735	1.352407499999913	epochs	2.0
638.6020272190735	0.7286354999999958	epochs	3.0
639.3306627190735	0.6237719999999172	epochs	3.0
639.9544347190734	1.0297592000000577	epochs	2.0
639.9544347190734	0.5453293000000485	epochs	3.0
640.4997640190735	0.4844299000000092	epochs	3.0
640.9841939190735	0.8317862000000105	epochs	2.0
640.9841939190735	0.4357762999999295	epochs	3.0
641.4199702190734	0.39600990000008096	epochs	3.0
641.8159801190735	0.6977969999999232	epochs	2.0
641.8159801190735	0.3628982000000178	epochs	3.0
642.1788783190735	0.33489879999990535	epochs	3.0
642.5137771190734	0.6010457000000997	epochs	2.0
642.5137771190734	0.3109123000000409	epochs	3.0
642.8246894190735	0.2901334000000588	epochs	3.0
643.1148228190735	0.5278859000000011	epochs	2.0
643.1148228190735	0.2719585999999481	epochs	3.0
643.3867814190735	0.25592730000005304	epochs	3.0
643.6427087190735	0.470619299999953	epochs	2.0
643.6427087190735	0.241681299999982	epochs	3.0
643.8843900190735	0.228937999999971	epochs	3.0
644.1133280190735	0.42457039999999324	epochs	2.0
644.1133280190735	0.21747140000002219	epochs	3.0
644.3307994190735	0.20709899999997106	epochs	3.0
644.5378984190735	0.3867354000000205	epochs	2.0
644.5378984190735	0.19767109999997956	epochs	3.0
644.7355695190735	0.18906430000004093	epochs	3.0
644.9246338190735	0.3550953000000163	epochs	2.0
644.9246338190735	0.18117589999997108	epochs	3.0
645.1058097190735	0.17391940000004524	epochs	3.0
645.2797291190735	0.3282431000000088	epochs	2.0
645.2797291190735	0.16722189999995862	epochs	3.0
645.4469510190735	0.16102120000005016	epochs	3.0
645.6079722190735	0.30516799999998057	epochs	2.0
645.6079722190735	0.15526389999990897	epochs	3.0
645.7632361190734	0.1499041000000716	epochs	3.0
645.9131402190735	0.28512530000000424	epochs	2.0
645.9131402190735	0.1449020999999675	epochs	3.0
646.0580423190735	0.14022320000003674	epochs	3.0
646.1982655190735	0.2675537999999733	epochs	2.0
646.1982655190735	0.1358368999999584	epochs	3.0
646.3341024190735	0.1317169000000149	epochs	3.0
646.4658193190735	0.2520229000000427	epochs	2.0
646.4658193190735	0.1278393000000051	epochs	3.0
646.5936586190735	0.12418360000003759	epochs	3.0
646.7178422190735	0.23819649999995818	epochs	2.0
646.7178422190735	0.12073109999994358	epochs	3.0
646.8385733190735	0.1174654000000146	epochs	3.0
646.9560387190735	0.2258087999999816	epochs	2.0
646.9560387190735	0.11437190000003739	epochs	3.0
647.0704106190735	0.11143689999994422	epochs	3.0
647.1818475190735	0.2146460000000161	epochs	2.0
647.1818475190735	0.10864890000004834	epochs	3.0
647.2904964190735	0.10599709999996776	epochs	3.0
647.3964935190735	0.20453499999996438	epochs	2.0
647.3964935190735	0.10347149999995509	epochs	3.0
647.4999650190734	0.1010635000000093	epochs	3.0
647.6010285190735	0.19533400000000256	epochs	2.0
647.6010285190735	0.09876510000003691	epochs	3.0
647.6997936190735	0.09656889999996565	epochs	3.0
647.7963625190735	0.18692529999998442	epochs	2.0
647.7963625190735	0.09446830000001682	epochs	3.0
647.8908308190735	0.09245699999996759	epochs	3.0
647.9832878190734	0.17921069999999872	epochs	2.0
647.9832878190734	0.0905296000000817	epochs	3.0
648.0738174190735	0.08868109999991702	epochs	3.0
648.1624985190734	0.17210770000008324	epochs	2.0
648.1624985190734	0.08690630000000965	epochs	3.0
648.2494048190734	0.08520140000007359	epochs	3.0
648.3346062190735	0.1655463999999256	epochs	2.0
648.3346062190735	0.08356189999994967	epochs	3.0
648.4181681190735	0.08198449999997592	epochs	3.0
648.5001526190734	0.15946710000002895	epochs	2.0
648.5001526190734	0.08046540000009372	epochs	3.0
648.5806180190735	0.07900169999993523	epochs	3.0
648.6596197190735	0.15381839999997737	epochs	2.0
648.6596197190735	0.07759010000006583	epochs	3.0
648.7372098190735	0.07622829999991154	epochs	3.0
648.8134381190735	0.14855640000007497	epochs	2.0
648.8134381190735	0.07491330000004837	epochs	3.0
648.8883514190735	0.0736431000000266	epochs	3.0
648.9619945190735	0.14364239999997608	epochs	2.0
648.9619945190735	0.07241499999997814	epochs	3.0
649.0344095190735	0.07122739999999794	epochs	3.0
649.1056369190735	0.13904309999998077	epochs	2.0
649.1056369190735	0.07007799999996678	epochs	3.0
649.1757149190735	0.06896510000001399	epochs	3.0
649.2446800190735	0.1347293000000036	epochs	2.0
649.2446800190735	0.0678871000000072	epochs	3.0
649.3125671190735	0.06684219999999641	epochs	3.0
649.3794093190735	0.1306752000000415	epochs	2.0
649.3794093190735	0.06582909999997355	epochs	3.0
649.4452384190735	0.06484610000006796	epochs	3.0
649.5100845190735	0.1268577999999252	epochs	2.0
649.5100845190735	0.06389200000000983	epochs	3.0
649.5739765190735	0.06296579999991536	epochs	3.0
649.6369423190735	0.12325720000001184	epochs	2.0
649.6369423190735	0.06206580000002759	epochs	3.0
649.6990081190735	0.06119139999998424	epochs	3.0
649.7601995190735	0.11985540000000583	epochs	2.0
649.7601995190735	0.06034110000007331	epochs	3.0
649.8205406190735	0.05951429999993252	epochs	3.0
649.8800549190735	0.11663620000001629	epochs	2.0
649.8800549190735	0.05870960000004288	epochs	3.0
649.9387645190735	0.057926599999973405	epochs	3.0
649.9966911190735	0.11358559999996487	epochs	2.0
649.9966911190735	0.05716419999998834	epochs	3.0
650.0538553190735	0.05642139999997653	epochs	3.0
650.1102767190735	0.11069050000003244	epochs	2.0
650.1102767190735	0.055697900000041045	epochs	3.0
650.1659746190735	0.0549925999999914	epochs	3.0
650.2209672190735	0.10793909999995321	epochs	2.0
650.2209672190735	0.05430490000003374	epochs	3.0
650.2752721190735	0.053634199999919474	epochs	3.0
650.3289063190734	0.10532150000005913	epochs	2.0
650.3289063190734	0.05298000000004777	epochs	3.0
650.3818863190735	0.052341500000011365	epochs	3.0
650.4342278190735	0.10282759999995505	epochs	2.0
650.4342278190735	0.05171810000001642	epochs	3.0
650.4859459190735	0.051109499999938635	epochs	3.0
650.5370554190735	0.10044909999999163	epochs	2.0
650.5370554190735	0.050514900000052876	epochs	3.0
650.5875703190735	0.049934199999938755	epochs	3.0
650.6375045190734	0.09817830000008598	epochs	2.0
650.6375045190734	0.04936659999998483	epochs	3.0
650.6868711190734	0.048811700000101155	epochs	3.0
650.7356828190735	0.09600779999993847	epochs	2.0
650.7356828190735	0.04826919999993606	epochs	3.0
650.7839520190735	0.04773860000000241	epochs	3.0
650.8316906190735	0.09393120000004274	epochs	2.0
650.8316906190735	0.04721949999998287	epochs	3.0
650.8789101190735	0.046711700000059864	epochs	3.0
650.9256218190735	0.09194259999992482	epochs	2.0
650.9256218190735	0.046214599999984785	epochs	3.0
650.9718364190735	0.04572799999994004	epochs	3.0
651.0175644190734	0.09003630000006524	epochs	2.0
651.0175644190734	0.04525150000006306	epochs	3.0
651.0628159190735	0.04478480000000218	epochs	3.0
651.1076007190735	0.08820760000003247	epochs	2.0
651.1076007190735	0.044327800000019124	epochs	3.0
651.1519285190735	0.04387980000001335	epochs	3.0
651.1958083190735	0.0864516999999978	epochs	2.0
651.1958083190735	0.04344099999991613	epochs	3.0
651.2392493190735	0.04301070000008167	epochs	3.0
651.2822600190735	0.08476429999996071	epochs	2.0
651.2822600190735	0.04258899999990717	epochs	3.0
651.3248490190734	0.04217530000005354	epochs	3.0
651.3670243190735	0.08314150000001064	epochs	2.0
651.3670243190735	0.04176970000003166	epochs	3.0
651.4087940190735	0.041371799999978975	epochs	3.0
651.4501658190735	0.08157970000002024	epochs	2.0
651.4501658190735	0.040981399999964196	epochs	3.0
651.4911472190735	0.04059830000005604	epochs	3.0
651.5317455190735	0.08007549999990715	epochs	2.0
651.5317455190735	0.04022229999998217	epochs	3.0
651.5719678190735	0.03985319999992498	epochs	3.0
651.6118210190734	0.07862570000008873	epochs	2.0
651.6118210190734	0.039490800000066884	epochs	3.0
651.6513118190735	0.039134900000021844	epochs	3.0
651.6904467190735	0.07722760000001472	epochs	2.0
651.6904467190735	0.03878539999993791	epochs	3.0
651.7292321190735	0.03844220000007681	epochs	3.0
651.7676743190735	0.07587819999992007	epochs	2.0
651.7676743190735	0.03810479999992822	epochs	3.0
651.8057791190735	0.03777339999999185	epochs	3.0
651.8435525190735	0.0745752000000266	epochs	2.0
651.8435525190735	0.03744770000002973	epochs	3.0
651.8810002190735	0.03712749999999687	epochs	3.0
651.9181277190735	0.07331629999998768	epochs	2.0
651.9181277190735	0.036812899999972615	epochs	3.0
651.9549406190735	0.03650340000001506	epochs	3.0
651.9914440190735	0.07209899999998015	epochs	2.0
651.9914440190735	0.03619909999997617	epochs	3.0
652.0276431190734	0.03589990000000398	epochs	3.0
652.0635430190734	0.07092169999998532	epochs	2.0
652.0635430190734	0.03560560000005353	epochs	3.0
652.0991486190735	0.035316099999931794	epochs	3.0
652.1344647190734	0.06978200000003199	epochs	2.0
652.1344647190734	0.03503120000004856	epochs	3.0
652.1694959190735	0.03475079999998343	epochs	3.0
652.2042467190735	0.06867859999999837	epochs	2.0
652.2042467190735	0.03447510000000875	epochs	3.0
652.2387218190735	0.03420349999998962	epochs	3.0
652.2729253190735	0.06760930000007193	epochs	2.0
652.2729253190735	0.033936199999970995	epochs	3.0
652.3068615190734	0.03367310000010093	epochs	3.0
652.3405346190735	0.06657289999998284	epochs	2.0
652.3405346190735	0.03341399999999339	epochs	3.0
652.3739486190735	0.033158899999989444	epochs	3.0
652.4071075190735	0.06556779999993978	epochs	2.0
652.4071075190735	0.032907700000009754	epochs	3.0
652.4400152190735	0.032660099999930026	epochs	3.0
652.4726753190735	0.06459259999996902	epochs	2.0
652.4726753190735	0.032416399999988244	epochs	3.0
652.5050917190734	0.03217619999998078	epochs	3.0
652.5372679190734	0.06364600000006249	epochs	2.0
652.5372679190734	0.031939600000100654	epochs	3.0
652.5692075190735	0.03170639999996183	epochs	3.0
652.6009139190735	0.0627266999999847	epochs	2.0
652.6009139190735	0.03147660000001906	epochs	3.0
652.6323905190735	0.03125009999996564	epochs	3.0
652.6636406190735	0.06183359999999993	epochs	2.0
652.6636406190735	0.031026900000028945	epochs	3.0
652.6946675190735	0.030806699999970988	epochs	3.0
652.7254742190735	0.06096560000003137	epochs	2.0
652.7254742190735	0.030589800000029754	epochs	3.0
652.7560640190735	0.030375800000001618	epochs	3.0
652.7864398190735	0.06012160000000222	epochs	2.0
652.7864398190735	0.03016489999993155	epochs	3.0
652.8166047190734	0.02995670000007067	epochs	3.0
652.8465614190735	0.05930069999999432	epochs	2.0
652.8465614190735	0.02975159999994048	epochs	3.0
652.8763130190735	0.02954910000005384	epochs	3.0
652.9058621190735	0.05850179999993088	epochs	2.0
652.9058621190735	0.02934940000000097	epochs	3.0
652.9352115190735	0.029152399999929912	epochs	3.0
652.9643639190734	0.057724200000052406	epochs	2.0
652.9643639190734	0.028958000000102402	epochs	3.0
652.9933219190735	0.028766199999950004	epochs	3.0
653.0220881190735	0.05696709999995164	epochs	2.0
653.0220881190735	0.028577000000041153	epochs	3.0
653.0506651190735	0.02839009999991049	epochs	3.0
653.0790552190734	0.056229500000085864	epochs	2.0
653.0790552190734	0.028205700000057732	epochs	3.0
653.1072609190735	0.028023800000028132	epochs	3.0
653.1352847190735	0.05551070000001346	epochs	2.0
653.1352847190735	0.027843999999959124	epochs	3.0
653.1631287190735	0.027666700000054334	epochs	3.0
653.1907954190735	0.05481019999990622	epochs	2.0
653.1907954190735	0.02749149999999645	epochs	3.0
653.2182869190735	0.027318699999909768	epochs	3.0
653.2456056190734	0.05412699999999404	epochs	2.0
653.2456056190734	0.02714780000007977	epochs	3.0
653.2727534190735	0.026979199999914272	epochs	3.0
653.2997326190734	0.0534607000000733	epochs	2.0
653.2997326190734	0.026812600000084785	epochs	3.0
653.3265452190735	0.026648099999988517	epochs	3.0
653.3531933190735	0.05281070000000909	epochs	2.0
653.3531933190735	0.026485600000000886	epochs	3.0
653.3796789190735	0.026325100000008206	epochs	3.0
653.4060040190735	0.05217619999996259	epochs	2.0
653.4060040190735	0.026166399999965506	epochs	3.0
653.4321704190735	0.026009799999997085	epochs	3.0
653.4581802190735	0.051556699999991906	epochs	2.0
653.4581802190735	0.025854800000047362	epochs	3.0
653.4840350190735	0.025701899999944544	epochs	3.0
653.5097369190735	0.05095189999997274	epochs	2.0
653.5097369190735	0.02555070000005344	epochs	3.0
653.5352876190735	0.0254011999999193	epochs	3.0
653.5606888190734	0.05036100000006627	epochs	2.0
653.5606888190734	0.0252535000000762	epochs	3.0
653.5859423190735	0.02510749999999007	epochs	3.0
653.6110498190735	0.049783800000000156	epochs	2.0
653.6110498190735	0.02496320000000196	epochs	3.0
653.6360130190735	0.024820599999998194	epochs	3.0
653.6608336190735	0.04921949999993558	epochs	2.0
653.6608336190735	0.024679399999968155	epochs	3.0
653.6855130190735	0.024540099999967424	epochs	3.0
653.7100531190735	0.04866790000005494	epochs	2.0
653.7100531190735	0.024402100000088467	epochs	3.0
653.7344552190735	0.024265799999966475	epochs	3.0
653.7587210190735	0.048128599999927246	epochs	2.0
653.7587210190735	0.024131000000011227	epochs	3.0
653.7828520190735	0.02399759999991602	epochs	3.0
653.8068496190734	0.047601100000065344	epochs	2.0
653.8068496190734	0.023865800000066884	epochs	3.0
653.8307154190735	0.02373529999999846	epochs	3.0
653.8544507190735	0.047085000000038235	epochs	2.0
653.8544507190735	0.023606299999983094	epochs	3.0
653.8780570190735	0.02347870000005514	epochs	3.0
653.9015357190735	0.046579999999948996	epochs	2.0
653.9015357190735	0.02335249999998723	epochs	3.0
653.9248882190735	0.023227499999961765	epochs	3.0
653.9481157190735	0.046085700000048746	epochs	2.0
653.9481157190735	0.023103999999989355	epochs	3.0
653.9712197190735	0.02298170000005939	epochs	3.0
653.9942014190735	0.045601799999985815	epochs	2.0
653.9942014190735	0.02286069999991014	epochs	3.0
654.0170621190734	0.022741100000075676	epochs	3.0
654.0398032190735	0.04512790000001132	epochs	2.0
654.0398032190735	0.022622500000011314	epochs	3.0
654.0624257190735	0.02250540000000001	epochs	3.0
654.0849311190735	0.044663799999966614	epochs	2.0
654.0849311190735	0.02238929999998618	epochs	3.0
654.1073204190735	0.022274499999980435	epochs	3.0
654.1295949190735	0.04420919999995476	epochs	2.0
654.1295949190735	0.022160799999937808	epochs	3.0
654.1517557190734	0.022048400000016954	epochs	3.0
654.1738041190735	0.043763600000033875	epochs	2.0
654.1738041190735	0.021936900000014248	epochs	3.0
654.1957410190735	0.021826700000019628	epochs	3.0
654.2175677190735	0.04332709999994222	epochs	2.0
654.2175677190735	0.021717599999988124	epochs	3.0
654.2392853190735	0.021609499999954096	epochs	3.0
654.2608948190734	0.04289900000003399	epochs	2.0
654.2608948190734	0.021502500000110558	epochs	3.0
654.2823973190735	0.021396499999923435	epochs	3.0
654.3037938190735	0.042479500000013104	epochs	2.0
654.3037938190735	0.02129170000000613	epochs	3.0
654.3250855190735	0.021187800000006973	epochs	3.0
654.3462733190735	0.042067900000006375	epochs	2.0
654.3462733190735	0.02108490000000529	epochs	3.0
654.3673582190735	0.020983000000001084	epochs	3.0
654.3883412190735	0.04166440000005878	epochs	2.0
654.3883412190735	0.020882199999959994	epochs	3.0
654.4092234190734	0.020782200000098783	epochs	3.0
654.4300056190735	0.04126850000000104	epochs	2.0
654.4300056190735	0.020683299999973315	epochs	3.0
654.4506889190735	0.020585200000027726	epochs	3.0
654.4712741190735	0.040879999999901884	epochs	2.0
654.4712741190735	0.020488099999965925	epochs	3.0
654.4917622190735	0.02039189999993596	epochs	3.0
654.5121541190734	0.04049880000002304	epochs	2.0
654.5121541190734	0.020296600000051512	epochs	3.0
654.5324507190735	0.020202199999971526	epochs	3.0
654.5526529190735	0.04012460000001283	epochs	2.0
654.5526529190735	0.02010870000003706	epochs	3.0
654.5727616190735	0.020015899999975773	epochs	3.0
654.5927775190735	0.03975730000001931	epochs	2.0
654.5927775190735	0.019924199999991288	epochs	3.0
654.6127017190735	0.019833100000028026	epochs	3.0
654.6325348190735	0.03939669999999751	epochs	2.0
654.6325348190735	0.01974299999994855	epochs	3.0
654.6522778190734	0.019653700000048957	epochs	3.0
654.6719315190735	0.03904239999997117	epochs	2.0
654.6719315190735	0.01956510000002254	epochs	3.0
654.6914966190735	0.019477299999948627	epochs	3.0
654.7109739190735	0.03869459999998526	epochs	2.0
654.7109739190735	0.019390400000020236	epochs	3.0
654.7303643190735	0.01930419999996502	epochs	3.0
654.7496685190735	0.03835290000006353	epochs	2.0
654.7496685190735	0.019218799999976	epochs	3.0
654.7688873190734	0.01913410000008753	epochs	3.0
654.7880214190735	0.03801720000001296	epochs	2.0
654.7880214190735	0.01905019999992419	epochs	3.0
654.8070716190734	0.018967000000088774	epochs	3.0
654.8260386190735	0.03768719999993664	epochs	2.0
654.8260386190735	0.018884499999899163	epochs	3.0
654.8449231190734	0.018802700000037476	epochs	3.0
654.8637258190735	0.03736309999999321	epochs	2.0
654.8637258190735	0.018721700000014607	epochs	3.0
654.8824475190735	0.018641399999978603	epochs	3.0
654.9010889190735	0.03704430000004777	epochs	2.0
654.9010889190735	0.01856159999999818	epochs	3.0
654.9196505190735	0.01848270000004959	epochs	3.0
654.9381332190735	0.0367310000000316	epochs	2.0
654.9381332190735	0.018404299999929208	epochs	3.0
654.9565375190734	0.01832670000010239	epochs	3.0
654.9748642190735	0.03642289999993409	epochs	2.0
654.9748642190735	0.018249599999990096	epochs	3.0
654.9931138190735	0.018173299999943993	epochs	3.0
655.0112871190735	0.03612010000006194	epochs	2.0
655.0112871190735	0.0180976000000328	epochs	3.0
655.0293847190735	0.01802250000002914	epochs	3.0
655.0474072190735	0.03582209999990482	epochs	2.0
655.0474072190735	0.017947899999967376	epochs	3.0
655.0653551190735	0.017874199999937446	epochs	3.0
655.0832293190734	0.03552899999999681	epochs	2.0
655.0832293190734	0.017800800000031813	epochs	3.0
655.1010301190735	0.017728199999965	epochs	3.0
655.1187583190734	0.03524070000003121	epochs	2.0
655.1187583190734	0.017656100000067454	epochs	3.0
655.1364144190735	0.017584599999963757	epochs	3.0
655.1539990190735	0.034957100000042374	epochs	2.0
655.1539990190735	0.01751369999999497	epochs	3.0
655.1715127190735	0.017443400000047404	epochs	3.0
655.1889561190735	0.03467790000001969	epochs	2.0
655.1889561190735	0.017373599999928047	epochs	3.0
655.2063297190734	0.017304300000091644	epochs	3.0
655.2236340190735	0.03440330000000813	epochs	2.0
655.2236340190735	0.01723570000001473	epochs	3.0
655.2408697190735	0.0171675999999934	epochs	3.0
655.2580373190735	0.03413279999995211	epochs	2.0
655.2580373190735	0.01709989999994832	epochs	3.0
655.2751372190735	0.017032900000003792	epochs	3.0
655.2921701190735	0.033866699999975935	epochs	2.0
655.2921701190735	0.01696640000000116	epochs	3.0
655.3091365190735	0.016900299999974777	epochs	3.0
655.3260368190735	0.03360459999998966	epochs	2.0
655.3260368190735	0.01683479999996962	epochs	3.0
655.3428716190734	0.01676980000002004	epochs	3.0
655.3596414190735	0.03334660000007261	epochs	2.0
655.3596414190735	0.016705300000012357	epochs	3.0
655.3763467190735	0.016641300000060255	epochs	3.0
655.3929880190735	0.03309249999995245	epochs	2.0
655.3929880190735	0.01657779999993636	epochs	3.0
655.4095658190735	0.01651470000001609	epochs	3.0
655.4260805190735	0.03284229999997024	epochs	2.0
655.4260805190735	0.01645220000000336	epochs	3.0
655.4425327190735	0.01639009999996688	epochs	3.0
655.4589228190735	0.03259570000000167	epochs	2.0
655.4589228190735	0.016328400000020338	epochs	3.0
655.4752512190735	0.016267299999981333	epochs	3.0
655.4915185190735	0.032352899999978035	epochs	2.0
655.4915185190735	0.016206600000032267	epochs	3.0
655.5077251190735	0.016146299999945768	epochs	3.0
655.5238714190734	0.032113700000081735	epochs	2.0
655.5238714190734	0.016086600000107865	epochs	3.0
655.5399580190735	0.01602709999997387	epochs	3.0
655.5559851190735	0.03187800000000607	epochs	2.0
655.5559851190735	0.015968199999974786	epochs	3.0
655.5719533190735	0.015909800000031282	epochs	3.0
655.5878631190735	0.031645700000012766	epochs	2.0
655.5878631190735	0.01585160000001906	epochs	3.0
655.6037147190735	0.015794099999993705	epochs	3.0
655.6195088190735	0.031416699999908815	epochs	2.0
655.6195088190735	0.01573669999993399	epochs	3.0
655.6352455190735	0.015679999999974825	epochs	3.0
655.6509255190734	0.031191100000000915	epochs	2.0
655.6509255190734	0.015623600000026272	epochs	3.0
655.6665491190735	0.015567499999974643	epochs	3.0
655.6821166190734	0.030968700000016725	epochs	2.0
655.6821166190734	0.015512000000057924	epochs	3.0
655.6976286190735	0.0154566999999588	epochs	3.0
655.7130853190735	0.03074950000006993	epochs	2.0
655.7130853190735	0.015401999999994587	epochs	3.0
655.7284873190735	0.015347500000075343	epochs	3.0
655.7438348190735	0.030533199999922545	epochs	2.0
655.7438348190735	0.015293399999904977	epochs	3.0
655.7591282190734	0.015239800000017567	epochs	3.0
655.7743680190734	0.03032010000003993	epochs	2.0
655.7743680190734	0.015186500000027081	epochs	3.0
655.7895545190735	0.015133600000012848	epochs	3.0
655.8046881190735	0.030109899999956724	epochs	2.0
655.8046881190735	0.015081000000009226	epochs	3.0
655.8197691190735	0.015028899999947498	epochs	3.0
655.8347980190734	0.02990250000004835	epochs	2.0
655.8347980190734	0.014977000000044427	epochs	3.0
655.8497750190735	0.014925500000003922	epochs	3.0
655.8647005190735	0.029698100000018712	epochs	2.0
655.8647005190735	0.01487439999993967	epochs	3.0
655.8795749190734	0.014823700000079043	epochs	3.0
655.8943986190735	0.02949630000000525	epochs	2.0
655.8943986190735	0.014773199999922326	epochs	3.0
655.9091718190734	0.014723100000082923	epochs	3.0
655.9238949190735	0.02929740000001857	epochs	2.0
655.9238949190735	0.014673399999992398	epochs	3.0
655.9385683190735	0.014624000000026172	epochs	3.0
655.9531923190735	0.029101099999934377	epochs	2.0
655.9531923190735	0.01457489999995687	epochs	3.0
655.9677672190735	0.014526199999977507	epochs	3.0
655.9822934190735	0.028907399999980044	epochs	2.0
655.9822934190735	0.014477700000043114	epochs	3.0
655.9967711190735	0.014429699999936929	epochs	3.0
656.0112008190735	0.028716200000076242	epochs	2.0
656.0112008190735	0.014381800000023759	epochs	3.0
656.0255826190735	0.014334400000052483	epochs	3.0
656.0399170190735	0.02852759999996124	epochs	2.0
656.0399170190735	0.01428720000001249	epochs	3.0
656.0542042190735	0.01424039999994875	epochs	3.0
656.0684446190735	0.028341400000044814	epochs	2.0
656.0684446190735	0.014193800000043666	epochs	3.0
656.0826384190735	0.014147600000001148	epochs	3.0
656.0967860190735	0.028157699999951546	epochs	2.0
656.0967860190735	0.014101699999969242	epochs	3.0
656.1108877190735	0.014055999999982305	epochs	3.0
656.1249437190735	0.027976299999977527	epochs	2.0
656.1249437190735	0.01401060000000598	epochs	3.0
656.1389543190735	0.013965699999971548	epochs	3.0
656.1529200190735	0.02779720000000907	epochs	2.0
656.1529200190735	0.013920800000050804	epochs	3.0
656.1668408190735	0.013876399999958267	epochs	3.0
656.1807172190735	0.027620400000046175	epochs	2.0
656.1807172190735	0.013832200000024386	epochs	3.0
656.1945494190735	0.013788200000021789	epochs	3.0
656.2083376190735	0.027445899999975154	epochs	2.0
656.2083376190735	0.013744599999995444	epochs	3.0
656.2220822190735	0.01370129999997971	epochs	3.0
656.2357835190735	0.027273499999978412	epochs	2.0
656.2357835190735	0.013658200000008947	epochs	3.0
656.2494417190735	0.013615299999969466	epochs	3.0
656.2630570190735	0.027103399999987232	epochs	2.0
656.2630570190735	0.013572800000019924	epochs	3.0
656.2766298190735	0.013530599999967308	epochs	3.0
656.2901604190735	0.02693520000002536	epochs	2.0
656.2901604190735	0.013488400000028378	epochs	3.0
656.3036488190735	0.013446799999996983	epochs	3.0
656.3170956190735	0.026769199999989723	epochs	2.0
656.3170956190735	0.013405199999965589	epochs	3.0
656.3305008190734	0.013364000000024134	epochs	3.0
656.3438648190735	0.026605200000062723	epochs	2.0
656.3438648190735	0.013322900000048321	epochs	3.0
656.3571877190735	0.013282300000014402	epochs	3.0
656.3704700190735	0.0264431999999033	epochs	2.0
656.3704700190735	0.013241699999980483	epochs	3.0
656.3837117190735	0.013201499999922817	epochs	3.0
656.3969132190734	0.026283200000079887	epochs	2.0
656.3969132190734	0.013161500000023807	epochs	3.0
656.4100747190735	0.01312170000005608	epochs	3.0
656.4231964190735	0.02612499999997908	epochs	2.0
656.4231964190735	0.013082100000019636	epochs	3.0
656.4362785190735	0.013042899999959445	epochs	3.0
656.4493214190735	0.025968899999952555	epochs	2.0
656.4493214190735	0.013003899999944224	epochs	3.0
656.4623253190734	0.012965000000008331	epochs	3.0
656.4752903190735	0.025814500000024054	epochs	2.0
656.4752903190735	0.01292640000008305	epochs	3.0
656.4882167190735	0.012888099999941005	epochs	3.0
656.5011048190735	0.025661900000045534	epochs	2.0
656.5011048190735	0.012849899999991976	epochs	3.0
656.5139547190735	0.012812000000053558	epochs	3.0
656.5267667190735	0.025511199999982637	epochs	2.0
656.5267667190735	0.012774400000012065	epochs	3.0
656.5395411190735	0.012736799999970572	epochs	3.0
656.5522779190735	0.025362299999983406	epochs	2.0
656.5522779190735	0.01269969999998466	epochs	3.0
656.5649776190735	0.012662599999998747	epochs	3.0
656.5776402190735	0.025215000000002874	epochs	2.0
656.5776402190735	0.012625800000023446	epochs	3.0
656.5902660190735	0.012589199999979428	epochs	3.0
656.6028552190735	0.024584799999956886	epochs	2.0
656.6262126190735	0.5	epochs	-1.0
656.6274400190734	0.5322400000000016	epochs	1.0
657.1596800190734	0.4676800000000867	epochs	0.0
657.9879999160767	0.1474399999999605	epochs	0.0
657.9879999160767	0.06872180000004846	epochs	1.0
658.0567217160767	0.009996399999977257	epochs	1.0
658.0667181160767	0.06872179999993477	epochs	1.0
658.1354399160766	2.0	epochs	0.0
660.1354399160766	21.53255999999999	epochs	0.0
660.1354399160766	1.0	epochs	1.0
660.1354925160766	0.5	epochs	-1.0
660.6354925160766	19.99872000000005	epochs	-1.0
661.1354399160766	20.0	epochs	1.0
661.1354399160766	4.356753900000058	epochs	-1.0
661.1354399160766	1.9745872000000873	epochs	2.0
661.1354399160766	1.0985622000000603	epochs	3.0
662.2340021160767	0.8760250000000269	epochs	3.0
663.1100271160767	1.352407499999913	epochs	2.0
663.1100271160767	0.7286354999999958	epochs	3.0
663.8386626160767	0.6237719999999172	epochs	3.0
664.4624346160766	1.0297592000000577	epochs	2.0
664.4624346160766	0.5453293000000485	epochs	3.0
665.0077639160767	0.4844299000000092	epochs	3.0
665.4921938160767	0.8317862000000105	epochs	2.0
665.4921938160767	0.4357762999999295	epochs	3.0
665.9279701160766	0.39600990000008096	epochs	3.0
666.3239800160767	0.6977969999999232	epochs	2.0
666.3239800160767	0.3628982000000178	epochs	3.0
666.6868782160767	0.33489879999990535	epochs	3.0
667.0217770160766	0.6010457000000997	epochs	2.0
667.0217770160766	0.3109123000000409	epochs	3.0
667.3326893160767	0.2901334000000588	epochs	3.0
667.6228227160767	0.5278859000000011	epochs	2.0
667.6228227160767	0.2719585999999481	epochs	3.0
667.8947813160767	0.25592730000005304	epochs	3.0
668.1507086160767	0.470619299999953	epochs	2.0
668.1507086160767	0.241681299999982	epochs	3.0
668.3923899160767	0.228937999999971	epochs	3.0
668.6213279160767	0.42457039999999324	epochs	2.0
668.6213279160767	0.21747140000002219	epochs	3.0
668.8387993160767	0.20709899999997106	epochs	3.0
669.0458983160767	0.3867354000000205	epochs	2.0
669.0458983160767	0.19767109999997956	epochs	3.0
669.2435694160766	0.18906430000004093	epochs	3.0
669.4326337160767	0.3550953000000163	epochs	2.0
669.4326337160767	0.18117589999997108	epochs	3.0
669.6138096160767	0.17391940000004524	epochs	3.0
669.7877290160767	0.3282431000000088	epochs	2.0
669.7877290160767	0.16722189999995862	epochs	3.0
669.9549509160767	0.16102120000005016	epochs	3.0
670.1159721160767	0.30516799999998057	epochs	2.0
670.1159721160767	0.15526389999990897	epochs	3.0
670.2712360160766	0.1499041000000716	epochs	3.0
670.4211401160767	0.28512530000000424	epochs	2.0
670.4211401160767	0.1449020999999675	epochs	3.0
670.5660422160767	0.14022320000003674	epochs	3.0
670.7062654160767	0.2675537999999733	epochs	2.0
670.7062654160767	0.1358368999999584	epochs	3.0
670.8421023160766	0.1317169000000149	epochs	3.0
670.9738192160767	0.2520229000000427	epochs	2.0
670.9738192160767	0.1278393000000051	epochs	3.0
671.1016585160767	0.12418360000003759	epochs	3.0
671.2258421160767	0.23819649999995818	epochs	2.0
671.2258421160767	0.12073109999994358	epochs	3.0
671.3465732160766	0.1174654000000146	epochs	3.0
671.4640386160767	0.2258087999999816	epochs	2.0
671.4640386160767	0.11437190000003739	epochs	3.0
671.5784105160767	0.11143689999994422	epochs	3.0
671.6898474160766	0.2146460000000161	epochs	2.0
671.6898474160766	0.10864890000004834	epochs	3.0
671.7984963160767	0.10599709999996776	epochs	3.0
671.9044934160767	0.20453499999996438	epochs	2.0
671.9044934160767	0.10347149999995509	epochs	3.0
672.0079649160766	0.1010635000000093	epochs	3.0
672.1090284160766	0.19533400000000256	epochs	2.0
672.1090284160766	0.09876510000003691	epochs	3.0
672.2077935160767	0.09656889999996565	epochs	3.0
672.3043624160766	0.18692529999998442	epochs	2.0
672.3043624160766	0.09446830000001682	epochs	3.0
672.3988307160766	0.09245699999996759	epochs	3.0
672.4912877160766	0.17921069999999872	epochs	2.0
672.4912877160766	0.0905296000000817	epochs	3.0
672.5818173160767	0.08868109999991702	epochs	3.0
672.6704984160766	0.17210770000008324	epochs	2.0
672.6704984160766	0.08690630000000965	epochs	3.0
672.7574047160766	0.08520140000007359	epochs	3.0
672.8426061160767	0.1655463999999256	epochs	2.0
672.8426061160767	0.08356189999994967	epochs	3.0
672.9261680160766	0.08198449999997592	epochs	3.0
673.0081525160766	0.15946710000002895	epochs	2.0
673.0081525160766	0.08046540000009372	epochs	3.0
673.0886179160767	0.07900169999993523	epochs	3.0
673.1676196160766	0.15381839999997737	epochs	2.0
673.1676196160766	0.07759010000006583	epochs	3.0
673.2452097160767	0.07622829999991154	epochs	3.0
673.3214380160766	0.14855640000007497	epochs	2.0
673.3214380160766	0.07491330000004837	epochs	3.0
673.3963513160767	0.0736431000000266	epochs	3.0
673.4699944160767	0.14364239999997608	epochs	2.0
673.4699944160767	0.07241499999997814	epochs	3.0
673.5424094160767	0.07122739999999794	epochs	3.0
673.6136368160767	0.13904309999998077	epochs	2.0
673.6136368160767	0.07007799999996678	epochs	3.0
673.6837148160766	0.06896510000001399	epochs	3.0
673.7526799160767	0.1347293000000036	epochs	2.0
673.7526799160767	0.0678871000000072	epochs	3.0
673.8205670160767	0.06684219999999641	epochs	3.0
673.8874092160767	0.1306752000000415	epochs	2.0
673.8874092160767	0.06582909999997355	epochs	3.0
673.9532383160766	0.06484610000006796	epochs	3.0
674.0180844160767	0.1268577999999252	epochs	2.0
674.0180844160767	0.06389200000000983	epochs	3.0
674.0819764160767	0.06296579999991536	epochs	3.0
674.1449422160766	0.12325720000001184	epochs	2.0
674.1449422160766	0.06206580000002759	epochs	3.0
674.2070080160767	0.06119139999998424	epochs	3.0
674.2681994160766	0.11985540000000583	epochs	2.0
674.2681994160766	0.06034110000007331	epochs	3.0
674.3285405160767	0.05951429999993252	epochs	3.0
674.3880548160766	0.11663620000001629	epochs	2.0
674.3880548160766	0.05870960000004288	epochs	3.0
674.4467644160767	0.057926599999973405	epochs	3.0
674.5046910160767	0.11358559999996487	epochs	2.0
674.5046910160767	0.05716419999998834	epochs	3.0
674.5618552160767	0.05642139999997653	epochs	3.0
674.6182766160766	0.11069050000003244	epochs	2.0
674.6182766160766	0.055697900000041045	epochs	3.0
674.6739745160767	0.0549925999999914	epochs	3.0
674.7289671160767	0.10793909999995321	epochs	2.0
674.7289671160767	0.05430490000003374	epochs	3.0
674.7832720160767	0.053634199999919474	epochs	3.0
674.8369062160766	0.10532150000005913	epochs	2.0
674.8369062160766	0.05298000000004777	epochs	3.0
674.8898862160767	0.052341500000011365	epochs	3.0
674.9422277160767	0.10282759999995505	epochs	2.0
674.9422277160767	0.05171810000001642	epochs	3.0
674.9939458160767	0.051109499999938635	epochs	3.0
675.0450553160766	0.10044909999999163	epochs	2.0
675.0450553160766	0.050514900000052876	epochs	3.0
675.0955702160767	0.049934199999938755	epochs	3.0
675.1455044160766	0.09817830000008598	epochs	2.0
675.1455044160766	0.04936659999998483	epochs	3.0
675.1948710160766	0.048811700000101155	epochs	3.0
675.2436827160767	0.09600779999993847	epochs	2.0
675.2436827160767	0.04826919999993606	epochs	3.0
675.2919519160766	0.04773860000000241	epochs	3.0
675.3396905160766	0.09393120000004274	epochs	2.0
675.3396905160766	0.04721949999998287	epochs	3.0
675.3869100160766	0.046711700000059864	epochs	3.0
675.4336217160767	0.09194259999992482	epochs	2.0
675.4336217160767	0.046214599999984785	epochs	3.0
675.4798363160767	0.04572799999994004	epochs	3.0
675.5255643160766	0.09003630000006524	epochs	2.0
675.5255643160766	0.04525150000006306	epochs	3.0
675.5708158160767	0.04478480000000218	epochs	3.0
675.6156006160767	0.08820760000003247	epochs	2.0
675.6156006160767	0.044327800000019124	epochs	3.0
675.6599284160767	0.04387980000001335	epochs	3.0
675.7038082160767	0.0864516999999978	epochs	2.0
675.7038082160767	0.04344099999991613	epochs	3.0
675.7472492160766	0.04301070000008167	epochs	3.0
675.7902599160767	0.08476429999996071	epochs	2.0
675.7902599160767	0.04258899999990717	epochs	3.0
675.8328489160766	0.04217530000005354	epochs	3.0
675.8750242160767	0.08314150000001064	epochs	2.0
675.8750242160767	0.04176970000003166	epochs	3.0
675.9167939160767	0.041371799999978975	epochs	3.0
675.9581657160767	0.08157970000002024	epochs	2.0
675.9581657160767	0.040981399999964196	epochs	3.0
675.9991471160766	0.04059830000005604	epochs	3.0
676.0397454160767	0.08007549999990715	epochs	2.0
676.0397454160767	0.04022229999998217	epochs	3.0
676.0799677160767	0.03985319999992498	epochs	3.0
676.1198209160766	0.07862570000008873	epochs	2.0
676.1198209160766	0.039490800000066884	epochs	3.0
676.1593117160767	0.039134900000021844	epochs	3.0
676.1984466160767	0.07722760000001472	epochs	2.0
676.1984466160767	0.03878539999993791	epochs	3.0
676.2372320160766	0.03844220000007681	epochs	3.0
676.2756742160767	0.07587819999992007	epochs	2.0
676.2756742160767	0.03810479999992822	epochs	3.0
676.3137790160766	0.03777339999999185	epochs	3.0
676.3515524160766	0.0745752000000266	epochs	2.0
676.3515524160766	0.03744770000002973	epochs	3.0
676.3890001160767	0.03712749999999687	epochs	3.0
676.4261276160767	0.07331629999998768	epochs	2.0
676.4261276160767	0.036812899999972615	epochs	3.0
676.4629405160766	0.03650340000001506	epochs	3.0
676.4994439160766	0.07209899999998015	epochs	2.0
676.4994439160766	0.03619909999997617	epochs	3.0
676.5356430160766	0.03589990000000398	epochs	3.0
676.5715429160766	0.07092169999998532	epochs	2.0
676.5715429160766	0.03560560000005353	epochs	3.0
676.6071485160767	0.035316099999931794	epochs	3.0
676.6424646160766	0.06978200000003199	epochs	2.0
676.6424646160766	0.03503120000004856	epochs	3.0
676.6774958160767	0.03475079999998343	epochs	3.0
676.7122466160766	0.06867859999999837	epochs	2.0
676.7122466160766	0.03447510000000875	epochs	3.0
676.7467217160766	0.03420349999998962	epochs	3.0
676.7809252160766	0.06760930000007193	epochs	2.0
676.7809252160766	0.033936199999970995	epochs	3.0
676.8148614160766	0.03367310000010093	epochs	3.0
676.8485345160767	0.06657289999998284	epochs	2.0
676.8485345160767	0.03341399999999339	epochs	3.0
676.8819485160767	0.033158899999989444	epochs	3.0
676.9151074160767	0.06556779999993978	epochs	2.0
676.9151074160767	0.032907700000009754	epochs	3.0
676.9480151160767	0.032660099999930026	epochs	3.0
676.9806752160766	0.06459259999996902	epochs	2.0
676.9806752160766	0.032416399999988244	epochs	3.0
677.0130916160766	0.03217619999998078	epochs	3.0
677.0452678160766	0.06364600000006249	epochs	2.0
677.0452678160766	0.031939600000100654	epochs	3.0
677.0772074160767	0.03170639999996183	epochs	3.0
677.1089138160767	0.0627266999999847	epochs	2.0
677.1089138160767	0.03147660000001906	epochs	3.0
677.1403904160767	0.03125009999996564	epochs	3.0
677.1716405160766	0.06183359999999993	epochs	2.0
677.1716405160766	0.031026900000028945	epochs	3.0
677.2026674160767	0.030806699999970988	epochs	3.0
677.2334741160766	0.06096560000003137	epochs	2.0
677.2334741160766	0.030589800000029754	epochs	3.0
677.2640639160767	0.030375800000001618	epochs	3.0
677.2944397160767	0.06012160000000222	epochs	2.0
677.2944397160767	0.03016489999993155	epochs	3.0
677.3246046160766	0.02995670000007067	epochs	3.0
677.3545613160767	0.05930069999999432	epochs	2.0
677.3545613160767	0.02975159999994048	epochs	3.0
677.3843129160766	0.02954910000005384	epochs	3.0
677.4138620160767	0.05850179999993088	epochs	2.0
677.4138620160767	0.02934940000000097	epochs	3.0
677.4432114160767	0.029152399999929912	epochs	3.0
677.4723638160766	0.057724200000052406	epochs	2.0
677.4723638160766	0.028958000000102402	epochs	3.0
677.5013218160767	0.028766199999950004	epochs	3.0
677.5300880160767	0.05696709999995164	epochs	2.0
677.5300880160767	0.028577000000041153	epochs	3.0
677.5586650160767	0.02839009999991049	epochs	3.0
677.5870551160766	0.056229500000085864	epochs	2.0
677.5870551160766	0.028205700000057732	epochs	3.0
677.6152608160767	0.028023800000028132	epochs	3.0
677.6432846160767	0.05551070000001346	epochs	2.0
677.6432846160767	0.027843999999959124	epochs	3.0
677.6711286160767	0.027666700000054334	epochs	3.0
677.6987953160767	0.05481019999990622	epochs	2.0
677.6987953160767	0.02749149999999645	epochs	3.0
677.7262868160767	0.027318699999909768	epochs	3.0
677.7536055160766	0.05412699999999404	epochs	2.0
677.7536055160766	0.02714780000007977	epochs	3.0
677.7807533160767	0.026979199999914272	epochs	3.0
677.8077325160766	0.0534607000000733	epochs	2.0
677.8077325160766	0.026812600000084785	epochs	3.0
677.8345451160767	0.026648099999988517	epochs	3.0
677.8611932160767	0.05281070000000909	epochs	2.0
677.8611932160767	0.026485600000000886	epochs	3.0
677.8876788160767	0.026325100000008206	epochs	3.0
677.9140039160767	0.05217619999996259	epochs	2.0
677.9140039160767	0.026166399999965506	epochs	3.0
677.9401703160767	0.026009799999997085	epochs	3.0
677.9661801160767	0.051556699999991906	epochs	2.0
677.9661801160767	0.025854800000047362	epochs	3.0
677.9920349160767	0.025701899999944544	epochs	3.0
678.0177368160766	0.05095189999997274	epochs	2.0
678.0177368160766	0.02555070000005344	epochs	3.0
678.0432875160767	0.0254011999999193	epochs	3.0
678.0686887160766	0.05036100000006627	epochs	2.0
678.0686887160766	0.0252535000000762	epochs	3.0
678.0939422160767	0.02510749999999007	epochs	3.0
678.1190497160767	0.049783800000000156	epochs	2.0
678.1190497160767	0.02496320000000196	epochs	3.0
678.1440129160767	0.024820599999998194	epochs	3.0
678.1688335160767	0.04921949999993558	epochs	2.0
678.1688335160767	0.024679399999968155	epochs	3.0
678.1935129160767	0.024540099999967424	epochs	3.0
678.2180530160766	0.04866790000005494	epochs	2.0
678.2180530160766	0.024402100000088467	epochs	3.0
678.2424551160767	0.024265799999966475	epochs	3.0
678.2667209160767	0.048128599999927246	epochs	2.0
678.2667209160767	0.024131000000011227	epochs	3.0
678.2908519160767	0.02399759999991602	epochs	3.0
678.3148495160766	0.047601100000065344	epochs	2.0
678.3148495160766	0.023865800000066884	epochs	3.0
678.3387153160767	0.02373529999999846	epochs	3.0
678.3624506160767	0.047085000000038235	epochs	2.0
678.3624506160767	0.023606299999983094	epochs	3.0
678.3860569160767	0.02347870000005514	epochs	3.0
678.4095356160767	0.046579999999948996	epochs	2.0
678.4095356160767	0.02335249999998723	epochs	3.0
678.4328881160767	0.023227499999961765	epochs	3.0
678.4561156160767	0.046085700000048746	epochs	2.0
678.4561156160767	0.023103999999989355	epochs	3.0
678.4792196160766	0.02298170000005939	epochs	3.0
678.5022013160767	0.045601799999985815	epochs	2.0
678.5022013160767	0.02286069999991014	epochs	3.0
678.5250620160766	0.022741100000075676	epochs	3.0
678.5478031160767	0.04512790000001132	epochs	2.0
678.5478031160767	0.022622500000011314	epochs	3.0
678.5704256160767	0.02250540000000001	epochs	3.0
678.5929310160767	0.044663799999966614	epochs	2.0
678.5929310160767	0.02238929999998618	epochs	3.0
678.6153203160767	0.022274499999980435	epochs	3.0
678.6375948160767	0.04420919999995476	epochs	2.0
678.6375948160767	0.022160799999937808	epochs	3.0
678.6597556160766	0.022048400000016954	epochs	3.0
678.6818040160766	0.043763600000033875	epochs	2.0
678.6818040160766	0.021936900000014248	epochs	3.0
678.7037409160766	0.021826700000019628	epochs	3.0
678.7255676160767	0.04332709999994222	epochs	2.0
678.7255676160767	0.021717599999988124	epochs	3.0
678.7472852160766	0.021609499999954096	epochs	3.0
678.7688947160766	0.04289900000003399	epochs	2.0
678.7688947160766	0.021502500000110558	epochs	3.0
678.7903972160767	0.021396499999923435	epochs	3.0
678.8117937160766	0.042479500000013104	epochs	2.0
678.8117937160766	0.02129170000000613	epochs	3.0
678.8330854160766	0.021187800000006973	epochs	3.0
678.8542732160766	0.042067900000006375	epochs	2.0
678.8542732160766	0.02108490000000529	epochs	3.0
678.8753581160767	0.020983000000001084	epochs	3.0
678.8963411160767	0.04166440000005878	epochs	2.0
678.8963411160767	0.020882199999959994	epochs	3.0
678.9172233160766	0.020782200000098783	epochs	3.0
678.9380055160767	0.04126850000000104	epochs	2.0
678.9380055160767	0.020683299999973315	epochs	3.0
678.9586888160767	0.020585200000027726	epochs	3.0
678.9792740160767	0.040879999999901884	epochs	2.0
678.9792740160767	0.020488099999965925	epochs	3.0
678.9997621160767	0.02039189999993596	epochs	3.0
679.0201540160766	0.04049880000002304	epochs	2.0
679.0201540160766	0.020296600000051512	epochs	3.0
679.0404506160767	0.020202199999971526	epochs	3.0
679.0606528160766	0.04012460000001283	epochs	2.0
679.0606528160766	0.02010870000003706	epochs	3.0
679.0807615160767	0.020015899999975773	epochs	3.0
679.1007774160767	0.03975730000001931	epochs	2.0
679.1007774160767	0.019924199999991288	epochs	3.0
679.1207016160766	0.019833100000028026	epochs	3.0
679.1405347160767	0.03939669999999751	epochs	2.0
679.1405347160767	0.01974299999994855	epochs	3.0
679.1602777160766	0.019653700000048957	epochs	3.0
679.1799314160767	0.03904239999997117	epochs	2.0
679.1799314160767	0.01956510000002254	epochs	3.0
679.1994965160767	0.019477299999948627	epochs	3.0
679.2189738160766	0.03869459999998526	epochs	2.0
679.2189738160766	0.019390400000020236	epochs	3.0
679.2383642160767	0.01930419999996502	epochs	3.0
679.2576684160766	0.03835290000006353	epochs	2.0
679.2576684160766	0.019218799999976	epochs	3.0
679.2768872160766	0.01913410000008753	epochs	3.0
679.2960213160767	0.03801720000001296	epochs	2.0
679.2960213160767	0.01905019999992419	epochs	3.0
679.3150715160766	0.018967000000088774	epochs	3.0
679.3340385160767	0.03768719999993664	epochs	2.0
679.3340385160767	0.018884499999899163	epochs	3.0
679.3529230160766	0.018802700000037476	epochs	3.0
679.3717257160766	0.03736309999999321	epochs	2.0
679.3717257160766	0.018721700000014607	epochs	3.0
679.3904474160767	0.018641399999978603	epochs	3.0
679.4090888160766	0.03704430000004777	epochs	2.0
679.4090888160766	0.01856159999999818	epochs	3.0
679.4276504160766	0.01848270000004959	epochs	3.0
679.4461331160767	0.0367310000000316	epochs	2.0
679.4461331160767	0.018404299999929208	epochs	3.0
679.4645374160766	0.01832670000010239	epochs	3.0
679.4828641160767	0.03642289999993409	epochs	2.0
679.4828641160767	0.018249599999990096	epochs	3.0
679.5011137160767	0.018173299999943993	epochs	3.0
679.5192870160766	0.03612010000006194	epochs	2.0
679.5192870160766	0.0180976000000328	epochs	3.0
679.5373846160767	0.01802250000002914	epochs	3.0
679.5554071160767	0.03582209999990482	epochs	2.0
679.5554071160767	0.017947899999967376	epochs	3.0
679.5733550160767	0.017874199999937446	epochs	3.0
679.5912292160766	0.03552899999999681	epochs	2.0
679.5912292160766	0.017800800000031813	epochs	3.0
679.6090300160766	0.017728199999965	epochs	3.0
679.6267582160766	0.03524070000003121	epochs	2.0
679.6267582160766	0.017656100000067454	epochs	3.0
679.6444143160767	0.017584599999963757	epochs	3.0
679.6619989160766	0.034957100000042374	epochs	2.0
679.6619989160766	0.01751369999999497	epochs	3.0
679.6795126160766	0.017443400000047404	epochs	3.0
679.6969560160767	0.03467790000001969	epochs	2.0
679.6969560160767	0.017373599999928047	epochs	3.0
679.7143296160766	0.017304300000091644	epochs	3.0
679.7316339160767	0.03440330000000813	epochs	2.0
679.7316339160767	0.01723570000001473	epochs	3.0
679.7488696160767	0.0171675999999934	epochs	3.0
679.7660372160767	0.03413279999995211	epochs	2.0
679.7660372160767	0.01709989999994832	epochs	3.0
679.7831371160767	0.017032900000003792	epochs	3.0
679.8001700160767	0.033866699999975935	epochs	2.0
679.8001700160767	0.01696640000000116	epochs	3.0
679.8171364160767	0.016900299999974777	epochs	3.0
679.8340367160766	0.03360459999998966	epochs	2.0
679.8340367160766	0.01683479999996962	epochs	3.0
679.8508715160766	0.01676980000002004	epochs	3.0
679.8676413160766	0.03334660000007261	epochs	2.0
679.8676413160766	0.016705300000012357	epochs	3.0
679.8843466160766	0.016641300000060255	epochs	3.0
679.9009879160767	0.03309249999995245	epochs	2.0
679.9009879160767	0.01657779999993636	epochs	3.0
679.9175657160766	0.01651470000001609	epochs	3.0
679.9340804160767	0.03284229999997024	epochs	2.0
679.9340804160767	0.01645220000000336	epochs	3.0
679.9505326160767	0.01639009999996688	epochs	3.0
679.9669227160766	0.03259570000000167	epochs	2.0
679.9669227160766	0.016328400000020338	epochs	3.0
679.9832511160766	0.016267299999981333	epochs	3.0
679.9995184160766	0.032352899999978035	epochs	2.0
679.9995184160766	0.016206600000032267	epochs	3.0
680.0157250160767	0.016146299999945768	epochs	3.0
680.0318713160766	0.032113700000081735	epochs	2.0
680.0318713160766	0.016086600000107865	epochs	3.0
680.0479579160767	0.01602709999997387	epochs	3.0
680.0639850160767	0.03187800000000607	epochs	2.0
680.0639850160767	0.015968199999974786	epochs	3.0
680.0799532160767	0.015909800000031282	epochs	3.0
680.0958630160767	0.031645700000012766	epochs	2.0
680.0958630160767	0.01585160000001906	epochs	3.0
680.1117146160767	0.015794099999993705	epochs	3.0
680.1275087160767	0.031416699999908815	epochs	2.0
680.1275087160767	0.01573669999993399	epochs	3.0
680.1432454160766	0.015679999999974825	epochs	3.0
680.1589254160766	0.031191100000000915	epochs	2.0
680.1589254160766	0.015623600000026272	epochs	3.0
680.1745490160766	0.015567499999974643	epochs	3.0
680.1901165160766	0.030968700000016725	epochs	2.0
680.1901165160766	0.015512000000057924	epochs	3.0
680.2056285160767	0.0154566999999588	epochs	3.0
680.2210852160766	0.03074950000006993	epochs	2.0
680.2210852160766	0.015401999999994587	epochs	3.0
680.2364872160766	0.015347500000075343	epochs	3.0
680.2518347160767	0.030533199999922545	epochs	2.0
680.2518347160767	0.015293399999904977	epochs	3.0
680.2671281160766	0.015239800000017567	epochs	3.0
680.2823679160766	0.03032010000003993	epochs	2.0
680.2823679160766	0.015186500000027081	epochs	3.0
680.2975544160767	0.015133600000012848	epochs	3.0
680.3126880160767	0.030109899999956724	epochs	2.0
680.3126880160767	0.015081000000009226	epochs	3.0
680.3277690160767	0.015028899999947498	epochs	3.0
680.3427979160766	0.02990250000004835	epochs	2.0
680.3427979160766	0.014977000000044427	epochs	3.0
680.3577749160767	0.014925500000003922	epochs	3.0
680.3727004160767	0.029698100000018712	epochs	2.0
680.3727004160767	0.01487439999993967	epochs	3.0
680.3875748160766	0.014823700000079043	epochs	3.0
680.4023985160767	0.02949630000000525	epochs	2.0
680.4023985160767	0.014773199999922326	epochs	3.0
680.4171717160766	0.014723100000082923	epochs	3.0
680.4318948160767	0.02929740000001857	epochs	2.0
680.4318948160767	0.014673399999992398	epochs	3.0
680.4465682160767	0.014624000000026172	epochs	3.0
680.4611922160767	0.029101099999934377	epochs	2.0
680.4611922160767	0.01457489999995687	epochs	3.0
680.4757671160767	0.014526199999977507	epochs	3.0
680.4902933160766	0.028907399999980044	epochs	2.0
680.4902933160766	0.014477700000043114	epochs	3.0
680.5047710160767	0.014429699999936929	epochs	3.0
680.5192007160766	0.028716200000076242	epochs	2.0
680.5192007160766	0.014381800000023759	epochs	3.0
680.5335825160766	0.014334400000052483	epochs	3.0
680.5479169160767	0.02852759999996124	epochs	2.0
680.5479169160767	0.01428720000001249	epochs	3.0
680.5622041160767	0.01424039999994875	epochs	3.0
680.5764445160767	0.028341400000044814	epochs	2.0
680.5764445160767	0.014193800000043666	epochs	3.0
680.5906383160767	0.014147600000001148	epochs	3.0
680.6047859160767	0.028157699999951546	epochs	2.0
680.6047859160767	0.014101699999969242	epochs	3.0
680.6188876160767	0.014055999999982305	epochs	3.0
680.6329436160767	0.027976299999977527	epochs	2.0
680.6329436160767	0.01401060000000598	epochs	3.0
680.6469542160767	0.013965699999971548	epochs	3.0
680.6609199160766	0.02779720000000907	epochs	2.0
680.6609199160766	0.013920800000050804	epochs	3.0
680.6748407160767	0.013876399999958267	epochs	3.0
680.6887171160766	0.027620400000046175	epochs	2.0
680.6887171160766	0.013832200000024386	epochs	3.0
680.7025493160767	0.013788200000021789	epochs	3.0
680.7163375160767	0.027445899999975154	epochs	2.0
680.7163375160767	0.013744599999995444	epochs	3.0
680.7300821160767	0.01370129999997971	epochs	3.0
680.7437834160767	0.027273499999978412	epochs	2.0
680.7437834160767	0.013658200000008947	epochs	3.0
680.7574416160767	0.013615299999969466	epochs	3.0
680.7710569160766	0.027103399999987232	epochs	2.0
680.7710569160766	0.013572800000019924	epochs	3.0
680.7846297160767	0.013530599999967308	epochs	3.0
680.7981603160766	0.02693520000002536	epochs	2.0
680.7981603160766	0.013488400000028378	epochs	3.0
680.8116487160767	0.013446799999996983	epochs	3.0
680.8250955160767	0.026769199999989723	epochs	2.0
680.8250955160767	0.013405199999965589	epochs	3.0
680.8385007160766	0.013364000000024134	epochs	3.0
680.8518647160766	0.026605200000062723	epochs	2.0
680.8518647160766	0.013322900000048321	epochs	3.0
680.8651876160767	0.013282300000014402	epochs	3.0
680.8784699160767	0.0264431999999033	epochs	2.0
680.8784699160767	0.013241699999980483	epochs	3.0
680.8917116160767	0.013201499999922817	epochs	3.0
680.9049131160766	0.026283200000079887	epochs	2.0
680.9049131160766	0.013161500000023807	epochs	3.0
680.9180746160766	0.01312170000005608	epochs	3.0
680.9311963160767	0.02612499999997908	epochs	2.0
680.9311963160767	0.013082100000019636	epochs	3.0
680.9442784160767	0.013042899999959445	epochs	3.0
680.9573213160767	0.025968899999952555	epochs	2.0
680.9573213160767	0.013003899999944224	epochs	3.0
680.9703252160766	0.012965000000008331	epochs	3.0
680.9832902160766	0.025814500000024054	epochs	2.0
680.9832902160766	0.01292640000008305	epochs	3.0
680.9962166160767	0.012888099999941005	epochs	3.0
681.0091047160766	0.025661900000045534	epochs	2.0
681.0091047160766	0.012849899999991976	epochs	3.0
681.0219546160766	0.012812000000053558	epochs	3.0
681.0347666160767	0.025511199999982637	epochs	2.0
681.0347666160767	0.012774400000012065	epochs	3.0
681.0475410160767	0.012736799999970572	epochs	3.0
681.0602778160767	0.025362299999983406	epochs	2.0
681.0602778160767	0.01269969999998466	epochs	3.0
681.0729775160767	0.012662599999998747	epochs	3.0
681.0856401160767	0.025215000000002874	epochs	2.0
681.0856401160767	0.012625800000023446	epochs	3.0
681.0982659160767	0.012589199999979428	epochs	3.0
681.1108551160767	0.024584799999956886	epochs	2.0
681.1342125160767	0.5	epochs	-1.0
681.1354399160766	0.5325599999999895	epochs	1.0
681.6679999160766	0.4673600000000988	epochs	0.0
691.313000202179	0.1474399999999605	epochs	0.0
691.313000202179	0.06872180000004846	epochs	1.0
691.381722002179	0.009996399999977257	epochs	1.0
691.391718402179	0.06872179999993477	epochs	1.0
691.4604402021789	2.0	epochs	0.0
693.4604402021789	5.411920000000009	epochs	0.0
693.4604402021789	1.0	epochs	1.0
693.4604928021789	0.5	epochs	-1.0
693.9604928021789	4.9118674000000055	epochs	-1.0
694.4604402021789	4.411920000000009	epochs	1.0
694.4604402021789	4.356753900000058	epochs	-1.0
694.4604402021789	1.9745872000000873	epochs	2.0
694.4604402021789	1.0985622000000603	epochs	3.0
695.559002402179	0.8760250000000269	epochs	3.0
696.435027402179	1.352407499999913	epochs	2.0
696.435027402179	0.7286354999999958	epochs	3.0
697.163662902179	0.6237719999999172	epochs	3.0
697.7874349021789	1.0297592000000577	epochs	2.0
697.7874349021789	0.5453293000000485	epochs	3.0
698.332764202179	0.4844299000000092	epochs	3.0
698.817194102179	0.05516609999995126	epochs	2.0
698.817194102179	0.05516609999995126	epochs	3.0
698.8723602021789	16.58800000000008	epochs	0.0
699.7270002365112	0.1474399999999605	epochs	0.0
699.7270002365112	0.06872180000004846	epochs	1.0
699.7957220365113	0.009996399999977257	epochs	1.0
699.8057184365113	0.06872179999993477	epochs	1.0
699.8744402365112	2.0	epochs	0.0
701.8744402365112	0.5123200000000452	epochs	0.0
701.8744402365112	0.5123200000000452	epochs	1.0
701.8744928365112	0.5	epochs	-1.0
702.3744928365112	0.012267400000041562	epochs	-1.0
702.3867602365112	21.487600000000043	epochs	0.0
703.5100002288818	0.1474399999999605	epochs	0.0
703.5100002288818	0.06872180000004846	epochs	1.0
703.5787220288819	0.009996399999977257	epochs	1.0
703.5887184288819	0.06872179999993477	epochs	1.0
703.6574402288818	2.0	epochs	0.0
705.6574402288818	0.5124000000000706	epochs	0.0
705.6574402288818	0.5124000000000706	epochs	1.0
705.6574928288818	0.5	epochs	-1.0
706.1574928288818	0.012347400000066955	epochs	-1.0
706.1698402288819	21.487520000000018	epochs	0.0
707.2750000953674	0.1474399999999605	epochs	0.0
707.2750000953674	0.06872180000004846	epochs	1.0
707.3437218953675	0.009996399999977257	epochs	1.0
707.3537182953675	0.06872179999993477	epochs	1.0
707.4224400953674	2.0	epochs	0.0
709.4224400953674	0.5118400000000065	epochs	0.0
709.4224400953674	0.5118400000000065	epochs	1.0
709.4224926953674	0.5	epochs	-1.0
709.9224926953674	0.01178740000000289	epochs	-1.0
709.9342800953674	21.488080000000082	epochs	0.0
711.0479998588562	0.1474399999999605	epochs	0.0
711.0479998588562	0.06872180000004846	epochs	1.0
711.1167216588562	0.009996399999977257	epochs	1.0
711.1267180588562	0.06872179999993477	epochs	1.0
711.1954398588562	2.0	epochs	0.0
713.1954398588562	0.512480000000096	epochs	0.0
713.1954398588562	0.512480000000096	epochs	1.0
713.1954924588562	0.5	epochs	-1.0
713.6954924588562	0.012427400000092348	epochs	-1.0
713.7079198588563	21.487439999999992	epochs	0.0
714.795000076294	0.1474399999999605	epochs	0.0
714.795000076294	0.06872180000004846	epochs	1.0
714.863721876294	0.009996399999977257	epochs	1.0
714.873718276294	0.06872179999993477	epochs	1.0
714.9424400762939	2.0	epochs	0.0
716.9424400762939	0.5128000000000839	epochs	0.0
716.9424400762939	0.5128000000000839	epochs	1.0
716.9424926762939	0.5	epochs	-1.0
717.4424926762939	0.012747400000080233	epochs	-1.0
717.455240076294	21.487120000000004	epochs	0.0
718.5960001945496	0.1474399999999605	epochs	0.0
718.5960001945496	0.06872180000004846	epochs	1.0
718.6647219945496	0.009996399999977257	epochs	1.0
718.6747183945496	0.06872179999993477	epochs	1.0
718.7434401945495	2.0	epochs	0.0
720.7434401945495	21.552400000000034	epochs	0.0
720.7434401945495	1.0	epochs	1.0
720.7434927945495	0.5	epochs	-1.0
721.2434927945495	19.998640000000023	epochs	-1.0
721.7434401945495	20.0	epochs	1.0
721.7434401945495	4.356753900000058	epochs	-1.0
721.7434401945495	1.9745872000000873	epochs	2.0
721.7434401945495	1.0985622000000603	epochs	3.0
722.8420023945496	0.8760250000000269	epochs	3.0
723.7180273945496	1.352407499999913	epochs	2.0
723.7180273945496	0.7286354999999958	epochs	3.0
724.4466628945496	0.6237719999999172	epochs	3.0
725.0704348945495	1.0297592000000577	epochs	2.0
725.0704348945495	0.5453293000000485	epochs	3.0
725.6157641945496	0.4844299000000092	epochs	3.0
726.1001940945496	0.8317862000000105	epochs	2.0
726.1001940945496	0.4357762999999295	epochs	3.0
726.5359703945495	0.39600990000008096	epochs	3.0
726.9319802945496	0.6977969999999232	epochs	2.0
726.9319802945496	0.3628982000000178	epochs	3.0
727.2948784945496	0.33489879999990535	epochs	3.0
727.6297772945495	0.6010457000000997	epochs	2.0
727.6297772945495	0.3109123000000409	epochs	3.0
727.9406895945496	0.2901334000000588	epochs	3.0
728.2308229945496	0.5278859000000011	epochs	2.0
728.2308229945496	0.2719585999999481	epochs	3.0
728.5027815945496	0.25592730000005304	epochs	3.0
728.7587088945496	0.470619299999953	epochs	2.0
728.7587088945496	0.241681299999982	epochs	3.0
729.0003901945496	0.228937999999971	epochs	3.0
729.2293281945496	0.42457039999999324	epochs	2.0
729.2293281945496	0.21747140000002219	epochs	3.0
729.4467995945496	0.20709899999997106	epochs	3.0
729.6538985945496	0.3867354000000205	epochs	2.0
729.6538985945496	0.19767109999997956	epochs	3.0
729.8515696945495	0.18906430000004093	epochs	3.0
730.0406339945496	0.3550953000000163	epochs	2.0
730.0406339945496	0.18117589999997108	epochs	3.0
730.2218098945496	0.17391940000004524	epochs	3.0
730.3957292945496	0.3282431000000088	epochs	2.0
730.3957292945496	0.16722189999995862	epochs	3.0
730.5629511945496	0.16102120000005016	epochs	3.0
730.7239723945496	0.30516799999998057	epochs	2.0
730.7239723945496	0.15526389999990897	epochs	3.0
730.8792362945495	0.1499041000000716	epochs	3.0
731.0291403945496	0.28512530000000424	epochs	2.0
731.0291403945496	0.1449020999999675	epochs	3.0
731.1740424945496	0.14022320000003674	epochs	3.0
731.3142656945496	0.2675537999999733	epochs	2.0
731.3142656945496	0.1358368999999584	epochs	3.0
731.4501025945495	0.1317169000000149	epochs	3.0
731.5818194945496	0.2520229000000427	epochs	2.0
731.5818194945496	0.1278393000000051	epochs	3.0
731.7096587945496	0.12418360000003759	epochs	3.0
731.8338423945496	0.23819649999995818	epochs	2.0
731.8338423945496	0.12073109999994358	epochs	3.0
731.9545734945495	0.1174654000000146	epochs	3.0
732.0720388945496	0.2258087999999816	epochs	2.0
732.0720388945496	0.11437190000003739	epochs	3.0
732.1864107945496	0.11143689999994422	epochs	3.0
732.2978476945495	0.2146460000000161	epochs	2.0
732.2978476945495	0.10864890000004834	epochs	3.0
732.4064965945496	0.10599709999996776	epochs	3.0
732.5124936945496	0.20453499999996438	epochs	2.0
732.5124936945496	0.10347149999995509	epochs	3.0
732.6159651945495	0.1010635000000093	epochs	3.0
732.7170286945495	0.19533400000000256	epochs	2.0
732.7170286945495	0.09876510000003691	epochs	3.0
732.8157937945496	0.09656889999996565	epochs	3.0
732.9123626945495	0.18692529999998442	epochs	2.0
732.9123626945495	0.09446830000001682	epochs	3.0
733.0068309945495	0.09245699999996759	epochs	3.0
733.0992879945495	0.17921069999999872	epochs	2.0
733.0992879945495	0.0905296000000817	epochs	3.0
733.1898175945496	0.08868109999991702	epochs	3.0
733.2784986945495	0.17210770000008324	epochs	2.0
733.2784986945495	0.08690630000000965	epochs	3.0
733.3654049945495	0.08520140000007359	epochs	3.0
733.4506063945496	0.1655463999999256	epochs	2.0
733.4506063945496	0.08356189999994967	epochs	3.0
733.5341682945495	0.08198449999997592	epochs	3.0
733.6161527945495	0.15946710000002895	epochs	2.0
733.6161527945495	0.08046540000009372	epochs	3.0
733.6966181945496	0.07900169999993523	epochs	3.0
733.7756198945495	0.15381839999997737	epochs	2.0
733.7756198945495	0.07759010000006583	epochs	3.0
733.8532099945496	0.07622829999991154	epochs	3.0
733.9294382945495	0.14855640000007497	epochs	2.0
733.9294382945495	0.07491330000004837	epochs	3.0
734.0043515945496	0.0736431000000266	epochs	3.0
734.0779946945496	0.14364239999997608	epochs	2.0
734.0779946945496	0.07241499999997814	epochs	3.0
734.1504096945496	0.07122739999999794	epochs	3.0
734.2216370945496	0.13904309999998077	epochs	2.0
734.2216370945496	0.07007799999996678	epochs	3.0
734.2917150945495	0.06896510000001399	epochs	3.0
734.3606801945496	0.1347293000000036	epochs	2.0
734.3606801945496	0.0678871000000072	epochs	3.0
734.4285672945496	0.06684219999999641	epochs	3.0
734.4954094945496	0.1306752000000415	epochs	2.0
734.4954094945496	0.06582909999997355	epochs	3.0
734.5612385945495	0.06484610000006796	epochs	3.0
734.6260846945496	0.1268577999999252	epochs	2.0
734.6260846945496	0.06389200000000983	epochs	3.0
734.6899766945496	0.06296579999991536	epochs	3.0
734.7529424945495	0.12325720000001184	epochs	2.0
734.7529424945495	0.06206580000002759	epochs	3.0
734.8150082945496	0.06119139999998424	epochs	3.0
734.8761996945495	0.11985540000000583	epochs	2.0
734.8761996945495	0.06034110000007331	epochs	3.0
734.9365407945496	0.05951429999993252	epochs	3.0
734.9960550945495	0.11663620000001629	epochs	2.0
734.9960550945495	0.05870960000004288	epochs	3.0
735.0547646945496	0.057926599999973405	epochs	3.0
735.1126912945496	0.11358559999996487	epochs	2.0
735.1126912945496	0.05716419999998834	epochs	3.0
735.1698554945496	0.05642139999997653	epochs	3.0
735.2262768945495	0.11069050000003244	epochs	2.0
735.2262768945495	0.055697900000041045	epochs	3.0
735.2819747945496	0.0549925999999914	epochs	3.0
735.3369673945496	0.10793909999995321	epochs	2.0
735.3369673945496	0.05430490000003374	epochs	3.0
735.3912722945496	0.053634199999919474	epochs	3.0
735.4449064945495	0.10532150000005913	epochs	2.0
735.4449064945495	0.05298000000004777	epochs	3.0
735.4978864945496	0.052341500000011365	epochs	3.0
735.5502279945496	0.10282759999995505	epochs	2.0
735.5502279945496	0.05171810000001642	epochs	3.0
735.6019460945496	0.051109499999938635	epochs	3.0
735.6530555945495	0.10044909999999163	epochs	2.0
735.6530555945495	0.050514900000052876	epochs	3.0
735.7035704945496	0.049934199999938755	epochs	3.0
735.7535046945495	0.09817830000008598	epochs	2.0
735.7535046945495	0.04936659999998483	epochs	3.0
735.8028712945495	0.048811700000101155	epochs	3.0
735.8516829945496	0.09600779999993847	epochs	2.0
735.8516829945496	0.04826919999993606	epochs	3.0
735.8999521945495	0.04773860000000241	epochs	3.0
735.9476907945495	0.09393120000004274	epochs	2.0
735.9476907945495	0.04721949999998287	epochs	3.0
735.9949102945495	0.046711700000059864	epochs	3.0
736.0416219945496	0.09194259999992482	epochs	2.0
736.0416219945496	0.046214599999984785	epochs	3.0
736.0878365945496	0.04572799999994004	epochs	3.0
736.1335645945495	0.09003630000006524	epochs	2.0
736.1335645945495	0.04525150000006306	epochs	3.0
736.1788160945496	0.04478480000000218	epochs	3.0
736.2236008945496	0.08820760000003247	epochs	2.0
736.2236008945496	0.044327800000019124	epochs	3.0
736.2679286945496	0.04387980000001335	epochs	3.0
736.3118084945496	0.0864516999999978	epochs	2.0
736.3118084945496	0.04344099999991613	epochs	3.0
736.3552494945495	0.04301070000008167	epochs	3.0
736.3982601945496	0.08476429999996071	epochs	2.0
736.3982601945496	0.04258899999990717	epochs	3.0
736.4408491945495	0.04217530000005354	epochs	3.0
736.4830244945496	0.08314150000001064	epochs	2.0
736.4830244945496	0.04176970000003166	epochs	3.0
736.5247941945496	0.041371799999978975	epochs	3.0
736.5661659945496	0.08157970000002024	epochs	2.0
736.5661659945496	0.040981399999964196	epochs	3.0
736.6071473945495	0.04059830000005604	epochs	3.0
736.6477456945496	0.08007549999990715	epochs	2.0
736.6477456945496	0.04022229999998217	epochs	3.0
736.6879679945496	0.03985319999992498	epochs	3.0
736.7278211945495	0.07862570000008873	epochs	2.0
736.7278211945495	0.039490800000066884	epochs	3.0
736.7673119945496	0.039134900000021844	epochs	3.0
736.8064468945496	0.07722760000001472	epochs	2.0
736.8064468945496	0.03878539999993791	epochs	3.0
736.8452322945495	0.03844220000007681	epochs	3.0
736.8836744945496	0.07587819999992007	epochs	2.0
736.8836744945496	0.03810479999992822	epochs	3.0
736.9217792945495	0.03777339999999185	epochs	3.0
736.9595526945495	0.0745752000000266	epochs	2.0
736.9595526945495	0.03744770000002973	epochs	3.0
736.9970003945496	0.03712749999999687	epochs	3.0
737.0341278945496	0.07331629999998768	epochs	2.0
737.0341278945496	0.036812899999972615	epochs	3.0
737.0709407945495	0.03650340000001506	epochs	3.0
737.1074441945495	0.07209899999998015	epochs	2.0
737.1074441945495	0.03619909999997617	epochs	3.0
737.1436432945495	0.03589990000000398	epochs	3.0
737.1795431945495	0.07092169999998532	epochs	2.0
737.1795431945495	0.03560560000005353	epochs	3.0
737.2151487945496	0.035316099999931794	epochs	3.0
737.2504648945495	0.06978200000003199	epochs	2.0
737.2504648945495	0.03503120000004856	epochs	3.0
737.2854960945496	0.03475079999998343	epochs	3.0
737.3202468945495	0.06867859999999837	epochs	2.0
737.3202468945495	0.03447510000000875	epochs	3.0
737.3547219945495	0.03420349999998962	epochs	3.0
737.3889254945495	0.06760930000007193	epochs	2.0
737.3889254945495	0.033936199999970995	epochs	3.0
737.4228616945495	0.03367310000010093	epochs	3.0
737.4565347945496	0.06657289999998284	epochs	2.0
737.4565347945496	0.03341399999999339	epochs	3.0
737.4899487945496	0.033158899999989444	epochs	3.0
737.5231076945496	0.06556779999993978	epochs	2.0
737.5231076945496	0.032907700000009754	epochs	3.0
737.5560153945496	0.032660099999930026	epochs	3.0
737.5886754945495	0.06459259999996902	epochs	2.0
737.5886754945495	0.032416399999988244	epochs	3.0
737.6210918945495	0.03217619999998078	epochs	3.0
737.6532680945495	0.06364600000006249	epochs	2.0
737.6532680945495	0.031939600000100654	epochs	3.0
737.6852076945496	0.03170639999996183	epochs	3.0
737.7169140945496	0.0627266999999847	epochs	2.0
737.7169140945496	0.03147660000001906	epochs	3.0
737.7483906945496	0.03125009999996564	epochs	3.0
737.7796407945496	0.06183359999999993	epochs	2.0
737.7796407945496	0.031026900000028945	epochs	3.0
737.8106676945496	0.030806699999970988	epochs	3.0
737.8414743945496	0.06096560000003137	epochs	2.0
737.8414743945496	0.030589800000029754	epochs	3.0
737.8720641945496	0.030375800000001618	epochs	3.0
737.9024399945496	0.06012160000000222	epochs	2.0
737.9024399945496	0.03016489999993155	epochs	3.0
737.9326048945495	0.02995670000007067	epochs	3.0
737.9625615945496	0.05930069999999432	epochs	2.0
737.9625615945496	0.02975159999994048	epochs	3.0
737.9923131945495	0.02954910000005384	epochs	3.0
738.0218622945496	0.05850179999993088	epochs	2.0
738.0218622945496	0.02934940000000097	epochs	3.0
738.0512116945496	0.029152399999929912	epochs	3.0
738.0803640945495	0.057724200000052406	epochs	2.0
738.0803640945495	0.028958000000102402	epochs	3.0
738.1093220945496	0.028766199999950004	epochs	3.0
738.1380882945496	0.05696709999995164	epochs	2.0
738.1380882945496	0.028577000000041153	epochs	3.0
738.1666652945496	0.02839009999991049	epochs	3.0
738.1950553945495	0.056229500000085864	epochs	2.0
738.1950553945495	0.028205700000057732	epochs	3.0
738.2232610945496	0.028023800000028132	epochs	3.0
738.2512848945496	0.05551070000001346	epochs	2.0
738.2512848945496	0.027843999999959124	epochs	3.0
738.2791288945496	0.027666700000054334	epochs	3.0
738.3067955945496	0.05481019999990622	epochs	2.0
738.3067955945496	0.02749149999999645	epochs	3.0
738.3342870945496	0.027318699999909768	epochs	3.0
738.3616057945495	0.05412699999999404	epochs	2.0
738.3616057945495	0.02714780000007977	epochs	3.0
738.3887535945496	0.026979199999914272	epochs	3.0
738.4157327945495	0.0534607000000733	epochs	2.0
738.4157327945495	0.026812600000084785	epochs	3.0
738.4425453945496	0.026648099999988517	epochs	3.0
738.4691934945496	0.05281070000000909	epochs	2.0
738.4691934945496	0.026485600000000886	epochs	3.0
738.4956790945496	0.026325100000008206	epochs	3.0
738.5220041945496	0.05217619999996259	epochs	2.0
738.5220041945496	0.026166399999965506	epochs	3.0
738.5481705945496	0.026009799999997085	epochs	3.0
738.5741803945496	0.051556699999991906	epochs	2.0
738.5741803945496	0.025854800000047362	epochs	3.0
738.6000351945496	0.025701899999944544	epochs	3.0
738.6257370945495	0.05095189999997274	epochs	2.0
738.6257370945495	0.02555070000005344	epochs	3.0
738.6512877945496	0.0254011999999193	epochs	3.0
738.6766889945495	0.05036100000006627	epochs	2.0
738.6766889945495	0.0252535000000762	epochs	3.0
738.7019424945496	0.02510749999999007	epochs	3.0
738.7270499945496	0.049783800000000156	epochs	2.0
738.7270499945496	0.02496320000000196	epochs	3.0
738.7520131945496	0.024820599999998194	epochs	3.0
738.7768337945496	0.04921949999993558	epochs	2.0
738.7768337945496	0.024679399999968155	epochs	3.0
738.8015131945496	0.024540099999967424	epochs	3.0
738.8260532945495	0.04866790000005494	epochs	2.0
738.8260532945495	0.024402100000088467	epochs	3.0
738.8504553945496	0.024265799999966475	epochs	3.0
738.8747211945496	0.048128599999927246	epochs	2.0
738.8747211945496	0.024131000000011227	epochs	3.0
738.8988521945496	0.02399759999991602	epochs	3.0
738.9228497945495	0.047601100000065344	epochs	2.0
738.9228497945495	0.023865800000066884	epochs	3.0
738.9467155945496	0.02373529999999846	epochs	3.0
738.9704508945496	0.047085000000038235	epochs	2.0
738.9704508945496	0.023606299999983094	epochs	3.0
738.9940571945496	0.02347870000005514	epochs	3.0
739.0175358945496	0.046579999999948996	epochs	2.0
739.0175358945496	0.02335249999998723	epochs	3.0
739.0408883945496	0.023227499999961765	epochs	3.0
739.0641158945496	0.046085700000048746	epochs	2.0
739.0641158945496	0.023103999999989355	epochs	3.0
739.0872198945495	0.02298170000005939	epochs	3.0
739.1102015945496	0.045601799999985815	epochs	2.0
739.1102015945496	0.02286069999991014	epochs	3.0
739.1330622945495	0.022741100000075676	epochs	3.0
739.1558033945496	0.04512790000001132	epochs	2.0
739.1558033945496	0.022622500000011314	epochs	3.0
739.1784258945496	0.02250540000000001	epochs	3.0
739.2009312945496	0.044663799999966614	epochs	2.0
739.2009312945496	0.02238929999998618	epochs	3.0
739.2233205945496	0.022274499999980435	epochs	3.0
739.2455950945496	0.04420919999995476	epochs	2.0
739.2455950945496	0.022160799999937808	epochs	3.0
739.2677558945495	0.022048400000016954	epochs	3.0
739.2898042945495	0.043763600000033875	epochs	2.0
739.2898042945495	0.021936900000014248	epochs	3.0
739.3117411945495	0.021826700000019628	epochs	3.0
739.3335678945496	0.04332709999994222	epochs	2.0
739.3335678945496	0.021717599999988124	epochs	3.0
739.3552854945495	0.021609499999954096	epochs	3.0
739.3768949945495	0.04289900000003399	epochs	2.0
739.3768949945495	0.021502500000110558	epochs	3.0
739.3983974945496	0.021396499999923435	epochs	3.0
739.4197939945495	0.042479500000013104	epochs	2.0
739.4197939945495	0.02129170000000613	epochs	3.0
739.4410856945495	0.021187800000006973	epochs	3.0
739.4622734945495	0.042067900000006375	epochs	2.0
739.4622734945495	0.02108490000000529	epochs	3.0
739.4833583945496	0.020983000000001084	epochs	3.0
739.5043413945496	0.04166440000005878	epochs	2.0
739.5043413945496	0.020882199999959994	epochs	3.0
739.5252235945495	0.020782200000098783	epochs	3.0
739.5460057945496	0.04126850000000104	epochs	2.0
739.5460057945496	0.020683299999973315	epochs	3.0
739.5666890945496	0.020585200000027726	epochs	3.0
739.5872742945496	0.040879999999901884	epochs	2.0
739.5872742945496	0.020488099999965925	epochs	3.0
739.6077623945496	0.02039189999993596	epochs	3.0
739.6281542945495	0.04049880000002304	epochs	2.0
739.6281542945495	0.020296600000051512	epochs	3.0
739.6484508945496	0.020202199999971526	epochs	3.0
739.6686530945495	0.04012460000001283	epochs	2.0
739.6686530945495	0.02010870000003706	epochs	3.0
739.6887617945496	0.020015899999975773	epochs	3.0
739.7087776945496	0.03975730000001931	epochs	2.0
739.7087776945496	0.019924199999991288	epochs	3.0
739.7287018945495	0.019833100000028026	epochs	3.0
739.7485349945496	0.03939669999999751	epochs	2.0
739.7485349945496	0.01974299999994855	epochs	3.0
739.7682779945495	0.019653700000048957	epochs	3.0
739.7879316945496	0.03904239999997117	epochs	2.0
739.7879316945496	0.01956510000002254	epochs	3.0
739.8074967945496	0.019477299999948627	epochs	3.0
739.8269740945495	0.03869459999998526	epochs	2.0
739.8269740945495	0.019390400000020236	epochs	3.0
739.8463644945496	0.01930419999996502	epochs	3.0
739.8656686945495	0.03835290000006353	epochs	2.0
739.8656686945495	0.019218799999976	epochs	3.0
739.8848874945495	0.01913410000008753	epochs	3.0
739.9040215945496	0.03801720000001296	epochs	2.0
739.9040215945496	0.01905019999992419	epochs	3.0
739.9230717945495	0.018967000000088774	epochs	3.0
739.9420387945496	0.03768719999993664	epochs	2.0
739.9420387945496	0.018884499999899163	epochs	3.0
739.9609232945495	0.018802700000037476	epochs	3.0
739.9797259945495	0.03736309999999321	epochs	2.0
739.9797259945495	0.018721700000014607	epochs	3.0
739.9984476945496	0.018641399999978603	epochs	3.0
740.0170890945495	0.03704430000004777	epochs	2.0
740.0170890945495	0.01856159999999818	epochs	3.0
740.0356506945495	0.01848270000004959	epochs	3.0
740.0541333945496	0.0367310000000316	epochs	2.0
740.0541333945496	0.018404299999929208	epochs	3.0
740.0725376945495	0.01832670000010239	epochs	3.0
740.0908643945496	0.03642289999993409	epochs	2.0
740.0908643945496	0.018249599999990096	epochs	3.0
740.1091139945496	0.018173299999943993	epochs	3.0
740.1272872945495	0.03612010000006194	epochs	2.0
740.1272872945495	0.0180976000000328	epochs	3.0
740.1453848945496	0.01802250000002914	epochs	3.0
740.1634073945496	0.03582209999990482	epochs	2.0
740.1634073945496	0.017947899999967376	epochs	3.0
740.1813552945496	0.017874199999937446	epochs	3.0
740.1992294945495	0.03552899999999681	epochs	2.0
740.1992294945495	0.017800800000031813	epochs	3.0
740.2170302945495	0.017728199999965	epochs	3.0
740.2347584945495	0.03524070000003121	epochs	2.0
740.2347584945495	0.017656100000067454	epochs	3.0
740.2524145945496	0.017584599999963757	epochs	3.0
740.2699991945495	0.034957100000042374	epochs	2.0
740.2699991945495	0.01751369999999497	epochs	3.0
740.2875128945495	0.017443400000047404	epochs	3.0
740.3049562945496	0.03467790000001969	epochs	2.0
740.3049562945496	0.017373599999928047	epochs	3.0
740.3223298945495	0.017304300000091644	epochs	3.0
740.3396341945496	0.03440330000000813	epochs	2.0
740.3396341945496	0.01723570000001473	epochs	3.0
740.3568698945496	0.0171675999999934	epochs	3.0
740.3740374945496	0.03413279999995211	epochs	2.0
740.3740374945496	0.01709989999994832	epochs	3.0
740.3911373945496	0.017032900000003792	epochs	3.0
740.4081702945496	0.033866699999975935	epochs	2.0
740.4081702945496	0.01696640000000116	epochs	3.0
740.4251366945496	0.016900299999974777	epochs	3.0
740.4420369945495	0.03360459999998966	epochs	2.0
740.4420369945495	0.01683479999996962	epochs	3.0
740.4588717945495	0.01676980000002004	epochs	3.0
740.4756415945495	0.03334660000007261	epochs	2.0
740.4756415945495	0.016705300000012357	epochs	3.0
740.4923468945495	0.016641300000060255	epochs	3.0
740.5089881945496	0.03309249999995245	epochs	2.0
740.5089881945496	0.01657779999993636	epochs	3.0
740.5255659945495	0.01651470000001609	epochs	3.0
740.5420806945496	0.03284229999997024	epochs	2.0
740.5420806945496	0.01645220000000336	epochs	3.0
740.5585328945496	0.01639009999996688	epochs	3.0
740.5749229945495	0.03259570000000167	epochs	2.0
740.5749229945495	0.016328400000020338	epochs	3.0
740.5912513945495	0.016267299999981333	epochs	3.0
740.6075186945495	0.032352899999978035	epochs	2.0
740.6075186945495	0.016206600000032267	epochs	3.0
740.6237252945496	0.016146299999945768	epochs	3.0
740.6398715945495	0.032113700000081735	epochs	2.0
740.6398715945495	0.016086600000107865	epochs	3.0
740.6559581945496	0.01602709999997387	epochs	3.0
740.6719852945496	0.03187800000000607	epochs	2.0
740.6719852945496	0.015968199999974786	epochs	3.0
740.6879534945496	0.015909800000031282	epochs	3.0
740.7038632945496	0.031645700000012766	epochs	2.0
740.7038632945496	0.01585160000001906	epochs	3.0
740.7197148945496	0.015794099999993705	epochs	3.0
740.7355089945496	0.031416699999908815	epochs	2.0
740.7355089945496	0.01573669999993399	epochs	3.0
740.7512456945495	0.015679999999974825	epochs	3.0
740.7669256945495	0.031191100000000915	epochs	2.0
740.7669256945495	0.015623600000026272	epochs	3.0
740.7825492945495	0.015567499999974643	epochs	3.0
740.7981167945495	0.030968700000016725	epochs	2.0
740.7981167945495	0.015512000000057924	epochs	3.0
740.8136287945496	0.0154566999999588	epochs	3.0
740.8290854945495	0.03074950000006993	epochs	2.0
740.8290854945495	0.015401999999994587	epochs	3.0
740.8444874945495	0.015347500000075343	epochs	3.0
740.8598349945496	0.030533199999922545	epochs	2.0
740.8598349945496	0.015293399999904977	epochs	3.0
740.8751283945495	0.015239800000017567	epochs	3.0
740.8903681945495	0.03032010000003993	epochs	2.0
740.8903681945495	0.015186500000027081	epochs	3.0
740.9055546945496	0.015133600000012848	epochs	3.0
740.9206882945496	0.030109899999956724	epochs	2.0
740.9206882945496	0.015081000000009226	epochs	3.0
740.9357692945496	0.015028899999947498	epochs	3.0
740.9507981945495	0.02990250000004835	epochs	2.0
740.9507981945495	0.014977000000044427	epochs	3.0
740.9657751945496	0.014925500000003922	epochs	3.0
740.9807006945496	0.029698100000018712	epochs	2.0
740.9807006945496	0.01487439999993967	epochs	3.0
740.9955750945495	0.014823700000079043	epochs	3.0
741.0103987945496	0.02949630000000525	epochs	2.0
741.0103987945496	0.014773199999922326	epochs	3.0
741.0251719945495	0.014723100000082923	epochs	3.0
741.0398950945496	0.02929740000001857	epochs	2.0
741.0398950945496	0.014673399999992398	epochs	3.0
741.0545684945496	0.014624000000026172	epochs	3.0
741.0691924945496	0.029101099999934377	epochs	2.0
741.0691924945496	0.01457489999995687	epochs	3.0
741.0837673945496	0.014526199999977507	epochs	3.0
741.0982935945495	0.028907399999980044	epochs	2.0
741.0982935945495	0.014477700000043114	epochs	3.0
741.1127712945496	0.014429699999936929	epochs	3.0
741.1272009945495	0.028716200000076242	epochs	2.0
741.1272009945495	0.014381800000023759	epochs	3.0
741.1415827945495	0.014334400000052483	epochs	3.0
741.1559171945496	0.02852759999996124	epochs	2.0
741.1559171945496	0.01428720000001249	epochs	3.0
741.1702043945496	0.01424039999994875	epochs	3.0
741.1844447945496	0.028341400000044814	epochs	2.0
741.1844447945496	0.014193800000043666	epochs	3.0
741.1986385945496	0.014147600000001148	epochs	3.0
741.2127861945496	0.028157699999951546	epochs	2.0
741.2127861945496	0.014101699999969242	epochs	3.0
741.2268878945496	0.014055999999982305	epochs	3.0
741.2409438945496	0.027976299999977527	epochs	2.0
741.2409438945496	0.01401060000000598	epochs	3.0
741.2549544945496	0.013965699999971548	epochs	3.0
741.2689201945495	0.02779720000000907	epochs	2.0
741.2689201945495	0.013920800000050804	epochs	3.0
741.2828409945496	0.013876399999958267	epochs	3.0
741.2967173945495	0.027620400000046175	epochs	2.0
741.2967173945495	0.013832200000024386	epochs	3.0
741.3105495945496	0.013788200000021789	epochs	3.0
741.3243377945496	0.027445899999975154	epochs	2.0
741.3243377945496	0.013744599999995444	epochs	3.0
741.3380823945496	0.01370129999997971	epochs	3.0
741.3517836945496	0.027273499999978412	epochs	2.0
741.3517836945496	0.013658200000008947	epochs	3.0
741.3654418945496	0.013615299999969466	epochs	3.0
741.3790571945495	0.027103399999987232	epochs	2.0
741.3790571945495	0.013572800000019924	epochs	3.0
741.3926299945496	0.013530599999967308	epochs	3.0
741.4061605945495	0.02693520000002536	epochs	2.0
741.4061605945495	0.013488400000028378	epochs	3.0
741.4196489945496	0.013446799999996983	epochs	3.0
741.4330957945496	0.026769199999989723	epochs	2.0
741.4330957945496	0.013405199999965589	epochs	3.0
741.4465009945495	0.013364000000024134	epochs	3.0
741.4598649945495	0.026605200000062723	epochs	2.0
741.4598649945495	0.013322900000048321	epochs	3.0
741.4731878945496	0.013282300000014402	epochs	3.0
741.4864701945496	0.0264431999999033	epochs	2.0
741.4864701945496	0.013241699999980483	epochs	3.0
741.4997118945496	0.013201499999922817	epochs	3.0
741.5129133945495	0.026283200000079887	epochs	2.0
741.5129133945495	0.013161500000023807	epochs	3.0
741.5260748945495	0.01312170000005608	epochs	3.0
741.5391965945496	0.02612499999997908	epochs	2.0
741.5391965945496	0.013082100000019636	epochs	3.0
741.5522786945496	0.013042899999959445	epochs	3.0
741.5653215945496	0.025968899999952555	epochs	2.0
741.5653215945496	0.013003899999944224	epochs	3.0
741.5783254945495	0.012965000000008331	epochs	3.0
741.5912904945495	0.025814500000024054	epochs	2.0
741.5912904945495	0.01292640000008305	epochs	3.0
741.6042168945496	0.012888099999941005	epochs	3.0
741.6171049945495	0.025661900000045534	epochs	2.0
741.6171049945495	0.012849899999991976	epochs	3.0
741.6299548945495	0.012812000000053558	epochs	3.0
741.6427668945496	0.025511199999982637	epochs	2.0
741.6427668945496	0.012774400000012065	epochs	3.0
741.6555412945496	0.012736799999970572	epochs	3.0
741.6682780945496	0.025362299999983406	epochs	2.0
741.6682780945496	0.01269969999998466	epochs	3.0
741.6809777945496	0.012662599999998747	epochs	3.0
741.6936403945496	0.025215000000002874	epochs	2.0
741.6936403945496	0.012625800000023446	epochs	3.0
741.7062661945496	0.012589199999979428	epochs	3.0
741.7188553945496	0.024584799999956886	epochs	2.0
741.7421327945495	0.5	epochs	-1.0
741.7434401945495	0.5524000000000342	epochs	1.0
742.2958401945496	0.4475200000000541	epochs	0.0
743.210000038147	0.1474399999999605	epochs	0.0
743.210000038147	0.06872180000004846	epochs	1.0
743.278721838147	0.009996399999977257	epochs	1.0
743.288718238147	0.06872179999993477	epochs	1.0
743.3574400381469	2.0	epochs	0.0
745.3574400381469	21.531760000000077	epochs	0.0
745.3574400381469	1.0	epochs	1.0
745.3574926381469	0.5	epochs	-1.0
745.8574926381469	19.998640000000023	epochs	-1.0
746.3574400381469	20.0	epochs	1.0
746.3574400381469	4.356753900000058	epochs	-1.0
746.3574400381469	1.9745872000000873	epochs	2.0
746.3574400381469	1.0985622000000603	epochs	3.0
747.456002238147	0.8760250000000269	epochs	3.0
748.332027238147	1.352407499999913	epochs	2.0
748.332027238147	0.7286354999999958	epochs	3.0
749.060662738147	0.6237719999999172	epochs	3.0
749.6844347381469	1.0297592000000577	epochs	2.0
749.6844347381469	0.5453293000000485	epochs	3.0
750.229764038147	0.4844299000000092	epochs	3.0
750.714193938147	0.8317862000000105	epochs	2.0
750.714193938147	0.4357762999999295	epochs	3.0
751.1499702381469	0.39600990000008096	epochs	3.0
751.545980138147	0.6977969999999232	epochs	2.0
751.545980138147	0.3628982000000178	epochs	3.0
751.908878338147	0.33489879999990535	epochs	3.0
752.2437771381469	0.6010457000000997	epochs	2.0
752.2437771381469	0.3109123000000409	epochs	3.0
752.554689438147	0.2901334000000588	epochs	3.0
752.844822838147	0.5278859000000011	epochs	2.0
752.844822838147	0.2719585999999481	epochs	3.0
753.116781438147	0.25592730000005304	epochs	3.0
753.372708738147	0.470619299999953	epochs	2.0
753.372708738147	0.241681299999982	epochs	3.0
753.614390038147	0.228937999999971	epochs	3.0
753.843328038147	0.42457039999999324	epochs	2.0
753.843328038147	0.21747140000002219	epochs	3.0
754.060799438147	0.20709899999997106	epochs	3.0
754.267898438147	0.3867354000000205	epochs	2.0
754.267898438147	0.19767109999997956	epochs	3.0
754.465569538147	0.18906430000004093	epochs	3.0
754.654633838147	0.3550953000000163	epochs	2.0
754.654633838147	0.18117589999997108	epochs	3.0
754.835809738147	0.17391940000004524	epochs	3.0
755.009729138147	0.3282431000000088	epochs	2.0
755.009729138147	0.16722189999995862	epochs	3.0
755.176951038147	0.16102120000005016	epochs	3.0
755.337972238147	0.30516799999998057	epochs	2.0
755.337972238147	0.15526389999990897	epochs	3.0
755.4932361381469	0.1499041000000716	epochs	3.0
755.643140238147	0.28512530000000424	epochs	2.0
755.643140238147	0.1449020999999675	epochs	3.0
755.788042338147	0.14022320000003674	epochs	3.0
755.928265538147	0.2675537999999733	epochs	2.0
755.928265538147	0.1358368999999584	epochs	3.0
756.064102438147	0.1317169000000149	epochs	3.0
756.195819338147	0.2520229000000427	epochs	2.0
756.195819338147	0.1278393000000051	epochs	3.0
756.323658638147	0.12418360000003759	epochs	3.0
756.447842238147	0.23819649999995818	epochs	2.0
756.447842238147	0.12073109999994358	epochs	3.0
756.568573338147	0.1174654000000146	epochs	3.0
756.686038738147	0.2258087999999816	epochs	2.0
756.686038738147	0.11437190000003739	epochs	3.0
756.800410638147	0.11143689999994422	epochs	3.0
756.911847538147	0.2146460000000161	epochs	2.0
756.911847538147	0.10864890000004834	epochs	3.0
757.020496438147	0.10599709999996776	epochs	3.0
757.126493538147	0.20453499999996438	epochs	2.0
757.126493538147	0.10347149999995509	epochs	3.0
757.2299650381469	0.1010635000000093	epochs	3.0
757.3310285381469	0.19533400000000256	epochs	2.0
757.3310285381469	0.09876510000003691	epochs	3.0
757.429793638147	0.09656889999996565	epochs	3.0
757.5263625381469	0.18692529999998442	epochs	2.0
757.5263625381469	0.09446830000001682	epochs	3.0
757.620830838147	0.09245699999996759	epochs	3.0
757.7132878381469	0.17921069999999872	epochs	2.0
757.7132878381469	0.0905296000000817	epochs	3.0
757.803817438147	0.08868109999991702	epochs	3.0
757.8924985381469	0.17210770000008324	epochs	2.0
757.8924985381469	0.08690630000000965	epochs	3.0
757.9794048381469	0.08520140000007359	epochs	3.0
758.064606238147	0.1655463999999256	epochs	2.0
758.064606238147	0.08356189999994967	epochs	3.0
758.148168138147	0.08198449999997592	epochs	3.0
758.2301526381469	0.15946710000002895	epochs	2.0
758.2301526381469	0.08046540000009372	epochs	3.0
758.310618038147	0.07900169999993523	epochs	3.0
758.389619738147	0.15381839999997737	epochs	2.0
758.389619738147	0.07759010000006583	epochs	3.0
758.467209838147	0.07622829999991154	epochs	3.0
758.5434381381469	0.14855640000007497	epochs	2.0
758.5434381381469	0.07491330000004837	epochs	3.0
758.618351438147	0.0736431000000266	epochs	3.0
758.691994538147	0.14364239999997608	epochs	2.0
758.691994538147	0.07241499999997814	epochs	3.0
758.764409538147	0.07122739999999794	epochs	3.0
758.835636938147	0.13904309999998077	epochs	2.0
758.835636938147	0.07007799999996678	epochs	3.0
758.905714938147	0.06896510000001399	epochs	3.0
758.974680038147	0.1347293000000036	epochs	2.0
758.974680038147	0.0678871000000072	epochs	3.0
759.042567138147	0.06684219999999641	epochs	3.0
759.109409338147	0.1306752000000415	epochs	2.0
759.109409338147	0.06582909999997355	epochs	3.0
759.175238438147	0.06484610000006796	epochs	3.0
759.240084538147	0.1268577999999252	epochs	2.0
759.240084538147	0.06389200000000983	epochs	3.0
759.303976538147	0.06296579999991536	epochs	3.0
759.3669423381469	0.12325720000001184	epochs	2.0
759.3669423381469	0.06206580000002759	epochs	3.0
759.429008138147	0.06119139999998424	epochs	3.0
759.490199538147	0.11985540000000583	epochs	2.0
759.490199538147	0.06034110000007331	epochs	3.0
759.550540638147	0.05951429999993252	epochs	3.0
759.610054938147	0.11663620000001629	epochs	2.0
759.610054938147	0.05870960000004288	epochs	3.0
759.668764538147	0.057926599999973405	epochs	3.0
759.726691138147	0.11358559999996487	epochs	2.0
759.726691138147	0.05716419999998834	epochs	3.0
759.783855338147	0.05642139999997653	epochs	3.0
759.8402767381469	0.11069050000003244	epochs	2.0
759.8402767381469	0.055697900000041045	epochs	3.0
759.895974638147	0.0549925999999914	epochs	3.0
759.950967238147	0.10793909999995321	epochs	2.0
759.950967238147	0.05430490000003374	epochs	3.0
760.005272138147	0.053634199999919474	epochs	3.0
760.0589063381469	0.10532150000005913	epochs	2.0
760.0589063381469	0.05298000000004777	epochs	3.0
760.111886338147	0.052341500000011365	epochs	3.0
760.164227838147	0.10282759999995505	epochs	2.0
760.164227838147	0.05171810000001642	epochs	3.0
760.215945938147	0.051109499999938635	epochs	3.0
760.2670554381469	0.10044909999999163	epochs	2.0
760.2670554381469	0.050514900000052876	epochs	3.0
760.317570338147	0.049934199999938755	epochs	3.0
760.3675045381469	0.09817830000008598	epochs	2.0
760.3675045381469	0.04936659999998483	epochs	3.0
760.4168711381469	0.048811700000101155	epochs	3.0
760.465682838147	0.09600779999993847	epochs	2.0
760.465682838147	0.04826919999993606	epochs	3.0
760.513952038147	0.04773860000000241	epochs	3.0
760.561690638147	0.09393120000004274	epochs	2.0
760.561690638147	0.04721949999998287	epochs	3.0
760.6089101381469	0.046711700000059864	epochs	3.0
760.655621838147	0.09194259999992482	epochs	2.0
760.655621838147	0.046214599999984785	epochs	3.0
760.701836438147	0.04572799999994004	epochs	3.0
760.7475644381469	0.09003630000006524	epochs	2.0
760.7475644381469	0.04525150000006306	epochs	3.0
760.792815938147	0.04478480000000218	epochs	3.0
760.837600738147	0.08820760000003247	epochs	2.0
760.837600738147	0.044327800000019124	epochs	3.0
760.881928538147	0.04387980000001335	epochs	3.0
760.925808338147	0.0864516999999978	epochs	2.0
760.925808338147	0.04344099999991613	epochs	3.0
760.9692493381469	0.04301070000008167	epochs	3.0
761.012260038147	0.08476429999996071	epochs	2.0
761.012260038147	0.04258899999990717	epochs	3.0
761.0548490381469	0.04217530000005354	epochs	3.0
761.097024338147	0.08314150000001064	epochs	2.0
761.097024338147	0.04176970000003166	epochs	3.0
761.138794038147	0.041371799999978975	epochs	3.0
761.180165838147	0.08157970000002024	epochs	2.0
761.180165838147	0.040981399999964196	epochs	3.0
761.221147238147	0.04059830000005604	epochs	3.0
761.261745538147	0.08007549999990715	epochs	2.0
761.261745538147	0.04022229999998217	epochs	3.0
761.301967838147	0.03985319999992498	epochs	3.0
761.3418210381469	0.07862570000008873	epochs	2.0
761.3418210381469	0.039490800000066884	epochs	3.0
761.381311838147	0.039134900000021844	epochs	3.0
761.420446738147	0.07722760000001472	epochs	2.0
761.420446738147	0.03878539999993791	epochs	3.0
761.459232138147	0.03844220000007681	epochs	3.0
761.497674338147	0.07587819999992007	epochs	2.0
761.497674338147	0.03810479999992822	epochs	3.0
761.535779138147	0.03777339999999185	epochs	3.0
761.5735525381469	0.0745752000000266	epochs	2.0
761.5735525381469	0.03744770000002973	epochs	3.0
761.611000238147	0.03712749999999687	epochs	3.0
761.648127738147	0.07331629999998768	epochs	2.0
761.648127738147	0.036812899999972615	epochs	3.0
761.6849406381469	0.03650340000001506	epochs	3.0
761.721444038147	0.07209899999998015	epochs	2.0
761.721444038147	0.03619909999997617	epochs	3.0
761.7576431381469	0.03589990000000398	epochs	3.0
761.7935430381469	0.07092169999998532	epochs	2.0
761.7935430381469	0.03560560000005353	epochs	3.0
761.829148638147	0.035316099999931794	epochs	3.0
761.8644647381469	0.06978200000003199	epochs	2.0
761.8644647381469	0.03503120000004856	epochs	3.0
761.899495938147	0.03475079999998343	epochs	3.0
761.934246738147	0.06867859999999837	epochs	2.0
761.934246738147	0.03447510000000875	epochs	3.0
761.968721838147	0.03420349999998962	epochs	3.0
762.002925338147	0.06760930000007193	epochs	2.0
762.002925338147	0.033936199999970995	epochs	3.0
762.0368615381469	0.03367310000010093	epochs	3.0
762.070534638147	0.06657289999998284	epochs	2.0
762.070534638147	0.03341399999999339	epochs	3.0
762.103948638147	0.033158899999989444	epochs	3.0
762.137107538147	0.06556779999993978	epochs	2.0
762.137107538147	0.032907700000009754	epochs	3.0
762.170015238147	0.032660099999930026	epochs	3.0
762.202675338147	0.06459259999996902	epochs	2.0
762.202675338147	0.032416399999988244	epochs	3.0
762.2350917381469	0.03217619999998078	epochs	3.0
762.2672679381469	0.06364600000006249	epochs	2.0
762.2672679381469	0.031939600000100654	epochs	3.0
762.299207538147	0.03170639999996183	epochs	3.0
762.330913938147	0.0627266999999847	epochs	2.0
762.330913938147	0.03147660000001906	epochs	3.0
762.362390538147	0.03125009999996564	epochs	3.0
762.393640638147	0.06183359999999993	epochs	2.0
762.393640638147	0.031026900000028945	epochs	3.0
762.424667538147	0.030806699999970988	epochs	3.0
762.455474238147	0.06096560000003137	epochs	2.0
762.455474238147	0.030589800000029754	epochs	3.0
762.486064038147	0.030375800000001618	epochs	3.0
762.516439838147	0.06012160000000222	epochs	2.0
762.516439838147	0.03016489999993155	epochs	3.0
762.5466047381469	0.02995670000007067	epochs	3.0
762.576561438147	0.05930069999999432	epochs	2.0
762.576561438147	0.02975159999994048	epochs	3.0
762.6063130381469	0.02954910000005384	epochs	3.0
762.635862138147	0.05850179999993088	epochs	2.0
762.635862138147	0.02934940000000097	epochs	3.0
762.665211538147	0.029152399999929912	epochs	3.0
762.6943639381469	0.057724200000052406	epochs	2.0
762.6943639381469	0.028958000000102402	epochs	3.0
762.723321938147	0.028766199999950004	epochs	3.0
762.752088138147	0.05696709999995164	epochs	2.0
762.752088138147	0.028577000000041153	epochs	3.0
762.780665138147	0.02839009999991049	epochs	3.0
762.8090552381469	0.056229500000085864	epochs	2.0
762.8090552381469	0.028205700000057732	epochs	3.0
762.837260938147	0.028023800000028132	epochs	3.0
762.865284738147	0.05551070000001346	epochs	2.0
762.865284738147	0.027843999999959124	epochs	3.0
762.893128738147	0.027666700000054334	epochs	3.0
762.920795438147	0.05481019999990622	epochs	2.0
762.920795438147	0.02749149999999645	epochs	3.0
762.948286938147	0.027318699999909768	epochs	3.0
762.9756056381469	0.05412699999999404	epochs	2.0
762.9756056381469	0.02714780000007977	epochs	3.0
763.002753438147	0.026979199999914272	epochs	3.0
763.0297326381469	0.0534607000000733	epochs	2.0
763.0297326381469	0.026812600000084785	epochs	3.0
763.056545238147	0.026648099999988517	epochs	3.0
763.083193338147	0.05281070000000909	epochs	2.0
763.083193338147	0.026485600000000886	epochs	3.0
763.109678938147	0.026325100000008206	epochs	3.0
763.136004038147	0.05217619999996259	epochs	2.0
763.136004038147	0.026166399999965506	epochs	3.0
763.162170438147	0.026009799999997085	epochs	3.0
763.188180238147	0.051556699999991906	epochs	2.0
763.188180238147	0.025854800000047362	epochs	3.0
763.214035038147	0.025701899999944544	epochs	3.0
763.239736938147	0.05095189999997274	epochs	2.0
763.239736938147	0.02555070000005344	epochs	3.0
763.265287638147	0.0254011999999193	epochs	3.0
763.2906888381469	0.05036100000006627	epochs	2.0
763.2906888381469	0.0252535000000762	epochs	3.0
763.315942338147	0.02510749999999007	epochs	3.0
763.341049838147	0.049783800000000156	epochs	2.0
763.341049838147	0.02496320000000196	epochs	3.0
763.366013038147	0.024820599999998194	epochs	3.0
763.390833638147	0.04921949999993558	epochs	2.0
763.390833638147	0.024679399999968155	epochs	3.0
763.415513038147	0.024540099999967424	epochs	3.0
763.4400531381469	0.04866790000005494	epochs	2.0
763.4400531381469	0.024402100000088467	epochs	3.0
763.464455238147	0.024265799999966475	epochs	3.0
763.488721038147	0.048128599999927246	epochs	2.0
763.488721038147	0.024131000000011227	epochs	3.0
763.512852038147	0.02399759999991602	epochs	3.0
763.5368496381469	0.047601100000065344	epochs	2.0
763.5368496381469	0.023865800000066884	epochs	3.0
763.560715438147	0.02373529999999846	epochs	3.0
763.584450738147	0.047085000000038235	epochs	2.0
763.584450738147	0.023606299999983094	epochs	3.0
763.608057038147	0.02347870000005514	epochs	3.0
763.631535738147	0.046579999999948996	epochs	2.0
763.631535738147	0.02335249999998723	epochs	3.0
763.654888238147	0.023227499999961765	epochs	3.0
763.678115738147	0.046085700000048746	epochs	2.0
763.678115738147	0.023103999999989355	epochs	3.0
763.701219738147	0.02298170000005939	epochs	3.0
763.724201438147	0.045601799999985815	epochs	2.0
763.724201438147	0.02286069999991014	epochs	3.0
763.7470621381469	0.022741100000075676	epochs	3.0
763.769803238147	0.04512790000001132	epochs	2.0
763.769803238147	0.022622500000011314	epochs	3.0
763.792425738147	0.02250540000000001	epochs	3.0
763.814931138147	0.044663799999966614	epochs	2.0
763.814931138147	0.02238929999998618	epochs	3.0
763.837320438147	0.022274499999980435	epochs	3.0
763.859594938147	0.04420919999995476	epochs	2.0
763.859594938147	0.022160799999937808	epochs	3.0
763.8817557381469	0.022048400000016954	epochs	3.0
763.9038041381469	0.043763600000033875	epochs	2.0
763.9038041381469	0.021936900000014248	epochs	3.0
763.925741038147	0.021826700000019628	epochs	3.0
763.947567738147	0.04332709999994222	epochs	2.0
763.947567738147	0.021717599999988124	epochs	3.0
763.969285338147	0.021609499999954096	epochs	3.0
763.9908948381469	0.04289900000003399	epochs	2.0
763.9908948381469	0.021502500000110558	epochs	3.0
764.012397338147	0.021396499999923435	epochs	3.0
764.033793838147	0.042479500000013104	epochs	2.0
764.033793838147	0.02129170000000613	epochs	3.0
764.055085538147	0.021187800000006973	epochs	3.0
764.076273338147	0.042067900000006375	epochs	2.0
764.076273338147	0.02108490000000529	epochs	3.0
764.097358238147	0.020983000000001084	epochs	3.0
764.118341238147	0.04166440000005878	epochs	2.0
764.118341238147	0.020882199999959994	epochs	3.0
764.1392234381469	0.020782200000098783	epochs	3.0
764.160005638147	0.04126850000000104	epochs	2.0
764.160005638147	0.020683299999973315	epochs	3.0
764.180688938147	0.020585200000027726	epochs	3.0
764.201274138147	0.040879999999901884	epochs	2.0
764.201274138147	0.020488099999965925	epochs	3.0
764.221762238147	0.02039189999993596	epochs	3.0
764.2421541381469	0.04049880000002304	epochs	2.0
764.2421541381469	0.020296600000051512	epochs	3.0
764.262450738147	0.020202199999971526	epochs	3.0
764.282652938147	0.04012460000001283	epochs	2.0
764.282652938147	0.02010870000003706	epochs	3.0
764.302761638147	0.020015899999975773	epochs	3.0
764.322777538147	0.03975730000001931	epochs	2.0
764.322777538147	0.019924199999991288	epochs	3.0
764.342701738147	0.019833100000028026	epochs	3.0
764.362534838147	0.03939669999999751	epochs	2.0
764.362534838147	0.01974299999994855	epochs	3.0
764.3822778381469	0.019653700000048957	epochs	3.0
764.401931538147	0.03904239999997117	epochs	2.0
764.401931538147	0.01956510000002254	epochs	3.0
764.421496638147	0.019477299999948627	epochs	3.0
764.440973938147	0.03869459999998526	epochs	2.0
764.440973938147	0.019390400000020236	epochs	3.0
764.460364338147	0.01930419999996502	epochs	3.0
764.4796685381469	0.03835290000006353	epochs	2.0
764.4796685381469	0.019218799999976	epochs	3.0
764.4988873381469	0.01913410000008753	epochs	3.0
764.518021438147	0.03801720000001296	epochs	2.0
764.518021438147	0.01905019999992419	epochs	3.0
764.5370716381469	0.018967000000088774	epochs	3.0
764.556038638147	0.03768719999993664	epochs	2.0
764.556038638147	0.018884499999899163	epochs	3.0
764.5749231381469	0.018802700000037476	epochs	3.0
764.593725838147	0.03736309999999321	epochs	2.0
764.593725838147	0.018721700000014607	epochs	3.0
764.612447538147	0.018641399999978603	epochs	3.0
764.631088938147	0.03704430000004777	epochs	2.0
764.631088938147	0.01856159999999818	epochs	3.0
764.649650538147	0.01848270000004959	epochs	3.0
764.668133238147	0.0367310000000316	epochs	2.0
764.668133238147	0.018404299999929208	epochs	3.0
764.6865375381469	0.01832670000010239	epochs	3.0
764.704864238147	0.03642289999993409	epochs	2.0
764.704864238147	0.018249599999990096	epochs	3.0
764.723113838147	0.018173299999943993	epochs	3.0
764.741287138147	0.03612010000006194	epochs	2.0
764.741287138147	0.0180976000000328	epochs	3.0
764.759384738147	0.01802250000002914	epochs	3.0
764.777407238147	0.03582209999990482	epochs	2.0
764.777407238147	0.017947899999967376	epochs	3.0
764.795355138147	0.017874199999937446	epochs	3.0
764.8132293381469	0.03552899999999681	epochs	2.0
764.8132293381469	0.017800800000031813	epochs	3.0
764.831030138147	0.017728199999965	epochs	3.0
764.8487583381469	0.03524070000003121	epochs	2.0
764.8487583381469	0.017656100000067454	epochs	3.0
764.866414438147	0.017584599999963757	epochs	3.0
764.883999038147	0.034957100000042374	epochs	2.0
764.883999038147	0.01751369999999497	epochs	3.0
764.901512738147	0.017443400000047404	epochs	3.0
764.918956138147	0.03467790000001969	epochs	2.0
764.918956138147	0.017373599999928047	epochs	3.0
764.9363297381469	0.017304300000091644	epochs	3.0
764.953634038147	0.03440330000000813	epochs	2.0
764.953634038147	0.01723570000001473	epochs	3.0
764.970869738147	0.0171675999999934	epochs	3.0
764.988037338147	0.03413279999995211	epochs	2.0
764.988037338147	0.01709989999994832	epochs	3.0
765.005137238147	0.017032900000003792	epochs	3.0
765.022170138147	0.033866699999975935	epochs	2.0
765.022170138147	0.01696640000000116	epochs	3.0
765.039136538147	0.016900299999974777	epochs	3.0
765.056036838147	0.03360459999998966	epochs	2.0
765.056036838147	0.01683479999996962	epochs	3.0
765.0728716381469	0.01676980000002004	epochs	3.0
765.0896414381469	0.03334660000007261	epochs	2.0
765.0896414381469	0.016705300000012357	epochs	3.0
765.106346738147	0.016641300000060255	epochs	3.0
765.122988038147	0.03309249999995245	epochs	2.0
765.122988038147	0.01657779999993636	epochs	3.0
765.139565838147	0.01651470000001609	epochs	3.0
765.156080538147	0.03284229999997024	epochs	2.0
765.156080538147	0.01645220000000336	epochs	3.0
765.172532738147	0.01639009999996688	epochs	3.0
765.1889228381469	0.03259570000000167	epochs	2.0
765.1889228381469	0.016328400000020338	epochs	3.0
765.205251238147	0.016267299999981333	epochs	3.0
765.2215185381469	0.032352899999978035	epochs	2.0
765.2215185381469	0.016206600000032267	epochs	3.0
765.237725138147	0.016146299999945768	epochs	3.0
765.2538714381469	0.032113700000081735	epochs	2.0
765.2538714381469	0.016086600000107865	epochs	3.0
765.269958038147	0.01602709999997387	epochs	3.0
765.285985138147	0.03187800000000607	epochs	2.0
765.285985138147	0.015968199999974786	epochs	3.0
765.301953338147	0.015909800000031282	epochs	3.0
765.317863138147	0.031645700000012766	epochs	2.0
765.317863138147	0.01585160000001906	epochs	3.0
765.333714738147	0.015794099999993705	epochs	3.0
765.349508838147	0.031416699999908815	epochs	2.0
765.349508838147	0.01573669999993399	epochs	3.0
765.365245538147	0.015679999999974825	epochs	3.0
765.3809255381469	0.031191100000000915	epochs	2.0
765.3809255381469	0.015623600000026272	epochs	3.0
765.396549138147	0.015567499999974643	epochs	3.0
765.4121166381469	0.030968700000016725	epochs	2.0
765.4121166381469	0.015512000000057924	epochs	3.0
765.427628638147	0.0154566999999588	epochs	3.0
765.443085338147	0.03074950000006993	epochs	2.0
765.443085338147	0.015401999999994587	epochs	3.0
765.4584873381469	0.015347500000075343	epochs	3.0
765.473834838147	0.030533199999922545	epochs	2.0
765.473834838147	0.015293399999904977	epochs	3.0
765.4891282381469	0.015239800000017567	epochs	3.0
765.5043680381469	0.03032010000003993	epochs	2.0
765.5043680381469	0.015186500000027081	epochs	3.0
765.519554538147	0.015133600000012848	epochs	3.0
765.534688138147	0.030109899999956724	epochs	2.0
765.534688138147	0.015081000000009226	epochs	3.0
765.549769138147	0.015028899999947498	epochs	3.0
765.5647980381469	0.02990250000004835	epochs	2.0
765.5647980381469	0.014977000000044427	epochs	3.0
765.579775038147	0.014925500000003922	epochs	3.0
765.594700538147	0.029698100000018712	epochs	2.0
765.594700538147	0.01487439999993967	epochs	3.0
765.6095749381469	0.014823700000079043	epochs	3.0
765.624398638147	0.02949630000000525	epochs	2.0
765.624398638147	0.014773199999922326	epochs	3.0
765.6391718381469	0.014723100000082923	epochs	3.0
765.653894938147	0.02929740000001857	epochs	2.0
765.653894938147	0.014673399999992398	epochs	3.0
765.668568338147	0.014624000000026172	epochs	3.0
765.683192338147	0.029101099999934377	epochs	2.0
765.683192338147	0.01457489999995687	epochs	3.0
765.697767238147	0.014526199999977507	epochs	3.0
765.712293438147	0.028907399999980044	epochs	2.0
765.712293438147	0.014477700000043114	epochs	3.0
765.726771138147	0.014429699999936929	epochs	3.0
765.7412008381469	0.028716200000076242	epochs	2.0
765.7412008381469	0.014381800000023759	epochs	3.0
765.755582638147	0.014334400000052483	epochs	3.0
765.769917038147	0.02852759999996124	epochs	2.0
765.769917038147	0.01428720000001249	epochs	3.0
765.784204238147	0.01424039999994875	epochs	3.0
765.798444638147	0.028341400000044814	epochs	2.0
765.798444638147	0.014193800000043666	epochs	3.0
765.812638438147	0.014147600000001148	epochs	3.0
765.826786038147	0.028157699999951546	epochs	2.0
765.826786038147	0.014101699999969242	epochs	3.0
765.840887738147	0.014055999999982305	epochs	3.0
765.854943738147	0.027976299999977527	epochs	2.0
765.854943738147	0.01401060000000598	epochs	3.0
765.868954338147	0.013965699999971548	epochs	3.0
765.882920038147	0.02779720000000907	epochs	2.0
765.882920038147	0.013920800000050804	epochs	3.0
765.896840838147	0.013876399999958267	epochs	3.0
765.910717238147	0.027620400000046175	epochs	2.0
765.910717238147	0.013832200000024386	epochs	3.0
765.924549438147	0.013788200000021789	epochs	3.0
765.938337638147	0.027445899999975154	epochs	2.0
765.938337638147	0.013744599999995444	epochs	3.0
765.952082238147	0.01370129999997971	epochs	3.0
765.965783538147	0.027273499999978412	epochs	2.0
765.965783538147	0.013658200000008947	epochs	3.0
765.979441738147	0.013615299999969466	epochs	3.0
765.993057038147	0.027103399999987232	epochs	2.0
765.993057038147	0.013572800000019924	epochs	3.0
766.006629838147	0.013530599999967308	epochs	3.0
766.020160438147	0.02693520000002536	epochs	2.0
766.020160438147	0.013488400000028378	epochs	3.0
766.033648838147	0.013446799999996983	epochs	3.0
766.047095638147	0.026769199999989723	epochs	2.0
766.047095638147	0.013405199999965589	epochs	3.0
766.0605008381469	0.013364000000024134	epochs	3.0
766.073864838147	0.026605200000062723	epochs	2.0
766.073864838147	0.013322900000048321	epochs	3.0
766.087187738147	0.013282300000014402	epochs	3.0
766.100470038147	0.0264431999999033	epochs	2.0
766.100470038147	0.013241699999980483	epochs	3.0
766.113711738147	0.013201499999922817	epochs	3.0
766.1269132381469	0.026283200000079887	epochs	2.0
766.1269132381469	0.013161500000023807	epochs	3.0
766.140074738147	0.01312170000005608	epochs	3.0
766.153196438147	0.02612499999997908	epochs	2.0
766.153196438147	0.013082100000019636	epochs	3.0
766.166278538147	0.013042899999959445	epochs	3.0
766.179321438147	0.025968899999952555	epochs	2.0
766.179321438147	0.013003899999944224	epochs	3.0
766.1923253381469	0.012965000000008331	epochs	3.0
766.2052903381469	0.025814500000024054	epochs	2.0
766.2052903381469	0.01292640000008305	epochs	3.0
766.218216738147	0.012888099999941005	epochs	3.0
766.231104838147	0.025661900000045534	epochs	2.0
766.231104838147	0.012849899999991976	epochs	3.0
766.243954738147	0.012812000000053558	epochs	3.0
766.256766738147	0.025511199999982637	epochs	2.0
766.256766738147	0.012774400000012065	epochs	3.0
766.269541138147	0.012736799999970572	epochs	3.0
766.282277938147	0.025362299999983406	epochs	2.0
766.282277938147	0.01269969999998466	epochs	3.0
766.294977638147	0.012662599999998747	epochs	3.0
766.307640238147	0.025215000000002874	epochs	2.0
766.307640238147	0.012625800000023446	epochs	3.0
766.320266038147	0.012589199999979428	epochs	3.0
766.332855238147	0.024584799999956886	epochs	2.0
766.356132638147	0.5	epochs	-1.0
766.3574400381469	0.5317600000000766	epochs	1.0
766.889200038147	0.4681600000000117	epochs	0.0
767.8239998817444	0.1474399999999605	epochs	0.0
767.8239998817444	0.06872180000004846	epochs	1.0
767.8927216817444	0.009996399999977257	epochs	1.0
767.9027180817444	0.06872179999993477	epochs	1.0
767.9714398817443	2.0	epochs	0.0
769.9714398817443	21.51168000000007	epochs	0.0
769.9714398817443	1.0	epochs	1.0
769.9714924817443	0.5	epochs	-1.0
770.4714924817443	19.998640000000023	epochs	-1.0
770.9714398817443	20.0	epochs	1.0
770.9714398817443	4.356753900000058	epochs	-1.0
770.9714398817443	1.9745872000000873	epochs	2.0
770.9714398817443	1.0985622000000603	epochs	3.0
772.0700020817444	0.8760250000000269	epochs	3.0
772.9460270817444	1.352407499999913	epochs	2.0
772.9460270817444	0.7286354999999958	epochs	3.0
773.6746625817444	0.6237719999999172	epochs	3.0
774.2984345817443	1.0297592000000577	epochs	2.0
774.2984345817443	0.5453293000000485	epochs	3.0
774.8437638817444	0.4844299000000092	epochs	3.0
775.3281937817444	0.8317862000000105	epochs	2.0
775.3281937817444	0.4357762999999295	epochs	3.0
775.7639700817443	0.39600990000008096	epochs	3.0
776.1599799817444	0.6977969999999232	epochs	2.0
776.1599799817444	0.3628982000000178	epochs	3.0
776.5228781817444	0.33489879999990535	epochs	3.0
776.8577769817443	0.6010457000000997	epochs	2.0
776.8577769817443	0.3109123000000409	epochs	3.0
777.1686892817444	0.2901334000000588	epochs	3.0
777.4588226817444	0.5278859000000011	epochs	2.0
777.4588226817444	0.2719585999999481	epochs	3.0
777.7307812817444	0.25592730000005304	epochs	3.0
777.9867085817444	0.470619299999953	epochs	2.0
777.9867085817444	0.241681299999982	epochs	3.0
778.2283898817444	0.228937999999971	epochs	3.0
778.4573278817444	0.42457039999999324	epochs	2.0
778.4573278817444	0.21747140000002219	epochs	3.0
778.6747992817444	0.20709899999997106	epochs	3.0
778.8818982817444	0.3867354000000205	epochs	2.0
778.8818982817444	0.19767109999997956	epochs	3.0
779.0795693817444	0.18906430000004093	epochs	3.0
779.2686336817444	0.3550953000000163	epochs	2.0
779.2686336817444	0.18117589999997108	epochs	3.0
779.4498095817444	0.17391940000004524	epochs	3.0
779.6237289817444	0.3282431000000088	epochs	2.0
779.6237289817444	0.16722189999995862	epochs	3.0
779.7909508817444	0.16102120000005016	epochs	3.0
779.9519720817444	0.30516799999998057	epochs	2.0
779.9519720817444	0.15526389999990897	epochs	3.0
780.1072359817443	0.1499041000000716	epochs	3.0
780.2571400817444	0.28512530000000424	epochs	2.0
780.2571400817444	0.1449020999999675	epochs	3.0
780.4020421817444	0.14022320000003674	epochs	3.0
780.5422653817444	0.2675537999999733	epochs	2.0
780.5422653817444	0.1358368999999584	epochs	3.0
780.6781022817444	0.1317169000000149	epochs	3.0
780.8098191817444	0.2520229000000427	epochs	2.0
780.8098191817444	0.1278393000000051	epochs	3.0
780.9376584817444	0.12418360000003759	epochs	3.0
781.0618420817444	0.23819649999995818	epochs	2.0
781.0618420817444	0.12073109999994358	epochs	3.0
781.1825731817444	0.1174654000000146	epochs	3.0
781.3000385817444	0.2258087999999816	epochs	2.0
781.3000385817444	0.11437190000003739	epochs	3.0
781.4144104817444	0.11143689999994422	epochs	3.0
781.5258473817444	0.2146460000000161	epochs	2.0
781.5258473817444	0.10864890000004834	epochs	3.0
781.6344962817444	0.10599709999996776	epochs	3.0
781.7404933817444	0.20453499999996438	epochs	2.0
781.7404933817444	0.10347149999995509	epochs	3.0
781.8439648817443	0.1010635000000093	epochs	3.0
781.9450283817444	0.19533400000000256	epochs	2.0
781.9450283817444	0.09876510000003691	epochs	3.0
782.0437934817444	0.09656889999996565	epochs	3.0
782.1403623817444	0.18692529999998442	epochs	2.0
782.1403623817444	0.09446830000001682	epochs	3.0
782.2348306817444	0.09245699999996759	epochs	3.0
782.3272876817443	0.17921069999999872	epochs	2.0
782.3272876817443	0.0905296000000817	epochs	3.0
782.4178172817444	0.08868109999991702	epochs	3.0
782.5064983817443	0.17210770000008324	epochs	2.0
782.5064983817443	0.08690630000000965	epochs	3.0
782.5934046817443	0.08520140000007359	epochs	3.0
782.6786060817444	0.1655463999999256	epochs	2.0
782.6786060817444	0.08356189999994967	epochs	3.0
782.7621679817444	0.08198449999997592	epochs	3.0
782.8441524817443	0.15946710000002895	epochs	2.0
782.8441524817443	0.08046540000009372	epochs	3.0
782.9246178817444	0.07900169999993523	epochs	3.0
783.0036195817444	0.15381839999997737	epochs	2.0
783.0036195817444	0.07759010000006583	epochs	3.0
783.0812096817444	0.07622829999991154	epochs	3.0
783.1574379817444	0.14855640000007497	epochs	2.0
783.1574379817444	0.07491330000004837	epochs	3.0
783.2323512817444	0.0736431000000266	epochs	3.0
783.3059943817444	0.14364239999997608	epochs	2.0
783.3059943817444	0.07241499999997814	epochs	3.0
783.3784093817444	0.07122739999999794	epochs	3.0
783.4496367817444	0.13904309999998077	epochs	2.0
783.4496367817444	0.07007799999996678	epochs	3.0
783.5197147817444	0.06896510000001399	epochs	3.0
783.5886798817444	0.1347293000000036	epochs	2.0
783.5886798817444	0.0678871000000072	epochs	3.0
783.6565669817444	0.06684219999999641	epochs	3.0
783.7234091817444	0.1306752000000415	epochs	2.0
783.7234091817444	0.06582909999997355	epochs	3.0
783.7892382817444	0.06484610000006796	epochs	3.0
783.8540843817444	0.1268577999999252	epochs	2.0
783.8540843817444	0.06389200000000983	epochs	3.0
783.9179763817444	0.06296579999991536	epochs	3.0
783.9809421817444	0.12325720000001184	epochs	2.0
783.9809421817444	0.06206580000002759	epochs	3.0
784.0430079817444	0.06119139999998424	epochs	3.0
784.1041993817444	0.11985540000000583	epochs	2.0
784.1041993817444	0.06034110000007331	epochs	3.0
784.1645404817444	0.05951429999993252	epochs	3.0
784.2240547817444	0.11663620000001629	epochs	2.0
784.2240547817444	0.05870960000004288	epochs	3.0
784.2827643817444	0.057926599999973405	epochs	3.0
784.3406909817444	0.11358559999996487	epochs	2.0
784.3406909817444	0.05716419999998834	epochs	3.0
784.3978551817444	0.05642139999997653	epochs	3.0
784.4542765817444	0.11069050000003244	epochs	2.0
784.4542765817444	0.055697900000041045	epochs	3.0
784.5099744817444	0.0549925999999914	epochs	3.0
784.5649670817444	0.10793909999995321	epochs	2.0
784.5649670817444	0.05430490000003374	epochs	3.0
784.6192719817444	0.053634199999919474	epochs	3.0
784.6729061817443	0.10532150000005913	epochs	2.0
784.6729061817443	0.05298000000004777	epochs	3.0
784.7258861817444	0.052341500000011365	epochs	3.0
784.7782276817444	0.10282759999995505	epochs	2.0
784.7782276817444	0.05171810000001642	epochs	3.0
784.8299457817444	0.051109499999938635	epochs	3.0
784.8810552817444	0.10044909999999163	epochs	2.0
784.8810552817444	0.050514900000052876	epochs	3.0
784.9315701817444	0.049934199999938755	epochs	3.0
784.9815043817443	0.09817830000008598	epochs	2.0
784.9815043817443	0.04936659999998483	epochs	3.0
785.0308709817443	0.048811700000101155	epochs	3.0
785.0796826817444	0.09600779999993847	epochs	2.0
785.0796826817444	0.04826919999993606	epochs	3.0
785.1279518817444	0.04773860000000241	epochs	3.0
785.1756904817444	0.09393120000004274	epochs	2.0
785.1756904817444	0.04721949999998287	epochs	3.0
785.2229099817444	0.046711700000059864	epochs	3.0
785.2696216817444	0.09194259999992482	epochs	2.0
785.2696216817444	0.046214599999984785	epochs	3.0
785.3158362817444	0.04572799999994004	epochs	3.0
785.3615642817443	0.09003630000006524	epochs	2.0
785.3615642817443	0.04525150000006306	epochs	3.0
785.4068157817444	0.04478480000000218	epochs	3.0
785.4516005817444	0.08820760000003247	epochs	2.0
785.4516005817444	0.044327800000019124	epochs	3.0
785.4959283817444	0.04387980000001335	epochs	3.0
785.5398081817444	0.0864516999999978	epochs	2.0
785.5398081817444	0.04344099999991613	epochs	3.0
785.5832491817443	0.04301070000008167	epochs	3.0
785.6262598817444	0.08476429999996071	epochs	2.0
785.6262598817444	0.04258899999990717	epochs	3.0
785.6688488817443	0.04217530000005354	epochs	3.0
785.7110241817444	0.08314150000001064	epochs	2.0
785.7110241817444	0.04176970000003166	epochs	3.0
785.7527938817444	0.041371799999978975	epochs	3.0
785.7941656817444	0.08157970000002024	epochs	2.0
785.7941656817444	0.040981399999964196	epochs	3.0
785.8351470817444	0.04059830000005604	epochs	3.0
785.8757453817444	0.08007549999990715	epochs	2.0
785.8757453817444	0.04022229999998217	epochs	3.0
785.9159676817444	0.03985319999992498	epochs	3.0
785.9558208817443	0.07862570000008873	epochs	2.0
785.9558208817443	0.039490800000066884	epochs	3.0
785.9953116817444	0.039134900000021844	epochs	3.0
786.0344465817444	0.07722760000001472	epochs	2.0
786.0344465817444	0.03878539999993791	epochs	3.0
786.0732319817444	0.03844220000007681	epochs	3.0
786.1116741817444	0.07587819999992007	epochs	2.0
786.1116741817444	0.03810479999992822	epochs	3.0
786.1497789817444	0.03777339999999185	epochs	3.0
786.1875523817444	0.0745752000000266	epochs	2.0
786.1875523817444	0.03744770000002973	epochs	3.0
786.2250000817444	0.03712749999999687	epochs	3.0
786.2621275817444	0.07331629999998768	epochs	2.0
786.2621275817444	0.036812899999972615	epochs	3.0
786.2989404817444	0.03650340000001506	epochs	3.0
786.3354438817444	0.07209899999998015	epochs	2.0
786.3354438817444	0.03619909999997617	epochs	3.0
786.3716429817443	0.03589990000000398	epochs	3.0
786.4075428817443	0.07092169999998532	epochs	2.0
786.4075428817443	0.03560560000005353	epochs	3.0
786.4431484817444	0.035316099999931794	epochs	3.0
786.4784645817443	0.06978200000003199	epochs	2.0
786.4784645817443	0.03503120000004856	epochs	3.0
786.5134957817444	0.03475079999998343	epochs	3.0
786.5482465817444	0.06867859999999837	epochs	2.0
786.5482465817444	0.03447510000000875	epochs	3.0
786.5827216817444	0.03420349999998962	epochs	3.0
786.6169251817444	0.06760930000007193	epochs	2.0
786.6169251817444	0.033936199999970995	epochs	3.0
786.6508613817443	0.03367310000010093	epochs	3.0
786.6845344817444	0.06657289999998284	epochs	2.0
786.6845344817444	0.03341399999999339	epochs	3.0
786.7179484817444	0.033158899999989444	epochs	3.0
786.7511073817444	0.06556779999993978	epochs	2.0
786.7511073817444	0.032907700000009754	epochs	3.0
786.7840150817444	0.032660099999930026	epochs	3.0
786.8166751817444	0.06459259999996902	epochs	2.0
786.8166751817444	0.032416399999988244	epochs	3.0
786.8490915817443	0.03217619999998078	epochs	3.0
786.8812677817443	0.06364600000006249	epochs	2.0
786.8812677817443	0.031939600000100654	epochs	3.0
786.9132073817444	0.03170639999996183	epochs	3.0
786.9449137817444	0.0627266999999847	epochs	2.0
786.9449137817444	0.03147660000001906	epochs	3.0
786.9763903817444	0.03125009999996564	epochs	3.0
787.0076404817444	0.06183359999999993	epochs	2.0
787.0076404817444	0.031026900000028945	epochs	3.0
787.0386673817444	0.030806699999970988	epochs	3.0
787.0694740817444	0.06096560000003137	epochs	2.0
787.0694740817444	0.030589800000029754	epochs	3.0
787.1000638817444	0.030375800000001618	epochs	3.0
787.1304396817444	0.06012160000000222	epochs	2.0
787.1304396817444	0.03016489999993155	epochs	3.0
787.1606045817443	0.02995670000007067	epochs	3.0
787.1905612817444	0.05930069999999432	epochs	2.0
787.1905612817444	0.02975159999994048	epochs	3.0
787.2203128817443	0.02954910000005384	epochs	3.0
787.2498619817444	0.05850179999993088	epochs	2.0
787.2498619817444	0.02934940000000097	epochs	3.0
787.2792113817444	0.029152399999929912	epochs	3.0
787.3083637817443	0.057724200000052406	epochs	2.0
787.3083637817443	0.028958000000102402	epochs	3.0
787.3373217817444	0.028766199999950004	epochs	3.0
787.3660879817444	0.05696709999995164	epochs	2.0
787.3660879817444	0.028577000000041153	epochs	3.0
787.3946649817444	0.02839009999991049	epochs	3.0
787.4230550817443	0.056229500000085864	epochs	2.0
787.4230550817443	0.028205700000057732	epochs	3.0
787.4512607817444	0.028023800000028132	epochs	3.0
787.4792845817444	0.05551070000001346	epochs	2.0
787.4792845817444	0.027843999999959124	epochs	3.0
787.5071285817444	0.027666700000054334	epochs	3.0
787.5347952817444	0.05481019999990622	epochs	2.0
787.5347952817444	0.02749149999999645	epochs	3.0
787.5622867817444	0.027318699999909768	epochs	3.0
787.5896054817443	0.05412699999999404	epochs	2.0
787.5896054817443	0.02714780000007977	epochs	3.0
787.6167532817444	0.026979199999914272	epochs	3.0
787.6437324817443	0.0534607000000733	epochs	2.0
787.6437324817443	0.026812600000084785	epochs	3.0
787.6705450817444	0.026648099999988517	epochs	3.0
787.6971931817444	0.05281070000000909	epochs	2.0
787.6971931817444	0.026485600000000886	epochs	3.0
787.7236787817444	0.026325100000008206	epochs	3.0
787.7500038817444	0.05217619999996259	epochs	2.0
787.7500038817444	0.026166399999965506	epochs	3.0
787.7761702817444	0.026009799999997085	epochs	3.0
787.8021800817444	0.051556699999991906	epochs	2.0
787.8021800817444	0.025854800000047362	epochs	3.0
787.8280348817444	0.025701899999944544	epochs	3.0
787.8537367817444	0.05095189999997274	epochs	2.0
787.8537367817444	0.02555070000005344	epochs	3.0
787.8792874817444	0.0254011999999193	epochs	3.0
787.9046886817443	0.05036100000006627	epochs	2.0
787.9046886817443	0.0252535000000762	epochs	3.0
787.9299421817444	0.02510749999999007	epochs	3.0
787.9550496817444	0.049783800000000156	epochs	2.0
787.9550496817444	0.02496320000000196	epochs	3.0
787.9800128817444	0.024820599999998194	epochs	3.0
788.0048334817444	0.04921949999993558	epochs	2.0
788.0048334817444	0.024679399999968155	epochs	3.0
788.0295128817444	0.024540099999967424	epochs	3.0
788.0540529817443	0.04866790000005494	epochs	2.0
788.0540529817443	0.024402100000088467	epochs	3.0
788.0784550817444	0.024265799999966475	epochs	3.0
788.1027208817444	0.048128599999927246	epochs	2.0
788.1027208817444	0.024131000000011227	epochs	3.0
788.1268518817444	0.02399759999991602	epochs	3.0
788.1508494817443	0.047601100000065344	epochs	2.0
788.1508494817443	0.023865800000066884	epochs	3.0
788.1747152817444	0.02373529999999846	epochs	3.0
788.1984505817444	0.047085000000038235	epochs	2.0
788.1984505817444	0.023606299999983094	epochs	3.0
788.2220568817444	0.02347870000005514	epochs	3.0
788.2455355817444	0.046579999999948996	epochs	2.0
788.2455355817444	0.02335249999998723	epochs	3.0
788.2688880817444	0.023227499999961765	epochs	3.0
788.2921155817444	0.046085700000048746	epochs	2.0
788.2921155817444	0.023103999999989355	epochs	3.0
788.3152195817444	0.02298170000005939	epochs	3.0
788.3382012817444	0.045601799999985815	epochs	2.0
788.3382012817444	0.02286069999991014	epochs	3.0
788.3610619817443	0.022741100000075676	epochs	3.0
788.3838030817444	0.04512790000001132	epochs	2.0
788.3838030817444	0.022622500000011314	epochs	3.0
788.4064255817444	0.02250540000000001	epochs	3.0
788.4289309817444	0.044663799999966614	epochs	2.0
788.4289309817444	0.02238929999998618	epochs	3.0
788.4513202817444	0.022274499999980435	epochs	3.0
788.4735947817444	0.04420919999995476	epochs	2.0
788.4735947817444	0.022160799999937808	epochs	3.0
788.4957555817443	0.022048400000016954	epochs	3.0
788.5178039817444	0.043763600000033875	epochs	2.0
788.5178039817444	0.021936900000014248	epochs	3.0
788.5397408817444	0.021826700000019628	epochs	3.0
788.5615675817444	0.04332709999994222	epochs	2.0
788.5615675817444	0.021717599999988124	epochs	3.0
788.5832851817444	0.021609499999954096	epochs	3.0
788.6048946817443	0.04289900000003399	epochs	2.0
788.6048946817443	0.021502500000110558	epochs	3.0
788.6263971817444	0.021396499999923435	epochs	3.0
788.6477936817444	0.042479500000013104	epochs	2.0
788.6477936817444	0.02129170000000613	epochs	3.0
788.6690853817444	0.021187800000006973	epochs	3.0
788.6902731817444	0.042067900000006375	epochs	2.0
788.6902731817444	0.02108490000000529	epochs	3.0
788.7113580817444	0.020983000000001084	epochs	3.0
788.7323410817444	0.04166440000005878	epochs	2.0
788.7323410817444	0.020882199999959994	epochs	3.0
788.7532232817443	0.020782200000098783	epochs	3.0
788.7740054817444	0.04126850000000104	epochs	2.0
788.7740054817444	0.020683299999973315	epochs	3.0
788.7946887817444	0.020585200000027726	epochs	3.0
788.8152739817444	0.040879999999901884	epochs	2.0
788.8152739817444	0.020488099999965925	epochs	3.0
788.8357620817444	0.02039189999993596	epochs	3.0
788.8561539817443	0.04049880000002304	epochs	2.0
788.8561539817443	0.020296600000051512	epochs	3.0
788.8764505817444	0.020202199999971526	epochs	3.0
788.8966527817444	0.04012460000001283	epochs	2.0
788.8966527817444	0.02010870000003706	epochs	3.0
788.9167614817444	0.020015899999975773	epochs	3.0
788.9367773817444	0.03975730000001931	epochs	2.0
788.9367773817444	0.019924199999991288	epochs	3.0
788.9567015817444	0.019833100000028026	epochs	3.0
788.9765346817444	0.03939669999999751	epochs	2.0
788.9765346817444	0.01974299999994855	epochs	3.0
788.9962776817443	0.019653700000048957	epochs	3.0
789.0159313817444	0.03904239999997117	epochs	2.0
789.0159313817444	0.01956510000002254	epochs	3.0
789.0354964817444	0.019477299999948627	epochs	3.0
789.0549737817444	0.03869459999998526	epochs	2.0
789.0549737817444	0.019390400000020236	epochs	3.0
789.0743641817444	0.01930419999996502	epochs	3.0
789.0936683817444	0.03835290000006353	epochs	2.0
789.0936683817444	0.019218799999976	epochs	3.0
789.1128871817443	0.01913410000008753	epochs	3.0
789.1320212817444	0.03801720000001296	epochs	2.0
789.1320212817444	0.01905019999992419	epochs	3.0
789.1510714817443	0.018967000000088774	epochs	3.0
789.1700384817444	0.03768719999993664	epochs	2.0
789.1700384817444	0.018884499999899163	epochs	3.0
789.1889229817443	0.018802700000037476	epochs	3.0
789.2077256817444	0.03736309999999321	epochs	2.0
789.2077256817444	0.018721700000014607	epochs	3.0
789.2264473817444	0.018641399999978603	epochs	3.0
789.2450887817444	0.03704430000004777	epochs	2.0
789.2450887817444	0.01856159999999818	epochs	3.0
789.2636503817444	0.01848270000004959	epochs	3.0
789.2821330817444	0.0367310000000316	epochs	2.0
789.2821330817444	0.018404299999929208	epochs	3.0
789.3005373817443	0.01832670000010239	epochs	3.0
789.3188640817444	0.03642289999993409	epochs	2.0
789.3188640817444	0.018249599999990096	epochs	3.0
789.3371136817444	0.018173299999943993	epochs	3.0
789.3552869817444	0.03612010000006194	epochs	2.0
789.3552869817444	0.0180976000000328	epochs	3.0
789.3733845817444	0.01802250000002914	epochs	3.0
789.3914070817444	0.03582209999990482	epochs	2.0
789.3914070817444	0.017947899999967376	epochs	3.0
789.4093549817444	0.017874199999937446	epochs	3.0
789.4272291817443	0.03552899999999681	epochs	2.0
789.4272291817443	0.017800800000031813	epochs	3.0
789.4450299817444	0.017728199999965	epochs	3.0
789.4627581817443	0.03524070000003121	epochs	2.0
789.4627581817443	0.017656100000067454	epochs	3.0
789.4804142817444	0.017584599999963757	epochs	3.0
789.4979988817444	0.034957100000042374	epochs	2.0
789.4979988817444	0.01751369999999497	epochs	3.0
789.5155125817444	0.017443400000047404	epochs	3.0
789.5329559817444	0.03467790000001969	epochs	2.0
789.5329559817444	0.017373599999928047	epochs	3.0
789.5503295817443	0.017304300000091644	epochs	3.0
789.5676338817444	0.03440330000000813	epochs	2.0
789.5676338817444	0.01723570000001473	epochs	3.0
789.5848695817444	0.0171675999999934	epochs	3.0
789.6020371817444	0.03413279999995211	epochs	2.0
789.6020371817444	0.01709989999994832	epochs	3.0
789.6191370817444	0.017032900000003792	epochs	3.0
789.6361699817444	0.033866699999975935	epochs	2.0
789.6361699817444	0.01696640000000116	epochs	3.0
789.6531363817444	0.016900299999974777	epochs	3.0
789.6700366817444	0.03360459999998966	epochs	2.0
789.6700366817444	0.01683479999996962	epochs	3.0
789.6868714817443	0.01676980000002004	epochs	3.0
789.7036412817444	0.03334660000007261	epochs	2.0
789.7036412817444	0.016705300000012357	epochs	3.0
789.7203465817444	0.016641300000060255	epochs	3.0
789.7369878817444	0.03309249999995245	epochs	2.0
789.7369878817444	0.01657779999993636	epochs	3.0
789.7535656817444	0.01651470000001609	epochs	3.0
789.7700803817444	0.03284229999997024	epochs	2.0
789.7700803817444	0.01645220000000336	epochs	3.0
789.7865325817444	0.01639009999996688	epochs	3.0
789.8029226817443	0.03259570000000167	epochs	2.0
789.8029226817443	0.016328400000020338	epochs	3.0
789.8192510817444	0.016267299999981333	epochs	3.0
789.8355183817444	0.032352899999978035	epochs	2.0
789.8355183817444	0.016206600000032267	epochs	3.0
789.8517249817444	0.016146299999945768	epochs	3.0
789.8678712817443	0.032113700000081735	epochs	2.0
789.8678712817443	0.016086600000107865	epochs	3.0
789.8839578817444	0.01602709999997387	epochs	3.0
789.8999849817444	0.03187800000000607	epochs	2.0
789.8999849817444	0.015968199999974786	epochs	3.0
789.9159531817444	0.015909800000031282	epochs	3.0
789.9318629817444	0.031645700000012766	epochs	2.0
789.9318629817444	0.01585160000001906	epochs	3.0
789.9477145817444	0.015794099999993705	epochs	3.0
789.9635086817444	0.031416699999908815	epochs	2.0
789.9635086817444	0.01573669999993399	epochs	3.0
789.9792453817444	0.015679999999974825	epochs	3.0
789.9949253817443	0.031191100000000915	epochs	2.0
789.9949253817443	0.015623600000026272	epochs	3.0
790.0105489817444	0.015567499999974643	epochs	3.0
790.0261164817443	0.030968700000016725	epochs	2.0
790.0261164817443	0.015512000000057924	epochs	3.0
790.0416284817444	0.0154566999999588	epochs	3.0
790.0570851817444	0.03074950000006993	epochs	2.0
790.0570851817444	0.015401999999994587	epochs	3.0
790.0724871817443	0.015347500000075343	epochs	3.0
790.0878346817444	0.030533199999922545	epochs	2.0
790.0878346817444	0.015293399999904977	epochs	3.0
790.1031280817443	0.015239800000017567	epochs	3.0
790.1183678817443	0.03032010000003993	epochs	2.0
790.1183678817443	0.015186500000027081	epochs	3.0
790.1335543817444	0.015133600000012848	epochs	3.0
790.1486879817444	0.030109899999956724	epochs	2.0
790.1486879817444	0.015081000000009226	epochs	3.0
790.1637689817444	0.015028899999947498	epochs	3.0
790.1787978817443	0.02990250000004835	epochs	2.0
790.1787978817443	0.014977000000044427	epochs	3.0
790.1937748817444	0.014925500000003922	epochs	3.0
790.2087003817444	0.029698100000018712	epochs	2.0
790.2087003817444	0.01487439999993967	epochs	3.0
790.2235747817443	0.014823700000079043	epochs	3.0
790.2383984817444	0.02949630000000525	epochs	2.0
790.2383984817444	0.014773199999922326	epochs	3.0
790.2531716817443	0.014723100000082923	epochs	3.0
790.2678947817444	0.02929740000001857	epochs	2.0
790.2678947817444	0.014673399999992398	epochs	3.0
790.2825681817444	0.014624000000026172	epochs	3.0
790.2971921817444	0.029101099999934377	epochs	2.0
790.2971921817444	0.01457489999995687	epochs	3.0
790.3117670817444	0.014526199999977507	epochs	3.0
790.3262932817444	0.028907399999980044	epochs	2.0
790.3262932817444	0.014477700000043114	epochs	3.0
790.3407709817444	0.014429699999936929	epochs	3.0
790.3552006817443	0.028716200000076242	epochs	2.0
790.3552006817443	0.014381800000023759	epochs	3.0
790.3695824817444	0.014334400000052483	epochs	3.0
790.3839168817444	0.02852759999996124	epochs	2.0
790.3839168817444	0.01428720000001249	epochs	3.0
790.3982040817444	0.01424039999994875	epochs	3.0
790.4124444817444	0.028341400000044814	epochs	2.0
790.4124444817444	0.014193800000043666	epochs	3.0
790.4266382817444	0.014147600000001148	epochs	3.0
790.4407858817444	0.028157699999951546	epochs	2.0
790.4407858817444	0.014101699999969242	epochs	3.0
790.4548875817444	0.014055999999982305	epochs	3.0
790.4689435817444	0.027976299999977527	epochs	2.0
790.4689435817444	0.01401060000000598	epochs	3.0
790.4829541817444	0.013965699999971548	epochs	3.0
790.4969198817444	0.02779720000000907	epochs	2.0
790.4969198817444	0.013920800000050804	epochs	3.0
790.5108406817444	0.013876399999958267	epochs	3.0
790.5247170817444	0.027620400000046175	epochs	2.0
790.5247170817444	0.013832200000024386	epochs	3.0
790.5385492817444	0.013788200000021789	epochs	3.0
790.5523374817444	0.027445899999975154	epochs	2.0
790.5523374817444	0.013744599999995444	epochs	3.0
790.5660820817444	0.01370129999997971	epochs	3.0
790.5797833817444	0.027273499999978412	epochs	2.0
790.5797833817444	0.013658200000008947	epochs	3.0
790.5934415817444	0.013615299999969466	epochs	3.0
790.6070568817444	0.027103399999987232	epochs	2.0
790.6070568817444	0.013572800000019924	epochs	3.0
790.6206296817444	0.013530599999967308	epochs	3.0
790.6341602817444	0.02693520000002536	epochs	2.0
790.6341602817444	0.013488400000028378	epochs	3.0
790.6476486817444	0.013446799999996983	epochs	3.0
790.6610954817444	0.026769199999989723	epochs	2.0
790.6610954817444	0.013405199999965589	epochs	3.0
790.6745006817443	0.013364000000024134	epochs	3.0
790.6878646817444	0.026605200000062723	epochs	2.0
790.6878646817444	0.013322900000048321	epochs	3.0
790.7011875817444	0.013282300000014402	epochs	3.0
790.7144698817444	0.0264431999999033	epochs	2.0
790.7144698817444	0.013241699999980483	epochs	3.0
790.7277115817444	0.013201499999922817	epochs	3.0
790.7409130817443	0.026283200000079887	epochs	2.0
790.7409130817443	0.013161500000023807	epochs	3.0
790.7540745817444	0.01312170000005608	epochs	3.0
790.7671962817444	0.02612499999997908	epochs	2.0
790.7671962817444	0.013082100000019636	epochs	3.0
790.7802783817444	0.013042899999959445	epochs	3.0
790.7933212817444	0.025968899999952555	epochs	2.0
790.7933212817444	0.013003899999944224	epochs	3.0
790.8063251817443	0.012965000000008331	epochs	3.0
790.8192901817443	0.025814500000024054	epochs	2.0
790.8192901817443	0.01292640000008305	epochs	3.0
790.8322165817444	0.012888099999941005	epochs	3.0
790.8451046817444	0.025661900000045534	epochs	2.0
790.8451046817444	0.012849899999991976	epochs	3.0
790.8579545817444	0.012812000000053558	epochs	3.0
790.8707665817444	0.025511199999982637	epochs	2.0
790.8707665817444	0.012774400000012065	epochs	3.0
790.8835409817444	0.012736799999970572	epochs	3.0
790.8962777817444	0.025362299999983406	epochs	2.0
790.8962777817444	0.01269969999998466	epochs	3.0
790.9089774817444	0.012662599999998747	epochs	3.0
790.9216400817444	0.025215000000002874	epochs	2.0
790.9216400817444	0.012625800000023446	epochs	3.0
790.9342658817444	0.012589199999979428	epochs	3.0
790.9468550817444	0.024584799999956886	epochs	2.0
790.9701324817444	0.5	epochs	-1.0
790.9714398817443	0.5116800000000694	epochs	1.0
791.4831198817444	0.4882400000000189	epochs	0.0
805.1849999427795	0.1474399999999605	epochs	0.0
805.1849999427795	0.06872180000004846	epochs	1.0
805.2537217427796	0.009996399999977257	epochs	1.0
805.2637181427796	0.06872179999993477	epochs	1.0
805.3324399427795	2.0	epochs	0.0
807.3324399427795	1.6120799999999917	epochs	0.0
807.3324399427795	1.0	epochs	1.0
807.3324925427795	0.5	epochs	-1.0
807.8324925427795	1.1120273999999881	epochs	-1.0
808.3324399427795	0.6120799999999917	epochs	-1.0
808.3324399427795	0.6120799999999917	epochs	1.0
808.3324399427795	0.6120799999999917	epochs	2.0
808.3324399427795	0.6120799999999917	epochs	3.0
808.9445199427795	20.387840000000097	epochs	0.0
809.920000076294	0.1474399999999605	epochs	0.0
809.920000076294	0.06872180000004846	epochs	1.0
809.988721876294	0.009996399999977257	epochs	1.0
809.998718276294	0.06872179999993477	epochs	1.0
810.0674400762939	2.0	epochs	0.0
812.0674400762939	1.6118400000000292	epochs	0.0
812.0674400762939	1.0	epochs	1.0
812.0674926762939	0.5	epochs	-1.0
812.5674926762939	1.1117874000000256	epochs	-1.0
813.0674400762939	0.6118400000000292	epochs	-1.0
813.0674400762939	0.6118400000000292	epochs	1.0
813.0674400762939	0.6118400000000292	epochs	2.0
813.0674400762939	0.6118400000000292	epochs	3.0
813.6792800762939	20.38808000000006	epochs	0.0
814.6310000419617	0.1474399999999605	epochs	0.0
814.6310000419617	0.06872180000004846	epochs	1.0
814.6997218419617	0.009996399999977257	epochs	1.0
814.7097182419617	0.06872179999993477	epochs	1.0
814.7784400419616	2.0	epochs	0.0
816.7784400419616	1.6727200000000266	epochs	0.0
816.7784400419616	1.0	epochs	1.0
816.7784926419616	0.5	epochs	-1.0
817.2784926419616	1.172667400000023	epochs	-1.0
817.7784400419616	0.6727200000000266	epochs	-1.0
817.7784400419616	0.6727200000000266	epochs	1.0
817.7784400419616	0.6727200000000266	epochs	2.0
817.7784400419616	0.6727200000000266	epochs	3.0
818.4511600419617	20.32720000000006	epochs	0.0
819.4130001068115	0.1474399999999605	epochs	0.0
819.4130001068115	0.06872180000004846	epochs	1.0
819.4817219068116	0.009996399999977257	epochs	1.0
819.4917183068115	0.06872179999993477	epochs	1.0
819.5604401068115	2.0	epochs	0.0
821.5604401068115	5.371759999999995	epochs	0.0
821.5604401068115	1.0	epochs	1.0
821.5604927068115	0.5	epochs	-1.0
822.0604927068115	4.871707399999991	epochs	-1.0
822.5604401068115	4.371759999999995	epochs	1.0
822.5604401068115	4.356753900000058	epochs	-1.0
822.5604401068115	1.9745872000000873	epochs	2.0
822.5604401068115	1.0985622000000603	epochs	3.0
823.6590023068115	0.8760250000000269	epochs	3.0
824.5350273068116	1.352407499999913	epochs	2.0
824.5350273068116	0.7286354999999958	epochs	3.0
825.2636628068116	0.6237719999999172	epochs	3.0
825.8874348068115	1.0297592000000577	epochs	2.0
825.8874348068115	0.5453293000000485	epochs	3.0
826.4327641068115	0.4844299000000092	epochs	3.0
826.9171940068115	0.01500609999993685	epochs	2.0
826.9171940068115	0.01500609999993685	epochs	3.0
826.9322001068115	16.628160000000094	epochs	0.0
827.8880000114441	0.1474399999999605	epochs	0.0
827.8880000114441	0.06872180000004846	epochs	1.0
827.9567218114441	0.009996399999977257	epochs	1.0
827.9667182114441	0.06872179999993477	epochs	1.0
828.035440011444	2.0	epochs	0.0
830.035440011444	21.532400000000052	epochs	0.0
830.035440011444	1.0	epochs	1.0
830.035492611444	0.5	epochs	-1.0
830.535492611444	19.998320000000035	epochs	-1.0
831.035440011444	20.0	epochs	1.0
831.035440011444	4.356753900000058	epochs	-1.0
831.035440011444	1.9745872000000873	epochs	2.0
831.035440011444	1.0985622000000603	epochs	3.0
832.1340022114441	0.8760250000000269	epochs	3.0
833.0100272114441	1.352407499999913	epochs	2.0
833.0100272114441	0.7286354999999958	epochs	3.0
833.7386627114441	0.6237719999999172	epochs	3.0
834.362434711444	1.0297592000000577	epochs	2.0
834.362434711444	0.5453293000000485	epochs	3.0
834.9077640114441	0.4844299000000092	epochs	3.0
835.3921939114441	0.8317862000000105	epochs	2.0
835.3921939114441	0.4357762999999295	epochs	3.0
835.827970211444	0.39600990000008096	epochs	3.0
836.2239801114441	0.6977969999999232	epochs	2.0
836.2239801114441	0.3628982000000178	epochs	3.0
836.5868783114441	0.33489879999990535	epochs	3.0
836.921777111444	0.6010457000000997	epochs	2.0
836.921777111444	0.3109123000000409	epochs	3.0
837.2326894114441	0.2901334000000588	epochs	3.0
837.5228228114441	0.5278859000000011	epochs	2.0
837.5228228114441	0.2719585999999481	epochs	3.0
837.7947814114441	0.25592730000005304	epochs	3.0
838.0507087114441	0.470619299999953	epochs	2.0
838.0507087114441	0.241681299999982	epochs	3.0
838.2923900114441	0.228937999999971	epochs	3.0
838.5213280114441	0.42457039999999324	epochs	2.0
838.5213280114441	0.21747140000002219	epochs	3.0
838.7387994114441	0.20709899999997106	epochs	3.0
838.9458984114441	0.3867354000000205	epochs	2.0
838.9458984114441	0.19767109999997956	epochs	3.0
839.1435695114441	0.18906430000004093	epochs	3.0
839.3326338114441	0.3550953000000163	epochs	2.0
839.3326338114441	0.18117589999997108	epochs	3.0
839.5138097114441	0.17391940000004524	epochs	3.0
839.6877291114441	0.3282431000000088	epochs	2.0
839.6877291114441	0.16722189999995862	epochs	3.0
839.8549510114441	0.16102120000005016	epochs	3.0
840.0159722114441	0.30516799999998057	epochs	2.0
840.0159722114441	0.15526389999990897	epochs	3.0
840.171236111444	0.1499041000000716	epochs	3.0
840.3211402114441	0.28512530000000424	epochs	2.0
840.3211402114441	0.1449020999999675	epochs	3.0
840.4660423114441	0.14022320000003674	epochs	3.0
840.6062655114441	0.2675537999999733	epochs	2.0
840.6062655114441	0.1358368999999584	epochs	3.0
840.7421024114441	0.1317169000000149	epochs	3.0
840.8738193114441	0.2520229000000427	epochs	2.0
840.8738193114441	0.1278393000000051	epochs	3.0
841.0016586114441	0.12418360000003759	epochs	3.0
841.1258422114441	0.23819649999995818	epochs	2.0
841.1258422114441	0.12073109999994358	epochs	3.0
841.2465733114441	0.1174654000000146	epochs	3.0
841.3640387114441	0.2258087999999816	epochs	2.0
841.3640387114441	0.11437190000003739	epochs	3.0
841.4784106114441	0.11143689999994422	epochs	3.0
841.5898475114441	0.2146460000000161	epochs	2.0
841.5898475114441	0.10864890000004834	epochs	3.0
841.6984964114441	0.10599709999996776	epochs	3.0
841.8044935114441	0.20453499999996438	epochs	2.0
841.8044935114441	0.10347149999995509	epochs	3.0
841.907965011444	0.1010635000000093	epochs	3.0
842.0090285114441	0.19533400000000256	epochs	2.0
842.0090285114441	0.09876510000003691	epochs	3.0
842.1077936114441	0.09656889999996565	epochs	3.0
842.2043625114441	0.18692529999998442	epochs	2.0
842.2043625114441	0.09446830000001682	epochs	3.0
842.2988308114441	0.09245699999996759	epochs	3.0
842.391287811444	0.17921069999999872	epochs	2.0
842.391287811444	0.0905296000000817	epochs	3.0
842.4818174114441	0.08868109999991702	epochs	3.0
842.570498511444	0.17210770000008324	epochs	2.0
842.570498511444	0.08690630000000965	epochs	3.0
842.657404811444	0.08520140000007359	epochs	3.0
842.7426062114441	0.1655463999999256	epochs	2.0
842.7426062114441	0.08356189999994967	epochs	3.0
842.8261681114441	0.08198449999997592	epochs	3.0
842.908152611444	0.15946710000002895	epochs	2.0
842.908152611444	0.08046540000009372	epochs	3.0
842.9886180114441	0.07900169999993523	epochs	3.0
843.0676197114441	0.15381839999997737	epochs	2.0
843.0676197114441	0.07759010000006583	epochs	3.0
843.1452098114441	0.07622829999991154	epochs	3.0
843.2214381114441	0.14855640000007497	epochs	2.0
843.2214381114441	0.07491330000004837	epochs	3.0
843.2963514114441	0.0736431000000266	epochs	3.0
843.3699945114441	0.14364239999997608	epochs	2.0
843.3699945114441	0.07241499999997814	epochs	3.0
843.4424095114441	0.07122739999999794	epochs	3.0
843.5136369114441	0.13904309999998077	epochs	2.0
843.5136369114441	0.07007799999996678	epochs	3.0
843.5837149114441	0.06896510000001399	epochs	3.0
843.6526800114441	0.1347293000000036	epochs	2.0
843.6526800114441	0.0678871000000072	epochs	3.0
843.7205671114441	0.06684219999999641	epochs	3.0
843.7874093114441	0.1306752000000415	epochs	2.0
843.7874093114441	0.06582909999997355	epochs	3.0
843.8532384114441	0.06484610000006796	epochs	3.0
843.9180845114441	0.1268577999999252	epochs	2.0
843.9180845114441	0.06389200000000983	epochs	3.0
843.9819765114441	0.06296579999991536	epochs	3.0
844.0449423114441	0.12325720000001184	epochs	2.0
844.0449423114441	0.06206580000002759	epochs	3.0
844.1070081114441	0.06119139999998424	epochs	3.0
844.1681995114441	0.11985540000000583	epochs	2.0
844.1681995114441	0.06034110000007331	epochs	3.0
844.2285406114441	0.05951429999993252	epochs	3.0
844.2880549114441	0.11663620000001629	epochs	2.0
844.2880549114441	0.05870960000004288	epochs	3.0
844.3467645114441	0.057926599999973405	epochs	3.0
844.4046911114441	0.11358559999996487	epochs	2.0
844.4046911114441	0.05716419999998834	epochs	3.0
844.4618553114441	0.05642139999997653	epochs	3.0
844.5182767114441	0.11069050000003244	epochs	2.0
844.5182767114441	0.055697900000041045	epochs	3.0
844.5739746114441	0.0549925999999914	epochs	3.0
844.6289672114441	0.10793909999995321	epochs	2.0
844.6289672114441	0.05430490000003374	epochs	3.0
844.6832721114441	0.053634199999919474	epochs	3.0
844.736906311444	0.10532150000005913	epochs	2.0
844.736906311444	0.05298000000004777	epochs	3.0
844.7898863114441	0.052341500000011365	epochs	3.0
844.8422278114441	0.10282759999995505	epochs	2.0
844.8422278114441	0.05171810000001642	epochs	3.0
844.8939459114441	0.051109499999938635	epochs	3.0
844.9450554114441	0.10044909999999163	epochs	2.0
844.9450554114441	0.050514900000052876	epochs	3.0
844.9955703114441	0.049934199999938755	epochs	3.0
845.045504511444	0.09817830000008598	epochs	2.0
845.045504511444	0.04936659999998483	epochs	3.0
845.094871111444	0.048811700000101155	epochs	3.0
845.1436828114441	0.09600779999993847	epochs	2.0
845.1436828114441	0.04826919999993606	epochs	3.0
845.1919520114441	0.04773860000000241	epochs	3.0
845.2396906114441	0.09393120000004274	epochs	2.0
845.2396906114441	0.04721949999998287	epochs	3.0
845.2869101114441	0.046711700000059864	epochs	3.0
845.3336218114441	0.09194259999992482	epochs	2.0
845.3336218114441	0.046214599999984785	epochs	3.0
845.3798364114441	0.04572799999994004	epochs	3.0
845.425564411444	0.09003630000006524	epochs	2.0
845.425564411444	0.04525150000006306	epochs	3.0
845.4708159114441	0.04478480000000218	epochs	3.0
845.5156007114441	0.08820760000003247	epochs	2.0
845.5156007114441	0.044327800000019124	epochs	3.0
845.5599285114441	0.04387980000001335	epochs	3.0
845.6038083114441	0.0864516999999978	epochs	2.0
845.6038083114441	0.04344099999991613	epochs	3.0
845.647249311444	0.04301070000008167	epochs	3.0
845.6902600114441	0.08476429999996071	epochs	2.0
845.6902600114441	0.04258899999990717	epochs	3.0
845.732849011444	0.04217530000005354	epochs	3.0
845.7750243114441	0.08314150000001064	epochs	2.0
845.7750243114441	0.04176970000003166	epochs	3.0
845.8167940114441	0.041371799999978975	epochs	3.0
845.8581658114441	0.08157970000002024	epochs	2.0
845.8581658114441	0.040981399999964196	epochs	3.0
845.8991472114441	0.04059830000005604	epochs	3.0
845.9397455114441	0.08007549999990715	epochs	2.0
845.9397455114441	0.04022229999998217	epochs	3.0
845.9799678114441	0.03985319999992498	epochs	3.0
846.019821011444	0.07862570000008873	epochs	2.0
846.019821011444	0.039490800000066884	epochs	3.0
846.0593118114441	0.039134900000021844	epochs	3.0
846.0984467114441	0.07722760000001472	epochs	2.0
846.0984467114441	0.03878539999993791	epochs	3.0
846.1372321114441	0.03844220000007681	epochs	3.0
846.1756743114441	0.07587819999992007	epochs	2.0
846.1756743114441	0.03810479999992822	epochs	3.0
846.2137791114441	0.03777339999999185	epochs	3.0
846.2515525114441	0.0745752000000266	epochs	2.0
846.2515525114441	0.03744770000002973	epochs	3.0
846.2890002114441	0.03712749999999687	epochs	3.0
846.3261277114441	0.07331629999998768	epochs	2.0
846.3261277114441	0.036812899999972615	epochs	3.0
846.3629406114441	0.03650340000001506	epochs	3.0
846.3994440114441	0.07209899999998015	epochs	2.0
846.3994440114441	0.03619909999997617	epochs	3.0
846.435643111444	0.03589990000000398	epochs	3.0
846.471543011444	0.07092169999998532	epochs	2.0
846.471543011444	0.03560560000005353	epochs	3.0
846.5071486114441	0.035316099999931794	epochs	3.0
846.542464711444	0.06978200000003199	epochs	2.0
846.542464711444	0.03503120000004856	epochs	3.0
846.5774959114441	0.03475079999998343	epochs	3.0
846.6122467114441	0.06867859999999837	epochs	2.0
846.6122467114441	0.03447510000000875	epochs	3.0
846.6467218114441	0.03420349999998962	epochs	3.0
846.6809253114441	0.06760930000007193	epochs	2.0
846.6809253114441	0.033936199999970995	epochs	3.0
846.714861511444	0.03367310000010093	epochs	3.0
846.7485346114441	0.06657289999998284	epochs	2.0
846.7485346114441	0.03341399999999339	epochs	3.0
846.7819486114441	0.033158899999989444	epochs	3.0
846.8151075114441	0.06556779999993978	epochs	2.0
846.8151075114441	0.032907700000009754	epochs	3.0
846.8480152114441	0.032660099999930026	epochs	3.0
846.8806753114441	0.06459259999996902	epochs	2.0
846.8806753114441	0.032416399999988244	epochs	3.0
846.913091711444	0.03217619999998078	epochs	3.0
846.945267911444	0.06364600000006249	epochs	2.0
846.945267911444	0.031939600000100654	epochs	3.0
846.9772075114441	0.03170639999996183	epochs	3.0
847.0089139114441	0.0627266999999847	epochs	2.0
847.0089139114441	0.03147660000001906	epochs	3.0
847.0403905114441	0.03125009999996564	epochs	3.0
847.0716406114441	0.06183359999999993	epochs	2.0
847.0716406114441	0.031026900000028945	epochs	3.0
847.1026675114441	0.030806699999970988	epochs	3.0
847.1334742114441	0.06096560000003137	epochs	2.0
847.1334742114441	0.030589800000029754	epochs	3.0
847.1640640114441	0.030375800000001618	epochs	3.0
847.1944398114441	0.06012160000000222	epochs	2.0
847.1944398114441	0.03016489999993155	epochs	3.0
847.224604711444	0.02995670000007067	epochs	3.0
847.2545614114441	0.05930069999999432	epochs	2.0
847.2545614114441	0.02975159999994048	epochs	3.0
847.284313011444	0.02954910000005384	epochs	3.0
847.3138621114441	0.05850179999993088	epochs	2.0
847.3138621114441	0.02934940000000097	epochs	3.0
847.3432115114441	0.029152399999929912	epochs	3.0
847.372363911444	0.057724200000052406	epochs	2.0
847.372363911444	0.028958000000102402	epochs	3.0
847.4013219114441	0.028766199999950004	epochs	3.0
847.4300881114441	0.05696709999995164	epochs	2.0
847.4300881114441	0.028577000000041153	epochs	3.0
847.4586651114441	0.02839009999991049	epochs	3.0
847.487055211444	0.056229500000085864	epochs	2.0
847.487055211444	0.028205700000057732	epochs	3.0
847.5152609114441	0.028023800000028132	epochs	3.0
847.5432847114441	0.05551070000001346	epochs	2.0
847.5432847114441	0.027843999999959124	epochs	3.0
847.5711287114441	0.027666700000054334	epochs	3.0
847.5987954114441	0.05481019999990622	epochs	2.0
847.5987954114441	0.02749149999999645	epochs	3.0
847.6262869114441	0.027318699999909768	epochs	3.0
847.653605611444	0.05412699999999404	epochs	2.0
847.653605611444	0.02714780000007977	epochs	3.0
847.6807534114441	0.026979199999914272	epochs	3.0
847.707732611444	0.0534607000000733	epochs	2.0
847.707732611444	0.026812600000084785	epochs	3.0
847.7345452114441	0.026648099999988517	epochs	3.0
847.7611933114441	0.05281070000000909	epochs	2.0
847.7611933114441	0.026485600000000886	epochs	3.0
847.7876789114441	0.026325100000008206	epochs	3.0
847.8140040114441	0.05217619999996259	epochs	2.0
847.8140040114441	0.026166399999965506	epochs	3.0
847.8401704114441	0.026009799999997085	epochs	3.0
847.8661802114441	0.051556699999991906	epochs	2.0
847.8661802114441	0.025854800000047362	epochs	3.0
847.8920350114441	0.025701899999944544	epochs	3.0
847.9177369114441	0.05095189999997274	epochs	2.0
847.9177369114441	0.02555070000005344	epochs	3.0
847.9432876114441	0.0254011999999193	epochs	3.0
847.968688811444	0.05036100000006627	epochs	2.0
847.968688811444	0.0252535000000762	epochs	3.0
847.9939423114441	0.02510749999999007	epochs	3.0
848.0190498114441	0.049783800000000156	epochs	2.0
848.0190498114441	0.02496320000000196	epochs	3.0
848.0440130114441	0.024820599999998194	epochs	3.0
848.0688336114441	0.04921949999993558	epochs	2.0
848.0688336114441	0.024679399999968155	epochs	3.0
848.0935130114441	0.024540099999967424	epochs	3.0
848.118053111444	0.04866790000005494	epochs	2.0
848.118053111444	0.024402100000088467	epochs	3.0
848.1424552114441	0.024265799999966475	epochs	3.0
848.1667210114441	0.048128599999927246	epochs	2.0
848.1667210114441	0.024131000000011227	epochs	3.0
848.1908520114441	0.02399759999991602	epochs	3.0
848.214849611444	0.047601100000065344	epochs	2.0
848.214849611444	0.023865800000066884	epochs	3.0
848.2387154114441	0.02373529999999846	epochs	3.0
848.2624507114441	0.047085000000038235	epochs	2.0
848.2624507114441	0.023606299999983094	epochs	3.0
848.2860570114441	0.02347870000005514	epochs	3.0
848.3095357114441	0.046579999999948996	epochs	2.0
848.3095357114441	0.02335249999998723	epochs	3.0
848.3328882114441	0.023227499999961765	epochs	3.0
848.3561157114441	0.046085700000048746	epochs	2.0
848.3561157114441	0.023103999999989355	epochs	3.0
848.3792197114441	0.02298170000005939	epochs	3.0
848.4022014114441	0.045601799999985815	epochs	2.0
848.4022014114441	0.02286069999991014	epochs	3.0
848.425062111444	0.022741100000075676	epochs	3.0
848.4478032114441	0.04512790000001132	epochs	2.0
848.4478032114441	0.022622500000011314	epochs	3.0
848.4704257114441	0.02250540000000001	epochs	3.0
848.4929311114441	0.044663799999966614	epochs	2.0
848.4929311114441	0.02238929999998618	epochs	3.0
848.5153204114441	0.022274499999980435	epochs	3.0
848.5375949114441	0.04420919999995476	epochs	2.0
848.5375949114441	0.022160799999937808	epochs	3.0
848.559755711444	0.022048400000016954	epochs	3.0
848.5818041114441	0.043763600000033875	epochs	2.0
848.5818041114441	0.021936900000014248	epochs	3.0
848.6037410114441	0.021826700000019628	epochs	3.0
848.6255677114441	0.04332709999994222	epochs	2.0
848.6255677114441	0.021717599999988124	epochs	3.0
848.6472853114441	0.021609499999954096	epochs	3.0
848.668894811444	0.04289900000003399	epochs	2.0
848.668894811444	0.021502500000110558	epochs	3.0
848.6903973114441	0.021396499999923435	epochs	3.0
848.7117938114441	0.042479500000013104	epochs	2.0
848.7117938114441	0.02129170000000613	epochs	3.0
848.7330855114441	0.021187800000006973	epochs	3.0
848.7542733114441	0.042067900000006375	epochs	2.0
848.7542733114441	0.02108490000000529	epochs	3.0
848.7753582114441	0.020983000000001084	epochs	3.0
848.7963412114441	0.04166440000005878	epochs	2.0
848.7963412114441	0.020882199999959994	epochs	3.0
848.817223411444	0.020782200000098783	epochs	3.0
848.8380056114441	0.04126850000000104	epochs	2.0
848.8380056114441	0.020683299999973315	epochs	3.0
848.8586889114441	0.020585200000027726	epochs	3.0
848.8792741114441	0.040879999999901884	epochs	2.0
848.8792741114441	0.020488099999965925	epochs	3.0
848.8997622114441	0.02039189999993596	epochs	3.0
848.920154111444	0.04049880000002304	epochs	2.0
848.920154111444	0.020296600000051512	epochs	3.0
848.9404507114441	0.020202199999971526	epochs	3.0
848.9606529114441	0.04012460000001283	epochs	2.0
848.9606529114441	0.02010870000003706	epochs	3.0
848.9807616114441	0.020015899999975773	epochs	3.0
849.0007775114441	0.03975730000001931	epochs	2.0
849.0007775114441	0.019924199999991288	epochs	3.0
849.0207017114441	0.019833100000028026	epochs	3.0
849.0405348114441	0.03939669999999751	epochs	2.0
849.0405348114441	0.01974299999994855	epochs	3.0
849.060277811444	0.019653700000048957	epochs	3.0
849.0799315114441	0.03904239999997117	epochs	2.0
849.0799315114441	0.01956510000002254	epochs	3.0
849.0994966114441	0.019477299999948627	epochs	3.0
849.1189739114441	0.03869459999998526	epochs	2.0
849.1189739114441	0.019390400000020236	epochs	3.0
849.1383643114441	0.01930419999996502	epochs	3.0
849.1576685114441	0.03835290000006353	epochs	2.0
849.1576685114441	0.019218799999976	epochs	3.0
849.176887311444	0.01913410000008753	epochs	3.0
849.1960214114441	0.03801720000001296	epochs	2.0
849.1960214114441	0.01905019999992419	epochs	3.0
849.215071611444	0.018967000000088774	epochs	3.0
849.2340386114441	0.03768719999993664	epochs	2.0
849.2340386114441	0.018884499999899163	epochs	3.0
849.252923111444	0.018802700000037476	epochs	3.0
849.2717258114441	0.03736309999999321	epochs	2.0
849.2717258114441	0.018721700000014607	epochs	3.0
849.2904475114441	0.018641399999978603	epochs	3.0
849.3090889114441	0.03704430000004777	epochs	2.0
849.3090889114441	0.01856159999999818	epochs	3.0
849.3276505114441	0.01848270000004959	epochs	3.0
849.3461332114441	0.0367310000000316	epochs	2.0
849.3461332114441	0.018404299999929208	epochs	3.0
849.364537511444	0.01832670000010239	epochs	3.0
849.3828642114441	0.03642289999993409	epochs	2.0
849.3828642114441	0.018249599999990096	epochs	3.0
849.4011138114441	0.018173299999943993	epochs	3.0
849.4192871114441	0.03612010000006194	epochs	2.0
849.4192871114441	0.0180976000000328	epochs	3.0
849.4373847114441	0.01802250000002914	epochs	3.0
849.4554072114441	0.03582209999990482	epochs	2.0
849.4554072114441	0.017947899999967376	epochs	3.0
849.4733551114441	0.017874199999937446	epochs	3.0
849.491229311444	0.03552899999999681	epochs	2.0
849.491229311444	0.017800800000031813	epochs	3.0
849.5090301114441	0.017728199999965	epochs	3.0
849.526758311444	0.03524070000003121	epochs	2.0
849.526758311444	0.017656100000067454	epochs	3.0
849.5444144114441	0.017584599999963757	epochs	3.0
849.5619990114441	0.034957100000042374	epochs	2.0
849.5619990114441	0.01751369999999497	epochs	3.0
849.5795127114441	0.017443400000047404	epochs	3.0
849.5969561114441	0.03467790000001969	epochs	2.0
849.5969561114441	0.017373599999928047	epochs	3.0
849.614329711444	0.017304300000091644	epochs	3.0
849.6316340114441	0.03440330000000813	epochs	2.0
849.6316340114441	0.01723570000001473	epochs	3.0
849.6488697114441	0.0171675999999934	epochs	3.0
849.6660373114441	0.03413279999995211	epochs	2.0
849.6660373114441	0.01709989999994832	epochs	3.0
849.6831372114441	0.017032900000003792	epochs	3.0
849.7001701114441	0.033866699999975935	epochs	2.0
849.7001701114441	0.01696640000000116	epochs	3.0
849.7171365114441	0.016900299999974777	epochs	3.0
849.7340368114441	0.03360459999998966	epochs	2.0
849.7340368114441	0.01683479999996962	epochs	3.0
849.750871611444	0.01676980000002004	epochs	3.0
849.7676414114441	0.03334660000007261	epochs	2.0
849.7676414114441	0.016705300000012357	epochs	3.0
849.7843467114441	0.016641300000060255	epochs	3.0
849.8009880114441	0.03309249999995245	epochs	2.0
849.8009880114441	0.01657779999993636	epochs	3.0
849.8175658114441	0.01651470000001609	epochs	3.0
849.8340805114441	0.03284229999997024	epochs	2.0
849.8340805114441	0.01645220000000336	epochs	3.0
849.8505327114441	0.01639009999996688	epochs	3.0
849.866922811444	0.03259570000000167	epochs	2.0
849.866922811444	0.016328400000020338	epochs	3.0
849.8832512114441	0.016267299999981333	epochs	3.0
849.8995185114441	0.032352899999978035	epochs	2.0
849.8995185114441	0.016206600000032267	epochs	3.0
849.9157251114441	0.016146299999945768	epochs	3.0
849.931871411444	0.032113700000081735	epochs	2.0
849.931871411444	0.016086600000107865	epochs	3.0
849.9479580114441	0.01602709999997387	epochs	3.0
849.9639851114441	0.03187800000000607	epochs	2.0
849.9639851114441	0.015968199999974786	epochs	3.0
849.9799533114441	0.015909800000031282	epochs	3.0
849.9958631114441	0.031645700000012766	epochs	2.0
849.9958631114441	0.01585160000001906	epochs	3.0
850.0117147114441	0.015794099999993705	epochs	3.0
850.0275088114441	0.031416699999908815	epochs	2.0
850.0275088114441	0.01573669999993399	epochs	3.0
850.0432455114441	0.015679999999974825	epochs	3.0
850.058925511444	0.031191100000000915	epochs	2.0
850.058925511444	0.015623600000026272	epochs	3.0
850.0745491114441	0.015567499999974643	epochs	3.0
850.090116611444	0.030968700000016725	epochs	2.0
850.090116611444	0.015512000000057924	epochs	3.0
850.1056286114441	0.0154566999999588	epochs	3.0
850.1210853114441	0.03074950000006993	epochs	2.0
850.1210853114441	0.015401999999994587	epochs	3.0
850.1364873114441	0.015347500000075343	epochs	3.0
850.1518348114441	0.030533199999922545	epochs	2.0
850.1518348114441	0.015293399999904977	epochs	3.0
850.167128211444	0.015239800000017567	epochs	3.0
850.182368011444	0.03032010000003993	epochs	2.0
850.182368011444	0.015186500000027081	epochs	3.0
850.1975545114441	0.015133600000012848	epochs	3.0
850.2126881114441	0.030109899999956724	epochs	2.0
850.2126881114441	0.015081000000009226	epochs	3.0
850.2277691114441	0.015028899999947498	epochs	3.0
850.242798011444	0.02990250000004835	epochs	2.0
850.242798011444	0.014977000000044427	epochs	3.0
850.2577750114441	0.014925500000003922	epochs	3.0
850.2727005114441	0.029698100000018712	epochs	2.0
850.2727005114441	0.01487439999993967	epochs	3.0
850.287574911444	0.014823700000079043	epochs	3.0
850.3023986114441	0.02949630000000525	epochs	2.0
850.3023986114441	0.014773199999922326	epochs	3.0
850.317171811444	0.014723100000082923	epochs	3.0
850.3318949114441	0.02929740000001857	epochs	2.0
850.3318949114441	0.014673399999992398	epochs	3.0
850.3465683114441	0.014624000000026172	epochs	3.0
850.3611923114441	0.029101099999934377	epochs	2.0
850.3611923114441	0.01457489999995687	epochs	3.0
850.3757672114441	0.014526199999977507	epochs	3.0
850.3902934114441	0.028907399999980044	epochs	2.0
850.3902934114441	0.014477700000043114	epochs	3.0
850.4047711114441	0.014429699999936929	epochs	3.0
850.4192008114441	0.028716200000076242	epochs	2.0
850.4192008114441	0.014381800000023759	epochs	3.0
850.4335826114441	0.014334400000052483	epochs	3.0
850.4479170114441	0.02852759999996124	epochs	2.0
850.4479170114441	0.01428720000001249	epochs	3.0
850.4622042114441	0.01424039999994875	epochs	3.0
850.4764446114441	0.028341400000044814	epochs	2.0
850.4764446114441	0.014193800000043666	epochs	3.0
850.4906384114441	0.014147600000001148	epochs	3.0
850.5047860114441	0.028157699999951546	epochs	2.0
850.5047860114441	0.014101699999969242	epochs	3.0
850.5188877114441	0.014055999999982305	epochs	3.0
850.5329437114441	0.027976299999977527	epochs	2.0
850.5329437114441	0.01401060000000598	epochs	3.0
850.5469543114441	0.013965699999971548	epochs	3.0
850.5609200114441	0.02779720000000907	epochs	2.0
850.5609200114441	0.013920800000050804	epochs	3.0
850.5748408114441	0.013876399999958267	epochs	3.0
850.5887172114441	0.027620400000046175	epochs	2.0
850.5887172114441	0.013832200000024386	epochs	3.0
850.6025494114441	0.013788200000021789	epochs	3.0
850.6163376114441	0.027445899999975154	epochs	2.0
850.6163376114441	0.013744599999995444	epochs	3.0
850.6300822114441	0.01370129999997971	epochs	3.0
850.6437835114441	0.027273499999978412	epochs	2.0
850.6437835114441	0.013658200000008947	epochs	3.0
850.6574417114441	0.013615299999969466	epochs	3.0
850.6710570114441	0.027103399999987232	epochs	2.0
850.6710570114441	0.013572800000019924	epochs	3.0
850.6846298114441	0.013530599999967308	epochs	3.0
850.6981604114441	0.02693520000002536	epochs	2.0
850.6981604114441	0.013488400000028378	epochs	3.0
850.7116488114441	0.013446799999996983	epochs	3.0
850.7250956114441	0.026769199999989723	epochs	2.0
850.7250956114441	0.013405199999965589	epochs	3.0
850.738500811444	0.013364000000024134	epochs	3.0
850.7518648114441	0.026605200000062723	epochs	2.0
850.7518648114441	0.013322900000048321	epochs	3.0
850.7651877114441	0.013282300000014402	epochs	3.0
850.7784700114441	0.0264431999999033	epochs	2.0
850.7784700114441	0.013241699999980483	epochs	3.0
850.7917117114441	0.013201499999922817	epochs	3.0
850.804913211444	0.026283200000079887	epochs	2.0
850.804913211444	0.013161500000023807	epochs	3.0
850.8180747114441	0.01312170000005608	epochs	3.0
850.8311964114441	0.02612499999997908	epochs	2.0
850.8311964114441	0.013082100000019636	epochs	3.0
850.8442785114441	0.013042899999959445	epochs	3.0
850.8573214114441	0.025968899999952555	epochs	2.0
850.8573214114441	0.013003899999944224	epochs	3.0
850.870325311444	0.012965000000008331	epochs	3.0
850.8832903114441	0.025814500000024054	epochs	2.0
850.8832903114441	0.01292640000008305	epochs	3.0
850.8962167114441	0.012888099999941005	epochs	3.0
850.9091048114441	0.025661900000045534	epochs	2.0
850.9091048114441	0.012849899999991976	epochs	3.0
850.9219547114441	0.012812000000053558	epochs	3.0
850.9347667114441	0.025511199999982637	epochs	2.0
850.9347667114441	0.012774400000012065	epochs	3.0
850.9475411114441	0.012736799999970572	epochs	3.0
850.9602779114441	0.025362299999983406	epochs	2.0
850.9602779114441	0.01269969999998466	epochs	3.0
850.9729776114441	0.012662599999998747	epochs	3.0
850.9856402114441	0.025215000000002874	epochs	2.0
850.9856402114441	0.012625800000023446	epochs	3.0
850.9982660114441	0.012589199999979428	epochs	3.0
851.0108552114441	0.024584799999956886	epochs	2.0
851.0338126114441	0.5	epochs	-1.0
851.035440011444	0.5324000000000524	epochs	1.0
851.5678400114441	0.4675200000000359	epochs	0.0
852.5900001525879	0.1474399999999605	epochs	0.0
852.5900001525879	0.06872180000004846	epochs	1.0
852.6587219525879	0.009996399999977257	epochs	1.0
852.6687183525879	0.06872179999993477	epochs	1.0
852.7374401525879	2.0	epochs	0.0
854.7374401525879	21.99992000000009	epochs	0.0
854.7374401525879	1.0	epochs	1.0
854.7374927525879	0.5	epochs	-1.0
855.2374927525879	19.998320000000035	epochs	-1.0
855.7374401525879	20.0	epochs	1.0
855.7374401525879	4.356753900000058	epochs	-1.0
855.7374401525879	1.9745872000000873	epochs	2.0
855.7374401525879	1.0985622000000603	epochs	3.0
856.8360023525879	0.8760250000000269	epochs	3.0
857.7120273525879	1.352407499999913	epochs	2.0
857.7120273525879	0.7286354999999958	epochs	3.0
858.4406628525879	0.6237719999999172	epochs	3.0
859.0644348525879	1.0297592000000577	epochs	2.0
859.0644348525879	0.5453293000000485	epochs	3.0
859.6097641525879	0.4844299000000092	epochs	3.0
860.0941940525879	0.8317862000000105	epochs	2.0
860.0941940525879	0.4357762999999295	epochs	3.0
860.5299703525878	0.39600990000008096	epochs	3.0
860.9259802525879	0.6977969999999232	epochs	2.0
860.9259802525879	0.3628982000000178	epochs	3.0
861.2888784525879	0.33489879999990535	epochs	3.0
861.6237772525878	0.6010457000000997	epochs	2.0
861.6237772525878	0.3109123000000409	epochs	3.0
861.9346895525879	0.2901334000000588	epochs	3.0
862.2248229525879	0.5278859000000011	epochs	2.0
862.2248229525879	0.2719585999999481	epochs	3.0
862.4967815525879	0.25592730000005304	epochs	3.0
862.752708852588	0.470619299999953	epochs	2.0
862.752708852588	0.241681299999982	epochs	3.0
862.9943901525879	0.228937999999971	epochs	3.0
863.2233281525879	0.42457039999999324	epochs	2.0
863.2233281525879	0.21747140000002219	epochs	3.0
863.4407995525879	0.20709899999997106	epochs	3.0
863.6478985525879	0.3867354000000205	epochs	2.0
863.6478985525879	0.19767109999997956	epochs	3.0
863.8455696525879	0.18906430000004093	epochs	3.0
864.0346339525879	0.3550953000000163	epochs	2.0
864.0346339525879	0.18117589999997108	epochs	3.0
864.2158098525879	0.17391940000004524	epochs	3.0
864.3897292525879	0.3282431000000088	epochs	2.0
864.3897292525879	0.16722189999995862	epochs	3.0
864.5569511525879	0.16102120000005016	epochs	3.0
864.7179723525879	0.30516799999998057	epochs	2.0
864.7179723525879	0.15526389999990897	epochs	3.0
864.8732362525878	0.1499041000000716	epochs	3.0
865.0231403525879	0.28512530000000424	epochs	2.0
865.0231403525879	0.1449020999999675	epochs	3.0
865.1680424525879	0.14022320000003674	epochs	3.0
865.3082656525879	0.2675537999999733	epochs	2.0
865.3082656525879	0.1358368999999584	epochs	3.0
865.4441025525879	0.1317169000000149	epochs	3.0
865.5758194525879	0.2520229000000427	epochs	2.0
865.5758194525879	0.1278393000000051	epochs	3.0
865.7036587525879	0.12418360000003759	epochs	3.0
865.8278423525879	0.23819649999995818	epochs	2.0
865.8278423525879	0.12073109999994358	epochs	3.0
865.9485734525879	0.1174654000000146	epochs	3.0
866.0660388525879	0.2258087999999816	epochs	2.0
866.0660388525879	0.11437190000003739	epochs	3.0
866.1804107525879	0.11143689999994422	epochs	3.0
866.2918476525879	0.2146460000000161	epochs	2.0
866.2918476525879	0.10864890000004834	epochs	3.0
866.4004965525879	0.10599709999996776	epochs	3.0
866.5064936525879	0.20453499999996438	epochs	2.0
866.5064936525879	0.10347149999995509	epochs	3.0
866.6099651525878	0.1010635000000093	epochs	3.0
866.7110286525879	0.19533400000000256	epochs	2.0
866.7110286525879	0.09876510000003691	epochs	3.0
866.8097937525879	0.09656889999996565	epochs	3.0
866.9063626525879	0.18692529999998442	epochs	2.0
866.9063626525879	0.09446830000001682	epochs	3.0
867.0008309525879	0.09245699999996759	epochs	3.0
867.0932879525878	0.17921069999999872	epochs	2.0
867.0932879525878	0.0905296000000817	epochs	3.0
867.1838175525879	0.08868109999991702	epochs	3.0
867.2724986525878	0.17210770000008324	epochs	2.0
867.2724986525878	0.08690630000000965	epochs	3.0
867.3594049525879	0.08520140000007359	epochs	3.0
867.4446063525879	0.1655463999999256	epochs	2.0
867.4446063525879	0.08356189999994967	epochs	3.0
867.5281682525879	0.08198449999997592	epochs	3.0
867.6101527525879	0.15946710000002895	epochs	2.0
867.6101527525879	0.08046540000009372	epochs	3.0
867.690618152588	0.07900169999993523	epochs	3.0
867.7696198525879	0.15381839999997737	epochs	2.0
867.7696198525879	0.07759010000006583	epochs	3.0
867.847209952588	0.07622829999991154	epochs	3.0
867.9234382525879	0.14855640000007497	epochs	2.0
867.9234382525879	0.07491330000004837	epochs	3.0
867.9983515525879	0.0736431000000266	epochs	3.0
868.0719946525879	0.14364239999997608	epochs	2.0
868.0719946525879	0.07241499999997814	epochs	3.0
868.1444096525879	0.07122739999999794	epochs	3.0
868.2156370525879	0.13904309999998077	epochs	2.0
868.2156370525879	0.07007799999996678	epochs	3.0
868.2857150525879	0.06896510000001399	epochs	3.0
868.3546801525879	0.1347293000000036	epochs	2.0
868.3546801525879	0.0678871000000072	epochs	3.0
868.4225672525879	0.06684219999999641	epochs	3.0
868.4894094525879	0.1306752000000415	epochs	2.0
868.4894094525879	0.06582909999997355	epochs	3.0
868.5552385525879	0.06484610000006796	epochs	3.0
868.6200846525879	0.1268577999999252	epochs	2.0
868.6200846525879	0.06389200000000983	epochs	3.0
868.683976652588	0.06296579999991536	epochs	3.0
868.7469424525879	0.12325720000001184	epochs	2.0
868.7469424525879	0.06206580000002759	epochs	3.0
868.8090082525879	0.06119139999998424	epochs	3.0
868.8701996525879	0.11985540000000583	epochs	2.0
868.8701996525879	0.06034110000007331	epochs	3.0
868.930540752588	0.05951429999993252	epochs	3.0
868.9900550525879	0.11663620000001629	epochs	2.0
868.9900550525879	0.05870960000004288	epochs	3.0
869.0487646525879	0.057926599999973405	epochs	3.0
869.1066912525879	0.11358559999996487	epochs	2.0
869.1066912525879	0.05716419999998834	epochs	3.0
869.1638554525879	0.05642139999997653	epochs	3.0
869.2202768525879	0.11069050000003244	epochs	2.0
869.2202768525879	0.055697900000041045	epochs	3.0
869.2759747525879	0.0549925999999914	epochs	3.0
869.3309673525879	0.10793909999995321	epochs	2.0
869.3309673525879	0.05430490000003374	epochs	3.0
869.3852722525879	0.053634199999919474	epochs	3.0
869.4389064525878	0.10532150000005913	epochs	2.0
869.4389064525878	0.05298000000004777	epochs	3.0
869.4918864525879	0.052341500000011365	epochs	3.0
869.5442279525879	0.10282759999995505	epochs	2.0
869.5442279525879	0.05171810000001642	epochs	3.0
869.5959460525879	0.051109499999938635	epochs	3.0
869.6470555525879	0.10044909999999163	epochs	2.0
869.6470555525879	0.050514900000052876	epochs	3.0
869.6975704525879	0.049934199999938755	epochs	3.0
869.7475046525878	0.09817830000008598	epochs	2.0
869.7475046525878	0.04936659999998483	epochs	3.0
869.7968712525878	0.048811700000101155	epochs	3.0
869.8456829525879	0.09600779999993847	epochs	2.0
869.8456829525879	0.04826919999993606	epochs	3.0
869.8939521525879	0.04773860000000241	epochs	3.0
869.9416907525879	0.09393120000004274	epochs	2.0
869.9416907525879	0.04721949999998287	epochs	3.0
869.9889102525879	0.046711700000059864	epochs	3.0
870.0356219525879	0.09194259999992482	epochs	2.0
870.0356219525879	0.046214599999984785	epochs	3.0
870.0818365525879	0.04572799999994004	epochs	3.0
870.1275645525878	0.09003630000006524	epochs	2.0
870.1275645525878	0.04525150000006306	epochs	3.0
870.1728160525879	0.04478480000000218	epochs	3.0
870.2176008525879	0.08820760000003247	epochs	2.0
870.2176008525879	0.044327800000019124	epochs	3.0
870.2619286525879	0.04387980000001335	epochs	3.0
870.3058084525879	0.0864516999999978	epochs	2.0
870.3058084525879	0.04344099999991613	epochs	3.0
870.3492494525879	0.04301070000008167	epochs	3.0
870.3922601525879	0.08476429999996071	epochs	2.0
870.3922601525879	0.04258899999990717	epochs	3.0
870.4348491525878	0.04217530000005354	epochs	3.0
870.4770244525879	0.08314150000001064	epochs	2.0
870.4770244525879	0.04176970000003166	epochs	3.0
870.5187941525879	0.041371799999978975	epochs	3.0
870.5601659525879	0.08157970000002024	epochs	2.0
870.5601659525879	0.040981399999964196	epochs	3.0
870.6011473525879	0.04059830000005604	epochs	3.0
870.6417456525879	0.08007549999990715	epochs	2.0
870.6417456525879	0.04022229999998217	epochs	3.0
870.6819679525879	0.03985319999992498	epochs	3.0
870.7218211525878	0.07862570000008873	epochs	2.0
870.7218211525878	0.039490800000066884	epochs	3.0
870.7613119525879	0.039134900000021844	epochs	3.0
870.8004468525879	0.07722760000001472	epochs	2.0
870.8004468525879	0.03878539999993791	epochs	3.0
870.8392322525879	0.03844220000007681	epochs	3.0
870.8776744525879	0.07587819999992007	epochs	2.0
870.8776744525879	0.03810479999992822	epochs	3.0
870.9157792525879	0.03777339999999185	epochs	3.0
870.9535526525879	0.0745752000000266	epochs	2.0
870.9535526525879	0.03744770000002973	epochs	3.0
870.9910003525879	0.03712749999999687	epochs	3.0
871.0281278525879	0.07331629999998768	epochs	2.0
871.0281278525879	0.036812899999972615	epochs	3.0
871.0649407525879	0.03650340000001506	epochs	3.0
871.1014441525879	0.07209899999998015	epochs	2.0
871.1014441525879	0.03619909999997617	epochs	3.0
871.1376432525878	0.03589990000000398	epochs	3.0
871.1735431525879	0.07092169999998532	epochs	2.0
871.1735431525879	0.03560560000005353	epochs	3.0
871.2091487525879	0.035316099999931794	epochs	3.0
871.2444648525878	0.06978200000003199	epochs	2.0
871.2444648525878	0.03503120000004856	epochs	3.0
871.2794960525879	0.03475079999998343	epochs	3.0
871.3142468525879	0.06867859999999837	epochs	2.0
871.3142468525879	0.03447510000000875	epochs	3.0
871.3487219525879	0.03420349999998962	epochs	3.0
871.3829254525879	0.06760930000007193	epochs	2.0
871.3829254525879	0.033936199999970995	epochs	3.0
871.4168616525878	0.03367310000010093	epochs	3.0
871.4505347525879	0.06657289999998284	epochs	2.0
871.4505347525879	0.03341399999999339	epochs	3.0
871.4839487525879	0.033158899999989444	epochs	3.0
871.5171076525879	0.06556779999993978	epochs	2.0
871.5171076525879	0.032907700000009754	epochs	3.0
871.5500153525879	0.032660099999930026	epochs	3.0
871.5826754525879	0.06459259999996902	epochs	2.0
871.5826754525879	0.032416399999988244	epochs	3.0
871.6150918525879	0.03217619999998078	epochs	3.0
871.6472680525878	0.06364600000006249	epochs	2.0
871.6472680525878	0.031939600000100654	epochs	3.0
871.6792076525879	0.03170639999996183	epochs	3.0
871.7109140525879	0.0627266999999847	epochs	2.0
871.7109140525879	0.03147660000001906	epochs	3.0
871.7423906525879	0.03125009999996564	epochs	3.0
871.7736407525879	0.06183359999999993	epochs	2.0
871.7736407525879	0.031026900000028945	epochs	3.0
871.8046676525879	0.030806699999970988	epochs	3.0
871.8354743525879	0.06096560000003137	epochs	2.0
871.8354743525879	0.030589800000029754	epochs	3.0
871.8660641525879	0.030375800000001618	epochs	3.0
871.8964399525879	0.06012160000000222	epochs	2.0
871.8964399525879	0.03016489999993155	epochs	3.0
871.9266048525878	0.02995670000007067	epochs	3.0
871.9565615525879	0.05930069999999432	epochs	2.0
871.9565615525879	0.02975159999994048	epochs	3.0
871.9863131525879	0.02954910000005384	epochs	3.0
872.0158622525879	0.05850179999993088	epochs	2.0
872.0158622525879	0.02934940000000097	epochs	3.0
872.0452116525879	0.029152399999929912	epochs	3.0
872.0743640525878	0.057724200000052406	epochs	2.0
872.0743640525878	0.028958000000102402	epochs	3.0
872.1033220525879	0.028766199999950004	epochs	3.0
872.1320882525879	0.05696709999995164	epochs	2.0
872.1320882525879	0.028577000000041153	epochs	3.0
872.1606652525879	0.02839009999991049	epochs	3.0
872.1890553525878	0.056229500000085864	epochs	2.0
872.1890553525878	0.028205700000057732	epochs	3.0
872.2172610525879	0.028023800000028132	epochs	3.0
872.2452848525879	0.05551070000001346	epochs	2.0
872.2452848525879	0.027843999999959124	epochs	3.0
872.2731288525879	0.027666700000054334	epochs	3.0
872.3007955525879	0.05481019999990622	epochs	2.0
872.3007955525879	0.02749149999999645	epochs	3.0
872.3282870525879	0.027318699999909768	epochs	3.0
872.3556057525878	0.05412699999999404	epochs	2.0
872.3556057525878	0.02714780000007977	epochs	3.0
872.3827535525879	0.026979199999914272	epochs	3.0
872.4097327525878	0.0534607000000733	epochs	2.0
872.4097327525878	0.026812600000084785	epochs	3.0
872.4365453525879	0.026648099999988517	epochs	3.0
872.4631934525879	0.05281070000000909	epochs	2.0
872.4631934525879	0.026485600000000886	epochs	3.0
872.4896790525879	0.026325100000008206	epochs	3.0
872.5160041525879	0.05217619999996259	epochs	2.0
872.5160041525879	0.026166399999965506	epochs	3.0
872.5421705525879	0.026009799999997085	epochs	3.0
872.5681803525879	0.051556699999991906	epochs	2.0
872.5681803525879	0.025854800000047362	epochs	3.0
872.5940351525879	0.025701899999944544	epochs	3.0
872.6197370525879	0.05095189999997274	epochs	2.0
872.6197370525879	0.02555070000005344	epochs	3.0
872.6452877525879	0.0254011999999193	epochs	3.0
872.6706889525879	0.05036100000006627	epochs	2.0
872.6706889525879	0.0252535000000762	epochs	3.0
872.6959424525879	0.02510749999999007	epochs	3.0
872.7210499525879	0.049783800000000156	epochs	2.0
872.7210499525879	0.02496320000000196	epochs	3.0
872.7460131525879	0.024820599999998194	epochs	3.0
872.7708337525879	0.04921949999993558	epochs	2.0
872.7708337525879	0.024679399999968155	epochs	3.0
872.7955131525879	0.024540099999967424	epochs	3.0
872.8200532525879	0.04866790000005494	epochs	2.0
872.8200532525879	0.024402100000088467	epochs	3.0
872.8444553525879	0.024265799999966475	epochs	3.0
872.8687211525879	0.048128599999927246	epochs	2.0
872.8687211525879	0.024131000000011227	epochs	3.0
872.8928521525879	0.02399759999991602	epochs	3.0
872.9168497525878	0.047601100000065344	epochs	2.0
872.9168497525878	0.023865800000066884	epochs	3.0
872.9407155525879	0.02373529999999846	epochs	3.0
872.9644508525879	0.047085000000038235	epochs	2.0
872.9644508525879	0.023606299999983094	epochs	3.0
872.9880571525879	0.02347870000005514	epochs	3.0
873.0115358525879	0.046579999999948996	epochs	2.0
873.0115358525879	0.02335249999998723	epochs	3.0
873.0348883525879	0.023227499999961765	epochs	3.0
873.0581158525879	0.046085700000048746	epochs	2.0
873.0581158525879	0.023103999999989355	epochs	3.0
873.0812198525879	0.02298170000005939	epochs	3.0
873.1042015525879	0.045601799999985815	epochs	2.0
873.1042015525879	0.02286069999991014	epochs	3.0
873.1270622525878	0.022741100000075676	epochs	3.0
873.1498033525879	0.04512790000001132	epochs	2.0
873.1498033525879	0.022622500000011314	epochs	3.0
873.1724258525879	0.02250540000000001	epochs	3.0
873.1949312525879	0.044663799999966614	epochs	2.0
873.1949312525879	0.02238929999998618	epochs	3.0
873.2173205525879	0.022274499999980435	epochs	3.0
873.2395950525879	0.04420919999995476	epochs	2.0
873.2395950525879	0.022160799999937808	epochs	3.0
873.2617558525878	0.022048400000016954	epochs	3.0
873.2838042525879	0.043763600000033875	epochs	2.0
873.2838042525879	0.021936900000014248	epochs	3.0
873.3057411525879	0.021826700000019628	epochs	3.0
873.3275678525879	0.04332709999994222	epochs	2.0
873.3275678525879	0.021717599999988124	epochs	3.0
873.3492854525879	0.021609499999954096	epochs	3.0
873.3708949525878	0.04289900000003399	epochs	2.0
873.3708949525878	0.021502500000110558	epochs	3.0
873.3923974525879	0.021396499999923435	epochs	3.0
873.4137939525879	0.042479500000013104	epochs	2.0
873.4137939525879	0.02129170000000613	epochs	3.0
873.4350856525879	0.021187800000006973	epochs	3.0
873.4562734525879	0.042067900000006375	epochs	2.0
873.4562734525879	0.02108490000000529	epochs	3.0
873.4773583525879	0.020983000000001084	epochs	3.0
873.4983413525879	0.04166440000005878	epochs	2.0
873.4983413525879	0.020882199999959994	epochs	3.0
873.5192235525878	0.020782200000098783	epochs	3.0
873.540005752588	0.04126850000000104	epochs	2.0
873.540005752588	0.020683299999973315	epochs	3.0
873.5606890525879	0.020585200000027726	epochs	3.0
873.581274252588	0.040879999999901884	epochs	2.0
873.581274252588	0.020488099999965925	epochs	3.0
873.6017623525879	0.02039189999993596	epochs	3.0
873.6221542525878	0.04049880000002304	epochs	2.0
873.6221542525878	0.020296600000051512	epochs	3.0
873.6424508525879	0.020202199999971526	epochs	3.0
873.6626530525879	0.04012460000001283	epochs	2.0
873.6626530525879	0.02010870000003706	epochs	3.0
873.6827617525879	0.020015899999975773	epochs	3.0
873.7027776525879	0.03975730000001931	epochs	2.0
873.7027776525879	0.019924199999991288	epochs	3.0
873.7227018525879	0.019833100000028026	epochs	3.0
873.7425349525879	0.03939669999999751	epochs	2.0
873.7425349525879	0.01974299999994855	epochs	3.0
873.7622779525879	0.019653700000048957	epochs	3.0
873.7819316525879	0.03904239999997117	epochs	2.0
873.7819316525879	0.01956510000002254	epochs	3.0
873.8014967525879	0.019477299999948627	epochs	3.0
873.8209740525879	0.03869459999998526	epochs	2.0
873.8209740525879	0.019390400000020236	epochs	3.0
873.8403644525879	0.01930419999996502	epochs	3.0
873.8596686525879	0.03835290000006353	epochs	2.0
873.8596686525879	0.019218799999976	epochs	3.0
873.8788874525878	0.01913410000008753	epochs	3.0
873.8980215525879	0.03801720000001296	epochs	2.0
873.8980215525879	0.01905019999992419	epochs	3.0
873.9170717525878	0.018967000000088774	epochs	3.0
873.9360387525879	0.03768719999993664	epochs	2.0
873.9360387525879	0.018884499999899163	epochs	3.0
873.9549232525878	0.018802700000037476	epochs	3.0
873.9737259525879	0.03736309999999321	epochs	2.0
873.9737259525879	0.018721700000014607	epochs	3.0
873.9924476525879	0.018641399999978603	epochs	3.0
874.0110890525879	0.03704430000004777	epochs	2.0
874.0110890525879	0.01856159999999818	epochs	3.0
874.0296506525879	0.01848270000004959	epochs	3.0
874.0481333525879	0.0367310000000316	epochs	2.0
874.0481333525879	0.018404299999929208	epochs	3.0
874.0665376525878	0.01832670000010239	epochs	3.0
874.0848643525879	0.03642289999993409	epochs	2.0
874.0848643525879	0.018249599999990096	epochs	3.0
874.1031139525879	0.018173299999943993	epochs	3.0
874.1212872525879	0.03612010000006194	epochs	2.0
874.1212872525879	0.0180976000000328	epochs	3.0
874.1393848525879	0.01802250000002914	epochs	3.0
874.1574073525879	0.03582209999990482	epochs	2.0
874.1574073525879	0.017947899999967376	epochs	3.0
874.1753552525879	0.017874199999937446	epochs	3.0
874.1932294525878	0.03552899999999681	epochs	2.0
874.1932294525878	0.017800800000031813	epochs	3.0
874.2110302525879	0.017728199999965	epochs	3.0
874.2287584525878	0.03524070000003121	epochs	2.0
874.2287584525878	0.017656100000067454	epochs	3.0
874.2464145525879	0.017584599999963757	epochs	3.0
874.2639991525879	0.034957100000042374	epochs	2.0
874.2639991525879	0.01751369999999497	epochs	3.0
874.2815128525879	0.017443400000047404	epochs	3.0
874.2989562525879	0.03467790000001969	epochs	2.0
874.2989562525879	0.017373599999928047	epochs	3.0
874.3163298525878	0.017304300000091644	epochs	3.0
874.3336341525879	0.03440330000000813	epochs	2.0
874.3336341525879	0.01723570000001473	epochs	3.0
874.350869852588	0.0171675999999934	epochs	3.0
874.3680374525879	0.03413279999995211	epochs	2.0
874.3680374525879	0.01709989999994832	epochs	3.0
874.3851373525879	0.017032900000003792	epochs	3.0
874.4021702525879	0.033866699999975935	epochs	2.0
874.4021702525879	0.01696640000000116	epochs	3.0
874.4191366525879	0.016900299999974777	epochs	3.0
874.4360369525879	0.03360459999998966	epochs	2.0
874.4360369525879	0.01683479999996962	epochs	3.0
874.4528717525878	0.01676980000002004	epochs	3.0
874.4696415525879	0.03334660000007261	epochs	2.0
874.4696415525879	0.016705300000012357	epochs	3.0
874.4863468525879	0.016641300000060255	epochs	3.0
874.5029881525879	0.03309249999995245	epochs	2.0
874.5029881525879	0.01657779999993636	epochs	3.0
874.5195659525879	0.01651470000001609	epochs	3.0
874.5360806525879	0.03284229999997024	epochs	2.0
874.5360806525879	0.01645220000000336	epochs	3.0
874.5525328525879	0.01639009999996688	epochs	3.0
874.5689229525879	0.03259570000000167	epochs	2.0
874.5689229525879	0.016328400000020338	epochs	3.0
874.5852513525879	0.016267299999981333	epochs	3.0
874.6015186525879	0.032352899999978035	epochs	2.0
874.6015186525879	0.016206600000032267	epochs	3.0
874.6177252525879	0.016146299999945768	epochs	3.0
874.6338715525878	0.032113700000081735	epochs	2.0
874.6338715525878	0.016086600000107865	epochs	3.0
874.6499581525879	0.01602709999997387	epochs	3.0
874.6659852525879	0.03187800000000607	epochs	2.0
874.6659852525879	0.015968199999974786	epochs	3.0
874.6819534525879	0.015909800000031282	epochs	3.0
874.6978632525879	0.031645700000012766	epochs	2.0
874.6978632525879	0.01585160000001906	epochs	3.0
874.7137148525879	0.015794099999993705	epochs	3.0
874.7295089525879	0.031416699999908815	epochs	2.0
874.7295089525879	0.01573669999993399	epochs	3.0
874.7452456525879	0.015679999999974825	epochs	3.0
874.7609256525878	0.031191100000000915	epochs	2.0
874.7609256525878	0.015623600000026272	epochs	3.0
874.7765492525879	0.015567499999974643	epochs	3.0
874.7921167525878	0.030968700000016725	epochs	2.0
874.7921167525878	0.015512000000057924	epochs	3.0
874.8076287525879	0.0154566999999588	epochs	3.0
874.8230854525879	0.03074950000006993	epochs	2.0
874.8230854525879	0.015401999999994587	epochs	3.0
874.8384874525879	0.015347500000075343	epochs	3.0
874.8538349525879	0.030533199999922545	epochs	2.0
874.8538349525879	0.015293399999904977	epochs	3.0
874.8691283525878	0.015239800000017567	epochs	3.0
874.8843681525879	0.03032010000003993	epochs	2.0
874.8843681525879	0.015186500000027081	epochs	3.0
874.8995546525879	0.015133600000012848	epochs	3.0
874.9146882525879	0.030109899999956724	epochs	2.0
874.9146882525879	0.015081000000009226	epochs	3.0
874.9297692525879	0.015028899999947498	epochs	3.0
874.9447981525879	0.02990250000004835	epochs	2.0
874.9447981525879	0.014977000000044427	epochs	3.0
874.9597751525879	0.014925500000003922	epochs	3.0
874.9747006525879	0.029698100000018712	epochs	2.0
874.9747006525879	0.01487439999993967	epochs	3.0
874.9895750525878	0.014823700000079043	epochs	3.0
875.0043987525879	0.02949630000000525	epochs	2.0
875.0043987525879	0.014773199999922326	epochs	3.0
875.0191719525878	0.014723100000082923	epochs	3.0
875.0338950525879	0.02929740000001857	epochs	2.0
875.0338950525879	0.014673399999992398	epochs	3.0
875.0485684525879	0.014624000000026172	epochs	3.0
875.0631924525879	0.029101099999934377	epochs	2.0
875.0631924525879	0.01457489999995687	epochs	3.0
875.0777673525879	0.014526199999977507	epochs	3.0
875.0922935525879	0.028907399999980044	epochs	2.0
875.0922935525879	0.014477700000043114	epochs	3.0
875.1067712525879	0.014429699999936929	epochs	3.0
875.1212009525879	0.028716200000076242	epochs	2.0
875.1212009525879	0.014381800000023759	epochs	3.0
875.1355827525879	0.014334400000052483	epochs	3.0
875.1499171525879	0.02852759999996124	epochs	2.0
875.1499171525879	0.01428720000001249	epochs	3.0
875.164204352588	0.01424039999994875	epochs	3.0
875.1784447525879	0.028341400000044814	epochs	2.0
875.1784447525879	0.014193800000043666	epochs	3.0
875.1926385525879	0.014147600000001148	epochs	3.0
875.2067861525879	0.028157699999951546	epochs	2.0
875.2067861525879	0.014101699999969242	epochs	3.0
875.2208878525879	0.014055999999982305	epochs	3.0
875.2349438525879	0.027976299999977527	epochs	2.0
875.2349438525879	0.01401060000000598	epochs	3.0
875.2489544525879	0.013965699999971548	epochs	3.0
875.2629201525879	0.02779720000000907	epochs	2.0
875.2629201525879	0.013920800000050804	epochs	3.0
875.2768409525879	0.013876399999958267	epochs	3.0
875.2907173525879	0.027620400000046175	epochs	2.0
875.2907173525879	0.013832200000024386	epochs	3.0
875.3045495525879	0.013788200000021789	epochs	3.0
875.3183377525879	0.027445899999975154	epochs	2.0
875.3183377525879	0.013744599999995444	epochs	3.0
875.3320823525879	0.01370129999997971	epochs	3.0
875.3457836525879	0.027273499999978412	epochs	2.0
875.3457836525879	0.013658200000008947	epochs	3.0
875.3594418525879	0.013615299999969466	epochs	3.0
875.3730571525879	0.027103399999987232	epochs	2.0
875.3730571525879	0.013572800000019924	epochs	3.0
875.3866299525879	0.013530599999967308	epochs	3.0
875.4001605525879	0.02693520000002536	epochs	2.0
875.4001605525879	0.013488400000028378	epochs	3.0
875.4136489525879	0.013446799999996983	epochs	3.0
875.4270957525879	0.026769199999989723	epochs	2.0
875.4270957525879	0.013405199999965589	epochs	3.0
875.4405009525879	0.013364000000024134	epochs	3.0
875.4538649525879	0.026605200000062723	epochs	2.0
875.4538649525879	0.013322900000048321	epochs	3.0
875.4671878525879	0.013282300000014402	epochs	3.0
875.4804701525879	0.0264431999999033	epochs	2.0
875.4804701525879	0.013241699999980483	epochs	3.0
875.4937118525879	0.013201499999922817	epochs	3.0
875.5069133525878	0.026283200000079887	epochs	2.0
875.5069133525878	0.013161500000023807	epochs	3.0
875.5200748525879	0.01312170000005608	epochs	3.0
875.5331965525879	0.02612499999997908	epochs	2.0
875.5331965525879	0.013082100000019636	epochs	3.0
875.546278652588	0.013042899999959445	epochs	3.0
875.5593215525879	0.025968899999952555	epochs	2.0
875.5593215525879	0.013003899999944224	epochs	3.0
875.5723254525878	0.012965000000008331	epochs	3.0
875.5852904525879	0.025814500000024054	epochs	2.0
875.5852904525879	0.01292640000008305	epochs	3.0
875.5982168525879	0.012888099999941005	epochs	3.0
875.6111049525879	0.025661900000045534	epochs	2.0
875.6111049525879	0.012849899999991976	epochs	3.0
875.6239548525879	0.012812000000053558	epochs	3.0
875.6367668525879	0.025511199999982637	epochs	2.0
875.6367668525879	0.012774400000012065	epochs	3.0
875.6495412525879	0.012736799999970572	epochs	3.0
875.6622780525879	0.025362299999983406	epochs	2.0
875.6622780525879	0.01269969999998466	epochs	3.0
875.6749777525879	0.012662599999998747	epochs	3.0
875.6876403525879	0.025215000000002874	epochs	2.0
875.6876403525879	0.012625800000023446	epochs	3.0
875.7002661525879	0.012589199999979428	epochs	3.0
875.7128553525879	0.024584799999956886	epochs	2.0
875.7358127525879	0.5	epochs	-1.0
875.7374401525879	0.9999200000000883	epochs	1.0
876.2358127525879	0.5	epochs	-1.0
877.8769998550415	0.1474399999999605	epochs	0.0
877.8769998550415	0.06872180000004846	epochs	1.0
877.9457216550416	0.009996399999977257	epochs	1.0
877.9557180550415	0.06872179999993477	epochs	1.0
878.0244398550415	2.0	epochs	0.0
880.0244398550415	0.5127200000000585	epochs	0.0
880.0244398550415	0.5127200000000585	epochs	1.0
880.0244924550415	0.5	epochs	-1.0
880.5244924550415	0.01266740000005484	epochs	-1.0
880.5371598550415	21.48720000000003	epochs	0.0
881.5609998703003	0.1474399999999605	epochs	0.0
881.5609998703003	0.06872180000004846	epochs	1.0
881.6297216703003	0.009996399999977257	epochs	1.0
881.6397180703003	0.06872179999993477	epochs	1.0
881.7084398703003	2.0	epochs	0.0
883.7084398703003	21.53216000000009	epochs	0.0
883.7084398703003	1.0	epochs	1.0
883.7084924703003	0.5	epochs	-1.0
884.2084924703003	19.998320000000035	epochs	-1.0
884.7084398703003	20.0	epochs	1.0
884.7084398703003	4.356753900000058	epochs	-1.0
884.7084398703003	1.9745872000000873	epochs	2.0
884.7084398703003	1.0985622000000603	epochs	3.0
885.8070020703003	0.8760250000000269	epochs	3.0
886.6830270703003	1.352407499999913	epochs	2.0
886.6830270703003	0.7286354999999958	epochs	3.0
887.4116625703003	0.6237719999999172	epochs	3.0
888.0354345703003	1.0297592000000577	epochs	2.0
888.0354345703003	0.5453293000000485	epochs	3.0
888.5807638703003	0.4844299000000092	epochs	3.0
889.0651937703003	0.8317862000000105	epochs	2.0
889.0651937703003	0.4357762999999295	epochs	3.0
889.5009700703002	0.39600990000008096	epochs	3.0
889.8969799703003	0.6977969999999232	epochs	2.0
889.8969799703003	0.3628982000000178	epochs	3.0
890.2598781703003	0.33489879999990535	epochs	3.0
890.5947769703002	0.6010457000000997	epochs	2.0
890.5947769703002	0.3109123000000409	epochs	3.0
890.9056892703003	0.2901334000000588	epochs	3.0
891.1958226703003	0.5278859000000011	epochs	2.0
891.1958226703003	0.2719585999999481	epochs	3.0
891.4677812703003	0.25592730000005304	epochs	3.0
891.7237085703003	0.470619299999953	epochs	2.0
891.7237085703003	0.241681299999982	epochs	3.0
891.9653898703003	0.228937999999971	epochs	3.0
892.1943278703003	0.42457039999999324	epochs	2.0
892.1943278703003	0.21747140000002219	epochs	3.0
892.4117992703003	0.20709899999997106	epochs	3.0
892.6188982703003	0.3867354000000205	epochs	2.0
892.6188982703003	0.19767109999997956	epochs	3.0
892.8165693703003	0.18906430000004093	epochs	3.0
893.0056336703003	0.3550953000000163	epochs	2.0
893.0056336703003	0.18117589999997108	epochs	3.0
893.1868095703003	0.17391940000004524	epochs	3.0
893.3607289703003	0.3282431000000088	epochs	2.0
893.3607289703003	0.16722189999995862	epochs	3.0
893.5279508703003	0.16102120000005016	epochs	3.0
893.6889720703003	0.30516799999998057	epochs	2.0
893.6889720703003	0.15526389999990897	epochs	3.0
893.8442359703002	0.1499041000000716	epochs	3.0
893.9941400703003	0.28512530000000424	epochs	2.0
893.9941400703003	0.1449020999999675	epochs	3.0
894.1390421703003	0.14022320000003674	epochs	3.0
894.2792653703003	0.2675537999999733	epochs	2.0
894.2792653703003	0.1358368999999584	epochs	3.0
894.4151022703003	0.1317169000000149	epochs	3.0
894.5468191703003	0.2520229000000427	epochs	2.0
894.5468191703003	0.1278393000000051	epochs	3.0
894.6746584703003	0.12418360000003759	epochs	3.0
894.7988420703003	0.23819649999995818	epochs	2.0
894.7988420703003	0.12073109999994358	epochs	3.0
894.9195731703003	0.1174654000000146	epochs	3.0
895.0370385703003	0.2258087999999816	epochs	2.0
895.0370385703003	0.11437190000003739	epochs	3.0
895.1514104703003	0.11143689999994422	epochs	3.0
895.2628473703003	0.2146460000000161	epochs	2.0
895.2628473703003	0.10864890000004834	epochs	3.0
895.3714962703003	0.10599709999996776	epochs	3.0
895.4774933703003	0.20453499999996438	epochs	2.0
895.4774933703003	0.10347149999995509	epochs	3.0
895.5809648703002	0.1010635000000093	epochs	3.0
895.6820283703003	0.19533400000000256	epochs	2.0
895.6820283703003	0.09876510000003691	epochs	3.0
895.7807934703003	0.09656889999996565	epochs	3.0
895.8773623703003	0.18692529999998442	epochs	2.0
895.8773623703003	0.09446830000001682	epochs	3.0
895.9718306703003	0.09245699999996759	epochs	3.0
896.0642876703002	0.17921069999999872	epochs	2.0
896.0642876703002	0.0905296000000817	epochs	3.0
896.1548172703003	0.08868109999991702	epochs	3.0
896.2434983703002	0.17210770000008324	epochs	2.0
896.2434983703002	0.08690630000000965	epochs	3.0
896.3304046703003	0.08520140000007359	epochs	3.0
896.4156060703003	0.1655463999999256	epochs	2.0
896.4156060703003	0.08356189999994967	epochs	3.0
896.4991679703003	0.08198449999997592	epochs	3.0
896.5811524703003	0.15946710000002895	epochs	2.0
896.5811524703003	0.08046540000009372	epochs	3.0
896.6616178703003	0.07900169999993523	epochs	3.0
896.7406195703003	0.15381839999997737	epochs	2.0
896.7406195703003	0.07759010000006583	epochs	3.0
896.8182096703003	0.07622829999991154	epochs	3.0
896.8944379703003	0.14855640000007497	epochs	2.0
896.8944379703003	0.07491330000004837	epochs	3.0
896.9693512703003	0.0736431000000266	epochs	3.0
897.0429943703003	0.14364239999997608	epochs	2.0
897.0429943703003	0.07241499999997814	epochs	3.0
897.1154093703003	0.07122739999999794	epochs	3.0
897.1866367703003	0.13904309999998077	epochs	2.0
897.1866367703003	0.07007799999996678	epochs	3.0
897.2567147703003	0.06896510000001399	epochs	3.0
897.3256798703003	0.1347293000000036	epochs	2.0
897.3256798703003	0.0678871000000072	epochs	3.0
897.3935669703003	0.06684219999999641	epochs	3.0
897.4604091703003	0.1306752000000415	epochs	2.0
897.4604091703003	0.06582909999997355	epochs	3.0
897.5262382703003	0.06484610000006796	epochs	3.0
897.5910843703003	0.1268577999999252	epochs	2.0
897.5910843703003	0.06389200000000983	epochs	3.0
897.6549763703003	0.06296579999991536	epochs	3.0
897.7179421703003	0.12325720000001184	epochs	2.0
897.7179421703003	0.06206580000002759	epochs	3.0
897.7800079703003	0.06119139999998424	epochs	3.0
897.8411993703003	0.11985540000000583	epochs	2.0
897.8411993703003	0.06034110000007331	epochs	3.0
897.9015404703003	0.05951429999993252	epochs	3.0
897.9610547703003	0.11663620000001629	epochs	2.0
897.9610547703003	0.05870960000004288	epochs	3.0
898.0197643703003	0.057926599999973405	epochs	3.0
898.0776909703003	0.11358559999996487	epochs	2.0
898.0776909703003	0.05716419999998834	epochs	3.0
898.1348551703003	0.05642139999997653	epochs	3.0
898.1912765703003	0.11069050000003244	epochs	2.0
898.1912765703003	0.055697900000041045	epochs	3.0
898.2469744703003	0.0549925999999914	epochs	3.0
898.3019670703003	0.10793909999995321	epochs	2.0
898.3019670703003	0.05430490000003374	epochs	3.0
898.3562719703003	0.053634199999919474	epochs	3.0
898.4099061703002	0.10532150000005913	epochs	2.0
898.4099061703002	0.05298000000004777	epochs	3.0
898.4628861703003	0.052341500000011365	epochs	3.0
898.5152276703003	0.10282759999995505	epochs	2.0
898.5152276703003	0.05171810000001642	epochs	3.0
898.5669457703003	0.051109499999938635	epochs	3.0
898.6180552703003	0.10044909999999163	epochs	2.0
898.6180552703003	0.050514900000052876	epochs	3.0
898.6685701703003	0.049934199999938755	epochs	3.0
898.7185043703003	0.09817830000008598	epochs	2.0
898.7185043703003	0.04936659999998483	epochs	3.0
898.7678709703002	0.048811700000101155	epochs	3.0
898.8166826703003	0.09600779999993847	epochs	2.0
898.8166826703003	0.04826919999993606	epochs	3.0
898.8649518703003	0.04773860000000241	epochs	3.0
898.9126904703003	0.09393120000004274	epochs	2.0
898.9126904703003	0.04721949999998287	epochs	3.0
898.9599099703003	0.046711700000059864	epochs	3.0
899.0066216703003	0.09194259999992482	epochs	2.0
899.0066216703003	0.046214599999984785	epochs	3.0
899.0528362703003	0.04572799999994004	epochs	3.0
899.0985642703002	0.09003630000006524	epochs	2.0
899.0985642703002	0.04525150000006306	epochs	3.0
899.1438157703003	0.04478480000000218	epochs	3.0
899.1886005703003	0.08820760000003247	epochs	2.0
899.1886005703003	0.044327800000019124	epochs	3.0
899.2329283703003	0.04387980000001335	epochs	3.0
899.2768081703003	0.0864516999999978	epochs	2.0
899.2768081703003	0.04344099999991613	epochs	3.0
899.3202491703003	0.04301070000008167	epochs	3.0
899.3632598703003	0.08476429999996071	epochs	2.0
899.3632598703003	0.04258899999990717	epochs	3.0
899.4058488703002	0.04217530000005354	epochs	3.0
899.4480241703003	0.08314150000001064	epochs	2.0
899.4480241703003	0.04176970000003166	epochs	3.0
899.4897938703003	0.041371799999978975	epochs	3.0
899.5311656703003	0.08157970000002024	epochs	2.0
899.5311656703003	0.040981399999964196	epochs	3.0
899.5721470703003	0.04059830000005604	epochs	3.0
899.6127453703003	0.08007549999990715	epochs	2.0
899.6127453703003	0.04022229999998217	epochs	3.0
899.6529676703003	0.03985319999992498	epochs	3.0
899.6928208703002	0.07862570000008873	epochs	2.0
899.6928208703002	0.039490800000066884	epochs	3.0
899.7323116703003	0.039134900000021844	epochs	3.0
899.7714465703003	0.07722760000001472	epochs	2.0
899.7714465703003	0.03878539999993791	epochs	3.0
899.8102319703003	0.03844220000007681	epochs	3.0
899.8486741703003	0.07587819999992007	epochs	2.0
899.8486741703003	0.03810479999992822	epochs	3.0
899.8867789703003	0.03777339999999185	epochs	3.0
899.9245523703003	0.0745752000000266	epochs	2.0
899.9245523703003	0.03744770000002973	epochs	3.0
899.9620000703003	0.03712749999999687	epochs	3.0
899.9991275703003	0.07331629999998768	epochs	2.0
899.9991275703003	0.036812899999972615	epochs	3.0
900.0359404703003	0.03650340000001506	epochs	3.0
900.0724438703003	0.07209899999998015	epochs	2.0
900.0724438703003	0.03619909999997617	epochs	3.0
900.1086429703003	0.03589990000000398	epochs	3.0
900.1445428703003	0.07092169999998532	epochs	2.0
900.1445428703003	0.03560560000005353	epochs	3.0
900.1801484703003	0.035316099999931794	epochs	3.0
900.2154645703002	0.06978200000003199	epochs	2.0
900.2154645703002	0.03503120000004856	epochs	3.0
900.2504957703003	0.03475079999998343	epochs	3.0
900.2852465703003	0.06867859999999837	epochs	2.0
900.2852465703003	0.03447510000000875	epochs	3.0
900.3197216703003	0.03420349999998962	epochs	3.0
900.3539251703003	0.06760930000007193	epochs	2.0
900.3539251703003	0.033936199999970995	epochs	3.0
900.3878613703002	0.03367310000010093	epochs	3.0
900.4215344703003	0.06657289999998284	epochs	2.0
900.4215344703003	0.03341399999999339	epochs	3.0
900.4549484703003	0.033158899999989444	epochs	3.0
900.4881073703003	0.06556779999993978	epochs	2.0
900.4881073703003	0.032907700000009754	epochs	3.0
900.5210150703003	0.032660099999930026	epochs	3.0
900.5536751703003	0.06459259999996902	epochs	2.0
900.5536751703003	0.032416399999988244	epochs	3.0
900.5860915703003	0.03217619999998078	epochs	3.0
900.6182677703002	0.06364600000006249	epochs	2.0
900.6182677703002	0.031939600000100654	epochs	3.0
900.6502073703003	0.03170639999996183	epochs	3.0
900.6819137703003	0.0627266999999847	epochs	2.0
900.6819137703003	0.03147660000001906	epochs	3.0
900.7133903703003	0.03125009999996564	epochs	3.0
900.7446404703003	0.06183359999999993	epochs	2.0
900.7446404703003	0.031026900000028945	epochs	3.0
900.7756673703003	0.030806699999970988	epochs	3.0
900.8064740703003	0.06096560000003137	epochs	2.0
900.8064740703003	0.030589800000029754	epochs	3.0
900.8370638703003	0.030375800000001618	epochs	3.0
900.8674396703003	0.06012160000000222	epochs	2.0
900.8674396703003	0.03016489999993155	epochs	3.0
900.8976045703002	0.02995670000007067	epochs	3.0
900.9275612703003	0.05930069999999432	epochs	2.0
900.9275612703003	0.02975159999994048	epochs	3.0
900.9573128703003	0.02954910000005384	epochs	3.0
900.9868619703003	0.05850179999993088	epochs	2.0
900.9868619703003	0.02934940000000097	epochs	3.0
901.0162113703003	0.029152399999929912	epochs	3.0
901.0453637703002	0.057724200000052406	epochs	2.0
901.0453637703002	0.028958000000102402	epochs	3.0
901.0743217703003	0.028766199999950004	epochs	3.0
901.1030879703003	0.05696709999995164	epochs	2.0
901.1030879703003	0.028577000000041153	epochs	3.0
901.1316649703003	0.02839009999991049	epochs	3.0
901.1600550703002	0.056229500000085864	epochs	2.0
901.1600550703002	0.028205700000057732	epochs	3.0
901.1882607703003	0.028023800000028132	epochs	3.0
901.2162845703003	0.05551070000001346	epochs	2.0
901.2162845703003	0.027843999999959124	epochs	3.0
901.2441285703003	0.027666700000054334	epochs	3.0
901.2717952703003	0.05481019999990622	epochs	2.0
901.2717952703003	0.02749149999999645	epochs	3.0
901.2992867703003	0.027318699999909768	epochs	3.0
901.3266054703003	0.05412699999999404	epochs	2.0
901.3266054703003	0.02714780000007977	epochs	3.0
901.3537532703003	0.026979199999914272	epochs	3.0
901.3807324703002	0.0534607000000733	epochs	2.0
901.3807324703002	0.026812600000084785	epochs	3.0
901.4075450703003	0.026648099999988517	epochs	3.0
901.4341931703003	0.05281070000000909	epochs	2.0
901.4341931703003	0.026485600000000886	epochs	3.0
901.4606787703003	0.026325100000008206	epochs	3.0
901.4870038703003	0.05217619999996259	epochs	2.0
901.4870038703003	0.026166399999965506	epochs	3.0
901.5131702703003	0.026009799999997085	epochs	3.0
901.5391800703003	0.051556699999991906	epochs	2.0
901.5391800703003	0.025854800000047362	epochs	3.0
901.5650348703003	0.025701899999944544	epochs	3.0
901.5907367703003	0.05095189999997274	epochs	2.0
901.5907367703003	0.02555070000005344	epochs	3.0
901.6162874703003	0.0254011999999193	epochs	3.0
901.6416886703003	0.05036100000006627	epochs	2.0
901.6416886703003	0.0252535000000762	epochs	3.0
901.6669421703003	0.02510749999999007	epochs	3.0
901.6920496703003	0.049783800000000156	epochs	2.0
901.6920496703003	0.02496320000000196	epochs	3.0
901.7170128703003	0.024820599999998194	epochs	3.0
901.7418334703003	0.04921949999993558	epochs	2.0
901.7418334703003	0.024679399999968155	epochs	3.0
901.7665128703003	0.024540099999967424	epochs	3.0
901.7910529703003	0.04866790000005494	epochs	2.0
901.7910529703003	0.024402100000088467	epochs	3.0
901.8154550703003	0.024265799999966475	epochs	3.0
901.8397208703003	0.048128599999927246	epochs	2.0
901.8397208703003	0.024131000000011227	epochs	3.0
901.8638518703003	0.02399759999991602	epochs	3.0
901.8878494703002	0.047601100000065344	epochs	2.0
901.8878494703002	0.023865800000066884	epochs	3.0
901.9117152703003	0.02373529999999846	epochs	3.0
901.9354505703003	0.047085000000038235	epochs	2.0
901.9354505703003	0.023606299999983094	epochs	3.0
901.9590568703003	0.02347870000005514	epochs	3.0
901.9825355703003	0.046579999999948996	epochs	2.0
901.9825355703003	0.02335249999998723	epochs	3.0
902.0058880703003	0.023227499999961765	epochs	3.0
902.0291155703003	0.046085700000048746	epochs	2.0
902.0291155703003	0.023103999999989355	epochs	3.0
902.0522195703003	0.02298170000005939	epochs	3.0
902.0752012703003	0.045601799999985815	epochs	2.0
902.0752012703003	0.02286069999991014	epochs	3.0
902.0980619703003	0.022741100000075676	epochs	3.0
902.1208030703003	0.04512790000001132	epochs	2.0
902.1208030703003	0.022622500000011314	epochs	3.0
902.1434255703003	0.02250540000000001	epochs	3.0
902.1659309703003	0.044663799999966614	epochs	2.0
902.1659309703003	0.02238929999998618	epochs	3.0
902.1883202703003	0.022274499999980435	epochs	3.0
902.2105947703003	0.04420919999995476	epochs	2.0
902.2105947703003	0.022160799999937808	epochs	3.0
902.2327555703002	0.022048400000016954	epochs	3.0
902.2548039703003	0.043763600000033875	epochs	2.0
902.2548039703003	0.021936900000014248	epochs	3.0
902.2767408703003	0.021826700000019628	epochs	3.0
902.2985675703003	0.04332709999994222	epochs	2.0
902.2985675703003	0.021717599999988124	epochs	3.0
902.3202851703003	0.021609499999954096	epochs	3.0
902.3418946703002	0.04289900000003399	epochs	2.0
902.3418946703002	0.021502500000110558	epochs	3.0
902.3633971703003	0.021396499999923435	epochs	3.0
902.3847936703003	0.042479500000013104	epochs	2.0
902.3847936703003	0.02129170000000613	epochs	3.0
902.4060853703003	0.021187800000006973	epochs	3.0
902.4272731703003	0.042067900000006375	epochs	2.0
902.4272731703003	0.02108490000000529	epochs	3.0
902.4483580703003	0.020983000000001084	epochs	3.0
902.4693410703003	0.04166440000005878	epochs	2.0
902.4693410703003	0.020882199999959994	epochs	3.0
902.4902232703002	0.020782200000098783	epochs	3.0
902.5110054703003	0.04126850000000104	epochs	2.0
902.5110054703003	0.020683299999973315	epochs	3.0
902.5316887703003	0.020585200000027726	epochs	3.0
902.5522739703003	0.040879999999901884	epochs	2.0
902.5522739703003	0.020488099999965925	epochs	3.0
902.5727620703003	0.02039189999993596	epochs	3.0
902.5931539703002	0.04049880000002304	epochs	2.0
902.5931539703002	0.020296600000051512	epochs	3.0
902.6134505703003	0.020202199999971526	epochs	3.0
902.6336527703003	0.04012460000001283	epochs	2.0
902.6336527703003	0.02010870000003706	epochs	3.0
902.6537614703003	0.020015899999975773	epochs	3.0
902.6737773703003	0.03975730000001931	epochs	2.0
902.6737773703003	0.019924199999991288	epochs	3.0
902.6937015703003	0.019833100000028026	epochs	3.0
902.7135346703003	0.03939669999999751	epochs	2.0
902.7135346703003	0.01974299999994855	epochs	3.0
902.7332776703003	0.019653700000048957	epochs	3.0
902.7529313703003	0.03904239999997117	epochs	2.0
902.7529313703003	0.01956510000002254	epochs	3.0
902.7724964703003	0.019477299999948627	epochs	3.0
902.7919737703003	0.03869459999998526	epochs	2.0
902.7919737703003	0.019390400000020236	epochs	3.0
902.8113641703003	0.01930419999996502	epochs	3.0
902.8306683703003	0.03835290000006353	epochs	2.0
902.8306683703003	0.019218799999976	epochs	3.0
902.8498871703002	0.01913410000008753	epochs	3.0
902.8690212703003	0.03801720000001296	epochs	2.0
902.8690212703003	0.01905019999992419	epochs	3.0
902.8880714703002	0.018967000000088774	epochs	3.0
902.9070384703003	0.03768719999993664	epochs	2.0
902.9070384703003	0.018884499999899163	epochs	3.0
902.9259229703002	0.018802700000037476	epochs	3.0
902.9447256703003	0.03736309999999321	epochs	2.0
902.9447256703003	0.018721700000014607	epochs	3.0
902.9634473703003	0.018641399999978603	epochs	3.0
902.9820887703003	0.03704430000004777	epochs	2.0
902.9820887703003	0.01856159999999818	epochs	3.0
903.0006503703003	0.01848270000004959	epochs	3.0
903.0191330703003	0.0367310000000316	epochs	2.0
903.0191330703003	0.018404299999929208	epochs	3.0
903.0375373703002	0.01832670000010239	epochs	3.0
903.0558640703003	0.03642289999993409	epochs	2.0
903.0558640703003	0.018249599999990096	epochs	3.0
903.0741136703003	0.018173299999943993	epochs	3.0
903.0922869703003	0.03612010000006194	epochs	2.0
903.0922869703003	0.0180976000000328	epochs	3.0
903.1103845703003	0.01802250000002914	epochs	3.0
903.1284070703003	0.03582209999990482	epochs	2.0
903.1284070703003	0.017947899999967376	epochs	3.0
903.1463549703003	0.017874199999937446	epochs	3.0
903.1642291703002	0.03552899999999681	epochs	2.0
903.1642291703002	0.017800800000031813	epochs	3.0
903.1820299703003	0.017728199999965	epochs	3.0
903.1997581703002	0.03524070000003121	epochs	2.0
903.1997581703002	0.017656100000067454	epochs	3.0
903.2174142703003	0.017584599999963757	epochs	3.0
903.2349988703003	0.034957100000042374	epochs	2.0
903.2349988703003	0.01751369999999497	epochs	3.0
903.2525125703003	0.017443400000047404	epochs	3.0
903.2699559703003	0.03467790000001969	epochs	2.0
903.2699559703003	0.017373599999928047	epochs	3.0
903.2873295703002	0.017304300000091644	epochs	3.0
903.3046338703003	0.03440330000000813	epochs	2.0
903.3046338703003	0.01723570000001473	epochs	3.0
903.3218695703004	0.0171675999999934	epochs	3.0
903.3390371703003	0.03413279999995211	epochs	2.0
903.3390371703003	0.01709989999994832	epochs	3.0
903.3561370703003	0.017032900000003792	epochs	3.0
903.3731699703003	0.033866699999975935	epochs	2.0
903.3731699703003	0.01696640000000116	epochs	3.0
903.3901363703003	0.016900299999974777	epochs	3.0
903.4070366703003	0.03360459999998966	epochs	2.0
903.4070366703003	0.01683479999996962	epochs	3.0
903.4238714703002	0.01676980000002004	epochs	3.0
903.4406412703003	0.03334660000007261	epochs	2.0
903.4406412703003	0.016705300000012357	epochs	3.0
903.4573465703003	0.016641300000060255	epochs	3.0
903.4739878703003	0.03309249999995245	epochs	2.0
903.4739878703003	0.01657779999993636	epochs	3.0
903.4905656703003	0.01651470000001609	epochs	3.0
903.5070803703003	0.03284229999997024	epochs	2.0
903.5070803703003	0.01645220000000336	epochs	3.0
903.5235325703003	0.01639009999996688	epochs	3.0
903.5399226703003	0.03259570000000167	epochs	2.0
903.5399226703003	0.016328400000020338	epochs	3.0
903.5562510703003	0.016267299999981333	epochs	3.0
903.5725183703003	0.032352899999978035	epochs	2.0
903.5725183703003	0.016206600000032267	epochs	3.0
903.5887249703003	0.016146299999945768	epochs	3.0
903.6048712703002	0.032113700000081735	epochs	2.0
903.6048712703002	0.016086600000107865	epochs	3.0
903.6209578703003	0.01602709999997387	epochs	3.0
903.6369849703003	0.03187800000000607	epochs	2.0
903.6369849703003	0.015968199999974786	epochs	3.0
903.6529531703003	0.015909800000031282	epochs	3.0
903.6688629703003	0.031645700000012766	epochs	2.0
903.6688629703003	0.01585160000001906	epochs	3.0
903.6847145703003	0.015794099999993705	epochs	3.0
903.7005086703003	0.031416699999908815	epochs	2.0
903.7005086703003	0.01573669999993399	epochs	3.0
903.7162453703003	0.015679999999974825	epochs	3.0
903.7319253703002	0.031191100000000915	epochs	2.0
903.7319253703002	0.015623600000026272	epochs	3.0
903.7475489703003	0.015567499999974643	epochs	3.0
903.7631164703002	0.030968700000016725	epochs	2.0
903.7631164703002	0.015512000000057924	epochs	3.0
903.7786284703003	0.0154566999999588	epochs	3.0
903.7940851703003	0.03074950000006993	epochs	2.0
903.7940851703003	0.015401999999994587	epochs	3.0
903.8094871703003	0.015347500000075343	epochs	3.0
903.8248346703003	0.030533199999922545	epochs	2.0
903.8248346703003	0.015293399999904977	epochs	3.0
903.8401280703002	0.015239800000017567	epochs	3.0
903.8553678703003	0.03032010000003993	epochs	2.0
903.8553678703003	0.015186500000027081	epochs	3.0
903.8705543703003	0.015133600000012848	epochs	3.0
903.8856879703003	0.030109899999956724	epochs	2.0
903.8856879703003	0.015081000000009226	epochs	3.0
903.9007689703003	0.015028899999947498	epochs	3.0
903.9157978703003	0.02990250000004835	epochs	2.0
903.9157978703003	0.014977000000044427	epochs	3.0
903.9307748703003	0.014925500000003922	epochs	3.0
903.9457003703003	0.029698100000018712	epochs	2.0
903.9457003703003	0.01487439999993967	epochs	3.0
903.9605747703002	0.014823700000079043	epochs	3.0
903.9753984703003	0.02949630000000525	epochs	2.0
903.9753984703003	0.014773199999922326	epochs	3.0
903.9901716703002	0.014723100000082923	epochs	3.0
904.0048947703003	0.02929740000001857	epochs	2.0
904.0048947703003	0.014673399999992398	epochs	3.0
904.0195681703003	0.014624000000026172	epochs	3.0
904.0341921703003	0.029101099999934377	epochs	2.0
904.0341921703003	0.01457489999995687	epochs	3.0
904.0487670703003	0.014526199999977507	epochs	3.0
904.0632932703003	0.028907399999980044	epochs	2.0
904.0632932703003	0.014477700000043114	epochs	3.0
904.0777709703003	0.014429699999936929	epochs	3.0
904.0922006703003	0.028716200000076242	epochs	2.0
904.0922006703003	0.014381800000023759	epochs	3.0
904.1065824703003	0.014334400000052483	epochs	3.0
904.1209168703003	0.02852759999996124	epochs	2.0
904.1209168703003	0.01428720000001249	epochs	3.0
904.1352040703003	0.01424039999994875	epochs	3.0
904.1494444703003	0.028341400000044814	epochs	2.0
904.1494444703003	0.014193800000043666	epochs	3.0
904.1636382703003	0.014147600000001148	epochs	3.0
904.1777858703003	0.028157699999951546	epochs	2.0
904.1777858703003	0.014101699999969242	epochs	3.0
904.1918875703003	0.014055999999982305	epochs	3.0
904.2059435703003	0.027976299999977527	epochs	2.0
904.2059435703003	0.01401060000000598	epochs	3.0
904.2199541703003	0.013965699999971548	epochs	3.0
904.2339198703003	0.02779720000000907	epochs	2.0
904.2339198703003	0.013920800000050804	epochs	3.0
904.2478406703003	0.013876399999958267	epochs	3.0
904.2617170703003	0.027620400000046175	epochs	2.0
904.2617170703003	0.013832200000024386	epochs	3.0
904.2755492703003	0.013788200000021789	epochs	3.0
904.2893374703003	0.027445899999975154	epochs	2.0
904.2893374703003	0.013744599999995444	epochs	3.0
904.3030820703003	0.01370129999997971	epochs	3.0
904.3167833703003	0.027273499999978412	epochs	2.0
904.3167833703003	0.013658200000008947	epochs	3.0
904.3304415703003	0.013615299999969466	epochs	3.0
904.3440568703003	0.027103399999987232	epochs	2.0
904.3440568703003	0.013572800000019924	epochs	3.0
904.3576296703003	0.013530599999967308	epochs	3.0
904.3711602703003	0.02693520000002536	epochs	2.0
904.3711602703003	0.013488400000028378	epochs	3.0
904.3846486703003	0.013446799999996983	epochs	3.0
904.3980954703003	0.026769199999989723	epochs	2.0
904.3980954703003	0.013405199999965589	epochs	3.0
904.4115006703003	0.013364000000024134	epochs	3.0
904.4248646703003	0.026605200000062723	epochs	2.0
904.4248646703003	0.013322900000048321	epochs	3.0
904.4381875703003	0.013282300000014402	epochs	3.0
904.4514698703003	0.0264431999999033	epochs	2.0
904.4514698703003	0.013241699999980483	epochs	3.0
904.4647115703003	0.013201499999922817	epochs	3.0
904.4779130703002	0.026283200000079887	epochs	2.0
904.4779130703002	0.013161500000023807	epochs	3.0
904.4910745703003	0.01312170000005608	epochs	3.0
904.5041962703003	0.02612499999997908	epochs	2.0
904.5041962703003	0.013082100000019636	epochs	3.0
904.5172783703003	0.013042899999959445	epochs	3.0
904.5303212703003	0.025968899999952555	epochs	2.0
904.5303212703003	0.013003899999944224	epochs	3.0
904.5433251703002	0.012965000000008331	epochs	3.0
904.5562901703003	0.025814500000024054	epochs	2.0
904.5562901703003	0.01292640000008305	epochs	3.0
904.5692165703003	0.012888099999941005	epochs	3.0
904.5821046703003	0.025661900000045534	epochs	2.0
904.5821046703003	0.012849899999991976	epochs	3.0
904.5949545703003	0.012812000000053558	epochs	3.0
904.6077665703003	0.025511199999982637	epochs	2.0
904.6077665703003	0.012774400000012065	epochs	3.0
904.6205409703003	0.012736799999970572	epochs	3.0
904.6332777703003	0.025362299999983406	epochs	2.0
904.6332777703003	0.01269969999998466	epochs	3.0
904.6459774703003	0.012662599999998747	epochs	3.0
904.6586400703003	0.025215000000002874	epochs	2.0
904.6586400703003	0.012625800000023446	epochs	3.0
904.6712658703003	0.012589199999979428	epochs	3.0
904.6838550703003	0.024584799999956886	epochs	2.0
904.7068124703003	0.5	epochs	-1.0
904.7084398703003	0.5321600000000899	epochs	1.0
905.2405998703003	0.4677599999999984	epochs	0.0
906.313000202179	0.1474399999999605	epochs	0.0
906.313000202179	0.06872180000004846	epochs	1.0
906.381722002179	0.009996399999977257	epochs	1.0
906.391718402179	0.06872179999993477	epochs	1.0
906.4604402021789	2.0	epochs	0.0
908.4604402021789	21.532320000000027	epochs	0.0
908.4604402021789	1.0	epochs	1.0
908.4604928021789	0.5	epochs	-1.0
908.9604928021789	19.998320000000035	epochs	-1.0
909.4604402021789	20.0	epochs	1.0
909.4604402021789	4.356753900000058	epochs	-1.0
909.4604402021789	1.9745872000000873	epochs	2.0
909.4604402021789	1.0985622000000603	epochs	3.0
910.559002402179	0.8760250000000269	epochs	3.0
911.435027402179	1.352407499999913	epochs	2.0
911.435027402179	0.7286354999999958	epochs	3.0
912.163662902179	0.6237719999999172	epochs	3.0
912.7874349021789	1.0297592000000577	epochs	2.0
912.7874349021789	0.5453293000000485	epochs	3.0
913.332764202179	0.4844299000000092	epochs	3.0
913.817194102179	0.8317862000000105	epochs	2.0
913.817194102179	0.4357762999999295	epochs	3.0
914.2529704021789	0.39600990000008096	epochs	3.0
914.648980302179	0.6977969999999232	epochs	2.0
914.648980302179	0.3628982000000178	epochs	3.0
915.011878502179	0.33489879999990535	epochs	3.0
915.3467773021789	0.6010457000000997	epochs	2.0
915.3467773021789	0.3109123000000409	epochs	3.0
915.657689602179	0.2901334000000588	epochs	3.0
915.947823002179	0.5278859000000011	epochs	2.0
915.947823002179	0.2719585999999481	epochs	3.0
916.219781602179	0.25592730000005304	epochs	3.0
916.475708902179	0.470619299999953	epochs	2.0
916.475708902179	0.241681299999982	epochs	3.0
916.717390202179	0.228937999999971	epochs	3.0
916.946328202179	0.42457039999999324	epochs	2.0
916.946328202179	0.21747140000002219	epochs	3.0
917.163799602179	0.20709899999997106	epochs	3.0
917.370898602179	0.3867354000000205	epochs	2.0
917.370898602179	0.19767109999997956	epochs	3.0
917.5685697021789	0.18906430000004093	epochs	3.0
917.757634002179	0.3550953000000163	epochs	2.0
917.757634002179	0.18117589999997108	epochs	3.0
917.938809902179	0.17391940000004524	epochs	3.0
918.112729302179	0.3282431000000088	epochs	2.0
918.112729302179	0.16722189999995862	epochs	3.0
918.279951202179	0.16102120000005016	epochs	3.0
918.440972402179	0.30516799999998057	epochs	2.0
918.440972402179	0.15526389999990897	epochs	3.0
918.5962363021789	0.1499041000000716	epochs	3.0
918.746140402179	0.28512530000000424	epochs	2.0
918.746140402179	0.1449020999999675	epochs	3.0
918.891042502179	0.14022320000003674	epochs	3.0
919.031265702179	0.2675537999999733	epochs	2.0
919.031265702179	0.1358368999999584	epochs	3.0
919.1671026021789	0.1317169000000149	epochs	3.0
919.298819502179	0.2520229000000427	epochs	2.0
919.298819502179	0.1278393000000051	epochs	3.0
919.426658802179	0.12418360000003759	epochs	3.0
919.550842402179	0.23819649999995818	epochs	2.0
919.550842402179	0.12073109999994358	epochs	3.0
919.671573502179	0.1174654000000146	epochs	3.0
919.789038902179	0.2258087999999816	epochs	2.0
919.789038902179	0.11437190000003739	epochs	3.0
919.903410802179	0.11143689999994422	epochs	3.0
920.0148477021789	0.2146460000000161	epochs	2.0
920.0148477021789	0.10864890000004834	epochs	3.0
920.123496602179	0.10599709999996776	epochs	3.0
920.229493702179	0.20453499999996438	epochs	2.0
920.229493702179	0.10347149999995509	epochs	3.0
920.3329652021789	0.1010635000000093	epochs	3.0
920.4340287021789	0.19533400000000256	epochs	2.0
920.4340287021789	0.09876510000003691	epochs	3.0
920.532793802179	0.09656889999996565	epochs	3.0
920.6293627021789	0.18692529999998442	epochs	2.0
920.6293627021789	0.09446830000001682	epochs	3.0
920.7238310021789	0.09245699999996759	epochs	3.0
920.8162880021789	0.17921069999999872	epochs	2.0
920.8162880021789	0.0905296000000817	epochs	3.0
920.906817602179	0.08868109999991702	epochs	3.0
920.9954987021789	0.17210770000008324	epochs	2.0
920.9954987021789	0.08690630000000965	epochs	3.0
921.0824050021789	0.08520140000007359	epochs	3.0
921.167606402179	0.1655463999999256	epochs	2.0
921.167606402179	0.08356189999994967	epochs	3.0
921.2511683021789	0.08198449999997592	epochs	3.0
921.3331528021789	0.15946710000002895	epochs	2.0
921.3331528021789	0.08046540000009372	epochs	3.0
921.413618202179	0.07900169999993523	epochs	3.0
921.492619902179	0.15381839999997737	epochs	2.0
921.492619902179	0.07759010000006583	epochs	3.0
921.570210002179	0.07622829999991154	epochs	3.0
921.6464383021789	0.14855640000007497	epochs	2.0
921.6464383021789	0.07491330000004837	epochs	3.0
921.721351602179	0.0736431000000266	epochs	3.0
921.794994702179	0.14364239999997608	epochs	2.0
921.794994702179	0.07241499999997814	epochs	3.0
921.867409702179	0.07122739999999794	epochs	3.0
921.938637102179	0.13904309999998077	epochs	2.0
921.938637102179	0.07007799999996678	epochs	3.0
922.0087151021789	0.06896510000001399	epochs	3.0
922.077680202179	0.1347293000000036	epochs	2.0
922.077680202179	0.0678871000000072	epochs	3.0
922.145567302179	0.06684219999999641	epochs	3.0
922.212409502179	0.1306752000000415	epochs	2.0
922.212409502179	0.06582909999997355	epochs	3.0
922.2782386021789	0.06484610000006796	epochs	3.0
922.343084702179	0.1268577999999252	epochs	2.0
922.343084702179	0.06389200000000983	epochs	3.0
922.406976702179	0.06296579999991536	epochs	3.0
922.4699425021789	0.12325720000001184	epochs	2.0
922.4699425021789	0.06206580000002759	epochs	3.0
922.532008302179	0.06119139999998424	epochs	3.0
922.5931997021789	0.11985540000000583	epochs	2.0
922.5931997021789	0.06034110000007331	epochs	3.0
922.653540802179	0.05951429999993252	epochs	3.0
922.7130551021789	0.11663620000001629	epochs	2.0
922.7130551021789	0.05870960000004288	epochs	3.0
922.771764702179	0.057926599999973405	epochs	3.0
922.829691302179	0.11358559999996487	epochs	2.0
922.829691302179	0.05716419999998834	epochs	3.0
922.886855502179	0.05642139999997653	epochs	3.0
922.9432769021789	0.11069050000003244	epochs	2.0
922.9432769021789	0.055697900000041045	epochs	3.0
922.998974802179	0.0549925999999914	epochs	3.0
923.053967402179	0.10793909999995321	epochs	2.0
923.053967402179	0.05430490000003374	epochs	3.0
923.108272302179	0.053634199999919474	epochs	3.0
923.1619065021789	0.10532150000005913	epochs	2.0
923.1619065021789	0.05298000000004777	epochs	3.0
923.214886502179	0.052341500000011365	epochs	3.0
923.267228002179	0.10282759999995505	epochs	2.0
923.267228002179	0.05171810000001642	epochs	3.0
923.318946102179	0.051109499999938635	epochs	3.0
923.3700556021789	0.10044909999999163	epochs	2.0
923.3700556021789	0.050514900000052876	epochs	3.0
923.420570502179	0.049934199999938755	epochs	3.0
923.4705047021789	0.09817830000008598	epochs	2.0
923.4705047021789	0.04936659999998483	epochs	3.0
923.5198713021789	0.048811700000101155	epochs	3.0
923.568683002179	0.09600779999993847	epochs	2.0
923.568683002179	0.04826919999993606	epochs	3.0
923.6169522021789	0.04773860000000241	epochs	3.0
923.6646908021789	0.09393120000004274	epochs	2.0
923.6646908021789	0.04721949999998287	epochs	3.0
923.7119103021789	0.046711700000059864	epochs	3.0
923.758622002179	0.09194259999992482	epochs	2.0
923.758622002179	0.046214599999984785	epochs	3.0
923.804836602179	0.04572799999994004	epochs	3.0
923.8505646021789	0.09003630000006524	epochs	2.0
923.8505646021789	0.04525150000006306	epochs	3.0
923.895816102179	0.04478480000000218	epochs	3.0
923.940600902179	0.08820760000003247	epochs	2.0
923.940600902179	0.044327800000019124	epochs	3.0
923.984928702179	0.04387980000001335	epochs	3.0
924.028808502179	0.0864516999999978	epochs	2.0
924.028808502179	0.04344099999991613	epochs	3.0
924.0722495021789	0.04301070000008167	epochs	3.0
924.115260202179	0.08476429999996071	epochs	2.0
924.115260202179	0.04258899999990717	epochs	3.0
924.1578492021789	0.04217530000005354	epochs	3.0
924.200024502179	0.08314150000001064	epochs	2.0
924.200024502179	0.04176970000003166	epochs	3.0
924.241794202179	0.041371799999978975	epochs	3.0
924.283166002179	0.08157970000002024	epochs	2.0
924.283166002179	0.040981399999964196	epochs	3.0
924.3241474021789	0.04059830000005604	epochs	3.0
924.364745702179	0.08007549999990715	epochs	2.0
924.364745702179	0.04022229999998217	epochs	3.0
924.404968002179	0.03985319999992498	epochs	3.0
924.4448212021789	0.07862570000008873	epochs	2.0
924.4448212021789	0.039490800000066884	epochs	3.0
924.484312002179	0.039134900000021844	epochs	3.0
924.523446902179	0.07722760000001472	epochs	2.0
924.523446902179	0.03878539999993791	epochs	3.0
924.5622323021789	0.03844220000007681	epochs	3.0
924.600674502179	0.07587819999992007	epochs	2.0
924.600674502179	0.03810479999992822	epochs	3.0
924.6387793021789	0.03777339999999185	epochs	3.0
924.6765527021789	0.0745752000000266	epochs	2.0
924.6765527021789	0.03744770000002973	epochs	3.0
924.714000402179	0.03712749999999687	epochs	3.0
924.751127902179	0.07331629999998768	epochs	2.0
924.751127902179	0.036812899999972615	epochs	3.0
924.7879408021789	0.03650340000001506	epochs	3.0
924.8244442021789	0.07209899999998015	epochs	2.0
924.8244442021789	0.03619909999997617	epochs	3.0
924.8606433021789	0.03589990000000398	epochs	3.0
924.8965432021789	0.07092169999998532	epochs	2.0
924.8965432021789	0.03560560000005353	epochs	3.0
924.932148802179	0.035316099999931794	epochs	3.0
924.9674649021789	0.06978200000003199	epochs	2.0
924.9674649021789	0.03503120000004856	epochs	3.0
925.002496102179	0.03475079999998343	epochs	3.0
925.0372469021789	0.06867859999999837	epochs	2.0
925.0372469021789	0.03447510000000875	epochs	3.0
925.071722002179	0.03420349999998962	epochs	3.0
925.1059255021789	0.06760930000007193	epochs	2.0
925.1059255021789	0.033936199999970995	epochs	3.0
925.1398617021789	0.03367310000010093	epochs	3.0
925.173534802179	0.06657289999998284	epochs	2.0
925.173534802179	0.03341399999999339	epochs	3.0
925.206948802179	0.033158899999989444	epochs	3.0
925.240107702179	0.06556779999993978	epochs	2.0
925.240107702179	0.032907700000009754	epochs	3.0
925.273015402179	0.032660099999930026	epochs	3.0
925.3056755021789	0.06459259999996902	epochs	2.0
925.3056755021789	0.032416399999988244	epochs	3.0
925.3380919021789	0.03217619999998078	epochs	3.0
925.3702681021789	0.06364600000006249	epochs	2.0
925.3702681021789	0.031939600000100654	epochs	3.0
925.402207702179	0.03170639999996183	epochs	3.0
925.433914102179	0.0627266999999847	epochs	2.0
925.433914102179	0.03147660000001906	epochs	3.0
925.465390702179	0.03125009999996564	epochs	3.0
925.496640802179	0.06183359999999993	epochs	2.0
925.496640802179	0.031026900000028945	epochs	3.0
925.527667702179	0.030806699999970988	epochs	3.0
925.558474402179	0.06096560000003137	epochs	2.0
925.558474402179	0.030589800000029754	epochs	3.0
925.589064202179	0.030375800000001618	epochs	3.0
925.619440002179	0.06012160000000222	epochs	2.0
925.619440002179	0.03016489999993155	epochs	3.0
925.6496049021789	0.02995670000007067	epochs	3.0
925.679561602179	0.05930069999999432	epochs	2.0
925.679561602179	0.02975159999994048	epochs	3.0
925.7093132021789	0.02954910000005384	epochs	3.0
925.738862302179	0.05850179999993088	epochs	2.0
925.738862302179	0.02934940000000097	epochs	3.0
925.768211702179	0.029152399999929912	epochs	3.0
925.7973641021789	0.057724200000052406	epochs	2.0
925.7973641021789	0.028958000000102402	epochs	3.0
925.826322102179	0.028766199999950004	epochs	3.0
925.855088302179	0.05696709999995164	epochs	2.0
925.855088302179	0.028577000000041153	epochs	3.0
925.883665302179	0.02839009999991049	epochs	3.0
925.9120554021789	0.056229500000085864	epochs	2.0
925.9120554021789	0.028205700000057732	epochs	3.0
925.940261102179	0.028023800000028132	epochs	3.0
925.968284902179	0.05551070000001346	epochs	2.0
925.968284902179	0.027843999999959124	epochs	3.0
925.996128902179	0.027666700000054334	epochs	3.0
926.023795602179	0.05481019999990622	epochs	2.0
926.023795602179	0.02749149999999645	epochs	3.0
926.051287102179	0.027318699999909768	epochs	3.0
926.0786058021789	0.05412699999999404	epochs	2.0
926.0786058021789	0.02714780000007977	epochs	3.0
926.105753602179	0.026979199999914272	epochs	3.0
926.1327328021789	0.0534607000000733	epochs	2.0
926.1327328021789	0.026812600000084785	epochs	3.0
926.159545402179	0.026648099999988517	epochs	3.0
926.186193502179	0.05281070000000909	epochs	2.0
926.186193502179	0.026485600000000886	epochs	3.0
926.212679102179	0.026325100000008206	epochs	3.0
926.239004202179	0.05217619999996259	epochs	2.0
926.239004202179	0.026166399999965506	epochs	3.0
926.265170602179	0.026009799999997085	epochs	3.0
926.291180402179	0.051556699999991906	epochs	2.0
926.291180402179	0.025854800000047362	epochs	3.0
926.317035202179	0.025701899999944544	epochs	3.0
926.342737102179	0.05095189999997274	epochs	2.0
926.342737102179	0.02555070000005344	epochs	3.0
926.368287802179	0.0254011999999193	epochs	3.0
926.3936890021789	0.05036100000006627	epochs	2.0
926.3936890021789	0.0252535000000762	epochs	3.0
926.418942502179	0.02510749999999007	epochs	3.0
926.444050002179	0.049783800000000156	epochs	2.0
926.444050002179	0.02496320000000196	epochs	3.0
926.469013202179	0.024820599999998194	epochs	3.0
926.493833802179	0.04921949999993558	epochs	2.0
926.493833802179	0.024679399999968155	epochs	3.0
926.518513202179	0.024540099999967424	epochs	3.0
926.5430533021789	0.04866790000005494	epochs	2.0
926.5430533021789	0.024402100000088467	epochs	3.0
926.567455402179	0.024265799999966475	epochs	3.0
926.591721202179	0.048128599999927246	epochs	2.0
926.591721202179	0.024131000000011227	epochs	3.0
926.615852202179	0.02399759999991602	epochs	3.0
926.6398498021789	0.047601100000065344	epochs	2.0
926.6398498021789	0.023865800000066884	epochs	3.0
926.663715602179	0.02373529999999846	epochs	3.0
926.687450902179	0.047085000000038235	epochs	2.0
926.687450902179	0.023606299999983094	epochs	3.0
926.711057202179	0.02347870000005514	epochs	3.0
926.734535902179	0.046579999999948996	epochs	2.0
926.734535902179	0.02335249999998723	epochs	3.0
926.757888402179	0.023227499999961765	epochs	3.0
926.781115902179	0.046085700000048746	epochs	2.0
926.781115902179	0.023103999999989355	epochs	3.0
926.8042199021789	0.02298170000005939	epochs	3.0
926.827201602179	0.045601799999985815	epochs	2.0
926.827201602179	0.02286069999991014	epochs	3.0
926.8500623021789	0.022741100000075676	epochs	3.0
926.872803402179	0.04512790000001132	epochs	2.0
926.872803402179	0.022622500000011314	epochs	3.0
926.895425902179	0.02250540000000001	epochs	3.0
926.917931302179	0.044663799999966614	epochs	2.0
926.917931302179	0.02238929999998618	epochs	3.0
926.940320602179	0.022274499999980435	epochs	3.0
926.962595102179	0.04420919999995476	epochs	2.0
926.962595102179	0.022160799999937808	epochs	3.0
926.9847559021789	0.022048400000016954	epochs	3.0
927.0068043021789	0.043763600000033875	epochs	2.0
927.0068043021789	0.021936900000014248	epochs	3.0
927.0287412021789	0.021826700000019628	epochs	3.0
927.050567902179	0.04332709999994222	epochs	2.0
927.050567902179	0.021717599999988124	epochs	3.0
927.0722855021789	0.021609499999954096	epochs	3.0
927.0938950021789	0.04289900000003399	epochs	2.0
927.0938950021789	0.021502500000110558	epochs	3.0
927.115397502179	0.021396499999923435	epochs	3.0
927.1367940021789	0.042479500000013104	epochs	2.0
927.1367940021789	0.02129170000000613	epochs	3.0
927.1580857021789	0.021187800000006973	epochs	3.0
927.179273502179	0.042067900000006375	epochs	2.0
927.179273502179	0.02108490000000529	epochs	3.0
927.200358402179	0.020983000000001084	epochs	3.0
927.221341402179	0.04166440000005878	epochs	2.0
927.221341402179	0.020882199999959994	epochs	3.0
927.2422236021789	0.020782200000098783	epochs	3.0
927.263005802179	0.04126850000000104	epochs	2.0
927.263005802179	0.020683299999973315	epochs	3.0
927.283689102179	0.020585200000027726	epochs	3.0
927.304274302179	0.040879999999901884	epochs	2.0
927.304274302179	0.020488099999965925	epochs	3.0
927.324762402179	0.02039189999993596	epochs	3.0
927.3451543021789	0.04049880000002304	epochs	2.0
927.3451543021789	0.020296600000051512	epochs	3.0
927.365450902179	0.020202199999971526	epochs	3.0
927.3856531021789	0.04012460000001283	epochs	2.0
927.3856531021789	0.02010870000003706	epochs	3.0
927.405761802179	0.020015899999975773	epochs	3.0
927.425777702179	0.03975730000001931	epochs	2.0
927.425777702179	0.019924199999991288	epochs	3.0
927.4457019021789	0.019833100000028026	epochs	3.0
927.465535002179	0.03939669999999751	epochs	2.0
927.465535002179	0.01974299999994855	epochs	3.0
927.4852780021789	0.019653700000048957	epochs	3.0
927.504931702179	0.03904239999997117	epochs	2.0
927.504931702179	0.01956510000002254	epochs	3.0
927.524496802179	0.019477299999948627	epochs	3.0
927.5439741021789	0.03869459999998526	epochs	2.0
927.5439741021789	0.019390400000020236	epochs	3.0
927.563364502179	0.01930419999996502	epochs	3.0
927.5826687021789	0.03835290000006353	epochs	2.0
927.5826687021789	0.019218799999976	epochs	3.0
927.6018875021789	0.01913410000008753	epochs	3.0
927.621021602179	0.03801720000001296	epochs	2.0
927.621021602179	0.01905019999992419	epochs	3.0
927.6400718021789	0.018967000000088774	epochs	3.0
927.659038802179	0.03768719999993664	epochs	2.0
927.659038802179	0.018884499999899163	epochs	3.0
927.6779233021789	0.018802700000037476	epochs	3.0
927.6967260021789	0.03736309999999321	epochs	2.0
927.6967260021789	0.018721700000014607	epochs	3.0
927.715447702179	0.018641399999978603	epochs	3.0
927.7340891021789	0.03704430000004777	epochs	2.0
927.7340891021789	0.01856159999999818	epochs	3.0
927.7526507021789	0.01848270000004959	epochs	3.0
927.771133402179	0.0367310000000316	epochs	2.0
927.771133402179	0.018404299999929208	epochs	3.0
927.7895377021789	0.01832670000010239	epochs	3.0
927.807864402179	0.03642289999993409	epochs	2.0
927.807864402179	0.018249599999990096	epochs	3.0
927.826114002179	0.018173299999943993	epochs	3.0
927.8442873021789	0.03612010000006194	epochs	2.0
927.8442873021789	0.0180976000000328	epochs	3.0
927.862384902179	0.01802250000002914	epochs	3.0
927.880407402179	0.03582209999990482	epochs	2.0
927.880407402179	0.017947899999967376	epochs	3.0
927.898355302179	0.017874199999937446	epochs	3.0
927.9162295021789	0.03552899999999681	epochs	2.0
927.9162295021789	0.017800800000031813	epochs	3.0
927.9340303021789	0.017728199999965	epochs	3.0
927.9517585021789	0.03524070000003121	epochs	2.0
927.9517585021789	0.017656100000067454	epochs	3.0
927.969414602179	0.017584599999963757	epochs	3.0
927.9869992021789	0.034957100000042374	epochs	2.0
927.9869992021789	0.01751369999999497	epochs	3.0
928.0045129021789	0.017443400000047404	epochs	3.0
928.021956302179	0.03467790000001969	epochs	2.0
928.021956302179	0.017373599999928047	epochs	3.0
928.0393299021789	0.017304300000091644	epochs	3.0
928.056634202179	0.03440330000000813	epochs	2.0
928.056634202179	0.01723570000001473	epochs	3.0
928.073869902179	0.0171675999999934	epochs	3.0
928.091037502179	0.03413279999995211	epochs	2.0
928.091037502179	0.01709989999994832	epochs	3.0
928.108137402179	0.017032900000003792	epochs	3.0
928.125170302179	0.033866699999975935	epochs	2.0
928.125170302179	0.01696640000000116	epochs	3.0
928.142136702179	0.016900299999974777	epochs	3.0
928.1590370021789	0.03360459999998966	epochs	2.0
928.1590370021789	0.01683479999996962	epochs	3.0
928.1758718021789	0.01676980000002004	epochs	3.0
928.1926416021789	0.03334660000007261	epochs	2.0
928.1926416021789	0.016705300000012357	epochs	3.0
928.2093469021789	0.016641300000060255	epochs	3.0
928.225988202179	0.03309249999995245	epochs	2.0
928.225988202179	0.01657779999993636	epochs	3.0
928.2425660021789	0.01651470000001609	epochs	3.0
928.259080702179	0.03284229999997024	epochs	2.0
928.259080702179	0.01645220000000336	epochs	3.0
928.275532902179	0.01639009999996688	epochs	3.0
928.2919230021789	0.03259570000000167	epochs	2.0
928.2919230021789	0.016328400000020338	epochs	3.0
928.3082514021789	0.016267299999981333	epochs	3.0
928.3245187021789	0.032352899999978035	epochs	2.0
928.3245187021789	0.016206600000032267	epochs	3.0
928.340725302179	0.016146299999945768	epochs	3.0
928.3568716021789	0.032113700000081735	epochs	2.0
928.3568716021789	0.016086600000107865	epochs	3.0
928.372958202179	0.01602709999997387	epochs	3.0
928.388985302179	0.03187800000000607	epochs	2.0
928.388985302179	0.015968199999974786	epochs	3.0
928.404953502179	0.015909800000031282	epochs	3.0
928.420863302179	0.031645700000012766	epochs	2.0
928.420863302179	0.01585160000001906	epochs	3.0
928.436714902179	0.015794099999993705	epochs	3.0
928.452509002179	0.031416699999908815	epochs	2.0
928.452509002179	0.01573669999993399	epochs	3.0
928.4682457021789	0.015679999999974825	epochs	3.0
928.4839257021789	0.031191100000000915	epochs	2.0
928.4839257021789	0.015623600000026272	epochs	3.0
928.4995493021789	0.015567499999974643	epochs	3.0
928.5151168021789	0.030968700000016725	epochs	2.0
928.5151168021789	0.015512000000057924	epochs	3.0
928.530628802179	0.0154566999999588	epochs	3.0
928.5460855021789	0.03074950000006993	epochs	2.0
928.5460855021789	0.015401999999994587	epochs	3.0
928.5614875021789	0.015347500000075343	epochs	3.0
928.576835002179	0.030533199999922545	epochs	2.0
928.576835002179	0.015293399999904977	epochs	3.0
928.5921284021789	0.015239800000017567	epochs	3.0
928.6073682021789	0.03032010000003993	epochs	2.0
928.6073682021789	0.015186500000027081	epochs	3.0
928.622554702179	0.015133600000012848	epochs	3.0
928.637688302179	0.030109899999956724	epochs	2.0
928.637688302179	0.015081000000009226	epochs	3.0
928.652769302179	0.015028899999947498	epochs	3.0
928.6677982021789	0.02990250000004835	epochs	2.0
928.6677982021789	0.014977000000044427	epochs	3.0
928.682775202179	0.014925500000003922	epochs	3.0
928.697700702179	0.029698100000018712	epochs	2.0
928.697700702179	0.01487439999993967	epochs	3.0
928.7125751021789	0.014823700000079043	epochs	3.0
928.727398802179	0.02949630000000525	epochs	2.0
928.727398802179	0.014773199999922326	epochs	3.0
928.7421720021789	0.014723100000082923	epochs	3.0
928.756895102179	0.02929740000001857	epochs	2.0
928.756895102179	0.014673399999992398	epochs	3.0
928.771568502179	0.014624000000026172	epochs	3.0
928.786192502179	0.029101099999934377	epochs	2.0
928.786192502179	0.01457489999995687	epochs	3.0
928.800767402179	0.014526199999977507	epochs	3.0
928.8152936021789	0.028907399999980044	epochs	2.0
928.8152936021789	0.014477700000043114	epochs	3.0
928.829771302179	0.014429699999936929	epochs	3.0
928.8442010021789	0.028716200000076242	epochs	2.0
928.8442010021789	0.014381800000023759	epochs	3.0
928.858582802179	0.014334400000052483	epochs	3.0
928.872917202179	0.02852759999996124	epochs	2.0
928.872917202179	0.01428720000001249	epochs	3.0
928.887204402179	0.01424039999994875	epochs	3.0
928.901444802179	0.028341400000044814	epochs	2.0
928.901444802179	0.014193800000043666	epochs	3.0
928.915638602179	0.014147600000001148	epochs	3.0
928.929786202179	0.028157699999951546	epochs	2.0
928.929786202179	0.014101699999969242	epochs	3.0
928.943887902179	0.014055999999982305	epochs	3.0
928.957943902179	0.027976299999977527	epochs	2.0
928.957943902179	0.01401060000000598	epochs	3.0
928.971954502179	0.013965699999971548	epochs	3.0
928.9859202021789	0.02779720000000907	epochs	2.0
928.9859202021789	0.013920800000050804	epochs	3.0
928.999841002179	0.013876399999958267	epochs	3.0
929.0137174021789	0.027620400000046175	epochs	2.0
929.0137174021789	0.013832200000024386	epochs	3.0
929.027549602179	0.013788200000021789	epochs	3.0
929.041337802179	0.027445899999975154	epochs	2.0
929.041337802179	0.013744599999995444	epochs	3.0
929.055082402179	0.01370129999997971	epochs	3.0
929.068783702179	0.027273499999978412	epochs	2.0
929.068783702179	0.013658200000008947	epochs	3.0
929.082441902179	0.013615299999969466	epochs	3.0
929.0960572021789	0.027103399999987232	epochs	2.0
929.0960572021789	0.013572800000019924	epochs	3.0
929.109630002179	0.013530599999967308	epochs	3.0
929.1231606021789	0.02693520000002536	epochs	2.0
929.1231606021789	0.013488400000028378	epochs	3.0
929.136649002179	0.013446799999996983	epochs	3.0
929.150095802179	0.026769199999989723	epochs	2.0
929.150095802179	0.013405199999965589	epochs	3.0
929.1635010021789	0.013364000000024134	epochs	3.0
929.1768650021789	0.026605200000062723	epochs	2.0
929.1768650021789	0.013322900000048321	epochs	3.0
929.190187902179	0.013282300000014402	epochs	3.0
929.203470202179	0.0264431999999033	epochs	2.0
929.203470202179	0.013241699999980483	epochs	3.0
929.216711902179	0.013201499999922817	epochs	3.0
929.2299134021789	0.026283200000079887	epochs	2.0
929.2299134021789	0.013161500000023807	epochs	3.0
929.2430749021789	0.01312170000005608	epochs	3.0
929.256196602179	0.02612499999997908	epochs	2.0
929.256196602179	0.013082100000019636	epochs	3.0
929.269278702179	0.013042899999959445	epochs	3.0
929.282321602179	0.025968899999952555	epochs	2.0
929.282321602179	0.013003899999944224	epochs	3.0
929.2953255021789	0.012965000000008331	epochs	3.0
929.3082905021789	0.025814500000024054	epochs	2.0
929.3082905021789	0.01292640000008305	epochs	3.0
929.321216902179	0.012888099999941005	epochs	3.0
929.334105002179	0.025661900000045534	epochs	2.0
929.334105002179	0.012849899999991976	epochs	3.0
929.3469549021789	0.012812000000053558	epochs	3.0
929.359766902179	0.025511199999982637	epochs	2.0
929.359766902179	0.012774400000012065	epochs	3.0
929.372541302179	0.012736799999970572	epochs	3.0
929.385278102179	0.025362299999983406	epochs	2.0
929.385278102179	0.01269969999998466	epochs	3.0
929.397977802179	0.012662599999998747	epochs	3.0
929.410640402179	0.025215000000002874	epochs	2.0
929.410640402179	0.012625800000023446	epochs	3.0
929.423266202179	0.012589199999979428	epochs	3.0
929.435855402179	0.024584799999956886	epochs	2.0
929.458812802179	0.5	epochs	-1.0
929.4604402021789	0.532320000000027	epochs	1.0
929.9927602021789	0.4676000000000613	epochs	0.0
950.78600025177	0.1474399999999605	epochs	0.0
950.78600025177	0.06872180000004846	epochs	1.0
950.8547220517701	0.009996399999977257	epochs	1.0
950.86471845177	0.06872179999993477	epochs	1.0
950.93344025177	0.2299199999999928	epochs	0.0
950.93344025177	0.05000000000006821	epochs	1.0
950.98344025177	0.009999999999990905	epochs	1.0
950.99344025177	0.049999999999954525	epochs	1.0
951.04344025177	0.009999999999990905	epochs	1.0
951.05344025177	0.05000000000006821	epochs	1.0
951.10344025177	0.009999999999990905	epochs	1.0
951.11344025177	0.04991999999992913	epochs	1.0
1681.3470001220703	0.1474399999999605	epochs	0.0
1681.3470001220703	0.06872180000004846	epochs	1.0
1681.4157219220704	0.00999639999986357	epochs	1.0
1681.4257183220702	0.06872180000004846	epochs	1.0
1681.4944401220703	0.2299199999999928	epochs	0.0
1681.4944401220703	0.049999999999954525	epochs	1.0
1681.5444401220702	0.009999999999990905	epochs	1.0
1681.5544401220702	0.0500000000001819	epochs	1.0
1681.6044401220704	0.009999999999990905	epochs	1.0
1681.6144401220704	0.049999999999954525	epochs	1.0
1681.6644401220703	0.009999999999990905	epochs	1.0
1681.6744401220703	0.04991999999992913	epochs	1.0
1744.968999862671	0.1474399999999605	epochs	0.0
1744.968999862671	0.06872180000004846	epochs	1.0
1745.037721662671	0.00999639999986357	epochs	1.0
1745.0477180626708	0.06872180000004846	epochs	1.0
1745.1164398626709	2.9999199999999746	epochs	0.0
1745.1164398626709	1.0	epochs	1.0
1746.1164398626709	1.0	epochs	1.0
1747.1164398626709	0.9999199999999746	epochs	1.0
1749.1820001602173	0.1474399999999605	epochs	0.0
1749.1820001602173	0.06872180000004846	epochs	1.0
1749.2507219602173	0.00999639999986357	epochs	1.0
1749.2607183602172	0.06872180000004846	epochs	1.0
1749.3294401602172	2.9999199999999746	epochs	0.0
1749.3294401602172	1.0	epochs	1.0
1750.3294401602172	1.0	epochs	1.0
1751.3294401602172	0.9999199999999746	epochs	1.0
1753.383999824524	0.1474399999999605	epochs	0.0
1753.383999824524	0.06872180000004846	epochs	1.0
1753.452721624524	0.00999639999986357	epochs	1.0
1753.4627180245238	0.06872180000004846	epochs	1.0
1753.5314398245239	2.9999199999999746	epochs	0.0
1753.5314398245239	1.0	epochs	1.0
1754.5314398245239	1.0	epochs	1.0
1755.5314398245239	0.9999199999999746	epochs	1.0
1757.5809998512268	0.1474399999999605	epochs	0.0
1757.5809998512268	0.06872180000004846	epochs	1.0
1757.6497216512269	0.00999639999986357	epochs	1.0
1757.6597180512267	0.06872180000004846	epochs	1.0
1757.7284398512268	2.9999199999999746	epochs	0.0
1757.7284398512268	1.0	epochs	1.0
1758.7284398512268	1.0	epochs	1.0
1759.7284398512268	0.9999199999999746	epochs	1.0
1761.795000076294	0.1474399999999605	epochs	0.0
1761.795000076294	0.06872180000004846	epochs	1.0
1761.863721876294	0.00999639999986357	epochs	1.0
1761.8737182762939	0.06872180000004846	epochs	1.0
1761.942440076294	2.9999199999999746	epochs	0.0
1761.942440076294	1.0	epochs	1.0
1762.942440076294	1.0	epochs	1.0
1763.942440076294	0.9999199999999746	epochs	1.0
1766.0250000953674	0.1474399999999605	epochs	0.0
1766.0250000953674	0.06872180000004846	epochs	1.0
1766.0937218953675	0.00999639999986357	epochs	1.0
1766.1037182953673	0.06872180000004846	epochs	1.0
1766.1724400953674	2.9999199999999746	epochs	0.0
1766.1724400953674	1.0	epochs	1.0
1767.1724400953674	1.0	epochs	1.0
1768.1724400953674	0.9999199999999746	epochs	1.0
1770.2690000534058	0.1474399999999605	epochs	0.0
1770.2690000534058	0.06872180000004846	epochs	1.0
1770.3377218534058	0.00999639999986357	epochs	1.0
1770.3477182534057	0.06872180000004846	epochs	1.0
1770.4164400534057	2.9999199999999746	epochs	0.0
1770.4164400534057	1.0	epochs	1.0
1771.4164400534057	1.0	epochs	1.0
1772.4164400534057	0.9999199999999746	epochs	1.0
1774.5160002708435	0.1474399999999605	epochs	0.0
1774.5160002708435	0.06872180000004846	epochs	1.0
1774.5847220708436	0.00999639999986357	epochs	1.0
1774.5947184708434	0.06872180000004846	epochs	1.0
1774.6634402708435	2.9999199999999746	epochs	0.0
1774.6634402708435	1.0	epochs	1.0
1775.6634402708435	1.0	epochs	1.0
1776.6634402708435	0.9999199999999746	epochs	1.0
1778.7290000915527	0.1474399999999605	epochs	0.0
1778.7290000915527	0.06872180000004846	epochs	1.0
1778.7977218915528	0.00999639999986357	epochs	1.0
1778.8077182915526	0.06872180000004846	epochs	1.0
1778.8764400915527	2.9999199999999746	epochs	0.0
1778.8764400915527	1.0	epochs	1.0
1779.8764400915527	1.0	epochs	1.0
1780.8764400915527	0.9999199999999746	epochs	1.0
1782.978000164032	0.1474399999999605	epochs	0.0
1782.978000164032	0.06872180000004846	epochs	1.0
1783.046721964032	0.00999639999986357	epochs	1.0
1783.056718364032	0.06872180000004846	epochs	1.0
1783.125440164032	2.9999199999999746	epochs	0.0
1783.125440164032	1.0	epochs	1.0
1784.125440164032	1.0	epochs	1.0
1785.125440164032	0.9999199999999746	epochs	1.0
1787.1729998588562	0.1474399999999605	epochs	0.0
1787.1729998588562	0.06872180000004846	epochs	1.0
1787.2417216588562	0.00999639999986357	epochs	1.0
1787.251718058856	0.06872180000004846	epochs	1.0
1787.3204398588562	2.9999199999999746	epochs	0.0
1787.3204398588562	1.0	epochs	1.0
1788.3204398588562	1.0	epochs	1.0
1789.3204398588562	0.9999199999999746	epochs	1.0
1791.3920001983643	0.1474399999999605	epochs	0.0
1791.3920001983643	0.06872180000004846	epochs	1.0
1791.4607219983643	0.00999639999986357	epochs	1.0
1791.4707183983642	0.06872180000004846	epochs	1.0
1791.5394401983642	2.9999199999999746	epochs	0.0
1791.5394401983642	1.0	epochs	1.0
1792.5394401983642	1.0	epochs	1.0
1793.5394401983642	0.9999199999999746	epochs	1.0
1795.6110000610352	0.1474399999999605	epochs	0.0
1795.6110000610352	0.06872180000004846	epochs	1.0
1795.6797218610352	0.00999639999986357	epochs	1.0
1795.689718261035	0.06872180000004846	epochs	1.0
1795.7584400610351	2.9999199999999746	epochs	0.0
1795.7584400610351	1.0	epochs	1.0
1796.7584400610351	1.0	epochs	1.0
1797.7584400610351	0.9999199999999746	epochs	1.0
1799.8250002861023	0.1474399999999605	epochs	0.0
1799.8250002861023	0.06872180000004846	epochs	1.0
1799.8937220861023	0.00999639999986357	epochs	1.0
1799.9037184861022	0.06872180000004846	epochs	1.0
1799.9724402861023	2.9999199999999746	epochs	0.0
1799.9724402861023	1.0	epochs	1.0
1800.9724402861023	1.0	epochs	1.0
1801.9724402861023	0.9999199999999746	epochs	1.0
1804.0380001068115	0.1474399999999605	epochs	0.0
1804.0380001068115	0.06872180000004846	epochs	1.0
1804.1067219068116	0.00999639999986357	epochs	1.0
1804.1167183068114	0.06872180000004846	epochs	1.0
1804.1854401068115	2.9999199999999746	epochs	0.0
1804.1854401068115	1.0	epochs	1.0
1805.1854401068115	1.0	epochs	1.0
1806.1854401068115	0.9999199999999746	epochs	1.0
1808.231999874115	0.1474399999999605	epochs	0.0
1808.231999874115	0.06872180000004846	epochs	1.0
1808.300721674115	0.00999639999986357	epochs	1.0
1808.310718074115	0.06872180000004846	epochs	1.0
1808.379439874115	2.9999199999999746	epochs	0.0
1808.379439874115	1.0	epochs	1.0
1809.379439874115	1.0	epochs	1.0
1810.379439874115	0.9999199999999746	epochs	1.0
1812.4670000076294	0.1474399999999605	epochs	0.0
1812.4670000076294	0.06872180000004846	epochs	1.0
1812.5357218076294	0.00999639999986357	epochs	1.0
1812.5457182076293	0.06872180000004846	epochs	1.0
1812.6144400076294	2.9999199999999746	epochs	0.0
1812.6144400076294	1.0	epochs	1.0
1813.6144400076294	1.0	epochs	1.0
1814.6144400076294	0.9999199999999746	epochs	1.0
1816.7490000724792	0.1474399999999605	epochs	0.0
1816.7490000724792	0.06872180000004846	epochs	1.0
1816.8177218724793	0.00999639999986357	epochs	1.0
1816.8277182724792	0.06872180000004846	epochs	1.0
1816.8964400724792	2.9999199999999746	epochs	0.0
1816.8964400724792	1.0	epochs	1.0
1817.8964400724792	1.0	epochs	1.0
1818.8964400724792	0.9999199999999746	epochs	1.0
1821.0170001983643	0.1474399999999605	epochs	0.0
1821.0170001983643	0.06872180000004846	epochs	1.0
1821.0857219983643	0.00999639999986357	epochs	1.0
1821.0957183983642	0.06872180000004846	epochs	1.0
1821.1644401983642	2.9999199999999746	epochs	0.0
1821.1644401983642	1.0	epochs	1.0
1822.1644401983642	1.0	epochs	1.0
1823.1644401983642	0.9999199999999746	epochs	1.0
1825.2800002098083	0.1474399999999605	epochs	0.0
1825.2800002098083	0.06872180000004846	epochs	1.0
1825.3487220098084	0.00999639999986357	epochs	1.0
1825.3587184098083	0.06872180000004846	epochs	1.0
1825.4274402098083	2.9999199999999746	epochs	0.0
1825.4274402098083	0.900000000000091	epochs	1.0
1826.3274402098084	0.09999999999990905	epochs	1.0
1826.4274402098083	1.0	epochs	1.0
1827.4274402098083	0.9999199999999746	epochs	1.0
1829.5609998703003	0.1474399999999605	epochs	0.0
1829.5609998703003	0.06872180000004846	epochs	1.0
1829.6297216703003	0.00999639999986357	epochs	1.0
1829.6397180703002	0.06872180000004846	epochs	1.0
1829.7084398703003	2.9999199999999746	epochs	0.0
1829.7084398703003	0.900000000000091	epochs	1.0
1830.6084398703003	0.09999999999990905	epochs	1.0
1830.7084398703003	1.0	epochs	1.0
1831.7084398703003	0.9999199999999746	epochs	1.0
1833.853000164032	0.1474399999999605	epochs	0.0
1833.853000164032	0.06872180000004846	epochs	1.0
1833.921721964032	0.00999639999986357	epochs	1.0
1833.931718364032	0.06872180000004846	epochs	1.0
1834.000440164032	2.9999199999999746	epochs	0.0
1834.000440164032	0.900000000000091	epochs	1.0
1834.900440164032	0.09999999999990905	epochs	1.0
1835.000440164032	1.0	epochs	1.0
1836.000440164032	0.9999199999999746	epochs	1.0
1838.1090002059937	0.1474399999999605	epochs	0.0
1838.1090002059937	0.06872180000004846	epochs	1.0
1838.1777220059937	0.00999639999986357	epochs	1.0
1838.1877184059936	0.06872180000004846	epochs	1.0
1838.2564402059936	2.9999199999999746	epochs	0.0
1838.2564402059936	0.900000000000091	epochs	1.0
1839.1564402059937	0.09999999999990905	epochs	1.0
1839.2564402059936	1.0	epochs	1.0
1840.2564402059936	0.9999199999999746	epochs	1.0
1842.4000000953674	0.1474399999999605	epochs	0.0
1842.4000000953674	0.06872180000004846	epochs	1.0
1842.4687218953675	0.00999639999986357	epochs	1.0
1842.4787182953673	0.06872180000004846	epochs	1.0
1842.5474400953674	2.9999199999999746	epochs	0.0
1842.5474400953674	0.900000000000091	epochs	1.0
1843.4474400953675	0.09999999999990905	epochs	1.0
1843.5474400953674	1.0	epochs	1.0
1844.5474400953674	0.9999199999999746	epochs	1.0
1846.6490001678467	0.1474399999999605	epochs	0.0
1846.6490001678467	0.06872180000004846	epochs	1.0
1846.7177219678467	0.00999639999986357	epochs	1.0
1846.7277183678466	0.06872180000004846	epochs	1.0
1846.7964401678466	2.9999199999999746	epochs	0.0
1846.7964401678466	0.900000000000091	epochs	1.0
1847.6964401678467	0.09999999999990905	epochs	1.0
1847.7964401678466	1.0	epochs	1.0
1848.7964401678466	0.9999199999999746	epochs	1.0
1850.9180002212524	0.1474399999999605	epochs	0.0
1850.9180002212524	0.06872180000004846	epochs	1.0
1850.9867220212525	0.00999639999986357	epochs	1.0
1850.9967184212524	0.06872180000004846	epochs	1.0
1851.0654402212524	2.9999199999999746	epochs	0.0
1851.0654402212524	0.900000000000091	epochs	1.0
1851.9654402212525	0.09999999999990905	epochs	1.0
1852.0654402212524	1.0	epochs	1.0
1853.0654402212524	0.9999199999999746	epochs	1.0
1855.183000087738	0.1474399999999605	epochs	0.0
1855.183000087738	0.06872180000004846	epochs	1.0
1855.251721887738	0.00999639999986357	epochs	1.0
1855.261718287738	0.06872180000004846	epochs	1.0
1855.330440087738	2.9999199999999746	epochs	0.0
1855.330440087738	0.900000000000091	epochs	1.0
1856.230440087738	0.09999999999990905	epochs	1.0
1856.330440087738	1.0	epochs	1.0
1857.330440087738	0.9999199999999746	epochs	1.0
1859.4640002250671	0.1474399999999605	epochs	0.0
1859.4640002250671	0.06872180000004846	epochs	1.0
1859.5327220250672	0.00999639999986357	epochs	1.0
1859.542718425067	0.06872180000004846	epochs	1.0
1859.611440225067	2.9999199999999746	epochs	0.0
1859.611440225067	0.900000000000091	epochs	1.0
1860.5114402250672	0.09999999999990905	epochs	1.0
1860.611440225067	1.0	epochs	1.0
1861.611440225067	0.9999199999999746	epochs	1.0
1863.776999950409	0.1474399999999605	epochs	0.0
1863.776999950409	0.06872180000004846	epochs	1.0
1863.845721750409	0.00999639999986357	epochs	1.0
1863.8557181504088	0.06872180000004846	epochs	1.0
1863.924439950409	2.9999199999999746	epochs	0.0
1863.924439950409	1.0	epochs	1.0
1864.924439950409	1.0	epochs	1.0
1865.924439950409	0.9999199999999746	epochs	1.0
1868.031000137329	0.1474399999999605	epochs	0.0
1868.031000137329	0.06872180000004846	epochs	1.0
1868.0997219373292	0.00999639999986357	epochs	1.0
1868.109718337329	0.06872180000004846	epochs	1.0
1868.178440137329	2.9999199999999746	epochs	0.0
1868.178440137329	1.0	epochs	1.0
1869.178440137329	1.0	epochs	1.0
1870.178440137329	0.9999199999999746	epochs	1.0
1872.3109998703003	0.1474399999999605	epochs	0.0
1872.3109998703003	0.06872180000004846	epochs	1.0
1872.3797216703003	0.00999639999986357	epochs	1.0
1872.3897180703002	0.06872180000004846	epochs	1.0
1872.4584398703003	2.9999199999999746	epochs	0.0
1872.4584398703003	1.0	epochs	1.0
1873.4584398703003	1.0	epochs	1.0
1874.4584398703003	0.9999199999999746	epochs	1.0
1876.5869998931885	0.1474399999999605	epochs	0.0
1876.5869998931885	0.06872180000004846	epochs	1.0
1876.6557216931885	0.00999639999986357	epochs	1.0
1876.6657180931884	0.06872180000004846	epochs	1.0
1876.7344398931884	2.9999199999999746	epochs	0.0
1876.7344398931884	1.0	epochs	1.0
1877.7344398931884	1.0	epochs	1.0
1878.7344398931884	0.9999199999999746	epochs	1.0
1880.9120001792908	0.1474399999999605	epochs	0.0
1880.9120001792908	0.06872180000004846	epochs	1.0
1880.9807219792908	0.00999639999986357	epochs	1.0
1880.9907183792907	0.06872180000004846	epochs	1.0
1881.0594401792907	2.9999199999999746	epochs	0.0
1881.0594401792907	1.0	epochs	1.0
1882.0594401792907	1.0	epochs	1.0
1883.0594401792907	0.9999199999999746	epochs	1.0
1885.1989998817444	0.1474399999999605	epochs	0.0
1885.1989998817444	0.06872180000004846	epochs	1.0
1885.2677216817444	0.00999639999986357	epochs	1.0
1885.2777180817443	0.06872180000004846	epochs	1.0
1885.3464398817443	2.9999199999999746	epochs	0.0
1885.3464398817443	1.0	epochs	1.0
1886.3464398817443	1.0	epochs	1.0
1887.3464398817443	0.9999199999999746	epochs	1.0
1889.4889998435974	0.1474399999999605	epochs	0.0
1889.4889998435974	0.06872180000004846	epochs	1.0
1889.5577216435975	0.00999639999986357	epochs	1.0
1889.5677180435973	0.06872180000004846	epochs	1.0
1889.6364398435974	2.9999199999999746	epochs	0.0
1889.6364398435974	1.0	epochs	1.0
1890.6364398435974	1.0	epochs	1.0
1891.6364398435974	0.9999199999999746	epochs	1.0
1893.773000240326	0.1474399999999605	epochs	0.0
1893.773000240326	0.06872180000004846	epochs	1.0
1893.841722040326	0.00999639999986357	epochs	1.0
1893.8517184403258	0.06872180000004846	epochs	1.0
1893.920440240326	2.9999199999999746	epochs	0.0
1893.920440240326	1.0	epochs	1.0
1894.920440240326	1.0	epochs	1.0
1895.920440240326	0.9999199999999746	epochs	1.0
1898.0659999847412	0.1474399999999605	epochs	0.0
1898.0659999847412	0.06872180000004846	epochs	1.0
1898.1347217847413	0.00999639999986357	epochs	1.0
1898.1447181847411	0.06872180000004846	epochs	1.0
1898.2134399847412	2.9999199999999746	epochs	0.0
1898.2134399847412	1.0	epochs	1.0
1899.2134399847412	1.0	epochs	1.0
1900.2134399847412	0.9999199999999746	epochs	1.0
1902.3689999580383	0.1474399999999605	epochs	0.0
1902.3689999580383	0.06872180000004846	epochs	1.0
1902.4377217580384	0.00999639999986357	epochs	1.0
1902.4477181580382	0.06872180000004846	epochs	1.0
1902.5164399580383	2.9999199999999746	epochs	0.0
1902.5164399580383	1.0	epochs	1.0
1903.5164399580383	1.0	epochs	1.0
1904.5164399580383	0.9999199999999746	epochs	1.0
1906.6540002822876	0.1474399999999605	epochs	0.0
1906.6540002822876	0.06872180000004846	epochs	1.0
1906.7227220822876	0.00999639999986357	epochs	1.0
1906.7327184822875	0.06872180000004846	epochs	1.0
1906.8014402822876	2.9999199999999746	epochs	0.0
1906.8014402822876	1.0	epochs	1.0
1907.8014402822876	1.0	epochs	1.0
1908.8014402822876	0.9999199999999746	epochs	1.0
1910.9520001411438	0.1474399999999605	epochs	0.0
1910.9520001411438	0.06872180000004846	epochs	1.0
1911.0207219411438	0.00999639999986357	epochs	1.0
1911.0307183411437	0.06872180000004846	epochs	1.0
1911.0994401411438	2.9999199999999746	epochs	0.0
1911.0994401411438	1.0	epochs	1.0
1912.0994401411438	1.0	epochs	1.0
1913.0994401411438	0.9999199999999746	epochs	1.0
1915.2530002593994	0.1474399999999605	epochs	0.0
1915.2530002593994	0.06872180000004846	epochs	1.0
1915.3217220593995	0.00999639999986357	epochs	1.0
1915.3317184593993	0.06872180000004846	epochs	1.0
1915.4004402593994	2.9999199999999746	epochs	0.0
1915.4004402593994	1.0	epochs	1.0
1916.4004402593994	1.0	epochs	1.0
1917.4004402593994	0.9999199999999746	epochs	1.0
1919.5780000686646	0.1474399999999605	epochs	0.0
1919.5780000686646	0.06872180000004846	epochs	1.0
1919.6467218686646	0.00999639999986357	epochs	1.0
1919.6567182686645	0.06872180000004846	epochs	1.0
1919.7254400686645	2.9999199999999746	epochs	0.0
1919.7254400686645	1.0	epochs	1.0
1920.7254400686645	1.0	epochs	1.0
1921.7254400686645	0.9999199999999746	epochs	1.0
1923.866000175476	0.1474399999999605	epochs	0.0
1923.866000175476	0.06872180000004846	epochs	1.0
1923.9347219754761	0.00999639999986357	epochs	1.0
1923.944718375476	0.06872180000004846	epochs	1.0
1924.013440175476	2.9999199999999746	epochs	0.0
1924.013440175476	1.0	epochs	1.0
1925.013440175476	1.0	epochs	1.0
1926.013440175476	0.9999199999999746	epochs	1.0
1928.1490001678467	0.1474399999999605	epochs	0.0
1928.1490001678467	0.06872180000004846	epochs	1.0
1928.2177219678467	0.00999639999986357	epochs	1.0
1928.2277183678466	0.06872180000004846	epochs	1.0
1928.2964401678466	2.9999199999999746	epochs	0.0
1928.2964401678466	1.0	epochs	1.0
1929.2964401678466	1.0	epochs	1.0
1930.2964401678466	0.9999199999999746	epochs	1.0
1932.4580001831055	0.1474399999999605	epochs	0.0
1932.4580001831055	0.06872180000004846	epochs	1.0
1932.5267219831055	0.00999639999986357	epochs	1.0
1932.5367183831054	0.06872180000004846	epochs	1.0
1932.6054401831054	2.9999199999999746	epochs	0.0
1932.6054401831054	1.0	epochs	1.0
1933.6054401831054	1.0	epochs	1.0
1934.6054401831054	0.9999199999999746	epochs	1.0
1936.7699999809265	0.1474399999999605	epochs	0.0
1936.7699999809265	0.06872180000004846	epochs	1.0
1936.8387217809266	0.00999639999986357	epochs	1.0
1936.8487181809264	0.06872180000004846	epochs	1.0
1936.9174399809265	2.9999199999999746	epochs	0.0
1936.9174399809265	1.0	epochs	1.0
1937.9174399809265	1.0	epochs	1.0
1938.9174399809265	0.9999199999999746	epochs	1.0
1941.0720000267029	0.1474399999999605	epochs	0.0
1941.0720000267029	0.06872180000004846	epochs	1.0
1941.140721826703	0.00999639999986357	epochs	1.0
1941.1507182267028	0.06872180000004846	epochs	1.0
1941.2194400267028	2.9999199999999746	epochs	0.0
1941.2194400267028	1.0	epochs	1.0
1942.2194400267028	1.0	epochs	1.0
1943.2194400267028	0.9999199999999746	epochs	1.0
1945.4260001182556	0.1474399999999605	epochs	0.0
1945.4260001182556	0.06872180000004846	epochs	1.0
1945.4947219182557	0.00999639999986357	epochs	1.0
1945.5047183182555	0.06872180000004846	epochs	1.0
1945.5734401182556	3.604880000000094	epochs	0.0
1945.5734401182556	2.0	epochs	1.0
1947.5734401182556	0.2999999999999545	epochs	1.0
1947.8734401182555	0.005000000000109139	epochs	1.0
1947.8784401182556	0.2999999999999545	epochs	1.0
1948.1784401182556	0.9998800000000756	epochs	1.0
1950.3450002670288	0.1474399999999605	epochs	0.0
1950.3450002670288	0.06872180000004846	epochs	1.0
1950.4137220670289	0.00999639999986357	epochs	1.0
1950.4237184670287	0.06872180000004846	epochs	1.0
1950.4924402670288	3.604880000000094	epochs	0.0
1950.4924402670288	2.0	epochs	1.0
1952.4924402670288	0.2999999999999545	epochs	1.0
1952.7924402670287	0.009999999999990905	epochs	1.0
1952.8024402670287	0.3000000000001819	epochs	1.0
1953.102440267029	0.9948799999999665	epochs	1.0
1955.2579998970032	0.1474399999999605	epochs	0.0
1955.2579998970032	0.06872180000004846	epochs	1.0
1955.3267216970032	0.00999639999986357	epochs	1.0
1955.336718097003	0.06872180000004846	epochs	1.0
1955.4054398970031	3.604880000000094	epochs	0.0
1955.4054398970031	2.0	epochs	1.0
1957.4054398970031	0.2999999999999545	epochs	1.0
1957.705439897003	0.015000000000100044	epochs	1.0
1957.7204398970032	0.2999999999999545	epochs	1.0
1958.0204398970031	0.9898800000000847	epochs	1.0
1960.1960000991821	0.1474399999999605	epochs	0.0
1960.1960000991821	0.06872180000004846	epochs	1.0
1960.2647218991822	0.00999639999986357	epochs	1.0
1960.274718299182	0.06872180000004846	epochs	1.0
1960.343440099182	3.604880000000094	epochs	0.0
1960.343440099182	2.0	epochs	1.0
1962.343440099182	0.2999999999999545	epochs	1.0
1962.643440099182	0.01999999999998181	epochs	1.0
1962.663440099182	0.3000000000001819	epochs	1.0
1962.9634400991822	0.9848799999999756	epochs	1.0
1965.1100001335144	0.1474399999999605	epochs	0.0
1965.1100001335144	0.06872180000004846	epochs	1.0
1965.1787219335145	0.00999639999986357	epochs	1.0
1965.1887183335143	0.06872180000004846	epochs	1.0
1965.2574401335144	3.604880000000094	epochs	0.0
1965.2574401335144	2.0	epochs	1.0
1967.2574401335144	0.2999999999999545	epochs	1.0
1967.5574401335143	0.02500000000009095	epochs	1.0
1967.5824401335144	0.2999999999999545	epochs	1.0
1967.8824401335144	0.9798800000000938	epochs	1.0
1970.0729999542236	0.1474399999999605	epochs	0.0
1970.0729999542236	0.06872180000004846	epochs	1.0
1970.1417217542237	0.00999639999986357	epochs	1.0
1970.1517181542235	0.06872180000004846	epochs	1.0
1970.2204399542236	3.604880000000094	epochs	0.0
1970.2204399542236	2.0	epochs	1.0
1972.2204399542236	0.2999999999999545	epochs	1.0
1972.5204399542235	0.029999999999972715	epochs	1.0
1972.5504399542235	0.3000000000001819	epochs	1.0
1972.8504399542237	0.9748799999999846	epochs	1.0
1974.9939999580383	0.1474399999999605	epochs	0.0
1974.9939999580383	0.06872180000004846	epochs	1.0
1975.0627217580384	0.00999639999986357	epochs	1.0
1975.0727181580382	0.06872180000004846	epochs	1.0
1975.1414399580383	3.604880000000094	epochs	0.0
1975.1414399580383	2.0	epochs	1.0
1977.1414399580383	0.2999999999999545	epochs	1.0
1977.4414399580382	0.035000000000081855	epochs	1.0
1977.4764399580383	0.2999999999999545	epochs	1.0
1977.7764399580383	0.9698800000001029	epochs	1.0
1979.909999847412	0.1474399999999605	epochs	0.0
1979.909999847412	0.06872180000004846	epochs	1.0
1979.9787216474122	0.00999639999986357	epochs	1.0
1979.988718047412	0.06872180000004846	epochs	1.0
1980.057439847412	3.604880000000094	epochs	0.0
1980.057439847412	2.0	epochs	1.0
1982.057439847412	0.2999999999999545	epochs	1.0
1982.357439847412	0.040000000000190994	epochs	1.0
1982.3974398474122	0.2999999999999545	epochs	1.0
1982.6974398474122	0.9648799999999937	epochs	1.0
1984.8550000190735	0.1474399999999605	epochs	0.0
1984.8550000190735	0.06872180000004846	epochs	1.0
1984.9237218190735	0.00999639999986357	epochs	1.0
1984.9337182190734	0.06872180000004846	epochs	1.0
1985.0024400190734	3.604880000000094	epochs	0.0
1985.0024400190734	2.0	epochs	1.0
1987.0024400190734	0.2999999999999545	epochs	1.0
1987.3024400190734	0.04500000000007276	epochs	1.0
1987.3474400190735	0.2999999999999545	epochs	1.0
1987.6474400190734	0.959880000000112	epochs	1.0
1989.7790002822876	0.1474399999999605	epochs	0.0
1989.7790002822876	0.06872180000004846	epochs	1.0
1989.8477220822876	0.00999639999986357	epochs	1.0
1989.8577184822875	0.06872180000004846	epochs	1.0
1989.9264402822876	3.604880000000094	epochs	0.0
1989.9264402822876	2.0	epochs	1.0
1991.9264402822876	0.2999999999999545	epochs	1.0
1992.2264402822875	0.0500000000001819	epochs	1.0
1992.2764402822877	0.2999999999999545	epochs	1.0
1992.5764402822876	0.9548800000000028	epochs	1.0
1994.7249999046326	0.1474399999999605	epochs	0.0
1994.7249999046326	0.06872180000004846	epochs	1.0
1994.7937217046326	0.00999639999986357	epochs	1.0
1994.8037181046325	0.06872180000004846	epochs	1.0
1994.8724399046325	3.69992000000002	epochs	0.0
1994.8724399046325	2.0	epochs	1.0
1996.8724399046325	0.2999999999999545	epochs	1.0
1997.1724399046325	0.10000000000013642	epochs	1.0
1997.2724399046326	0.2999999999999545	epochs	1.0
1997.5724399046326	0.9999199999999746	epochs	1.0
2002.1009998321533	0.1474399999999605	epochs	0.0
2002.1009998321533	0.06872180000004846	epochs	1.0
2002.1697216321534	0.00999639999986357	epochs	1.0
2002.1797180321532	0.06872180000004846	epochs	1.0
2002.2484398321533	3.69992000000002	epochs	0.0
2002.2484398321533	2.0	epochs	1.0
2004.2484398321533	0.2999999999999545	epochs	1.0
2004.5484398321532	0.20000000000004547	epochs	1.0
2004.7484398321533	0.2999999999999545	epochs	1.0
2005.0484398321532	0.8999200000000656	epochs	1.0
2009.3959999084473	0.1474399999999605	epochs	0.0
2009.3959999084473	0.06872180000004846	epochs	1.0
2009.4647217084473	0.00999639999986357	epochs	1.0
2009.4747181084472	0.06872180000004846	epochs	1.0
2009.5434399084472	3.69992000000002	epochs	0.0
2009.5434399084472	2.0	epochs	1.0
2011.5434399084472	0.2999999999999545	epochs	1.0
2011.8434399084472	0.3000000000001819	epochs	1.0
2012.1434399084474	0.2999999999999545	epochs	1.0
2012.4434399084473	0.7999199999999291	epochs	1.0
2016.6979999542236	0.1474399999999605	epochs	0.0
2016.6979999542236	0.06872180000004846	epochs	1.0
2016.7667217542237	0.00999639999986357	epochs	1.0
2016.7767181542235	0.06872180000004846	epochs	1.0
2016.8454399542236	3.69992000000002	epochs	0.0
2016.8454399542236	2.0	epochs	1.0
2018.8454399542236	0.2999999999999545	epochs	1.0
2019.1454399542235	0.40000000000009095	epochs	1.0
2019.5454399542236	0.2999999999999545	epochs	1.0
2019.8454399542236	0.6999200000000201	epochs	1.0
2024.0209999084473	0.1474399999999605	epochs	0.0
2024.0209999084473	0.06872180000004846	epochs	1.0
2024.0897217084473	0.00999639999986357	epochs	1.0
2024.0997181084472	0.06872180000004846	epochs	1.0
2024.1684399084472	3.69992000000002	epochs	0.0
2024.1684399084472	2.0	epochs	1.0
2026.1684399084472	0.2999999999999545	epochs	1.0
2026.4684399084472	0.5	epochs	1.0
2026.9684399084472	0.3000000000001819	epochs	1.0
2027.2684399084474	0.5999199999998837	epochs	1.0
2031.4050002098083	0.1474399999999605	epochs	0.0
2031.4050002098083	0.06872180000004846	epochs	1.0
2031.4737220098084	0.00999639999986357	epochs	1.0
2031.4837184098083	0.06872180000004846	epochs	1.0
2031.5524402098083	7.599920000000111	epochs	0.0
2031.5524402098083	2.0	epochs	1.0
2033.5524402098083	0.2999999999999545	epochs	1.0
2033.8524402098083	1.0	epochs	1.0
2034.8524402098083	0.3000000000001819	epochs	1.0
2035.1524402098084	1.0	epochs	1.0
2036.1524402098084	2.9999199999999746	epochs	1.0
2042.2870001792908	0.1474399999999605	epochs	0.0
2042.2870001792908	0.06872180000004846	epochs	1.0
2042.3557219792908	0.00999639999986357	epochs	1.0
2042.3657183792907	0.06872180000004846	epochs	1.0
2042.4344401792907	7.599919999999884	epochs	0.0
2042.4344401792907	2.0	epochs	1.0
2044.4344401792907	0.2999999999999545	epochs	1.0
2044.7344401792907	2.0	epochs	1.0
2046.7344401792907	0.3000000000001819	epochs	1.0
2047.0344401792909	1.0	epochs	1.0
2048.034440179291	1.9999199999997472	epochs	1.0
2053.1360001564026	0.14744000000018787	epochs	0.0
2053.1360001564026	0.06872179999982109	epochs	1.0
2053.2047219564024	0.009996400000090944	epochs	1.0
2053.2147183564025	0.06872180000027583	epochs	1.0
2053.283440156403	7.599919999999656	epochs	0.0
2053.283440156403	2.0	epochs	1.0
2055.283440156403	0.29999999999972715	epochs	1.0
2055.5834401564025	3.0	epochs	1.0
2058.5834401564025	0.3000000000001819	epochs	1.0
2058.8834401564027	1.0	epochs	1.0
2059.8834401564027	0.9999199999997472	epochs	1.0
2063.9570002555847	0.14744000000018787	epochs	0.0
2063.9570002555847	0.06872179999982109	epochs	1.0
2064.0257220555845	0.009996400000090944	epochs	1.0
2064.0357184555846	0.06872180000027583	epochs	1.0
2064.104440255585	7.599919999999656	epochs	0.0
2064.104440255585	2.0	epochs	1.0
2066.104440255585	0.29999999999972715	epochs	1.0
2066.4044402555846	4.0	epochs	1.0
2070.4044402555846	0.3000000000001819	epochs	1.0
2070.704440255585	0.9999199999997472	epochs	1.0
