onset	duration	nwb_table	treelevel
7.750999927520752	0.09999999999999964	epochs	0.0
7.750999927520752	0.04499999999999993	epochs	1.0
7.795999927520752	0.009999999999999787	epochs	1.0
7.805999927520752	0.04499999999999993	epochs	1.0
7.850999927520752	0.7049950000000003	epochs	0.0
7.850999927520752	0.5	epochs	-1.0
7.850999927520752	0.5	epochs	-1.0
7.850999927520752	0.5	epochs	1.0
8.350999927520752	0.0600000000000005	epochs	-1.0
8.350999927520752	0.025000000000000355	epochs	-1.0
8.350999927520752	0.025000000000000355	epochs	1.0
8.375999927520752	0.009999999999999787	epochs	-1.0
8.375999927520752	0.009999999999999787	epochs	1.0
8.385999927520752	0.025000000000000355	epochs	-1.0
8.385999927520752	0.025000000000000355	epochs	1.0
8.410999927520752	0.0600000000000005	epochs	-1.0
8.410999927520752	0.025000000000000355	epochs	-1.0
8.410999927520752	0.025000000000000355	epochs	1.0
8.435999927520752	0.009999999999999787	epochs	-1.0
8.435999927520752	0.009999999999999787	epochs	1.0
8.445999927520752	0.025000000000000355	epochs	-1.0
8.445999927520752	0.025000000000000355	epochs	1.0
8.470999927520753	0.05999999999999872	epochs	-1.0
8.470999927520753	0.02499999999999858	epochs	-1.0
8.470999927520753	0.02499999999999858	epochs	1.0
8.495999927520751	0.010000000000001563	epochs	-1.0
8.495999927520751	0.010000000000001563	epochs	1.0
8.505999927520753	0.02499999999999858	epochs	-1.0
8.505999927520753	0.02499999999999858	epochs	1.0
8.530999927520751	0.024995000000000545	epochs	1.0
418.0	0.10000000000002274	epochs	0.0
418.0	0.045000000000015916	epochs	1.0
418.045	0.009999999999990905	epochs	1.0
418.055	0.045000000000015916	epochs	1.0
418.1	0.7049949999999967	epochs	0.0
418.1	0.5	epochs	-1.0
418.1	0.5	epochs	1.0
418.6	0.060000000000002274	epochs	-1.0
418.6	0.024999999999977263	epochs	-1.0
418.6	0.024999999999977263	epochs	1.0
418.625	0.009999999999990905	epochs	-1.0
418.625	0.009999999999990905	epochs	1.0
418.635	0.025000000000034106	epochs	-1.0
418.635	0.025000000000034106	epochs	1.0
418.66	0.060000000000002274	epochs	-1.0
418.66	0.024999999999977263	epochs	-1.0
418.66	0.024999999999977263	epochs	1.0
418.685	0.009999999999990905	epochs	-1.0
418.685	0.009999999999990905	epochs	1.0
418.695	0.025000000000034106	epochs	-1.0
418.695	0.025000000000034106	epochs	1.0
418.72	0.05999999999994543	epochs	-1.0
418.72	0.024999999999977263	epochs	-1.0
418.72	0.024999999999977263	epochs	1.0
418.745	0.009999999999990905	epochs	-1.0
418.745	0.009999999999990905	epochs	1.0
418.755	0.024999999999977263	epochs	-1.0
418.755	0.024999999999977263	epochs	1.0
418.78	0.02499500000004673	epochs	1.0
523.6439995765686	0.10000000000002274	epochs	0.0
523.6439995765686	0.04499999999995907	epochs	1.0
523.6889995765686	0.009999999999990905	epochs	1.0
523.6989995765686	0.04500000000007276	epochs	1.0
523.7439995765686	61.384995	epochs	0.0
523.7439995765686	0.5	epochs	-1.0
523.7439995765686	0.5	epochs	-1.0
523.7439995765686	0.5	epochs	1.0
524.2439995765686	0.05999999999994543	epochs	-1.0
524.2439995765686	0.024999999999977263	epochs	-1.0
524.2439995765686	0.024999999999977263	epochs	1.0
524.2689995765686	0.009999999999990905	epochs	-1.0
524.2689995765686	0.009999999999990905	epochs	1.0
524.2789995765686	0.024999999999977263	epochs	-1.0
524.2789995765686	0.024999999999977263	epochs	1.0
524.3039995765686	0.06000000000005912	epochs	-1.0
524.3039995765686	0.024999999999977263	epochs	-1.0
524.3039995765686	0.024999999999977263	epochs	1.0
524.3289995765685	0.010000000000104592	epochs	-1.0
524.3289995765685	0.010000000000104592	epochs	1.0
524.3389995765687	0.024999999999977263	epochs	-1.0
524.3389995765687	0.024999999999977263	epochs	1.0
524.3639995765686	0.05999999999994543	epochs	-1.0
524.3639995765686	0.024999999999977263	epochs	-1.0
524.3639995765686	0.024999999999977263	epochs	1.0
524.3889995765686	0.009999999999990905	epochs	-1.0
524.3889995765686	0.009999999999990905	epochs	1.0
524.3989995765686	0.024999999999977263	epochs	-1.0
524.3989995765686	0.024999999999977263	epochs	1.0
524.4239995765686	60.0	epochs	1.0
584.4239995765686	0.5	epochs	-1.0
584.4239995765686	0.5	epochs	-1.0
584.4239995765686	0.5	epochs	1.0
584.9239995765686	0.06000000000005912	epochs	-1.0
584.9239995765686	0.024999999999977263	epochs	-1.0
584.9239995765686	0.024999999999977263	epochs	1.0
584.9489995765686	0.010000000000104592	epochs	-1.0
584.9489995765686	0.010000000000104592	epochs	1.0
584.9589995765687	0.024999999999977263	epochs	-1.0
584.9589995765687	0.024999999999977263	epochs	1.0
584.9839995765686	0.05999999999994543	epochs	-1.0
584.9839995765686	0.024999999999977263	epochs	-1.0
584.9839995765686	0.024999999999977263	epochs	1.0
585.0089995765686	0.009999999999990905	epochs	-1.0
585.0089995765686	0.009999999999990905	epochs	1.0
585.0189995765686	0.024999999999977263	epochs	-1.0
585.0189995765686	0.024999999999977263	epochs	1.0
585.0439995765686	0.06000000000005912	epochs	-1.0
585.0439995765686	0.024999999999977263	epochs	-1.0
585.0439995765686	0.024999999999977263	epochs	1.0
585.0689995765686	0.009999999999990905	epochs	-1.0
585.0689995765686	0.009999999999990905	epochs	1.0
585.0789995765685	0.02500000000009095	epochs	-1.0
585.0789995765685	0.02500000000009095	epochs	1.0
585.1039995765686	0.024994999999989886	epochs	1.0
636.6539998054504	0.10000000000002274	epochs	0.0
636.6539998054504	0.04499999999995907	epochs	1.0
636.6989998054504	0.009999999999990905	epochs	1.0
636.7089998054504	0.04500000000007276	epochs	1.0
636.7539998054505	0.5001700000000255	epochs	0.0
636.7539998054505	0.5	epochs	-1.0
636.7539998054505	0.5	epochs	-1.0
636.7539998054505	0.5	epochs	1.0
637.2539998054505	0.0001700000000255386	epochs	-1.0
637.2539998054505	0.0001700000000255386	epochs	-1.0
637.2539998054505	0.0001700000000255386	epochs	1.0
637.2541698054505	0.20482499999991433	epochs	0.0
637.5409998893738	0.10000000000002274	epochs	0.0
637.5409998893738	0.04499999999995907	epochs	1.0
637.5859998893737	0.009999999999990905	epochs	1.0
637.5959998893737	0.04500000000007276	epochs	1.0
637.6409998893738	0.7049949999999399	epochs	0.0
637.6409998893738	0.5	epochs	-1.0
637.6409998893738	0.5	epochs	-1.0
637.6409998893738	0.5	epochs	1.0
638.1409998893738	0.05999999999994543	epochs	-1.0
638.1409998893738	0.024999999999977263	epochs	-1.0
638.1409998893738	0.024999999999977263	epochs	1.0
638.1659998893738	0.009999999999990905	epochs	-1.0
638.1659998893738	0.009999999999990905	epochs	1.0
638.1759998893738	0.024999999999977263	epochs	-1.0
638.1759998893738	0.024999999999977263	epochs	1.0
638.2009998893737	0.06000000000005912	epochs	-1.0
638.2009998893737	0.024999999999977263	epochs	-1.0
638.2009998893737	0.024999999999977263	epochs	1.0
638.2259998893737	0.010000000000104592	epochs	-1.0
638.2259998893737	0.010000000000104592	epochs	1.0
638.2359998893738	0.024999999999977263	epochs	-1.0
638.2359998893738	0.024999999999977263	epochs	1.0
638.2609998893738	0.05999999999994543	epochs	-1.0
638.2609998893738	0.024999999999977263	epochs	-1.0
638.2609998893738	0.024999999999977263	epochs	1.0
638.2859998893738	0.009999999999990905	epochs	-1.0
638.2859998893738	0.009999999999990905	epochs	1.0
638.2959998893738	0.024999999999977263	epochs	-1.0
638.2959998893738	0.024999999999977263	epochs	1.0
638.3209998893738	0.024994999999989886	epochs	1.0
711.2549996376038	0.057140000000003965	epochs	0.0
711.2549996376038	0.023570299999960298	epochs	1.0
711.2785699376037	0.00999940000008337	epochs	1.0
711.2885693376038	0.023570299999960298	epochs	1.0
711.3121396376038	3.4999800000000505	epochs	0.0
711.3121396376038	0.5	epochs	1.0
711.3121425376038	0.5	epochs	-1.0
711.8121396376038	1.0	epochs	1.0
712.8121396376038	1.9999800000000505	epochs	1.0
713.3121425376038	0.5	epochs	-1.0
713.8121425376038	0.5	epochs	-1.0
715.1549997329712	0.057140000000003965	epochs	0.0
715.1549997329712	0.023570299999960298	epochs	1.0
715.1785700329712	0.00999940000008337	epochs	1.0
715.1885694329712	0.023570299999960298	epochs	1.0
715.2121397329712	0.5429599999999937	epochs	0.0
715.2121397329712	0.5	epochs	1.0
715.2121426329712	0.5	epochs	-1.0
715.7121397329712	0.04295999999999367	epochs	1.0
715.7550997329712	2.957020000000057	epochs	0.0
728.3669996261597	0.057140000000003965	epochs	0.0
728.3669996261597	0.023570299999960298	epochs	1.0
728.3905699261596	0.00999940000008337	epochs	1.0
728.4005693261597	0.023570299999960298	epochs	1.0
728.4241396261597	2.5028800000000047	epochs	0.0
728.4241396261597	0.5	epochs	1.0
728.4241425261597	0.5	epochs	-1.0
728.9241396261597	1.0	epochs	1.0
729.9241396261597	1.0028800000000047	epochs	1.0
730.4241425261597	0.5	epochs	-1.0
730.9270196261597	0.9971000000000458	epochs	0.0
731.2349996566772	0.057140000000003965	epochs	0.0
731.2349996566772	0.023570299999960298	epochs	1.0
731.2585699566772	0.00999940000008337	epochs	1.0
731.2685693566773	0.023570299999960298	epochs	1.0
731.2921396566773	3.002619999999979	epochs	0.0
731.2921396566773	0.5	epochs	1.0
731.2921425566773	0.5	epochs	-1.0
731.7921396566773	1.0	epochs	1.0
732.7921396566773	1.502619999999979	epochs	1.0
733.2921425566773	0.5	epochs	-1.0
733.7921425566773	0.5	epochs	-1.0
734.2947596566772	0.4973600000000715	epochs	0.0
734.6229996681213	0.057140000000003965	epochs	0.0
734.6229996681213	0.023570299999960298	epochs	1.0
734.6465699681213	0.00999940000008337	epochs	1.0
734.6565693681214	0.023570299999960298	epochs	1.0
734.6801396681213	3.4999800000000505	epochs	0.0
734.6801396681213	0.5	epochs	1.0
734.6801425681214	0.5	epochs	-1.0
735.1801396681213	1.0	epochs	1.0
736.1801396681213	1.9999800000000505	epochs	1.0
736.6801425681214	0.5	epochs	-1.0
737.1801425681214	0.5	epochs	-1.0
738.5679998397827	0.057140000000003965	epochs	0.0
738.5679998397827	0.023570299999960298	epochs	1.0
738.5915701397827	0.00999940000008337	epochs	1.0
738.6015695397828	0.023570299999960298	epochs	1.0
738.6251398397827	0.5430999999999813	epochs	0.0
738.6251398397827	0.5	epochs	1.0
738.6251427397827	0.5	epochs	-1.0
739.1251398397827	0.043099999999981264	epochs	1.0
739.1682398397827	2.9568800000000692	epochs	0.0
751.7349996566772	0.057140000000003965	epochs	0.0
751.7349996566772	0.023570299999960298	epochs	1.0
751.7585699566772	0.00999940000008337	epochs	1.0
751.7685693566773	0.023570299999960298	epochs	1.0
751.7921396566773	3.4999800000000505	epochs	0.0
751.7921396566773	0.5	epochs	1.0
751.7921425566773	0.5	epochs	-1.0
752.2921396566773	1.0	epochs	1.0
753.2921396566773	1.9999800000000505	epochs	1.0
753.7921425566773	0.5	epochs	-1.0
754.2921425566773	0.5	epochs	-1.0
755.7269997596741	0.057140000000003965	epochs	0.0
755.7269997596741	0.023570299999960298	epochs	1.0
755.750570059674	0.00999940000008337	epochs	1.0
755.7605694596741	0.023570299999960298	epochs	1.0
755.7841397596741	0.5425400000000309	epochs	0.0
755.7841397596741	0.5	epochs	1.0
755.7841426596741	0.5	epochs	-1.0
756.2841397596741	0.042540000000030886	epochs	1.0
756.3266797596741	2.9574400000000196	epochs	0.0
768.8889999389648	0.057140000000003965	epochs	0.0
768.8889999389648	0.023570299999960298	epochs	1.0
768.9125702389648	0.00999940000008337	epochs	1.0
768.9225696389649	0.023570299999960298	epochs	1.0
768.9461399389648	3.4999800000000505	epochs	0.0
768.9461399389648	0.5	epochs	1.0
768.9461428389649	0.5	epochs	-1.0
769.4461399389648	1.0	epochs	1.0
770.4461399389648	1.9999800000000505	epochs	1.0
770.9461428389649	0.5	epochs	-1.0
771.4461428389649	0.5	epochs	-1.0
772.8439998626709	0.057140000000003965	epochs	0.0
772.8439998626709	0.023570299999960298	epochs	1.0
772.8675701626709	0.00999940000008337	epochs	1.0
772.8775695626709	0.023570299999960298	epochs	1.0
772.9011398626709	0.5434000000000196	epochs	0.0
772.9011398626709	0.5	epochs	1.0
772.9011427626709	0.5	epochs	-1.0
773.4011398626709	0.043400000000019645	epochs	1.0
773.4445398626709	2.956580000000031	epochs	0.0
786.0009999275208	0.057140000000003965	epochs	0.0
786.0009999275208	0.023570299999960298	epochs	1.0
786.0245702275207	0.00999940000008337	epochs	1.0
786.0345696275208	0.023570299999960298	epochs	1.0
786.0581399275208	3.4999800000000505	epochs	0.0
786.0581399275208	0.5	epochs	1.0
786.0581428275208	0.5	epochs	-1.0
786.5581399275208	1.0	epochs	1.0
787.5581399275208	1.9999800000000505	epochs	1.0
788.0581428275208	0.5	epochs	-1.0
788.5581428275208	0.5	epochs	-1.0
790.003999710083	0.057140000000003965	epochs	0.0
790.003999710083	0.023570299999960298	epochs	1.0
790.027570010083	0.00999940000008337	epochs	1.0
790.037569410083	0.023570299999960298	epochs	1.0
790.061139710083	0.5433199999999943	epochs	0.0
790.061139710083	0.5	epochs	1.0
790.061142610083	0.5	epochs	-1.0
790.561139710083	0.04331999999999425	epochs	1.0
790.604459710083	2.9566600000000562	epochs	0.0
803.1149997711182	0.057140000000003965	epochs	0.0
803.1149997711182	0.023570299999960298	epochs	1.0
803.1385700711181	0.00999940000008337	epochs	1.0
803.1485694711182	0.023570299999960298	epochs	1.0
803.1721397711182	3.0028599999999415	epochs	0.0
803.1721397711182	0.5	epochs	1.0
803.1721426711182	0.5	epochs	-1.0
803.6721397711182	1.0	epochs	1.0
804.6721397711182	1.5028599999999415	epochs	1.0
805.1721426711182	0.5	epochs	-1.0
805.6721426711182	0.5	epochs	-1.0
806.1749997711181	0.49712000000010903	epochs	0.0
806.6019997596741	0.057140000000003965	epochs	0.0
806.6019997596741	0.023570299999960298	epochs	1.0
806.625570059674	0.00999940000008337	epochs	1.0
806.6355694596741	0.023570299999960298	epochs	1.0
806.6591397596741	3.4999800000000505	epochs	0.0
806.6591397596741	0.5	epochs	1.0
806.6591426596741	0.5	epochs	-1.0
807.1591397596741	1.0	epochs	1.0
808.1591397596741	1.9999800000000505	epochs	1.0
808.6591426596741	0.5	epochs	-1.0
809.1591426596741	0.5	epochs	-1.0
810.6259999275208	0.057140000000003965	epochs	0.0
810.6259999275208	0.023570299999960298	epochs	1.0
810.6495702275207	0.00999940000008337	epochs	1.0
810.6595696275208	0.023570299999960298	epochs	1.0
810.6831399275208	3.4999800000000505	epochs	0.0
810.6831399275208	0.5	epochs	1.0
810.6831428275208	0.5	epochs	-1.0
811.1831399275208	1.0	epochs	1.0
812.1831399275208	1.9999800000000505	epochs	1.0
812.6831428275208	0.5	epochs	-1.0
813.1831428275208	0.5	epochs	-1.0
814.6979999542236	0.057140000000003965	epochs	0.0
814.6979999542236	0.023570299999960298	epochs	1.0
814.7215702542236	0.00999940000008337	epochs	1.0
814.7315696542237	0.023570299999960298	epochs	1.0
814.7551399542236	0.5429400000000442	epochs	0.0
814.7551399542236	0.5	epochs	1.0
814.7551428542237	0.5	epochs	-1.0
815.2551399542236	0.042940000000044165	epochs	1.0
815.2980799542237	2.9570400000000063	epochs	0.0
827.860999584198	0.057140000000003965	epochs	0.0
827.860999584198	0.023570299999960298	epochs	1.0
827.884569884198	0.00999940000008337	epochs	1.0
827.894569284198	0.023570299999960298	epochs	1.0
827.918139584198	0.5427399999999807	epochs	0.0
827.918139584198	0.5	epochs	1.0
827.918142484198	0.5	epochs	-1.0
828.418139584198	0.04273999999998068	epochs	1.0
828.460879584198	2.95724000000007	epochs	0.0
841.0079998970032	0.057140000000003965	epochs	0.0
841.0079998970032	0.023570299999960298	epochs	1.0
841.0315701970031	0.00999940000008337	epochs	1.0
841.0415695970032	0.023570299999960298	epochs	1.0
841.0651398970032	3.4999800000000505	epochs	0.0
841.0651398970032	0.5	epochs	1.0
841.0651427970032	0.5	epochs	-1.0
841.5651398970032	1.0	epochs	1.0
842.5651398970032	1.9999800000000505	epochs	1.0
843.0651427970032	0.5	epochs	-1.0
843.5651427970032	0.5	epochs	-1.0
845.1099996566772	0.057140000000003965	epochs	0.0
845.1099996566772	0.023570299999960298	epochs	1.0
845.1335699566772	0.00999940000008337	epochs	1.0
845.1435693566773	0.023570299999960298	epochs	1.0
845.1671396566773	3.4999800000000505	epochs	0.0
845.1671396566773	0.5	epochs	1.0
845.1671425566773	0.5	epochs	-1.0
845.6671396566773	1.0	epochs	1.0
846.6671396566773	1.9999800000000505	epochs	1.0
847.1671425566773	0.5	epochs	-1.0
847.6671425566773	0.5	epochs	-1.0
849.1789999008179	0.057140000000003965	epochs	0.0
849.1789999008179	0.023570299999960298	epochs	1.0
849.2025702008178	0.00999940000008337	epochs	1.0
849.2125696008179	0.023570299999960298	epochs	1.0
849.2361399008179	3.4999800000000505	epochs	0.0
849.2361399008179	0.5	epochs	1.0
849.2361428008179	0.5	epochs	-1.0
849.7361399008179	1.0	epochs	1.0
850.7361399008179	1.9999800000000505	epochs	1.0
851.2361428008179	0.5	epochs	-1.0
851.7361428008179	0.5	epochs	-1.0
853.3159999847412	0.057140000000003965	epochs	0.0
853.3159999847412	0.023570299999960298	epochs	1.0
853.3395702847412	0.00999940000008337	epochs	1.0
853.3495696847413	0.023570299999960298	epochs	1.0
853.3731399847412	3.4999800000000505	epochs	0.0
853.3731399847412	0.5	epochs	1.0
853.3731428847412	0.5	epochs	-1.0
853.8731399847412	1.0	epochs	1.0
854.8731399847412	1.9999800000000505	epochs	1.0
855.3731428847412	0.5	epochs	-1.0
855.8731428847412	0.5	epochs	-1.0
857.4659996032715	0.057140000000003965	epochs	0.0
857.4659996032715	0.023570299999960298	epochs	1.0
857.4895699032714	0.00999940000008337	epochs	1.0
857.4995693032715	0.023570299999960298	epochs	1.0
857.5231396032715	0.5428399999999556	epochs	0.0
857.5231396032715	0.5	epochs	1.0
857.5231425032715	0.5	epochs	-1.0
858.0231396032715	0.04283999999995558	epochs	1.0
858.0659796032714	2.957140000000095	epochs	0.0
869.71399974823	0.6499800000000278	epochs	0.0
869.71399974823	0.049999999999954525	epochs	1.0
869.7639997482299	0.5	epochs	1.0
870.2639997482299	0.09998000000007323	epochs	1.0
870.9169998168945	0.6499800000000278	epochs	0.0
870.9169998168945	0.049999999999954525	epochs	1.0
870.9669998168945	0.5	epochs	1.0
871.4669998168945	0.09998000000007323	epochs	1.0
872.1319999694824	0.6499800000000278	epochs	0.0
872.1319999694824	0.049999999999954525	epochs	1.0
872.1819999694824	0.5	epochs	1.0
872.6819999694824	0.09998000000007323	epochs	1.0
873.2869997024536	0.6499800000000278	epochs	0.0
873.2869997024536	0.049999999999954525	epochs	1.0
873.3369997024536	0.5	epochs	1.0
873.8369997024536	0.09998000000007323	epochs	1.0
874.4589996337891	0.6499800000000278	epochs	0.0
874.4589996337891	0.049999999999954525	epochs	1.0
874.508999633789	0.5	epochs	1.0
875.008999633789	0.09998000000007323	epochs	1.0
875.6359996795654	0.6499800000000278	epochs	0.0
875.6359996795654	0.049999999999954525	epochs	1.0
875.6859996795654	0.5	epochs	1.0
876.1859996795654	0.09998000000007323	epochs	1.0
876.83899974823	0.6499800000000278	epochs	0.0
876.83899974823	0.049999999999954525	epochs	1.0
876.8889997482299	0.5	epochs	1.0
877.3889997482299	0.09998000000007323	epochs	1.0
878.0389995574951	0.6499800000000278	epochs	0.0
878.0389995574951	0.049999999999954525	epochs	1.0
878.0889995574951	0.5	epochs	1.0
878.5889995574951	0.09998000000007323	epochs	1.0
879.2209997177124	0.6499800000000278	epochs	0.0
879.2209997177124	0.049999999999954525	epochs	1.0
879.2709997177124	0.5	epochs	1.0
879.7709997177124	0.09998000000007323	epochs	1.0
880.5059995651245	0.057140000000003965	epochs	0.0
880.5059995651245	0.023570299999960298	epochs	1.0
880.5295698651245	0.00999940000008337	epochs	1.0
880.5395692651246	0.023570299999960298	epochs	1.0
880.5631395651245	0.5429400000000442	epochs	0.0
880.5631395651245	0.5	epochs	1.0
880.5631424651245	0.5	epochs	-1.0
881.0631395651245	0.042940000000044165	epochs	1.0
881.1060795651246	4.957040000000006	epochs	0.0
900.6389999389648	0.057140000000003965	epochs	0.0
900.6389999389648	0.023570299999960298	epochs	1.0
900.6625702389648	0.00999940000008337	epochs	1.0
900.6725696389649	0.023570299999960298	epochs	1.0
900.6961399389648	5.4999800000000505	epochs	0.0
900.6961399389648	0.5	epochs	1.0
900.6961428389649	0.5	epochs	-1.0
901.1961399389648	1.0	epochs	1.0
902.1961399389648	3.9999800000000505	epochs	1.0
902.6961427389648	0.5	epochs	-1.0
903.1961427389648	0.5	epochs	-1.0
903.6961427389648	0.5	epochs	-1.0
904.1961427389648	0.5	epochs	-1.0
904.6961427389648	0.5	epochs	-1.0
905.1961427389648	0.5	epochs	-1.0
906.8459997177124	0.057140000000003965	epochs	0.0
906.8459997177124	0.023570299999960298	epochs	1.0
906.8695700177124	0.00999940000008337	epochs	1.0
906.8795694177124	0.023570299999960298	epochs	1.0
906.9031397177124	5.022820000000024	epochs	0.0
906.9031397177124	0.5	epochs	1.0
906.9031426177124	0.5	epochs	-1.0
907.4031397177124	1.0	epochs	1.0
908.4031397177124	3.5228200000000243	epochs	1.0
908.9031425177124	0.5	epochs	-1.0
909.4031425177124	0.5	epochs	-1.0
909.9031425177124	0.5	epochs	-1.0
910.4031425177124	0.5	epochs	-1.0
910.9031425177124	0.5	epochs	-1.0
911.4031425177124	0.5	epochs	-1.0
911.9259597177124	0.47716000000002623	epochs	0.0
912.6519999504089	0.057140000000003965	epochs	0.0
912.6519999504089	0.023570299999960298	epochs	1.0
912.6755702504089	0.00999940000008337	epochs	1.0
912.685569650409	0.023570299999960298	epochs	1.0
912.7091399504089	4.5230999999999995	epochs	0.0
912.7091399504089	0.5	epochs	1.0
912.709142850409	0.5	epochs	-1.0
913.2091399504089	1.0	epochs	1.0
914.2091399504089	3.0230999999999995	epochs	1.0
914.7091427504089	0.5	epochs	-1.0
915.2091427504089	0.5	epochs	-1.0
915.7091427504089	0.5	epochs	-1.0
916.2091427504089	0.5	epochs	-1.0
916.7091427504089	0.5	epochs	-1.0
917.2322399504089	0.976880000000051	epochs	0.0
917.8819999694824	0.057140000000003965	epochs	0.0
917.8819999694824	0.023570299999960298	epochs	1.0
917.9055702694824	0.00999940000008337	epochs	1.0
917.9155696694825	0.023570299999960298	epochs	1.0
917.9391399694824	5.022759999999948	epochs	0.0
917.9391399694824	0.5	epochs	1.0
917.9391428694825	0.5	epochs	-1.0
918.4391399694824	1.0	epochs	1.0
919.4391399694824	3.5227599999999484	epochs	1.0
919.9391427694824	0.5	epochs	-1.0
920.4391427694824	0.5	epochs	-1.0
920.9391427694824	0.5	epochs	-1.0
921.4391427694824	0.5	epochs	-1.0
921.9391427694824	0.5	epochs	-1.0
922.4391427694824	0.5	epochs	-1.0
922.9618999694824	0.4772200000001021	epochs	0.0
923.6239995956421	0.057140000000003965	epochs	0.0
923.6239995956421	0.023570299999960298	epochs	1.0
923.647569895642	0.00999940000008337	epochs	1.0
923.6575692956421	0.023570299999960298	epochs	1.0
923.6811395956421	5.023180000000025	epochs	0.0
923.6811395956421	0.5	epochs	1.0
923.6811424956421	0.5	epochs	-1.0
924.1811395956421	1.0	epochs	1.0
925.1811395956421	3.523180000000025	epochs	1.0
925.681142395642	0.5	epochs	-1.0
926.181142395642	0.5	epochs	-1.0
926.681142395642	0.5	epochs	-1.0
927.181142395642	0.5	epochs	-1.0
927.681142395642	0.5	epochs	-1.0
928.181142395642	0.5	epochs	-1.0
928.7043195956421	0.47680000000002565	epochs	0.0
929.4739999771118	0.057140000000003965	epochs	0.0
929.4739999771118	0.023570299999960298	epochs	1.0
929.4975702771118	0.00999940000008337	epochs	1.0
929.5075696771119	0.023570299999960298	epochs	1.0
929.5311399771118	4.522979999999961	epochs	0.0
929.5311399771118	0.5	epochs	1.0
929.5311428771118	0.5	epochs	-1.0
930.0311399771118	1.0	epochs	1.0
931.0311399771118	3.0229799999999614	epochs	1.0
931.5311428771118	0.5	epochs	-1.0
932.0311428771118	0.5	epochs	-1.0
932.5311428771118	0.5	epochs	-1.0
933.0311428771118	0.5	epochs	-1.0
933.5311428771118	0.5	epochs	-1.0
934.0541199771118	1.9770000000000891	epochs	0.0
934.9179997444153	0.057140000000003965	epochs	0.0
934.9179997444153	0.023570299999960298	epochs	1.0
934.9415700444152	0.00999940000008337	epochs	1.0
934.9515694444153	0.023570299999960298	epochs	1.0
934.9751397444153	3.5027000000000044	epochs	0.0
934.9751397444153	0.5	epochs	1.0
934.9751426444153	0.5	epochs	-1.0
935.4751397444153	1.0	epochs	1.0
936.4751397444153	2.0027000000000044	epochs	1.0
936.9751426444153	0.5	epochs	-1.0
937.4751426444153	0.5	epochs	-1.0
937.9751426444153	0.5	epochs	-1.0
938.4778397444153	2.997280000000046	epochs	0.0
939.195999622345	0.057140000000003965	epochs	0.0
939.195999622345	0.023570299999960298	epochs	1.0
939.2195699223449	0.00999940000008337	epochs	1.0
939.229569322345	0.023570299999960298	epochs	1.0
939.253139622345	3.0031400000000303	epochs	0.0
939.253139622345	0.5	epochs	1.0
939.253142522345	0.5	epochs	-1.0
939.753139622345	1.0	epochs	1.0
940.753139622345	1.5031400000000303	epochs	1.0
941.253142522345	0.5	epochs	-1.0
941.753142522345	0.5	epochs	-1.0
942.256279622345	3.49684000000002	epochs	0.0
942.9679999351501	0.057140000000003965	epochs	0.0
942.9679999351501	0.023570299999960298	epochs	1.0
942.9915702351501	0.00999940000008337	epochs	1.0
943.0015696351502	0.023570299999960298	epochs	1.0
943.0251399351502	3.0033200000000306	epochs	0.0
943.0251399351502	0.5	epochs	1.0
943.0251428351502	0.5	epochs	-1.0
943.5251399351502	1.0	epochs	1.0
944.5251399351502	1.5033200000000306	epochs	1.0
945.0251428351502	0.5	epochs	-1.0
945.5251428351502	0.5	epochs	-1.0
946.0284599351502	3.49666000000002	epochs	0.0
946.7159996032715	0.057140000000003965	epochs	0.0
946.7159996032715	0.023570299999960298	epochs	1.0
946.7395699032714	0.00999940000008337	epochs	1.0
946.7495693032715	0.023570299999960298	epochs	1.0
946.7731396032715	2.502420000000029	epochs	0.0
946.7731396032715	0.5	epochs	1.0
946.7731425032715	0.5	epochs	-1.0
947.2731396032715	1.0	epochs	1.0
948.2731396032715	1.0024200000000292	epochs	1.0
948.7731425032715	0.5	epochs	-1.0
949.2755596032715	3.9975600000000213	epochs	0.0
949.9729995727539	0.057140000000003965	epochs	0.0
949.9729995727539	0.023570299999960298	epochs	1.0
949.9965698727539	0.00999940000008337	epochs	1.0
950.006569272754	0.023570299999960298	epochs	1.0
950.0301395727539	2.502460000000042	epochs	0.0
950.0301395727539	0.5	epochs	1.0
950.0301424727539	0.5	epochs	-1.0
950.5301395727539	1.0	epochs	1.0
951.5301395727539	1.0024600000000419	epochs	1.0
952.0301424727539	0.5	epochs	-1.0
952.532599572754	3.9975200000000086	epochs	0.0
953.3279995918274	0.15297999999995682	epochs	0.0
953.3279995918274	0.049999999999954525	epochs	1.0
953.3779995918273	0.0030000000000427463	epochs	1.0
953.3809995918274	0.09997999999995955	epochs	1.0
954.21399974823	0.15297999999995682	epochs	0.0
954.21399974823	0.049999999999954525	epochs	1.0
954.2639997482299	0.0030000000000427463	epochs	1.0
954.26699974823	0.09997999999995955	epochs	1.0
955.0959997177124	0.15297999999995682	epochs	0.0
955.0959997177124	0.049999999999954525	epochs	1.0
955.1459997177124	0.0030000000000427463	epochs	1.0
955.1489997177124	0.09997999999995955	epochs	1.0
955.9589996337891	0.15297999999995682	epochs	0.0
955.9589996337891	0.049999999999954525	epochs	1.0
956.008999633789	0.0030000000000427463	epochs	1.0
956.0119996337891	0.09997999999995955	epochs	1.0
956.860999584198	0.15297999999995682	epochs	0.0
956.860999584198	0.049999999999954525	epochs	1.0
956.910999584198	0.0030000000000427463	epochs	1.0
956.913999584198	0.09997999999995955	epochs	1.0
957.7649998664856	0.15297999999995682	epochs	0.0
957.7649998664856	0.049999999999954525	epochs	1.0
957.8149998664856	0.0030000000000427463	epochs	1.0
957.8179998664856	0.09997999999995955	epochs	1.0
958.6859998703003	0.15297999999995682	epochs	0.0
958.6859998703003	0.049999999999954525	epochs	1.0
958.7359998703002	0.0030000000000427463	epochs	1.0
958.7389998703003	0.09997999999995955	epochs	1.0
959.5939998626709	0.15297999999995682	epochs	0.0
959.5939998626709	0.049999999999954525	epochs	1.0
959.6439998626709	0.0030000000000427463	epochs	1.0
959.6469998626709	0.09997999999995955	epochs	1.0
960.4919996261597	0.15297999999995682	epochs	0.0
960.4919996261597	0.049999999999954525	epochs	1.0
960.5419996261596	0.0030000000000427463	epochs	1.0
960.5449996261597	0.09997999999995955	epochs	1.0
961.396999835968	0.15297999999995682	epochs	0.0
961.396999835968	0.049999999999954525	epochs	1.0
961.446999835968	0.0030000000000427463	epochs	1.0
961.449999835968	0.09997999999995955	epochs	1.0
962.3399996757507	0.15297999999995682	epochs	0.0
962.3399996757507	0.049999999999954525	epochs	1.0
962.3899996757507	0.0030000000000427463	epochs	1.0
962.3929996757507	0.09997999999995955	epochs	1.0
963.3369998931885	0.057140000000003965	epochs	0.0
963.3369998931885	0.023570299999960298	epochs	1.0
963.3605701931884	0.00999940000008337	epochs	1.0
963.3705695931885	0.023570299999960298	epochs	1.0
963.3941398931885	0.5424399999999423	epochs	0.0
963.3941398931885	0.5	epochs	1.0
963.3941427931885	0.5	epochs	-1.0
963.8941398931885	0.0030000000000427463	epochs	1.0
963.8971398931885	0.039439999999899555	epochs	1.0
963.9365798931884	1.06054000000006	epochs	0.0
965.5369997024536	0.057140000000003965	epochs	0.0
965.5369997024536	0.023570299999960298	epochs	1.0
965.5605700024536	0.00999940000008337	epochs	1.0
965.5705694024537	0.023570299999960298	epochs	1.0
965.5941397024536	0.542479999999955	epochs	0.0
965.5941397024536	0.5	epochs	1.0
965.5941426024536	0.5	epochs	-1.0
966.0941397024536	0.0030000000000427463	epochs	1.0
966.0971397024537	0.03947999999991225	epochs	1.0
966.1366197024536	1.0605000000000473	epochs	0.0
978.7659997940063	0.057140000000003965	epochs	0.0
978.7659997940063	0.023570299999960298	epochs	1.0
978.7895700940063	0.00999940000008337	epochs	1.0
978.7995694940064	0.023570299999960298	epochs	1.0
978.8231397940064	1.5418999999999414	epochs	0.0
978.8231397940064	0.5	epochs	1.0
978.8231426940064	0.5	epochs	-1.0
979.3231397940064	0.0030000000000427463	epochs	1.0
979.3261397940064	1.0388999999998987	epochs	1.0
979.8261425940063	0.5	epochs	-1.0
980.3650397940063	0.06108000000006086	epochs	0.0
981.1149997711182	0.057140000000003965	epochs	0.0
981.1149997711182	0.023570299999960298	epochs	1.0
981.1385700711181	0.00999940000008337	epochs	1.0
981.1485694711182	0.023570299999960298	epochs	1.0
981.1721397711182	1.5431200000000445	epochs	0.0
981.1721397711182	0.5	epochs	1.0
981.1721426711182	0.5	epochs	-1.0
981.6721397711182	0.0030000000000427463	epochs	1.0
981.6751397711182	1.0401200000000017	epochs	1.0
982.1751425711182	0.5	epochs	-1.0
982.7152597711182	0.059859999999957836	epochs	0.0
983.539999961853	0.057140000000003965	epochs	0.0
983.539999961853	0.023570299999960298	epochs	1.0
983.563570261853	0.00999940000008337	epochs	1.0
983.5735696618531	0.023570299999960298	epochs	1.0
983.597139961853	1.5427799999999934	epochs	0.0
983.597139961853	0.5	epochs	1.0
983.5971428618531	0.5	epochs	-1.0
984.097139961853	0.0030000000000427463	epochs	1.0
984.1001399618531	1.0397799999999506	epochs	1.0
984.600142861853	0.5	epochs	-1.0
985.139919961853	0.06020000000000891	epochs	0.0
985.8809995651245	0.057140000000003965	epochs	0.0
985.8809995651245	0.023570299999960298	epochs	1.0
985.9045698651245	0.00999940000008337	epochs	1.0
985.9145692651246	0.023570299999960298	epochs	1.0
985.9381395651245	1.5425000000000182	epochs	0.0
985.9381395651245	0.5	epochs	1.0
985.9381424651245	0.5	epochs	-1.0
986.4381395651245	0.0030000000000427463	epochs	1.0
986.4411395651246	1.0394999999999754	epochs	1.0
986.9411424651245	0.5	epochs	-1.0
987.4806395651245	0.0604799999999841	epochs	0.0
988.2839999198914	0.057140000000003965	epochs	0.0
988.2839999198914	0.023570299999960298	epochs	1.0
988.3075702198913	0.00999940000008337	epochs	1.0
988.3175696198914	0.023570299999960298	epochs	1.0
988.3411399198914	1.5429000000000315	epochs	0.0
988.3411399198914	0.5	epochs	1.0
988.3411428198914	0.5	epochs	-1.0
988.8411399198914	0.0030000000000427463	epochs	1.0
988.8441399198914	1.0398999999999887	epochs	1.0
989.3441428198913	0.5	epochs	-1.0
989.8840399198914	0.06007999999997082	epochs	0.0
990.7309999465942	0.057140000000003965	epochs	0.0
990.7309999465942	0.023570299999960298	epochs	1.0
990.7545702465942	0.00999940000008337	epochs	1.0
990.7645696465943	0.023570299999960298	epochs	1.0
990.7881399465942	18.682320000000004	epochs	0.0
990.7881399465942	0.5	epochs	1.0
990.7881428465943	0.5	epochs	-1.0
991.2881399465942	16.0	epochs	1.0
1005.4707799465942	3.999680000000012	epochs	-1.0
1005.4707799465942	0.03956000000005133	epochs	-1.0
1005.9682628465943	0.5	epochs	-1.0
1006.4682628465943	0.5	epochs	-1.0
1006.9682628465943	0.5	epochs	-1.0
1007.2881399465942	2.1823200000000043	epochs	1.0
1007.4682628465943	0.5	epochs	-1.0
1007.9682628465943	0.5	epochs	-1.0
1008.4682628465943	0.5	epochs	-1.0
1008.9682628465943	0.5	epochs	-1.0
1009.4704599465942	0.8176600000000462	epochs	0.0
1010.7239999771118	0.057140000000003965	epochs	0.0
1010.7239999771118	0.023570299999960298	epochs	1.0
1010.7475702771118	0.00999940000008337	epochs	1.0
1010.7575696771119	0.023570299999960298	epochs	1.0
1010.7811399771118	18.902560000000108	epochs	0.0
1010.7811399771118	0.5	epochs	1.0
1010.7811428771118	0.5	epochs	-1.0
1011.2811399771118	15.999999999999886	epochs	1.0
1025.664079977112	4.019620000000032	epochs	-1.0
1025.664079977112	0.03887999999983549	epochs	-1.0
1026.161562877112	0.5	epochs	-1.0
1026.661562877112	0.5	epochs	-1.0
1027.161562877112	0.5	epochs	-1.0
1027.2811399771117	2.4025600000002214	epochs	1.0
1027.661562877112	0.5	epochs	-1.0
1028.161562877112	0.5	epochs	-1.0
1028.661562877112	0.5	epochs	-1.0
1029.161562877112	0.5	epochs	-1.0
1029.683699977112	0.5974199999998291	epochs	0.0
1030.6059999465942	0.05713999999989028	epochs	0.0
1030.6059999465942	0.023570300000073985	epochs	1.0
1030.6295702465943	0.009999399999969683	epochs	1.0
1030.6395696465943	0.02357029999984661	epochs	1.0
1030.6631399465941	18.102040000000216	epochs	0.0
1030.6631399465941	0.5	epochs	1.0
1030.6631428465942	0.5	epochs	-1.0
1031.1631399465941	16.0	epochs	1.0
1045.7456799465942	3.0195000000001073	epochs	-1.0
1045.7456799465942	0.040299999999888314	epochs	-1.0
1046.2431628465943	0.5	epochs	-1.0
1046.7431628465943	0.5	epochs	-1.0
1047.1631399465941	1.6020400000002155	epochs	1.0
1047.2431628465943	0.5	epochs	-1.0
1047.7431628465943	0.5	epochs	-1.0
1048.2431628465943	0.5	epochs	-1.0
1048.7651799465943	1.397939999999835	epochs	0.0
1059.3629999160767	0.05713999999989028	epochs	0.0
1059.3629999160767	0.023570300000073985	epochs	1.0
1059.3865702160767	0.009999399999969683	epochs	1.0
1059.3965696160767	0.02357029999984661	epochs	1.0
1059.4201399160766	2.5019200000001547	epochs	0.0
1059.4201399160766	0.5	epochs	1.0
1059.4201428160766	0.5	epochs	-1.0
1059.9201399160766	1.0	epochs	1.0
1060.9201399160766	1.0019200000001547	epochs	1.0
1061.4201428160766	0.5	epochs	-1.0
1061.9220599160767	0.9980599999998958	epochs	0.0
1062.860999584198	0.05713999999989028	epochs	0.0
1062.860999584198	0.023570300000073985	epochs	1.0
1062.884569884198	0.009999399999969683	epochs	1.0
1062.894569284198	0.02357029999984661	epochs	1.0
1062.918139584198	0.5424400000001697	epochs	0.0
1062.918139584198	0.5	epochs	1.0
1062.918142484198	0.5	epochs	-1.0
1063.418139584198	0.042440000000169675	epochs	1.0
1063.460579584198	2.957539999999881	epochs	0.0
1064.3529996871948	0.05713999999989028	epochs	0.0
1064.3529996871948	0.023570300000073985	epochs	1.0
1064.376569987195	0.009999399999969683	epochs	1.0
1064.3865693871949	0.02357029999984661	epochs	1.0
1064.4101396871947	2.5017400000001544	epochs	0.0
1064.4101396871947	0.5	epochs	1.0
1064.4101425871947	0.5	epochs	-1.0
1064.9101396871947	1.0	epochs	1.0
1065.9101396871947	1.0017400000001544	epochs	1.0
1066.4101425871947	0.5	epochs	-1.0
1066.9118796871949	0.9982399999998961	epochs	0.0
1067.8079996109009	0.05713999999989028	epochs	0.0
1067.8079996109009	0.023570300000073985	epochs	1.0
1067.831569910901	0.009999399999969683	epochs	1.0
1067.841569310901	0.02357029999984661	epochs	1.0
1067.8651396109008	2.502420000000029	epochs	0.0
1067.8651396109008	0.5	epochs	1.0
1067.8651425109008	0.5	epochs	-1.0
1068.3651396109008	1.0	epochs	1.0
1069.3651396109008	1.0024200000000292	epochs	1.0
1069.8651425109008	0.5	epochs	-1.0
1070.3675596109008	0.9975600000000213	epochs	0.0
1071.356999874115	0.05713999999989028	epochs	0.0
1071.356999874115	0.023570300000073985	epochs	1.0
1071.380570174115	0.009999399999969683	epochs	1.0
1071.390569574115	0.02357029999984661	epochs	1.0
1071.4141398741149	2.502040000000079	epochs	0.0
1071.4141398741149	0.5	epochs	1.0
1071.414142774115	0.5	epochs	-1.0
1071.9141398741149	1.0	epochs	1.0
1072.9141398741149	1.002040000000079	epochs	1.0
1073.414142774115	0.5	epochs	-1.0
1073.916179874115	0.9979399999999714	epochs	0.0
1074.9069995880127	0.05713999999989028	epochs	0.0
1074.9069995880127	0.023570300000073985	epochs	1.0
1074.9305698880128	0.009999399999969683	epochs	1.0
1074.9405692880127	0.02357029999984661	epochs	1.0
1074.9641395880126	2.501660000000129	epochs	0.0
1074.9641395880126	0.5	epochs	1.0
1074.9641424880126	0.5	epochs	-1.0
1075.4641395880126	1.0	epochs	1.0
1076.4641395880126	1.001660000000129	epochs	1.0
1076.9641424880126	0.5	epochs	-1.0
1077.4657995880127	0.9983199999999215	epochs	0.0
1099.8909997940063	0.057119999999940774	epochs	0.0
1099.8909997940063	0.02356200000008357	epochs	1.0
1099.9145617940064	0.009996000000001004	epochs	1.0
1099.9245577940064	0.023561999999856198	epochs	1.0
1099.9481197940063	2.0	epochs	0.0
1101.9481197940063	0.5031200000000808	epochs	0.0
1101.9481197940063	0.5031200000000808	epochs	1.0
1101.9481426940063	0.5	epochs	-1.0
1102.4481426940063	0.0030971000001045468	epochs	-1.0
1102.4512397940064	21.496799999999894	epochs	0.0
1104.2079997062683	0.057119999999940774	epochs	0.0
1104.2079997062683	0.02356200000008357	epochs	1.0
1104.2315617062684	0.009996000000001004	epochs	1.0
1104.2415577062684	0.023561999999856198	epochs	1.0
1104.2651197062683	2.0	epochs	0.0
1106.2651197062683	0.5024000000000797	epochs	0.0
1106.2651197062683	0.5024000000000797	epochs	1.0
1106.2651426062682	0.5	epochs	-1.0
1106.7651426062682	0.0023771000001033826	epochs	-1.0
1106.7675197062683	21.497519999999895	epochs	0.0
1108.1669998168945	0.057119999999940774	epochs	0.0
1108.1669998168945	0.02356200000008357	epochs	1.0
1108.1905618168946	0.009996000000001004	epochs	1.0
1108.2005578168946	0.023561999999856198	epochs	1.0
1108.2241198168945	2.0	epochs	0.0
1110.2241198168945	0.5023200000000543	epochs	0.0
1110.2241198168945	0.5023200000000543	epochs	1.0
1110.2241427168944	0.5	epochs	-1.0
1110.7241427168944	0.0022971000000779895	epochs	-1.0
1110.7264398168945	21.49759999999992	epochs	0.0
1111.9759998321533	0.057119999999940774	epochs	0.0
1111.9759998321533	0.02356200000008357	epochs	1.0
1111.9995618321534	0.009996000000001004	epochs	1.0
1112.0095578321534	0.023561999999856198	epochs	1.0
1112.0331198321533	2.0	epochs	0.0
1114.0331198321533	0.5026400000001559	epochs	0.0
1114.0331198321533	0.5026400000001559	epochs	1.0
1114.0331427321532	0.5	epochs	-1.0
1114.5331427321532	0.002617100000179562	epochs	-1.0
1114.5357598321534	21.49727999999982	epochs	0.0
1115.8949999809265	0.057119999999940774	epochs	0.0
1115.8949999809265	0.02356200000008357	epochs	1.0
1115.9185619809266	0.009996000000001004	epochs	1.0
1115.9285579809266	0.023561999999856198	epochs	1.0
1115.9521199809265	2.0	epochs	0.0
1117.9521199809265	0.5024800000001051	epochs	0.0
1117.9521199809265	0.5024800000001051	epochs	1.0
1117.9521428809264	0.5	epochs	-1.0
1118.4521428809264	0.0024571000001287757	epochs	-1.0
1118.4545999809266	21.49743999999987	epochs	0.0
1119.7739996910095	0.057119999999940774	epochs	0.0
1119.7739996910095	0.02356200000008357	epochs	1.0
1119.7975616910096	0.009996000000001004	epochs	1.0
1119.8075576910096	0.023561999999856198	epochs	1.0
1119.8311196910095	2.0	epochs	0.0
1121.8311196910095	5.3814400000001115	epochs	0.0
1121.8311196910095	1.0	epochs	1.0
1121.8311425910094	0.5	epochs	-1.0
1122.3311425910094	4.881417100000135	epochs	-1.0
1122.8311196910095	4.3814400000001115	epochs	1.0
1122.8311196910095	4.356753900000058	epochs	-1.0
1122.8311196910095	1.9745872000000873	epochs	2.0
1122.8311196910095	1.0985622000000603	epochs	3.0
1123.9296818910095	0.8760250000000269	epochs	3.0
1124.8057068910095	1.3524075000000266	epochs	2.0
1124.8057068910095	0.7286354999998821	epochs	3.0
1125.5343423910094	0.6237720000001445	epochs	3.0
1126.1581143910096	1.029759199999944	epochs	2.0
1126.1581143910096	0.5453293000000485	epochs	3.0
1126.7034436910096	0.4844298999998955	epochs	3.0
1127.1878735910095	0.024686100000053557	epochs	2.0
1127.1878735910095	0.024686100000053557	epochs	3.0
1127.2125596910096	16.618479999999863	epochs	0.0
1128.418999671936	0.057119999999940774	epochs	0.0
1128.418999671936	0.02356200000008357	epochs	1.0
1128.4425616719361	0.009996000000001004	epochs	1.0
1128.4525576719361	0.023561999999856198	epochs	1.0
1128.476119671936	2.0	epochs	0.0
1130.476119671936	0.5027999999999793	epochs	0.0
1130.476119671936	0.5027999999999793	epochs	1.0
1130.476142571936	0.5	epochs	-1.0
1130.976142571936	0.0027771000000029744	epochs	-1.0
1130.978919671936	21.497119999999995	epochs	0.0
1132.275999546051	0.057119999999940774	epochs	0.0
1132.275999546051	0.02356200000008357	epochs	1.0
1132.299561546051	0.009996000000001004	epochs	1.0
1132.309557546051	0.023561999999856198	epochs	1.0
1132.333119546051	2.0	epochs	0.0
1134.333119546051	0.5023200000000543	epochs	0.0
1134.333119546051	0.5023200000000543	epochs	1.0
1134.333142446051	0.5	epochs	-1.0
1134.833142446051	0.0022971000000779895	epochs	-1.0
1134.835439546051	21.49759999999992	epochs	0.0
1136.1329998970032	0.057119999999940774	epochs	0.0
1136.1329998970032	0.02356200000008357	epochs	1.0
1136.1565618970033	0.009996000000001004	epochs	1.0
1136.1665578970033	0.023561999999856198	epochs	1.0
1136.1901198970031	2.0	epochs	0.0
1138.1901198970031	21.999919999999975	epochs	0.0
1138.1901198970031	1.0	epochs	1.0
1138.190142797003	0.5	epochs	-1.0
1138.690142797003	19.99904000000015	epochs	-1.0
1139.1901198970031	20.0	epochs	1.0
1139.1901198970031	4.356753900000058	epochs	-1.0
1139.1901198970031	1.9745872000000873	epochs	2.0
1139.1901198970031	1.0985622000000603	epochs	3.0
1140.2886820970032	0.8760250000000269	epochs	3.0
1141.1647070970032	1.3524075000000266	epochs	2.0
1141.1647070970032	0.7286354999998821	epochs	3.0
1141.893342597003	0.6237720000001445	epochs	3.0
1142.5171145970032	1.029759199999944	epochs	2.0
1142.5171145970032	0.5453293000000485	epochs	3.0
1143.0624438970033	0.4844298999998955	epochs	3.0
1143.5468737970032	0.8317861999998968	epochs	2.0
1143.5468737970032	0.4357763000000432	epochs	3.0
1143.9826500970032	0.3960098999998536	epochs	3.0
1144.378659997003	0.6977970000000369	epochs	2.0
1144.378659997003	0.3628982000000178	epochs	3.0
1144.741558197003	0.33489880000001904	epochs	3.0
1145.076456997003	0.601045699999986	epochs	2.0
1145.076456997003	0.3109123000001546	epochs	3.0
1145.3873692970033	0.29013339999983145	epochs	3.0
1145.677502697003	0.5278859000000011	epochs	2.0
1145.677502697003	0.2719586000000618	epochs	3.0
1145.9494612970032	0.25592729999993935	epochs	3.0
1146.205388597003	0.4706193000001804	epochs	2.0
1146.205388597003	0.241681299999982	epochs	3.0
1146.447069897003	0.22893800000019837	epochs	3.0
1146.6760078970033	0.42457039999999324	epochs	2.0
1146.6760078970033	0.2174713999997948	epochs	3.0
1146.893479297003	0.20709900000019843	epochs	3.0
1147.1005782970033	0.3867353999999068	epochs	2.0
1147.1005782970033	0.19767109999997956	epochs	3.0
1147.2982493970032	0.18906429999992724	epochs	3.0
1147.4873136970032	0.35509529999990264	epochs	2.0
1147.4873136970032	0.18117589999997108	epochs	3.0
1147.6684895970031	0.17391939999993156	epochs	3.0
1147.842408997003	0.3282431000000088	epochs	2.0
1147.842408997003	0.167221900000186	epochs	3.0
1148.0096308970033	0.16102119999982278	epochs	3.0
1148.170652097003	0.30516800000009425	epochs	2.0
1148.170652097003	0.15526390000013635	epochs	3.0
1148.3259159970032	0.1499040999999579	epochs	3.0
1148.4758200970032	0.28512529999989056	epochs	2.0
1148.4758200970032	0.1449021000000812	epochs	3.0
1148.6207221970033	0.14022319999980937	epochs	3.0
1148.760945397003	0.267553800000087	epochs	2.0
1148.760945397003	0.13583690000018578	epochs	3.0
1148.8967822970033	0.13171689999990122	epochs	3.0
1149.0284991970032	0.252022899999929	epochs	2.0
1149.0284991970032	0.1278393000000051	epochs	3.0
1149.1563384970032	0.1241835999999239	epochs	3.0
1149.280522097003	0.23819650000018555	epochs	2.0
1149.280522097003	0.12073110000005727	epochs	3.0
1149.4012531970031	0.11746540000012828	epochs	3.0
1149.5187185970033	0.22580879999986792	epochs	2.0
1149.5187185970033	0.1143718999999237	epochs	3.0
1149.6330904970032	0.11143689999994422	epochs	3.0
1149.7445273970031	0.2146460000001298	epochs	2.0
1149.7445273970031	0.10864889999993466	epochs	3.0
1149.853176297003	0.10599710000019513	epochs	3.0
1149.9591733970033	0.2045349999998507	epochs	2.0
1149.9591733970033	0.1034714999998414	epochs	3.0
1150.062644897003	0.1010635000000093	epochs	3.0
1150.1637083970031	0.19533400000000256	epochs	2.0
1150.1637083970031	0.09876510000003691	epochs	3.0
1150.2624734970032	0.09656889999996565	epochs	3.0
1150.3590423970031	0.18692529999998442	epochs	2.0
1150.3590423970031	0.09446830000001682	epochs	3.0
1150.4535106970031	0.09245699999996759	epochs	3.0
1150.545967697003	0.1792107000001124	epochs	2.0
1150.545967697003	0.0905296000000817	epochs	3.0
1150.6364972970032	0.08868110000003071	epochs	3.0
1150.7251783970032	0.17210769999996955	epochs	2.0
1150.7251783970032	0.08690630000000965	epochs	3.0
1150.8120846970032	0.0852013999999599	epochs	3.0
1150.8972860970032	0.16554640000003928	epochs	2.0
1150.8972860970032	0.08356189999994967	epochs	3.0
1150.9808479970031	0.08198450000008961	epochs	3.0
1151.0628324970032	0.15946710000002895	epochs	2.0
1151.0628324970032	0.08046539999986635	epochs	3.0
1151.143297897003	0.0790017000001626	epochs	3.0
1151.2222995970033	0.1538183999998637	epochs	2.0
1151.2222995970033	0.07759009999995214	epochs	3.0
1151.2998896970032	0.07622829999991154	epochs	3.0
1151.3761179970031	0.14855639999996129	epochs	2.0
1151.3761179970031	0.07491330000016205	epochs	3.0
1151.4510312970033	0.07364309999979923	epochs	3.0
1151.524674397003	0.14364240000008976	epochs	2.0
1151.524674397003	0.07241500000009182	epochs	3.0
1151.5970893970032	0.07122739999999794	epochs	3.0
1151.6683167970032	0.13904309999998077	epochs	2.0
1151.6683167970032	0.07007799999996678	epochs	3.0
1151.7383947970031	0.06896510000001399	epochs	3.0
1151.8073598970032	0.1347293000001173	epochs	2.0
1151.8073598970032	0.0678871000000072	epochs	3.0
1151.8752469970032	0.0668422000001101	epochs	3.0
1151.9420891970033	0.13067519999981414	epochs	2.0
1151.9420891970033	0.06582909999997355	epochs	3.0
1152.0079182970032	0.06484609999984059	epochs	3.0
1152.072764397003	0.12685780000015257	epochs	2.0
1152.072764397003	0.06389200000012352	epochs	3.0
1152.1366563970032	0.06296580000002905	epochs	3.0
1152.1996221970032	0.12325719999989815	epochs	2.0
1152.1996221970032	0.06206580000002759	epochs	3.0
1152.2616879970033	0.061191399999870555	epochs	3.0
1152.3228793970031	0.11985540000000583	epochs	2.0
1152.3228793970031	0.060341099999959624	epochs	3.0
1152.383220497003	0.059514300000046205	epochs	3.0
1152.4427347970031	0.11663620000012997	epochs	2.0
1152.4427347970031	0.058709599999929196	epochs	3.0
1152.501444397003	0.05792660000020078	epochs	3.0
1152.5593709970033	0.11358559999985118	epochs	2.0
1152.5593709970033	0.05716419999998834	epochs	3.0
1152.6165351970033	0.05642139999986284	epochs	3.0
1152.6729565970031	0.11069050000014613	epochs	2.0
1152.6729565970031	0.055697900000041045	epochs	3.0
1152.7286544970032	0.054992600000105085	epochs	3.0
1152.7836470970033	0.10793909999983953	epochs	2.0
1152.7836470970033	0.054304899999806366	epochs	3.0
1152.837951997003	0.05363420000003316	epochs	3.0
1152.891586197003	0.10532150000017282	epochs	2.0
1152.891586197003	0.052980000000161453	epochs	3.0
1152.9445661970033	0.052341500000011365	epochs	3.0
1152.9969076970033	0.10282759999995505	epochs	2.0
1152.9969076970033	0.05171809999978905	epochs	3.0
1153.048625797003	0.05110950000016601	epochs	3.0
1153.0997352970032	0.10044909999987794	epochs	2.0
1153.0997352970032	0.0505148999998255	epochs	3.0
1153.150250197003	0.04993420000005244	epochs	3.0
1153.200184397003	0.0981782999999723	epochs	2.0
1153.200184397003	0.04936659999998483	epochs	3.0
1153.249550997003	0.04881169999998747	epochs	3.0
1153.298362697003	0.09600780000005216	epochs	2.0
1153.298362697003	0.04826920000004975	epochs	3.0
1153.3466318970031	0.04773860000000241	epochs	3.0
1153.3943704970031	0.09393120000004274	epochs	2.0
1153.3943704970031	0.04721949999998287	epochs	3.0
1153.4415899970031	0.046711700000059864	epochs	3.0
1153.4883016970032	0.09194260000003851	epochs	2.0
1153.4883016970032	0.046214599999984785	epochs	3.0
1153.5345162970032	0.045728000000053726	epochs	3.0
1153.5802442970032	0.09003630000006524	epochs	2.0
1153.5802442970032	0.045251499999949374	epochs	3.0
1153.6254957970032	0.044784800000115865	epochs	3.0
1153.6702805970033	0.0882075999998051	epochs	2.0
1153.6702805970033	0.04432779999979175	epochs	3.0
1153.714608397003	0.04387980000001335	epochs	3.0
1153.758488197003	0.0864516999999978	epochs	2.0
1153.758488197003	0.04344100000002982	epochs	3.0
1153.8019291970031	0.04301069999996798	epochs	3.0
1153.844939897003	0.08476430000018809	epochs	2.0
1153.844939897003	0.04258900000013455	epochs	3.0
1153.8875288970032	0.04217530000005354	epochs	3.0
1153.9297041970033	0.08314150000001064	epochs	2.0
1153.9297041970033	0.04176969999980429	epochs	3.0
1153.971473897003	0.04137180000020635	epochs	3.0
1154.0128456970033	0.08157969999979287	epochs	2.0
1154.0128456970033	0.040981399999964196	epochs	3.0
1154.0538270970032	0.04059829999982867	epochs	3.0
1154.094425397003	0.08007550000002084	epochs	2.0
1154.094425397003	0.040222300000095856	epochs	3.0
1154.1346476970032	0.03985319999992498	epochs	3.0
1154.174500897003	0.07862569999997504	epochs	2.0
1154.174500897003	0.039490800000066884	epochs	3.0
1154.2139916970032	0.03913489999990816	epochs	3.0
1154.253126597003	0.07722760000001472	epochs	2.0
1154.253126597003	0.038785400000051595	epochs	3.0
1154.2919119970031	0.03844219999996312	epochs	3.0
1154.330354197003	0.07587820000003376	epochs	2.0
1154.330354197003	0.03810480000015559	epochs	3.0
1154.3684589970032	0.037773399999878166	epochs	3.0
1154.4062323970031	0.0745752000000266	epochs	2.0
1154.4062323970031	0.03744770000002973	epochs	3.0
1154.4436800970032	0.03712749999999687	epochs	3.0
1154.4808075970031	0.07331629999998768	epochs	2.0
1154.4808075970031	0.0368129000000863	epochs	3.0
1154.5176204970032	0.036503399999901376	epochs	3.0
1154.5541238970031	0.07209899999998015	epochs	2.0
1154.5541238970031	0.03619909999997617	epochs	3.0
1154.590322997003	0.03589990000000398	epochs	3.0
1154.6262228970031	0.07092170000009901	epochs	2.0
1154.6262228970031	0.03560560000005353	epochs	3.0
1154.6618284970032	0.03531610000004548	epochs	3.0
1154.6971445970032	0.06978200000003199	epochs	2.0
1154.6971445970032	0.03503120000004856	epochs	3.0
1154.7321757970033	0.03475079999998343	epochs	3.0
1154.7669265970032	0.06867859999988468	epochs	2.0
1154.7669265970032	0.03447510000000875	epochs	3.0
1154.8014016970033	0.03420349999987593	epochs	3.0
1154.8356051970031	0.06760929999995824	epochs	2.0
1154.8356051970031	0.033936199999970995	epochs	3.0
1154.869541397003	0.033673099999987244	epochs	3.0
1154.903214497003	0.06657289999998284	epochs	2.0
1154.903214497003	0.03341399999999339	epochs	3.0
1154.936628497003	0.033158899999989444	epochs	3.0
1154.969787397003	0.06556780000005347	epochs	2.0
1154.969787397003	0.03290770000012344	epochs	3.0
1155.0026950970032	0.032660099999930026	epochs	3.0
1155.0353551970031	0.06459259999996902	epochs	2.0
1155.0353551970031	0.03241640000010193	epochs	3.0
1155.0677715970032	0.032176199999867094	epochs	3.0
1155.099947797003	0.06364600000006249	epochs	2.0
1155.099947797003	0.03193959999998697	epochs	3.0
1155.131887397003	0.03170640000007552	epochs	3.0
1155.1635937970032	0.0627266999999847	epochs	2.0
1155.1635937970032	0.031476599999905375	epochs	3.0
1155.195070397003	0.03125010000007933	epochs	3.0
1155.2263204970031	0.06183359999999993	epochs	2.0
1155.2263204970031	0.031026900000142632	epochs	3.0
1155.2573473970033	0.0308066999998573	epochs	3.0
1155.2881540970031	0.060965599999917686	epochs	2.0
1155.2881540970031	0.030589799999916067	epochs	3.0
1155.318743897003	0.030375800000001618	epochs	3.0
1155.349119697003	0.06012160000000222	epochs	2.0
1155.349119697003	0.030164900000045236	epochs	3.0
1155.379284597003	0.02995669999995698	epochs	3.0
1155.409241297003	0.059300700000221696	epochs	2.0
1155.409241297003	0.029751600000054168	epochs	3.0
1155.4389928970031	0.029549100000167527	epochs	3.0
1155.4685419970033	0.05850179999993088	epochs	2.0
1155.4685419970033	0.029349399999773595	epochs	3.0
1155.497891397003	0.029152400000157286	epochs	3.0
1155.5270437970032	0.05772419999993872	epochs	2.0
1155.5270437970032	0.028957999999875028	epochs	3.0
1155.556001797003	0.02876620000006369	epochs	3.0
1155.5847679970032	0.05696710000006533	epochs	2.0
1155.5847679970032	0.028577000000041153	epochs	3.0
1155.6133449970032	0.028390100000024177	epochs	3.0
1155.6417350970032	0.05622949999997218	epochs	2.0
1155.6417350970032	0.028205699999944045	epochs	3.0
1155.6699407970032	0.028023800000028132	epochs	3.0
1155.6979645970032	0.05551070000001346	epochs	2.0
1155.6979645970032	0.027843999999959124	epochs	3.0
1155.7258085970032	0.027666700000054334	epochs	3.0
1155.7534752970032	0.054810200000019904	epochs	2.0
1155.7534752970032	0.02749149999999645	epochs	3.0
1155.7809667970032	0.027318700000023455	epochs	3.0
1155.8082854970032	0.054126999999880354	epochs	2.0
1155.8082854970032	0.027147799999966082	epochs	3.0
1155.8354332970032	0.026979199999914272	epochs	3.0
1155.862412497003	0.053460699999959616	epochs	2.0
1155.862412497003	0.026812600000084785	epochs	3.0
1155.8892250970032	0.02664809999987483	epochs	3.0
1155.915873197003	0.05281070000000909	epochs	2.0
1155.915873197003	0.026485600000114573	epochs	3.0
1155.9423587970032	0.02632509999989452	epochs	3.0
1155.968683897003	0.05217620000007628	epochs	2.0
1155.968683897003	0.02616640000019288	epochs	3.0
1155.9948502970033	0.0260097999998834	epochs	3.0
1156.0208600970032	0.051556699999991906	epochs	2.0
1156.0208600970032	0.025854799999933675	epochs	3.0
1156.046714897003	0.02570190000005823	epochs	3.0
1156.0724167970031	0.05095189999997274	epochs	2.0
1156.0724167970031	0.025550699999939752	epochs	3.0
1156.097967497003	0.025401200000032986	epochs	3.0
1156.1233686970031	0.05036100000006627	epochs	2.0
1156.1233686970031	0.025253499999962514	epochs	3.0
1156.148622197003	0.025107500000103755	epochs	3.0
1156.1737296970032	0.04978379999988647	epochs	2.0
1156.1737296970032	0.02496320000000196	epochs	3.0
1156.1986928970032	0.024820599999884507	epochs	3.0
1156.223513497003	0.04921950000016295	epochs	2.0
1156.223513497003	0.024679400000195528	epochs	3.0
1156.2481928970033	0.024540099999967424	epochs	3.0
1156.2727329970032	0.04866789999982757	epochs	2.0
1156.2727329970032	0.024402099999861093	epochs	3.0
1156.297135097003	0.024265799999966475	epochs	3.0
1156.321400897003	0.04812860000015462	epochs	2.0
1156.321400897003	0.024131000000124914	epochs	3.0
1156.3455318970032	0.023997600000029706	epochs	3.0
1156.3695294970032	0.047601100000065344	epochs	2.0
1156.3695294970032	0.023865800000066884	epochs	3.0
1156.3933952970033	0.02373529999999846	epochs	3.0
1156.4171305970033	0.04708499999992455	epochs	2.0
1156.4171305970033	0.023606299999983094	epochs	3.0
1156.4407368970033	0.023478699999941455	epochs	3.0
1156.4642155970032	0.046579999999948996	epochs	2.0
1156.4642155970032	0.023352499999873544	epochs	3.0
1156.487568097003	0.02322750000007545	epochs	3.0
1156.5107955970032	0.046085700000048746	epochs	2.0
1156.5107955970032	0.023104000000103042	epochs	3.0
1156.5338995970033	0.022981699999945704	epochs	3.0
1156.5568812970032	0.045601799999985815	epochs	2.0
1156.5568812970032	0.02286069999991014	epochs	3.0
1156.579741997003	0.022741100000075676	epochs	3.0
1156.6024830970032	0.045127899999897636	epochs	2.0
1156.6024830970032	0.022622499999897627	epochs	3.0
1156.625105597003	0.02250540000000001	epochs	3.0
1156.647610997003	0.0446638000000803	epochs	2.0
1156.647610997003	0.02238929999998618	epochs	3.0
1156.670000297003	0.022274500000094122	epochs	3.0
1156.6922747970032	0.04420920000006845	epochs	2.0
1156.6922747970032	0.022160799999937808	epochs	3.0
1156.714435597003	0.02204840000013064	epochs	3.0
1156.7364839970032	0.04376359999992019	epochs	2.0
1156.7364839970032	0.02193689999990056	epochs	3.0
1156.7584208970031	0.021826700000019628	epochs	3.0
1156.7802475970032	0.04332709999994222	epochs	2.0
1156.7802475970032	0.02171760000010181	epochs	3.0
1156.8019651970033	0.02160949999984041	epochs	3.0
1156.823574697003	0.04289900000003399	epochs	2.0
1156.823574697003	0.02150249999999687	epochs	3.0
1156.845077197003	0.021396500000037122	epochs	3.0
1156.8664736970031	0.04247950000012679	epochs	2.0
1156.8664736970031	0.021291700000119818	epochs	3.0
1156.8877653970032	0.021187800000006973	epochs	3.0
1156.9089531970033	0.04206789999989269	epochs	2.0
1156.9089531970033	0.02108490000000529	epochs	3.0
1156.9300380970033	0.020982999999887397	epochs	3.0
1156.9510210970031	0.04166439999994509	epochs	2.0
1156.9510210970031	0.020882199999959994	epochs	3.0
1156.971903297003	0.020782199999985096	epochs	3.0
1156.992685497003	0.04126850000011473	epochs	2.0
1156.992685497003	0.020683299999973315	epochs	3.0
1157.013368797003	0.020585200000141413	epochs	3.0
1157.0339539970032	0.04088000000001557	epochs	2.0
1157.0339539970032	0.020488099999965925	epochs	3.0
1157.0544420970032	0.020391900000049645	epochs	3.0
1157.0748339970032	0.04049880000002304	epochs	2.0
1157.0748339970032	0.020296599999937825	epochs	3.0
1157.0951305970032	0.020202200000085213	epochs	3.0
1157.1153327970032	0.040124599999899146	epochs	2.0
1157.1153327970032	0.02010870000003706	epochs	3.0
1157.1354414970033	0.020015899999862086	epochs	3.0
1157.1554573970031	0.03975730000001931	epochs	2.0
1157.1554573970031	0.019924200000104975	epochs	3.0
1157.1753815970033	0.01983309999991434	epochs	3.0
1157.1952146970032	0.03939669999999751	epochs	2.0
1157.1952146970032	0.01974300000006224	epochs	3.0
1157.2149576970032	0.01965369999993527	epochs	3.0
1157.2346113970032	0.03904239999997117	epochs	2.0
1157.2346113970032	0.019565099999908853	epochs	3.0
1157.254176497003	0.019477300000062314	epochs	3.0
1157.2736537970031	0.038694600000098944	epochs	2.0
1157.2736537970031	0.019390400000020236	epochs	3.0
1157.2930441970032	0.01930420000007871	epochs	3.0
1157.3123483970032	0.038352899999836154	epochs	2.0
1157.3123483970032	0.019218799999862313	epochs	3.0
1157.331567197003	0.01913409999997384	epochs	3.0
1157.350701297003	0.03801720000001296	epochs	2.0
1157.350701297003	0.019050200000037876	epochs	3.0
1157.369751497003	0.018966999999975087	epochs	3.0
1157.388718497003	0.03768720000016401	epochs	2.0
1157.388718497003	0.01888450000001285	epochs	3.0
1157.407602997003	0.018802700000151162	epochs	3.0
1157.4264056970032	0.03736309999999321	epochs	2.0
1157.4264056970032	0.018721700000014607	epochs	3.0
1157.4451273970033	0.018641399999978603	epochs	3.0
1157.4637687970032	0.03704429999993408	epochs	2.0
1157.4637687970032	0.018561599999884493	epochs	3.0
1157.4823303970031	0.01848270000004959	epochs	3.0
1157.5008130970032	0.03673099999991791	epochs	2.0
1157.5008130970032	0.018404299999929208	epochs	3.0
1157.519217397003	0.018326699999988705	epochs	3.0
1157.537544097003	0.03642290000016146	epochs	2.0
1157.537544097003	0.018249599999990096	epochs	3.0
1157.555793697003	0.018173300000171366	epochs	3.0
1157.5739669970033	0.036120099999834565	epochs	2.0
1157.5739669970033	0.01809759999991911	epochs	3.0
1157.5920645970032	0.018022499999915453	epochs	3.0
1157.610087097003	0.035822100000132195	epochs	2.0
1157.610087097003	0.017947900000081063	epochs	3.0
1157.6280349970032	0.017874200000051133	epochs	3.0
1157.6459091970032	0.03552899999999681	epochs	2.0
1157.6459091970032	0.017800800000031813	epochs	3.0
1157.6637099970033	0.017728199999965	epochs	3.0
1157.6814381970032	0.03524070000003121	epochs	2.0
1157.6814381970032	0.017656100000067454	epochs	3.0
1157.6990942970033	0.017584599999963757	epochs	3.0
1157.7166788970032	0.03495709999992869	epochs	2.0
1157.7166788970032	0.017513699999881283	epochs	3.0
1157.7341925970031	0.017443400000047404	epochs	3.0
1157.7516359970032	0.034677899999906	epochs	2.0
1157.7516359970032	0.017373599999928047	epochs	3.0
1157.769009597003	0.017304299999977957	epochs	3.0
1157.786313897003	0.03440330000012182	epochs	2.0
1157.786313897003	0.017235700000128418	epochs	3.0
1157.8035495970032	0.0171675999999934	epochs	3.0
1157.8207171970032	0.03413279999995211	epochs	2.0
1157.8207171970032	0.01709989999994832	epochs	3.0
1157.8378170970032	0.017032900000003792	epochs	3.0
1157.8548499970032	0.03386670000008962	epochs	2.0
1157.8548499970032	0.01696640000000116	epochs	3.0
1157.8718163970032	0.016900300000088464	epochs	3.0
1157.8887166970032	0.03360459999998966	epochs	2.0
1157.8887166970032	0.01683479999996962	epochs	3.0
1157.9055514970032	0.01676980000002004	epochs	3.0
1157.9223212970032	0.033346599999958926	epochs	2.0
1157.9223212970032	0.016705300000012357	epochs	3.0
1157.9390265970032	0.01664129999994657	epochs	3.0
1157.9556678970032	0.03309250000006614	epochs	2.0
1157.9556678970032	0.016577800000050047	epochs	3.0
1157.9722456970032	0.01651470000001609	epochs	3.0
1157.9887603970033	0.03284229999985655	epochs	2.0
1157.9887603970033	0.01645220000000336	epochs	3.0
1158.0052125970033	0.01639009999985319	epochs	3.0
1158.0216026970031	0.03259570000000167	epochs	2.0
1158.0216026970031	0.016328400000020338	epochs	3.0
1158.0379310970031	0.016267299999981333	epochs	3.0
1158.0541983970031	0.032352899999978035	epochs	2.0
1158.0541983970031	0.016206600000032267	epochs	3.0
1158.0704049970032	0.016146299999945768	epochs	3.0
1158.086551297003	0.032113700000081735	epochs	2.0
1158.086551297003	0.016086600000107865	epochs	3.0
1158.1026378970032	0.01602709999997387	epochs	3.0
1158.1186649970032	0.03187800000000607	epochs	2.0
1158.1186649970032	0.015968200000088473	epochs	3.0
1158.1346331970033	0.015909799999917595	epochs	3.0
1158.1505429970032	0.03164569999989908	epochs	2.0
1158.1505429970032	0.015851599999905375	epochs	3.0
1158.166394597003	0.015794099999993705	epochs	3.0
1158.182188697003	0.03141670000013619	epochs	2.0
1158.182188697003	0.015736700000161363	epochs	3.0
1158.1979253970032	0.015679999999974825	epochs	3.0
1158.2136053970032	0.03119109999988723	epochs	2.0
1158.2136053970032	0.015623600000026272	epochs	3.0
1158.2292289970032	0.015567499999860956	epochs	3.0
1158.244796497003	0.03096870000013041	epochs	2.0
1158.244796497003	0.01551200000017161	epochs	3.0
1158.2603084970033	0.0154566999999588	epochs	3.0
1158.2757651970032	0.030749499999956242	epochs	2.0
1158.2757651970032	0.015401999999994587	epochs	3.0
1158.2911671970032	0.015347499999961656	epochs	3.0
1158.3065146970032	0.03053320000003623	epochs	2.0
1158.3065146970032	0.015293400000018664	epochs	3.0
1158.3218080970032	0.015239800000017567	epochs	3.0
1158.3370478970032	0.030320099999926242	epochs	2.0
1158.3370478970032	0.015186500000027081	epochs	3.0
1158.3522343970033	0.015133599999899161	epochs	3.0
1158.3673679970032	0.03010990000007041	epochs	2.0
1158.3673679970032	0.015081000000009226	epochs	3.0
1158.3824489970032	0.015028900000061185	epochs	3.0
1158.3974778970032	0.029902499999934662	epochs	2.0
1158.3974778970032	0.014977000000044427	epochs	3.0
1158.4124548970033	0.014925499999890235	epochs	3.0
1158.4273803970032	0.029698099999905025	epochs	2.0
1158.4273803970032	0.014874400000053356	epochs	3.0
1158.4422547970032	0.01482369999985167	epochs	3.0
1158.457078497003	0.029496300000118936	epochs	2.0
1158.457078497003	0.014773200000036013	epochs	3.0
1158.471851697003	0.014723100000082923	epochs	3.0
1158.4865747970032	0.029297399999904883	epochs	2.0
1158.4865747970032	0.014673399999992398	epochs	3.0
1158.5012481970032	0.014623999999912485	epochs	3.0
1158.515872197003	0.02910110000016175	epochs	2.0
1158.515872197003	0.014574900000070556	epochs	3.0
1158.5304470970032	0.014526200000091194	epochs	3.0
1158.5449732970033	0.028907399999980044	epochs	2.0
1158.5449732970033	0.01447769999981574	epochs	3.0
1158.559450997003	0.014429700000164303	epochs	3.0
1158.5738806970032	0.028716199999962555	epochs	2.0
1158.5738806970032	0.014381799999910072	epochs	3.0
1158.5882624970031	0.014334400000052483	epochs	3.0
1158.6025968970032	0.02852759999996124	epochs	2.0
1158.6025968970032	0.014287199999898803	epochs	3.0
1158.616884097003	0.014240400000062436	epochs	3.0
1158.6311244970032	0.028341400000044814	epochs	2.0
1158.6311244970032	0.014193799999929979	epochs	3.0
1158.645318297003	0.014147600000114835	epochs	3.0
1158.6594658970032	0.028157700000065233	epochs	2.0
1158.6594658970032	0.014101700000082928	epochs	3.0
1158.6735675970033	0.014055999999982305	epochs	3.0
1158.6876235970033	0.02797629999986384	epochs	2.0
1158.6876235970033	0.014010599999892293	epochs	3.0
1158.7016341970032	0.013965699999971548	epochs	3.0
1158.7155998970031	0.027797200000122757	epochs	2.0
1158.7155998970031	0.013920800000050804	epochs	3.0
1158.7295206970032	0.013876400000071953	epochs	3.0
1158.7433970970033	0.027620399999932488	epochs	2.0
1158.7433970970033	0.013832200000024386	epochs	3.0
1158.7572292970033	0.013788199999908102	epochs	3.0
1158.7710174970032	0.027445899999975154	epochs	2.0
1158.7710174970032	0.013744599999881757	epochs	3.0
1158.784762097003	0.013701300000093397	epochs	3.0
1158.7984633970032	0.0272735000000921	epochs	2.0
1158.7984633970032	0.013658200000008947	epochs	3.0
1158.8121215970032	0.013615300000083153	epochs	3.0
1158.8257368970033	0.027103399999987232	epochs	2.0
1158.8257368970033	0.013572800000019924	epochs	3.0
1158.8393096970033	0.013530599999967308	epochs	3.0
1158.8528402970032	0.02693520000002536	epochs	2.0
1158.8528402970032	0.01348839999991469	epochs	3.0
1158.8663286970032	0.01344680000011067	epochs	3.0
1158.8797754970033	0.026769199999989723	epochs	2.0
1158.8797754970033	0.013405199999851902	epochs	3.0
1158.8931806970031	0.013364000000137821	epochs	3.0
1158.9065446970033	0.026605199999949036	epochs	2.0
1158.9065446970033	0.013322899999820947	epochs	3.0
1158.919867597003	0.013282300000128089	epochs	3.0
1158.9331498970032	0.0264431999999033	epochs	2.0
1158.9331498970032	0.013241699999980483	epochs	3.0
1158.9463915970032	0.013201499999922817	epochs	3.0
1158.959593097003	0.026283200000079887	epochs	2.0
1158.959593097003	0.013161500000023807	epochs	3.0
1158.9727545970031	0.01312170000005608	epochs	3.0
1158.9858762970032	0.02612500000009277	epochs	2.0
1158.9858762970032	0.013082100000019636	epochs	3.0
1158.9989583970032	0.013042900000073132	epochs	3.0
1159.0120012970033	0.025968899999952555	epochs	2.0
1159.0120012970033	0.013003899999830537	epochs	3.0
1159.025005197003	0.012965000000122018	epochs	3.0
1159.0379701970032	0.025814500000024054	epochs	2.0
1159.0379701970032	0.012926399999969362	epochs	3.0
1159.0508965970032	0.012888100000054692	epochs	3.0
1159.0637846970033	0.025661899999931848	epochs	2.0
1159.0637846970033	0.012849899999991976	epochs	3.0
1159.0766345970032	0.012811999999939871	epochs	3.0
1159.0894465970032	0.025511199999982637	epochs	2.0
1159.0894465970032	0.012774399999898378	epochs	3.0
1159.102220997003	0.012736800000084258	epochs	3.0
1159.1149577970032	0.025362300000097093	epochs	2.0
1159.1149577970032	0.01269969999998466	epochs	3.0
1159.1276574970032	0.012662600000112434	epochs	3.0
1159.1403200970033	0.025214999999889187	epochs	2.0
1159.1403200970033	0.012625799999796072	epochs	3.0
1159.152945897003	0.012589200000093115	epochs	3.0
1159.1655350970032	0.024584799999956886	epochs	2.0
1159.1891827970032	0.5	epochs	-1.0
1159.1901198970031	0.9999199999999746	epochs	1.0
1159.6891827970032	0.5	epochs	-1.0
1180.5819997787476	0.057119999999940774	epochs	0.0
1180.5819997787476	0.02356200000008357	epochs	1.0
1180.6055617787476	0.009996000000001004	epochs	1.0
1180.6155577787476	0.023561999999856198	epochs	1.0
1180.6391197787475	2.0	epochs	0.0
1182.6391197787475	5.382000000000062	epochs	0.0
1182.6391197787475	1.0	epochs	1.0
1182.6391426787475	0.5	epochs	-1.0
1183.1391426787475	4.881977100000086	epochs	-1.0
1183.6391197787475	4.382000000000062	epochs	1.0
1183.6391197787475	4.356753900000058	epochs	-1.0
1183.6391197787475	1.9745872000000873	epochs	2.0
1183.6391197787475	1.0985622000000603	epochs	3.0
1184.7376819787476	0.8760250000000269	epochs	3.0
1185.6137069787476	1.3524075000000266	epochs	2.0
1185.6137069787476	0.7286354999998821	epochs	3.0
1186.3423424787475	0.6237720000001445	epochs	3.0
1186.9661144787476	1.029759199999944	epochs	2.0
1186.9661144787476	0.5453293000000485	epochs	3.0
1187.5114437787477	0.4844298999998955	epochs	3.0
1187.9958736787476	0.025246100000003935	epochs	2.0
1187.9958736787476	0.025246100000003935	epochs	3.0
1188.0211197787476	16.617919999999913	epochs	0.0
1189.2349996566772	0.057119999999940774	epochs	0.0
1189.2349996566772	0.02356200000008357	epochs	1.0
1189.2585616566773	0.009996000000001004	epochs	1.0
1189.2685576566773	0.023561999999856198	epochs	1.0
1189.2921196566772	2.0	epochs	0.0
1191.2921196566772	0.5020799999999781	epochs	0.0
1191.2921196566772	0.5020799999999781	epochs	1.0
1191.2921425566772	0.5	epochs	-1.0
1191.7921425566772	0.0020571000000018103	epochs	-1.0
1191.7941996566772	21.497839999999997	epochs	0.0
1193.146999835968	0.057119999999940774	epochs	0.0
1193.146999835968	0.02356200000008357	epochs	1.0
1193.170561835968	0.009996000000001004	epochs	1.0
1193.180557835968	0.023561999999856198	epochs	1.0
1193.204119835968	2.0	epochs	0.0
1195.204119835968	0.5024000000000797	epochs	0.0
1195.204119835968	0.5024000000000797	epochs	1.0
1195.204142735968	0.5	epochs	-1.0
1195.704142735968	0.0023771000001033826	epochs	-1.0
1195.706519835968	21.497519999999895	epochs	0.0
1197.0579996109009	0.057119999999940774	epochs	0.0
1197.0579996109009	0.02356200000008357	epochs	1.0
1197.081561610901	0.009996000000001004	epochs	1.0
1197.091557610901	0.023561999999856198	epochs	1.0
1197.1151196109008	2.0	epochs	0.0
1199.1151196109008	21.999919999999975	epochs	0.0
1199.1151196109008	1.0	epochs	1.0
1199.1151425109008	0.5	epochs	-1.0
1199.6151425109008	19.999120000000175	epochs	-1.0
1200.1151196109008	20.0	epochs	1.0
1200.1151196109008	4.356753900000058	epochs	-1.0
1200.1151196109008	1.9745872000000873	epochs	2.0
1200.1151196109008	1.0985622000000603	epochs	3.0
1201.2136818109009	0.8760250000000269	epochs	3.0
1202.089706810901	1.3524075000000266	epochs	2.0
1202.089706810901	0.7286354999998821	epochs	3.0
1202.8183423109008	0.6237720000001445	epochs	3.0
1203.442114310901	1.029759199999944	epochs	2.0
1203.442114310901	0.5453293000000485	epochs	3.0
1203.987443610901	0.4844298999998955	epochs	3.0
1204.4718735109009	0.8317861999998968	epochs	2.0
1204.4718735109009	0.4357763000000432	epochs	3.0
1204.907649810901	0.3960098999998536	epochs	3.0
1205.3036597109008	0.6977970000000369	epochs	2.0
1205.3036597109008	0.3628982000000178	epochs	3.0
1205.6665579109008	0.33489880000001904	epochs	3.0
1206.0014567109008	0.601045699999986	epochs	2.0
1206.0014567109008	0.3109123000001546	epochs	3.0
1206.312369010901	0.29013339999983145	epochs	3.0
1206.6025024109008	0.5278859000000011	epochs	2.0
1206.6025024109008	0.2719586000000618	epochs	3.0
1206.8744610109009	0.25592729999993935	epochs	3.0
1207.1303883109008	0.4706193000001804	epochs	2.0
1207.1303883109008	0.241681299999982	epochs	3.0
1207.3720696109008	0.22893800000019837	epochs	3.0
1207.601007610901	0.42457039999999324	epochs	2.0
1207.601007610901	0.2174713999997948	epochs	3.0
1207.8184790109008	0.20709900000019843	epochs	3.0
1208.025578010901	0.3867353999999068	epochs	2.0
1208.025578010901	0.19767109999997956	epochs	3.0
1208.223249110901	0.18906429999992724	epochs	3.0
1208.4123134109009	0.35509529999990264	epochs	2.0
1208.4123134109009	0.18117589999997108	epochs	3.0
1208.5934893109008	0.17391939999993156	epochs	3.0
1208.7674087109008	0.3282431000000088	epochs	2.0
1208.7674087109008	0.167221900000186	epochs	3.0
1208.934630610901	0.16102119999982278	epochs	3.0
1209.0956518109008	0.30516800000009425	epochs	2.0
1209.0956518109008	0.15526390000013635	epochs	3.0
1209.250915710901	0.1499040999999579	epochs	3.0
1209.4008198109009	0.28512529999989056	epochs	2.0
1209.4008198109009	0.1449021000000812	epochs	3.0
1209.545721910901	0.14022319999980937	epochs	3.0
1209.6859451109008	0.267553800000087	epochs	2.0
1209.6859451109008	0.13583690000018578	epochs	3.0
1209.821782010901	0.13171689999990122	epochs	3.0
1209.9534989109009	0.252022899999929	epochs	2.0
1209.9534989109009	0.1278393000000051	epochs	3.0
1210.0813382109009	0.1241835999999239	epochs	3.0
1210.2055218109008	0.23819650000018555	epochs	2.0
1210.2055218109008	0.12073110000005727	epochs	3.0
1210.3262529109008	0.11746540000012828	epochs	3.0
1210.443718310901	0.22580879999986792	epochs	2.0
1210.443718310901	0.1143718999999237	epochs	3.0
1210.558090210901	0.11143689999994422	epochs	3.0
1210.6695271109008	0.2146460000001298	epochs	2.0
1210.6695271109008	0.10864889999993466	epochs	3.0
1210.7781760109008	0.10599710000019513	epochs	3.0
1210.884173110901	0.2045349999998507	epochs	2.0
1210.884173110901	0.1034714999998414	epochs	3.0
1210.9876446109008	0.1010635000000093	epochs	3.0
1211.0887081109008	0.19533400000000256	epochs	2.0
1211.0887081109008	0.09876510000003691	epochs	3.0
1211.1874732109009	0.09656889999996565	epochs	3.0
1211.2840421109008	0.18692529999998442	epochs	2.0
1211.2840421109008	0.09446830000001682	epochs	3.0
1211.3785104109008	0.09245699999996759	epochs	3.0
1211.4709674109008	0.1792107000001124	epochs	2.0
1211.4709674109008	0.0905296000000817	epochs	3.0
1211.561497010901	0.08868110000003071	epochs	3.0
1211.650178110901	0.17210769999996955	epochs	2.0
1211.650178110901	0.08690630000000965	epochs	3.0
1211.737084410901	0.0852013999999599	epochs	3.0
1211.822285810901	0.16554640000003928	epochs	2.0
1211.822285810901	0.08356189999994967	epochs	3.0
1211.9058477109008	0.08198450000008961	epochs	3.0
1211.987832210901	0.15946710000002895	epochs	2.0
1211.987832210901	0.08046539999986635	epochs	3.0
1212.0682976109008	0.0790017000001626	epochs	3.0
1212.147299310901	0.1538183999998637	epochs	2.0
1212.147299310901	0.07759009999995214	epochs	3.0
1212.224889410901	0.07622829999991154	epochs	3.0
1212.3011177109008	0.14855639999996129	epochs	2.0
1212.3011177109008	0.07491330000016205	epochs	3.0
1212.376031010901	0.07364309999979923	epochs	3.0
1212.4496741109008	0.14364240000008976	epochs	2.0
1212.4496741109008	0.07241500000009182	epochs	3.0
1212.5220891109009	0.07122739999999794	epochs	3.0
1212.5933165109009	0.13904309999998077	epochs	2.0
1212.5933165109009	0.07007799999996678	epochs	3.0
1212.6633945109008	0.06896510000001399	epochs	3.0
1212.7323596109009	0.1347293000001173	epochs	2.0
1212.7323596109009	0.0678871000000072	epochs	3.0
1212.8002467109009	0.0668422000001101	epochs	3.0
1212.867088910901	0.13067519999981414	epochs	2.0
1212.867088910901	0.06582909999997355	epochs	3.0
1212.932918010901	0.06484609999984059	epochs	3.0
1212.9977641109008	0.12685780000015257	epochs	2.0
1212.9977641109008	0.06389200000012352	epochs	3.0
1213.061656110901	0.06296580000002905	epochs	3.0
1213.124621910901	0.12325719999989815	epochs	2.0
1213.124621910901	0.06206580000002759	epochs	3.0
1213.186687710901	0.061191399999870555	epochs	3.0
1213.2478791109008	0.11985540000000583	epochs	2.0
1213.2478791109008	0.060341099999959624	epochs	3.0
1213.3082202109008	0.059514300000046205	epochs	3.0
1213.3677345109008	0.11663620000012997	epochs	2.0
1213.3677345109008	0.058709599999929196	epochs	3.0
1213.4264441109008	0.05792660000020078	epochs	3.0
1213.484370710901	0.11358559999985118	epochs	2.0
1213.484370710901	0.05716419999998834	epochs	3.0
1213.541534910901	0.05642139999986284	epochs	3.0
1213.5979563109008	0.11069050000014613	epochs	2.0
1213.5979563109008	0.055697900000041045	epochs	3.0
1213.6536542109009	0.054992600000105085	epochs	3.0
1213.708646810901	0.10793909999983953	epochs	2.0
1213.708646810901	0.054304899999806366	epochs	3.0
1213.7629517109008	0.05363420000003316	epochs	3.0
1213.8165859109008	0.10532150000017282	epochs	2.0
1213.8165859109008	0.052980000000161453	epochs	3.0
1213.869565910901	0.052341500000011365	epochs	3.0
1213.921907410901	0.10282759999995505	epochs	2.0
1213.921907410901	0.05171809999978905	epochs	3.0
1213.9736255109008	0.05110950000016601	epochs	3.0
1214.024735010901	0.10044909999987794	epochs	2.0
1214.024735010901	0.0505148999998255	epochs	3.0
1214.0752499109008	0.04993420000005244	epochs	3.0
1214.1251841109008	0.0981782999999723	epochs	2.0
1214.1251841109008	0.04936659999998483	epochs	3.0
1214.1745507109008	0.04881169999998747	epochs	3.0
1214.2233624109008	0.09600780000005216	epochs	2.0
1214.2233624109008	0.04826920000004975	epochs	3.0
1214.2716316109008	0.04773860000000241	epochs	3.0
1214.3193702109008	0.09393120000004274	epochs	2.0
1214.3193702109008	0.04721949999998287	epochs	3.0
1214.3665897109008	0.046711700000059864	epochs	3.0
1214.4133014109009	0.09194260000003851	epochs	2.0
1214.4133014109009	0.046214599999984785	epochs	3.0
1214.4595160109009	0.045728000000053726	epochs	3.0
1214.505244010901	0.09003630000006524	epochs	2.0
1214.505244010901	0.045251499999949374	epochs	3.0
1214.5504955109009	0.044784800000115865	epochs	3.0
1214.595280310901	0.0882075999998051	epochs	2.0
1214.595280310901	0.04432779999979175	epochs	3.0
1214.6396081109008	0.04387980000001335	epochs	3.0
1214.6834879109008	0.0864516999999978	epochs	2.0
1214.6834879109008	0.04344100000002982	epochs	3.0
1214.7269289109008	0.04301069999996798	epochs	3.0
1214.7699396109008	0.08476430000018809	epochs	2.0
1214.7699396109008	0.04258900000013455	epochs	3.0
1214.812528610901	0.04217530000005354	epochs	3.0
1214.854703910901	0.08314150000001064	epochs	2.0
1214.854703910901	0.04176969999980429	epochs	3.0
1214.8964736109008	0.04137180000020635	epochs	3.0
1214.937845410901	0.08157969999979287	epochs	2.0
1214.937845410901	0.040981399999964196	epochs	3.0
1214.978826810901	0.04059829999982867	epochs	3.0
1215.0194251109008	0.08007550000002084	epochs	2.0
1215.0194251109008	0.040222300000095856	epochs	3.0
1215.0596474109009	0.03985319999992498	epochs	3.0
1215.0995006109008	0.07862569999997504	epochs	2.0
1215.0995006109008	0.039490800000066884	epochs	3.0
1215.1389914109009	0.03913489999990816	epochs	3.0
1215.1781263109008	0.07722760000001472	epochs	2.0
1215.1781263109008	0.038785400000051595	epochs	3.0
1215.2169117109008	0.03844219999996312	epochs	3.0
1215.2553539109008	0.07587820000003376	epochs	2.0
1215.2553539109008	0.03810480000015559	epochs	3.0
1215.293458710901	0.037773399999878166	epochs	3.0
1215.3312321109008	0.0745752000000266	epochs	2.0
1215.3312321109008	0.03744770000002973	epochs	3.0
1215.3686798109009	0.03712749999999687	epochs	3.0
1215.4058073109009	0.07331629999998768	epochs	2.0
1215.4058073109009	0.0368129000000863	epochs	3.0
1215.442620210901	0.036503399999901376	epochs	3.0
1215.4791236109008	0.07209899999998015	epochs	2.0
1215.4791236109008	0.03619909999997617	epochs	3.0
1215.5153227109008	0.03589990000000398	epochs	3.0
1215.5512226109008	0.07092170000009901	epochs	2.0
1215.5512226109008	0.03560560000005353	epochs	3.0
1215.5868282109009	0.03531610000004548	epochs	3.0
1215.622144310901	0.06978200000003199	epochs	2.0
1215.622144310901	0.03503120000004856	epochs	3.0
1215.657175510901	0.03475079999998343	epochs	3.0
1215.691926310901	0.06867859999988468	epochs	2.0
1215.691926310901	0.03447510000000875	epochs	3.0
1215.726401410901	0.03420349999987593	epochs	3.0
1215.7606049109008	0.06760929999995824	epochs	2.0
1215.7606049109008	0.033936199999970995	epochs	3.0
1215.7945411109008	0.033673099999987244	epochs	3.0
1215.8282142109008	0.06657289999998284	epochs	2.0
1215.8282142109008	0.03341399999999339	epochs	3.0
1215.8616282109008	0.033158899999989444	epochs	3.0
1215.8947871109008	0.06556780000005347	epochs	2.0
1215.8947871109008	0.03290770000012344	epochs	3.0
1215.927694810901	0.032660099999930026	epochs	3.0
1215.9603549109008	0.06459259999996902	epochs	2.0
1215.9603549109008	0.03241640000010193	epochs	3.0
1215.992771310901	0.032176199999867094	epochs	3.0
1216.0249475109008	0.06364600000006249	epochs	2.0
1216.0249475109008	0.03193959999998697	epochs	3.0
1216.0568871109008	0.03170640000007552	epochs	3.0
1216.0885935109009	0.0627266999999847	epochs	2.0
1216.0885935109009	0.031476599999905375	epochs	3.0
1216.1200701109008	0.03125010000007933	epochs	3.0
1216.1513202109008	0.06183359999999993	epochs	2.0
1216.1513202109008	0.031026900000142632	epochs	3.0
1216.182347110901	0.0308066999998573	epochs	3.0
1216.2131538109008	0.060965599999917686	epochs	2.0
1216.2131538109008	0.030589799999916067	epochs	3.0
1216.2437436109008	0.030375800000001618	epochs	3.0
1216.2741194109008	0.06012160000000222	epochs	2.0
1216.2741194109008	0.030164900000045236	epochs	3.0
1216.3042843109008	0.02995669999995698	epochs	3.0
1216.3342410109008	0.059300700000221696	epochs	2.0
1216.3342410109008	0.029751600000054168	epochs	3.0
1216.3639926109008	0.029549100000167527	epochs	3.0
1216.393541710901	0.05850179999993088	epochs	2.0
1216.393541710901	0.029349399999773595	epochs	3.0
1216.4228911109008	0.029152400000157286	epochs	3.0
1216.452043510901	0.05772419999993872	epochs	2.0
1216.452043510901	0.028957999999875028	epochs	3.0
1216.4810015109008	0.02876620000006369	epochs	3.0
1216.5097677109009	0.05696710000006533	epochs	2.0
1216.5097677109009	0.028577000000041153	epochs	3.0
1216.538344710901	0.028390100000024177	epochs	3.0
1216.566734810901	0.05622949999997218	epochs	2.0
1216.566734810901	0.028205699999944045	epochs	3.0
1216.5949405109009	0.028023800000028132	epochs	3.0
1216.622964310901	0.05551070000001346	epochs	2.0
1216.622964310901	0.027843999999959124	epochs	3.0
1216.6508083109009	0.027666700000054334	epochs	3.0
1216.678475010901	0.054810200000019904	epochs	2.0
1216.678475010901	0.02749149999999645	epochs	3.0
1216.705966510901	0.027318700000023455	epochs	3.0
1216.733285210901	0.054126999999880354	epochs	2.0
1216.733285210901	0.027147799999966082	epochs	3.0
1216.760433010901	0.026979199999914272	epochs	3.0
1216.7874122109008	0.053460699999959616	epochs	2.0
1216.7874122109008	0.026812600000084785	epochs	3.0
1216.814224810901	0.02664809999987483	epochs	3.0
1216.8408729109008	0.05281070000000909	epochs	2.0
1216.8408729109008	0.026485600000114573	epochs	3.0
1216.8673585109009	0.02632509999989452	epochs	3.0
1216.8936836109008	0.05217620000007628	epochs	2.0
1216.8936836109008	0.02616640000019288	epochs	3.0
1216.919850010901	0.0260097999998834	epochs	3.0
1216.9458598109009	0.051556699999991906	epochs	2.0
1216.9458598109009	0.025854799999933675	epochs	3.0
1216.9717146109008	0.02570190000005823	epochs	3.0
1216.9974165109008	0.05095189999997274	epochs	2.0
1216.9974165109008	0.025550699999939752	epochs	3.0
1217.0229672109008	0.025401200000032986	epochs	3.0
1217.0483684109008	0.05036100000006627	epochs	2.0
1217.0483684109008	0.025253499999962514	epochs	3.0
1217.0736219109008	0.025107500000103755	epochs	3.0
1217.098729410901	0.04978379999988647	epochs	2.0
1217.098729410901	0.02496320000000196	epochs	3.0
1217.123692610901	0.024820599999884507	epochs	3.0
1217.1485132109008	0.04921950000016295	epochs	2.0
1217.1485132109008	0.024679400000195528	epochs	3.0
1217.173192610901	0.024540099999967424	epochs	3.0
1217.197732710901	0.04866789999982757	epochs	2.0
1217.197732710901	0.024402099999861093	epochs	3.0
1217.2221348109008	0.024265799999966475	epochs	3.0
1217.2464006109008	0.04812860000015462	epochs	2.0
1217.2464006109008	0.024131000000124914	epochs	3.0
1217.270531610901	0.023997600000029706	epochs	3.0
1217.294529210901	0.047601100000065344	epochs	2.0
1217.294529210901	0.023865800000066884	epochs	3.0
1217.318395010901	0.02373529999999846	epochs	3.0
1217.342130310901	0.04708499999992455	epochs	2.0
1217.342130310901	0.023606299999983094	epochs	3.0
1217.365736610901	0.023478699999941455	epochs	3.0
1217.389215310901	0.046579999999948996	epochs	2.0
1217.389215310901	0.023352499999873544	epochs	3.0
1217.4125678109008	0.02322750000007545	epochs	3.0
1217.4357953109009	0.046085700000048746	epochs	2.0
1217.4357953109009	0.023104000000103042	epochs	3.0
1217.458899310901	0.022981699999945704	epochs	3.0
1217.481881010901	0.045601799999985815	epochs	2.0
1217.481881010901	0.02286069999991014	epochs	3.0
1217.5047417109008	0.022741100000075676	epochs	3.0
1217.527482810901	0.045127899999897636	epochs	2.0
1217.527482810901	0.022622499999897627	epochs	3.0
1217.5501053109008	0.02250540000000001	epochs	3.0
1217.5726107109008	0.0446638000000803	epochs	2.0
1217.5726107109008	0.02238929999998618	epochs	3.0
1217.5950000109008	0.022274500000094122	epochs	3.0
1217.6172745109009	0.04420920000006845	epochs	2.0
1217.6172745109009	0.022160799999937808	epochs	3.0
1217.6394353109008	0.02204840000013064	epochs	3.0
1217.661483710901	0.04376359999992019	epochs	2.0
1217.661483710901	0.02193689999990056	epochs	3.0
1217.6834206109008	0.021826700000019628	epochs	3.0
1217.7052473109009	0.04332709999994222	epochs	2.0
1217.7052473109009	0.02171760000010181	epochs	3.0
1217.726964910901	0.02160949999984041	epochs	3.0
1217.7485744109008	0.04289900000003399	epochs	2.0
1217.7485744109008	0.02150249999999687	epochs	3.0
1217.7700769109008	0.021396500000037122	epochs	3.0
1217.7914734109008	0.04247950000012679	epochs	2.0
1217.7914734109008	0.021291700000119818	epochs	3.0
1217.812765110901	0.021187800000006973	epochs	3.0
1217.833952910901	0.04206789999989269	epochs	2.0
1217.833952910901	0.02108490000000529	epochs	3.0
1217.855037810901	0.020982999999887397	epochs	3.0
1217.8760208109009	0.04166439999994509	epochs	2.0
1217.8760208109009	0.020882199999959994	epochs	3.0
1217.8969030109008	0.020782199999985096	epochs	3.0
1217.9176852109008	0.04126850000011473	epochs	2.0
1217.9176852109008	0.020683299999973315	epochs	3.0
1217.9383685109008	0.020585200000141413	epochs	3.0
1217.958953710901	0.04088000000001557	epochs	2.0
1217.958953710901	0.020488099999965925	epochs	3.0
1217.9794418109009	0.020391900000049645	epochs	3.0
1217.999833710901	0.04049880000002304	epochs	2.0
1217.999833710901	0.020296599999937825	epochs	3.0
1218.0201303109009	0.020202200000085213	epochs	3.0
1218.040332510901	0.040124599999899146	epochs	2.0
1218.040332510901	0.02010870000003706	epochs	3.0
1218.060441210901	0.020015899999862086	epochs	3.0
1218.0804571109009	0.03975730000001931	epochs	2.0
1218.0804571109009	0.019924200000104975	epochs	3.0
1218.100381310901	0.01983309999991434	epochs	3.0
1218.1202144109009	0.03939669999999751	epochs	2.0
1218.1202144109009	0.01974300000006224	epochs	3.0
1218.139957410901	0.01965369999993527	epochs	3.0
1218.1596111109009	0.03904239999997117	epochs	2.0
1218.1596111109009	0.019565099999908853	epochs	3.0
1218.1791762109008	0.019477300000062314	epochs	3.0
1218.1986535109008	0.038694600000098944	epochs	2.0
1218.1986535109008	0.019390400000020236	epochs	3.0
1218.2180439109009	0.01930420000007871	epochs	3.0
1218.237348110901	0.038352899999836154	epochs	2.0
1218.237348110901	0.019218799999862313	epochs	3.0
1218.2565669109008	0.01913409999997384	epochs	3.0
1218.2757010109008	0.03801720000001296	epochs	2.0
1218.2757010109008	0.019050200000037876	epochs	3.0
1218.2947512109008	0.018966999999975087	epochs	3.0
1218.3137182109008	0.03768720000016401	epochs	2.0
1218.3137182109008	0.01888450000001285	epochs	3.0
1218.3326027109008	0.018802700000151162	epochs	3.0
1218.351405410901	0.03736309999999321	epochs	2.0
1218.351405410901	0.018721700000014607	epochs	3.0
1218.370127110901	0.018641399999978603	epochs	3.0
1218.388768510901	0.03704429999993408	epochs	2.0
1218.388768510901	0.018561599999884493	epochs	3.0
1218.4073301109008	0.01848270000004959	epochs	3.0
1218.4258128109009	0.03673099999991791	epochs	2.0
1218.4258128109009	0.018404299999929208	epochs	3.0
1218.4442171109008	0.018326699999988705	epochs	3.0
1218.4625438109008	0.03642290000016146	epochs	2.0
1218.4625438109008	0.018249599999990096	epochs	3.0
1218.4807934109008	0.018173300000171366	epochs	3.0
1218.498966710901	0.036120099999834565	epochs	2.0
1218.498966710901	0.01809759999991911	epochs	3.0
1218.5170643109009	0.018022499999915453	epochs	3.0
1218.5350868109008	0.035822100000132195	epochs	2.0
1218.5350868109008	0.017947900000081063	epochs	3.0
1218.5530347109009	0.017874200000051133	epochs	3.0
1218.570908910901	0.03552899999999681	epochs	2.0
1218.570908910901	0.017800800000031813	epochs	3.0
1218.588709710901	0.017728199999965	epochs	3.0
1218.606437910901	0.03524070000003121	epochs	2.0
1218.606437910901	0.017656100000067454	epochs	3.0
1218.624094010901	0.017584599999963757	epochs	3.0
1218.641678610901	0.03495709999992869	epochs	2.0
1218.641678610901	0.017513699999881283	epochs	3.0
1218.6591923109008	0.017443400000047404	epochs	3.0
1218.6766357109009	0.034677899999906	epochs	2.0
1218.6766357109009	0.017373599999928047	epochs	3.0
1218.6940093109008	0.017304299999977957	epochs	3.0
1218.7113136109008	0.03440330000012182	epochs	2.0
1218.7113136109008	0.017235700000128418	epochs	3.0
1218.728549310901	0.0171675999999934	epochs	3.0
1218.745716910901	0.03413279999995211	epochs	2.0
1218.745716910901	0.01709989999994832	epochs	3.0
1218.7628168109009	0.017032900000003792	epochs	3.0
1218.7798497109009	0.03386670000008962	epochs	2.0
1218.7798497109009	0.01696640000000116	epochs	3.0
1218.7968161109009	0.016900300000088464	epochs	3.0
1218.813716410901	0.03360459999998966	epochs	2.0
1218.813716410901	0.01683479999996962	epochs	3.0
1218.830551210901	0.01676980000002004	epochs	3.0
1218.847321010901	0.033346599999958926	epochs	2.0
1218.847321010901	0.016705300000012357	epochs	3.0
1218.864026310901	0.01664129999994657	epochs	3.0
1218.880667610901	0.03309250000006614	epochs	2.0
1218.880667610901	0.016577800000050047	epochs	3.0
1218.897245410901	0.01651470000001609	epochs	3.0
1218.913760110901	0.03284229999985655	epochs	2.0
1218.913760110901	0.01645220000000336	epochs	3.0
1218.930212310901	0.01639009999985319	epochs	3.0
1218.9466024109008	0.03259570000000167	epochs	2.0
1218.9466024109008	0.016328400000020338	epochs	3.0
1218.9629308109008	0.016267299999981333	epochs	3.0
1218.9791981109008	0.032352899999978035	epochs	2.0
1218.9791981109008	0.016206600000032267	epochs	3.0
1218.9954047109009	0.016146299999945768	epochs	3.0
1219.0115510109008	0.032113700000081735	epochs	2.0
1219.0115510109008	0.016086600000107865	epochs	3.0
1219.027637610901	0.01602709999997387	epochs	3.0
1219.0436647109009	0.03187800000000607	epochs	2.0
1219.0436647109009	0.015968200000088473	epochs	3.0
1219.059632910901	0.015909799999917595	epochs	3.0
1219.075542710901	0.03164569999989908	epochs	2.0
1219.075542710901	0.015851599999905375	epochs	3.0
1219.0913943109008	0.015794099999993705	epochs	3.0
1219.1071884109008	0.03141670000013619	epochs	2.0
1219.1071884109008	0.015736700000161363	epochs	3.0
1219.122925110901	0.015679999999974825	epochs	3.0
1219.138605110901	0.03119109999988723	epochs	2.0
1219.138605110901	0.015623600000026272	epochs	3.0
1219.154228710901	0.015567499999860956	epochs	3.0
1219.1697962109008	0.03096870000013041	epochs	2.0
1219.1697962109008	0.01551200000017161	epochs	3.0
1219.185308210901	0.0154566999999588	epochs	3.0
1219.200764910901	0.030749499999956242	epochs	2.0
1219.200764910901	0.015401999999994587	epochs	3.0
1219.216166910901	0.015347499999961656	epochs	3.0
1219.231514410901	0.03053320000003623	epochs	2.0
1219.231514410901	0.015293400000018664	epochs	3.0
1219.246807810901	0.015239800000017567	epochs	3.0
1219.262047610901	0.030320099999926242	epochs	2.0
1219.262047610901	0.015186500000027081	epochs	3.0
1219.277234110901	0.015133599999899161	epochs	3.0
1219.2923677109009	0.03010990000007041	epochs	2.0
1219.2923677109009	0.015081000000009226	epochs	3.0
1219.3074487109009	0.015028900000061185	epochs	3.0
1219.322477610901	0.029902499999934662	epochs	2.0
1219.322477610901	0.014977000000044427	epochs	3.0
1219.337454610901	0.014925499999890235	epochs	3.0
1219.3523801109009	0.029698099999905025	epochs	2.0
1219.3523801109009	0.014874400000053356	epochs	3.0
1219.367254510901	0.01482369999985167	epochs	3.0
1219.3820782109008	0.029496300000118936	epochs	2.0
1219.3820782109008	0.014773200000036013	epochs	3.0
1219.3968514109008	0.014723100000082923	epochs	3.0
1219.411574510901	0.029297399999904883	epochs	2.0
1219.411574510901	0.014673399999992398	epochs	3.0
1219.4262479109009	0.014623999999912485	epochs	3.0
1219.4408719109008	0.02910110000016175	epochs	2.0
1219.4408719109008	0.014574900000070556	epochs	3.0
1219.4554468109009	0.014526200000091194	epochs	3.0
1219.469973010901	0.028907399999980044	epochs	2.0
1219.469973010901	0.01447769999981574	epochs	3.0
1219.4844507109008	0.014429700000164303	epochs	3.0
1219.498880410901	0.028716199999962555	epochs	2.0
1219.498880410901	0.014381799999910072	epochs	3.0
1219.5132622109008	0.014334400000052483	epochs	3.0
1219.527596610901	0.02852759999996124	epochs	2.0
1219.527596610901	0.014287199999898803	epochs	3.0
1219.5418838109008	0.014240400000062436	epochs	3.0
1219.5561242109009	0.028341400000044814	epochs	2.0
1219.5561242109009	0.014193799999929979	epochs	3.0
1219.5703180109008	0.014147600000114835	epochs	3.0
1219.584465610901	0.028157700000065233	epochs	2.0
1219.584465610901	0.014101700000082928	epochs	3.0
1219.598567310901	0.014055999999982305	epochs	3.0
1219.612623310901	0.02797629999986384	epochs	2.0
1219.612623310901	0.014010599999892293	epochs	3.0
1219.6266339109009	0.013965699999971548	epochs	3.0
1219.6405996109008	0.027797200000122757	epochs	2.0
1219.6405996109008	0.013920800000050804	epochs	3.0
1219.654520410901	0.013876400000071953	epochs	3.0
1219.668396810901	0.027620399999932488	epochs	2.0
1219.668396810901	0.013832200000024386	epochs	3.0
1219.682229010901	0.013788199999908102	epochs	3.0
1219.696017210901	0.027445899999975154	epochs	2.0
1219.696017210901	0.013744599999881757	epochs	3.0
1219.7097618109008	0.013701300000093397	epochs	3.0
1219.7234631109009	0.0272735000000921	epochs	2.0
1219.7234631109009	0.013658200000008947	epochs	3.0
1219.7371213109009	0.013615300000083153	epochs	3.0
1219.750736610901	0.027103399999987232	epochs	2.0
1219.750736610901	0.013572800000019924	epochs	3.0
1219.764309410901	0.013530599999967308	epochs	3.0
1219.777840010901	0.02693520000002536	epochs	2.0
1219.777840010901	0.01348839999991469	epochs	3.0
1219.7913284109009	0.01344680000011067	epochs	3.0
1219.804775210901	0.026769199999989723	epochs	2.0
1219.804775210901	0.013405199999851902	epochs	3.0
1219.8181804109008	0.013364000000137821	epochs	3.0
1219.831544410901	0.026605199999949036	epochs	2.0
1219.831544410901	0.013322899999820947	epochs	3.0
1219.8448673109008	0.013282300000128089	epochs	3.0
1219.858149610901	0.0264431999999033	epochs	2.0
1219.858149610901	0.013241699999980483	epochs	3.0
1219.871391310901	0.013201499999922817	epochs	3.0
1219.8845928109008	0.026283200000079887	epochs	2.0
1219.8845928109008	0.013161500000023807	epochs	3.0
1219.8977543109008	0.01312170000005608	epochs	3.0
1219.910876010901	0.02612500000009277	epochs	2.0
1219.910876010901	0.013082100000019636	epochs	3.0
1219.923958110901	0.013042900000073132	epochs	3.0
1219.937001010901	0.025968899999952555	epochs	2.0
1219.937001010901	0.013003899999830537	epochs	3.0
1219.9500049109008	0.012965000000122018	epochs	3.0
1219.962969910901	0.025814500000024054	epochs	2.0
1219.962969910901	0.012926399999969362	epochs	3.0
1219.975896310901	0.012888100000054692	epochs	3.0
1219.988784410901	0.025661899999931848	epochs	2.0
1219.988784410901	0.012849899999991976	epochs	3.0
1220.001634310901	0.012811999999939871	epochs	3.0
1220.014446310901	0.025511199999982637	epochs	2.0
1220.014446310901	0.012774399999898378	epochs	3.0
1220.0272207109008	0.012736800000084258	epochs	3.0
1220.0399575109009	0.025362300000097093	epochs	2.0
1220.0399575109009	0.01269969999998466	epochs	3.0
1220.0526572109009	0.012662600000112434	epochs	3.0
1220.065319810901	0.025214999999889187	epochs	2.0
1220.065319810901	0.012625799999796072	epochs	3.0
1220.0779456109008	0.012589200000093115	epochs	3.0
1220.0905348109009	0.024584799999956886	epochs	2.0
1220.114262510901	0.5	epochs	-1.0
1220.1151196109008	0.9999199999999746	epochs	1.0
1220.614262510901	0.5	epochs	-1.0
1222.3469996452332	0.057119999999940774	epochs	0.0
1222.3469996452332	0.02356200000008357	epochs	1.0
1222.3705616452332	0.009996000000001004	epochs	1.0
1222.3805576452332	0.023561999999856198	epochs	1.0
1222.404119645233	2.0	epochs	0.0
1224.404119645233	21.999919999999975	epochs	0.0
1224.404119645233	1.0	epochs	1.0
1224.404142545233	0.5	epochs	-1.0
1224.904142545233	19.999120000000175	epochs	-1.0
1225.404119645233	20.0	epochs	1.0
1225.404119645233	4.356753900000058	epochs	-1.0
1225.404119645233	1.9745872000000873	epochs	2.0
1225.404119645233	1.0985622000000603	epochs	3.0
1226.5026818452332	0.8760250000000269	epochs	3.0
1227.3787068452332	1.3524075000000266	epochs	2.0
1227.3787068452332	0.7286354999998821	epochs	3.0
1228.107342345233	0.6237720000001445	epochs	3.0
1228.7311143452332	1.029759199999944	epochs	2.0
1228.7311143452332	0.5453293000000485	epochs	3.0
1229.2764436452333	0.4844298999998955	epochs	3.0
1229.7608735452332	0.8317861999998968	epochs	2.0
1229.7608735452332	0.4357763000000432	epochs	3.0
1230.1966498452332	0.3960098999998536	epochs	3.0
1230.592659745233	0.6977970000000369	epochs	2.0
1230.592659745233	0.3628982000000178	epochs	3.0
1230.955557945233	0.33489880000001904	epochs	3.0
1231.290456745233	0.601045699999986	epochs	2.0
1231.290456745233	0.3109123000001546	epochs	3.0
1231.6013690452332	0.29013339999983145	epochs	3.0
1231.891502445233	0.5278859000000011	epochs	2.0
1231.891502445233	0.2719586000000618	epochs	3.0
1232.1634610452331	0.25592729999993935	epochs	3.0
1232.419388345233	0.4706193000001804	epochs	2.0
1232.419388345233	0.241681299999982	epochs	3.0
1232.661069645233	0.22893800000019837	epochs	3.0
1232.8900076452333	0.42457039999999324	epochs	2.0
1232.8900076452333	0.2174713999997948	epochs	3.0
1233.107479045233	0.20709900000019843	epochs	3.0
1233.3145780452332	0.3867353999999068	epochs	2.0
1233.3145780452332	0.19767109999997956	epochs	3.0
1233.5122491452332	0.18906429999992724	epochs	3.0
1233.7013134452332	0.35509529999990264	epochs	2.0
1233.7013134452332	0.18117589999997108	epochs	3.0
1233.8824893452331	0.17391939999993156	epochs	3.0
1234.056408745233	0.3282431000000088	epochs	2.0
1234.056408745233	0.167221900000186	epochs	3.0
1234.2236306452332	0.16102119999982278	epochs	3.0
1234.384651845233	0.30516800000009425	epochs	2.0
1234.384651845233	0.15526390000013635	epochs	3.0
1234.5399157452332	0.1499040999999579	epochs	3.0
1234.6898198452332	0.28512529999989056	epochs	2.0
1234.6898198452332	0.1449021000000812	epochs	3.0
1234.8347219452332	0.14022319999980937	epochs	3.0
1234.974945145233	0.267553800000087	epochs	2.0
1234.974945145233	0.13583690000018578	epochs	3.0
1235.1107820452332	0.13171689999990122	epochs	3.0
1235.2424989452331	0.252022899999929	epochs	2.0
1235.2424989452331	0.1278393000000051	epochs	3.0
1235.3703382452331	0.1241835999999239	epochs	3.0
1235.494521845233	0.23819650000018555	epochs	2.0
1235.494521845233	0.12073110000005727	epochs	3.0
1235.6152529452331	0.11746540000012828	epochs	3.0
1235.7327183452333	0.22580879999986792	epochs	2.0
1235.7327183452333	0.1143718999999237	epochs	3.0
1235.8470902452332	0.11143689999994422	epochs	3.0
1235.9585271452331	0.2146460000001298	epochs	2.0
1235.9585271452331	0.10864889999993466	epochs	3.0
1236.067176045233	0.10599710000019513	epochs	3.0
1236.1731731452332	0.2045349999998507	epochs	2.0
1236.1731731452332	0.1034714999998414	epochs	3.0
1236.276644645233	0.1010635000000093	epochs	3.0
1236.377708145233	0.19533400000000256	epochs	2.0
1236.377708145233	0.09876510000003691	epochs	3.0
1236.4764732452331	0.09656889999996565	epochs	3.0
1236.573042145233	0.18692529999998442	epochs	2.0
1236.573042145233	0.09446830000001682	epochs	3.0
1236.6675104452331	0.09245699999996759	epochs	3.0
1236.759967445233	0.1792107000001124	epochs	2.0
1236.759967445233	0.0905296000000817	epochs	3.0
1236.8504970452332	0.08868110000003071	epochs	3.0
1236.9391781452332	0.17210769999996955	epochs	2.0
1236.9391781452332	0.08690630000000965	epochs	3.0
1237.0260844452332	0.0852013999999599	epochs	3.0
1237.1112858452332	0.16554640000003928	epochs	2.0
1237.1112858452332	0.08356189999994967	epochs	3.0
1237.1948477452331	0.08198450000008961	epochs	3.0
1237.2768322452332	0.15946710000002895	epochs	2.0
1237.2768322452332	0.08046539999986635	epochs	3.0
1237.357297645233	0.0790017000001626	epochs	3.0
1237.4362993452332	0.1538183999998637	epochs	2.0
1237.4362993452332	0.07759009999995214	epochs	3.0
1237.5138894452332	0.07622829999991154	epochs	3.0
1237.590117745233	0.14855639999996129	epochs	2.0
1237.590117745233	0.07491330000016205	epochs	3.0
1237.6650310452333	0.07364309999979923	epochs	3.0
1237.738674145233	0.14364240000008976	epochs	2.0
1237.738674145233	0.07241500000009182	epochs	3.0
1237.8110891452332	0.07122739999999794	epochs	3.0
1237.8823165452332	0.13904309999998077	epochs	2.0
1237.8823165452332	0.07007799999996678	epochs	3.0
1237.9523945452331	0.06896510000001399	epochs	3.0
1238.0213596452331	0.1347293000001173	epochs	2.0
1238.0213596452331	0.0678871000000072	epochs	3.0
1238.0892467452331	0.0668422000001101	epochs	3.0
1238.1560889452333	0.13067519999981414	epochs	2.0
1238.1560889452333	0.06582909999997355	epochs	3.0
1238.2219180452332	0.06484609999984059	epochs	3.0
1238.286764145233	0.12685780000015257	epochs	2.0
1238.286764145233	0.06389200000012352	epochs	3.0
1238.3506561452332	0.06296580000002905	epochs	3.0
1238.4136219452332	0.12325719999989815	epochs	2.0
1238.4136219452332	0.06206580000002759	epochs	3.0
1238.4756877452332	0.061191399999870555	epochs	3.0
1238.5368791452331	0.11985540000000583	epochs	2.0
1238.5368791452331	0.060341099999959624	epochs	3.0
1238.597220245233	0.059514300000046205	epochs	3.0
1238.6567345452331	0.11663620000012997	epochs	2.0
1238.6567345452331	0.058709599999929196	epochs	3.0
1238.715444145233	0.05792660000020078	epochs	3.0
1238.7733707452333	0.11358559999985118	epochs	2.0
1238.7733707452333	0.05716419999998834	epochs	3.0
1238.8305349452332	0.05642139999986284	epochs	3.0
1238.886956345233	0.11069050000014613	epochs	2.0
1238.886956345233	0.055697900000041045	epochs	3.0
1238.9426542452331	0.054992600000105085	epochs	3.0
1238.9976468452332	0.10793909999983953	epochs	2.0
1238.9976468452332	0.054304899999806366	epochs	3.0
1239.051951745233	0.05363420000003316	epochs	3.0
1239.105585945233	0.10532150000017282	epochs	2.0
1239.105585945233	0.052980000000161453	epochs	3.0
1239.1585659452332	0.052341500000011365	epochs	3.0
1239.2109074452333	0.10282759999995505	epochs	2.0
1239.2109074452333	0.05171809999978905	epochs	3.0
1239.262625545233	0.05110950000016601	epochs	3.0
1239.3137350452332	0.10044909999987794	epochs	2.0
1239.3137350452332	0.0505148999998255	epochs	3.0
1239.364249945233	0.04993420000005244	epochs	3.0
1239.414184145233	0.0981782999999723	epochs	2.0
1239.414184145233	0.04936659999998483	epochs	3.0
1239.463550745233	0.04881169999998747	epochs	3.0
1239.512362445233	0.09600780000005216	epochs	2.0
1239.512362445233	0.04826920000004975	epochs	3.0
1239.5606316452331	0.04773860000000241	epochs	3.0
1239.6083702452331	0.09393120000004274	epochs	2.0
1239.6083702452331	0.04721949999998287	epochs	3.0
1239.655589745233	0.046711700000059864	epochs	3.0
1239.7023014452332	0.09194260000003851	epochs	2.0
1239.7023014452332	0.046214599999984785	epochs	3.0
1239.7485160452331	0.045728000000053726	epochs	3.0
1239.7942440452332	0.09003630000006524	epochs	2.0
1239.7942440452332	0.045251499999949374	epochs	3.0
1239.8394955452331	0.044784800000115865	epochs	3.0
1239.8842803452333	0.0882075999998051	epochs	2.0
1239.8842803452333	0.04432779999979175	epochs	3.0
1239.928608145233	0.04387980000001335	epochs	3.0
1239.972487945233	0.0864516999999978	epochs	2.0
1239.972487945233	0.04344100000002982	epochs	3.0
1240.015928945233	0.04301069999996798	epochs	3.0
1240.058939645233	0.08476430000018809	epochs	2.0
1240.058939645233	0.04258900000013455	epochs	3.0
1240.1015286452332	0.04217530000005354	epochs	3.0
1240.1437039452333	0.08314150000001064	epochs	2.0
1240.1437039452333	0.04176969999980429	epochs	3.0
1240.185473645233	0.04137180000020635	epochs	3.0
1240.2268454452333	0.08157969999979287	epochs	2.0
1240.2268454452333	0.040981399999964196	epochs	3.0
1240.2678268452332	0.04059829999982867	epochs	3.0
1240.308425145233	0.08007550000002084	epochs	2.0
1240.308425145233	0.040222300000095856	epochs	3.0
1240.3486474452332	0.03985319999992498	epochs	3.0
1240.388500645233	0.07862569999997504	epochs	2.0
1240.388500645233	0.039490800000066884	epochs	3.0
1240.4279914452331	0.03913489999990816	epochs	3.0
1240.467126345233	0.07722760000001472	epochs	2.0
1240.467126345233	0.038785400000051595	epochs	3.0
1240.505911745233	0.03844219999996312	epochs	3.0
1240.544353945233	0.07587820000003376	epochs	2.0
1240.544353945233	0.03810480000015559	epochs	3.0
1240.5824587452332	0.037773399999878166	epochs	3.0
1240.620232145233	0.0745752000000266	epochs	2.0
1240.620232145233	0.03744770000002973	epochs	3.0
1240.6576798452331	0.03712749999999687	epochs	3.0
1240.6948073452331	0.07331629999998768	epochs	2.0
1240.6948073452331	0.0368129000000863	epochs	3.0
1240.7316202452332	0.036503399999901376	epochs	3.0
1240.7681236452331	0.07209899999998015	epochs	2.0
1240.7681236452331	0.03619909999997617	epochs	3.0
1240.804322745233	0.03589990000000398	epochs	3.0
1240.840222645233	0.07092170000009901	epochs	2.0
1240.840222645233	0.03560560000005353	epochs	3.0
1240.8758282452332	0.03531610000004548	epochs	3.0
1240.9111443452332	0.06978200000003199	epochs	2.0
1240.9111443452332	0.03503120000004856	epochs	3.0
1240.9461755452332	0.03475079999998343	epochs	3.0
1240.9809263452332	0.06867859999988468	epochs	2.0
1240.9809263452332	0.03447510000000875	epochs	3.0
1241.0154014452332	0.03420349999987593	epochs	3.0
1241.049604945233	0.06760929999995824	epochs	2.0
1241.049604945233	0.033936199999970995	epochs	3.0
1241.083541145233	0.033673099999987244	epochs	3.0
1241.117214245233	0.06657289999998284	epochs	2.0
1241.117214245233	0.03341399999999339	epochs	3.0
1241.150628245233	0.033158899999989444	epochs	3.0
1241.183787145233	0.06556780000005347	epochs	2.0
1241.183787145233	0.03290770000012344	epochs	3.0
1241.2166948452332	0.032660099999930026	epochs	3.0
1241.249354945233	0.06459259999996902	epochs	2.0
1241.249354945233	0.03241640000010193	epochs	3.0
1241.2817713452332	0.032176199999867094	epochs	3.0
1241.313947545233	0.06364600000006249	epochs	2.0
1241.313947545233	0.03193959999998697	epochs	3.0
1241.345887145233	0.03170640000007552	epochs	3.0
1241.3775935452331	0.0627266999999847	epochs	2.0
1241.3775935452331	0.031476599999905375	epochs	3.0
1241.409070145233	0.03125010000007933	epochs	3.0
1241.4403202452331	0.06183359999999993	epochs	2.0
1241.4403202452331	0.031026900000142632	epochs	3.0
1241.4713471452333	0.0308066999998573	epochs	3.0
1241.5021538452331	0.060965599999917686	epochs	2.0
1241.5021538452331	0.030589799999916067	epochs	3.0
1241.532743645233	0.030375800000001618	epochs	3.0
1241.563119445233	0.06012160000000222	epochs	2.0
1241.563119445233	0.030164900000045236	epochs	3.0
1241.593284345233	0.02995669999995698	epochs	3.0
1241.623241045233	0.059300700000221696	epochs	2.0
1241.623241045233	0.029751600000054168	epochs	3.0
1241.652992645233	0.029549100000167527	epochs	3.0
1241.6825417452333	0.05850179999993088	epochs	2.0
1241.6825417452333	0.029349399999773595	epochs	3.0
1241.711891145233	0.029152400000157286	epochs	3.0
1241.7410435452332	0.05772419999993872	epochs	2.0
1241.7410435452332	0.028957999999875028	epochs	3.0
1241.770001545233	0.02876620000006369	epochs	3.0
1241.7987677452331	0.05696710000006533	epochs	2.0
1241.7987677452331	0.028577000000041153	epochs	3.0
1241.8273447452332	0.028390100000024177	epochs	3.0
1241.8557348452332	0.05622949999997218	epochs	2.0
1241.8557348452332	0.028205699999944045	epochs	3.0
1241.8839405452331	0.028023800000028132	epochs	3.0
1241.9119643452332	0.05551070000001346	epochs	2.0
1241.9119643452332	0.027843999999959124	epochs	3.0
1241.9398083452331	0.027666700000054334	epochs	3.0
1241.9674750452332	0.054810200000019904	epochs	2.0
1241.9674750452332	0.02749149999999645	epochs	3.0
1241.9949665452332	0.027318700000023455	epochs	3.0
1242.0222852452332	0.054126999999880354	epochs	2.0
1242.0222852452332	0.027147799999966082	epochs	3.0
1242.0494330452332	0.026979199999914272	epochs	3.0
1242.076412245233	0.053460699999959616	epochs	2.0
1242.076412245233	0.026812600000084785	epochs	3.0
1242.1032248452332	0.02664809999987483	epochs	3.0
1242.129872945233	0.05281070000000909	epochs	2.0
1242.129872945233	0.026485600000114573	epochs	3.0
1242.1563585452332	0.02632509999989452	epochs	3.0
1242.182683645233	0.05217620000007628	epochs	2.0
1242.182683645233	0.02616640000019288	epochs	3.0
1242.2088500452332	0.0260097999998834	epochs	3.0
1242.2348598452331	0.051556699999991906	epochs	2.0
1242.2348598452331	0.025854799999933675	epochs	3.0
1242.260714645233	0.02570190000005823	epochs	3.0
1242.2864165452331	0.05095189999997274	epochs	2.0
1242.2864165452331	0.025550699999939752	epochs	3.0
1242.311967245233	0.025401200000032986	epochs	3.0
1242.337368445233	0.05036100000006627	epochs	2.0
1242.337368445233	0.025253499999962514	epochs	3.0
1242.362621945233	0.025107500000103755	epochs	3.0
1242.3877294452332	0.04978379999988647	epochs	2.0
1242.3877294452332	0.02496320000000196	epochs	3.0
1242.4126926452332	0.024820599999884507	epochs	3.0
1242.437513245233	0.04921950000016295	epochs	2.0
1242.437513245233	0.024679400000195528	epochs	3.0
1242.4621926452332	0.024540099999967424	epochs	3.0
1242.4867327452332	0.04866789999982757	epochs	2.0
1242.4867327452332	0.024402099999861093	epochs	3.0
1242.511134845233	0.024265799999966475	epochs	3.0
1242.535400645233	0.04812860000015462	epochs	2.0
1242.535400645233	0.024131000000124914	epochs	3.0
1242.5595316452332	0.023997600000029706	epochs	3.0
1242.5835292452332	0.047601100000065344	epochs	2.0
1242.5835292452332	0.023865800000066884	epochs	3.0
1242.6073950452333	0.02373529999999846	epochs	3.0
1242.6311303452333	0.04708499999992455	epochs	2.0
1242.6311303452333	0.023606299999983094	epochs	3.0
1242.6547366452332	0.023478699999941455	epochs	3.0
1242.6782153452332	0.046579999999948996	epochs	2.0
1242.6782153452332	0.023352499999873544	epochs	3.0
1242.701567845233	0.02322750000007545	epochs	3.0
1242.7247953452331	0.046085700000048746	epochs	2.0
1242.7247953452331	0.023104000000103042	epochs	3.0
1242.7478993452332	0.022981699999945704	epochs	3.0
1242.7708810452332	0.045601799999985815	epochs	2.0
1242.7708810452332	0.02286069999991014	epochs	3.0
1242.793741745233	0.022741100000075676	epochs	3.0
1242.8164828452332	0.045127899999897636	epochs	2.0
1242.8164828452332	0.022622499999897627	epochs	3.0
1242.839105345233	0.02250540000000001	epochs	3.0
1242.861610745233	0.0446638000000803	epochs	2.0
1242.861610745233	0.02238929999998618	epochs	3.0
1242.884000045233	0.022274500000094122	epochs	3.0
1242.9062745452331	0.04420920000006845	epochs	2.0
1242.9062745452331	0.022160799999937808	epochs	3.0
1242.928435345233	0.02204840000013064	epochs	3.0
1242.9504837452332	0.04376359999992019	epochs	2.0
1242.9504837452332	0.02193689999990056	epochs	3.0
1242.9724206452331	0.021826700000019628	epochs	3.0
1242.9942473452331	0.04332709999994222	epochs	2.0
1242.9942473452331	0.02171760000010181	epochs	3.0
1243.0159649452332	0.02160949999984041	epochs	3.0
1243.037574445233	0.04289900000003399	epochs	2.0
1243.037574445233	0.02150249999999687	epochs	3.0
1243.059076945233	0.021396500000037122	epochs	3.0
1243.080473445233	0.04247950000012679	epochs	2.0
1243.080473445233	0.021291700000119818	epochs	3.0
1243.1017651452332	0.021187800000006973	epochs	3.0
1243.1229529452332	0.04206789999989269	epochs	2.0
1243.1229529452332	0.02108490000000529	epochs	3.0
1243.1440378452332	0.020982999999887397	epochs	3.0
1243.1650208452331	0.04166439999994509	epochs	2.0
1243.1650208452331	0.020882199999959994	epochs	3.0
1243.185903045233	0.020782199999985096	epochs	3.0
1243.206685245233	0.04126850000011473	epochs	2.0
1243.206685245233	0.020683299999973315	epochs	3.0
1243.227368545233	0.020585200000141413	epochs	3.0
1243.2479537452332	0.04088000000001557	epochs	2.0
1243.2479537452332	0.020488099999965925	epochs	3.0
1243.2684418452332	0.020391900000049645	epochs	3.0
1243.2888337452332	0.04049880000002304	epochs	2.0
1243.2888337452332	0.020296599999937825	epochs	3.0
1243.3091303452331	0.020202200000085213	epochs	3.0
1243.3293325452332	0.040124599999899146	epochs	2.0
1243.3293325452332	0.02010870000003706	epochs	3.0
1243.3494412452333	0.020015899999862086	epochs	3.0
1243.3694571452331	0.03975730000001931	epochs	2.0
1243.3694571452331	0.019924200000104975	epochs	3.0
1243.3893813452332	0.01983309999991434	epochs	3.0
1243.4092144452331	0.03939669999999751	epochs	2.0
1243.4092144452331	0.01974300000006224	epochs	3.0
1243.4289574452332	0.01965369999993527	epochs	3.0
1243.4486111452331	0.03904239999997117	epochs	2.0
1243.4486111452331	0.019565099999908853	epochs	3.0
1243.468176245233	0.019477300000062314	epochs	3.0
1243.4876535452331	0.038694600000098944	epochs	2.0
1243.4876535452331	0.019390400000020236	epochs	3.0
1243.5070439452331	0.01930420000007871	epochs	3.0
1243.5263481452332	0.038352899999836154	epochs	2.0
1243.5263481452332	0.019218799999862313	epochs	3.0
1243.545566945233	0.01913409999997384	epochs	3.0
1243.564701045233	0.03801720000001296	epochs	2.0
1243.564701045233	0.019050200000037876	epochs	3.0
1243.583751245233	0.018966999999975087	epochs	3.0
1243.602718245233	0.03768720000016401	epochs	2.0
1243.602718245233	0.01888450000001285	epochs	3.0
1243.621602745233	0.018802700000151162	epochs	3.0
1243.6404054452332	0.03736309999999321	epochs	2.0
1243.6404054452332	0.018721700000014607	epochs	3.0
1243.6591271452332	0.018641399999978603	epochs	3.0
1243.6777685452332	0.03704429999993408	epochs	2.0
1243.6777685452332	0.018561599999884493	epochs	3.0
1243.696330145233	0.01848270000004959	epochs	3.0
1243.7148128452332	0.03673099999991791	epochs	2.0
1243.7148128452332	0.018404299999929208	epochs	3.0
1243.733217145233	0.018326699999988705	epochs	3.0
1243.751543845233	0.03642290000016146	epochs	2.0
1243.751543845233	0.018249599999990096	epochs	3.0
1243.769793445233	0.018173300000171366	epochs	3.0
1243.7879667452332	0.036120099999834565	epochs	2.0
1243.7879667452332	0.01809759999991911	epochs	3.0
1243.8060643452332	0.018022499999915453	epochs	3.0
1243.824086845233	0.035822100000132195	epochs	2.0
1243.824086845233	0.017947900000081063	epochs	3.0
1243.8420347452331	0.017874200000051133	epochs	3.0
1243.8599089452332	0.03552899999999681	epochs	2.0
1243.8599089452332	0.017800800000031813	epochs	3.0
1243.8777097452332	0.017728199999965	epochs	3.0
1243.8954379452332	0.03524070000003121	epochs	2.0
1243.8954379452332	0.017656100000067454	epochs	3.0
1243.9130940452333	0.017584599999963757	epochs	3.0
1243.9306786452332	0.03495709999992869	epochs	2.0
1243.9306786452332	0.017513699999881283	epochs	3.0
1243.948192345233	0.017443400000047404	epochs	3.0
1243.9656357452332	0.034677899999906	epochs	2.0
1243.9656357452332	0.017373599999928047	epochs	3.0
1243.983009345233	0.017304299999977957	epochs	3.0
1244.000313645233	0.03440330000012182	epochs	2.0
1244.000313645233	0.017235700000128418	epochs	3.0
1244.0175493452332	0.0171675999999934	epochs	3.0
1244.0347169452332	0.03413279999995211	epochs	2.0
1244.0347169452332	0.01709989999994832	epochs	3.0
1244.0518168452331	0.017032900000003792	epochs	3.0
1244.0688497452331	0.03386670000008962	epochs	2.0
1244.0688497452331	0.01696640000000116	epochs	3.0
1244.0858161452331	0.016900300000088464	epochs	3.0
1244.1027164452332	0.03360459999998966	epochs	2.0
1244.1027164452332	0.01683479999996962	epochs	3.0
1244.1195512452332	0.01676980000002004	epochs	3.0
1244.1363210452332	0.033346599999958926	epochs	2.0
1244.1363210452332	0.016705300000012357	epochs	3.0
1244.1530263452332	0.01664129999994657	epochs	3.0
1244.1696676452332	0.03309250000006614	epochs	2.0
1244.1696676452332	0.016577800000050047	epochs	3.0
1244.1862454452332	0.01651470000001609	epochs	3.0
1244.2027601452332	0.03284229999985655	epochs	2.0
1244.2027601452332	0.01645220000000336	epochs	3.0
1244.2192123452332	0.01639009999985319	epochs	3.0
1244.235602445233	0.03259570000000167	epochs	2.0
1244.235602445233	0.016328400000020338	epochs	3.0
1244.2519308452331	0.016267299999981333	epochs	3.0
1244.268198145233	0.032352899999978035	epochs	2.0
1244.268198145233	0.016206600000032267	epochs	3.0
1244.2844047452331	0.016146299999945768	epochs	3.0
1244.300551045233	0.032113700000081735	epochs	2.0
1244.300551045233	0.016086600000107865	epochs	3.0
1244.3166376452332	0.01602709999997387	epochs	3.0
1244.3326647452332	0.03187800000000607	epochs	2.0
1244.3326647452332	0.015968200000088473	epochs	3.0
1244.3486329452332	0.015909799999917595	epochs	3.0
1244.3645427452332	0.03164569999989908	epochs	2.0
1244.3645427452332	0.015851599999905375	epochs	3.0
1244.380394345233	0.015794099999993705	epochs	3.0
1244.396188445233	0.03141670000013619	epochs	2.0
1244.396188445233	0.015736700000161363	epochs	3.0
1244.4119251452332	0.015679999999974825	epochs	3.0
1244.4276051452332	0.03119109999988723	epochs	2.0
1244.4276051452332	0.015623600000026272	epochs	3.0
1244.4432287452332	0.015567499999860956	epochs	3.0
1244.458796245233	0.03096870000013041	epochs	2.0
1244.458796245233	0.01551200000017161	epochs	3.0
1244.4743082452333	0.0154566999999588	epochs	3.0
1244.4897649452332	0.030749499999956242	epochs	2.0
1244.4897649452332	0.015401999999994587	epochs	3.0
1244.5051669452332	0.015347499999961656	epochs	3.0
1244.5205144452332	0.03053320000003623	epochs	2.0
1244.5205144452332	0.015293400000018664	epochs	3.0
1244.5358078452332	0.015239800000017567	epochs	3.0
1244.5510476452332	0.030320099999926242	epochs	2.0
1244.5510476452332	0.015186500000027081	epochs	3.0
1244.5662341452332	0.015133599999899161	epochs	3.0
1244.5813677452331	0.03010990000007041	epochs	2.0
1244.5813677452331	0.015081000000009226	epochs	3.0
1244.5964487452331	0.015028900000061185	epochs	3.0
1244.6114776452332	0.029902499999934662	epochs	2.0
1244.6114776452332	0.014977000000044427	epochs	3.0
1244.6264546452333	0.014925499999890235	epochs	3.0
1244.6413801452331	0.029698099999905025	epochs	2.0
1244.6413801452331	0.014874400000053356	epochs	3.0
1244.6562545452332	0.01482369999985167	epochs	3.0
1244.671078245233	0.029496300000118936	epochs	2.0
1244.671078245233	0.014773200000036013	epochs	3.0
1244.685851445233	0.014723100000082923	epochs	3.0
1244.7005745452332	0.029297399999904883	epochs	2.0
1244.7005745452332	0.014673399999992398	epochs	3.0
1244.7152479452332	0.014623999999912485	epochs	3.0
1244.729871945233	0.02910110000016175	epochs	2.0
1244.729871945233	0.014574900000070556	epochs	3.0
1244.7444468452331	0.014526200000091194	epochs	3.0
1244.7589730452332	0.028907399999980044	epochs	2.0
1244.7589730452332	0.01447769999981574	epochs	3.0
1244.773450745233	0.014429700000164303	epochs	3.0
1244.7878804452332	0.028716199999962555	epochs	2.0
1244.7878804452332	0.014381799999910072	epochs	3.0
1244.8022622452331	0.014334400000052483	epochs	3.0
1244.8165966452332	0.02852759999996124	epochs	2.0
1244.8165966452332	0.014287199999898803	epochs	3.0
1244.830883845233	0.014240400000062436	epochs	3.0
1244.8451242452331	0.028341400000044814	epochs	2.0
1244.8451242452331	0.014193799999929979	epochs	3.0
1244.859318045233	0.014147600000114835	epochs	3.0
1244.8734656452332	0.028157700000065233	epochs	2.0
1244.8734656452332	0.014101700000082928	epochs	3.0
1244.8875673452333	0.014055999999982305	epochs	3.0
1244.9016233452332	0.02797629999986384	epochs	2.0
1244.9016233452332	0.014010599999892293	epochs	3.0
1244.9156339452331	0.013965699999971548	epochs	3.0
1244.929599645233	0.027797200000122757	epochs	2.0
1244.929599645233	0.013920800000050804	epochs	3.0
1244.9435204452332	0.013876400000071953	epochs	3.0
1244.9573968452332	0.027620399999932488	epochs	2.0
1244.9573968452332	0.013832200000024386	epochs	3.0
1244.9712290452333	0.013788199999908102	epochs	3.0
1244.9850172452332	0.027445899999975154	epochs	2.0
1244.9850172452332	0.013744599999881757	epochs	3.0
1244.998761845233	0.013701300000093397	epochs	3.0
1245.0124631452331	0.0272735000000921	epochs	2.0
1245.0124631452331	0.013658200000008947	epochs	3.0
1245.0261213452332	0.013615300000083153	epochs	3.0
1245.0397366452332	0.027103399999987232	epochs	2.0
1245.0397366452332	0.013572800000019924	epochs	3.0
1245.0533094452333	0.013530599999967308	epochs	3.0
1245.0668400452332	0.02693520000002536	epochs	2.0
1245.0668400452332	0.01348839999991469	epochs	3.0
1245.0803284452331	0.01344680000011067	epochs	3.0
1245.0937752452332	0.026769199999989723	epochs	2.0
1245.0937752452332	0.013405199999851902	epochs	3.0
1245.107180445233	0.013364000000137821	epochs	3.0
1245.1205444452332	0.026605199999949036	epochs	2.0
1245.1205444452332	0.013322899999820947	epochs	3.0
1245.133867345233	0.013282300000128089	epochs	3.0
1245.1471496452332	0.0264431999999033	epochs	2.0
1245.1471496452332	0.013241699999980483	epochs	3.0
1245.1603913452332	0.013201499999922817	epochs	3.0
1245.173592845233	0.026283200000079887	epochs	2.0
1245.173592845233	0.013161500000023807	epochs	3.0
1245.186754345233	0.01312170000005608	epochs	3.0
1245.1998760452332	0.02612500000009277	epochs	2.0
1245.1998760452332	0.013082100000019636	epochs	3.0
1245.2129581452332	0.013042900000073132	epochs	3.0
1245.2260010452333	0.025968899999952555	epochs	2.0
1245.2260010452333	0.013003899999830537	epochs	3.0
1245.239004945233	0.012965000000122018	epochs	3.0
1245.2519699452332	0.025814500000024054	epochs	2.0
1245.2519699452332	0.012926399999969362	epochs	3.0
1245.2648963452332	0.012888100000054692	epochs	3.0
1245.2777844452332	0.025661899999931848	epochs	2.0
1245.2777844452332	0.012849899999991976	epochs	3.0
1245.2906343452332	0.012811999999939871	epochs	3.0
1245.3034463452332	0.025511199999982637	epochs	2.0
1245.3034463452332	0.012774399999898378	epochs	3.0
1245.316220745233	0.012736800000084258	epochs	3.0
1245.3289575452332	0.025362300000097093	epochs	2.0
1245.3289575452332	0.01269969999998466	epochs	3.0
1245.3416572452331	0.012662600000112434	epochs	3.0
1245.3543198452332	0.025214999999889187	epochs	2.0
1245.3543198452332	0.012625799999796072	epochs	3.0
1245.366945645233	0.012589200000093115	epochs	3.0
1245.3795348452331	0.024584799999956886	epochs	2.0
1245.4032625452332	0.5	epochs	-1.0
1245.404119645233	0.9999199999999746	epochs	1.0
1245.9032625452332	0.5	epochs	-1.0
1247.6309995651245	0.057119999999940774	epochs	0.0
1247.6309995651245	0.02356200000008357	epochs	1.0
1247.6545615651246	0.009996000000001004	epochs	1.0
1247.6645575651246	0.023561999999856198	epochs	1.0
1247.6881195651245	2.0	epochs	0.0
1249.6881195651245	0.5021600000000035	epochs	0.0
1249.6881195651245	0.5021600000000035	epochs	1.0
1249.6881424651244	0.5	epochs	-1.0
1250.1881424651244	0.0021371000000272034	epochs	-1.0
1250.1902795651245	21.49775999999997	epochs	0.0
1251.4659996032715	0.057119999999940774	epochs	0.0
1251.4659996032715	0.02356200000008357	epochs	1.0
1251.4895616032716	0.009996000000001004	epochs	1.0
1251.4995576032716	0.023561999999856198	epochs	1.0
1251.5231196032714	2.0	epochs	0.0
1253.5231196032714	0.5024800000001051	epochs	0.0
1253.5231196032714	0.5024800000001051	epochs	1.0
1253.5231425032714	0.5	epochs	-1.0
1254.0231425032714	0.0024571000001287757	epochs	-1.0
1254.0255996032715	21.49743999999987	epochs	0.0
1255.418999671936	0.057119999999940774	epochs	0.0
1255.418999671936	0.02356200000008357	epochs	1.0
1255.4425616719361	0.009996000000001004	epochs	1.0
1255.4525576719361	0.023561999999856198	epochs	1.0
1255.476119671936	2.0	epochs	0.0
1257.476119671936	0.5028800000000047	epochs	0.0
1257.476119671936	0.5028800000000047	epochs	1.0
1257.476142571936	0.5	epochs	-1.0
1257.976142571936	0.0028571000000283675	epochs	-1.0
1257.978999671936	21.49703999999997	epochs	0.0
1259.454999923706	0.057119999999940774	epochs	0.0
1259.454999923706	0.02356200000008357	epochs	1.0
1259.4785619237061	0.009996000000001004	epochs	1.0
1259.4885579237061	0.023561999999856198	epochs	1.0
1259.512119923706	2.0	epochs	0.0
1261.512119923706	0.5027999999999793	epochs	0.0
1261.512119923706	0.5027999999999793	epochs	1.0
1261.512142823706	0.5	epochs	-1.0
1262.012142823706	0.0027771000000029744	epochs	-1.0
1262.014919923706	21.497119999999995	epochs	0.0
1272.6979999542236	0.057119999999940774	epochs	0.0
1272.6979999542236	0.02356200000008357	epochs	1.0
1272.7215619542237	0.009996000000001004	epochs	1.0
1272.7315579542237	0.023561999999856198	epochs	1.0
1272.7551199542236	0.2299199999999928	epochs	0.0
1272.7551199542236	0.049999999999954525	epochs	1.0
1272.8051199542235	0.010000000000218279	epochs	1.0
1272.8151199542237	0.049999999999954525	epochs	1.0
1272.8651199542237	0.009999999999990905	epochs	1.0
1272.8751199542237	0.049999999999954525	epochs	1.0
1272.9251199542236	0.009999999999990905	epochs	1.0
1272.9351199542236	0.04991999999992913	epochs	1.0
