onset	duration	nwb_table	treelevel
14.649999618530273	0.09999999999999964	epochs	0.0
14.649999618530273	0.04499999999999993	epochs	1.0
14.694999618530273	0.009999999999999787	epochs	1.0
14.704999618530273	0.04499999999999993	epochs	1.0
14.749999618530273	0.5396549999999998	epochs	0.0
14.749999618530273	0.5	epochs	-1.0
14.749999618530273	0.5	epochs	-1.0
14.749999618530273	0.5	epochs	1.0
15.249999618530273	0.039654999999999774	epochs	-1.0
15.249999618530273	0.025000000000000355	epochs	-1.0
15.249999618530273	0.025000000000000355	epochs	1.0
15.274999618530273	0.009999999999999787	epochs	-1.0
15.274999618530273	0.009999999999999787	epochs	1.0
15.284999618530273	0.004654999999999632	epochs	-1.0
15.284999618530273	0.004654999999999632	epochs	1.0
15.289654618530273	0.1653400000000005	epochs	0.0
15.443999767303467	0.09999999999999964	epochs	0.0
15.443999767303467	0.04499999999999993	epochs	1.0
15.488999767303467	0.009999999999999787	epochs	1.0
15.498999767303467	0.04499999999999993	epochs	1.0
15.543999767303466	0.5399200000000004	epochs	0.0
15.543999767303466	0.5000000000000018	epochs	-1.0
15.543999767303466	0.5000000000000018	epochs	-1.0
15.543999767303466	0.5000000000000018	epochs	1.0
16.043999767303468	0.03991999999999862	epochs	-1.0
16.043999767303468	0.02499999999999858	epochs	-1.0
16.043999767303468	0.02499999999999858	epochs	1.0
16.068999767303467	0.010000000000001563	epochs	-1.0
16.068999767303467	0.010000000000001563	epochs	1.0
16.07899976730347	0.004919999999998481	epochs	-1.0
16.07899976730347	0.004919999999998481	epochs	1.0
16.083919767303467	0.16507500000000164	epochs	0.0
16.243000030517578	0.10000000000000142	epochs	0.0
16.243000030517578	0.045000000000001705	epochs	1.0
16.28800003051758	0.00999999999999801	epochs	1.0
16.298000030517578	0.045000000000001705	epochs	1.0
16.34300003051758	0.5401649999999982	epochs	0.0
16.34300003051758	0.5	epochs	-1.0
16.34300003051758	0.5	epochs	-1.0
16.34300003051758	0.5	epochs	1.0
16.84300003051758	0.04016499999999823	epochs	-1.0
16.84300003051758	0.02499999999999858	epochs	-1.0
16.84300003051758	0.02499999999999858	epochs	1.0
16.868000030517578	0.010000000000001563	epochs	-1.0
16.868000030517578	0.010000000000001563	epochs	1.0
16.87800003051758	0.005164999999998088	epochs	-1.0
16.87800003051758	0.005164999999998088	epochs	1.0
16.883165030517578	0.16483000000000203	epochs	0.0
3843.21399974823	0.09999999999990905	epochs	0.0
3843.21399974823	0.04500000000007276	epochs	1.0
3843.25899974823	0.009999999999763531	epochs	1.0
3843.26899974823	0.04500000000007276	epochs	1.0
3843.31399974823	0.7049950000000536	epochs	0.0
3843.31399974823	0.5	epochs	-1.0
3843.31399974823	0.5	epochs	1.0
3843.81399974823	0.05999999999994543	epochs	-1.0
3843.81399974823	0.02500000000009095	epochs	-1.0
3843.81399974823	0.02500000000009095	epochs	1.0
3843.83899974823	0.010000000000218279	epochs	-1.0
3843.83899974823	0.010000000000218279	epochs	1.0
3843.84899974823	0.024999999999636202	epochs	-1.0
3843.84899974823	0.024999999999636202	epochs	1.0
3843.87399974823	0.05999999999994543	epochs	-1.0
3843.87399974823	0.02500000000009095	epochs	-1.0
3843.87399974823	0.02500000000009095	epochs	1.0
3843.89899974823	0.010000000000218279	epochs	-1.0
3843.89899974823	0.010000000000218279	epochs	1.0
3843.90899974823	0.024999999999636202	epochs	-1.0
3843.90899974823	0.024999999999636202	epochs	1.0
3843.93399974823	0.06000000000040018	epochs	-1.0
3843.93399974823	0.02500000000009095	epochs	-1.0
3843.93399974823	0.02500000000009095	epochs	1.0
3843.95899974823	0.010000000000218279	epochs	-1.0
3843.95899974823	0.010000000000218279	epochs	1.0
3843.96899974823	0.02500000000009095	epochs	-1.0
3843.96899974823	0.02500000000009095	epochs	1.0
3843.99399974823	0.024994999999762513	epochs	1.0
3911.7779998779297	0.09999999999990905	epochs	0.0
3911.7779998779297	0.04500000000007276	epochs	1.0
3911.8229998779298	0.009999999999763531	epochs	1.0
3911.8329998779295	0.04500000000007276	epochs	1.0
3911.8779998779296	61.38499499999989	epochs	0.0
3911.8779998779296	0.5	epochs	-1.0
3911.8779998779296	0.5	epochs	-1.0
3911.8779998779296	0.5	epochs	1.0
3912.3779998779296	0.05999999999994543	epochs	-1.0
3912.3779998779296	0.02500000000009095	epochs	-1.0
3912.3779998779296	0.02500000000009095	epochs	1.0
3912.4029998779297	0.010000000000218279	epochs	-1.0
3912.4029998779297	0.010000000000218279	epochs	1.0
3912.41299987793	0.024999999999636202	epochs	-1.0
3912.41299987793	0.024999999999636202	epochs	1.0
3912.4379998779295	0.05999999999994543	epochs	-1.0
3912.4379998779295	0.02500000000009095	epochs	-1.0
3912.4379998779295	0.02500000000009095	epochs	1.0
3912.4629998779296	0.010000000000218279	epochs	-1.0
3912.4629998779296	0.010000000000218279	epochs	1.0
3912.47299987793	0.024999999999636202	epochs	-1.0
3912.47299987793	0.024999999999636202	epochs	1.0
3912.4979998779295	0.06000000000040018	epochs	-1.0
3912.4979998779295	0.02500000000009095	epochs	-1.0
3912.4979998779295	0.02500000000009095	epochs	1.0
3912.5229998779296	0.010000000000218279	epochs	-1.0
3912.5229998779296	0.010000000000218279	epochs	1.0
3912.53299987793	0.02500000000009095	epochs	-1.0
3912.53299987793	0.02500000000009095	epochs	1.0
3912.55799987793	60.0	epochs	1.0
3972.55799987793	0.5	epochs	-1.0
3972.55799987793	0.5	epochs	-1.0
3972.55799987793	0.5	epochs	1.0
3973.05799987793	0.05999999999994543	epochs	-1.0
3973.05799987793	0.024999999999636202	epochs	-1.0
3973.05799987793	0.024999999999636202	epochs	1.0
3973.0829998779295	0.010000000000218279	epochs	-1.0
3973.0829998779295	0.010000000000218279	epochs	1.0
3973.0929998779297	0.02500000000009095	epochs	-1.0
3973.0929998779297	0.02500000000009095	epochs	1.0
3973.11799987793	0.05999999999994543	epochs	-1.0
3973.11799987793	0.024999999999636202	epochs	-1.0
3973.11799987793	0.024999999999636202	epochs	1.0
3973.1429998779295	0.010000000000218279	epochs	-1.0
3973.1429998779295	0.010000000000218279	epochs	1.0
3973.1529998779297	0.02500000000009095	epochs	-1.0
3973.1529998779297	0.02500000000009095	epochs	1.0
3973.17799987793	0.05999999999994543	epochs	-1.0
3973.17799987793	0.02500000000009095	epochs	-1.0
3973.17799987793	0.02500000000009095	epochs	1.0
3973.20299987793	0.009999999999763531	epochs	-1.0
3973.20299987793	0.009999999999763531	epochs	1.0
3973.2129998779296	0.02500000000009095	epochs	-1.0
3973.2129998779296	0.02500000000009095	epochs	1.0
3973.2379998779297	0.024994999999762513	epochs	1.0
4032.0469999313354	0.09999999999990905	epochs	0.0
4032.0469999313354	0.04500000000007276	epochs	1.0
4032.0919999313355	0.009999999999763531	epochs	1.0
4032.1019999313353	0.04500000000007276	epochs	1.0
4032.1469999313354	0.7049950000000536	epochs	0.0
4032.1469999313354	0.5	epochs	-1.0
4032.1469999313354	0.5	epochs	-1.0
4032.1469999313354	0.5	epochs	1.0
4032.6469999313354	0.05999999999994543	epochs	-1.0
4032.6469999313354	0.02500000000009095	epochs	-1.0
4032.6469999313354	0.02500000000009095	epochs	1.0
4032.6719999313354	0.010000000000218279	epochs	-1.0
4032.6719999313354	0.010000000000218279	epochs	1.0
4032.6819999313357	0.024999999999636202	epochs	-1.0
4032.6819999313357	0.024999999999636202	epochs	1.0
4032.7069999313353	0.05999999999994543	epochs	-1.0
4032.7069999313353	0.02500000000009095	epochs	-1.0
4032.7069999313353	0.02500000000009095	epochs	1.0
4032.7319999313354	0.010000000000218279	epochs	-1.0
4032.7319999313354	0.010000000000218279	epochs	1.0
4032.7419999313356	0.024999999999636202	epochs	-1.0
4032.7419999313356	0.024999999999636202	epochs	1.0
4032.7669999313352	0.06000000000040018	epochs	-1.0
4032.7669999313352	0.02500000000009095	epochs	-1.0
4032.7669999313352	0.02500000000009095	epochs	1.0
4032.7919999313353	0.010000000000218279	epochs	-1.0
4032.7919999313353	0.010000000000218279	epochs	1.0
4032.8019999313356	0.02500000000009095	epochs	-1.0
4032.8019999313356	0.02500000000009095	epochs	1.0
4032.8269999313356	0.024994999999762513	epochs	1.0
4077.5419998168945	0.16391999999996187	epochs	0.0
4077.5419998168945	0.07696040000018911	epochs	1.0
4077.6189602168947	0.009999199999583652	epochs	1.0
4077.6289594168943	0.07696040000018911	epochs	1.0
4077.7059338168947	0.5	epochs	-1.0
4077.7059338168947	0.5	epochs	-1.0
4077.7059398168944	5.9999800000000505	epochs	0.0
4077.7059398168944	0.5	epochs	1.0
4078.2059398168944	5.0	epochs	1.0
4083.2059338168947	0.499985999999808	epochs	-1.0
4083.2059398168944	0.4999800000000505	epochs	1.0
4086.8049998283386	0.16391999999996187	epochs	0.0
4086.8049998283386	0.07696040000018911	epochs	1.0
4086.881960228339	0.009999199999583652	epochs	1.0
4086.8919594283384	0.07696040000018911	epochs	1.0
4086.968933828339	0.5	epochs	-1.0
4086.9689398283385	2.5351200000000063	epochs	0.0
4086.9689398283385	0.5	epochs	1.0
4087.4689398283385	1.0	epochs	1.0
4088.4689398283385	1.0351200000000063	epochs	1.0
4088.968933828339	0.5	epochs	-1.0
4089.5040598283385	0.9648600000000442	epochs	0.0
4089.7560000419617	0.16391999999996187	epochs	0.0
4089.7560000419617	0.07696040000018911	epochs	1.0
4089.832960441962	0.009999199999583652	epochs	1.0
4089.8429596419614	0.07696040000018911	epochs	1.0
4089.919934041962	0.5	epochs	-1.0
4089.9199400419616	2.53612000000021	epochs	0.0
4089.9199400419616	0.5	epochs	1.0
4090.4199400419616	1.0	epochs	1.0
4091.4199400419616	1.03612000000021	epochs	1.0
4091.919934041962	0.5	epochs	-1.0
4092.456060041962	0.9638599999998405	epochs	0.0
4092.682999610901	0.16391999999996187	epochs	0.0
4092.682999610901	0.07696040000018911	epochs	1.0
4092.759960010901	0.009999199999583652	epochs	1.0
4092.7699592109007	0.07696040000018911	epochs	1.0
4092.846933610901	0.5	epochs	-1.0
4092.846939610901	2.5357200000003104	epochs	0.0
4092.846939610901	0.5	epochs	1.0
4093.346939610901	1.0	epochs	1.0
4094.346939610901	1.0357200000003104	epochs	1.0
4094.846933610901	0.5	epochs	-1.0
4095.382659610901	0.9642599999997401	epochs	0.0
4095.6169996261597	0.16391999999996187	epochs	0.0
4095.6169996261597	0.07696040000018911	epochs	1.0
4095.69396002616	0.009999199999583652	epochs	1.0
4095.7039592261594	0.07696040000018911	epochs	1.0
4095.78093362616	0.5	epochs	-1.0
4095.7809396261596	2.555120000000443	epochs	0.0
4095.7809396261596	0.5000000000004547	epochs	1.0
4096.28093962616	1.0	epochs	1.0
4097.28093962616	1.055119999999988	epochs	1.0
4097.78093362616	0.5	epochs	-1.0
4098.33605962616	0.9448599999996077	epochs	0.0
4098.5609998703	0.16391999999996187	epochs	0.0
4098.5609998703	0.07696039999973436	epochs	1.0
4098.6379602703	0.009999200000493147	epochs	1.0
4098.6479594703005	0.07696039999973436	epochs	1.0
4098.7249338703	0.5	epochs	-1.0
4098.724939870301	2.554979999999887	epochs	0.0
4098.724939870301	0.5	epochs	1.0
4099.224939870301	1.0	epochs	1.0
4100.224939870301	1.0549799999998868	epochs	1.0
4100.7249338703	0.5	epochs	-1.0
4101.279919870301	0.944999999999709	epochs	0.0
4122.546999931335	0.6499800000001414	epochs	0.0
4122.546999931335	0.0500000000001819	epochs	1.0
4122.596999931336	0.5	epochs	1.0
4123.096999931336	0.09997999999995955	epochs	1.0
4123.496999740601	0.6499800000001414	epochs	0.0
4123.496999740601	0.0500000000001819	epochs	1.0
4123.546999740601	0.5	epochs	1.0
4124.046999740601	0.09997999999995955	epochs	1.0
4124.409999847412	0.6499800000001414	epochs	0.0
4124.409999847412	0.0500000000001819	epochs	1.0
4124.459999847412	0.5	epochs	1.0
4124.959999847412	0.09997999999995955	epochs	1.0
4125.345999717712	0.6499800000001414	epochs	0.0
4125.345999717712	0.0500000000001819	epochs	1.0
4125.395999717713	0.5	epochs	1.0
4125.895999717713	0.09997999999995955	epochs	1.0
4126.286999702454	0.16391999999996187	epochs	0.0
4126.286999702454	0.07696039999973436	epochs	1.0
4126.363960102453	0.009999200000493147	epochs	1.0
4126.373959302454	0.07696039999973436	epochs	1.0
4126.450933702454	0.5	epochs	-1.0
4126.450939702454	2.5558399999999892	epochs	0.0
4126.450939702454	0.5	epochs	1.0
4126.950939702454	1.0	epochs	1.0
4127.950939702454	1.0558399999999892	epochs	1.0
4128.450933602454	0.5	epochs	-1.0
4129.006779702454	2.9441399999996065	epochs	0.0
4131.504999637604	0.16391999999996187	epochs	0.0
4131.504999637604	0.07696039999973436	epochs	1.0
4131.5819600376035	0.009999200000493147	epochs	1.0
4131.591959237604	0.07696039999973436	epochs	1.0
4131.668933637604	0.5	epochs	-1.0
4131.668939637604	2.5357399999993504	epochs	0.0
4131.668939637604	0.5	epochs	1.0
4132.168939637604	1.0	epochs	1.0
4133.168939637604	1.0357399999993504	epochs	1.0
4133.668933537604	0.5	epochs	-1.0
4134.2046796376035	2.9642400000002453	epochs	0.0
4136.712999820709	0.16391999999996187	epochs	0.0
4136.712999820709	0.07696039999973436	epochs	1.0
4136.789960220709	0.009999200000493147	epochs	1.0
4136.7999594207095	0.07696039999973436	epochs	1.0
4136.876933820709	0.5	epochs	-1.0
4136.87693982071	2.535859999999957	epochs	0.0
4136.87693982071	0.5	epochs	1.0
4137.37693982071	1.0	epochs	1.0
4138.37693982071	1.035859999999957	epochs	1.0
4138.8769337207095	0.5	epochs	-1.0
4139.41279982071	2.964119999999639	epochs	0.0
4141.897999763489	0.16391999999996187	epochs	0.0
4141.897999763489	0.07696039999973436	epochs	1.0
4141.9749601634885	0.009999200000493147	epochs	1.0
4141.984959363489	0.07696039999973436	epochs	1.0
4142.061933763489	0.5	epochs	-1.0
4142.061939763489	2.5351000000000568	epochs	0.0
4142.061939763489	0.5	epochs	1.0
4142.561939763489	1.0	epochs	1.0
4143.561939763489	1.0351000000000568	epochs	1.0
4144.061933663489	0.5	epochs	-1.0
4144.597039763489	2.964879999999539	epochs	0.0
4147.11699962616	0.16391999999996187	epochs	0.0
4147.11699962616	0.07696039999973436	epochs	1.0
4147.193960026159	0.009999200000493147	epochs	1.0
4147.20395922616	0.07696039999973436	epochs	1.0
4147.28093362616	0.5	epochs	-1.0
4147.28093962616	2.554639999999381	epochs	0.0
4147.28093962616	0.5	epochs	1.0
4147.78093962616	1.0	epochs	1.0
4148.78093962616	1.054639999999381	epochs	1.0
4149.28093352616	0.5	epochs	-1.0
4149.835579626159	2.945340000000215	epochs	0.0
4152.330999851227	0.16391999999996187	epochs	0.0
4152.330999851227	0.07696039999973436	epochs	1.0
4152.4079602512265	0.009999200000493147	epochs	1.0
4152.417959451227	0.07696039999973436	epochs	1.0
4152.494933851227	0.5	epochs	-1.0
4152.494939851227	2.5357199999998556	epochs	0.0
4152.494939851227	0.5	epochs	1.0
4152.994939851227	1.0	epochs	1.0
4153.994939851227	1.0357199999998556	epochs	1.0
4154.494933751227	0.5	epochs	-1.0
4155.030659851227	2.96425999999974	epochs	0.0
4157.53200006485	0.16391999999996187	epochs	0.0
4157.53200006485	0.07696039999973436	epochs	1.0
4157.60896046485	0.009999200000493147	epochs	1.0
4157.61895966485	0.07696039999973436	epochs	1.0
4157.69593406485	0.5	epochs	-1.0
4157.69594006485	2.555739999999787	epochs	0.0
4157.69594006485	0.5	epochs	1.0
4158.19594006485	1.0	epochs	1.0
4159.19594006485	1.055739999999787	epochs	1.0
4159.69593396485	0.5	epochs	-1.0
4160.25168006485	2.944239999999809	epochs	0.0
4162.7919998168945	0.16391999999996187	epochs	0.0
4162.7919998168945	0.07696039999973436	epochs	1.0
4162.868960216894	0.009999200000493147	epochs	1.0
4162.878959416895	0.07696039999973436	epochs	1.0
4162.955933816895	0.5	epochs	-1.0
4162.955939816895	2.5354999999999563	epochs	0.0
4162.955939816895	0.5	epochs	1.0
4163.455939816895	1.0	epochs	1.0
4164.455939816895	1.0354999999999563	epochs	1.0
4164.955933816895	0.5	epochs	-1.0
4165.491439816895	3.9644799999996394	epochs	0.0
4165.811999797821	0.16391999999996187	epochs	0.0
4165.811999797821	0.07696039999973436	epochs	1.0
4165.888960197821	0.009999200000493147	epochs	1.0
4165.898959397821	0.07696039999973436	epochs	1.0
4165.975933797821	0.5	epochs	-1.0
4165.975939797821	2.535359999999855	epochs	0.0
4165.975939797821	0.5	epochs	1.0
4166.475939797821	1.0	epochs	1.0
4167.475939797821	1.035359999999855	epochs	1.0
4167.975933797821	0.5	epochs	-1.0
4168.511299797821	3.9646199999997407	epochs	0.0
4168.80699968338	0.16391999999996187	epochs	0.0
4168.80699968338	0.07696039999973436	epochs	1.0
4168.88396008338	0.009999200000493147	epochs	1.0
4168.89395928338	0.07696039999973436	epochs	1.0
4168.97093368338	0.5	epochs	-1.0
4168.9709396833805	2.5356199999996534	epochs	0.0
4168.9709396833805	0.5	epochs	1.0
4169.4709396833805	1.0	epochs	1.0
4170.4709396833805	1.0356199999996534	epochs	1.0
4170.97093368338	0.5	epochs	-1.0
4171.50655968338	3.9643599999999424	epochs	0.0
4171.815999984741	0.16391999999996187	epochs	0.0
4171.815999984741	0.07696039999973436	epochs	1.0
4171.892960384741	0.009999200000493147	epochs	1.0
4171.902959584741	0.07696039999973436	epochs	1.0
4171.979933984741	0.5	epochs	-1.0
4171.979939984742	2.535859999999957	epochs	0.0
4171.979939984742	0.5	epochs	1.0
4172.479939984742	1.0	epochs	1.0
4173.479939984742	1.035859999999957	epochs	1.0
4173.979933984741	0.5	epochs	-1.0
4174.5157999847415	3.964119999999639	epochs	0.0
4174.804999828339	0.16391999999996187	epochs	0.0
4174.804999828339	0.07696039999973436	epochs	1.0
4174.881960228338	0.009999200000493147	epochs	1.0
4174.891959428339	0.07696039999973436	epochs	1.0
4174.968933828339	0.5	epochs	-1.0
4174.968939828339	0.5358999999998559	epochs	0.0
4174.968939828339	0.5	epochs	1.0
4175.468939828339	0.035899999999855936	epochs	1.0
4175.504839828339	5.96407999999974	epochs	0.0
4190.96399974823	0.16391999999996187	epochs	0.0
4190.96399974823	0.07696039999973436	epochs	1.0
4191.04096014823	0.009999200000493147	epochs	1.0
4191.05095934823	0.07696039999973436	epochs	1.0
4191.12793374823	0.5	epochs	-1.0
4191.12793974823	2.5363799999995535	epochs	0.0
4191.12793974823	0.5	epochs	1.0
4191.62793974823	1.0	epochs	1.0
4192.62793974823	1.0363799999995535	epochs	1.0
4193.12793374823	0.5	epochs	-1.0
4193.66431974823	3.963600000000042	epochs	0.0
4193.950999736786	0.16391999999996187	epochs	0.0
4193.950999736786	0.07696039999973436	epochs	1.0
4194.027960136786	0.009999200000493147	epochs	1.0
4194.037959336786	0.07696039999973436	epochs	1.0
4194.114933736786	0.5	epochs	-1.0
4194.114939736786	2.5351000000000568	epochs	0.0
4194.114939736786	0.5	epochs	1.0
4194.614939736786	1.0	epochs	1.0
4195.614939736786	1.0351000000000568	epochs	1.0
4196.114933736786	0.5	epochs	-1.0
4196.650039736786	3.964879999999539	epochs	0.0
4196.975999832153	0.15297999999984313	epochs	0.0
4196.975999832153	0.0500000000001819	epochs	1.0
4197.0259998321535	0.0029999999997016857	epochs	1.0
4197.028999832153	0.09997999999995955	epochs	1.0
4197.456999778748	0.15297999999984313	epochs	0.0
4197.456999778748	0.0500000000001819	epochs	1.0
4197.506999778748	0.0029999999997016857	epochs	1.0
4197.509999778747	0.09997999999995955	epochs	1.0
4197.919999599457	0.15297999999984313	epochs	0.0
4197.919999599457	0.0500000000001819	epochs	1.0
4197.969999599457	0.0029999999997016857	epochs	1.0
4197.972999599457	0.09997999999995955	epochs	1.0
4198.379999637604	0.15297999999984313	epochs	0.0
4198.379999637604	0.0500000000001819	epochs	1.0
4198.429999637604	0.0029999999997016857	epochs	1.0
4198.432999637604	0.09997999999995955	epochs	1.0
4198.835000038147	0.15297999999984313	epochs	0.0
4198.835000038147	0.0500000000001819	epochs	1.0
4198.885000038147	0.0029999999997016857	epochs	1.0
4198.888000038147	0.09997999999995955	epochs	1.0
4199.27799987793	0.15297999999984313	epochs	0.0
4199.27799987793	0.0500000000001819	epochs	1.0
4199.32799987793	0.0029999999997016857	epochs	1.0
4199.33099987793	0.09997999999995955	epochs	1.0
4199.7519998550415	0.15297999999984313	epochs	0.0
4199.7519998550415	0.0500000000001819	epochs	1.0
4199.801999855042	0.0029999999997016857	epochs	1.0
4199.804999855041	0.09997999999995955	epochs	1.0
4200.2119998931885	0.15297999999984313	epochs	0.0
4200.2119998931885	0.0500000000001819	epochs	1.0
4200.261999893189	0.0029999999997016857	epochs	1.0
4200.264999893188	0.09997999999995955	epochs	1.0
4200.6939997673035	0.15297999999984313	epochs	0.0
4200.6939997673035	0.0500000000001819	epochs	1.0
4200.743999767304	0.0029999999997016857	epochs	1.0
4200.746999767303	0.09997999999995955	epochs	1.0
4201.180999755859	0.15297999999984313	epochs	0.0
4201.180999755859	0.0500000000001819	epochs	1.0
4201.23099975586	0.0029999999997016857	epochs	1.0
4201.233999755859	0.09997999999995955	epochs	1.0
4201.633999824524	0.15297999999984313	epochs	0.0
4201.633999824524	0.0500000000001819	epochs	1.0
4201.683999824524	0.0029999999997016857	epochs	1.0
4201.686999824524	0.09997999999995955	epochs	1.0
4202.129999637604	0.15297999999984313	epochs	0.0
4202.129999637604	0.0500000000001819	epochs	1.0
4202.179999637604	0.0029999999997016857	epochs	1.0
4202.182999637604	0.09997999999995955	epochs	1.0
4202.6089997291565	0.15297999999984313	epochs	0.0
4202.6089997291565	0.0500000000001819	epochs	1.0
4202.658999729157	0.0029999999997016857	epochs	1.0
4202.661999729156	0.09997999999995955	epochs	1.0
4203.077999591827	0.15297999999984313	epochs	0.0
4203.077999591827	0.0500000000001819	epochs	1.0
4203.127999591828	0.0029999999997016857	epochs	1.0
4203.130999591827	0.09997999999995955	epochs	1.0
4203.565999984741	0.15297999999984313	epochs	0.0
4203.565999984741	0.0500000000001819	epochs	1.0
4203.615999984741	0.0029999999997016857	epochs	1.0
4203.618999984741	0.09997999999995955	epochs	1.0
4204.138999938965	0.16391999999996187	epochs	0.0
4204.138999938965	0.07696039999973436	epochs	1.0
4204.215960338965	0.009999200000493147	epochs	1.0
4204.225959538965	0.07696039999973436	epochs	1.0
4204.302933938965	0.5	epochs	-1.0
4204.302939938965	0.5356599999995524	epochs	0.0
4204.302939938965	0.5	epochs	1.0
4204.802939938965	0.0029999999997016857	epochs	1.0
4204.805939938965	0.0326599999998507	epochs	1.0
4204.838599938965	1.0673200000001088	epochs	0.0
4217.364999771118	0.16391999999996187	epochs	0.0
4217.364999771118	0.07696039999973436	epochs	1.0
4217.441960171118	0.009999200000493147	epochs	1.0
4217.451959371118	0.07696039999973436	epochs	1.0
4217.528933771118	0.5	epochs	-1.0
4217.5289397711185	1.5363199999992503	epochs	0.0
4217.5289397711185	0.5	epochs	1.0
4218.0289397711185	0.0029999999997016857	epochs	1.0
4218.031939771118	1.0333199999995486	epochs	1.0
4218.531933771118	0.5	epochs	-1.0
4219.065259771118	0.06666000000041095	epochs	0.0
4219.567999839783	0.16391999999996187	epochs	0.0
4219.567999839783	0.07696039999973436	epochs	1.0
4219.644960239782	0.009999200000493147	epochs	1.0
4219.654959439783	0.07696039999973436	epochs	1.0
4219.731933839783	0.5	epochs	-1.0
4219.731939839783	1.5353399999994508	epochs	0.0
4219.731939839783	0.5	epochs	1.0
4220.231939839783	0.0029999999997016857	epochs	1.0
4220.234939839783	1.0323399999997491	epochs	1.0
4220.734933839783	0.5	epochs	-1.0
4221.2672798397825	0.06764000000021042	epochs	0.0
4221.805999755859	0.16391999999996187	epochs	0.0
4221.805999755859	0.07696039999973436	epochs	1.0
4221.882960155859	0.009999200000493147	epochs	1.0
4221.89295935586	0.07696039999973436	epochs	1.0
4221.9699337558595	0.5	epochs	-1.0
4221.96993975586	5.3148199999995995	epochs	0.0
4221.96993975586	0.5	epochs	1.0
4222.46993975586	4.8148199999995995	epochs	1.0
4226.285299755859	0.9994599999999991	epochs	-1.0
4226.285299755859	0.0388199999997596	epochs	-1.0
4226.782773755859	0.5	epochs	-1.0
4227.284759755859	14.185159999999996	epochs	0.0
4227.833999633789	0.16391999999996187	epochs	0.0
4227.833999633789	0.07696039999973436	epochs	1.0
4227.910960033789	0.009999200000493147	epochs	1.0
4227.920959233789	0.07696039999973436	epochs	1.0
4227.997933633789	0.5	epochs	-1.0
4227.997939633789	0.5346599999993487	epochs	0.0
4227.997939633789	0.5	epochs	1.0
4228.497939633789	0.034659999999348656	epochs	1.0
4228.532599633789	18.965320000000247	epochs	0.0
4257.017999649048	0.16391999999996187	epochs	0.0
4257.017999649048	0.07696039999973436	epochs	1.0
4257.094960049048	0.009999200000493147	epochs	1.0
4257.104959249048	0.07696039999973436	epochs	1.0
4257.181933649048	0.5	epochs	-1.0
4257.181939649048	5.15519999999924	epochs	0.0
4257.181939649048	0.5	epochs	1.0
4257.681939649048	4.65519999999924	epochs	1.0
4261.337819649048	0.9993199999998978	epochs	-1.0
4261.337819649048	0.03855999999996129	epochs	-1.0
4261.835293649048	0.5	epochs	-1.0
4262.3371396490475	14.344780000000355	epochs	0.0
4262.674999713898	0.16391999999996187	epochs	0.0
4262.674999713898	0.07696039999973436	epochs	1.0
4262.751960113897	0.009999200000493147	epochs	1.0
4262.761959313898	0.07696039999973436	epochs	1.0
4262.838933713898	0.5	epochs	-1.0
4262.838939713898	7.015419999999722	epochs	0.0
4262.838939713898	0.5	epochs	1.0
4263.338939713898	6.515419999999722	epochs	1.0
4266.835079713897	3.0192800000004354	epochs	-1.0
4266.835079713897	0.0388200000006691	epochs	-1.0
4267.332553713898	0.5	epochs	-1.0
4267.832553713898	0.5	epochs	-1.0
4268.332553713898	0.5	epochs	-1.0
4268.832553713898	0.5	epochs	-1.0
4269.332553713898	0.5	epochs	-1.0
4269.854359713898	12.484559999999874	epochs	0.0
4282.8949999809265	0.16391999999996187	epochs	0.0
4282.8949999809265	0.07696039999973436	epochs	1.0
4282.971960380926	0.009999200000493147	epochs	1.0
4282.981959580927	0.07696039999973436	epochs	1.0
4283.0589199809265	2.0	epochs	0.0
4285.0589199809265	5.375839999999698	epochs	0.0
4285.0589199809265	1.0	epochs	1.0
4285.058933980927	0.5	epochs	-1.0
4285.558933980927	4.875825999999506	epochs	-1.0
4286.0589199809265	4.375839999999698	epochs	1.0
4286.0589199809265	4.356753899999603	epochs	-1.0
4286.0589199809265	1.9745872000003146	epochs	2.0
4286.0589199809265	1.098562199999833	epochs	3.0
4287.157482180926	0.8760250000004817	epochs	3.0
4288.033507180927	1.3524074999995719	epochs	2.0
4288.033507180927	0.7286354999996547	epochs	3.0
4288.762142680926	0.6237719999999172	epochs	3.0
4289.385914680926	1.0297591999997167	epochs	2.0
4289.385914680926	0.5453293000000485	epochs	3.0
4289.931243980926	0.4844298999996681	epochs	3.0
4290.415673880926	0.01908610000009503	epochs	2.0
4290.415673880926	0.01908610000009503	epochs	3.0
4290.434759980926	16.624080000000504	epochs	0.0
4290.918999671936	0.16391999999996187	epochs	0.0
4290.918999671936	0.07696039999973436	epochs	1.0
4290.995960071936	0.009999200000493147	epochs	1.0
4291.005959271936	0.07696039999973436	epochs	1.0
4291.082919671936	2.0	epochs	0.0
4293.082919671936	0.5356000000001586	epochs	0.0
4293.082919671936	0.5356000000001586	epochs	1.0
4293.082933671936	0.5	epochs	-1.0
4293.582933671936	0.03558599999996659	epochs	-1.0
4293.618519671936	21.464320000000043	epochs	0.0
4294.694999694824	0.16391999999996187	epochs	0.0
4294.694999694824	0.07696039999973436	epochs	1.0
4294.771960094824	0.009999200000493147	epochs	1.0
4294.781959294824	0.07696039999973436	epochs	1.0
4294.858919694824	2.0	epochs	0.0
4296.858919694824	0.5553600000002916	epochs	0.0
4296.858919694824	0.5553600000002916	epochs	1.0
4296.858933694824	0.5	epochs	-1.0
4297.358933694824	0.05534600000009959	epochs	-1.0
4297.4142796948245	21.44455999999991	epochs	0.0
4298.489999771118	0.16391999999996187	epochs	0.0
4298.489999771118	0.07696039999973436	epochs	1.0
4298.566960171118	0.009999200000493147	epochs	1.0
4298.576959371118	0.07696039999973436	epochs	1.0
4298.653919771118	2.0	epochs	0.0
4300.653919771118	5.376080000000002	epochs	0.0
4300.653919771118	1.0	epochs	1.0
4300.653933771118	0.5	epochs	-1.0
4301.153933771118	4.87606599999981	epochs	-1.0
4301.653919771118	4.376080000000002	epochs	1.0
4301.653919771118	4.356753899999603	epochs	-1.0
4301.653919771118	1.9745872000003146	epochs	2.0
4301.653919771118	1.098562199999833	epochs	3.0
4302.752481971118	0.8760250000004817	epochs	3.0
4303.628506971118	1.3524074999995719	epochs	2.0
4303.628506971118	0.7286354999996547	epochs	3.0
4304.357142471118	0.6237719999999172	epochs	3.0
4304.980914471118	1.0297591999997167	epochs	2.0
4304.980914471118	0.5453293000000485	epochs	3.0
4305.526243771118	0.4844298999996681	epochs	3.0
4306.010673671118	0.019326100000398583	epochs	2.0
4306.010673671118	0.019326100000398583	epochs	3.0
4306.029999771118	16.6238400000002	epochs	0.0
4306.3989996910095	0.16391999999996187	epochs	0.0
4306.3989996910095	0.07696039999973436	epochs	1.0
4306.475960091009	0.009999200000493147	epochs	1.0
4306.48595929101	0.07696039999973436	epochs	1.0
4306.5629196910095	2.0	epochs	0.0
4308.5629196910095	0.5355200000003606	epochs	0.0
4308.5629196910095	0.5355200000003606	epochs	1.0
4308.56293369101	0.5	epochs	-1.0
4309.06293369101	0.03550600000016857	epochs	-1.0
4309.09843969101	21.46439999999984	epochs	0.0
4310.098999977112	0.16391999999996187	epochs	0.0
4310.098999977112	0.07696039999973436	epochs	1.0
4310.175960377112	0.009999200000493147	epochs	1.0
4310.185959577112	0.07696039999973436	epochs	1.0
4310.262919977112	2.0	epochs	0.0
4312.262919977112	21.999920000000202	epochs	0.0
4312.262919977112	1.0	epochs	1.0
4312.262933977112	0.5	epochs	-1.0
4312.762933977112	19.99879999999939	epochs	-1.0
4313.262919977112	20.0	epochs	1.0
4313.262919977112	4.356753899999603	epochs	-1.0
4313.262919977112	1.9745872000003146	epochs	2.0
4313.262919977112	1.098562199999833	epochs	3.0
4314.361482177112	0.8760250000004817	epochs	3.0
4315.237507177112	1.3524074999995719	epochs	2.0
4315.237507177112	0.7286354999996547	epochs	3.0
4315.966142677112	0.6237719999999172	epochs	3.0
4316.589914677112	1.0297591999997167	epochs	2.0
4316.589914677112	0.5453293000000485	epochs	3.0
4317.135243977112	0.4844298999996681	epochs	3.0
4317.619673877111	0.8317862000003515	epochs	2.0
4317.619673877111	0.4357763000007253	epochs	3.0
4318.055450177112	0.3960098999996262	epochs	3.0
4318.451460077112	0.6977969999998095	epochs	2.0
4318.451460077112	0.3628982000000178	epochs	3.0
4318.814358277112	0.33489879999979166	epochs	3.0
4319.1492570771115	0.6010457000002134	epochs	2.0
4319.1492570771115	0.31091230000038195	epochs	3.0
4319.460169377112	0.29013339999983145	epochs	3.0
4319.750302777112	0.5278859000000011	epochs	2.0
4319.750302777112	0.27195860000028915	epochs	3.0
4320.022261377112	0.255927299999712	epochs	3.0
4320.278188677112	0.4706193000001804	epochs	2.0
4320.278188677112	0.241681299999982	epochs	3.0
4320.519869977112	0.22893800000019837	epochs	3.0
4320.748807977112	0.4245703999995385	epochs	2.0
4320.748807977112	0.21747140000024956	epochs	3.0
4320.966279377112	0.20709899999928894	epochs	3.0
4321.1733783771115	0.38673540000036155	epochs	2.0
4321.1733783771115	0.19767110000066168	epochs	3.0
4321.371049477112	0.18906429999969987	epochs	3.0
4321.560113777112	0.3550953000003574	epochs	2.0
4321.560113777112	0.18117590000019845	epochs	3.0
4321.741289677112	0.17391940000015893	epochs	3.0
4321.915209077112	0.3282430999997814	epochs	2.0
4321.915209077112	0.1672218999992765	epochs	3.0
4322.0824309771115	0.1610212000005049	epochs	3.0
4322.243452177112	0.3051679999998669	epochs	2.0
4322.243452177112	0.15526390000013635	epochs	3.0
4322.398716077112	0.14990409999973053	epochs	3.0
4322.548620177112	0.28512529999989056	epochs	2.0
4322.548620177112	0.14490209999985382	epochs	3.0
4322.693522277112	0.14022320000003674	epochs	3.0
4322.833745477112	0.26755380000031437	epochs	2.0
4322.833745477112	0.1358368999999584	epochs	3.0
4322.969582377112	0.13171690000035596	epochs	3.0
4323.101299277112	0.25202290000015637	epochs	2.0
4323.101299277112	0.12783929999932298	epochs	3.0
4323.229138577111	0.1241836000008334	epochs	3.0
4323.353322177112	0.23819649999950343	epochs	2.0
4323.353322177112	0.1207310999998299	epochs	3.0
4323.474053277112	0.11746539999967354	epochs	3.0
4323.591518677112	0.22580879999986792	epochs	2.0
4323.591518677112	0.11437190000015107	epochs	3.0
4323.705890577112	0.11143689999971684	epochs	3.0
4323.817327477112	0.21464600000035716	epochs	2.0
4323.817327477112	0.10864889999993466	epochs	3.0
4323.9259763771115	0.1059971000004225	epochs	3.0
4324.031973477112	0.2045349999998507	epochs	2.0
4324.031973477112	0.10347149999961403	epochs	3.0
4324.135444977112	0.10106350000023667	epochs	3.0
4324.236508477112	0.19533400000000256	epochs	2.0
4324.236508477112	0.09876509999958216	epochs	3.0
4324.335273577111	0.0965689000004204	epochs	3.0
4324.431842477112	0.18692530000043917	epochs	2.0
4324.431842477112	0.09446829999978945	epochs	3.0
4324.526310777112	0.09245700000064971	epochs	3.0
4324.618767777112	0.17921069999920292	epochs	2.0
4324.618767777112	0.0905295999991722	epochs	3.0
4324.709297377111	0.08868110000003071	epochs	3.0
4324.797978477111	0.17210770000019693	epochs	2.0
4324.797978477111	0.08690630000000965	epochs	3.0
4324.884884777111	0.08520140000018728	epochs	3.0
4324.970086177112	0.16554640000049403	epochs	2.0
4324.970086177112	0.08356189999994967	epochs	3.0
4325.053648077112	0.08198450000054436	epochs	3.0
4325.135632577112	0.15946709999934683	epochs	2.0
4325.135632577112	0.0804653999994116	epochs	3.0
4325.2160979771115	0.07900169999993523	epochs	3.0
4325.2950996771115	0.15381840000009106	epochs	2.0
4325.2950996771115	0.07759010000063427	epochs	3.0
4325.372689777112	0.0762282999994568	epochs	3.0
4325.448918077112	0.14855640000041603	epochs	2.0
4325.448918077112	0.07491329999993468	epochs	3.0
4325.5238313771115	0.07364310000048135	epochs	3.0
4325.597474477112	0.14364239999940764	epochs	2.0
4325.597474477112	0.07241499999963708	epochs	3.0
4325.669889477112	0.07122739999977057	epochs	3.0
4325.741116877111	0.13904310000089026	epochs	2.0
4325.741116877111	0.0700780000006489	epochs	3.0
4325.811194877112	0.06896510000024136	epochs	3.0
4325.880159977112	0.13472929999988992	epochs	2.0
4325.880159977112	0.0678870999990977	epochs	3.0
4325.948047077111	0.06684220000079222	epochs	3.0
4326.014889277112	0.1306752000000415	epochs	2.0
4326.014889277112	0.06582909999997355	epochs	3.0
4326.080718377112	0.06484610000006796	epochs	3.0
4326.145564477112	0.1268577999999252	epochs	2.0
4326.145564477112	0.06389199999921402	epochs	3.0
4326.209456477111	0.06296580000071117	epochs	3.0
4326.272422277112	0.12325719999989815	epochs	2.0
4326.272422277112	0.06206579999980022	epochs	3.0
4326.334488077112	0.06119140000009793	epochs	3.0
4326.395679477112	0.1198554000002332	epochs	2.0
4326.395679477112	0.060341100000187	epochs	3.0
4326.456020577112	0.059514300000046205	epochs	3.0
4326.515534877112	0.11663619999944785	epochs	2.0
4326.515534877112	0.058709599999929196	epochs	3.0
4326.574244477112	0.05792659999951866	epochs	3.0
4326.632171077112	0.11358560000007856	epochs	2.0
4326.632171077112	0.05716420000044309	epochs	3.0
4326.689335277112	0.05642139999963547	epochs	3.0
4326.745756677112	0.11069049999969138	epochs	2.0
4326.745756677112	0.05569790000026842	epochs	3.0
4326.801454577112	0.054992599999422964	epochs	3.0
4326.8564471771115	0.10793910000029427	epochs	2.0
4326.8564471771115	0.05430490000071586	epochs	3.0
4326.910752077112	0.053634199999578414	epochs	3.0
4326.964386277112	0.10532150000017282	epochs	2.0
4326.964386277112	0.05298000000038883	epochs	3.0
4327.017366277112	0.05234149999978399	epochs	3.0
4327.069707777112	0.10282759999972768	epochs	2.0
4327.069707777112	0.05171809999956167	epochs	3.0
4327.1214258771115	0.05110950000016601	epochs	3.0
4327.172535377112	0.10044910000033269	epochs	2.0
4327.172535377112	0.050514900000052876	epochs	3.0
4327.223050277112	0.049934200000279816	epochs	3.0
4327.272984477112	0.09817829999974492	epochs	2.0
4327.272984477112	0.0493666000002122	epochs	3.0
4327.322351077112	0.04881169999953272	epochs	3.0
4327.371162777112	0.09600779999982478	epochs	2.0
4327.371162777112	0.0482692000005045	epochs	3.0
4327.419431977112	0.047738599999320286	epochs	3.0
4327.467170577112	0.09393120000004274	epochs	2.0
4327.467170577112	0.047219500000210246	epochs	3.0
4327.514390077112	0.04671169999983249	epochs	3.0
4327.561101777112	0.09194260000003851	epochs	2.0
4327.561101777112	0.046214599999984785	epochs	3.0
4327.607316377112	0.045728000000053726	epochs	3.0
4327.653044377112	0.09003630000006524	epochs	2.0
4327.653044377112	0.045251499999722	epochs	3.0
4327.698295877111	0.04478480000034324	epochs	3.0
4327.743080677112	0.0882075999998051	epochs	2.0
4327.743080677112	0.0443278000002465	epochs	3.0
4327.787408477112	0.0438797999995586	epochs	3.0
4327.8312882771115	0.0864516999999978	epochs	2.0
4327.8312882771115	0.04344100000071194	epochs	3.0
4327.874729277112	0.04301069999928586	epochs	3.0
4327.9177399771115	0.08476430000064283	epochs	2.0
4327.9177399771115	0.042589000000589294	epochs	3.0
4327.960328977112	0.04217530000005354	epochs	3.0
4328.002504277112	0.08314149999932852	epochs	2.0
4328.002504277112	0.04176969999934954	epochs	3.0
4328.0442739771115	0.041371799999978975	epochs	3.0
4328.0856457771115	0.08157970000047499	epochs	2.0
4328.0856457771115	0.040981400000418944	epochs	3.0
4328.126627177112	0.04059830000005604	epochs	3.0
4328.167225477112	0.08007550000002084	epochs	2.0
4328.167225477112	0.040222300000095856	epochs	3.0
4328.207447777112	0.03985319999992498	epochs	3.0
4328.247300977112	0.07862569999997504	epochs	2.0
4328.247300977112	0.03949079999983951	epochs	3.0
4328.286791777112	0.03913490000013553	epochs	3.0
4328.325926677112	0.07722759999978734	epochs	2.0
4328.325926677112	0.038785400000051595	epochs	3.0
4328.364712077112	0.03844219999973575	epochs	3.0
4328.403154277112	0.07587820000026113	epochs	2.0
4328.403154277112	0.03810479999992822	epochs	3.0
4328.441259077112	0.03777340000033291	epochs	3.0
4328.479032477112	0.07457520000025397	epochs	2.0
4328.479032477112	0.03744769999957498	epochs	3.0
4328.516480177112	0.03712750000067899	epochs	3.0
4328.553607677112	0.07331629999953293	epochs	2.0
4328.553607677112	0.03681289999985893	epochs	3.0
4328.590420577112	0.036503399999674	epochs	3.0
4328.626923977112	0.07209899999998015	epochs	2.0
4328.626923977112	0.03619909999997617	epochs	3.0
4328.663123077112	0.03589990000000398	epochs	3.0
4328.699022977112	0.07092170000032638	epochs	2.0
4328.699022977112	0.03560560000005353	epochs	3.0
4328.734628577112	0.035316100000272854	epochs	3.0
4328.769944677112	0.06978199999957724	epochs	2.0
4328.769944677112	0.03503120000004856	epochs	3.0
4328.804975877112	0.03475079999952868	epochs	3.0
4328.839726677112	0.0686786000005668	epochs	2.0
4328.839726677112	0.034475100000236125	epochs	3.0
4328.874201777112	0.03420350000033068	epochs	3.0
4328.908405277112	0.06760929999927612	epochs	2.0
4328.908405277112	0.03393619999951625	epochs	3.0
4328.942341477112	0.03367309999975987	epochs	3.0
4328.9760145771115	0.06657290000021021	epochs	2.0
4328.9760145771115	0.03341400000044814	epochs	3.0
4329.009428577112	0.03315889999976207	epochs	3.0
4329.042587477112	0.06556780000028084	epochs	2.0
4329.042587477112	0.032907699999668694	epochs	3.0
4329.075495177111	0.03266010000061215	epochs	3.0
4329.108155277112	0.06459259999974165	epochs	2.0
4329.108155277112	0.03241639999941981	epochs	3.0
4329.140571677111	0.03217620000032184	epochs	3.0
4329.172747877112	0.06364599999960774	epochs	2.0
4329.172747877112	0.031939600000441715	epochs	3.0
4329.204687477112	0.031706399999166024	epochs	3.0
4329.236393877111	0.0627267000008942	epochs	2.0
4329.236393877111	0.03147660000013275	epochs	3.0
4329.2678704771115	0.03125010000076145	epochs	3.0
4329.299120577112	0.06183359999977256	epochs	2.0
4329.299120577112	0.031026899999233137	epochs	3.0
4329.3301474771115	0.030806700000539422	epochs	3.0
4329.360954177112	0.06096559999969031	epochs	2.0
4329.360954177112	0.030589799999688694	epochs	3.0
4329.391543977112	0.030375800000001618	epochs	3.0
4329.421919777112	0.060121600000456965	epochs	2.0
4329.421919777112	0.03016490000027261	epochs	3.0
4329.452084677112	0.029956700000184355	epochs	3.0
4329.482041377112	0.05930069999976695	epochs	2.0
4329.482041377112	0.029751600000054168	epochs	3.0
4329.511792977112	0.02954909999971278	epochs	3.0
4329.541342077112	0.058501800000158255	epochs	2.0
4329.541342077112	0.029349399999773595	epochs	3.0
4329.570691477112	0.02915240000038466	epochs	3.0
4329.599843877112	0.05772419999993872	epochs	2.0
4329.599843877112	0.028957999999875028	epochs	3.0
4329.628801877112	0.02876620000006369	epochs	3.0
4329.657568077112	0.05696709999938321	epochs	2.0
4329.657568077112	0.028577000000041153	epochs	3.0
4329.686145077112	0.028390099999342056	epochs	3.0
4329.714535177111	0.05622949999997218	epochs	2.0
4329.714535177111	0.028205700000398792	epochs	3.0
4329.742740877112	0.028023799999573384	epochs	3.0
4329.770764677111	0.05551070000001346	epochs	2.0
4329.770764677111	0.027844000000186497	epochs	3.0
4329.798608677112	0.02766669999982696	epochs	3.0
4329.826275377111	0.05481020000024728	epochs	2.0
4329.826275377111	0.02749149999999645	epochs	3.0
4329.853766877111	0.02731870000025083	epochs	3.0
4329.881085577112	0.0541270000003351	epochs	2.0
4329.881085577112	0.02714780000042083	epochs	3.0
4329.908233377112	0.026979199999914272	epochs	3.0
4329.935212577112	0.053460699999959616	epochs	2.0
4329.935212577112	0.026812600000084785	epochs	3.0
4329.962025177112	0.02664809999987483	epochs	3.0
4329.988673277112	0.05281070000000909	epochs	2.0
4329.988673277112	0.026485599999432452	epochs	3.0
4330.015158877111	0.02632510000057664	epochs	3.0
4330.041483977112	0.052176199999848905	epochs	2.0
4330.041483977112	0.026166399999965506	epochs	3.0
4330.067650377112	0.0260097999998834	epochs	3.0
4330.093660177112	0.05155670000021928	epochs	2.0
4330.093660177112	0.02585480000016105	epochs	3.0
4330.119514977112	0.02570190000005823	epochs	3.0
4330.145216877112	0.050951899999745365	epochs	2.0
4330.145216877112	0.025550700000167126	epochs	3.0
4330.170767577112	0.02540119999957824	epochs	3.0
4330.196168777112	0.05036099999961152	epochs	2.0
4330.196168777112	0.025253499999962514	epochs	3.0
4330.221422277112	0.025107499999649008	epochs	3.0
4330.246529777111	0.04978380000011384	epochs	2.0
4330.246529777111	0.02496320000045671	epochs	3.0
4330.271492977112	0.024820599999657134	epochs	3.0
4330.2963135771115	0.0492195000006177	epochs	2.0
4330.2963135771115	0.024679400000422902	epochs	3.0
4330.320992977112	0.024540100000194798	epochs	3.0
4330.345533077112	0.048667899999600195	epochs	2.0
4330.345533077112	0.024402099999861093	epochs	3.0
4330.369935177112	0.0242657999997391	epochs	3.0
4330.394200977112	0.048128600000381994	epochs	2.0
4330.394200977112	0.024131000000124914	epochs	3.0
4330.418331977112	0.02399760000025708	epochs	3.0
4330.442329577112	0.047601100000065344	epochs	2.0
4330.442329577112	0.02386579999983951	epochs	3.0
4330.466195377112	0.023735300000225834	epochs	3.0
4330.489930677112	0.04708499999924243	epochs	2.0
4330.489930677112	0.023606299999300973	epochs	3.0
4330.5135369771115	0.023478699999941455	epochs	3.0
4330.537015677111	0.04658000000017637	epochs	2.0
4330.537015677111	0.02335250000032829	epochs	3.0
4330.560368177112	0.023227499999848078	epochs	3.0
4330.583595677112	0.04608569999982137	epochs	2.0
4330.583595677112	0.02310399999987567	epochs	3.0
4330.6066996771115	0.022981699999945704	epochs	3.0
4330.629681377111	0.04560180000044056	epochs	2.0
4330.629681377111	0.022860700000819634	epochs	3.0
4330.652542077112	0.02274109999962093	epochs	3.0
4330.675283177112	0.045127899999897636	epochs	2.0
4330.675283177112	0.022622499999670254	epochs	3.0
4330.6979056771115	0.022505400000227382	epochs	3.0
4330.720411077112	0.044663800000307674	epochs	2.0
4330.720411077112	0.022389300000213552	epochs	3.0
4330.742800377112	0.022274500000094122	epochs	3.0
4330.765074877112	0.04420919999938633	epochs	2.0
4330.765074877112	0.02216080000016518	epochs	3.0
4330.787235677112	0.022048399999221147	epochs	3.0
4330.809284077111	0.04376360000060231	epochs	2.0
4330.809284077111	0.021936900000582682	epochs	3.0
4330.831220977112	0.021826700000019628	epochs	3.0
4330.853047677112	0.043327100000169594	epochs	2.0
4330.853047677112	0.021717599999647064	epochs	3.0
4330.874765277112	0.02160950000052253	epochs	3.0
4330.896374777112	0.04289900000003399	epochs	2.0
4330.896374777112	0.021502499999769498	epochs	3.0
4330.917877277112	0.021396500000264496	epochs	3.0
4330.939273777112	0.04247949999989942	epochs	2.0
4330.939273777112	0.021291699999892444	epochs	3.0
4330.960565477112	0.021187800000006973	epochs	3.0
4330.981753277112	0.04206789999989269	epochs	2.0
4330.981753277112	0.021084899999550544	epochs	3.0
4331.002838177112	0.020983000000342145	epochs	3.0
4331.023821177112	0.041664399999717716	epochs	2.0
4331.023821177112	0.020882199999505247	epochs	3.0
4331.044703377112	0.02078220000021247	epochs	3.0
4331.065485577112	0.04126850000011473	epochs	2.0
4331.065485577112	0.02068330000020069	epochs	3.0
4331.086168877112	0.02058519999991404	epochs	3.0
4331.106754077112	0.04087999999956082	epochs	2.0
4331.106754077112	0.020488099999965925	epochs	3.0
4331.127242177112	0.020391899999594898	epochs	3.0
4331.147634077111	0.04049880000002304	epochs	2.0
4331.147634077111	0.020296600000619947	epochs	3.0
4331.167930677112	0.020202199999403092	epochs	3.0
4331.1881328771115	0.04012460000012652	epochs	2.0
4331.1881328771115	0.020108700000491808	epochs	3.0
4331.208241577112	0.020015899999634712	epochs	3.0
4331.228257477112	0.03975730000001931	epochs	2.0
4331.228257477112	0.0199241999998776	epochs	3.0
4331.2481816771115	0.019833100000141712	epochs	3.0
4331.268014777112	0.03939669999999751	epochs	2.0
4331.268014777112	0.019742999999834865	epochs	3.0
4331.287757777111	0.019653700000162644	epochs	3.0
4331.307411477112	0.03904240000065329	epochs	2.0
4331.307411477112	0.0195651000003636	epochs	3.0
4331.326976577112	0.019477300000289688	epochs	3.0
4331.346453877112	0.03869459999987157	epochs	2.0
4331.346453877112	0.019390399999792862	epochs	3.0
4331.365844277112	0.01930420000007871	epochs	3.0
4331.385148477112	0.03835290000006353	epochs	2.0
4331.385148477112	0.019218800000089686	epochs	3.0
4331.404367277112	0.01913409999997384	epochs	3.0
4331.423501377112	0.038017199999558215	epochs	2.0
4331.423501377112	0.01905019999958313	epochs	3.0
4331.442551577112	0.018966999999975087	epochs	3.0
4331.461518577112	0.037687199999709264	epochs	2.0
4331.461518577112	0.018884500000240223	epochs	3.0
4331.480403077112	0.01880269999946904	epochs	3.0
4331.4992057771115	0.037363100000220584	epochs	2.0
4331.4992057771115	0.01872170000024198	epochs	3.0
4331.517927477112	0.018641399999978603	epochs	3.0
4331.536568877112	0.037044300000161456	epochs	2.0
4331.536568877112	0.018561599999884493	epochs	3.0
4331.555130477112	0.018482700000276964	epochs	3.0
4331.573613177112	0.036731000000145286	epochs	2.0
4331.573613177112	0.018404299999929208	epochs	3.0
4331.592017477112	0.01832670000021608	epochs	3.0
4331.610344177112	0.036422899999706715	epochs	2.0
4331.610344177112	0.018249599999762722	epochs	3.0
4331.628593777112	0.018173299999943993	epochs	3.0
4331.646767077112	0.036120100000516686	epochs	2.0
4331.646767077112	0.018097600000146485	epochs	3.0
4331.664864677112	0.0180225000003702	epochs	3.0
4331.682887177112	0.03582209999967745	epochs	2.0
4331.682887177112	0.01794789999985369	epochs	3.0
4331.700835077112	0.01787419999982376	epochs	3.0
4331.718709277112	0.03552899999976944	epochs	2.0
4331.718709277112	0.017800800000259187	epochs	3.0
4331.736510077112	0.017728199999510252	epochs	3.0
4331.754238277112	0.03524070000003121	epochs	2.0
4331.754238277112	0.01765609999984008	epochs	3.0
4331.7718943771115	0.01758460000019113	epochs	3.0
4331.789478977112	0.03495709999970131	epochs	2.0
4331.789478977112	0.017513700000563404	epochs	3.0
4331.806992677112	0.01744339999913791	epochs	3.0
4331.824436077111	0.03467790000013338	epochs	2.0
4331.824436077111	0.017373600000610168	epochs	3.0
4331.841809677112	0.01730429999952321	epochs	3.0
4331.8591139771115	0.03440330000012182	epochs	2.0
4331.8591139771115	0.017235700000128418	epochs	3.0
4331.876349677112	0.0171675999999934	epochs	3.0
4331.893517277112	0.03413280000040686	epochs	2.0
4331.893517277112	0.017099900000175694	epochs	3.0
4331.910617177112	0.017032900000231166	epochs	3.0
4331.927650077112	0.033866699999634875	epochs	2.0
4331.927650077112	0.01696639999954641	epochs	3.0
4331.944616477112	0.016900300000088464	epochs	3.0
4331.961516777112	0.03360460000021703	epochs	2.0
4331.961516777112	0.016834799999742245	epochs	3.0
4331.978351577111	0.016769800000474788	epochs	3.0
4331.995121377112	0.0333466000001863	epochs	2.0
4331.995121377112	0.01670529999955761	epochs	3.0
4332.0118266771115	0.01664130000062869	epochs	3.0
4332.028467977112	0.033092499999838765	epochs	2.0
4332.028467977112	0.016577800000050047	epochs	3.0
4332.045045777112	0.016514699999788718	epochs	3.0
4332.061560477112	0.032842300000083924	epochs	2.0
4332.061560477112	0.01645219999954861	epochs	3.0
4332.0780126771115	0.016390100000535313	epochs	3.0
4332.094402777112	0.03259569999954692	epochs	2.0
4332.094402777112	0.016328400000020338	epochs	3.0
4332.110731177112	0.016267299999526585	epochs	3.0
4332.126998477112	0.032352900000660156	epochs	2.0
4332.126998477112	0.01620660000025964	epochs	3.0
4332.143205077112	0.016146300000400515	epochs	3.0
4332.159351377112	0.03211369999917224	epochs	2.0
4332.159351377112	0.016086599999653117	epochs	3.0
4332.175437977112	0.016027099999519123	epochs	3.0
4332.191465077111	0.03187800000068819	epochs	2.0
4332.191465077111	0.015968200000315846	epochs	3.0
4332.207433277112	0.015909800000372343	epochs	3.0
4332.223343077112	0.03164569999989908	epochs	2.0
4332.223343077112	0.01585160000013275	epochs	3.0
4332.239194677112	0.01579409999976633	epochs	3.0
4332.254988777112	0.03141669999968144	epochs	2.0
4332.254988777112	0.015736700000161363	epochs	3.0
4332.270725477112	0.015679999999520078	epochs	3.0
4332.286405477112	0.03119109999988723	epochs	2.0
4332.286405477112	0.015623600000253646	epochs	3.0
4332.302029077112	0.015567499999633583	epochs	3.0
4332.3175965771115	0.030968699999903038	epochs	2.0
4332.3175965771115	0.015511999999944237	epochs	3.0
4332.3331085771115	0.0154566999999588	epochs	3.0
4332.348565277111	0.030749500000638363	epochs	2.0
4332.348565277111	0.015401999999994587	epochs	3.0
4332.363967277111	0.015347500000643777	epochs	3.0
4332.379314777112	0.030533199999808858	epochs	2.0
4332.379314777112	0.01529339999979129	epochs	3.0
4332.394608177112	0.015239800000017567	epochs	3.0
4332.409847977112	0.03032009999969887	epochs	2.0
4332.409847977112	0.015186499999799707	epochs	3.0
4332.425034477112	0.015133599999899161	epochs	3.0
4332.440168077112	0.030109899999843037	epochs	2.0
4332.440168077112	0.015081000000463973	epochs	3.0
4332.455249077112	0.015028899999379064	epochs	3.0
4332.470277977111	0.02990250000038941	epochs	2.0
4332.470277977111	0.014977000000726548	epochs	3.0
4332.485254977112	0.014925499999662861	epochs	3.0
4332.500180477112	0.0296981000001324	epochs	2.0
4332.500180477112	0.014874399999825982	epochs	3.0
4332.515054877112	0.014823700000306417	epochs	3.0
4332.529878577112	0.02949629999966419	epochs	2.0
4332.529878577112	0.014773199999581266	epochs	3.0
4332.5446517771115	0.014723100000082923	epochs	3.0
4332.559374877112	0.02929740000035963	epochs	2.0
4332.559374877112	0.014673399999992398	epochs	3.0
4332.574048277112	0.014624000000367232	epochs	3.0
4332.588672277112	0.029101099999934377	epochs	2.0
4332.588672277112	0.014574899999388435	epochs	3.0
4332.603247177111	0.014526200000545941	epochs	3.0
4332.617773377112	0.028907400000207417	epochs	2.0
4332.617773377112	0.014477699999588367	epochs	3.0
4332.6322510771115	0.01442970000061905	epochs	3.0
4332.646680777112	0.028716199999507808	epochs	2.0
4332.646680777112	0.014381799999682698	epochs	3.0
4332.661062577112	0.01433439999982511	epochs	3.0
4332.675396977112	0.028527600000415987	epochs	2.0
4332.675396977112	0.014287200000580924	epochs	3.0
4332.689684177112	0.014240399999835063	epochs	3.0
4332.703924577112	0.028341399999590067	epochs	2.0
4332.703924577112	0.014193799999702605	epochs	3.0
4332.718118377112	0.014147599999887461	epochs	3.0
4332.732265977112	0.02815770000051998	epochs	2.0
4332.732265977112	0.014101700000537676	epochs	3.0
4332.746367677112	0.014055999999982305	epochs	3.0
4332.760423677112	0.02797629999986384	epochs	2.0
4332.760423677112	0.014010599999892293	epochs	3.0
4332.774434277112	0.013965699999971548	epochs	3.0
4332.788399977112	0.027797199999440636	epochs	2.0
4332.788399977112	0.013920800000050804	epochs	3.0
4332.802320777112	0.013876399999389832	epochs	3.0
4332.8161971771115	0.02762040000015986	epochs	2.0
4332.8161971771115	0.01383220000025176	epochs	3.0
4332.830029377112	0.013788199999908102	epochs	3.0
4332.843817577112	0.027445900000202528	epochs	2.0
4332.843817577112	0.013744599999881757	epochs	3.0
4332.8575621771115	0.01370130000032077	epochs	3.0
4332.871263477112	0.027273499999864725	epochs	2.0
4332.871263477112	0.0136581999995542	epochs	3.0
4332.884921677111	0.013615300000310526	epochs	3.0
4332.898536977112	0.02710339999975986	epochs	2.0
4332.898536977112	0.013572800000474672	epochs	3.0
4332.912109777112	0.013530599999285187	epochs	3.0
4332.925640377111	0.02693520000048011	epochs	2.0
4332.925640377111	0.01348839999991469	epochs	3.0
4332.939128777111	0.013446800000565418	epochs	3.0
4332.952575577112	0.02676919999976235	epochs	2.0
4332.952575577112	0.01340520000030665	epochs	3.0
4332.965980777112	0.0133639999994557	epochs	3.0
4332.979344777112	0.026605199999721663	epochs	2.0
4332.979344777112	0.013322900000275695	epochs	3.0
4332.992667677112	0.013282299999445968	epochs	3.0
4333.005949977111	0.026443200000358047	epochs	2.0
4333.005949977111	0.01324170000043523	epochs	3.0
4333.019191677112	0.013201499999922817	epochs	3.0
4333.032393177112	0.026283199999852513	epochs	2.0
4333.032393177112	0.013161500000023807	epochs	3.0
4333.045554677112	0.013121699999828706	epochs	3.0
4333.058676377112	0.026125000000320142	epochs	2.0
4333.058676377112	0.01308210000024701	epochs	3.0
4333.071758477112	0.013042900000073132	epochs	3.0
4333.084801377112	0.025968899999497808	epochs	2.0
4333.084801377112	0.013003899999603163	epochs	3.0
4333.097805277112	0.012964999999894644	epochs	3.0
4333.110770277111	0.025814500000706175	epochs	2.0
4333.110770277111	0.012926400000651483	epochs	3.0
4333.123696677112	0.012888100000054692	epochs	3.0
4333.136584777112	0.025661899999249727	epochs	2.0
4333.136584777112	0.012849899999309855	epochs	3.0
4333.1494346771115	0.012811999999939871	epochs	3.0
4333.162246677111	0.025511200000437384	epochs	2.0
4333.162246677111	0.012774400000125752	epochs	3.0
4333.1750210771115	0.012736800000311632	epochs	3.0
4333.187757877112	0.02536229999986972	epochs	2.0
4333.187757877112	0.012699699999757286	epochs	3.0
4333.200457577112	0.012662600000112434	epochs	3.0
4333.213120177112	0.025214999999661813	epochs	2.0
4333.213120177112	0.012625800000023446	epochs	3.0
4333.225745977112	0.012589199999638367	epochs	3.0
4333.238335177111	0.024584800000411633	epochs	2.0
4333.261733977111	0.5	epochs	-1.0
4333.262919977112	0.999920000000202	epochs	1.0
4333.761733977111	0.5	epochs	-1.0
4334.831999778748	0.16391999999996187	epochs	0.0
4334.831999778748	0.07696039999973436	epochs	1.0
4334.908960178747	0.009999200000493147	epochs	1.0
4334.918959378748	0.07696039999973436	epochs	1.0
4334.9959197787475	2.0	epochs	0.0
4336.9959197787475	0.5553600000002916	epochs	0.0
4336.9959197787475	0.5553600000002916	epochs	1.0
4336.995933778748	0.5	epochs	-1.0
4337.495933778748	0.05534600000009959	epochs	-1.0
4337.551279778748	21.44455999999991	epochs	0.0
4338.668999671936	0.16391999999996187	epochs	0.0
4338.668999671936	0.07696039999973436	epochs	1.0
4338.745960071936	0.009999200000493147	epochs	1.0
4338.755959271936	0.07696039999973436	epochs	1.0
4338.832919671936	2.0	epochs	0.0
4340.832919671936	21.51568000000043	epochs	0.0
4340.832919671936	1.0	epochs	1.0
4340.832933671936	0.5	epochs	-1.0
4341.332933671936	19.99879999999939	epochs	-1.0
4341.832919671936	20.0	epochs	1.0
4341.832919671936	4.356753899999603	epochs	-1.0
4341.832919671936	1.9745872000003146	epochs	2.0
4341.832919671936	1.098562199999833	epochs	3.0
4342.931481871936	0.8760250000004817	epochs	3.0
4343.807506871936	1.3524074999995719	epochs	2.0
4343.807506871936	0.7286354999996547	epochs	3.0
4344.536142371936	0.6237719999999172	epochs	3.0
4345.159914371936	1.0297591999997167	epochs	2.0
4345.159914371936	0.5453293000000485	epochs	3.0
4345.705243671936	0.4844298999996681	epochs	3.0
4346.189673571936	0.8317862000003515	epochs	2.0
4346.189673571936	0.4357763000007253	epochs	3.0
4346.625449871936	0.3960098999996262	epochs	3.0
4347.021459771936	0.6977969999998095	epochs	2.0
4347.021459771936	0.3628982000000178	epochs	3.0
4347.384357971936	0.33489879999979166	epochs	3.0
4347.719256771936	0.6010457000002134	epochs	2.0
4347.719256771936	0.31091230000038195	epochs	3.0
4348.030169071936	0.29013339999983145	epochs	3.0
4348.320302471936	0.5278859000000011	epochs	2.0
4348.320302471936	0.27195860000028915	epochs	3.0
4348.592261071936	0.255927299999712	epochs	3.0
4348.848188371936	0.4706193000001804	epochs	2.0
4348.848188371936	0.241681299999982	epochs	3.0
4349.089869671936	0.22893800000019837	epochs	3.0
4349.318807671936	0.4245703999995385	epochs	2.0
4349.318807671936	0.21747140000024956	epochs	3.0
4349.536279071936	0.20709899999928894	epochs	3.0
4349.743378071936	0.38673540000036155	epochs	2.0
4349.743378071936	0.19767110000066168	epochs	3.0
4349.941049171936	0.18906429999969987	epochs	3.0
4350.130113471936	0.3550953000003574	epochs	2.0
4350.130113471936	0.18117590000019845	epochs	3.0
4350.311289371936	0.17391940000015893	epochs	3.0
4350.485208771936	0.3282430999997814	epochs	2.0
4350.485208771936	0.1672218999992765	epochs	3.0
4350.652430671936	0.1610212000005049	epochs	3.0
4350.813451871936	0.3051679999998669	epochs	2.0
4350.813451871936	0.15526390000013635	epochs	3.0
4350.968715771936	0.14990409999973053	epochs	3.0
4351.118619871936	0.28512529999989056	epochs	2.0
4351.118619871936	0.14490209999985382	epochs	3.0
4351.263521971936	0.14022320000003674	epochs	3.0
4351.403745171936	0.26755380000031437	epochs	2.0
4351.403745171936	0.1358368999999584	epochs	3.0
4351.539582071936	0.13171690000035596	epochs	3.0
4351.671298971936	0.25202290000015637	epochs	2.0
4351.671298971936	0.12783929999932298	epochs	3.0
4351.799138271936	0.1241836000008334	epochs	3.0
4351.923321871936	0.23819649999950343	epochs	2.0
4351.923321871936	0.1207310999998299	epochs	3.0
4352.044052971936	0.11746539999967354	epochs	3.0
4352.161518371936	0.22580879999986792	epochs	2.0
4352.161518371936	0.11437190000015107	epochs	3.0
4352.275890271936	0.11143689999971684	epochs	3.0
4352.387327171936	0.21464600000035716	epochs	2.0
4352.387327171936	0.10864889999993466	epochs	3.0
4352.495976071936	0.1059971000004225	epochs	3.0
4352.601973171936	0.2045349999998507	epochs	2.0
4352.601973171936	0.10347149999961403	epochs	3.0
4352.705444671936	0.10106350000023667	epochs	3.0
4352.806508171936	0.19533400000000256	epochs	2.0
4352.806508171936	0.09876509999958216	epochs	3.0
4352.905273271936	0.0965689000004204	epochs	3.0
4353.001842171936	0.18692530000043917	epochs	2.0
4353.001842171936	0.09446829999978945	epochs	3.0
4353.096310471936	0.09245700000064971	epochs	3.0
4353.188767471936	0.17921069999920292	epochs	2.0
4353.188767471936	0.0905295999991722	epochs	3.0
4353.279297071936	0.08868110000003071	epochs	3.0
4353.367978171936	0.17210770000019693	epochs	2.0
4353.367978171936	0.08690630000000965	epochs	3.0
4353.454884471936	0.08520140000018728	epochs	3.0
4353.540085871936	0.16554640000049403	epochs	2.0
4353.540085871936	0.08356189999994967	epochs	3.0
4353.623647771936	0.08198450000054436	epochs	3.0
4353.705632271936	0.15946709999934683	epochs	2.0
4353.705632271936	0.0804653999994116	epochs	3.0
4353.786097671936	0.07900169999993523	epochs	3.0
4353.865099371936	0.15381840000009106	epochs	2.0
4353.865099371936	0.07759010000063427	epochs	3.0
4353.942689471936	0.0762282999994568	epochs	3.0
4354.018917771936	0.14855640000041603	epochs	2.0
4354.018917771936	0.07491329999993468	epochs	3.0
4354.093831071936	0.07364310000048135	epochs	3.0
4354.167474171936	0.14364239999940764	epochs	2.0
4354.167474171936	0.07241499999963708	epochs	3.0
4354.239889171936	0.07122739999977057	epochs	3.0
4354.311116571936	0.13904310000089026	epochs	2.0
4354.311116571936	0.0700780000006489	epochs	3.0
4354.381194571936	0.06896510000024136	epochs	3.0
4354.4501596719365	0.13472929999988992	epochs	2.0
4354.4501596719365	0.0678870999990977	epochs	3.0
4354.518046771936	0.06684220000079222	epochs	3.0
4354.584888971936	0.1306752000000415	epochs	2.0
4354.584888971936	0.06582909999997355	epochs	3.0
4354.650718071936	0.06484610000006796	epochs	3.0
4354.715564171936	0.1268577999999252	epochs	2.0
4354.715564171936	0.06389199999921402	epochs	3.0
4354.779456171936	0.06296580000071117	epochs	3.0
4354.842421971936	0.12325719999989815	epochs	2.0
4354.842421971936	0.06206579999980022	epochs	3.0
4354.904487771936	0.06119140000009793	epochs	3.0
4354.965679171936	0.1198554000002332	epochs	2.0
4354.965679171936	0.060341100000187	epochs	3.0
4355.026020271936	0.059514300000046205	epochs	3.0
4355.0855345719365	0.11663619999944785	epochs	2.0
4355.0855345719365	0.058709599999929196	epochs	3.0
4355.144244171936	0.05792659999951866	epochs	3.0
4355.202170771936	0.11358560000007856	epochs	2.0
4355.202170771936	0.05716420000044309	epochs	3.0
4355.259334971936	0.05642139999963547	epochs	3.0
4355.315756371936	0.11069049999969138	epochs	2.0
4355.315756371936	0.05569790000026842	epochs	3.0
4355.371454271936	0.054992599999422964	epochs	3.0
4355.426446871936	0.10793910000029427	epochs	2.0
4355.426446871936	0.05430490000071586	epochs	3.0
4355.480751771936	0.053634199999578414	epochs	3.0
4355.534385971936	0.10532150000017282	epochs	2.0
4355.534385971936	0.05298000000038883	epochs	3.0
4355.587365971936	0.05234149999978399	epochs	3.0
4355.639707471936	0.10282759999972768	epochs	2.0
4355.639707471936	0.05171809999956167	epochs	3.0
4355.691425571936	0.05110950000016601	epochs	3.0
4355.742535071936	0.10044910000033269	epochs	2.0
4355.742535071936	0.050514900000052876	epochs	3.0
4355.793049971936	0.049934200000279816	epochs	3.0
4355.842984171936	0.09817829999974492	epochs	2.0
4355.842984171936	0.0493666000002122	epochs	3.0
4355.892350771936	0.04881169999953272	epochs	3.0
4355.941162471936	0.09600779999982478	epochs	2.0
4355.941162471936	0.0482692000005045	epochs	3.0
4355.9894316719365	0.047738599999320286	epochs	3.0
4356.037170271936	0.09393120000004274	epochs	2.0
4356.037170271936	0.047219500000210246	epochs	3.0
4356.084389771936	0.04671169999983249	epochs	3.0
4356.131101471936	0.09194260000003851	epochs	2.0
4356.131101471936	0.046214599999984785	epochs	3.0
4356.177316071936	0.045728000000053726	epochs	3.0
4356.223044071936	0.09003630000006524	epochs	2.0
4356.223044071936	0.045251499999722	epochs	3.0
4356.268295571936	0.04478480000034324	epochs	3.0
4356.313080371936	0.0882075999998051	epochs	2.0
4356.313080371936	0.0443278000002465	epochs	3.0
4356.357408171936	0.0438797999995586	epochs	3.0
4356.401287971936	0.0864516999999978	epochs	2.0
4356.401287971936	0.04344100000071194	epochs	3.0
4356.4447289719365	0.04301069999928586	epochs	3.0
4356.487739671936	0.08476430000064283	epochs	2.0
4356.487739671936	0.042589000000589294	epochs	3.0
4356.530328671936	0.04217530000005354	epochs	3.0
4356.572503971936	0.08314149999932852	epochs	2.0
4356.572503971936	0.04176969999934954	epochs	3.0
4356.614273671936	0.041371799999978975	epochs	3.0
4356.655645471936	0.08157970000047499	epochs	2.0
4356.655645471936	0.040981400000418944	epochs	3.0
4356.696626871936	0.04059830000005604	epochs	3.0
4356.737225171936	0.08007550000002084	epochs	2.0
4356.737225171936	0.040222300000095856	epochs	3.0
4356.777447471936	0.03985319999992498	epochs	3.0
4356.817300671936	0.07862569999997504	epochs	2.0
4356.817300671936	0.03949079999983951	epochs	3.0
4356.856791471936	0.03913490000013553	epochs	3.0
4356.895926371936	0.07722759999978734	epochs	2.0
4356.895926371936	0.038785400000051595	epochs	3.0
4356.934711771936	0.03844219999973575	epochs	3.0
4356.973153971936	0.07587820000026113	epochs	2.0
4356.973153971936	0.03810479999992822	epochs	3.0
4357.011258771936	0.03777340000033291	epochs	3.0
4357.049032171936	0.07457520000025397	epochs	2.0
4357.049032171936	0.03744769999957498	epochs	3.0
4357.086479871936	0.03712750000067899	epochs	3.0
4357.1236073719365	0.07331629999953293	epochs	2.0
4357.1236073719365	0.03681289999985893	epochs	3.0
4357.160420271936	0.036503399999674	epochs	3.0
4357.196923671936	0.07209899999998015	epochs	2.0
4357.196923671936	0.03619909999997617	epochs	3.0
4357.233122771936	0.03589990000000398	epochs	3.0
4357.269022671936	0.07092170000032638	epochs	2.0
4357.269022671936	0.03560560000005353	epochs	3.0
4357.304628271936	0.035316100000272854	epochs	3.0
4357.339944371936	0.06978199999957724	epochs	2.0
4357.339944371936	0.03503120000004856	epochs	3.0
4357.374975571936	0.03475079999952868	epochs	3.0
4357.409726371936	0.0686786000005668	epochs	2.0
4357.409726371936	0.034475100000236125	epochs	3.0
4357.444201471936	0.03420350000033068	epochs	3.0
4357.4784049719365	0.06760929999927612	epochs	2.0
4357.4784049719365	0.03393619999951625	epochs	3.0
4357.512341171936	0.03367309999975987	epochs	3.0
4357.546014271936	0.06657290000021021	epochs	2.0
4357.546014271936	0.03341400000044814	epochs	3.0
4357.579428271936	0.03315889999976207	epochs	3.0
4357.612587171936	0.06556780000028084	epochs	2.0
4357.612587171936	0.032907699999668694	epochs	3.0
4357.645494871936	0.03266010000061215	epochs	3.0
4357.678154971936	0.06459259999974165	epochs	2.0
4357.678154971936	0.03241639999941981	epochs	3.0
4357.710571371936	0.03217620000032184	epochs	3.0
4357.742747571936	0.06364599999960774	epochs	2.0
4357.742747571936	0.031939600000441715	epochs	3.0
4357.774687171936	0.031706399999166024	epochs	3.0
4357.806393571936	0.0627267000008942	epochs	2.0
4357.806393571936	0.03147660000013275	epochs	3.0
4357.837870171936	0.03125010000076145	epochs	3.0
4357.8691202719365	0.06183359999977256	epochs	2.0
4357.8691202719365	0.031026899999233137	epochs	3.0
4357.900147171936	0.030806700000539422	epochs	3.0
4357.930953871936	0.06096559999969031	epochs	2.0
4357.930953871936	0.030589799999688694	epochs	3.0
4357.961543671936	0.030375800000001618	epochs	3.0
4357.991919471936	0.060121600000456965	epochs	2.0
4357.991919471936	0.03016490000027261	epochs	3.0
4358.022084371936	0.029956700000184355	epochs	3.0
4358.052041071936	0.05930069999976695	epochs	2.0
4358.052041071936	0.029751600000054168	epochs	3.0
4358.0817926719365	0.02954909999971278	epochs	3.0
4358.111341771936	0.058501800000158255	epochs	2.0
4358.111341771936	0.029349399999773595	epochs	3.0
4358.140691171936	0.02915240000038466	epochs	3.0
4358.169843571936	0.05772419999993872	epochs	2.0
4358.169843571936	0.028957999999875028	epochs	3.0
4358.198801571936	0.02876620000006369	epochs	3.0
4358.227567771936	0.05696709999938321	epochs	2.0
4358.227567771936	0.028577000000041153	epochs	3.0
4358.256144771936	0.028390099999342056	epochs	3.0
4358.284534871936	0.05622949999997218	epochs	2.0
4358.284534871936	0.028205700000398792	epochs	3.0
4358.312740571936	0.028023799999573384	epochs	3.0
4358.340764371936	0.05551070000001346	epochs	2.0
4358.340764371936	0.027844000000186497	epochs	3.0
4358.368608371936	0.02766669999982696	epochs	3.0
4358.396275071936	0.05481020000024728	epochs	2.0
4358.396275071936	0.02749149999999645	epochs	3.0
4358.423766571936	0.02731870000025083	epochs	3.0
4358.451085271936	0.0541270000003351	epochs	2.0
4358.451085271936	0.02714780000042083	epochs	3.0
4358.478233071936	0.026979199999914272	epochs	3.0
4358.505212271936	0.053460699999959616	epochs	2.0
4358.505212271936	0.026812600000084785	epochs	3.0
4358.532024871936	0.02664809999987483	epochs	3.0
4358.558672971936	0.05281070000000909	epochs	2.0
4358.558672971936	0.026485599999432452	epochs	3.0
4358.585158571936	0.02632510000057664	epochs	3.0
4358.611483671936	0.052176199999848905	epochs	2.0
4358.611483671936	0.026166399999965506	epochs	3.0
4358.637650071936	0.0260097999998834	epochs	3.0
4358.663659871936	0.05155670000021928	epochs	2.0
4358.663659871936	0.02585480000016105	epochs	3.0
4358.689514671936	0.02570190000005823	epochs	3.0
4358.715216571936	0.050951899999745365	epochs	2.0
4358.715216571936	0.025550700000167126	epochs	3.0
4358.740767271936	0.02540119999957824	epochs	3.0
4358.766168471936	0.05036099999961152	epochs	2.0
4358.766168471936	0.025253499999962514	epochs	3.0
4358.791421971936	0.025107499999649008	epochs	3.0
4358.816529471936	0.04978380000011384	epochs	2.0
4358.816529471936	0.02496320000045671	epochs	3.0
4358.841492671936	0.024820599999657134	epochs	3.0
4358.866313271936	0.0492195000006177	epochs	2.0
4358.866313271936	0.024679400000422902	epochs	3.0
4358.890992671936	0.024540100000194798	epochs	3.0
4358.915532771936	0.048667899999600195	epochs	2.0
4358.915532771936	0.024402099999861093	epochs	3.0
4358.939934871936	0.0242657999997391	epochs	3.0
4358.964200671936	0.048128600000381994	epochs	2.0
4358.964200671936	0.024131000000124914	epochs	3.0
4358.988331671936	0.02399760000025708	epochs	3.0
4359.012329271936	0.047601100000065344	epochs	2.0
4359.012329271936	0.02386579999983951	epochs	3.0
4359.036195071936	0.023735300000225834	epochs	3.0
4359.059930371936	0.04708499999924243	epochs	2.0
4359.059930371936	0.023606299999300973	epochs	3.0
4359.083536671936	0.023478699999941455	epochs	3.0
4359.107015371936	0.04658000000017637	epochs	2.0
4359.107015371936	0.02335250000032829	epochs	3.0
4359.130367871936	0.023227499999848078	epochs	3.0
4359.153595371936	0.04608569999982137	epochs	2.0
4359.153595371936	0.02310399999987567	epochs	3.0
4359.176699371936	0.022981699999945704	epochs	3.0
4359.199681071936	0.04560180000044056	epochs	2.0
4359.199681071936	0.022860700000819634	epochs	3.0
4359.222541771936	0.02274109999962093	epochs	3.0
4359.245282871936	0.045127899999897636	epochs	2.0
4359.245282871936	0.022622499999670254	epochs	3.0
4359.267905371936	0.022505400000227382	epochs	3.0
4359.290410771936	0.044663800000307674	epochs	2.0
4359.290410771936	0.022389300000213552	epochs	3.0
4359.312800071936	0.022274500000094122	epochs	3.0
4359.335074571936	0.04420919999938633	epochs	2.0
4359.335074571936	0.02216080000016518	epochs	3.0
4359.357235371936	0.022048399999221147	epochs	3.0
4359.379283771936	0.04376360000060231	epochs	2.0
4359.379283771936	0.021936900000582682	epochs	3.0
4359.401220671936	0.021826700000019628	epochs	3.0
4359.423047371936	0.043327100000169594	epochs	2.0
4359.423047371936	0.021717599999647064	epochs	3.0
4359.444764971936	0.02160950000052253	epochs	3.0
4359.466374471936	0.04289900000003399	epochs	2.0
4359.466374471936	0.021502499999769498	epochs	3.0
4359.487876971936	0.021396500000264496	epochs	3.0
4359.5092734719365	0.04247949999989942	epochs	2.0
4359.5092734719365	0.021291699999892444	epochs	3.0
4359.530565171936	0.021187800000006973	epochs	3.0
4359.551752971936	0.04206789999989269	epochs	2.0
4359.551752971936	0.021084899999550544	epochs	3.0
4359.572837871936	0.020983000000342145	epochs	3.0
4359.593820871936	0.041664399999717716	epochs	2.0
4359.593820871936	0.020882199999505247	epochs	3.0
4359.614703071936	0.02078220000021247	epochs	3.0
4359.635485271936	0.04126850000011473	epochs	2.0
4359.635485271936	0.02068330000020069	epochs	3.0
4359.656168571936	0.02058519999991404	epochs	3.0
4359.676753771936	0.04087999999956082	epochs	2.0
4359.676753771936	0.020488099999965925	epochs	3.0
4359.697241871936	0.020391899999594898	epochs	3.0
4359.717633771936	0.04049880000002304	epochs	2.0
4359.717633771936	0.020296600000619947	epochs	3.0
4359.737930371936	0.020202199999403092	epochs	3.0
4359.758132571936	0.04012460000012652	epochs	2.0
4359.758132571936	0.020108700000491808	epochs	3.0
4359.778241271936	0.020015899999634712	epochs	3.0
4359.798257171936	0.03975730000001931	epochs	2.0
4359.798257171936	0.0199241999998776	epochs	3.0
4359.818181371936	0.019833100000141712	epochs	3.0
4359.838014471936	0.03939669999999751	epochs	2.0
4359.838014471936	0.019742999999834865	epochs	3.0
4359.857757471936	0.019653700000162644	epochs	3.0
4359.877411171936	0.03904240000065329	epochs	2.0
4359.877411171936	0.0195651000003636	epochs	3.0
4359.896976271936	0.019477300000289688	epochs	3.0
4359.9164535719365	0.03869459999987157	epochs	2.0
4359.9164535719365	0.019390399999792862	epochs	3.0
4359.935843971936	0.01930420000007871	epochs	3.0
4359.955148171936	0.03835290000006353	epochs	2.0
4359.955148171936	0.019218800000089686	epochs	3.0
4359.974366971936	0.01913409999997384	epochs	3.0
4359.993501071936	0.038017199999558215	epochs	2.0
4359.993501071936	0.01905019999958313	epochs	3.0
4360.012551271936	0.018966999999975087	epochs	3.0
4360.031518271936	0.037687199999709264	epochs	2.0
4360.031518271936	0.018884500000240223	epochs	3.0
4360.050402771936	0.01880269999946904	epochs	3.0
4360.069205471936	0.037363100000220584	epochs	2.0
4360.069205471936	0.01872170000024198	epochs	3.0
4360.087927171936	0.018641399999978603	epochs	3.0
4360.106568571936	0.037044300000161456	epochs	2.0
4360.106568571936	0.018561599999884493	epochs	3.0
4360.125130171936	0.018482700000276964	epochs	3.0
4360.143612871936	0.036731000000145286	epochs	2.0
4360.143612871936	0.018404299999929208	epochs	3.0
4360.162017171936	0.01832670000021608	epochs	3.0
4360.180343871936	0.036422899999706715	epochs	2.0
4360.180343871936	0.018249599999762722	epochs	3.0
4360.198593471936	0.018173299999943993	epochs	3.0
4360.216766771936	0.036120100000516686	epochs	2.0
4360.216766771936	0.018097600000146485	epochs	3.0
4360.234864371936	0.0180225000003702	epochs	3.0
4360.252886871936	0.03582209999967745	epochs	2.0
4360.252886871936	0.01794789999985369	epochs	3.0
4360.270834771936	0.01787419999982376	epochs	3.0
4360.288708971936	0.03552899999976944	epochs	2.0
4360.288708971936	0.017800800000259187	epochs	3.0
4360.306509771936	0.017728199999510252	epochs	3.0
4360.324237971936	0.03524070000003121	epochs	2.0
4360.324237971936	0.01765609999984008	epochs	3.0
4360.341894071936	0.01758460000019113	epochs	3.0
4360.359478671936	0.03495709999970131	epochs	2.0
4360.359478671936	0.017513700000563404	epochs	3.0
4360.3769923719365	0.01744339999913791	epochs	3.0
4360.394435771936	0.03467790000013338	epochs	2.0
4360.394435771936	0.017373600000610168	epochs	3.0
4360.411809371936	0.01730429999952321	epochs	3.0
4360.429113671936	0.03440330000012182	epochs	2.0
4360.429113671936	0.017235700000128418	epochs	3.0
4360.446349371936	0.0171675999999934	epochs	3.0
4360.463516971936	0.03413280000040686	epochs	2.0
4360.463516971936	0.017099900000175694	epochs	3.0
4360.480616871936	0.017032900000231166	epochs	3.0
4360.497649771936	0.033866699999634875	epochs	2.0
4360.497649771936	0.01696639999954641	epochs	3.0
4360.514616171936	0.016900300000088464	epochs	3.0
4360.531516471936	0.03360460000021703	epochs	2.0
4360.531516471936	0.016834799999742245	epochs	3.0
4360.548351271936	0.016769800000474788	epochs	3.0
4360.565121071936	0.0333466000001863	epochs	2.0
4360.565121071936	0.01670529999955761	epochs	3.0
4360.581826371936	0.01664130000062869	epochs	3.0
4360.598467671936	0.033092499999838765	epochs	2.0
4360.598467671936	0.016577800000050047	epochs	3.0
4360.615045471936	0.016514699999788718	epochs	3.0
4360.631560171936	0.032842300000083924	epochs	2.0
4360.631560171936	0.01645219999954861	epochs	3.0
4360.648012371936	0.016390100000535313	epochs	3.0
4360.664402471936	0.03259569999954692	epochs	2.0
4360.664402471936	0.016328400000020338	epochs	3.0
4360.680730871936	0.016267299999526585	epochs	3.0
4360.696998171936	0.032352900000660156	epochs	2.0
4360.696998171936	0.01620660000025964	epochs	3.0
4360.713204771936	0.016146300000400515	epochs	3.0
4360.729351071936	0.03211369999917224	epochs	2.0
4360.729351071936	0.016086599999653117	epochs	3.0
4360.745437671936	0.016027099999519123	epochs	3.0
4360.761464771936	0.03187800000068819	epochs	2.0
4360.761464771936	0.015968200000315846	epochs	3.0
4360.777432971936	0.015909800000372343	epochs	3.0
4360.793342771936	0.03164569999989908	epochs	2.0
4360.793342771936	0.01585160000013275	epochs	3.0
4360.809194371936	0.01579409999976633	epochs	3.0
4360.824988471936	0.03141669999968144	epochs	2.0
4360.824988471936	0.015736700000161363	epochs	3.0
4360.840725171936	0.015679999999520078	epochs	3.0
4360.856405171936	0.03119109999988723	epochs	2.0
4360.856405171936	0.015623600000253646	epochs	3.0
4360.872028771936	0.015567499999633583	epochs	3.0
4360.887596271936	0.030968699999903038	epochs	2.0
4360.887596271936	0.015511999999944237	epochs	3.0
4360.903108271936	0.0154566999999588	epochs	3.0
4360.918564971936	0.030749500000638363	epochs	2.0
4360.918564971936	0.015401999999994587	epochs	3.0
4360.933966971936	0.015347500000643777	epochs	3.0
4360.949314471936	0.030533199999808858	epochs	2.0
4360.949314471936	0.01529339999979129	epochs	3.0
4360.964607871936	0.015239800000017567	epochs	3.0
4360.979847671936	0.03032009999969887	epochs	2.0
4360.979847671936	0.015186499999799707	epochs	3.0
4360.995034171936	0.015133599999899161	epochs	3.0
4361.010167771936	0.030109899999843037	epochs	2.0
4361.010167771936	0.015081000000463973	epochs	3.0
4361.025248771936	0.015028899999379064	epochs	3.0
4361.040277671936	0.02990250000038941	epochs	2.0
4361.040277671936	0.014977000000726548	epochs	3.0
4361.055254671936	0.014925499999662861	epochs	3.0
4361.070180171936	0.0296981000001324	epochs	2.0
4361.070180171936	0.014874399999825982	epochs	3.0
4361.085054571936	0.014823700000306417	epochs	3.0
4361.099878271936	0.02949629999966419	epochs	2.0
4361.099878271936	0.014773199999581266	epochs	3.0
4361.114651471936	0.014723100000082923	epochs	3.0
4361.129374571936	0.02929740000035963	epochs	2.0
4361.129374571936	0.014673399999992398	epochs	3.0
4361.144047971936	0.014624000000367232	epochs	3.0
4361.158671971936	0.029101099999934377	epochs	2.0
4361.158671971936	0.014574899999388435	epochs	3.0
4361.173246871936	0.014526200000545941	epochs	3.0
4361.187773071936	0.028907400000207417	epochs	2.0
4361.187773071936	0.014477699999588367	epochs	3.0
4361.202250771936	0.01442970000061905	epochs	3.0
4361.216680471936	0.028716199999507808	epochs	2.0
4361.216680471936	0.014381799999682698	epochs	3.0
4361.231062271936	0.01433439999982511	epochs	3.0
4361.245396671936	0.028527600000415987	epochs	2.0
4361.245396671936	0.014287200000580924	epochs	3.0
4361.259683871936	0.014240399999835063	epochs	3.0
4361.273924271936	0.028341399999590067	epochs	2.0
4361.273924271936	0.014193799999702605	epochs	3.0
4361.288118071936	0.014147599999887461	epochs	3.0
4361.302265671936	0.02815770000051998	epochs	2.0
4361.302265671936	0.014101700000537676	epochs	3.0
4361.316367371936	0.014055999999982305	epochs	3.0
4361.330423371936	0.02797629999986384	epochs	2.0
4361.330423371936	0.014010599999892293	epochs	3.0
4361.344433971936	0.013965699999971548	epochs	3.0
4361.358399671936	0.027797199999440636	epochs	2.0
4361.358399671936	0.013920800000050804	epochs	3.0
4361.372320471936	0.013876399999389832	epochs	3.0
4361.386196871936	0.02762040000015986	epochs	2.0
4361.386196871936	0.01383220000025176	epochs	3.0
4361.400029071936	0.013788199999908102	epochs	3.0
4361.413817271936	0.027445900000202528	epochs	2.0
4361.413817271936	0.013744599999881757	epochs	3.0
4361.427561871936	0.01370130000032077	epochs	3.0
4361.441263171936	0.027273499999864725	epochs	2.0
4361.441263171936	0.0136581999995542	epochs	3.0
4361.454921371936	0.013615300000310526	epochs	3.0
4361.468536671936	0.02710339999975986	epochs	2.0
4361.468536671936	0.013572800000474672	epochs	3.0
4361.482109471936	0.013530599999285187	epochs	3.0
4361.495640071936	0.02693520000048011	epochs	2.0
4361.495640071936	0.01348839999991469	epochs	3.0
4361.509128471936	0.013446800000565418	epochs	3.0
4361.522575271936	0.02676919999976235	epochs	2.0
4361.522575271936	0.01340520000030665	epochs	3.0
4361.535980471936	0.0133639999994557	epochs	3.0
4361.549344471936	0.026605199999721663	epochs	2.0
4361.549344471936	0.013322900000275695	epochs	3.0
4361.562667371936	0.013282299999445968	epochs	3.0
4361.575949671936	0.026443200000358047	epochs	2.0
4361.575949671936	0.01324170000043523	epochs	3.0
4361.589191371936	0.013201499999922817	epochs	3.0
4361.602392871936	0.026283199999852513	epochs	2.0
4361.602392871936	0.013161500000023807	epochs	3.0
4361.615554371936	0.013121699999828706	epochs	3.0
4361.628676071936	0.026125000000320142	epochs	2.0
4361.628676071936	0.01308210000024701	epochs	3.0
4361.641758171936	0.013042900000073132	epochs	3.0
4361.654801071936	0.025968899999497808	epochs	2.0
4361.654801071936	0.013003899999603163	epochs	3.0
4361.667804971936	0.012964999999894644	epochs	3.0
4361.680769971936	0.025814500000706175	epochs	2.0
4361.680769971936	0.012926400000651483	epochs	3.0
4361.693696371936	0.012888100000054692	epochs	3.0
4361.706584471936	0.025661899999249727	epochs	2.0
4361.706584471936	0.012849899999309855	epochs	3.0
4361.719434371936	0.012811999999939871	epochs	3.0
4361.732246371936	0.025511200000437384	epochs	2.0
4361.732246371936	0.012774400000125752	epochs	3.0
4361.745020771936	0.012736800000311632	epochs	3.0
4361.757757571936	0.02536229999986972	epochs	2.0
4361.757757571936	0.012699699999757286	epochs	3.0
4361.770457271936	0.012662600000112434	epochs	3.0
4361.783119871936	0.025214999999661813	epochs	2.0
4361.783119871936	0.012625800000023446	epochs	3.0
4361.795745671936	0.012589199999638367	epochs	3.0
4361.808334871936	0.024584800000411633	epochs	2.0
4361.831733671936	0.5	epochs	-1.0
4361.832919671936	0.5156800000004296	epochs	1.0
4362.348599671936	0.4842399999997724	epochs	0.0
4362.738999843597	0.16391999999996187	epochs	0.0
4362.738999843597	0.07696039999973436	epochs	1.0
4362.815960243597	0.009999200000493147	epochs	1.0
4362.825959443598	0.07696039999973436	epochs	1.0
4362.902919843597	2.0	epochs	0.0
4364.902919843597	21.536000000000058	epochs	0.0
4364.902919843597	1.0	epochs	1.0
4364.902933843598	0.5	epochs	-1.0
4365.402933843598	19.99879999999939	epochs	-1.0
4365.902919843597	20.0	epochs	1.0
4365.902919843597	4.356753899999603	epochs	-1.0
4365.902919843597	1.9745872000003146	epochs	2.0
4365.902919843597	1.098562199999833	epochs	3.0
4367.001482043597	0.8760250000004817	epochs	3.0
4367.877507043598	1.3524074999995719	epochs	2.0
4367.877507043598	0.7286354999996547	epochs	3.0
4368.606142543597	0.6237719999999172	epochs	3.0
4369.229914543597	1.0297591999997167	epochs	2.0
4369.229914543597	0.5453293000000485	epochs	3.0
4369.775243843597	0.4844298999996681	epochs	3.0
4370.259673743597	0.8317862000003515	epochs	2.0
4370.259673743597	0.4357763000007253	epochs	3.0
4370.695450043598	0.3960098999996262	epochs	3.0
4371.091459943597	0.6977969999998095	epochs	2.0
4371.091459943597	0.3628982000000178	epochs	3.0
4371.454358143597	0.33489879999979166	epochs	3.0
4371.789256943597	0.6010457000002134	epochs	2.0
4371.789256943597	0.31091230000038195	epochs	3.0
4372.1001692435975	0.29013339999983145	epochs	3.0
4372.390302643597	0.5278859000000011	epochs	2.0
4372.390302643597	0.27195860000028915	epochs	3.0
4372.662261243598	0.255927299999712	epochs	3.0
4372.918188543597	0.4706193000001804	epochs	2.0
4372.918188543597	0.241681299999982	epochs	3.0
4373.159869843597	0.22893800000019837	epochs	3.0
4373.3888078435975	0.4245703999995385	epochs	2.0
4373.3888078435975	0.21747140000024956	epochs	3.0
4373.606279243598	0.20709899999928894	epochs	3.0
4373.813378243597	0.38673540000036155	epochs	2.0
4373.813378243597	0.19767110000066168	epochs	3.0
4374.011049343598	0.18906429999969987	epochs	3.0
4374.200113643597	0.3550953000003574	epochs	2.0
4374.200113643597	0.18117590000019845	epochs	3.0
4374.381289543598	0.17391940000015893	epochs	3.0
4374.555208943598	0.3282430999997814	epochs	2.0
4374.555208943598	0.1672218999992765	epochs	3.0
4374.722430843597	0.1610212000005049	epochs	3.0
4374.883452043598	0.3051679999998669	epochs	2.0
4374.883452043598	0.15526390000013635	epochs	3.0
4375.038715943598	0.14990409999973053	epochs	3.0
4375.188620043597	0.28512529999989056	epochs	2.0
4375.188620043597	0.14490209999985382	epochs	3.0
4375.333522143597	0.14022320000003674	epochs	3.0
4375.473745343597	0.26755380000031437	epochs	2.0
4375.473745343597	0.1358368999999584	epochs	3.0
4375.609582243597	0.13171690000035596	epochs	3.0
4375.741299143598	0.25202290000015637	epochs	2.0
4375.741299143598	0.12783929999932298	epochs	3.0
4375.869138443597	0.1241836000008334	epochs	3.0
4375.993322043598	0.23819649999950343	epochs	2.0
4375.993322043598	0.1207310999998299	epochs	3.0
4376.114053143598	0.11746539999967354	epochs	3.0
4376.231518543597	0.22580879999986792	epochs	2.0
4376.231518543597	0.11437190000015107	epochs	3.0
4376.345890443597	0.11143689999971684	epochs	3.0
4376.457327343597	0.21464600000035716	epochs	2.0
4376.457327343597	0.10864889999993466	epochs	3.0
4376.565976243597	0.1059971000004225	epochs	3.0
4376.6719733435975	0.2045349999998507	epochs	2.0
4376.6719733435975	0.10347149999961403	epochs	3.0
4376.775444843597	0.10106350000023667	epochs	3.0
4376.876508343597	0.19533400000000256	epochs	2.0
4376.876508343597	0.09876509999958216	epochs	3.0
4376.975273443597	0.0965689000004204	epochs	3.0
4377.071842343597	0.18692530000043917	epochs	2.0
4377.071842343597	0.09446829999978945	epochs	3.0
4377.166310643597	0.09245700000064971	epochs	3.0
4377.258767643598	0.17921069999920292	epochs	2.0
4377.258767643598	0.0905295999991722	epochs	3.0
4377.349297243597	0.08868110000003071	epochs	3.0
4377.437978343597	0.17210770000019693	epochs	2.0
4377.437978343597	0.08690630000000965	epochs	3.0
4377.524884643597	0.08520140000018728	epochs	3.0
4377.610086043597	0.16554640000049403	epochs	2.0
4377.610086043597	0.08356189999994967	epochs	3.0
4377.693647943597	0.08198450000054436	epochs	3.0
4377.775632443598	0.15946709999934683	epochs	2.0
4377.775632443598	0.0804653999994116	epochs	3.0
4377.856097843597	0.07900169999993523	epochs	3.0
4377.935099543597	0.15381840000009106	epochs	2.0
4377.935099543597	0.07759010000063427	epochs	3.0
4378.012689643598	0.0762282999994568	epochs	3.0
4378.088917943597	0.14855640000041603	epochs	2.0
4378.088917943597	0.07491329999993468	epochs	3.0
4378.163831243597	0.07364310000048135	epochs	3.0
4378.237474343598	0.14364239999940764	epochs	2.0
4378.237474343598	0.07241499999963708	epochs	3.0
4378.309889343597	0.07122739999977057	epochs	3.0
4378.381116743597	0.13904310000089026	epochs	2.0
4378.381116743597	0.0700780000006489	epochs	3.0
4378.451194743598	0.06896510000024136	epochs	3.0
4378.520159843598	0.13472929999988992	epochs	2.0
4378.520159843598	0.0678870999990977	epochs	3.0
4378.588046943597	0.06684220000079222	epochs	3.0
4378.654889143598	0.1306752000000415	epochs	2.0
4378.654889143598	0.06582909999997355	epochs	3.0
4378.720718243598	0.06484610000006796	epochs	3.0
4378.785564343598	0.1268577999999252	epochs	2.0
4378.785564343598	0.06389199999921402	epochs	3.0
4378.849456343597	0.06296580000071117	epochs	3.0
4378.912422143598	0.12325719999989815	epochs	2.0
4378.912422143598	0.06206579999980022	epochs	3.0
4378.9744879435975	0.06119140000009793	epochs	3.0
4379.035679343598	0.1198554000002332	epochs	2.0
4379.035679343598	0.060341100000187	epochs	3.0
4379.096020443598	0.059514300000046205	epochs	3.0
4379.155534743598	0.11663619999944785	epochs	2.0
4379.155534743598	0.058709599999929196	epochs	3.0
4379.214244343598	0.05792659999951866	epochs	3.0
4379.272170943597	0.11358560000007856	epochs	2.0
4379.272170943597	0.05716420000044309	epochs	3.0
4379.329335143598	0.05642139999963547	epochs	3.0
4379.385756543597	0.11069049999969138	epochs	2.0
4379.385756543597	0.05569790000026842	epochs	3.0
4379.441454443598	0.054992599999422964	epochs	3.0
4379.496447043597	0.10793910000029427	epochs	2.0
4379.496447043597	0.05430490000071586	epochs	3.0
4379.550751943598	0.053634199999578414	epochs	3.0
4379.604386143597	0.10532150000017282	epochs	2.0
4379.604386143597	0.05298000000038883	epochs	3.0
4379.657366143598	0.05234149999978399	epochs	3.0
4379.7097076435975	0.10282759999972768	epochs	2.0
4379.7097076435975	0.05171809999956167	epochs	3.0
4379.761425743597	0.05110950000016601	epochs	3.0
4379.812535243597	0.10044910000033269	epochs	2.0
4379.812535243597	0.050514900000052876	epochs	3.0
4379.863050143597	0.049934200000279816	epochs	3.0
4379.912984343598	0.09817829999974492	epochs	2.0
4379.912984343598	0.0493666000002122	epochs	3.0
4379.962350943598	0.04881169999953272	epochs	3.0
4380.011162643597	0.09600779999982478	epochs	2.0
4380.011162643597	0.0482692000005045	epochs	3.0
4380.059431843598	0.047738599999320286	epochs	3.0
4380.107170443597	0.09393120000004274	epochs	2.0
4380.107170443597	0.047219500000210246	epochs	3.0
4380.154389943597	0.04671169999983249	epochs	3.0
4380.201101643597	0.09194260000003851	epochs	2.0
4380.201101643597	0.046214599999984785	epochs	3.0
4380.247316243597	0.045728000000053726	epochs	3.0
4380.293044243597	0.09003630000006524	epochs	2.0
4380.293044243597	0.045251499999722	epochs	3.0
4380.338295743597	0.04478480000034324	epochs	3.0
4380.383080543597	0.0882075999998051	epochs	2.0
4380.383080543597	0.0443278000002465	epochs	3.0
4380.427408343598	0.0438797999995586	epochs	3.0
4380.471288143597	0.0864516999999978	epochs	2.0
4380.471288143597	0.04344100000071194	epochs	3.0
4380.514729143598	0.04301069999928586	epochs	3.0
4380.557739843597	0.08476430000064283	epochs	2.0
4380.557739843597	0.042589000000589294	epochs	3.0
4380.600328843598	0.04217530000005354	epochs	3.0
4380.642504143598	0.08314149999932852	epochs	2.0
4380.642504143598	0.04176969999934954	epochs	3.0
4380.684273843597	0.041371799999978975	epochs	3.0
4380.725645643597	0.08157970000047499	epochs	2.0
4380.725645643597	0.040981400000418944	epochs	3.0
4380.7666270435975	0.04059830000005604	epochs	3.0
4380.807225343598	0.08007550000002084	epochs	2.0
4380.807225343598	0.040222300000095856	epochs	3.0
4380.847447643598	0.03985319999992498	epochs	3.0
4380.887300843598	0.07862569999997504	epochs	2.0
4380.887300843598	0.03949079999983951	epochs	3.0
4380.926791643597	0.03913490000013553	epochs	3.0
4380.965926543598	0.07722759999978734	epochs	2.0
4380.965926543598	0.038785400000051595	epochs	3.0
4381.004711943598	0.03844219999973575	epochs	3.0
4381.043154143597	0.07587820000026113	epochs	2.0
4381.043154143597	0.03810479999992822	epochs	3.0
4381.081258943597	0.03777340000033291	epochs	3.0
4381.119032343598	0.07457520000025397	epochs	2.0
4381.119032343598	0.03744769999957498	epochs	3.0
4381.156480043597	0.03712750000067899	epochs	3.0
4381.193607543598	0.07331629999953293	epochs	2.0
4381.193607543598	0.03681289999985893	epochs	3.0
4381.230420443598	0.036503399999674	epochs	3.0
4381.266923843597	0.07209899999998015	epochs	2.0
4381.266923843597	0.03619909999997617	epochs	3.0
4381.303122943597	0.03589990000000398	epochs	3.0
4381.339022843597	0.07092170000032638	epochs	2.0
4381.339022843597	0.03560560000005353	epochs	3.0
4381.374628443597	0.035316100000272854	epochs	3.0
4381.409944543598	0.06978199999957724	epochs	2.0
4381.409944543598	0.03503120000004856	epochs	3.0
4381.444975743598	0.03475079999952868	epochs	3.0
4381.479726543597	0.0686786000005668	epochs	2.0
4381.479726543597	0.034475100000236125	epochs	3.0
4381.5142016435975	0.03420350000033068	epochs	3.0
4381.548405143598	0.06760929999927612	epochs	2.0
4381.548405143598	0.03393619999951625	epochs	3.0
4381.582341343597	0.03367309999975987	epochs	3.0
4381.616014443597	0.06657290000021021	epochs	2.0
4381.616014443597	0.03341400000044814	epochs	3.0
4381.649428443598	0.03315889999976207	epochs	3.0
4381.682587343597	0.06556780000028084	epochs	2.0
4381.682587343597	0.032907699999668694	epochs	3.0
4381.715495043597	0.03266010000061215	epochs	3.0
4381.748155143598	0.06459259999974165	epochs	2.0
4381.748155143598	0.03241639999941981	epochs	3.0
4381.780571543597	0.03217620000032184	epochs	3.0
4381.812747743597	0.06364599999960774	epochs	2.0
4381.812747743597	0.031939600000441715	epochs	3.0
4381.844687343598	0.031706399999166024	epochs	3.0
4381.876393743597	0.0627267000008942	epochs	2.0
4381.876393743597	0.03147660000013275	epochs	3.0
4381.907870343597	0.03125010000076145	epochs	3.0
4381.939120443598	0.06183359999977256	epochs	2.0
4381.939120443598	0.031026899999233137	epochs	3.0
4381.970147343597	0.030806700000539422	epochs	3.0
4382.000954043598	0.06096559999969031	epochs	2.0
4382.000954043598	0.030589799999688694	epochs	3.0
4382.031543843597	0.030375800000001618	epochs	3.0
4382.061919643597	0.060121600000456965	epochs	2.0
4382.061919643597	0.03016490000027261	epochs	3.0
4382.092084543598	0.029956700000184355	epochs	3.0
4382.122041243598	0.05930069999976695	epochs	2.0
4382.122041243598	0.029751600000054168	epochs	3.0
4382.151792843598	0.02954909999971278	epochs	3.0
4382.1813419435975	0.058501800000158255	epochs	2.0
4382.1813419435975	0.029349399999773595	epochs	3.0
4382.210691343597	0.02915240000038466	epochs	3.0
4382.239843743598	0.05772419999993872	epochs	2.0
4382.239843743598	0.028957999999875028	epochs	3.0
4382.268801743598	0.02876620000006369	epochs	3.0
4382.297567943598	0.05696709999938321	epochs	2.0
4382.297567943598	0.028577000000041153	epochs	3.0
4382.326144943598	0.028390099999342056	epochs	3.0
4382.354535043597	0.05622949999997218	epochs	2.0
4382.354535043597	0.028205700000398792	epochs	3.0
4382.382740743597	0.028023799999573384	epochs	3.0
4382.410764543597	0.05551070000001346	epochs	2.0
4382.410764543597	0.027844000000186497	epochs	3.0
4382.438608543597	0.02766669999982696	epochs	3.0
4382.466275243597	0.05481020000024728	epochs	2.0
4382.466275243597	0.02749149999999645	epochs	3.0
4382.493766743597	0.02731870000025083	epochs	3.0
4382.521085443597	0.0541270000003351	epochs	2.0
4382.521085443597	0.02714780000042083	epochs	3.0
4382.548233243598	0.026979199999914272	epochs	3.0
4382.575212443598	0.053460699999959616	epochs	2.0
4382.575212443598	0.026812600000084785	epochs	3.0
4382.602025043598	0.02664809999987483	epochs	3.0
4382.628673143598	0.05281070000000909	epochs	2.0
4382.628673143598	0.026485599999432452	epochs	3.0
4382.655158743597	0.02632510000057664	epochs	3.0
4382.681483843598	0.052176199999848905	epochs	2.0
4382.681483843598	0.026166399999965506	epochs	3.0
4382.7076502435975	0.0260097999998834	epochs	3.0
4382.733660043597	0.05155670000021928	epochs	2.0
4382.733660043597	0.02585480000016105	epochs	3.0
4382.759514843598	0.02570190000005823	epochs	3.0
4382.785216743598	0.050951899999745365	epochs	2.0
4382.785216743598	0.025550700000167126	epochs	3.0
4382.810767443598	0.02540119999957824	epochs	3.0
4382.836168643597	0.05036099999961152	epochs	2.0
4382.836168643597	0.025253499999962514	epochs	3.0
4382.861422143597	0.025107499999649008	epochs	3.0
4382.886529643597	0.04978380000011384	epochs	2.0
4382.886529643597	0.02496320000045671	epochs	3.0
4382.911492843597	0.024820599999657134	epochs	3.0
4382.936313443597	0.0492195000006177	epochs	2.0
4382.936313443597	0.024679400000422902	epochs	3.0
4382.9609928435975	0.024540100000194798	epochs	3.0
4382.985532943598	0.048667899999600195	epochs	2.0
4382.985532943598	0.024402099999861093	epochs	3.0
4383.009935043598	0.0242657999997391	epochs	3.0
4383.034200843597	0.048128600000381994	epochs	2.0
4383.034200843597	0.024131000000124914	epochs	3.0
4383.058331843597	0.02399760000025708	epochs	3.0
4383.082329443598	0.047601100000065344	epochs	2.0
4383.082329443598	0.02386579999983951	epochs	3.0
4383.1061952435975	0.023735300000225834	epochs	3.0
4383.129930543598	0.04708499999924243	epochs	2.0
4383.129930543598	0.023606299999300973	epochs	3.0
4383.153536843597	0.023478699999941455	epochs	3.0
4383.177015543597	0.04658000000017637	epochs	2.0
4383.177015543597	0.02335250000032829	epochs	3.0
4383.200368043597	0.023227499999848078	epochs	3.0
4383.223595543597	0.04608569999982137	epochs	2.0
4383.223595543597	0.02310399999987567	epochs	3.0
4383.246699543597	0.022981699999945704	epochs	3.0
4383.269681243597	0.04560180000044056	epochs	2.0
4383.269681243597	0.022860700000819634	epochs	3.0
4383.292541943598	0.02274109999962093	epochs	3.0
4383.315283043597	0.045127899999897636	epochs	2.0
4383.315283043597	0.022622499999670254	epochs	3.0
4383.337905543597	0.022505400000227382	epochs	3.0
4383.360410943597	0.044663800000307674	epochs	2.0
4383.360410943597	0.022389300000213552	epochs	3.0
4383.382800243598	0.022274500000094122	epochs	3.0
4383.405074743598	0.04420919999938633	epochs	2.0
4383.405074743598	0.02216080000016518	epochs	3.0
4383.427235543598	0.022048399999221147	epochs	3.0
4383.449283943597	0.04376360000060231	epochs	2.0
4383.449283943597	0.021936900000582682	epochs	3.0
4383.471220843598	0.021826700000019628	epochs	3.0
4383.493047543598	0.043327100000169594	epochs	2.0
4383.493047543598	0.021717599999647064	epochs	3.0
4383.514765143597	0.02160950000052253	epochs	3.0
4383.536374643598	0.04289900000003399	epochs	2.0
4383.536374643598	0.021502499999769498	epochs	3.0
4383.557877143598	0.021396500000264496	epochs	3.0
4383.579273643598	0.04247949999989942	epochs	2.0
4383.579273643598	0.021291699999892444	epochs	3.0
4383.600565343598	0.021187800000006973	epochs	3.0
4383.621753143598	0.04206789999989269	epochs	2.0
4383.621753143598	0.021084899999550544	epochs	3.0
4383.642838043597	0.020983000000342145	epochs	3.0
4383.663821043598	0.041664399999717716	epochs	2.0
4383.663821043598	0.020882199999505247	epochs	3.0
4383.684703243597	0.02078220000021247	epochs	3.0
4383.705485443597	0.04126850000011473	epochs	2.0
4383.705485443597	0.02068330000020069	epochs	3.0
4383.726168743598	0.02058519999991404	epochs	3.0
4383.7467539435975	0.04087999999956082	epochs	2.0
4383.7467539435975	0.020488099999965925	epochs	3.0
4383.767242043597	0.020391899999594898	epochs	3.0
4383.787633943597	0.04049880000002304	epochs	2.0
4383.787633943597	0.020296600000619947	epochs	3.0
4383.807930543598	0.020202199999403092	epochs	3.0
4383.828132743597	0.04012460000012652	epochs	2.0
4383.828132743597	0.020108700000491808	epochs	3.0
4383.8482414435975	0.020015899999634712	epochs	3.0
4383.868257343597	0.03975730000001931	epochs	2.0
4383.868257343597	0.0199241999998776	epochs	3.0
4383.888181543597	0.019833100000141712	epochs	3.0
4383.908014643597	0.03939669999999751	epochs	2.0
4383.908014643597	0.019742999999834865	epochs	3.0
4383.927757643597	0.019653700000162644	epochs	3.0
4383.947411343597	0.03904240000065329	epochs	2.0
4383.947411343597	0.0195651000003636	epochs	3.0
4383.966976443598	0.019477300000289688	epochs	3.0
4383.986453743598	0.03869459999987157	epochs	2.0
4383.986453743598	0.019390399999792862	epochs	3.0
4384.005844143598	0.01930420000007871	epochs	3.0
4384.025148343598	0.03835290000006353	epochs	2.0
4384.025148343598	0.019218800000089686	epochs	3.0
4384.044367143598	0.01913409999997384	epochs	3.0
4384.063501243598	0.038017199999558215	epochs	2.0
4384.063501243598	0.01905019999958313	epochs	3.0
4384.082551443597	0.018966999999975087	epochs	3.0
4384.101518443597	0.037687199999709264	epochs	2.0
4384.101518443597	0.018884500000240223	epochs	3.0
4384.120402943598	0.01880269999946904	epochs	3.0
4384.139205643597	0.037363100000220584	epochs	2.0
4384.139205643597	0.01872170000024198	epochs	3.0
4384.157927343597	0.018641399999978603	epochs	3.0
4384.176568743597	0.037044300000161456	epochs	2.0
4384.176568743597	0.018561599999884493	epochs	3.0
4384.195130343597	0.018482700000276964	epochs	3.0
4384.213613043597	0.036731000000145286	epochs	2.0
4384.213613043597	0.018404299999929208	epochs	3.0
4384.232017343597	0.01832670000021608	epochs	3.0
4384.250344043598	0.036422899999706715	epochs	2.0
4384.250344043598	0.018249599999762722	epochs	3.0
4384.268593643597	0.018173299999943993	epochs	3.0
4384.286766943597	0.036120100000516686	epochs	2.0
4384.286766943597	0.018097600000146485	epochs	3.0
4384.304864543597	0.0180225000003702	epochs	3.0
4384.322887043598	0.03582209999967745	epochs	2.0
4384.322887043598	0.01794789999985369	epochs	3.0
4384.340834943598	0.01787419999982376	epochs	3.0
4384.3587091435975	0.03552899999976944	epochs	2.0
4384.3587091435975	0.017800800000259187	epochs	3.0
4384.376509943598	0.017728199999510252	epochs	3.0
4384.394238143597	0.03524070000003121	epochs	2.0
4384.394238143597	0.01765609999984008	epochs	3.0
4384.411894243597	0.01758460000019113	epochs	3.0
4384.429478843597	0.03495709999970131	epochs	2.0
4384.429478843597	0.017513700000563404	epochs	3.0
4384.446992543598	0.01744339999913791	epochs	3.0
4384.464435943597	0.03467790000013338	epochs	2.0
4384.464435943597	0.017373600000610168	epochs	3.0
4384.481809543598	0.01730429999952321	epochs	3.0
4384.499113843597	0.03440330000012182	epochs	2.0
4384.499113843597	0.017235700000128418	epochs	3.0
4384.516349543597	0.0171675999999934	epochs	3.0
4384.533517143597	0.03413280000040686	epochs	2.0
4384.533517143597	0.017099900000175694	epochs	3.0
4384.550617043597	0.017032900000231166	epochs	3.0
4384.567649943598	0.033866699999634875	epochs	2.0
4384.567649943598	0.01696639999954641	epochs	3.0
4384.584616343597	0.016900300000088464	epochs	3.0
4384.601516643597	0.03360460000021703	epochs	2.0
4384.601516643597	0.016834799999742245	epochs	3.0
4384.618351443597	0.016769800000474788	epochs	3.0
4384.6351212435975	0.0333466000001863	epochs	2.0
4384.6351212435975	0.01670529999955761	epochs	3.0
4384.651826543597	0.01664130000062869	epochs	3.0
4384.668467843598	0.033092499999838765	epochs	2.0
4384.668467843598	0.016577800000050047	epochs	3.0
4384.685045643598	0.016514699999788718	epochs	3.0
4384.7015603435975	0.032842300000083924	epochs	2.0
4384.7015603435975	0.01645219999954861	epochs	3.0
4384.718012543597	0.016390100000535313	epochs	3.0
4384.734402643598	0.03259569999954692	epochs	2.0
4384.734402643598	0.016328400000020338	epochs	3.0
4384.750731043598	0.016267299999526585	epochs	3.0
4384.766998343597	0.032352900000660156	epochs	2.0
4384.766998343597	0.01620660000025964	epochs	3.0
4384.783204943597	0.016146300000400515	epochs	3.0
4384.799351243598	0.03211369999917224	epochs	2.0
4384.799351243598	0.016086599999653117	epochs	3.0
4384.8154378435975	0.016027099999519123	epochs	3.0
4384.831464943597	0.03187800000068819	epochs	2.0
4384.831464943597	0.015968200000315846	epochs	3.0
4384.847433143597	0.015909800000372343	epochs	3.0
4384.863342943598	0.03164569999989908	epochs	2.0
4384.863342943598	0.01585160000013275	epochs	3.0
4384.879194543598	0.01579409999976633	epochs	3.0
4384.894988643598	0.03141669999968144	epochs	2.0
4384.894988643598	0.015736700000161363	epochs	3.0
4384.910725343598	0.015679999999520078	epochs	3.0
4384.926405343597	0.03119109999988723	epochs	2.0
4384.926405343597	0.015623600000253646	epochs	3.0
4384.9420289435975	0.015567499999633583	epochs	3.0
4384.957596443597	0.030968699999903038	epochs	2.0
4384.957596443597	0.015511999999944237	epochs	3.0
4384.973108443597	0.0154566999999588	epochs	3.0
4384.988565143597	0.030749500000638363	epochs	2.0
4384.988565143597	0.015401999999994587	epochs	3.0
4385.003967143597	0.015347500000643777	epochs	3.0
4385.019314643598	0.030533199999808858	epochs	2.0
4385.019314643598	0.01529339999979129	epochs	3.0
4385.0346080435975	0.015239800000017567	epochs	3.0
4385.0498478435975	0.03032009999969887	epochs	2.0
4385.0498478435975	0.015186499999799707	epochs	3.0
4385.065034343597	0.015133599999899161	epochs	3.0
4385.080167943597	0.030109899999843037	epochs	2.0
4385.080167943597	0.015081000000463973	epochs	3.0
4385.095248943598	0.015028899999379064	epochs	3.0
4385.110277843597	0.02990250000038941	epochs	2.0
4385.110277843597	0.014977000000726548	epochs	3.0
4385.125254843598	0.014925499999662861	epochs	3.0
4385.140180343597	0.0296981000001324	epochs	2.0
4385.140180343597	0.014874399999825982	epochs	3.0
4385.155054743597	0.014823700000306417	epochs	3.0
4385.169878443598	0.02949629999966419	epochs	2.0
4385.169878443598	0.014773199999581266	epochs	3.0
4385.184651643597	0.014723100000082923	epochs	3.0
4385.199374743597	0.02929740000035963	epochs	2.0
4385.199374743597	0.014673399999992398	epochs	3.0
4385.214048143597	0.014624000000367232	epochs	3.0
4385.228672143598	0.029101099999934377	epochs	2.0
4385.228672143598	0.014574899999388435	epochs	3.0
4385.243247043597	0.014526200000545941	epochs	3.0
4385.2577732435975	0.028907400000207417	epochs	2.0
4385.2577732435975	0.014477699999588367	epochs	3.0
4385.272250943597	0.01442970000061905	epochs	3.0
4385.286680643598	0.028716199999507808	epochs	2.0
4385.286680643598	0.014381799999682698	epochs	3.0
4385.301062443597	0.01433439999982511	epochs	3.0
4385.315396843597	0.028527600000415987	epochs	2.0
4385.315396843597	0.014287200000580924	epochs	3.0
4385.329684043598	0.014240399999835063	epochs	3.0
4385.343924443598	0.028341399999590067	epochs	2.0
4385.343924443598	0.014193799999702605	epochs	3.0
4385.358118243597	0.014147599999887461	epochs	3.0
4385.372265843597	0.02815770000051998	epochs	2.0
4385.372265843597	0.014101700000537676	epochs	3.0
4385.386367543598	0.014055999999982305	epochs	3.0
4385.400423543598	0.02797629999986384	epochs	2.0
4385.400423543598	0.014010599999892293	epochs	3.0
4385.414434143598	0.013965699999971548	epochs	3.0
4385.428399843598	0.027797199999440636	epochs	2.0
4385.428399843598	0.013920800000050804	epochs	3.0
4385.442320643598	0.013876399999389832	epochs	3.0
4385.456197043597	0.02762040000015986	epochs	2.0
4385.456197043597	0.01383220000025176	epochs	3.0
4385.470029243597	0.013788199999908102	epochs	3.0
4385.483817443597	0.027445900000202528	epochs	2.0
4385.483817443597	0.013744599999881757	epochs	3.0
4385.497562043597	0.01370130000032077	epochs	3.0
4385.511263343597	0.027273499999864725	epochs	2.0
4385.511263343597	0.0136581999995542	epochs	3.0
4385.524921543597	0.013615300000310526	epochs	3.0
4385.538536843597	0.02710339999975986	epochs	2.0
4385.538536843597	0.013572800000474672	epochs	3.0
4385.552109643598	0.013530599999285187	epochs	3.0
4385.565640243597	0.02693520000048011	epochs	2.0
4385.565640243597	0.01348839999991469	epochs	3.0
4385.579128643597	0.013446800000565418	epochs	3.0
4385.5925754435975	0.02676919999976235	epochs	2.0
4385.5925754435975	0.01340520000030665	epochs	3.0
4385.605980643598	0.0133639999994557	epochs	3.0
4385.619344643597	0.026605199999721663	epochs	2.0
4385.619344643597	0.013322900000275695	epochs	3.0
4385.632667543598	0.013282299999445968	epochs	3.0
4385.645949843597	0.026443200000358047	epochs	2.0
4385.645949843597	0.01324170000043523	epochs	3.0
4385.659191543597	0.013201499999922817	epochs	3.0
4385.672393043597	0.026283199999852513	epochs	2.0
4385.672393043597	0.013161500000023807	epochs	3.0
4385.685554543597	0.013121699999828706	epochs	3.0
4385.698676243597	0.026125000000320142	epochs	2.0
4385.698676243597	0.01308210000024701	epochs	3.0
4385.7117583435975	0.013042900000073132	epochs	3.0
4385.7248012435975	0.025968899999497808	epochs	2.0
4385.7248012435975	0.013003899999603163	epochs	3.0
4385.737805143597	0.012964999999894644	epochs	3.0
4385.750770143597	0.025814500000706175	epochs	2.0
4385.750770143597	0.012926400000651483	epochs	3.0
4385.763696543598	0.012888100000054692	epochs	3.0
4385.776584643598	0.025661899999249727	epochs	2.0
4385.776584643598	0.012849899999309855	epochs	3.0
4385.789434543597	0.012811999999939871	epochs	3.0
4385.802246543597	0.025511200000437384	epochs	2.0
4385.802246543597	0.012774400000125752	epochs	3.0
4385.815020943597	0.012736800000311632	epochs	3.0
4385.827757743597	0.02536229999986972	epochs	2.0
4385.827757743597	0.012699699999757286	epochs	3.0
4385.840457443597	0.012662600000112434	epochs	3.0
4385.853120043597	0.025214999999661813	epochs	2.0
4385.853120043597	0.012625800000023446	epochs	3.0
4385.865745843597	0.012589199999638367	epochs	3.0
4385.878335043597	0.024584800000411633	epochs	2.0
4385.901733843597	0.5	epochs	-1.0
4385.902919843597	0.5360000000000582	epochs	1.0
4386.438919843597	0.4639200000001438	epochs	0.0
4386.828999996185	0.16391999999996187	epochs	0.0
4386.828999996185	0.07696039999973436	epochs	1.0
4386.905960396185	0.009999200000493147	epochs	1.0
4386.9159595961855	0.07696039999973436	epochs	1.0
4386.992919996185	2.0	epochs	0.0
4388.992919996185	21.55504000000019	epochs	0.0
4388.992919996185	1.0	epochs	1.0
4388.9929339961855	0.5	epochs	-1.0
4389.4929339961855	19.99879999999939	epochs	-1.0
4389.992919996185	20.0	epochs	1.0
4389.992919996185	4.356753899999603	epochs	-1.0
4389.992919996185	1.9745872000003146	epochs	2.0
4389.992919996185	1.098562199999833	epochs	3.0
4391.091482196185	0.8760250000004817	epochs	3.0
4391.967507196186	1.3524074999995719	epochs	2.0
4391.967507196186	0.7286354999996547	epochs	3.0
4392.696142696185	0.6237719999999172	epochs	3.0
4393.319914696185	1.0297591999997167	epochs	2.0
4393.319914696185	0.5453293000000485	epochs	3.0
4393.865243996185	0.4844298999996681	epochs	3.0
4394.349673896185	0.8317862000003515	epochs	2.0
4394.349673896185	0.4357763000007253	epochs	3.0
4394.785450196186	0.3960098999996262	epochs	3.0
4395.181460096185	0.6977969999998095	epochs	2.0
4395.181460096185	0.3628982000000178	epochs	3.0
4395.544358296185	0.33489879999979166	epochs	3.0
4395.879257096185	0.6010457000002134	epochs	2.0
4395.879257096185	0.31091230000038195	epochs	3.0
4396.190169396185	0.29013339999983145	epochs	3.0
4396.480302796185	0.5278859000000011	epochs	2.0
4396.480302796185	0.27195860000028915	epochs	3.0
4396.7522613961855	0.255927299999712	epochs	3.0
4397.008188696185	0.4706193000001804	epochs	2.0
4397.008188696185	0.241681299999982	epochs	3.0
4397.249869996185	0.22893800000019837	epochs	3.0
4397.478807996185	0.4245703999995385	epochs	2.0
4397.478807996185	0.21747140000024956	epochs	3.0
4397.696279396186	0.20709899999928894	epochs	3.0
4397.903378396185	0.38673540000036155	epochs	2.0
4397.903378396185	0.19767110000066168	epochs	3.0
4398.101049496186	0.18906429999969987	epochs	3.0
4398.290113796185	0.3550953000003574	epochs	2.0
4398.290113796185	0.18117590000019845	epochs	3.0
4398.4712896961855	0.17391940000015893	epochs	3.0
4398.645209096186	0.3282430999997814	epochs	2.0
4398.645209096186	0.1672218999992765	epochs	3.0
4398.812430996185	0.1610212000005049	epochs	3.0
4398.9734521961855	0.3051679999998669	epochs	2.0
4398.9734521961855	0.15526390000013635	epochs	3.0
4399.128716096186	0.14990409999973053	epochs	3.0
4399.278620196185	0.28512529999989056	epochs	2.0
4399.278620196185	0.14490209999985382	epochs	3.0
4399.423522296185	0.14022320000003674	epochs	3.0
4399.563745496185	0.26755380000031437	epochs	2.0
4399.563745496185	0.1358368999999584	epochs	3.0
4399.699582396185	0.13171690000035596	epochs	3.0
4399.8312992961855	0.25202290000015637	epochs	2.0
4399.8312992961855	0.12783929999932298	epochs	3.0
4399.959138596185	0.1241836000008334	epochs	3.0
4400.083322196186	0.23819649999950343	epochs	2.0
4400.083322196186	0.1207310999998299	epochs	3.0
4400.2040532961855	0.11746539999967354	epochs	3.0
4400.321518696185	0.22580879999986792	epochs	2.0
4400.321518696185	0.11437190000015107	epochs	3.0
4400.435890596185	0.11143689999971684	epochs	3.0
4400.547327496185	0.21464600000035716	epochs	2.0
4400.547327496185	0.10864889999993466	epochs	3.0
4400.655976396185	0.1059971000004225	epochs	3.0
4400.761973496185	0.2045349999998507	epochs	2.0
4400.761973496185	0.10347149999961403	epochs	3.0
4400.865444996185	0.10106350000023667	epochs	3.0
4400.966508496185	0.19533400000000256	epochs	2.0
4400.966508496185	0.09876509999958216	epochs	3.0
4401.065273596185	0.0965689000004204	epochs	3.0
4401.161842496185	0.18692530000043917	epochs	2.0
4401.161842496185	0.09446829999978945	epochs	3.0
4401.256310796185	0.09245700000064971	epochs	3.0
4401.348767796186	0.17921069999920292	epochs	2.0
4401.348767796186	0.0905295999991722	epochs	3.0
4401.439297396185	0.08868110000003071	epochs	3.0
4401.527978496185	0.17210770000019693	epochs	2.0
4401.527978496185	0.08690630000000965	epochs	3.0
4401.614884796185	0.08520140000018728	epochs	3.0
4401.700086196185	0.16554640000049403	epochs	2.0
4401.700086196185	0.08356189999994967	epochs	3.0
4401.783648096185	0.08198450000054436	epochs	3.0
4401.865632596186	0.15946709999934683	epochs	2.0
4401.865632596186	0.0804653999994116	epochs	3.0
4401.946097996185	0.07900169999993523	epochs	3.0
4402.025099696185	0.15381840000009106	epochs	2.0
4402.025099696185	0.07759010000063427	epochs	3.0
4402.102689796186	0.0762282999994568	epochs	3.0
4402.178918096185	0.14855640000041603	epochs	2.0
4402.178918096185	0.07491329999993468	epochs	3.0
4402.253831396185	0.07364310000048135	epochs	3.0
4402.3274744961855	0.14364239999940764	epochs	2.0
4402.3274744961855	0.07241499999963708	epochs	3.0
4402.399889496185	0.07122739999977057	epochs	3.0
4402.471116896185	0.13904310000089026	epochs	2.0
4402.471116896185	0.0700780000006489	epochs	3.0
4402.5411948961855	0.06896510000024136	epochs	3.0
4402.610159996186	0.13472929999988992	epochs	2.0
4402.610159996186	0.0678870999990977	epochs	3.0
4402.678047096185	0.06684220000079222	epochs	3.0
4402.744889296186	0.1306752000000415	epochs	2.0
4402.744889296186	0.06582909999997355	epochs	3.0
4402.810718396186	0.06484610000006796	epochs	3.0
4402.875564496186	0.1268577999999252	epochs	2.0
4402.875564496186	0.06389199999921402	epochs	3.0
4402.939456496185	0.06296580000071117	epochs	3.0
4403.002422296186	0.12325719999989815	epochs	2.0
4403.002422296186	0.06206579999980022	epochs	3.0
4403.064488096185	0.06119140000009793	epochs	3.0
4403.1256794961855	0.1198554000002332	epochs	2.0
4403.1256794961855	0.060341100000187	epochs	3.0
4403.186020596186	0.059514300000046205	epochs	3.0
4403.245534896186	0.11663619999944785	epochs	2.0
4403.245534896186	0.058709599999929196	epochs	3.0
4403.304244496186	0.05792659999951866	epochs	3.0
4403.362171096185	0.11358560000007856	epochs	2.0
4403.362171096185	0.05716420000044309	epochs	3.0
4403.419335296186	0.05642139999963547	epochs	3.0
4403.475756696185	0.11069049999969138	epochs	2.0
4403.475756696185	0.05569790000026842	epochs	3.0
4403.5314545961855	0.054992599999422964	epochs	3.0
4403.586447196185	0.10793910000029427	epochs	2.0
4403.586447196185	0.05430490000071586	epochs	3.0
4403.640752096186	0.053634199999578414	epochs	3.0
4403.694386296185	0.10532150000017282	epochs	2.0
4403.694386296185	0.05298000000038883	epochs	3.0
4403.747366296186	0.05234149999978399	epochs	3.0
4403.799707796185	0.10282759999972768	epochs	2.0
4403.799707796185	0.05171809999956167	epochs	3.0
4403.851425896185	0.05110950000016601	epochs	3.0
4403.902535396185	0.10044910000033269	epochs	2.0
4403.902535396185	0.050514900000052876	epochs	3.0
4403.953050296185	0.049934200000279816	epochs	3.0
4404.0029844961855	0.09817829999974492	epochs	2.0
4404.0029844961855	0.0493666000002122	epochs	3.0
4404.052351096186	0.04881169999953272	epochs	3.0
4404.101162796185	0.09600779999982478	epochs	2.0
4404.101162796185	0.0482692000005045	epochs	3.0
4404.149431996186	0.047738599999320286	epochs	3.0
4404.197170596185	0.09393120000004274	epochs	2.0
4404.197170596185	0.047219500000210246	epochs	3.0
4404.244390096185	0.04671169999983249	epochs	3.0
4404.291101796185	0.09194260000003851	epochs	2.0
4404.291101796185	0.046214599999984785	epochs	3.0
4404.337316396185	0.045728000000053726	epochs	3.0
4404.383044396185	0.09003630000006524	epochs	2.0
4404.383044396185	0.045251499999722	epochs	3.0
4404.428295896185	0.04478480000034324	epochs	3.0
4404.473080696185	0.0882075999998051	epochs	2.0
4404.473080696185	0.0443278000002465	epochs	3.0
4404.517408496185	0.0438797999995586	epochs	3.0
4404.561288296185	0.0864516999999978	epochs	2.0
4404.561288296185	0.04344100000071194	epochs	3.0
4404.604729296186	0.04301069999928586	epochs	3.0
4404.647739996185	0.08476430000064283	epochs	2.0
4404.647739996185	0.042589000000589294	epochs	3.0
4404.690328996186	0.04217530000005354	epochs	3.0
4404.732504296186	0.08314149999932852	epochs	2.0
4404.732504296186	0.04176969999934954	epochs	3.0
4404.774273996185	0.041371799999978975	epochs	3.0
4404.815645796185	0.08157970000047499	epochs	2.0
4404.815645796185	0.040981400000418944	epochs	3.0
4404.856627196185	0.04059830000005604	epochs	3.0
4404.8972254961855	0.08007550000002084	epochs	2.0
4404.8972254961855	0.040222300000095856	epochs	3.0
4404.937447796186	0.03985319999992498	epochs	3.0
4404.9773009961855	0.07862569999997504	epochs	2.0
4404.9773009961855	0.03949079999983951	epochs	3.0
4405.016791796185	0.03913490000013553	epochs	3.0
4405.055926696185	0.07722759999978734	epochs	2.0
4405.055926696185	0.038785400000051595	epochs	3.0
4405.0947120961855	0.03844219999973575	epochs	3.0
4405.133154296185	0.07587820000026113	epochs	2.0
4405.133154296185	0.03810479999992822	epochs	3.0
4405.171259096185	0.03777340000033291	epochs	3.0
4405.2090324961855	0.07457520000025397	epochs	2.0
4405.2090324961855	0.03744769999957498	epochs	3.0
4405.246480196185	0.03712750000067899	epochs	3.0
4405.283607696186	0.07331629999953293	epochs	2.0
4405.283607696186	0.03681289999985893	epochs	3.0
4405.320420596186	0.036503399999674	epochs	3.0
4405.356923996185	0.07209899999998015	epochs	2.0
4405.356923996185	0.03619909999997617	epochs	3.0
4405.393123096185	0.03589990000000398	epochs	3.0
4405.429022996185	0.07092170000032638	epochs	2.0
4405.429022996185	0.03560560000005353	epochs	3.0
4405.464628596185	0.035316100000272854	epochs	3.0
4405.499944696186	0.06978199999957724	epochs	2.0
4405.499944696186	0.03503120000004856	epochs	3.0
4405.534975896186	0.03475079999952868	epochs	3.0
4405.569726696185	0.0686786000005668	epochs	2.0
4405.569726696185	0.034475100000236125	epochs	3.0
4405.604201796185	0.03420350000033068	epochs	3.0
4405.638405296186	0.06760929999927612	epochs	2.0
4405.638405296186	0.03393619999951625	epochs	3.0
4405.672341496185	0.03367309999975987	epochs	3.0
4405.706014596185	0.06657290000021021	epochs	2.0
4405.706014596185	0.03341400000044814	epochs	3.0
4405.7394285961855	0.03315889999976207	epochs	3.0
4405.772587496185	0.06556780000028084	epochs	2.0
4405.772587496185	0.032907699999668694	epochs	3.0
4405.805495196185	0.03266010000061215	epochs	3.0
4405.8381552961855	0.06459259999974165	epochs	2.0
4405.8381552961855	0.03241639999941981	epochs	3.0
4405.870571696185	0.03217620000032184	epochs	3.0
4405.902747896185	0.06364599999960774	epochs	2.0
4405.902747896185	0.031939600000441715	epochs	3.0
4405.934687496186	0.031706399999166024	epochs	3.0
4405.966393896185	0.0627267000008942	epochs	2.0
4405.966393896185	0.03147660000013275	epochs	3.0
4405.997870496185	0.03125010000076145	epochs	3.0
4406.029120596186	0.06183359999977256	epochs	2.0
4406.029120596186	0.031026899999233137	epochs	3.0
4406.060147496185	0.030806700000539422	epochs	3.0
4406.0909541961855	0.06096559999969031	epochs	2.0
4406.0909541961855	0.030589799999688694	epochs	3.0
4406.121543996185	0.030375800000001618	epochs	3.0
4406.151919796185	0.060121600000456965	epochs	2.0
4406.151919796185	0.03016490000027261	epochs	3.0
4406.1820846961855	0.029956700000184355	epochs	3.0
4406.212041396186	0.05930069999976695	epochs	2.0
4406.212041396186	0.029751600000054168	epochs	3.0
4406.241792996186	0.02954909999971278	epochs	3.0
4406.271342096185	0.058501800000158255	epochs	2.0
4406.271342096185	0.029349399999773595	epochs	3.0
4406.300691496185	0.02915240000038466	epochs	3.0
4406.329843896186	0.05772419999993872	epochs	2.0
4406.329843896186	0.028957999999875028	epochs	3.0
4406.3588018961855	0.02876620000006369	epochs	3.0
4406.3875680961855	0.05696709999938321	epochs	2.0
4406.3875680961855	0.028577000000041153	epochs	3.0
4406.416145096186	0.028390099999342056	epochs	3.0
4406.444535196185	0.05622949999997218	epochs	2.0
4406.444535196185	0.028205700000398792	epochs	3.0
4406.472740896185	0.028023799999573384	epochs	3.0
4406.500764696185	0.05551070000001346	epochs	2.0
4406.500764696185	0.027844000000186497	epochs	3.0
4406.528608696185	0.02766669999982696	epochs	3.0
4406.556275396185	0.05481020000024728	epochs	2.0
4406.556275396185	0.02749149999999645	epochs	3.0
4406.583766896185	0.02731870000025083	epochs	3.0
4406.611085596185	0.0541270000003351	epochs	2.0
4406.611085596185	0.02714780000042083	epochs	3.0
4406.638233396186	0.026979199999914272	epochs	3.0
4406.6652125961855	0.053460699999959616	epochs	2.0
4406.6652125961855	0.026812600000084785	epochs	3.0
4406.692025196186	0.02664809999987483	epochs	3.0
4406.718673296185	0.05281070000000909	epochs	2.0
4406.718673296185	0.026485599999432452	epochs	3.0
4406.745158896185	0.02632510000057664	epochs	3.0
4406.771483996185	0.052176199999848905	epochs	2.0
4406.771483996185	0.026166399999965506	epochs	3.0
4406.797650396185	0.0260097999998834	epochs	3.0
4406.823660196185	0.05155670000021928	epochs	2.0
4406.823660196185	0.02585480000016105	epochs	3.0
4406.8495149961855	0.02570190000005823	epochs	3.0
4406.8752168961855	0.050951899999745365	epochs	2.0
4406.8752168961855	0.025550700000167126	epochs	3.0
4406.900767596186	0.02540119999957824	epochs	3.0
4406.926168796185	0.05036099999961152	epochs	2.0
4406.926168796185	0.025253499999962514	epochs	3.0
4406.951422296185	0.025107499999649008	epochs	3.0
4406.976529796185	0.04978380000011384	epochs	2.0
4406.976529796185	0.02496320000045671	epochs	3.0
4407.001492996185	0.024820599999657134	epochs	3.0
4407.026313596185	0.0492195000006177	epochs	2.0
4407.026313596185	0.024679400000422902	epochs	3.0
4407.050992996185	0.024540100000194798	epochs	3.0
4407.075533096186	0.048667899999600195	epochs	2.0
4407.075533096186	0.024402099999861093	epochs	3.0
4407.0999351961855	0.0242657999997391	epochs	3.0
4407.124200996185	0.048128600000381994	epochs	2.0
4407.124200996185	0.024131000000124914	epochs	3.0
4407.148331996185	0.02399760000025708	epochs	3.0
4407.172329596186	0.047601100000065344	epochs	2.0
4407.172329596186	0.02386579999983951	epochs	3.0
4407.196195396185	0.023735300000225834	epochs	3.0
4407.219930696186	0.04708499999924243	epochs	2.0
4407.219930696186	0.023606299999300973	epochs	3.0
4407.243536996185	0.023478699999941455	epochs	3.0
4407.267015696185	0.04658000000017637	epochs	2.0
4407.267015696185	0.02335250000032829	epochs	3.0
4407.290368196185	0.023227499999848078	epochs	3.0
4407.313595696185	0.04608569999982137	epochs	2.0
4407.313595696185	0.02310399999987567	epochs	3.0
4407.336699696185	0.022981699999945704	epochs	3.0
4407.359681396185	0.04560180000044056	epochs	2.0
4407.359681396185	0.022860700000819634	epochs	3.0
4407.382542096186	0.02274109999962093	epochs	3.0
4407.405283196185	0.045127899999897636	epochs	2.0
4407.405283196185	0.022622499999670254	epochs	3.0
4407.427905696185	0.022505400000227382	epochs	3.0
4407.450411096185	0.044663800000307674	epochs	2.0
4407.450411096185	0.022389300000213552	epochs	3.0
4407.472800396185	0.022274500000094122	epochs	3.0
4407.4950748961855	0.04420919999938633	epochs	2.0
4407.4950748961855	0.02216080000016518	epochs	3.0
4407.517235696186	0.022048399999221147	epochs	3.0
4407.539284096185	0.04376360000060231	epochs	2.0
4407.539284096185	0.021936900000582682	epochs	3.0
4407.5612209961855	0.021826700000019628	epochs	3.0
4407.5830476961855	0.043327100000169594	epochs	2.0
4407.5830476961855	0.021717599999647064	epochs	3.0
4407.604765296185	0.02160950000052253	epochs	3.0
4407.626374796186	0.04289900000003399	epochs	2.0
4407.626374796186	0.021502499999769498	epochs	3.0
4407.6478772961855	0.021396500000264496	epochs	3.0
4407.669273796186	0.04247949999989942	epochs	2.0
4407.669273796186	0.021291699999892444	epochs	3.0
4407.690565496186	0.021187800000006973	epochs	3.0
4407.711753296186	0.04206789999989269	epochs	2.0
4407.711753296186	0.021084899999550544	epochs	3.0
4407.732838196185	0.020983000000342145	epochs	3.0
4407.7538211961855	0.041664399999717716	epochs	2.0
4407.7538211961855	0.020882199999505247	epochs	3.0
4407.774703396185	0.02078220000021247	epochs	3.0
4407.795485596185	0.04126850000011473	epochs	2.0
4407.795485596185	0.02068330000020069	epochs	3.0
4407.816168896185	0.02058519999991404	epochs	3.0
4407.836754096185	0.04087999999956082	epochs	2.0
4407.836754096185	0.020488099999965925	epochs	3.0
4407.857242196185	0.020391899999594898	epochs	3.0
4407.877634096185	0.04049880000002304	epochs	2.0
4407.877634096185	0.020296600000619947	epochs	3.0
4407.8979306961855	0.020202199999403092	epochs	3.0
4407.918132896185	0.04012460000012652	epochs	2.0
4407.918132896185	0.020108700000491808	epochs	3.0
4407.938241596185	0.020015899999634712	epochs	3.0
4407.958257496185	0.03975730000001931	epochs	2.0
4407.958257496185	0.0199241999998776	epochs	3.0
4407.978181696185	0.019833100000141712	epochs	3.0
4407.998014796185	0.03939669999999751	epochs	2.0
4407.998014796185	0.019742999999834865	epochs	3.0
4408.017757796185	0.019653700000162644	epochs	3.0
4408.037411496185	0.03904240000065329	epochs	2.0
4408.037411496185	0.0195651000003636	epochs	3.0
4408.056976596185	0.019477300000289688	epochs	3.0
4408.076453896186	0.03869459999987157	epochs	2.0
4408.076453896186	0.019390399999792862	epochs	3.0
4408.0958442961855	0.01930420000007871	epochs	3.0
4408.115148496186	0.03835290000006353	epochs	2.0
4408.115148496186	0.019218800000089686	epochs	3.0
4408.134367296186	0.01913409999997384	epochs	3.0
4408.153501396186	0.038017199999558215	epochs	2.0
4408.153501396186	0.01905019999958313	epochs	3.0
4408.172551596185	0.018966999999975087	epochs	3.0
4408.191518596185	0.037687199999709264	epochs	2.0
4408.191518596185	0.018884500000240223	epochs	3.0
4408.2104030961855	0.01880269999946904	epochs	3.0
4408.229205796185	0.037363100000220584	epochs	2.0
4408.229205796185	0.01872170000024198	epochs	3.0
4408.247927496185	0.018641399999978603	epochs	3.0
4408.266568896185	0.037044300000161456	epochs	2.0
4408.266568896185	0.018561599999884493	epochs	3.0
4408.285130496185	0.018482700000276964	epochs	3.0
4408.303613196185	0.036731000000145286	epochs	2.0
4408.303613196185	0.018404299999929208	epochs	3.0
4408.322017496185	0.01832670000021608	epochs	3.0
4408.3403441961855	0.036422899999706715	epochs	2.0
4408.3403441961855	0.018249599999762722	epochs	3.0
4408.358593796185	0.018173299999943993	epochs	3.0
4408.376767096185	0.036120100000516686	epochs	2.0
4408.376767096185	0.018097600000146485	epochs	3.0
4408.394864696185	0.0180225000003702	epochs	3.0
4408.412887196186	0.03582209999967745	epochs	2.0
4408.412887196186	0.01794789999985369	epochs	3.0
4408.430835096186	0.01787419999982376	epochs	3.0
4408.448709296185	0.03552899999976944	epochs	2.0
4408.448709296185	0.017800800000259187	epochs	3.0
4408.466510096186	0.017728199999510252	epochs	3.0
4408.484238296185	0.03524070000003121	epochs	2.0
4408.484238296185	0.01765609999984008	epochs	3.0
4408.501894396185	0.01758460000019113	epochs	3.0
4408.519478996185	0.03495709999970131	epochs	2.0
4408.519478996185	0.017513700000563404	epochs	3.0
4408.536992696186	0.01744339999913791	epochs	3.0
4408.554436096185	0.03467790000013338	epochs	2.0
4408.554436096185	0.017373600000610168	epochs	3.0
4408.5718096961855	0.01730429999952321	epochs	3.0
4408.589113996185	0.03440330000012182	epochs	2.0
4408.589113996185	0.017235700000128418	epochs	3.0
4408.606349696185	0.0171675999999934	epochs	3.0
4408.623517296185	0.03413280000040686	epochs	2.0
4408.623517296185	0.017099900000175694	epochs	3.0
4408.640617196185	0.017032900000231166	epochs	3.0
4408.6576500961855	0.033866699999634875	epochs	2.0
4408.6576500961855	0.01696639999954641	epochs	3.0
4408.674616496185	0.016900300000088464	epochs	3.0
4408.691516796185	0.03360460000021703	epochs	2.0
4408.691516796185	0.016834799999742245	epochs	3.0
4408.708351596185	0.016769800000474788	epochs	3.0
4408.725121396185	0.0333466000001863	epochs	2.0
4408.725121396185	0.01670529999955761	epochs	3.0
4408.741826696185	0.01664130000062869	epochs	3.0
4408.758467996186	0.033092499999838765	epochs	2.0
4408.758467996186	0.016577800000050047	epochs	3.0
4408.775045796186	0.016514699999788718	epochs	3.0
4408.791560496185	0.032842300000083924	epochs	2.0
4408.791560496185	0.01645219999954861	epochs	3.0
4408.808012696185	0.016390100000535313	epochs	3.0
4408.8244027961855	0.03259569999954692	epochs	2.0
4408.8244027961855	0.016328400000020338	epochs	3.0
4408.8407311961855	0.016267299999526585	epochs	3.0
4408.856998496185	0.032352900000660156	epochs	2.0
4408.856998496185	0.01620660000025964	epochs	3.0
4408.873205096185	0.016146300000400515	epochs	3.0
4408.889351396186	0.03211369999917224	epochs	2.0
4408.889351396186	0.016086599999653117	epochs	3.0
4408.905437996185	0.016027099999519123	epochs	3.0
4408.921465096185	0.03187800000068819	epochs	2.0
4408.921465096185	0.015968200000315846	epochs	3.0
4408.937433296185	0.015909800000372343	epochs	3.0
4408.953343096186	0.03164569999989908	epochs	2.0
4408.953343096186	0.01585160000013275	epochs	3.0
4408.969194696186	0.01579409999976633	epochs	3.0
4408.9849887961855	0.03141669999968144	epochs	2.0
4408.9849887961855	0.015736700000161363	epochs	3.0
4409.000725496186	0.015679999999520078	epochs	3.0
4409.016405496185	0.03119109999988723	epochs	2.0
4409.016405496185	0.015623600000253646	epochs	3.0
4409.032029096185	0.015567499999633583	epochs	3.0
4409.047596596185	0.030968699999903038	epochs	2.0
4409.047596596185	0.015511999999944237	epochs	3.0
4409.063108596185	0.0154566999999588	epochs	3.0
4409.078565296185	0.030749500000638363	epochs	2.0
4409.078565296185	0.015401999999994587	epochs	3.0
4409.093967296185	0.015347500000643777	epochs	3.0
4409.109314796186	0.030533199999808858	epochs	2.0
4409.109314796186	0.01529339999979129	epochs	3.0
4409.124608196185	0.015239800000017567	epochs	3.0
4409.139847996185	0.03032009999969887	epochs	2.0
4409.139847996185	0.015186499999799707	epochs	3.0
4409.155034496185	0.015133599999899161	epochs	3.0
4409.170168096185	0.030109899999843037	epochs	2.0
4409.170168096185	0.015081000000463973	epochs	3.0
4409.1852490961855	0.015028899999379064	epochs	3.0
4409.200277996185	0.02990250000038941	epochs	2.0
4409.200277996185	0.014977000000726548	epochs	3.0
4409.215254996186	0.014925499999662861	epochs	3.0
4409.230180496185	0.0296981000001324	epochs	2.0
4409.230180496185	0.014874399999825982	epochs	3.0
4409.245054896185	0.014823700000306417	epochs	3.0
4409.259878596185	0.02949629999966419	epochs	2.0
4409.259878596185	0.014773199999581266	epochs	3.0
4409.274651796185	0.014723100000082923	epochs	3.0
4409.289374896185	0.02929740000035963	epochs	2.0
4409.289374896185	0.014673399999992398	epochs	3.0
4409.304048296185	0.014624000000367232	epochs	3.0
4409.3186722961855	0.029101099999934377	epochs	2.0
4409.3186722961855	0.014574899999388435	epochs	3.0
4409.333247196185	0.014526200000545941	epochs	3.0
4409.347773396185	0.028907400000207417	epochs	2.0
4409.347773396185	0.014477699999588367	epochs	3.0
4409.362251096185	0.01442970000061905	epochs	3.0
4409.376680796186	0.028716199999507808	epochs	2.0
4409.376680796186	0.014381799999682698	epochs	3.0
4409.391062596185	0.01433439999982511	epochs	3.0
4409.405396996185	0.028527600000415987	epochs	2.0
4409.405396996185	0.014287200000580924	epochs	3.0
4409.419684196186	0.014240399999835063	epochs	3.0
4409.4339245961855	0.028341399999590067	epochs	2.0
4409.4339245961855	0.014193799999702605	epochs	3.0
4409.448118396185	0.014147599999887461	epochs	3.0
4409.462265996185	0.02815770000051998	epochs	2.0
4409.462265996185	0.014101700000537676	epochs	3.0
4409.476367696186	0.014055999999982305	epochs	3.0
4409.490423696186	0.02797629999986384	epochs	2.0
4409.490423696186	0.014010599999892293	epochs	3.0
4409.5044342961855	0.013965699999971548	epochs	3.0
4409.5183999961855	0.027797199999440636	epochs	2.0
4409.5183999961855	0.013920800000050804	epochs	3.0
4409.532320796186	0.013876399999389832	epochs	3.0
4409.546197196185	0.02762040000015986	epochs	2.0
4409.546197196185	0.01383220000025176	epochs	3.0
4409.560029396185	0.013788199999908102	epochs	3.0
4409.573817596185	0.027445900000202528	epochs	2.0
4409.573817596185	0.013744599999881757	epochs	3.0
4409.587562196185	0.01370130000032077	epochs	3.0
4409.601263496185	0.027273499999864725	epochs	2.0
4409.601263496185	0.0136581999995542	epochs	3.0
4409.614921696185	0.013615300000310526	epochs	3.0
4409.628536996185	0.02710339999975986	epochs	2.0
4409.628536996185	0.013572800000474672	epochs	3.0
4409.642109796186	0.013530599999285187	epochs	3.0
4409.655640396185	0.02693520000048011	epochs	2.0
4409.655640396185	0.01348839999991469	epochs	3.0
4409.669128796185	0.013446800000565418	epochs	3.0
4409.682575596185	0.02676919999976235	epochs	2.0
4409.682575596185	0.01340520000030665	epochs	3.0
4409.695980796186	0.0133639999994557	epochs	3.0
4409.709344796185	0.026605199999721663	epochs	2.0
4409.709344796185	0.013322900000275695	epochs	3.0
4409.722667696185	0.013282299999445968	epochs	3.0
4409.735949996185	0.026443200000358047	epochs	2.0
4409.735949996185	0.01324170000043523	epochs	3.0
4409.749191696185	0.013201499999922817	epochs	3.0
4409.762393196185	0.026283199999852513	epochs	2.0
4409.762393196185	0.013161500000023807	epochs	3.0
4409.775554696185	0.013121699999828706	epochs	3.0
4409.788676396185	0.026125000000320142	epochs	2.0
4409.788676396185	0.01308210000024701	epochs	3.0
4409.801758496185	0.013042900000073132	epochs	3.0
4409.814801396185	0.025968899999497808	epochs	2.0
4409.814801396185	0.013003899999603163	epochs	3.0
4409.827805296185	0.012964999999894644	epochs	3.0
4409.840770296185	0.025814500000706175	epochs	2.0
4409.840770296185	0.012926400000651483	epochs	3.0
4409.853696696186	0.012888100000054692	epochs	3.0
4409.866584796186	0.025661899999249727	epochs	2.0
4409.866584796186	0.012849899999309855	epochs	3.0
4409.879434696185	0.012811999999939871	epochs	3.0
4409.892246696185	0.025511200000437384	epochs	2.0
4409.892246696185	0.012774400000125752	epochs	3.0
4409.905021096185	0.012736800000311632	epochs	3.0
4409.917757896185	0.02536229999986972	epochs	2.0
4409.917757896185	0.012699699999757286	epochs	3.0
4409.930457596185	0.012662600000112434	epochs	3.0
4409.943120196185	0.025214999999661813	epochs	2.0
4409.943120196185	0.012625800000023446	epochs	3.0
4409.955745996185	0.012589199999638367	epochs	3.0
4409.968335196185	0.024584800000411633	epochs	2.0
4409.991733996185	0.5	epochs	-1.0
4409.992919996185	0.55504000000019	epochs	1.0
4410.547959996185	0.44488000000001193	epochs	0.0
4411.004999637604	0.16391999999996187	epochs	0.0
4411.004999637604	0.07696039999973436	epochs	1.0
4411.0819600376035	0.009999200000493147	epochs	1.0
4411.091959237604	0.07696039999973436	epochs	1.0
4411.168919637604	2.0	epochs	0.0
4413.168919637604	0.5355200000003606	epochs	0.0
4413.168919637604	0.5355200000003606	epochs	1.0
4413.168933637604	0.5	epochs	-1.0
4413.668933637604	0.03550600000016857	epochs	-1.0
4413.704439637604	21.46439999999984	epochs	0.0
4414.763999938965	0.16391999999996187	epochs	0.0
4414.763999938965	0.07696039999973436	epochs	1.0
4414.840960338965	0.009999200000493147	epochs	1.0
4414.850959538965	0.07696039999973436	epochs	1.0
4414.927919938965	2.0	epochs	0.0
4416.927919938965	0.5547200000000885	epochs	0.0
4416.927919938965	0.5547200000000885	epochs	1.0
4416.927933938965	0.5	epochs	-1.0
4417.427933938965	0.05470599999989645	epochs	-1.0
4417.482639938965	21.445200000000114	epochs	0.0
4418.511999607086	0.16391999999996187	epochs	0.0
4418.511999607086	0.07696039999973436	epochs	1.0
4418.588960007086	0.009999200000493147	epochs	1.0
4418.598959207086	0.07696039999973436	epochs	1.0
4418.675919607086	2.0	epochs	0.0
4420.675919607086	0.5355200000003606	epochs	0.0
4420.675919607086	0.5355200000003606	epochs	1.0
4420.675933607086	0.5	epochs	-1.0
4421.175933607086	0.03550600000016857	epochs	-1.0
4421.2114396070865	21.46439999999984	epochs	0.0
4422.287999629974	0.16391999999996187	epochs	0.0
4422.287999629974	0.07696039999973436	epochs	1.0
4422.364960029974	0.009999200000493147	epochs	1.0
4422.374959229975	0.07696039999973436	epochs	1.0
4422.451919629974	2.0	epochs	0.0
4424.451919629974	0.5356000000001586	epochs	0.0
4424.451919629974	0.5356000000001586	epochs	1.0
4424.4519336299745	0.5	epochs	-1.0
4424.9519336299745	0.03558599999996659	epochs	-1.0
4424.9875196299745	21.464320000000043	epochs	0.0
4426.008999824524	0.16391999999996187	epochs	0.0
4426.008999824524	0.07696039999973436	epochs	1.0
4426.085960224524	0.009999200000493147	epochs	1.0
4426.095959424524	0.07696039999973436	epochs	1.0
4426.172919824524	2.0	epochs	0.0
4428.172919824524	0.5555199999998877	epochs	0.0
4428.172919824524	0.5555199999998877	epochs	1.0
4428.172933824524	0.5	epochs	-1.0
4428.672933824524	0.05550599999969563	epochs	-1.0
4428.728439824524	21.444400000000314	epochs	0.0
4429.780999660492	0.16391999999996187	epochs	0.0
4429.780999660492	0.07696039999973436	epochs	1.0
4429.857960060492	0.009999200000493147	epochs	1.0
4429.867959260492	0.07696039999973436	epochs	1.0
4429.944919660492	2.0	epochs	0.0
4431.944919660492	0.5559999999995853	epochs	0.0
4431.944919660492	0.5559999999995853	epochs	1.0
4431.944933660492	0.5	epochs	-1.0
4432.444933660492	0.05598599999939324	epochs	-1.0
4432.5009196604915	21.443920000000617	epochs	0.0
4433.484999656677	0.16391999999996187	epochs	0.0
4433.484999656677	0.07696039999973436	epochs	1.0
4433.561960056677	0.009999200000493147	epochs	1.0
4433.5719592566775	0.07696039999973436	epochs	1.0
4433.648919656677	2.0	epochs	0.0
4435.648919656677	0.5358400000004622	epochs	0.0
4435.648919656677	0.5358400000004622	epochs	1.0
4435.648933656677	0.5	epochs	-1.0
4436.148933656677	0.03582600000027014	epochs	-1.0
4436.184759656678	21.46407999999974	epochs	0.0
4437.265999794006	0.16391999999996187	epochs	0.0
4437.265999794006	0.07696039999973436	epochs	1.0
4437.342960194006	0.009999200000493147	epochs	1.0
4437.352959394007	0.07696039999973436	epochs	1.0
4437.429919794006	2.0	epochs	0.0
4439.429919794006	21.999920000000202	epochs	0.0
4439.429919794006	1.0	epochs	1.0
4439.4299337940065	0.5	epochs	-1.0
4439.9299337940065	19.999439999999595	epochs	-1.0
4440.429919794006	20.0	epochs	1.0
4440.429919794006	4.356753899999603	epochs	-1.0
4440.429919794006	1.9745872000003146	epochs	2.0
4440.429919794006	1.098562199999833	epochs	3.0
4441.528481994006	0.8760250000004817	epochs	3.0
4442.404506994007	1.3524074999995719	epochs	2.0
4442.404506994007	0.7286354999996547	epochs	3.0
4443.133142494006	0.6237719999999172	epochs	3.0
4443.756914494006	1.0297591999997167	epochs	2.0
4443.756914494006	0.5453293000000485	epochs	3.0
4444.302243794006	0.4844298999996681	epochs	3.0
4444.786673694006	0.8317862000003515	epochs	2.0
4444.786673694006	0.4357763000007253	epochs	3.0
4445.222449994007	0.3960098999996262	epochs	3.0
4445.618459894006	0.6977969999998095	epochs	2.0
4445.618459894006	0.3628982000000178	epochs	3.0
4445.981358094006	0.33489879999979166	epochs	3.0
4446.316256894006	0.6010457000002134	epochs	2.0
4446.316256894006	0.31091230000038195	epochs	3.0
4446.6271691940065	0.29013339999983145	epochs	3.0
4446.917302594006	0.5278859000000011	epochs	2.0
4446.917302594006	0.27195860000028915	epochs	3.0
4447.189261194007	0.255927299999712	epochs	3.0
4447.445188494006	0.4706193000001804	epochs	2.0
4447.445188494006	0.241681299999982	epochs	3.0
4447.686869794006	0.22893800000019837	epochs	3.0
4447.9158077940065	0.4245703999995385	epochs	2.0
4447.9158077940065	0.21747140000024956	epochs	3.0
4448.133279194007	0.20709899999928894	epochs	3.0
4448.340378194006	0.38673540000036155	epochs	2.0
4448.340378194006	0.19767110000066168	epochs	3.0
4448.538049294007	0.18906429999969987	epochs	3.0
4448.727113594006	0.3550953000003574	epochs	2.0
4448.727113594006	0.18117590000019845	epochs	3.0
4448.908289494007	0.17391940000015893	epochs	3.0
4449.082208894007	0.3282430999997814	epochs	2.0
4449.082208894007	0.1672218999992765	epochs	3.0
4449.249430794006	0.1610212000005049	epochs	3.0
4449.4104519940065	0.3051679999998669	epochs	2.0
4449.4104519940065	0.15526390000013635	epochs	3.0
4449.565715894007	0.14990409999973053	epochs	3.0
4449.715619994006	0.28512529999989056	epochs	2.0
4449.715619994006	0.14490209999985382	epochs	3.0
4449.860522094006	0.14022320000003674	epochs	3.0
4450.000745294006	0.26755380000031437	epochs	2.0
4450.000745294006	0.1358368999999584	epochs	3.0
4450.136582194006	0.13171690000035596	epochs	3.0
4450.268299094007	0.25202290000015637	epochs	2.0
4450.268299094007	0.12783929999932298	epochs	3.0
4450.396138394006	0.1241836000008334	epochs	3.0
4450.520321994007	0.23819649999950343	epochs	2.0
4450.520321994007	0.1207310999998299	epochs	3.0
4450.641053094007	0.11746539999967354	epochs	3.0
4450.758518494006	0.22580879999986792	epochs	2.0
4450.758518494006	0.11437190000015107	epochs	3.0
4450.872890394006	0.11143689999971684	epochs	3.0
4450.984327294006	0.21464600000035716	epochs	2.0
4450.984327294006	0.10864889999993466	epochs	3.0
4451.092976194006	0.1059971000004225	epochs	3.0
4451.1989732940065	0.2045349999998507	epochs	2.0
4451.1989732940065	0.10347149999961403	epochs	3.0
4451.302444794006	0.10106350000023667	epochs	3.0
4451.403508294006	0.19533400000000256	epochs	2.0
4451.403508294006	0.09876509999958216	epochs	3.0
4451.502273394006	0.0965689000004204	epochs	3.0
4451.598842294006	0.18692530000043917	epochs	2.0
4451.598842294006	0.09446829999978945	epochs	3.0
4451.693310594006	0.09245700000064971	epochs	3.0
4451.785767594007	0.17921069999920292	epochs	2.0
4451.785767594007	0.0905295999991722	epochs	3.0
4451.876297194006	0.08868110000003071	epochs	3.0
4451.964978294006	0.17210770000019693	epochs	2.0
4451.964978294006	0.08690630000000965	epochs	3.0
4452.051884594006	0.08520140000018728	epochs	3.0
4452.137085994006	0.16554640000049403	epochs	2.0
4452.137085994006	0.08356189999994967	epochs	3.0
4452.220647894006	0.08198450000054436	epochs	3.0
4452.302632394007	0.15946709999934683	epochs	2.0
4452.302632394007	0.0804653999994116	epochs	3.0
4452.383097794006	0.07900169999993523	epochs	3.0
4452.462099494006	0.15381840000009106	epochs	2.0
4452.462099494006	0.07759010000063427	epochs	3.0
4452.539689594007	0.0762282999994568	epochs	3.0
4452.615917894006	0.14855640000041603	epochs	2.0
4452.615917894006	0.07491329999993468	epochs	3.0
4452.690831194006	0.07364310000048135	epochs	3.0
4452.7644742940065	0.14364239999940764	epochs	2.0
4452.7644742940065	0.07241499999963708	epochs	3.0
4452.836889294006	0.07122739999977057	epochs	3.0
4452.908116694006	0.13904310000089026	epochs	2.0
4452.908116694006	0.0700780000006489	epochs	3.0
4452.978194694007	0.06896510000024136	epochs	3.0
4453.047159794007	0.13472929999988992	epochs	2.0
4453.047159794007	0.0678870999990977	epochs	3.0
4453.115046894006	0.06684220000079222	epochs	3.0
4453.181889094007	0.1306752000000415	epochs	2.0
4453.181889094007	0.06582909999997355	epochs	3.0
4453.247718194007	0.06484610000006796	epochs	3.0
4453.312564294007	0.1268577999999252	epochs	2.0
4453.312564294007	0.06389199999921402	epochs	3.0
4453.376456294006	0.06296580000071117	epochs	3.0
4453.439422094007	0.12325719999989815	epochs	2.0
4453.439422094007	0.06206579999980022	epochs	3.0
4453.5014878940065	0.06119140000009793	epochs	3.0
4453.562679294007	0.1198554000002332	epochs	2.0
4453.562679294007	0.060341100000187	epochs	3.0
4453.623020394007	0.059514300000046205	epochs	3.0
4453.682534694007	0.11663619999944785	epochs	2.0
4453.682534694007	0.058709599999929196	epochs	3.0
4453.741244294007	0.05792659999951866	epochs	3.0
4453.799170894006	0.11358560000007856	epochs	2.0
4453.799170894006	0.05716420000044309	epochs	3.0
4453.856335094007	0.05642139999963547	epochs	3.0
4453.912756494006	0.11069049999969138	epochs	2.0
4453.912756494006	0.05569790000026842	epochs	3.0
4453.968454394007	0.054992599999422964	epochs	3.0
4454.023446994006	0.10793910000029427	epochs	2.0
4454.023446994006	0.05430490000071586	epochs	3.0
4454.077751894007	0.053634199999578414	epochs	3.0
4454.131386094006	0.10532150000017282	epochs	2.0
4454.131386094006	0.05298000000038883	epochs	3.0
4454.184366094007	0.05234149999978399	epochs	3.0
4454.2367075940065	0.10282759999972768	epochs	2.0
4454.2367075940065	0.05171809999956167	epochs	3.0
4454.288425694006	0.05110950000016601	epochs	3.0
4454.339535194006	0.10044910000033269	epochs	2.0
4454.339535194006	0.050514900000052876	epochs	3.0
4454.390050094006	0.049934200000279816	epochs	3.0
4454.4399842940065	0.09817829999974492	epochs	2.0
4454.4399842940065	0.0493666000002122	epochs	3.0
4454.489350894007	0.04881169999953272	epochs	3.0
4454.538162594006	0.09600779999982478	epochs	2.0
4454.538162594006	0.0482692000005045	epochs	3.0
4454.586431794007	0.047738599999320286	epochs	3.0
4454.634170394006	0.09393120000004274	epochs	2.0
4454.634170394006	0.047219500000210246	epochs	3.0
4454.681389894006	0.04671169999983249	epochs	3.0
4454.728101594006	0.09194260000003851	epochs	2.0
4454.728101594006	0.046214599999984785	epochs	3.0
4454.774316194006	0.045728000000053726	epochs	3.0
4454.820044194006	0.09003630000006524	epochs	2.0
4454.820044194006	0.045251499999722	epochs	3.0
4454.865295694006	0.04478480000034324	epochs	3.0
4454.910080494006	0.0882075999998051	epochs	2.0
4454.910080494006	0.0443278000002465	epochs	3.0
4454.9544082940065	0.0438797999995586	epochs	3.0
4454.998288094006	0.0864516999999978	epochs	2.0
4454.998288094006	0.04344100000071194	epochs	3.0
4455.041729094007	0.04301069999928586	epochs	3.0
4455.084739794006	0.08476430000064283	epochs	2.0
4455.084739794006	0.042589000000589294	epochs	3.0
4455.127328794007	0.04217530000005354	epochs	3.0
4455.169504094007	0.08314149999932852	epochs	2.0
4455.169504094007	0.04176969999934954	epochs	3.0
4455.211273794006	0.041371799999978975	epochs	3.0
4455.252645594006	0.08157970000047499	epochs	2.0
4455.252645594006	0.040981400000418944	epochs	3.0
4455.293626994006	0.04059830000005604	epochs	3.0
4455.3342252940065	0.08007550000002084	epochs	2.0
4455.3342252940065	0.040222300000095856	epochs	3.0
4455.374447594007	0.03985319999992498	epochs	3.0
4455.4143007940065	0.07862569999997504	epochs	2.0
4455.4143007940065	0.03949079999983951	epochs	3.0
4455.453791594006	0.03913490000013553	epochs	3.0
4455.4929264940065	0.07722759999978734	epochs	2.0
4455.4929264940065	0.038785400000051595	epochs	3.0
4455.531711894007	0.03844219999973575	epochs	3.0
4455.570154094006	0.07587820000026113	epochs	2.0
4455.570154094006	0.03810479999992822	epochs	3.0
4455.608258894006	0.03777340000033291	epochs	3.0
4455.646032294007	0.07457520000025397	epochs	2.0
4455.646032294007	0.03744769999957498	epochs	3.0
4455.683479994006	0.03712750000067899	epochs	3.0
4455.720607494007	0.07331629999953293	epochs	2.0
4455.720607494007	0.03681289999985893	epochs	3.0
4455.757420394007	0.036503399999674	epochs	3.0
4455.793923794006	0.07209899999998015	epochs	2.0
4455.793923794006	0.03619909999997617	epochs	3.0
4455.830122894006	0.03589990000000398	epochs	3.0
4455.866022794006	0.07092170000032638	epochs	2.0
4455.866022794006	0.03560560000005353	epochs	3.0
4455.901628394006	0.035316100000272854	epochs	3.0
4455.936944494007	0.06978199999957724	epochs	2.0
4455.936944494007	0.03503120000004856	epochs	3.0
4455.971975694007	0.03475079999952868	epochs	3.0
4456.006726494006	0.0686786000005668	epochs	2.0
4456.006726494006	0.034475100000236125	epochs	3.0
4456.041201594006	0.03420350000033068	epochs	3.0
4456.075405094007	0.06760929999927612	epochs	2.0
4456.075405094007	0.03393619999951625	epochs	3.0
4456.109341294006	0.03367309999975987	epochs	3.0
4456.143014394006	0.06657290000021021	epochs	2.0
4456.143014394006	0.03341400000044814	epochs	3.0
4456.1764283940065	0.03315889999976207	epochs	3.0
4456.209587294006	0.06556780000028084	epochs	2.0
4456.209587294006	0.032907699999668694	epochs	3.0
4456.242494994006	0.03266010000061215	epochs	3.0
4456.275155094007	0.06459259999974165	epochs	2.0
4456.275155094007	0.03241639999941981	epochs	3.0
4456.307571494006	0.03217620000032184	epochs	3.0
4456.339747694006	0.06364599999960774	epochs	2.0
4456.339747694006	0.031939600000441715	epochs	3.0
4456.371687294007	0.031706399999166024	epochs	3.0
4456.403393694006	0.0627267000008942	epochs	2.0
4456.403393694006	0.03147660000013275	epochs	3.0
4456.434870294006	0.03125010000076145	epochs	3.0
4456.466120394007	0.06183359999977256	epochs	2.0
4456.466120394007	0.031026899999233137	epochs	3.0
4456.497147294006	0.030806700000539422	epochs	3.0
4456.527953994007	0.06096559999969031	epochs	2.0
4456.527953994007	0.030589799999688694	epochs	3.0
4456.558543794006	0.030375800000001618	epochs	3.0
4456.588919594006	0.060121600000456965	epochs	2.0
4456.588919594006	0.03016490000027261	epochs	3.0
4456.6190844940065	0.029956700000184355	epochs	3.0
4456.649041194007	0.05930069999976695	epochs	2.0
4456.649041194007	0.029751600000054168	epochs	3.0
4456.678792794007	0.02954909999971278	epochs	3.0
4456.7083418940065	0.058501800000158255	epochs	2.0
4456.7083418940065	0.029349399999773595	epochs	3.0
4456.737691294006	0.02915240000038466	epochs	3.0
4456.766843694007	0.05772419999993872	epochs	2.0
4456.766843694007	0.028957999999875028	epochs	3.0
4456.7958016940065	0.02876620000006369	epochs	3.0
4456.824567894007	0.05696709999938321	epochs	2.0
4456.824567894007	0.028577000000041153	epochs	3.0
4456.853144894007	0.028390099999342056	epochs	3.0
4456.881534994006	0.05622949999997218	epochs	2.0
4456.881534994006	0.028205700000398792	epochs	3.0
4456.909740694006	0.028023799999573384	epochs	3.0
4456.937764494006	0.05551070000001346	epochs	2.0
4456.937764494006	0.027844000000186497	epochs	3.0
4456.965608494006	0.02766669999982696	epochs	3.0
4456.993275194006	0.05481020000024728	epochs	2.0
4456.993275194006	0.02749149999999645	epochs	3.0
4457.020766694006	0.02731870000025083	epochs	3.0
4457.048085394006	0.0541270000003351	epochs	2.0
4457.048085394006	0.02714780000042083	epochs	3.0
4457.075233194007	0.026979199999914272	epochs	3.0
4457.1022123940065	0.053460699999959616	epochs	2.0
4457.1022123940065	0.026812600000084785	epochs	3.0
4457.129024994007	0.02664809999987483	epochs	3.0
4457.1556730940065	0.05281070000000909	epochs	2.0
4457.1556730940065	0.026485599999432452	epochs	3.0
4457.182158694006	0.02632510000057664	epochs	3.0
4457.2084837940065	0.052176199999848905	epochs	2.0
4457.2084837940065	0.026166399999965506	epochs	3.0
4457.2346501940065	0.0260097999998834	epochs	3.0
4457.260659994006	0.05155670000021928	epochs	2.0
4457.260659994006	0.02585480000016105	epochs	3.0
4457.2865147940065	0.02570190000005823	epochs	3.0
4457.312216694007	0.050951899999745365	epochs	2.0
4457.312216694007	0.025550700000167126	epochs	3.0
4457.337767394007	0.02540119999957824	epochs	3.0
4457.363168594006	0.05036099999961152	epochs	2.0
4457.363168594006	0.025253499999962514	epochs	3.0
4457.388422094006	0.025107499999649008	epochs	3.0
4457.413529594006	0.04978380000011384	epochs	2.0
4457.413529594006	0.02496320000045671	epochs	3.0
4457.438492794006	0.024820599999657134	epochs	3.0
4457.463313394006	0.0492195000006177	epochs	2.0
4457.463313394006	0.024679400000422902	epochs	3.0
4457.4879927940065	0.024540100000194798	epochs	3.0
4457.512532894007	0.048667899999600195	epochs	2.0
4457.512532894007	0.024402099999861093	epochs	3.0
4457.5369349940065	0.0242657999997391	epochs	3.0
4457.561200794006	0.048128600000381994	epochs	2.0
4457.561200794006	0.024131000000124914	epochs	3.0
4457.585331794006	0.02399760000025708	epochs	3.0
4457.609329394007	0.047601100000065344	epochs	2.0
4457.609329394007	0.02386579999983951	epochs	3.0
4457.6331951940065	0.023735300000225834	epochs	3.0
4457.656930494007	0.04708499999924243	epochs	2.0
4457.656930494007	0.023606299999300973	epochs	3.0
4457.680536794006	0.023478699999941455	epochs	3.0
4457.704015494006	0.04658000000017637	epochs	2.0
4457.704015494006	0.02335250000032829	epochs	3.0
4457.727367994006	0.023227499999848078	epochs	3.0
4457.750595494006	0.04608569999982137	epochs	2.0
4457.750595494006	0.02310399999987567	epochs	3.0
4457.773699494006	0.022981699999945704	epochs	3.0
4457.796681194006	0.04560180000044056	epochs	2.0
4457.796681194006	0.022860700000819634	epochs	3.0
4457.819541894007	0.02274109999962093	epochs	3.0
4457.842282994006	0.045127899999897636	epochs	2.0
4457.842282994006	0.022622499999670254	epochs	3.0
4457.864905494006	0.022505400000227382	epochs	3.0
4457.887410894006	0.044663800000307674	epochs	2.0
4457.887410894006	0.022389300000213552	epochs	3.0
4457.9098001940065	0.022274500000094122	epochs	3.0
4457.932074694007	0.04420919999938633	epochs	2.0
4457.932074694007	0.02216080000016518	epochs	3.0
4457.954235494007	0.022048399999221147	epochs	3.0
4457.976283894006	0.04376360000060231	epochs	2.0
4457.976283894006	0.021936900000582682	epochs	3.0
4457.998220794007	0.021826700000019628	epochs	3.0
4458.020047494007	0.043327100000169594	epochs	2.0
4458.020047494007	0.021717599999647064	epochs	3.0
4458.041765094006	0.02160950000052253	epochs	3.0
4458.063374594007	0.04289900000003399	epochs	2.0
4458.063374594007	0.021502499999769498	epochs	3.0
4458.0848770940065	0.021396500000264496	epochs	3.0
4458.106273594007	0.04247949999989942	epochs	2.0
4458.106273594007	0.021291699999892444	epochs	3.0
4458.127565294007	0.021187800000006973	epochs	3.0
4458.148753094007	0.04206789999989269	epochs	2.0
4458.148753094007	0.021084899999550544	epochs	3.0
4458.169837994006	0.020983000000342145	epochs	3.0
4458.190820994007	0.041664399999717716	epochs	2.0
4458.190820994007	0.020882199999505247	epochs	3.0
4458.211703194006	0.02078220000021247	epochs	3.0
4458.232485394006	0.04126850000011473	epochs	2.0
4458.232485394006	0.02068330000020069	epochs	3.0
4458.2531686940065	0.02058519999991404	epochs	3.0
4458.273753894006	0.04087999999956082	epochs	2.0
4458.273753894006	0.020488099999965925	epochs	3.0
4458.294241994006	0.020391899999594898	epochs	3.0
4458.314633894006	0.04049880000002304	epochs	2.0
4458.314633894006	0.020296600000619947	epochs	3.0
4458.334930494007	0.020202199999403092	epochs	3.0
4458.355132694006	0.04012460000012652	epochs	2.0
4458.355132694006	0.020108700000491808	epochs	3.0
4458.3752413940065	0.020015899999634712	epochs	3.0
4458.395257294006	0.03975730000001931	epochs	2.0
4458.395257294006	0.0199241999998776	epochs	3.0
4458.415181494006	0.019833100000141712	epochs	3.0
4458.435014594006	0.03939669999999751	epochs	2.0
4458.435014594006	0.019742999999834865	epochs	3.0
4458.454757594006	0.019653700000162644	epochs	3.0
4458.474411294006	0.03904240000065329	epochs	2.0
4458.474411294006	0.0195651000003636	epochs	3.0
4458.4939763940065	0.019477300000289688	epochs	3.0
4458.513453694007	0.03869459999987157	epochs	2.0
4458.513453694007	0.019390399999792862	epochs	3.0
4458.532844094007	0.01930420000007871	epochs	3.0
4458.552148294007	0.03835290000006353	epochs	2.0
4458.552148294007	0.019218800000089686	epochs	3.0
4458.571367094007	0.01913409999997384	epochs	3.0
4458.590501194007	0.038017199999558215	epochs	2.0
4458.590501194007	0.01905019999958313	epochs	3.0
4458.609551394006	0.018966999999975087	epochs	3.0
4458.628518394006	0.037687199999709264	epochs	2.0
4458.628518394006	0.018884500000240223	epochs	3.0
4458.6474028940065	0.01880269999946904	epochs	3.0
4458.666205594006	0.037363100000220584	epochs	2.0
4458.666205594006	0.01872170000024198	epochs	3.0
4458.684927294006	0.018641399999978603	epochs	3.0
4458.703568694006	0.037044300000161456	epochs	2.0
4458.703568694006	0.018561599999884493	epochs	3.0
4458.722130294006	0.018482700000276964	epochs	3.0
4458.740612994006	0.036731000000145286	epochs	2.0
4458.740612994006	0.018404299999929208	epochs	3.0
4458.759017294006	0.01832670000021608	epochs	3.0
4458.7773439940065	0.036422899999706715	epochs	2.0
4458.7773439940065	0.018249599999762722	epochs	3.0
4458.795593594006	0.018173299999943993	epochs	3.0
4458.813766894006	0.036120100000516686	epochs	2.0
4458.813766894006	0.018097600000146485	epochs	3.0
4458.831864494006	0.0180225000003702	epochs	3.0
4458.849886994007	0.03582209999967745	epochs	2.0
4458.849886994007	0.01794789999985369	epochs	3.0
4458.867834894007	0.01787419999982376	epochs	3.0
4458.885709094006	0.03552899999976944	epochs	2.0
4458.885709094006	0.017800800000259187	epochs	3.0
4458.903509894007	0.017728199999510252	epochs	3.0
4458.921238094006	0.03524070000003121	epochs	2.0
4458.921238094006	0.01765609999984008	epochs	3.0
4458.938894194006	0.01758460000019113	epochs	3.0
4458.956478794006	0.03495709999970131	epochs	2.0
4458.956478794006	0.017513700000563404	epochs	3.0
4458.973992494007	0.01744339999913791	epochs	3.0
4458.991435894006	0.03467790000013338	epochs	2.0
4458.991435894006	0.017373600000610168	epochs	3.0
4459.0088094940065	0.01730429999952321	epochs	3.0
4459.026113794006	0.03440330000012182	epochs	2.0
4459.026113794006	0.017235700000128418	epochs	3.0
4459.043349494006	0.0171675999999934	epochs	3.0
4459.060517094006	0.03413280000040686	epochs	2.0
4459.060517094006	0.017099900000175694	epochs	3.0
4459.077616994006	0.017032900000231166	epochs	3.0
4459.094649894007	0.033866699999634875	epochs	2.0
4459.094649894007	0.01696639999954641	epochs	3.0
4459.111616294006	0.016900300000088464	epochs	3.0
4459.128516594006	0.03360460000021703	epochs	2.0
4459.128516594006	0.016834799999742245	epochs	3.0
4459.145351394006	0.016769800000474788	epochs	3.0
4459.162121194006	0.0333466000001863	epochs	2.0
4459.162121194006	0.01670529999955761	epochs	3.0
4459.178826494006	0.01664130000062869	epochs	3.0
4459.195467794007	0.033092499999838765	epochs	2.0
4459.195467794007	0.016577800000050047	epochs	3.0
4459.212045594007	0.016514699999788718	epochs	3.0
4459.2285602940065	0.032842300000083924	epochs	2.0
4459.2285602940065	0.01645219999954861	epochs	3.0
4459.245012494006	0.016390100000535313	epochs	3.0
4459.2614025940065	0.03259569999954692	epochs	2.0
4459.2614025940065	0.016328400000020338	epochs	3.0
4459.277730994007	0.016267299999526585	epochs	3.0
4459.293998294006	0.032352900000660156	epochs	2.0
4459.293998294006	0.01620660000025964	epochs	3.0
4459.310204894006	0.016146300000400515	epochs	3.0
4459.326351194007	0.03211369999917224	epochs	2.0
4459.326351194007	0.016086599999653117	epochs	3.0
4459.342437794006	0.016027099999519123	epochs	3.0
4459.358464894006	0.03187800000068819	epochs	2.0
4459.358464894006	0.015968200000315846	epochs	3.0
4459.374433094006	0.015909800000372343	epochs	3.0
4459.390342894007	0.03164569999989908	epochs	2.0
4459.390342894007	0.01585160000013275	epochs	3.0
4459.406194494007	0.01579409999976633	epochs	3.0
4459.4219885940065	0.03141669999968144	epochs	2.0
4459.4219885940065	0.015736700000161363	epochs	3.0
4459.437725294007	0.015679999999520078	epochs	3.0
4459.453405294006	0.03119109999988723	epochs	2.0
4459.453405294006	0.015623600000253646	epochs	3.0
4459.469028894006	0.015567499999633583	epochs	3.0
4459.484596394006	0.030968699999903038	epochs	2.0
4459.484596394006	0.015511999999944237	epochs	3.0
4459.500108394006	0.0154566999999588	epochs	3.0
4459.515565094006	0.030749500000638363	epochs	2.0
4459.515565094006	0.015401999999994587	epochs	3.0
4459.530967094006	0.015347500000643777	epochs	3.0
4459.546314594007	0.030533199999808858	epochs	2.0
4459.546314594007	0.01529339999979129	epochs	3.0
4459.561607994006	0.015239800000017567	epochs	3.0
4459.576847794006	0.03032009999969887	epochs	2.0
4459.576847794006	0.015186499999799707	epochs	3.0
4459.592034294006	0.015133599999899161	epochs	3.0
4459.607167894006	0.030109899999843037	epochs	2.0
4459.607167894006	0.015081000000463973	epochs	3.0
4459.622248894007	0.015028899999379064	epochs	3.0
4459.637277794006	0.02990250000038941	epochs	2.0
4459.637277794006	0.014977000000726548	epochs	3.0
4459.652254794007	0.014925499999662861	epochs	3.0
4459.667180294006	0.0296981000001324	epochs	2.0
4459.667180294006	0.014874399999825982	epochs	3.0
4459.682054694006	0.014823700000306417	epochs	3.0
4459.6968783940065	0.02949629999966419	epochs	2.0
4459.6968783940065	0.014773199999581266	epochs	3.0
4459.711651594006	0.014723100000082923	epochs	3.0
4459.726374694006	0.02929740000035963	epochs	2.0
4459.726374694006	0.014673399999992398	epochs	3.0
4459.741048094006	0.014624000000367232	epochs	3.0
4459.7556720940065	0.029101099999934377	epochs	2.0
4459.7556720940065	0.014574899999388435	epochs	3.0
4459.770246994006	0.014526200000545941	epochs	3.0
4459.784773194006	0.028907400000207417	epochs	2.0
4459.784773194006	0.014477699999588367	epochs	3.0
4459.799250894006	0.01442970000061905	epochs	3.0
4459.813680594007	0.028716199999507808	epochs	2.0
4459.813680594007	0.014381799999682698	epochs	3.0
4459.828062394006	0.01433439999982511	epochs	3.0
4459.842396794006	0.028527600000415987	epochs	2.0
4459.842396794006	0.014287200000580924	epochs	3.0
4459.856683994007	0.014240399999835063	epochs	3.0
4459.870924394007	0.028341399999590067	epochs	2.0
4459.870924394007	0.014193799999702605	epochs	3.0
4459.885118194006	0.014147599999887461	epochs	3.0
4459.899265794006	0.02815770000051998	epochs	2.0
4459.899265794006	0.014101700000537676	epochs	3.0
4459.913367494007	0.014055999999982305	epochs	3.0
4459.927423494007	0.02797629999986384	epochs	2.0
4459.927423494007	0.014010599999892293	epochs	3.0
4459.941434094007	0.013965699999971548	epochs	3.0
4459.955399794007	0.027797199999440636	epochs	2.0
4459.955399794007	0.013920800000050804	epochs	3.0
4459.969320594007	0.013876399999389832	epochs	3.0
4459.983196994006	0.02762040000015986	epochs	2.0
4459.983196994006	0.01383220000025176	epochs	3.0
4459.997029194006	0.013788199999908102	epochs	3.0
4460.010817394006	0.027445900000202528	epochs	2.0
4460.010817394006	0.013744599999881757	epochs	3.0
4460.024561994006	0.01370130000032077	epochs	3.0
4460.038263294006	0.027273499999864725	epochs	2.0
4460.038263294006	0.0136581999995542	epochs	3.0
4460.051921494006	0.013615300000310526	epochs	3.0
4460.065536794006	0.02710339999975986	epochs	2.0
4460.065536794006	0.013572800000474672	epochs	3.0
4460.079109594007	0.013530599999285187	epochs	3.0
4460.092640194006	0.02693520000048011	epochs	2.0
4460.092640194006	0.01348839999991469	epochs	3.0
4460.106128594006	0.013446800000565418	epochs	3.0
4460.1195753940065	0.02676919999976235	epochs	2.0
4460.1195753940065	0.01340520000030665	epochs	3.0
4460.132980594007	0.0133639999994557	epochs	3.0
4460.146344594006	0.026605199999721663	epochs	2.0
4460.146344594006	0.013322900000275695	epochs	3.0
4460.1596674940065	0.013282299999445968	epochs	3.0
4460.172949794006	0.026443200000358047	epochs	2.0
4460.172949794006	0.01324170000043523	epochs	3.0
4460.186191494006	0.013201499999922817	epochs	3.0
4460.199392994006	0.026283199999852513	epochs	2.0
4460.199392994006	0.013161500000023807	epochs	3.0
4460.212554494006	0.013121699999828706	epochs	3.0
4460.225676194006	0.026125000000320142	epochs	2.0
4460.225676194006	0.01308210000024701	epochs	3.0
4460.238758294006	0.013042900000073132	epochs	3.0
4460.2518011940065	0.025968899999497808	epochs	2.0
4460.2518011940065	0.013003899999603163	epochs	3.0
4460.264805094006	0.012964999999894644	epochs	3.0
4460.277770094006	0.025814500000706175	epochs	2.0
4460.277770094006	0.012926400000651483	epochs	3.0
4460.290696494007	0.012888100000054692	epochs	3.0
4460.303584594007	0.025661899999249727	epochs	2.0
4460.303584594007	0.012849899999309855	epochs	3.0
4460.316434494006	0.012811999999939871	epochs	3.0
4460.329246494006	0.025511200000437384	epochs	2.0
4460.329246494006	0.012774400000125752	epochs	3.0
4460.342020894006	0.012736800000311632	epochs	3.0
4460.354757694006	0.02536229999986972	epochs	2.0
4460.354757694006	0.012699699999757286	epochs	3.0
4460.367457394006	0.012662600000112434	epochs	3.0
4460.380119994006	0.025214999999661813	epochs	2.0
4460.380119994006	0.012625800000023446	epochs	3.0
4460.392745794006	0.012589199999638367	epochs	3.0
4460.405334994006	0.024584800000411633	epochs	2.0
4460.429373794006	0.5	epochs	-1.0
4460.429919794006	0.999920000000202	epochs	1.0
4460.929373794006	0.5	epochs	-1.0
4461.910999774933	0.16391999999996187	epochs	0.0
4461.910999774933	0.07696039999973436	epochs	1.0
4461.987960174933	0.009999200000493147	epochs	1.0
4461.997959374933	0.07696039999973436	epochs	1.0
4462.074919774933	2.0	epochs	0.0
4464.074919774933	0.5360799999998562	epochs	0.0
4464.074919774933	0.5360799999998562	epochs	1.0
4464.074933774933	0.5	epochs	-1.0
4464.574933774933	0.0360659999996642	epochs	-1.0
4464.610999774933	21.463840000000346	epochs	0.0
4496.511999607086	0.09959999999955471	epochs	0.0
4496.511999607086	0.044800100000429666	epochs	1.0
4496.556799707087	0.009999799999604875	epochs	1.0
4496.566799507086	0.04480009999952017	epochs	1.0
4496.611599607086	2.0	epochs	0.0
4498.611599607086	0.559280000000399	epochs	0.0
4498.611599607086	0.559280000000399	epochs	1.0
4498.611601207086	0.5	epochs	-1.0
4499.111601207086	0.059278400000039255	epochs	-1.0
4499.170879607086	21.440639999999803	epochs	0.0
4500.372999668121	0.09959999999955471	epochs	0.0
4500.372999668121	0.044800100000429666	epochs	1.0
4500.417799768122	0.009999799999604875	epochs	1.0
4500.427799568121	0.04480009999952017	epochs	1.0
4500.472599668121	2.0	epochs	0.0
4502.472599668121	0.5596000000005006	epochs	0.0
4502.472599668121	0.5596000000005006	epochs	1.0
4502.472601268121	0.5	epochs	-1.0
4502.972601268121	0.05959840000014083	epochs	-1.0
4503.032199668121	21.4403199999997	epochs	0.0
4504.206999778748	0.09959999999955471	epochs	0.0
4504.206999778748	0.044800100000429666	epochs	1.0
4504.251799878748	0.009999799999604875	epochs	1.0
4504.261799678748	0.04480009999952017	epochs	1.0
4504.306599778747	2.0	epochs	0.0
4506.306599778747	0.5596800000002986	epochs	0.0
4506.306599778747	0.5596800000002986	epochs	1.0
4506.3066013787475	0.5	epochs	-1.0
4506.8066013787475	0.05967839999993885	epochs	-1.0
4506.866279778747	21.440239999999903	epochs	0.0
4507.938999652863	0.09959999999955471	epochs	0.0
4507.938999652863	0.044800100000429666	epochs	1.0
4507.983799752863	0.009999799999604875	epochs	1.0
4507.993799552863	0.04480009999952017	epochs	1.0
4508.038599652862	2.0	epochs	0.0
4510.038599652862	0.519680000000335	epochs	0.0
4510.038599652862	0.519680000000335	epochs	1.0
4510.0386012528625	0.5	epochs	-1.0
4510.5386012528625	0.019678399999975227	epochs	-1.0
4510.558279652862	21.480239999999867	epochs	0.0
4511.8369998931885	0.09959999999955471	epochs	0.0
4511.8369998931885	0.044800100000429666	epochs	1.0
4511.881799993189	0.009999799999604875	epochs	1.0
4511.8917997931885	0.04480009999952017	epochs	1.0
4511.936599893188	2.0	epochs	0.0
4513.936599893188	0.5004800000006071	epochs	0.0
4513.936599893188	0.5004800000006071	epochs	1.0
4513.936601493188	0.5	epochs	-1.0
4514.436601493188	0.00047840000024734763	epochs	-1.0
4514.437079893189	21.499439999999595	epochs	0.0
4515.719999790192	0.09959999999955471	epochs	0.0
4515.719999790192	0.044800100000429666	epochs	1.0
4515.764799890192	0.009999799999604875	epochs	1.0
4515.774799690192	0.04480009999952017	epochs	1.0
4515.819599790191	2.0	epochs	0.0
4517.819599790191	0.5004000000008091	epochs	0.0
4517.819599790191	0.5004000000008091	epochs	1.0
4517.819601390192	0.5	epochs	-1.0
4518.319601390192	0.0003984000004493282	epochs	-1.0
4518.319999790192	21.499519999999393	epochs	0.0
4519.601999759674	0.09959999999955471	epochs	0.0
4519.601999759674	0.044800100000429666	epochs	1.0
4519.6467998596745	0.009999799999604875	epochs	1.0
4519.656799659674	0.04480009999952017	epochs	1.0
4519.701599759674	2.0	epochs	0.0
4521.701599759674	5.359920000000784	epochs	0.0
4521.701599759674	1.0	epochs	1.0
4521.701601359674	0.5	epochs	-1.0
4522.201601359674	4.859918400000424	epochs	-1.0
4522.701599759674	4.359920000000784	epochs	1.0
4522.701599759674	4.356753900000513	epochs	-1.0
4522.701599759674	1.9745872000003146	epochs	2.0
4522.701599759674	1.0985622000007425	epochs	3.0
4523.800161959674	0.8760249999995722	epochs	3.0
4524.676186959674	1.3524075000004814	epochs	2.0
4524.676186959674	0.7286355000005642	epochs	3.0
4525.4048224596745	0.6237719999999172	epochs	3.0
4526.028594459674	1.0297591999997167	epochs	2.0
4526.028594459674	0.5453293000000485	epochs	3.0
4526.5739237596745	0.4844298999996681	epochs	3.0
4527.058353659674	0.003166100000271399	epochs	2.0
4527.058353659674	0.003166100000271399	epochs	3.0
4527.061519759674	16.639999999999418	epochs	0.0
4527.427999973297	0.09959999999955471	epochs	0.0
4527.427999973297	0.044800100000429666	epochs	1.0
4527.472800073298	0.009999799999604875	epochs	1.0
4527.482799873297	0.04480009999952017	epochs	1.0
4527.527599973297	2.0	epochs	0.0
4529.527599973297	0.559200000000601	epochs	0.0
4529.527599973297	0.559200000000601	epochs	1.0
4529.527601573297	0.5	epochs	-1.0
4530.027601573297	0.059198400000241236	epochs	-1.0
4530.086799973297	21.4407199999996	epochs	0.0
4531.247999668121	0.09959999999955471	epochs	0.0
4531.247999668121	0.044800100000429666	epochs	1.0
4531.292799768122	0.009999799999604875	epochs	1.0
4531.302799568121	0.04480009999952017	epochs	1.0
4531.347599668121	2.0	epochs	0.0
4533.347599668121	21.999920000000202	epochs	0.0
4533.347599668121	1.0	epochs	1.0
4533.347601268121	0.5	epochs	-1.0
4533.847601268121	19.99928	epochs	-1.0
4534.347599668121	20.0	epochs	1.0
4534.347599668121	4.356753900000513	epochs	-1.0
4534.347599668121	1.9745872000003146	epochs	2.0
4534.347599668121	1.0985622000007425	epochs	3.0
4535.446161868122	0.8760249999995722	epochs	3.0
4536.322186868121	1.3524075000004814	epochs	2.0
4536.322186868121	0.7286355000005642	epochs	3.0
4537.050822368122	0.6237719999999172	epochs	3.0
4537.674594368122	1.0297591999997167	epochs	2.0
4537.674594368122	0.5453293000000485	epochs	3.0
4538.219923668122	0.4844298999996681	epochs	3.0
4538.704353568121	0.8317862000003515	epochs	2.0
4538.704353568121	0.4357762999998158	epochs	3.0
4539.140129868121	0.3960099000005357	epochs	3.0
4539.536139768122	0.6977969999998095	epochs	2.0
4539.536139768122	0.3628982000000178	epochs	3.0
4539.899037968122	0.33489879999979166	epochs	3.0
4540.233936768122	0.6010457000002134	epochs	2.0
4540.233936768122	0.31091229999947245	epochs	3.0
4540.544849068121	0.29013340000074095	epochs	3.0
4540.834982468122	0.5278859000000011	epochs	2.0
4540.834982468122	0.27195859999937966	epochs	3.0
4541.106941068121	0.25592730000062147	epochs	3.0
4541.362868368122	0.4706192999992709	epochs	2.0
4541.362868368122	0.241681299999982	epochs	3.0
4541.604549668122	0.22893799999928888	epochs	3.0
4541.833487668121	0.424570400000448	epochs	2.0
4541.833487668121	0.21747140000024956	epochs	3.0
4542.050959068121	0.20709900000019843	epochs	3.0
4542.2580580681215	0.38673539999945206	epochs	2.0
4542.2580580681215	0.1976710999997522	epochs	3.0
4542.455729168121	0.18906429999969987	epochs	3.0
4542.644793468121	0.3550953000003574	epochs	2.0
4542.644793468121	0.18117590000019845	epochs	3.0
4542.825969368121	0.17391940000015893	epochs	3.0
4542.999888768121	0.3282430999997814	epochs	2.0
4542.999888768121	0.167221900000186	epochs	3.0
4543.1671106681215	0.1610211999995954	epochs	3.0
4543.328131868121	0.3051679999998669	epochs	2.0
4543.328131868121	0.15526390000013635	epochs	3.0
4543.483395768121	0.14990409999973053	epochs	3.0
4543.633299868121	0.28512530000080005	epochs	2.0
4543.633299868121	0.1449021000007633	epochs	3.0
4543.778201968122	0.14022320000003674	epochs	3.0
4543.918425168122	0.2675537999994049	epochs	2.0
4543.918425168122	0.1358368999999584	epochs	3.0
4544.054262068122	0.13171689999944647	epochs	3.0
4544.185978968121	0.25202290000015637	epochs	2.0
4544.185978968121	0.12783930000023247	epochs	3.0
4544.313818268121	0.1241835999999239	epochs	3.0
4544.438001868121	0.23819650000041293	epochs	2.0
4544.438001868121	0.1207310999998299	epochs	3.0
4544.558732968121	0.11746540000058303	epochs	3.0
4544.676198368122	0.22580879999986792	epochs	2.0
4544.676198368122	0.11437189999924158	epochs	3.0
4544.790570268121	0.11143690000062634	epochs	3.0
4544.902007168122	0.21464599999944767	epochs	2.0
4544.902007168122	0.10864889999993466	epochs	3.0
4545.0106560681215	0.10599709999951301	epochs	3.0
4545.116653168121	0.2045349999998507	epochs	2.0
4545.116653168121	0.10347150000052352	epochs	3.0
4545.220124668122	0.10106349999932718	epochs	3.0
4545.321188168121	0.19533400000000256	epochs	2.0
4545.321188168121	0.09876510000049166	epochs	3.0
4545.419953268121	0.0965688999995109	epochs	3.0
4545.516522168121	0.18692530000043917	epochs	2.0
4545.516522168121	0.09446830000069895	epochs	3.0
4545.610990468122	0.09245699999974022	epochs	3.0
4545.703447468121	0.1792107000001124	epochs	2.0
4545.703447468121	0.0905296000000817	epochs	3.0
4545.793977068121	0.08868110000003071	epochs	3.0
4545.882658168121	0.17210770000019693	epochs	2.0
4545.882658168121	0.08690630000000965	epochs	3.0
4545.9695644681215	0.08520140000018728	epochs	3.0
4546.054765868122	0.16554639999958454	epochs	2.0
4546.054765868122	0.08356189999994967	epochs	3.0
4546.138327768122	0.08198449999963486	epochs	3.0
4546.220312268121	0.15946710000025632	epochs	2.0
4546.220312268121	0.0804654000003211	epochs	3.0
4546.300777668122	0.07900169999993523	epochs	3.0
4546.3797793681215	0.15381840000009106	epochs	2.0
4546.3797793681215	0.07759009999972477	epochs	3.0
4546.457369468121	0.07622830000036629	epochs	3.0
4546.533597768122	0.14855639999950654	epochs	2.0
4546.533597768122	0.07491329999993468	epochs	3.0
4546.6085110681215	0.07364309999957186	epochs	3.0
4546.682154168121	0.14364240000031714	epochs	2.0
4546.682154168121	0.07241500000054657	epochs	3.0
4546.754569168122	0.07122739999977057	epochs	3.0
4546.825796568121	0.13904309999998077	epochs	2.0
4546.825796568121	0.0700779999997394	epochs	3.0
4546.895874568121	0.06896510000024136	epochs	3.0
4546.964839668121	0.13472929999988992	epochs	2.0
4546.964839668121	0.0678871000000072	epochs	3.0
4547.032726768121	0.06684219999988272	epochs	3.0
4547.099568968121	0.1306752000000415	epochs	2.0
4547.099568968121	0.06582909999997355	epochs	3.0
4547.165398068121	0.06484610000006796	epochs	3.0
4547.230244168121	0.1268577999999252	epochs	2.0
4547.230244168121	0.06389200000012352	epochs	3.0
4547.294136168121	0.06296579999980167	epochs	3.0
4547.357101968121	0.12325719999989815	epochs	2.0
4547.357101968121	0.06206579999980022	epochs	3.0
4547.419167768121	0.06119140000009793	epochs	3.0
4547.480359168121	0.1198554000002332	epochs	2.0
4547.480359168121	0.060341100000187	epochs	3.0
4547.540700268121	0.059514300000046205	epochs	3.0
4547.600214568121	0.11663620000035735	epochs	2.0
4547.600214568121	0.058709599999929196	epochs	3.0
4547.658924168121	0.05792660000042815	epochs	3.0
4547.716850768122	0.11358559999916906	epochs	2.0
4547.716850768122	0.057164199999533594	epochs	3.0
4547.774014968121	0.05642139999963547	epochs	3.0
4547.830436368121	0.11069050000060088	epochs	2.0
4547.830436368121	0.05569790000026842	epochs	3.0
4547.886134268121	0.05499260000033246	epochs	3.0
4547.9411268681215	0.10793909999938478	epochs	2.0
4547.9411268681215	0.054304899999806366	epochs	3.0
4547.995431768121	0.053634199999578414	epochs	3.0
4548.049065968121	0.10532150000017282	epochs	2.0
4548.049065968121	0.05298000000038883	epochs	3.0
4548.102045968121	0.05234149999978399	epochs	3.0
4548.154387468121	0.10282760000063718	epochs	2.0
4548.154387468121	0.05171810000047117	epochs	3.0
4548.2061055681215	0.05110950000016601	epochs	3.0
4548.257215068122	0.1004490999994232	epochs	2.0
4548.257215068122	0.050514900000052876	epochs	3.0
4548.307729968122	0.04993419999937032	epochs	3.0
4548.357664168121	0.09817830000065442	epochs	2.0
4548.357664168121	0.0493666000002122	epochs	3.0
4548.407030768121	0.048811700000442215	epochs	3.0
4548.455842468122	0.09600779999982478	epochs	2.0
4548.455842468122	0.048269199999595	epochs	3.0
4548.504111668121	0.04773860000022978	epochs	3.0
4548.551850268122	0.09393120000004274	epochs	2.0
4548.551850268122	0.04721949999930075	epochs	3.0
4548.599069768121	0.046711700000741985	epochs	3.0
4548.645781468122	0.09194260000003851	epochs	2.0
4548.645781468122	0.046214599999984785	epochs	3.0
4548.691996068122	0.045728000000053726	epochs	3.0
4548.737724068122	0.09003630000006524	epochs	2.0
4548.737724068122	0.045251499999722	epochs	3.0
4548.782975568121	0.04478480000034324	epochs	3.0
4548.827760368122	0.0882075999998051	epochs	2.0
4548.827760368122	0.044327799999337	epochs	3.0
4548.872088168121	0.043879800000468094	epochs	3.0
4548.915967968122	0.0864516999999978	epochs	2.0
4548.915967968122	0.04344099999980244	epochs	3.0
4548.959408968121	0.04301070000019536	epochs	3.0
4549.002419668122	0.08476429999973334	epochs	2.0
4549.002419668122	0.0425889999996798	epochs	3.0
4549.045008668121	0.04217530000005354	epochs	3.0
4549.087183968121	0.08314150000023801	epochs	2.0
4549.087183968121	0.041769700000259036	epochs	3.0
4549.1289536681215	0.041371799999978975	epochs	3.0
4549.1703254681215	0.08157969999956549	epochs	2.0
4549.1703254681215	0.04098139999950945	epochs	3.0
4549.211306868121	0.04059830000005604	epochs	3.0
4549.251905168121	0.08007550000002084	epochs	2.0
4549.251905168121	0.040222300000095856	epochs	3.0
4549.292127468121	0.03985319999992498	epochs	3.0
4549.331980668121	0.07862569999997504	epochs	2.0
4549.331980668121	0.03949079999983951	epochs	3.0
4549.371471468121	0.03913490000013553	epochs	3.0
4549.410606368121	0.07722760000069684	epochs	2.0
4549.410606368121	0.038785400000051595	epochs	3.0
4549.449391768121	0.038442200000645244	epochs	3.0
4549.487833968122	0.07587819999935164	epochs	2.0
4549.487833968122	0.03810479999992822	epochs	3.0
4549.525938768122	0.03777339999942342	epochs	3.0
4549.563712168121	0.07457520000025397	epochs	2.0
4549.563712168121	0.037447700000484474	epochs	3.0
4549.601159868122	0.0371274999997695	epochs	3.0
4549.638287368121	0.07331629999953293	epochs	2.0
4549.638287368121	0.03681289999985893	epochs	3.0
4549.675100268121	0.036503399999674	epochs	3.0
4549.711603668121	0.07209899999998015	epochs	2.0
4549.711603668121	0.03619909999997617	epochs	3.0
4549.747802768121	0.03589990000000398	epochs	3.0
4549.783702668121	0.07092170000032638	epochs	2.0
4549.783702668121	0.03560560000005353	epochs	3.0
4549.819308268121	0.035316100000272854	epochs	3.0
4549.854624368121	0.06978200000048673	epochs	2.0
4549.854624368121	0.03503120000004856	epochs	3.0
4549.889655568121	0.034750800000438176	epochs	3.0
4549.924406368122	0.06867859999965731	epochs	2.0
4549.924406368122	0.03447509999932663	epochs	3.0
4549.958881468121	0.03420350000033068	epochs	3.0
4549.993084968121	0.06760930000018561	epochs	2.0
4549.993084968121	0.03393620000042574	epochs	3.0
4550.027021168122	0.03367309999975987	epochs	3.0
4550.060694268122	0.06657290000021021	epochs	2.0
4550.060694268122	0.033413999999538646	epochs	3.0
4550.094108268121	0.033158900000671565	epochs	3.0
4550.127267168122	0.06556779999937135	epochs	2.0
4550.127267168122	0.032907699999668694	epochs	3.0
4550.160174868121	0.03266009999970265	epochs	3.0
4550.192834968121	0.06459260000065115	epochs	2.0
4550.192834968121	0.032416400000329304	epochs	3.0
4550.2252513681215	0.03217620000032184	epochs	3.0
4550.257427568122	0.06364599999960774	epochs	2.0
4550.257427568122	0.03193959999953222	epochs	3.0
4550.289367168121	0.03170640000007552	epochs	3.0
4550.321073568121	0.0627266999999847	epochs	2.0
4550.321073568121	0.03147660000013275	epochs	3.0
4550.3525501681215	0.031250099999851955	epochs	3.0
4550.383800268121	0.06183359999977256	epochs	2.0
4550.383800268121	0.031026900000142632	epochs	3.0
4550.4148271681215	0.030806699999629927	epochs	3.0
4550.445633868121	0.06096560000059981	epochs	2.0
4550.445633868121	0.03058980000059819	epochs	3.0
4550.476223668122	0.030375800000001618	epochs	3.0
4550.506599468122	0.06012159999954747	epochs	2.0
4550.506599468122	0.030164899999363115	epochs	3.0
4550.536764368121	0.029956700000184355	epochs	3.0
4550.566721068121	0.05930069999976695	epochs	2.0
4550.566721068121	0.029751600000054168	epochs	3.0
4550.596472668121	0.02954909999971278	epochs	3.0
4550.626021768121	0.058501800000158255	epochs	2.0
4550.626021768121	0.02934940000068309	epochs	3.0
4550.655371168122	0.029152399999475165	epochs	3.0
4550.684523568121	0.05772419999993872	epochs	2.0
4550.684523568121	0.028957999999875028	epochs	3.0
4550.713481568121	0.02876620000006369	epochs	3.0
4550.742247768121	0.0569671000002927	epochs	2.0
4550.742247768121	0.028577000000041153	epochs	3.0
4550.770824768121	0.02839010000025155	epochs	3.0
4550.799214868121	0.05622949999997218	epochs	2.0
4550.799214868121	0.028205699999489298	epochs	3.0
4550.827420568121	0.02802380000048288	epochs	3.0
4550.855444368121	0.05551070000001346	epochs	2.0
4550.855444368121	0.027844000000186497	epochs	3.0
4550.883288368122	0.02766669999982696	epochs	3.0
4550.910955068121	0.05481020000024728	epochs	2.0
4550.910955068121	0.02749149999999645	epochs	3.0
4550.938446568121	0.02731870000025083	epochs	3.0
4550.965765268122	0.05412699999942561	epochs	2.0
4550.965765268122	0.027147799999511335	epochs	3.0
4550.992913068121	0.026979199999914272	epochs	3.0
4551.019892268121	0.053460699999959616	epochs	2.0
4551.019892268121	0.026812600000084785	epochs	3.0
4551.046704868121	0.02664809999987483	epochs	3.0
4551.073352968121	0.05281070000000909	epochs	2.0
4551.073352968121	0.026485600000341947	epochs	3.0
4551.099838568121	0.026325099999667145	epochs	3.0
4551.126163668121	0.052176199999848905	epochs	2.0
4551.126163668121	0.026166399999965506	epochs	3.0
4551.152330068121	0.0260097999998834	epochs	3.0
4551.178339868121	0.05155670000021928	epochs	2.0
4551.178339868121	0.02585480000016105	epochs	3.0
4551.204194668121	0.02570190000005823	epochs	3.0
4551.229896568121	0.050951899999745365	epochs	2.0
4551.229896568121	0.025550700000167126	epochs	3.0
4551.255447268121	0.02540119999957824	epochs	3.0
4551.280848468121	0.05036100000052102	epochs	2.0
4551.280848468121	0.02525350000087201	epochs	3.0
4551.306101968122	0.025107499999649008	epochs	3.0
4551.331209468121	0.04978380000011384	epochs	2.0
4551.331209468121	0.024963199999547214	epochs	3.0
4551.356172668121	0.02482060000056663	epochs	3.0
4551.3809932681215	0.049219499999708205	epochs	2.0
4551.3809932681215	0.024679399999513407	epochs	3.0
4551.405672668121	0.024540100000194798	epochs	3.0
4551.430212768121	0.04866790000050969	epochs	2.0
4551.430212768121	0.024402099999861093	epochs	3.0
4551.454614868121	0.024265800000648596	epochs	3.0
4551.478880668122	0.0481285999994725	epochs	2.0
4551.478880668122	0.02413099999921542	epochs	3.0
4551.503011668121	0.02399760000025708	epochs	3.0
4551.527009268121	0.047601100000065344	epochs	2.0
4551.527009268121	0.02386579999983951	epochs	3.0
4551.550875068121	0.023735300000225834	epochs	3.0
4551.574610368121	0.04708500000015192	epochs	2.0
4551.574610368121	0.023606300000210467	epochs	3.0
4551.5982166681215	0.023478699999941455	epochs	3.0
4551.621695368121	0.04658000000017637	epochs	2.0
4551.621695368121	0.02335250000032829	epochs	3.0
4551.645047868122	0.023227499999848078	epochs	3.0
4551.668275368122	0.04608569999982137	epochs	2.0
4551.668275368122	0.02310399999987567	epochs	3.0
4551.6913793681215	0.022981699999945704	epochs	3.0
4551.714361068121	0.04560179999953107	epochs	2.0
4551.714361068121	0.02286069999991014	epochs	3.0
4551.737221768121	0.02274109999962093	epochs	3.0
4551.759962868121	0.04512790000080713	epochs	2.0
4551.759962868121	0.02262250000057975	epochs	3.0
4551.7825853681215	0.022505400000227382	epochs	3.0
4551.805090768122	0.04466379999939818	epochs	2.0
4551.805090768122	0.022389299999304058	epochs	3.0
4551.827480068121	0.022274500000094122	epochs	3.0
4551.849754568121	0.04420920000029582	epochs	2.0
4551.849754568121	0.02216080000016518	epochs	3.0
4551.871915368121	0.02204840000013064	epochs	3.0
4551.8939637681215	0.043763599999692815	epochs	2.0
4551.8939637681215	0.021936899999673187	epochs	3.0
4551.915900668121	0.021826700000019628	epochs	3.0
4551.937727368121	0.043327100000169594	epochs	2.0
4551.937727368121	0.02171760000055656	epochs	3.0
4551.959444968122	0.021609499999613035	epochs	3.0
4551.981054468121	0.04289900000003399	epochs	2.0
4551.981054468121	0.021502499999769498	epochs	3.0
4552.002556968121	0.021396500000264496	epochs	3.0
4552.023953468121	0.04247949999989942	epochs	2.0
4552.023953468121	0.021291699999892444	epochs	3.0
4552.045245168121	0.021187800000006973	epochs	3.0
4552.066432968121	0.04206789999989269	epochs	2.0
4552.066432968121	0.02108490000046004	epochs	3.0
4552.087517868122	0.02098299999943265	epochs	3.0
4552.108500868121	0.04166440000062721	epochs	2.0
4552.108500868121	0.02088220000041474	epochs	3.0
4552.129383068122	0.02078220000021247	epochs	3.0
4552.150165268122	0.04126849999920523	epochs	2.0
4552.150165268122	0.020683299999291194	epochs	3.0
4552.170848568121	0.02058519999991404	epochs	3.0
4552.191433768121	0.04088000000047032	epochs	2.0
4552.191433768121	0.020488099999965925	epochs	3.0
4552.211921868121	0.020391900000504393	epochs	3.0
4552.2323137681215	0.04049880000002304	epochs	2.0
4552.2323137681215	0.020296599999710452	epochs	3.0
4552.252610368121	0.020202200000312587	epochs	3.0
4552.2728125681215	0.04012460000012652	epochs	2.0
4552.2728125681215	0.020108699999582313	epochs	3.0
4552.292921268121	0.020015900000544207	epochs	3.0
4552.312937168122	0.03975730000001931	epochs	2.0
4552.312937168122	0.0199241999998776	epochs	3.0
4552.3328613681215	0.019833100000141712	epochs	3.0
4552.352694468122	0.03939669999999751	epochs	2.0
4552.352694468122	0.019742999999834865	epochs	3.0
4552.3724374681215	0.019653700000162644	epochs	3.0
4552.392091168122	0.03904239999974379	epochs	2.0
4552.392091168122	0.019565099999454105	epochs	3.0
4552.411656268121	0.019477300000289688	epochs	3.0
4552.431133568121	0.03869459999987157	epochs	2.0
4552.431133568121	0.019390399999792862	epochs	3.0
4552.450523968121	0.01930420000007871	epochs	3.0
4552.469828168121	0.03835290000006353	epochs	2.0
4552.469828168121	0.019218800000089686	epochs	3.0
4552.489046968121	0.01913409999997384	epochs	3.0
4552.508181068121	0.03801720000046771	epochs	2.0
4552.508181068121	0.01905019999958313	epochs	3.0
4552.527231268121	0.018967000000884582	epochs	3.0
4552.546198268122	0.037687199999709264	epochs	2.0
4552.546198268122	0.01888449999933073	epochs	3.0
4552.565082768121	0.018802700000378536	epochs	3.0
4552.5838854681215	0.037363100000220584	epochs	2.0
4552.5838854681215	0.01872170000024198	epochs	3.0
4552.602607168122	0.018641399999978603	epochs	3.0
4552.621248568122	0.03704429999925196	epochs	2.0
4552.621248568122	0.018561599999884493	epochs	3.0
4552.639810168122	0.01848269999936747	epochs	3.0
4552.658292868121	0.036731000000145286	epochs	2.0
4552.658292868121	0.018404299999929208	epochs	3.0
4552.676697168121	0.01832670000021608	epochs	3.0
4552.695023868121	0.03642290000061621	epochs	2.0
4552.695023868121	0.018249600000672217	epochs	3.0
4552.713273468122	0.018173299999943993	epochs	3.0
4552.731446768122	0.03612009999960719	epochs	2.0
4552.731446768122	0.01809759999923699	epochs	3.0
4552.749544368121	0.0180225000003702	epochs	3.0
4552.767566868121	0.03582209999967745	epochs	2.0
4552.767566868121	0.01794789999985369	epochs	3.0
4552.785514768121	0.01787419999982376	epochs	3.0
4552.803388968121	0.035529000000678934	epochs	2.0
4552.803388968121	0.017800800000259187	epochs	3.0
4552.821189768121	0.017728200000419747	epochs	3.0
4552.838917968122	0.03524070000003121	epochs	2.0
4552.838917968122	0.01765609999984008	epochs	3.0
4552.8565740681215	0.01758460000019113	epochs	3.0
4552.874158668122	0.03495709999970131	epochs	2.0
4552.874158668122	0.01751369999965391	epochs	3.0
4552.891672368121	0.017443400000047404	epochs	3.0
4552.909115768121	0.03467790000013338	epochs	2.0
4552.909115768121	0.017373599999700673	epochs	3.0
4552.926489368121	0.017304300000432704	epochs	3.0
4552.9437936681215	0.03440330000012182	epochs	2.0
4552.9437936681215	0.017235700000128418	epochs	3.0
4552.961029368122	0.0171675999999934	epochs	3.0
4552.978196968122	0.034132799999497365	epochs	2.0
4552.978196968122	0.0170998999992662	epochs	3.0
4552.995296868121	0.017032900000231166	epochs	3.0
4553.012329768121	0.03386670000054437	epochs	2.0
4553.012329768121	0.016966400000455906	epochs	3.0
4553.029296168122	0.016900300000088464	epochs	3.0
4553.046196468122	0.03360459999930754	epochs	2.0
4553.046196468122	0.016834799999742245	epochs	3.0
4553.063031268121	0.016769799999565294	epochs	3.0
4553.079801068121	0.0333466000001863	epochs	2.0
4553.079801068121	0.016705300000467105	epochs	3.0
4553.0965063681215	0.016641299999719195	epochs	3.0
4553.113147668121	0.033092499999838765	epochs	2.0
4553.113147668121	0.016577800000050047	epochs	3.0
4553.129725468121	0.016514699999788718	epochs	3.0
4553.146240168121	0.032842300000083924	epochs	2.0
4553.146240168121	0.016452200000458106	epochs	3.0
4553.1626923681215	0.016390099999625818	epochs	3.0
4553.179082468121	0.03259570000045642	epochs	2.0
4553.179082468121	0.016328400000020338	epochs	3.0
4553.195410868121	0.01626730000043608	epochs	3.0
4553.211678168122	0.03235289999975066	epochs	2.0
4553.211678168122	0.016206599999350146	epochs	3.0
4553.227884768121	0.016146300000400515	epochs	3.0
4553.244031068121	0.032113700000081735	epochs	2.0
4553.244031068121	0.016086599999653117	epochs	3.0
4553.260117668121	0.016027100000428618	epochs	3.0
4553.276144768121	0.031877999999778694	epochs	2.0
4553.276144768121	0.015968200000315846	epochs	3.0
4553.292112968122	0.015909799999462848	epochs	3.0
4553.308022768121	0.03164569999989908	epochs	2.0
4553.308022768121	0.01585160000013275	epochs	3.0
4553.323874368121	0.01579409999976633	epochs	3.0
4553.339668468121	0.031416700000590936	epochs	2.0
4553.339668468121	0.015736700000161363	epochs	3.0
4553.355405168121	0.015680000000429573	epochs	3.0
4553.371085168122	0.03119109999988723	epochs	2.0
4553.371085168122	0.015623599999344151	epochs	3.0
4553.386708768121	0.015567500000543077	epochs	3.0
4553.402276268122	0.030968699999903038	epochs	2.0
4553.402276268122	0.015511999999944237	epochs	3.0
4553.4177882681215	0.0154566999999588	epochs	3.0
4553.4332449681215	0.03074949999972887	epochs	2.0
4553.4332449681215	0.015401999999994587	epochs	3.0
4553.4486469681215	0.015347499999734282	epochs	3.0
4553.463994468121	0.030533199999808858	epochs	2.0
4553.463994468121	0.01529339999979129	epochs	3.0
4553.479287868121	0.015239800000017567	epochs	3.0
4553.494527668121	0.030320100000608363	epochs	2.0
4553.494527668121	0.015186500000709202	epochs	3.0
4553.509714168122	0.015133599999899161	epochs	3.0
4553.524847768122	0.030109899999843037	epochs	2.0
4553.524847768122	0.015080999999554479	epochs	3.0
4553.539928768121	0.015028900000288559	epochs	3.0
4553.5549576681215	0.029902499999479915	epochs	2.0
4553.5549576681215	0.014976999999817053	epochs	3.0
4553.569934668121	0.014925499999662861	epochs	3.0
4553.584860168121	0.0296981000001324	epochs	2.0
4553.584860168121	0.014874400000735477	epochs	3.0
4553.599734568122	0.014823699999396922	epochs	3.0
4553.614558268121	0.029496300000573683	epochs	2.0
4553.614558268121	0.01477320000049076	epochs	3.0
4553.629331468122	0.014723100000082923	epochs	3.0
4553.644054568122	0.029297399999450136	epochs	2.0
4553.644054568122	0.014673399999992398	epochs	3.0
4553.658727968122	0.014623999999457737	epochs	3.0
4553.673351968121	0.029101099999934377	epochs	2.0
4553.673351968121	0.01457490000029793	epochs	3.0
4553.687926868121	0.014526199999636447	epochs	3.0
4553.702453068121	0.028907400000207417	epochs	2.0
4553.702453068121	0.014477700000497862	epochs	3.0
4553.7169307681215	0.014429699999709555	epochs	3.0
4553.731360468121	0.028716200000417302	epochs	2.0
4553.731360468121	0.014381799999682698	epochs	3.0
4553.745742268121	0.014334400000734604	epochs	3.0
4553.760076668122	0.028527599999506492	epochs	2.0
4553.760076668122	0.01428719999967143	epochs	3.0
4553.774363868121	0.014240399999835063	epochs	3.0
4553.788604268121	0.02834140000049956	epochs	2.0
4553.788604268121	0.0141938000006121	epochs	3.0
4553.802798068122	0.014147599999887461	epochs	3.0
4553.816945668122	0.028157699999610486	epochs	2.0
4553.816945668122	0.014101699999628181	epochs	3.0
4553.831047368121	0.014055999999982305	epochs	3.0
4553.845103368121	0.02797629999986384	epochs	2.0
4553.845103368121	0.014010599999892293	epochs	3.0
4553.859113968121	0.013965699999971548	epochs	3.0
4553.873079668121	0.02779720000035013	epochs	2.0
4553.873079668121	0.013920800000050804	epochs	3.0
4553.887000468121	0.013876400000299327	epochs	3.0
4553.9008768681215	0.02762040000015986	epochs	2.0
4553.9008768681215	0.01383220000025176	epochs	3.0
4553.914709068122	0.013788199999908102	epochs	3.0
4553.928497268122	0.027445899999293033	epochs	2.0
4553.928497268122	0.013744599999881757	epochs	3.0
4553.9422418681215	0.013701299999411276	epochs	3.0
4553.955943168121	0.02727350000077422	epochs	2.0
4553.955943168121	0.013658200000463694	epochs	3.0
4553.969601368121	0.013615300000310526	epochs	3.0
4553.983216668122	0.02710339999975986	epochs	2.0
4553.983216668122	0.013572799999565177	epochs	3.0
4553.996789468121	0.013530600000194681	epochs	3.0
4554.0103200681215	0.026935199999570614	epochs	2.0
4554.0103200681215	0.01348839999991469	epochs	3.0
4554.023808468121	0.013446799999655923	epochs	3.0
4554.037255268121	0.026769200000671844	epochs	2.0
4554.037255268121	0.01340520000030665	epochs	3.0
4554.050660468121	0.013364000000365195	epochs	3.0
4554.064024468122	0.026605199999721663	epochs	2.0
4554.064024468122	0.0133228999993662	epochs	3.0
4554.077347368121	0.013282300000355463	epochs	3.0
4554.090629668121	0.026443199999448552	epochs	2.0
4554.090629668121	0.013241699999525736	epochs	3.0
4554.103871368121	0.013201499999922817	epochs	3.0
4554.117072868121	0.026283200000762008	epochs	2.0
4554.117072868121	0.013161500000023807	epochs	3.0
4554.130234368121	0.013121700000738201	epochs	3.0
4554.143356068122	0.026124999999410647	epochs	2.0
4554.143356068122	0.013082099999337515	epochs	3.0
4554.156438168121	0.013042900000073132	epochs	3.0
4554.169481068121	0.025968900000407302	epochs	2.0
4554.169481068121	0.013003900000512658	epochs	3.0
4554.182484968122	0.012964999999894644	epochs	3.0
4554.1954499681215	0.02581449999979668	epochs	2.0
4554.1954499681215	0.012926399999741989	epochs	3.0
4554.208376368121	0.012888100000054692	epochs	3.0
4554.221264468121	0.02566190000015922	epochs	2.0
4554.221264468121	0.01284990000021935	epochs	3.0
4554.2341143681215	0.012811999999939871	epochs	3.0
4554.246926368121	0.02551119999952789	epochs	2.0
4554.246926368121	0.012774400000125752	epochs	3.0
4554.259700768122	0.012736799999402137	epochs	3.0
4554.272437568121	0.025362300000779214	epochs	2.0
4554.272437568121	0.01269970000066678	epochs	3.0
4554.285137268122	0.012662600000112434	epochs	3.0
4554.297799868122	0.025214999999661813	epochs	2.0
4554.297799868122	0.012625800000023446	epochs	3.0
4554.310425668122	0.012589199999638367	epochs	3.0
4554.323014868121	0.024584799999502138	epochs	2.0
4554.346881268121	0.5	epochs	-1.0
4554.347599668121	0.999920000000202	epochs	1.0
4554.846881268121	0.5	epochs	-1.0
4568.055999755859	0.09959999999955471	epochs	0.0
4568.055999755859	0.044800100000429666	epochs	1.0
4568.10079985586	0.009999799999604875	epochs	1.0
4568.110799655859	0.04480009999952017	epochs	1.0
4568.155599755859	2.0	epochs	0.0
4570.155599755859	0.5000800000007075	epochs	0.0
4570.155599755859	0.5000800000007075	epochs	1.0
4570.155601355859	0.5	epochs	-1.0
4570.655601355859	7.840000034775585e-05	epochs	-1.0
4570.65567975586	21.499839999999494	epochs	0.0
4571.953999996185	0.09959999999955471	epochs	0.0
4571.953999996185	0.044800100000429666	epochs	1.0
4571.998800096186	0.009999799999604875	epochs	1.0
4572.008799896185	0.04480009999952017	epochs	1.0
4572.053599996185	2.0	epochs	0.0
4574.053599996185	0.5004800000006071	epochs	0.0
4574.053599996185	0.5004800000006071	epochs	1.0
4574.053601596185	0.5	epochs	-1.0
4574.553601596185	0.00047840000024734763	epochs	-1.0
4574.5540799961855	21.499439999999595	epochs	0.0
4575.875	0.09959999999955471	epochs	0.0
4575.875	0.044800100000429666	epochs	1.0
4575.9198001	0.009999799999604875	epochs	1.0
4575.9297999	0.04480009999952017	epochs	1.0
4575.9746	2.0	epochs	0.0
4577.9746	0.5201600000000326	epochs	0.0
4577.9746	0.5201600000000326	epochs	1.0
4577.9746016	0.5	epochs	-1.0
4578.4746016	0.020158399999672838	epochs	-1.0
4578.49476	21.47976000000017	epochs	0.0
4579.659999847412	0.09959999999955471	epochs	0.0
4579.659999847412	0.044800100000429666	epochs	1.0
4579.7047999474125	0.009999799999604875	epochs	1.0
4579.714799747412	0.04480009999952017	epochs	1.0
4579.759599847412	2.0	epochs	0.0
4581.759599847412	0.5589600000002974	epochs	0.0
4581.759599847412	0.5589600000002974	epochs	1.0
4581.759601447412	0.5	epochs	-1.0
4582.259601447412	0.05895839999993768	epochs	-1.0
4582.318559847412	21.440959999999905	epochs	0.0
4583.5	0.09959999999955471	epochs	0.0
4583.5	0.044800100000429666	epochs	1.0
4583.5448001	0.009999799999604875	epochs	1.0
4583.5547999	0.04480009999952017	epochs	1.0
4583.5996	2.0	epochs	0.0
4585.5996	0.5603200000005018	epochs	0.0
4585.5996	0.5603200000005018	epochs	1.0
4585.5996016	0.5	epochs	-1.0
4586.0996016	0.06031840000014199	epochs	-1.0
4586.15992	21.4395999999997	epochs	0.0
4587.357999801636	0.09959999999955471	epochs	0.0
4587.357999801636	0.044800100000429666	epochs	1.0
4587.402799901636	0.009999799999604875	epochs	1.0
4587.412799701636	0.04480009999952017	epochs	1.0
4587.457599801635	2.0	epochs	0.0
4589.457599801635	5.379760000000715	epochs	0.0
4589.457599801635	1.0	epochs	1.0
4589.457601401636	0.5	epochs	-1.0
4589.957601401636	4.879758400000355	epochs	-1.0
4590.457599801635	4.379760000000715	epochs	1.0
4590.457599801635	4.356753900000513	epochs	-1.0
4590.457599801635	1.9745872000003146	epochs	2.0
4590.457599801635	1.0985622000007425	epochs	3.0
4591.556162001636	0.8760249999995722	epochs	3.0
4592.432187001636	1.3524075000004814	epochs	2.0
4592.432187001636	0.7286355000005642	epochs	3.0
4593.160822501636	0.6237719999999172	epochs	3.0
4593.784594501636	1.0297591999997167	epochs	2.0
4593.784594501636	0.5453293000000485	epochs	3.0
4594.329923801636	0.4844298999996681	epochs	3.0
4594.814353701636	0.023006100000202423	epochs	2.0
4594.814353701636	0.023006100000202423	epochs	3.0
4594.837359801636	16.620159999999487	epochs	0.0
4595.218999862671	0.09959999999955471	epochs	0.0
4595.218999862671	0.044800100000429666	epochs	1.0
4595.263799962671	0.009999799999604875	epochs	1.0
4595.273799762671	0.04480009999952017	epochs	1.0
4595.31859986267	2.0	epochs	0.0
4597.31859986267	21.499840000000404	epochs	0.0
4597.31859986267	1.0	epochs	1.0
4597.318601462671	0.5	epochs	-1.0
4597.818601462671	19.999039999999695	epochs	-1.0
4598.31859986267	20.0	epochs	1.0
4598.31859986267	4.356753900000513	epochs	-1.0
4598.31859986267	1.9745872000003146	epochs	2.0
4598.31859986267	1.0985622000007425	epochs	3.0
4599.417162062671	0.8760249999995722	epochs	3.0
4600.293187062671	1.3524075000004814	epochs	2.0
4600.293187062671	0.7286355000005642	epochs	3.0
4601.021822562671	0.6237719999999172	epochs	3.0
4601.645594562671	1.0297591999997167	epochs	2.0
4601.645594562671	0.5453293000000485	epochs	3.0
4602.190923862671	0.4844298999996681	epochs	3.0
4602.675353762671	0.8317862000003515	epochs	2.0
4602.675353762671	0.4357762999998158	epochs	3.0
4603.111130062671	0.3960099000005357	epochs	3.0
4603.507139962671	0.6977969999998095	epochs	2.0
4603.507139962671	0.3628982000000178	epochs	3.0
4603.870038162671	0.33489879999979166	epochs	3.0
4604.204936962671	0.6010457000002134	epochs	2.0
4604.204936962671	0.31091229999947245	epochs	3.0
4604.515849262671	0.29013340000074095	epochs	3.0
4604.805982662671	0.5278859000000011	epochs	2.0
4604.805982662671	0.27195859999937966	epochs	3.0
4605.077941262671	0.25592730000062147	epochs	3.0
4605.333868562671	0.4706192999992709	epochs	2.0
4605.333868562671	0.241681299999982	epochs	3.0
4605.575549862671	0.22893799999928888	epochs	3.0
4605.804487862671	0.424570400000448	epochs	2.0
4605.804487862671	0.21747140000024956	epochs	3.0
4606.021959262671	0.20709900000019843	epochs	3.0
4606.229058262671	0.38673539999945206	epochs	2.0
4606.229058262671	0.1976710999997522	epochs	3.0
4606.426729362671	0.18906429999969987	epochs	3.0
4606.6157936626705	0.3550953000003574	epochs	2.0
4606.6157936626705	0.18117590000019845	epochs	3.0
4606.796969562671	0.17391940000015893	epochs	3.0
4606.970888962671	0.3282430999997814	epochs	2.0
4606.970888962671	0.167221900000186	epochs	3.0
4607.138110862671	0.1610211999995954	epochs	3.0
4607.299132062671	0.3051679999998669	epochs	2.0
4607.299132062671	0.15526390000013635	epochs	3.0
4607.454395962671	0.14990409999973053	epochs	3.0
4607.6043000626705	0.28512530000080005	epochs	2.0
4607.6043000626705	0.1449021000007633	epochs	3.0
4607.749202162671	0.14022320000003674	epochs	3.0
4607.889425362671	0.2675537999994049	epochs	2.0
4607.889425362671	0.1358368999999584	epochs	3.0
4608.025262262671	0.13171689999944647	epochs	3.0
4608.156979162671	0.25202290000015637	epochs	2.0
4608.156979162671	0.12783930000023247	epochs	3.0
4608.284818462671	0.1241835999999239	epochs	3.0
4608.409002062671	0.23819650000041293	epochs	2.0
4608.409002062671	0.1207310999998299	epochs	3.0
4608.529733162671	0.11746540000058303	epochs	3.0
4608.647198562671	0.22580879999986792	epochs	2.0
4608.647198562671	0.11437189999924158	epochs	3.0
4608.7615704626705	0.11143690000062634	epochs	3.0
4608.873007362671	0.21464599999944767	epochs	2.0
4608.873007362671	0.10864889999993466	epochs	3.0
4608.981656262671	0.10599709999951301	epochs	3.0
4609.087653362671	0.2045349999998507	epochs	2.0
4609.087653362671	0.10347150000052352	epochs	3.0
4609.191124862671	0.10106349999932718	epochs	3.0
4609.2921883626705	0.19533400000000256	epochs	2.0
4609.2921883626705	0.09876510000049166	epochs	3.0
4609.390953462671	0.0965688999995109	epochs	3.0
4609.4875223626705	0.18692530000043917	epochs	2.0
4609.4875223626705	0.09446830000069895	epochs	3.0
4609.581990662671	0.09245699999974022	epochs	3.0
4609.674447662671	0.1792107000001124	epochs	2.0
4609.674447662671	0.0905296000000817	epochs	3.0
4609.764977262671	0.08868110000003071	epochs	3.0
4609.853658362671	0.17210770000019693	epochs	2.0
4609.853658362671	0.08690630000000965	epochs	3.0
4609.940564662671	0.08520140000018728	epochs	3.0
4610.025766062671	0.16554639999958454	epochs	2.0
4610.025766062671	0.08356189999994967	epochs	3.0
4610.109327962671	0.08198449999963486	epochs	3.0
4610.191312462671	0.15946710000025632	epochs	2.0
4610.191312462671	0.0804654000003211	epochs	3.0
4610.271777862671	0.07900169999993523	epochs	3.0
4610.350779562671	0.15381840000009106	epochs	2.0
4610.350779562671	0.07759009999972477	epochs	3.0
4610.428369662671	0.07622830000036629	epochs	3.0
4610.504597962671	0.14855639999950654	epochs	2.0
4610.504597962671	0.07491329999993468	epochs	3.0
4610.579511262671	0.07364309999957186	epochs	3.0
4610.653154362671	0.14364240000031714	epochs	2.0
4610.653154362671	0.07241500000054657	epochs	3.0
4610.725569362671	0.07122739999977057	epochs	3.0
4610.796796762671	0.13904309999998077	epochs	2.0
4610.796796762671	0.0700779999997394	epochs	3.0
4610.866874762671	0.06896510000024136	epochs	3.0
4610.935839862671	0.13472929999988992	epochs	2.0
4610.935839862671	0.0678871000000072	epochs	3.0
4611.003726962671	0.06684219999988272	epochs	3.0
4611.070569162671	0.1306752000000415	epochs	2.0
4611.070569162671	0.06582909999997355	epochs	3.0
4611.136398262671	0.06484610000006796	epochs	3.0
4611.201244362671	0.1268577999999252	epochs	2.0
4611.201244362671	0.06389200000012352	epochs	3.0
4611.265136362671	0.06296579999980167	epochs	3.0
4611.328102162671	0.12325719999989815	epochs	2.0
4611.328102162671	0.06206579999980022	epochs	3.0
4611.390167962671	0.06119140000009793	epochs	3.0
4611.451359362671	0.1198554000002332	epochs	2.0
4611.451359362671	0.060341100000187	epochs	3.0
4611.511700462671	0.059514300000046205	epochs	3.0
4611.571214762671	0.11663620000035735	epochs	2.0
4611.571214762671	0.058709599999929196	epochs	3.0
4611.629924362671	0.05792660000042815	epochs	3.0
4611.687850962671	0.11358559999916906	epochs	2.0
4611.687850962671	0.057164199999533594	epochs	3.0
4611.745015162671	0.05642139999963547	epochs	3.0
4611.8014365626705	0.11069050000060088	epochs	2.0
4611.8014365626705	0.05569790000026842	epochs	3.0
4611.857134462671	0.05499260000033246	epochs	3.0
4611.912127062671	0.10793909999938478	epochs	2.0
4611.912127062671	0.054304899999806366	epochs	3.0
4611.966431962671	0.053634199999578414	epochs	3.0
4612.02006616267	0.10532150000017282	epochs	2.0
4612.02006616267	0.05298000000038883	epochs	3.0
4612.073046162671	0.05234149999978399	epochs	3.0
4612.125387662671	0.10282760000063718	epochs	2.0
4612.125387662671	0.05171810000047117	epochs	3.0
4612.177105762671	0.05110950000016601	epochs	3.0
4612.228215262671	0.1004490999994232	epochs	2.0
4612.228215262671	0.050514900000052876	epochs	3.0
4612.278730162671	0.04993419999937032	epochs	3.0
4612.328664362671	0.09817830000065442	epochs	2.0
4612.328664362671	0.0493666000002122	epochs	3.0
4612.378030962671	0.048811700000442215	epochs	3.0
4612.426842662671	0.09600779999982478	epochs	2.0
4612.426842662671	0.048269199999595	epochs	3.0
4612.475111862671	0.04773860000022978	epochs	3.0
4612.522850462671	0.09393120000004274	epochs	2.0
4612.522850462671	0.04721949999930075	epochs	3.0
4612.5700699626705	0.046711700000741985	epochs	3.0
4612.616781662671	0.09194260000003851	epochs	2.0
4612.616781662671	0.046214599999984785	epochs	3.0
4612.662996262671	0.045728000000053726	epochs	3.0
4612.708724262671	0.09003630000006524	epochs	2.0
4612.708724262671	0.045251499999722	epochs	3.0
4612.753975762671	0.04478480000034324	epochs	3.0
4612.798760562671	0.0882075999998051	epochs	2.0
4612.798760562671	0.044327799999337	epochs	3.0
4612.843088362671	0.043879800000468094	epochs	3.0
4612.886968162671	0.0864516999999978	epochs	2.0
4612.886968162671	0.04344099999980244	epochs	3.0
4612.930409162671	0.04301070000019536	epochs	3.0
4612.973419862671	0.08476429999973334	epochs	2.0
4612.973419862671	0.0425889999996798	epochs	3.0
4613.016008862671	0.04217530000005354	epochs	3.0
4613.058184162671	0.08314150000023801	epochs	2.0
4613.058184162671	0.041769700000259036	epochs	3.0
4613.099953862671	0.041371799999978975	epochs	3.0
4613.141325662671	0.08157969999956549	epochs	2.0
4613.141325662671	0.04098139999950945	epochs	3.0
4613.182307062671	0.04059830000005604	epochs	3.0
4613.222905362671	0.08007550000002084	epochs	2.0
4613.222905362671	0.040222300000095856	epochs	3.0
4613.263127662671	0.03985319999992498	epochs	3.0
4613.302980862671	0.07862569999997504	epochs	2.0
4613.302980862671	0.03949079999983951	epochs	3.0
4613.3424716626705	0.03913490000013553	epochs	3.0
4613.381606562671	0.07722760000069684	epochs	2.0
4613.381606562671	0.038785400000051595	epochs	3.0
4613.420391962671	0.038442200000645244	epochs	3.0
4613.458834162671	0.07587819999935164	epochs	2.0
4613.458834162671	0.03810479999992822	epochs	3.0
4613.496938962671	0.03777339999942342	epochs	3.0
4613.534712362671	0.07457520000025397	epochs	2.0
4613.534712362671	0.037447700000484474	epochs	3.0
4613.572160062671	0.0371274999997695	epochs	3.0
4613.609287562671	0.07331629999953293	epochs	2.0
4613.609287562671	0.03681289999985893	epochs	3.0
4613.646100462671	0.036503399999674	epochs	3.0
4613.6826038626705	0.07209899999998015	epochs	2.0
4613.6826038626705	0.03619909999997617	epochs	3.0
4613.71880296267	0.03589990000000398	epochs	3.0
4613.7547028626705	0.07092170000032638	epochs	2.0
4613.7547028626705	0.03560560000005353	epochs	3.0
4613.7903084626705	0.035316100000272854	epochs	3.0
4613.825624562671	0.06978200000048673	epochs	2.0
4613.825624562671	0.03503120000004856	epochs	3.0
4613.860655762671	0.034750800000438176	epochs	3.0
4613.895406562671	0.06867859999965731	epochs	2.0
4613.895406562671	0.03447509999932663	epochs	3.0
4613.929881662671	0.03420350000033068	epochs	3.0
4613.964085162671	0.06760930000018561	epochs	2.0
4613.964085162671	0.03393620000042574	epochs	3.0
4613.998021362671	0.03367309999975987	epochs	3.0
4614.031694462671	0.06657290000021021	epochs	2.0
4614.031694462671	0.033413999999538646	epochs	3.0
4614.065108462671	0.033158900000671565	epochs	3.0
4614.098267362671	0.06556779999937135	epochs	2.0
4614.098267362671	0.032907699999668694	epochs	3.0
4614.131175062671	0.03266009999970265	epochs	3.0
4614.163835162671	0.06459260000065115	epochs	2.0
4614.163835162671	0.032416400000329304	epochs	3.0
4614.196251562671	0.03217620000032184	epochs	3.0
4614.228427762671	0.06364599999960774	epochs	2.0
4614.228427762671	0.03193959999953222	epochs	3.0
4614.260367362671	0.03170640000007552	epochs	3.0
4614.292073762671	0.0627266999999847	epochs	2.0
4614.292073762671	0.03147660000013275	epochs	3.0
4614.323550362671	0.031250099999851955	epochs	3.0
4614.354800462671	0.06183359999977256	epochs	2.0
4614.354800462671	0.031026900000142632	epochs	3.0
4614.385827362671	0.030806699999629927	epochs	3.0
4614.416634062671	0.06096560000059981	epochs	2.0
4614.416634062671	0.03058980000059819	epochs	3.0
4614.447223862671	0.030375800000001618	epochs	3.0
4614.477599662671	0.06012159999954747	epochs	2.0
4614.477599662671	0.030164899999363115	epochs	3.0
4614.507764562671	0.029956700000184355	epochs	3.0
4614.537721262671	0.05930069999976695	epochs	2.0
4614.537721262671	0.029751600000054168	epochs	3.0
4614.567472862671	0.02954909999971278	epochs	3.0
4614.597021962671	0.058501800000158255	epochs	2.0
4614.597021962671	0.02934940000068309	epochs	3.0
4614.626371362671	0.029152399999475165	epochs	3.0
4614.655523762671	0.05772419999993872	epochs	2.0
4614.655523762671	0.028957999999875028	epochs	3.0
4614.684481762671	0.02876620000006369	epochs	3.0
4614.713247962671	0.0569671000002927	epochs	2.0
4614.713247962671	0.028577000000041153	epochs	3.0
4614.741824962671	0.02839010000025155	epochs	3.0
4614.770215062671	0.05622949999997218	epochs	2.0
4614.770215062671	0.028205699999489298	epochs	3.0
4614.7984207626705	0.02802380000048288	epochs	3.0
4614.826444562671	0.05551070000001346	epochs	2.0
4614.826444562671	0.027844000000186497	epochs	3.0
4614.854288562671	0.02766669999982696	epochs	3.0
4614.881955262671	0.05481020000024728	epochs	2.0
4614.881955262671	0.02749149999999645	epochs	3.0
4614.909446762671	0.02731870000025083	epochs	3.0
4614.936765462671	0.05412699999942561	epochs	2.0
4614.936765462671	0.027147799999511335	epochs	3.0
4614.963913262671	0.026979199999914272	epochs	3.0
4614.990892462671	0.053460699999959616	epochs	2.0
4614.990892462671	0.026812600000084785	epochs	3.0
4615.017705062671	0.02664809999987483	epochs	3.0
4615.044353162671	0.05281070000000909	epochs	2.0
4615.044353162671	0.026485600000341947	epochs	3.0
4615.070838762671	0.026325099999667145	epochs	3.0
4615.097163862671	0.052176199999848905	epochs	2.0
4615.097163862671	0.026166399999965506	epochs	3.0
4615.123330262671	0.0260097999998834	epochs	3.0
4615.1493400626705	0.05155670000021928	epochs	2.0
4615.1493400626705	0.02585480000016105	epochs	3.0
4615.175194862671	0.02570190000005823	epochs	3.0
4615.200896762671	0.050951899999745365	epochs	2.0
4615.200896762671	0.025550700000167126	epochs	3.0
4615.226447462671	0.02540119999957824	epochs	3.0
4615.25184866267	0.05036100000052102	epochs	2.0
4615.25184866267	0.02525350000087201	epochs	3.0
4615.277102162671	0.025107499999649008	epochs	3.0
4615.302209662671	0.04978380000011384	epochs	2.0
4615.302209662671	0.024963199999547214	epochs	3.0
4615.3271728626705	0.02482060000056663	epochs	3.0
4615.351993462671	0.049219499999708205	epochs	2.0
4615.351993462671	0.024679399999513407	epochs	3.0
4615.376672862671	0.024540100000194798	epochs	3.0
4615.401212962671	0.04866790000050969	epochs	2.0
4615.401212962671	0.024402099999861093	epochs	3.0
4615.425615062671	0.024265800000648596	epochs	3.0
4615.449880862671	0.0481285999994725	epochs	2.0
4615.449880862671	0.02413099999921542	epochs	3.0
4615.4740118626705	0.02399760000025708	epochs	3.0
4615.498009462671	0.047601100000065344	epochs	2.0
4615.498009462671	0.02386579999983951	epochs	3.0
4615.521875262671	0.023735300000225834	epochs	3.0
4615.545610562671	0.04708500000015192	epochs	2.0
4615.545610562671	0.023606300000210467	epochs	3.0
4615.569216862671	0.023478699999941455	epochs	3.0
4615.592695562671	0.04658000000017637	epochs	2.0
4615.592695562671	0.02335250000032829	epochs	3.0
4615.616048062671	0.023227499999848078	epochs	3.0
4615.639275562671	0.04608569999982137	epochs	2.0
4615.639275562671	0.02310399999987567	epochs	3.0
4615.662379562671	0.022981699999945704	epochs	3.0
4615.685361262671	0.04560179999953107	epochs	2.0
4615.685361262671	0.02286069999991014	epochs	3.0
4615.708221962671	0.02274109999962093	epochs	3.0
4615.7309630626705	0.04512790000080713	epochs	2.0
4615.7309630626705	0.02262250000057975	epochs	3.0
4615.753585562671	0.022505400000227382	epochs	3.0
4615.776090962671	0.04466379999939818	epochs	2.0
4615.776090962671	0.022389299999304058	epochs	3.0
4615.798480262671	0.022274500000094122	epochs	3.0
4615.820754762671	0.04420920000029582	epochs	2.0
4615.820754762671	0.02216080000016518	epochs	3.0
4615.842915562671	0.02204840000013064	epochs	3.0
4615.864963962671	0.043763599999692815	epochs	2.0
4615.864963962671	0.021936899999673187	epochs	3.0
4615.886900862671	0.021826700000019628	epochs	3.0
4615.908727562671	0.043327100000169594	epochs	2.0
4615.908727562671	0.02171760000055656	epochs	3.0
4615.930445162671	0.021609499999613035	epochs	3.0
4615.952054662671	0.04289900000003399	epochs	2.0
4615.952054662671	0.021502499999769498	epochs	3.0
4615.973557162671	0.021396500000264496	epochs	3.0
4615.994953662671	0.04247949999989942	epochs	2.0
4615.994953662671	0.021291699999892444	epochs	3.0
4616.016245362671	0.021187800000006973	epochs	3.0
4616.037433162671	0.04206789999989269	epochs	2.0
4616.037433162671	0.02108490000046004	epochs	3.0
4616.058518062671	0.02098299999943265	epochs	3.0
4616.079501062671	0.04166440000062721	epochs	2.0
4616.079501062671	0.02088220000041474	epochs	3.0
4616.100383262671	0.02078220000021247	epochs	3.0
4616.121165462671	0.04126849999920523	epochs	2.0
4616.121165462671	0.020683299999291194	epochs	3.0
4616.141848762671	0.02058519999991404	epochs	3.0
4616.162433962671	0.04088000000047032	epochs	2.0
4616.162433962671	0.020488099999965925	epochs	3.0
4616.1829220626705	0.020391900000504393	epochs	3.0
4616.203313962671	0.04049880000002304	epochs	2.0
4616.203313962671	0.020296599999710452	epochs	3.0
4616.223610562671	0.020202200000312587	epochs	3.0
4616.243812762671	0.04012460000012652	epochs	2.0
4616.243812762671	0.020108699999582313	epochs	3.0
4616.263921462671	0.020015900000544207	epochs	3.0
4616.283937362671	0.03975730000001931	epochs	2.0
4616.283937362671	0.0199241999998776	epochs	3.0
4616.303861562671	0.019833100000141712	epochs	3.0
4616.323694662671	0.03939669999999751	epochs	2.0
4616.323694662671	0.019742999999834865	epochs	3.0
4616.343437662671	0.019653700000162644	epochs	3.0
4616.363091362671	0.03904239999974379	epochs	2.0
4616.363091362671	0.019565099999454105	epochs	3.0
4616.382656462671	0.019477300000289688	epochs	3.0
4616.402133762671	0.03869459999987157	epochs	2.0
4616.402133762671	0.019390399999792862	epochs	3.0
4616.421524162671	0.01930420000007871	epochs	3.0
4616.440828362671	0.03835290000006353	epochs	2.0
4616.440828362671	0.019218800000089686	epochs	3.0
4616.460047162671	0.01913409999997384	epochs	3.0
4616.479181262671	0.03801720000046771	epochs	2.0
4616.479181262671	0.01905019999958313	epochs	3.0
4616.49823146267	0.018967000000884582	epochs	3.0
4616.517198462671	0.037687199999709264	epochs	2.0
4616.517198462671	0.01888449999933073	epochs	3.0
4616.536082962671	0.018802700000378536	epochs	3.0
4616.554885662671	0.037363100000220584	epochs	2.0
4616.554885662671	0.01872170000024198	epochs	3.0
4616.573607362671	0.018641399999978603	epochs	3.0
4616.592248762671	0.03704429999925196	epochs	2.0
4616.592248762671	0.018561599999884493	epochs	3.0
4616.610810362671	0.01848269999936747	epochs	3.0
4616.6292930626705	0.036731000000145286	epochs	2.0
4616.6292930626705	0.018404299999929208	epochs	3.0
4616.64769736267	0.01832670000021608	epochs	3.0
4616.666024062671	0.03642290000061621	epochs	2.0
4616.666024062671	0.018249600000672217	epochs	3.0
4616.684273662671	0.018173299999943993	epochs	3.0
4616.702446962671	0.03612009999960719	epochs	2.0
4616.702446962671	0.01809759999923699	epochs	3.0
4616.7205445626705	0.0180225000003702	epochs	3.0
4616.738567062671	0.03582209999967745	epochs	2.0
4616.738567062671	0.01794789999985369	epochs	3.0
4616.756514962671	0.01787419999982376	epochs	3.0
4616.774389162671	0.035529000000678934	epochs	2.0
4616.774389162671	0.017800800000259187	epochs	3.0
4616.792189962671	0.017728200000419747	epochs	3.0
4616.809918162671	0.03524070000003121	epochs	2.0
4616.809918162671	0.01765609999984008	epochs	3.0
4616.827574262671	0.01758460000019113	epochs	3.0
4616.845158862671	0.03495709999970131	epochs	2.0
4616.845158862671	0.01751369999965391	epochs	3.0
4616.862672562671	0.017443400000047404	epochs	3.0
4616.880115962671	0.03467790000013338	epochs	2.0
4616.880115962671	0.017373599999700673	epochs	3.0
4616.897489562671	0.017304300000432704	epochs	3.0
4616.914793862671	0.03440330000012182	epochs	2.0
4616.914793862671	0.017235700000128418	epochs	3.0
4616.932029562671	0.0171675999999934	epochs	3.0
4616.949197162671	0.034132799999497365	epochs	2.0
4616.949197162671	0.0170998999992662	epochs	3.0
4616.9662970626705	0.017032900000231166	epochs	3.0
4616.983329962671	0.03386670000054437	epochs	2.0
4616.983329962671	0.016966400000455906	epochs	3.0
4617.000296362671	0.016900300000088464	epochs	3.0
4617.017196662671	0.03360459999930754	epochs	2.0
4617.017196662671	0.016834799999742245	epochs	3.0
4617.034031462671	0.016769799999565294	epochs	3.0
4617.050801262671	0.0333466000001863	epochs	2.0
4617.050801262671	0.016705300000467105	epochs	3.0
4617.067506562671	0.016641299999719195	epochs	3.0
4617.084147862671	0.033092499999838765	epochs	2.0
4617.084147862671	0.016577800000050047	epochs	3.0
4617.100725662671	0.016514699999788718	epochs	3.0
4617.117240362671	0.032842300000083924	epochs	2.0
4617.117240362671	0.016452200000458106	epochs	3.0
4617.133692562671	0.016390099999625818	epochs	3.0
4617.150082662671	0.03259570000045642	epochs	2.0
4617.150082662671	0.016328400000020338	epochs	3.0
4617.166411062671	0.01626730000043608	epochs	3.0
4617.182678362671	0.03235289999975066	epochs	2.0
4617.182678362671	0.016206599999350146	epochs	3.0
4617.1988849626705	0.016146300000400515	epochs	3.0
4617.215031262671	0.032113700000081735	epochs	2.0
4617.215031262671	0.016086599999653117	epochs	3.0
4617.2311178626705	0.016027100000428618	epochs	3.0
4617.247144962671	0.031877999999778694	epochs	2.0
4617.247144962671	0.015968200000315846	epochs	3.0
4617.263113162671	0.015909799999462848	epochs	3.0
4617.279022962671	0.03164569999989908	epochs	2.0
4617.279022962671	0.01585160000013275	epochs	3.0
4617.294874562671	0.01579409999976633	epochs	3.0
4617.310668662671	0.031416700000590936	epochs	2.0
4617.310668662671	0.015736700000161363	epochs	3.0
4617.326405362671	0.015680000000429573	epochs	3.0
4617.342085362671	0.03119109999988723	epochs	2.0
4617.342085362671	0.015623599999344151	epochs	3.0
4617.357708962671	0.015567500000543077	epochs	3.0
4617.373276462671	0.030968699999903038	epochs	2.0
4617.373276462671	0.015511999999944237	epochs	3.0
4617.388788462671	0.0154566999999588	epochs	3.0
4617.404245162671	0.03074949999972887	epochs	2.0
4617.404245162671	0.015401999999994587	epochs	3.0
4617.419647162671	0.015347499999734282	epochs	3.0
4617.434994662671	0.030533199999808858	epochs	2.0
4617.434994662671	0.01529339999979129	epochs	3.0
4617.450288062671	0.015239800000017567	epochs	3.0
4617.465527862671	0.030320100000608363	epochs	2.0
4617.465527862671	0.015186500000709202	epochs	3.0
4617.480714362671	0.015133599999899161	epochs	3.0
4617.495847962671	0.030109899999843037	epochs	2.0
4617.495847962671	0.015080999999554479	epochs	3.0
4617.510928962671	0.015028900000288559	epochs	3.0
4617.525957862671	0.029902499999479915	epochs	2.0
4617.525957862671	0.014976999999817053	epochs	3.0
4617.540934862671	0.014925499999662861	epochs	3.0
4617.5558603626705	0.0296981000001324	epochs	2.0
4617.5558603626705	0.014874400000735477	epochs	3.0
4617.570734762671	0.014823699999396922	epochs	3.0
4617.585558462671	0.029496300000573683	epochs	2.0
4617.585558462671	0.01477320000049076	epochs	3.0
4617.600331662671	0.014723100000082923	epochs	3.0
4617.615054762671	0.029297399999450136	epochs	2.0
4617.615054762671	0.014673399999992398	epochs	3.0
4617.629728162671	0.014623999999457737	epochs	3.0
4617.644352162671	0.029101099999934377	epochs	2.0
4617.644352162671	0.01457490000029793	epochs	3.0
4617.658927062671	0.014526199999636447	epochs	3.0
4617.673453262671	0.028907400000207417	epochs	2.0
4617.673453262671	0.014477700000497862	epochs	3.0
4617.687930962671	0.014429699999709555	epochs	3.0
4617.702360662671	0.028716200000417302	epochs	2.0
4617.702360662671	0.014381799999682698	epochs	3.0
4617.7167424626705	0.014334400000734604	epochs	3.0
4617.731076862671	0.028527599999506492	epochs	2.0
4617.731076862671	0.01428719999967143	epochs	3.0
4617.745364062671	0.014240399999835063	epochs	3.0
4617.759604462671	0.02834140000049956	epochs	2.0
4617.759604462671	0.0141938000006121	epochs	3.0
4617.773798262671	0.014147599999887461	epochs	3.0
4617.787945862671	0.028157699999610486	epochs	2.0
4617.787945862671	0.014101699999628181	epochs	3.0
4617.802047562671	0.014055999999982305	epochs	3.0
4617.816103562671	0.02797629999986384	epochs	2.0
4617.816103562671	0.014010599999892293	epochs	3.0
4617.830114162671	0.013965699999971548	epochs	3.0
4617.844079862671	0.02779720000035013	epochs	2.0
4617.844079862671	0.013920800000050804	epochs	3.0
4617.858000662671	0.013876400000299327	epochs	3.0
4617.871877062671	0.02762040000015986	epochs	2.0
4617.871877062671	0.01383220000025176	epochs	3.0
4617.885709262671	0.013788199999908102	epochs	3.0
4617.899497462671	0.027445899999293033	epochs	2.0
4617.899497462671	0.013744599999881757	epochs	3.0
4617.913242062671	0.013701299999411276	epochs	3.0
4617.9269433626705	0.02727350000077422	epochs	2.0
4617.9269433626705	0.013658200000463694	epochs	3.0
4617.940601562671	0.013615300000310526	epochs	3.0
4617.954216862671	0.02710339999975986	epochs	2.0
4617.954216862671	0.013572799999565177	epochs	3.0
4617.967789662671	0.013530600000194681	epochs	3.0
4617.981320262671	0.026935199999570614	epochs	2.0
4617.981320262671	0.01348839999991469	epochs	3.0
4617.994808662671	0.013446799999655923	epochs	3.0
4618.008255462671	0.026769200000671844	epochs	2.0
4618.008255462671	0.01340520000030665	epochs	3.0
4618.021660662671	0.013364000000365195	epochs	3.0
4618.035024662671	0.026605199999721663	epochs	2.0
4618.035024662671	0.0133228999993662	epochs	3.0
4618.048347562671	0.013282300000355463	epochs	3.0
4618.061629862671	0.026443199999448552	epochs	2.0
4618.061629862671	0.013241699999525736	epochs	3.0
4618.0748715626705	0.013201499999922817	epochs	3.0
4618.08807306267	0.026283200000762008	epochs	2.0
4618.08807306267	0.013161500000023807	epochs	3.0
4618.1012345626705	0.013121700000738201	epochs	3.0
4618.114356262671	0.026124999999410647	epochs	2.0
4618.114356262671	0.013082099999337515	epochs	3.0
4618.127438362671	0.013042900000073132	epochs	3.0
4618.140481262671	0.025968900000407302	epochs	2.0
4618.140481262671	0.013003900000512658	epochs	3.0
4618.153485162671	0.012964999999894644	epochs	3.0
4618.166450162671	0.02581449999979668	epochs	2.0
4618.166450162671	0.012926399999741989	epochs	3.0
4618.179376562671	0.012888100000054692	epochs	3.0
4618.192264662671	0.02566190000015922	epochs	2.0
4618.192264662671	0.01284990000021935	epochs	3.0
4618.205114562671	0.012811999999939871	epochs	3.0
4618.217926562671	0.02551119999952789	epochs	2.0
4618.217926562671	0.012774400000125752	epochs	3.0
4618.230700962671	0.012736799999402137	epochs	3.0
4618.2434377626705	0.025362300000779214	epochs	2.0
4618.2434377626705	0.01269970000066678	epochs	3.0
4618.256137462671	0.012662600000112434	epochs	3.0
4618.268800062671	0.025214999999661813	epochs	2.0
4618.268800062671	0.012625800000023446	epochs	3.0
4618.281425862671	0.012589199999638367	epochs	3.0
4618.294015062671	0.024584799999502138	epochs	2.0
4618.3176414626705	0.5	epochs	-1.0
4618.31859986267	0.49984000000040396	epochs	1.0
4618.818439862671	0.500079999999798	epochs	0.0
4619.2119998931885	0.09959999999955471	epochs	0.0
4619.2119998931885	0.044800100000429666	epochs	1.0
4619.256799993189	0.009999799999604875	epochs	1.0
4619.2667997931885	0.04480009999952017	epochs	1.0
4619.311599893188	2.0	epochs	0.0
4621.311599893188	21.540000000000873	epochs	0.0
4621.311599893188	1.0	epochs	1.0
4621.311601493188	0.5	epochs	-1.0
4621.811601493188	19.999039999999695	epochs	-1.0
4622.311599893188	20.0	epochs	1.0
4622.311599893188	4.356753900000513	epochs	-1.0
4622.311599893188	1.9745872000003146	epochs	2.0
4622.311599893188	1.0985622000007425	epochs	3.0
4623.410162093189	0.8760249999995722	epochs	3.0
4624.286187093188	1.3524075000004814	epochs	2.0
4624.286187093188	0.7286355000005642	epochs	3.0
4625.014822593189	0.6237719999999172	epochs	3.0
4625.638594593189	1.0297591999997167	epochs	2.0
4625.638594593189	0.5453293000000485	epochs	3.0
4626.183923893189	0.4844298999996681	epochs	3.0
4626.6683537931885	0.8317862000003515	epochs	2.0
4626.6683537931885	0.4357762999998158	epochs	3.0
4627.104130093188	0.3960099000005357	epochs	3.0
4627.500139993189	0.6977969999998095	epochs	2.0
4627.500139993189	0.3628982000000178	epochs	3.0
4627.863038193189	0.33489879999979166	epochs	3.0
4628.197936993189	0.6010457000002134	epochs	2.0
4628.197936993189	0.31091229999947245	epochs	3.0
4628.508849293188	0.29013340000074095	epochs	3.0
4628.798982693189	0.5278859000000011	epochs	2.0
4628.798982693189	0.27195859999937966	epochs	3.0
4629.070941293188	0.25592730000062147	epochs	3.0
4629.326868593189	0.4706192999992709	epochs	2.0
4629.326868593189	0.241681299999982	epochs	3.0
4629.568549893189	0.22893799999928888	epochs	3.0
4629.797487893188	0.424570400000448	epochs	2.0
4629.797487893188	0.21747140000024956	epochs	3.0
4630.014959293188	0.20709900000019843	epochs	3.0
4630.222058293189	0.38673539999945206	epochs	2.0
4630.222058293189	0.1976710999997522	epochs	3.0
4630.419729393188	0.18906429999969987	epochs	3.0
4630.608793693188	0.3550953000003574	epochs	2.0
4630.608793693188	0.18117590000019845	epochs	3.0
4630.789969593188	0.17391940000015893	epochs	3.0
4630.963888993188	0.3282430999997814	epochs	2.0
4630.963888993188	0.167221900000186	epochs	3.0
4631.131110893189	0.1610211999995954	epochs	3.0
4631.292132093188	0.3051679999998669	epochs	2.0
4631.292132093188	0.15526390000013635	epochs	3.0
4631.447395993188	0.14990409999973053	epochs	3.0
4631.597300093188	0.28512530000080005	epochs	2.0
4631.597300093188	0.1449021000007633	epochs	3.0
4631.742202193189	0.14022320000003674	epochs	3.0
4631.882425393189	0.2675537999994049	epochs	2.0
4631.882425393189	0.1358368999999584	epochs	3.0
4632.018262293189	0.13171689999944647	epochs	3.0
4632.149979193188	0.25202290000015637	epochs	2.0
4632.149979193188	0.12783930000023247	epochs	3.0
4632.2778184931885	0.1241835999999239	epochs	3.0
4632.4020020931885	0.23819650000041293	epochs	2.0
4632.4020020931885	0.1207310999998299	epochs	3.0
4632.522733193188	0.11746540000058303	epochs	3.0
4632.640198593189	0.22580879999986792	epochs	2.0
4632.640198593189	0.11437189999924158	epochs	3.0
4632.754570493188	0.11143690000062634	epochs	3.0
4632.866007393189	0.21464599999944767	epochs	2.0
4632.866007393189	0.10864889999993466	epochs	3.0
4632.974656293189	0.10599709999951301	epochs	3.0
4633.080653393188	0.2045349999998507	epochs	2.0
4633.080653393188	0.10347150000052352	epochs	3.0
4633.184124893189	0.10106349999932718	epochs	3.0
4633.285188393188	0.19533400000000256	epochs	2.0
4633.285188393188	0.09876510000049166	epochs	3.0
4633.3839534931885	0.0965688999995109	epochs	3.0
4633.480522393188	0.18692530000043917	epochs	2.0
4633.480522393188	0.09446830000069895	epochs	3.0
4633.574990693189	0.09245699999974022	epochs	3.0
4633.6674476931885	0.1792107000001124	epochs	2.0
4633.6674476931885	0.0905296000000817	epochs	3.0
4633.757977293189	0.08868110000003071	epochs	3.0
4633.846658393189	0.17210770000019693	epochs	2.0
4633.846658393189	0.08690630000000965	epochs	3.0
4633.933564693189	0.08520140000018728	epochs	3.0
4634.018766093189	0.16554639999958454	epochs	2.0
4634.018766093189	0.08356189999994967	epochs	3.0
4634.102327993189	0.08198449999963486	epochs	3.0
4634.184312493188	0.15946710000025632	epochs	2.0
4634.184312493188	0.0804654000003211	epochs	3.0
4634.264777893189	0.07900169999993523	epochs	3.0
4634.343779593189	0.15381840000009106	epochs	2.0
4634.343779593189	0.07759009999972477	epochs	3.0
4634.421369693188	0.07622830000036629	epochs	3.0
4634.497597993189	0.14855639999950654	epochs	2.0
4634.497597993189	0.07491329999993468	epochs	3.0
4634.572511293189	0.07364309999957186	epochs	3.0
4634.646154393188	0.14364240000031714	epochs	2.0
4634.646154393188	0.07241500000054657	epochs	3.0
4634.718569393189	0.07122739999977057	epochs	3.0
4634.7897967931885	0.13904309999998077	epochs	2.0
4634.7897967931885	0.0700779999997394	epochs	3.0
4634.859874793188	0.06896510000024136	epochs	3.0
4634.9288398931885	0.13472929999988992	epochs	2.0
4634.9288398931885	0.0678871000000072	epochs	3.0
4634.9967269931885	0.06684219999988272	epochs	3.0
4635.063569193188	0.1306752000000415	epochs	2.0
4635.063569193188	0.06582909999997355	epochs	3.0
4635.129398293188	0.06484610000006796	epochs	3.0
4635.1942443931885	0.1268577999999252	epochs	2.0
4635.1942443931885	0.06389200000012352	epochs	3.0
4635.258136393189	0.06296579999980167	epochs	3.0
4635.321102193188	0.12325719999989815	epochs	2.0
4635.321102193188	0.06206579999980022	epochs	3.0
4635.383167993188	0.06119140000009793	epochs	3.0
4635.444359393188	0.1198554000002332	epochs	2.0
4635.444359393188	0.060341100000187	epochs	3.0
4635.5047004931885	0.059514300000046205	epochs	3.0
4635.5642147931885	0.11663620000035735	epochs	2.0
4635.5642147931885	0.058709599999929196	epochs	3.0
4635.622924393188	0.05792660000042815	epochs	3.0
4635.680850993189	0.11358559999916906	epochs	2.0
4635.680850993189	0.057164199999533594	epochs	3.0
4635.738015193188	0.05642139999963547	epochs	3.0
4635.794436593188	0.11069050000060088	epochs	2.0
4635.794436593188	0.05569790000026842	epochs	3.0
4635.850134493188	0.05499260000033246	epochs	3.0
4635.905127093189	0.10793909999938478	epochs	2.0
4635.905127093189	0.054304899999806366	epochs	3.0
4635.959431993188	0.053634199999578414	epochs	3.0
4636.013066193188	0.10532150000017282	epochs	2.0
4636.013066193188	0.05298000000038883	epochs	3.0
4636.066046193188	0.05234149999978399	epochs	3.0
4636.118387693188	0.10282760000063718	epochs	2.0
4636.118387693188	0.05171810000047117	epochs	3.0
4636.170105793189	0.05110950000016601	epochs	3.0
4636.221215293189	0.1004490999994232	epochs	2.0
4636.221215293189	0.050514900000052876	epochs	3.0
4636.271730193189	0.04993419999937032	epochs	3.0
4636.321664393188	0.09817830000065442	epochs	2.0
4636.321664393188	0.0493666000002122	epochs	3.0
4636.3710309931885	0.048811700000442215	epochs	3.0
4636.419842693189	0.09600779999982478	epochs	2.0
4636.419842693189	0.048269199999595	epochs	3.0
4636.4681118931885	0.04773860000022978	epochs	3.0
4636.515850493189	0.09393120000004274	epochs	2.0
4636.515850493189	0.04721949999930075	epochs	3.0
4636.563069993188	0.046711700000741985	epochs	3.0
4636.609781693189	0.09194260000003851	epochs	2.0
4636.609781693189	0.046214599999984785	epochs	3.0
4636.655996293189	0.045728000000053726	epochs	3.0
4636.701724293189	0.09003630000006524	epochs	2.0
4636.701724293189	0.045251499999722	epochs	3.0
4636.7469757931885	0.04478480000034324	epochs	3.0
4636.791760593189	0.0882075999998051	epochs	2.0
4636.791760593189	0.044327799999337	epochs	3.0
4636.836088393188	0.043879800000468094	epochs	3.0
4636.879968193189	0.0864516999999978	epochs	2.0
4636.879968193189	0.04344099999980244	epochs	3.0
4636.9234091931885	0.04301070000019536	epochs	3.0
4636.966419893189	0.08476429999973334	epochs	2.0
4636.966419893189	0.0425889999996798	epochs	3.0
4637.009008893188	0.04217530000005354	epochs	3.0
4637.051184193188	0.08314150000023801	epochs	2.0
4637.051184193188	0.041769700000259036	epochs	3.0
4637.092953893189	0.041371799999978975	epochs	3.0
4637.134325693189	0.08157969999956549	epochs	2.0
4637.134325693189	0.04098139999950945	epochs	3.0
4637.175307093188	0.04059830000005604	epochs	3.0
4637.215905393188	0.08007550000002084	epochs	2.0
4637.215905393188	0.040222300000095856	epochs	3.0
4637.256127693188	0.03985319999992498	epochs	3.0
4637.295980893188	0.07862569999997504	epochs	2.0
4637.295980893188	0.03949079999983951	epochs	3.0
4637.335471693188	0.03913490000013553	epochs	3.0
4637.374606593188	0.07722760000069684	epochs	2.0
4637.374606593188	0.038785400000051595	epochs	3.0
4637.413391993188	0.038442200000645244	epochs	3.0
4637.451834193189	0.07587819999935164	epochs	2.0
4637.451834193189	0.03810479999992822	epochs	3.0
4637.489938993189	0.03777339999942342	epochs	3.0
4637.527712393188	0.07457520000025397	epochs	2.0
4637.527712393188	0.037447700000484474	epochs	3.0
4637.565160093189	0.0371274999997695	epochs	3.0
4637.6022875931885	0.07331629999953293	epochs	2.0
4637.6022875931885	0.03681289999985893	epochs	3.0
4637.639100493188	0.036503399999674	epochs	3.0
4637.675603893188	0.07209899999998015	epochs	2.0
4637.675603893188	0.03619909999997617	epochs	3.0
4637.711802993188	0.03589990000000398	epochs	3.0
4637.747702893188	0.07092170000032638	epochs	2.0
4637.747702893188	0.03560560000005353	epochs	3.0
4637.783308493188	0.035316100000272854	epochs	3.0
4637.818624593188	0.06978200000048673	epochs	2.0
4637.818624593188	0.03503120000004856	epochs	3.0
4637.853655793188	0.034750800000438176	epochs	3.0
4637.888406593189	0.06867859999965731	epochs	2.0
4637.888406593189	0.03447509999932663	epochs	3.0
4637.922881693188	0.03420350000033068	epochs	3.0
4637.9570851931885	0.06760930000018561	epochs	2.0
4637.9570851931885	0.03393620000042574	epochs	3.0
4637.991021393189	0.03367309999975987	epochs	3.0
4638.024694493189	0.06657290000021021	epochs	2.0
4638.024694493189	0.033413999999538646	epochs	3.0
4638.058108493188	0.033158900000671565	epochs	3.0
4638.091267393189	0.06556779999937135	epochs	2.0
4638.091267393189	0.032907699999668694	epochs	3.0
4638.124175093189	0.03266009999970265	epochs	3.0
4638.156835193188	0.06459260000065115	epochs	2.0
4638.156835193188	0.032416400000329304	epochs	3.0
4638.189251593189	0.03217620000032184	epochs	3.0
4638.221427793189	0.06364599999960774	epochs	2.0
4638.221427793189	0.03193959999953222	epochs	3.0
4638.2533673931885	0.03170640000007552	epochs	3.0
4638.2850737931885	0.0627266999999847	epochs	2.0
4638.2850737931885	0.03147660000013275	epochs	3.0
4638.316550393189	0.031250099999851955	epochs	3.0
4638.3478004931885	0.06183359999977256	epochs	2.0
4638.3478004931885	0.031026900000142632	epochs	3.0
4638.378827393189	0.030806699999629927	epochs	3.0
4638.409634093188	0.06096560000059981	epochs	2.0
4638.409634093188	0.03058980000059819	epochs	3.0
4638.440223893189	0.030375800000001618	epochs	3.0
4638.470599693189	0.06012159999954747	epochs	2.0
4638.470599693189	0.030164899999363115	epochs	3.0
4638.500764593188	0.029956700000184355	epochs	3.0
4638.530721293188	0.05930069999976695	epochs	2.0
4638.530721293188	0.029751600000054168	epochs	3.0
4638.5604728931885	0.02954909999971278	epochs	3.0
4638.590021993188	0.058501800000158255	epochs	2.0
4638.590021993188	0.02934940000068309	epochs	3.0
4638.619371393189	0.029152399999475165	epochs	3.0
4638.648523793188	0.05772419999993872	epochs	2.0
4638.648523793188	0.028957999999875028	epochs	3.0
4638.677481793188	0.02876620000006369	epochs	3.0
4638.706247993188	0.0569671000002927	epochs	2.0
4638.706247993188	0.028577000000041153	epochs	3.0
4638.734824993188	0.02839010000025155	epochs	3.0
4638.763215093189	0.05622949999997218	epochs	2.0
4638.763215093189	0.028205699999489298	epochs	3.0
4638.791420793188	0.02802380000048288	epochs	3.0
4638.819444593189	0.05551070000001346	epochs	2.0
4638.819444593189	0.027844000000186497	epochs	3.0
4638.847288593189	0.02766669999982696	epochs	3.0
4638.874955293189	0.05481020000024728	epochs	2.0
4638.874955293189	0.02749149999999645	epochs	3.0
4638.902446793189	0.02731870000025083	epochs	3.0
4638.929765493189	0.05412699999942561	epochs	2.0
4638.929765493189	0.027147799999511335	epochs	3.0
4638.956913293188	0.026979199999914272	epochs	3.0
4638.983892493188	0.053460699999959616	epochs	2.0
4638.983892493188	0.026812600000084785	epochs	3.0
4639.010705093188	0.02664809999987483	epochs	3.0
4639.037353193188	0.05281070000000909	epochs	2.0
4639.037353193188	0.026485600000341947	epochs	3.0
4639.063838793189	0.026325099999667145	epochs	3.0
4639.090163893188	0.052176199999848905	epochs	2.0
4639.090163893188	0.026166399999965506	epochs	3.0
4639.116330293188	0.0260097999998834	epochs	3.0
4639.142340093188	0.05155670000021928	epochs	2.0
4639.142340093188	0.02585480000016105	epochs	3.0
4639.168194893188	0.02570190000005823	epochs	3.0
4639.193896793188	0.050951899999745365	epochs	2.0
4639.193896793188	0.025550700000167126	epochs	3.0
4639.219447493188	0.02540119999957824	epochs	3.0
4639.244848693188	0.05036100000052102	epochs	2.0
4639.244848693188	0.02525350000087201	epochs	3.0
4639.270102193189	0.025107499999649008	epochs	3.0
4639.295209693189	0.04978380000011384	epochs	2.0
4639.295209693189	0.024963199999547214	epochs	3.0
4639.320172893188	0.02482060000056663	epochs	3.0
4639.344993493189	0.049219499999708205	epochs	2.0
4639.344993493189	0.024679399999513407	epochs	3.0
4639.369672893188	0.024540100000194798	epochs	3.0
4639.394212993188	0.04866790000050969	epochs	2.0
4639.394212993188	0.024402099999861093	epochs	3.0
4639.418615093188	0.024265800000648596	epochs	3.0
4639.442880893189	0.0481285999994725	epochs	2.0
4639.442880893189	0.02413099999921542	epochs	3.0
4639.467011893188	0.02399760000025708	epochs	3.0
4639.491009493188	0.047601100000065344	epochs	2.0
4639.491009493188	0.02386579999983951	epochs	3.0
4639.514875293188	0.023735300000225834	epochs	3.0
4639.538610593188	0.04708500000015192	epochs	2.0
4639.538610593188	0.023606300000210467	epochs	3.0
4639.562216893189	0.023478699999941455	epochs	3.0
4639.585695593189	0.04658000000017637	epochs	2.0
4639.585695593189	0.02335250000032829	epochs	3.0
4639.609048093189	0.023227499999848078	epochs	3.0
4639.632275593189	0.04608569999982137	epochs	2.0
4639.632275593189	0.02310399999987567	epochs	3.0
4639.655379593189	0.022981699999945704	epochs	3.0
4639.678361293189	0.04560179999953107	epochs	2.0
4639.678361293189	0.02286069999991014	epochs	3.0
4639.7012219931885	0.02274109999962093	epochs	3.0
4639.723963093188	0.04512790000080713	epochs	2.0
4639.723963093188	0.02262250000057975	epochs	3.0
4639.746585593189	0.022505400000227382	epochs	3.0
4639.769090993189	0.04466379999939818	epochs	2.0
4639.769090993189	0.022389299999304058	epochs	3.0
4639.791480293188	0.022274500000094122	epochs	3.0
4639.813754793188	0.04420920000029582	epochs	2.0
4639.813754793188	0.02216080000016518	epochs	3.0
4639.8359155931885	0.02204840000013064	epochs	3.0
4639.857963993189	0.043763599999692815	epochs	2.0
4639.857963993189	0.021936899999673187	epochs	3.0
4639.879900893188	0.021826700000019628	epochs	3.0
4639.901727593188	0.043327100000169594	epochs	2.0
4639.901727593188	0.02171760000055656	epochs	3.0
4639.923445193189	0.021609499999613035	epochs	3.0
4639.9450546931885	0.04289900000003399	epochs	2.0
4639.9450546931885	0.021502499999769498	epochs	3.0
4639.966557193188	0.021396500000264496	epochs	3.0
4639.9879536931885	0.04247949999989942	epochs	2.0
4639.9879536931885	0.021291699999892444	epochs	3.0
4640.009245393188	0.021187800000006973	epochs	3.0
4640.030433193188	0.04206789999989269	epochs	2.0
4640.030433193188	0.02108490000046004	epochs	3.0
4640.051518093189	0.02098299999943265	epochs	3.0
4640.072501093188	0.04166440000062721	epochs	2.0
4640.072501093188	0.02088220000041474	epochs	3.0
4640.093383293189	0.02078220000021247	epochs	3.0
4640.114165493189	0.04126849999920523	epochs	2.0
4640.114165493189	0.020683299999291194	epochs	3.0
4640.134848793188	0.02058519999991404	epochs	3.0
4640.155433993188	0.04088000000047032	epochs	2.0
4640.155433993188	0.020488099999965925	epochs	3.0
4640.175922093188	0.020391900000504393	epochs	3.0
4640.196313993189	0.04049880000002304	epochs	2.0
4640.196313993189	0.020296599999710452	epochs	3.0
4640.216610593188	0.020202200000312587	epochs	3.0
4640.236812793189	0.04012460000012652	epochs	2.0
4640.236812793189	0.020108699999582313	epochs	3.0
4640.256921493188	0.020015900000544207	epochs	3.0
4640.276937393189	0.03975730000001931	epochs	2.0
4640.276937393189	0.0199241999998776	epochs	3.0
4640.296861593189	0.019833100000141712	epochs	3.0
4640.316694693189	0.03939669999999751	epochs	2.0
4640.316694693189	0.019742999999834865	epochs	3.0
4640.336437693189	0.019653700000162644	epochs	3.0
4640.356091393189	0.03904239999974379	epochs	2.0
4640.356091393189	0.019565099999454105	epochs	3.0
4640.375656493188	0.019477300000289688	epochs	3.0
4640.3951337931885	0.03869459999987157	epochs	2.0
4640.3951337931885	0.019390399999792862	epochs	3.0
4640.414524193188	0.01930420000007871	epochs	3.0
4640.433828393188	0.03835290000006353	epochs	2.0
4640.433828393188	0.019218800000089686	epochs	3.0
4640.4530471931885	0.01913409999997384	epochs	3.0
4640.472181293188	0.03801720000046771	epochs	2.0
4640.472181293188	0.01905019999958313	epochs	3.0
4640.491231493188	0.018967000000884582	epochs	3.0
4640.510198493189	0.037687199999709264	epochs	2.0
4640.510198493189	0.01888449999933073	epochs	3.0
4640.529082993188	0.018802700000378536	epochs	3.0
4640.547885693189	0.037363100000220584	epochs	2.0
4640.547885693189	0.01872170000024198	epochs	3.0
4640.566607393189	0.018641399999978603	epochs	3.0
4640.585248793189	0.03704429999925196	epochs	2.0
4640.585248793189	0.018561599999884493	epochs	3.0
4640.603810393189	0.01848269999936747	epochs	3.0
4640.622293093188	0.036731000000145286	epochs	2.0
4640.622293093188	0.018404299999929208	epochs	3.0
4640.640697393188	0.01832670000021608	epochs	3.0
4640.659024093188	0.03642290000061621	epochs	2.0
4640.659024093188	0.018249600000672217	epochs	3.0
4640.677273693189	0.018173299999943993	epochs	3.0
4640.695446993189	0.03612009999960719	epochs	2.0
4640.695446993189	0.01809759999923699	epochs	3.0
4640.713544593188	0.0180225000003702	epochs	3.0
4640.7315670931885	0.03582209999967745	epochs	2.0
4640.7315670931885	0.01794789999985369	epochs	3.0
4640.749514993188	0.01787419999982376	epochs	3.0
4640.767389193188	0.035529000000678934	epochs	2.0
4640.767389193188	0.017800800000259187	epochs	3.0
4640.785189993188	0.017728200000419747	epochs	3.0
4640.802918193189	0.03524070000003121	epochs	2.0
4640.802918193189	0.01765609999984008	epochs	3.0
4640.820574293189	0.01758460000019113	epochs	3.0
4640.838158893189	0.03495709999970131	epochs	2.0
4640.838158893189	0.01751369999965391	epochs	3.0
4640.8556725931885	0.017443400000047404	epochs	3.0
4640.873115993189	0.03467790000013338	epochs	2.0
4640.873115993189	0.017373599999700673	epochs	3.0
4640.890489593188	0.017304300000432704	epochs	3.0
4640.907793893189	0.03440330000012182	epochs	2.0
4640.907793893189	0.017235700000128418	epochs	3.0
4640.925029593189	0.0171675999999934	epochs	3.0
4640.942197193189	0.034132799999497365	epochs	2.0
4640.942197193189	0.0170998999992662	epochs	3.0
4640.959297093188	0.017032900000231166	epochs	3.0
4640.976329993188	0.03386670000054437	epochs	2.0
4640.976329993188	0.016966400000455906	epochs	3.0
4640.993296393189	0.016900300000088464	epochs	3.0
4641.010196693189	0.03360459999930754	epochs	2.0
4641.010196693189	0.016834799999742245	epochs	3.0
4641.027031493189	0.016769799999565294	epochs	3.0
4641.043801293188	0.0333466000001863	epochs	2.0
4641.043801293188	0.016705300000467105	epochs	3.0
4641.060506593189	0.016641299999719195	epochs	3.0
4641.077147893188	0.033092499999838765	epochs	2.0
4641.077147893188	0.016577800000050047	epochs	3.0
4641.093725693188	0.016514699999788718	epochs	3.0
4641.110240393188	0.032842300000083924	epochs	2.0
4641.110240393188	0.016452200000458106	epochs	3.0
4641.126692593189	0.016390099999625818	epochs	3.0
4641.143082693188	0.03259570000045642	epochs	2.0
4641.143082693188	0.016328400000020338	epochs	3.0
4641.159411093188	0.01626730000043608	epochs	3.0
4641.175678393189	0.03235289999975066	epochs	2.0
4641.175678393189	0.016206599999350146	epochs	3.0
4641.191884993188	0.016146300000400515	epochs	3.0
4641.2080312931885	0.032113700000081735	epochs	2.0
4641.2080312931885	0.016086599999653117	epochs	3.0
4641.224117893188	0.016027100000428618	epochs	3.0
4641.240144993189	0.031877999999778694	epochs	2.0
4641.240144993189	0.015968200000315846	epochs	3.0
4641.256113193189	0.015909799999462848	epochs	3.0
4641.272022993188	0.03164569999989908	epochs	2.0
4641.272022993188	0.01585160000013275	epochs	3.0
4641.2878745931885	0.01579409999976633	epochs	3.0
4641.303668693188	0.031416700000590936	epochs	2.0
4641.303668693188	0.015736700000161363	epochs	3.0
4641.319405393188	0.015680000000429573	epochs	3.0
4641.335085393189	0.03119109999988723	epochs	2.0
4641.335085393189	0.015623599999344151	epochs	3.0
4641.350708993188	0.015567500000543077	epochs	3.0
4641.366276493189	0.030968699999903038	epochs	2.0
4641.366276493189	0.015511999999944237	epochs	3.0
4641.381788493189	0.0154566999999588	epochs	3.0
4641.397245193189	0.03074949999972887	epochs	2.0
4641.397245193189	0.015401999999994587	epochs	3.0
4641.412647193189	0.015347499999734282	epochs	3.0
4641.427994693188	0.030533199999808858	epochs	2.0
4641.427994693188	0.01529339999979129	epochs	3.0
4641.443288093188	0.015239800000017567	epochs	3.0
4641.458527893188	0.030320100000608363	epochs	2.0
4641.458527893188	0.015186500000709202	epochs	3.0
4641.473714393189	0.015133599999899161	epochs	3.0
4641.488847993189	0.030109899999843037	epochs	2.0
4641.488847993189	0.015080999999554479	epochs	3.0
4641.503928993188	0.015028900000288559	epochs	3.0
4641.518957893189	0.029902499999479915	epochs	2.0
4641.518957893189	0.014976999999817053	epochs	3.0
4641.533934893188	0.014925499999662861	epochs	3.0
4641.548860393188	0.0296981000001324	epochs	2.0
4641.548860393188	0.014874400000735477	epochs	3.0
4641.563734793189	0.014823699999396922	epochs	3.0
4641.578558493188	0.029496300000573683	epochs	2.0
4641.578558493188	0.01477320000049076	epochs	3.0
4641.593331693189	0.014723100000082923	epochs	3.0
4641.608054793189	0.029297399999450136	epochs	2.0
4641.608054793189	0.014673399999992398	epochs	3.0
4641.622728193189	0.014623999999457737	epochs	3.0
4641.637352193188	0.029101099999934377	epochs	2.0
4641.637352193188	0.01457490000029793	epochs	3.0
4641.6519270931885	0.014526199999636447	epochs	3.0
4641.666453293188	0.028907400000207417	epochs	2.0
4641.666453293188	0.014477700000497862	epochs	3.0
4641.680930993189	0.014429699999709555	epochs	3.0
4641.695360693188	0.028716200000417302	epochs	2.0
4641.695360693188	0.014381799999682698	epochs	3.0
4641.709742493188	0.014334400000734604	epochs	3.0
4641.724076893189	0.028527599999506492	epochs	2.0
4641.724076893189	0.01428719999967143	epochs	3.0
4641.7383640931885	0.014240399999835063	epochs	3.0
4641.752604493188	0.02834140000049956	epochs	2.0
4641.752604493188	0.0141938000006121	epochs	3.0
4641.766798293189	0.014147599999887461	epochs	3.0
4641.780945893189	0.028157699999610486	epochs	2.0
4641.780945893189	0.014101699999628181	epochs	3.0
4641.795047593188	0.014055999999982305	epochs	3.0
4641.809103593188	0.02797629999986384	epochs	2.0
4641.809103593188	0.014010599999892293	epochs	3.0
4641.823114193188	0.013965699999971548	epochs	3.0
4641.837079893188	0.02779720000035013	epochs	2.0
4641.837079893188	0.013920800000050804	epochs	3.0
4641.851000693188	0.013876400000299327	epochs	3.0
4641.864877093189	0.02762040000015986	epochs	2.0
4641.864877093189	0.01383220000025176	epochs	3.0
4641.878709293189	0.013788199999908102	epochs	3.0
4641.892497493189	0.027445899999293033	epochs	2.0
4641.892497493189	0.013744599999881757	epochs	3.0
4641.906242093189	0.013701299999411276	epochs	3.0
4641.919943393188	0.02727350000077422	epochs	2.0
4641.919943393188	0.013658200000463694	epochs	3.0
4641.9336015931885	0.013615300000310526	epochs	3.0
4641.947216893189	0.02710339999975986	epochs	2.0
4641.947216893189	0.013572799999565177	epochs	3.0
4641.960789693188	0.013530600000194681	epochs	3.0
4641.974320293189	0.026935199999570614	epochs	2.0
4641.974320293189	0.01348839999991469	epochs	3.0
4641.9878086931885	0.013446799999655923	epochs	3.0
4642.001255493188	0.026769200000671844	epochs	2.0
4642.001255493188	0.01340520000030665	epochs	3.0
4642.0146606931885	0.013364000000365195	epochs	3.0
4642.028024693189	0.026605199999721663	epochs	2.0
4642.028024693189	0.0133228999993662	epochs	3.0
4642.041347593188	0.013282300000355463	epochs	3.0
4642.054629893189	0.026443199999448552	epochs	2.0
4642.054629893189	0.013241699999525736	epochs	3.0
4642.067871593188	0.013201499999922817	epochs	3.0
4642.081073093188	0.026283200000762008	epochs	2.0
4642.081073093188	0.013161500000023807	epochs	3.0
4642.094234593188	0.013121700000738201	epochs	3.0
4642.107356293189	0.026124999999410647	epochs	2.0
4642.107356293189	0.013082099999337515	epochs	3.0
4642.120438393188	0.013042900000073132	epochs	3.0
4642.133481293188	0.025968900000407302	epochs	2.0
4642.133481293188	0.013003900000512658	epochs	3.0
4642.146485193189	0.012964999999894644	epochs	3.0
4642.159450193189	0.02581449999979668	epochs	2.0
4642.159450193189	0.012926399999741989	epochs	3.0
4642.172376593188	0.012888100000054692	epochs	3.0
4642.185264693188	0.02566190000015922	epochs	2.0
4642.185264693188	0.01284990000021935	epochs	3.0
4642.198114593189	0.012811999999939871	epochs	3.0
4642.210926593189	0.02551119999952789	epochs	2.0
4642.210926593189	0.012774400000125752	epochs	3.0
4642.223700993189	0.012736799999402137	epochs	3.0
4642.236437793188	0.025362300000779214	epochs	2.0
4642.236437793188	0.01269970000066678	epochs	3.0
4642.249137493189	0.012662600000112434	epochs	3.0
4642.261800093189	0.025214999999661813	epochs	2.0
4642.261800093189	0.012625800000023446	epochs	3.0
4642.274425893189	0.012589199999638367	epochs	3.0
4642.2870150931885	0.024584799999502138	epochs	2.0
4642.310641493188	0.5	epochs	-1.0
4642.311599893188	0.5400000000008731	epochs	1.0
4642.851599893189	0.45991999999932887	epochs	0.0
4643.243000030518	0.09959999999955471	epochs	0.0
4643.243000030518	0.044800100000429666	epochs	1.0
4643.287800130518	0.009999799999604875	epochs	1.0
4643.297799930518	0.04480009999952017	epochs	1.0
4643.342600030517	2.0	epochs	0.0
4645.342600030517	0.5599200000006022	epochs	0.0
4645.342600030517	0.5599200000006022	epochs	1.0
4645.3426016305175	0.5	epochs	-1.0
4645.8426016305175	0.0599184000002424	epochs	-1.0
4645.902520030518	21.4399999999996	epochs	0.0
4647.085999965668	0.09959999999955471	epochs	0.0
4647.085999965668	0.044800100000429666	epochs	1.0
4647.130800065668	0.009999799999604875	epochs	1.0
4647.140799865668	0.04480009999952017	epochs	1.0
4647.185599965667	2.0	epochs	0.0
4649.185599965667	21.519760000000133	epochs	0.0
4649.185599965667	1.0	epochs	1.0
4649.185601565668	0.5	epochs	-1.0
4649.685601565668	19.999039999999695	epochs	-1.0
4650.185599965667	20.0	epochs	1.0
4650.185599965667	4.356753900000513	epochs	-1.0
4650.185599965667	1.9745872000003146	epochs	2.0
4650.185599965667	1.0985622000007425	epochs	3.0
4651.284162165668	0.8760249999995722	epochs	3.0
4652.160187165668	1.3524075000004814	epochs	2.0
4652.160187165668	0.7286355000005642	epochs	3.0
4652.888822665668	0.6237719999999172	epochs	3.0
4653.512594665668	1.0297591999997167	epochs	2.0
4653.512594665668	0.5453293000000485	epochs	3.0
4654.057923965668	0.4844298999996681	epochs	3.0
4654.542353865668	0.8317862000003515	epochs	2.0
4654.542353865668	0.4357762999998158	epochs	3.0
4654.978130165668	0.3960099000005357	epochs	3.0
4655.374140065668	0.6977969999998095	epochs	2.0
4655.374140065668	0.3628982000000178	epochs	3.0
4655.737038265668	0.33489879999979166	epochs	3.0
4656.071937065668	0.6010457000002134	epochs	2.0
4656.071937065668	0.31091229999947245	epochs	3.0
4656.382849365667	0.29013340000074095	epochs	3.0
4656.672982765668	0.5278859000000011	epochs	2.0
4656.672982765668	0.27195859999937966	epochs	3.0
4656.944941365668	0.25592730000062147	epochs	3.0
4657.200868665668	0.4706192999992709	epochs	2.0
4657.200868665668	0.241681299999982	epochs	3.0
4657.442549965668	0.22893799999928888	epochs	3.0
4657.671487965667	0.424570400000448	epochs	2.0
4657.671487965667	0.21747140000024956	epochs	3.0
4657.888959365668	0.20709900000019843	epochs	3.0
4658.096058365668	0.38673539999945206	epochs	2.0
4658.096058365668	0.1976710999997522	epochs	3.0
4658.293729465668	0.18906429999969987	epochs	3.0
4658.482793765667	0.3550953000003574	epochs	2.0
4658.482793765667	0.18117590000019845	epochs	3.0
4658.6639696656675	0.17391940000015893	epochs	3.0
4658.837889065668	0.3282430999997814	epochs	2.0
4658.837889065668	0.167221900000186	epochs	3.0
4659.005110965668	0.1610211999995954	epochs	3.0
4659.1661321656675	0.3051679999998669	epochs	2.0
4659.1661321656675	0.15526390000013635	epochs	3.0
4659.321396065668	0.14990409999973053	epochs	3.0
4659.471300165667	0.28512530000080005	epochs	2.0
4659.471300165667	0.1449021000007633	epochs	3.0
4659.616202265668	0.14022320000003674	epochs	3.0
4659.756425465668	0.2675537999994049	epochs	2.0
4659.756425465668	0.1358368999999584	epochs	3.0
4659.892262365668	0.13171689999944647	epochs	3.0
4660.023979265668	0.25202290000015637	epochs	2.0
4660.023979265668	0.12783930000023247	epochs	3.0
4660.151818565668	0.1241835999999239	epochs	3.0
4660.276002165668	0.23819650000041293	epochs	2.0
4660.276002165668	0.1207310999998299	epochs	3.0
4660.3967332656675	0.11746540000058303	epochs	3.0
4660.514198665668	0.22580879999986792	epochs	2.0
4660.514198665668	0.11437189999924158	epochs	3.0
4660.628570565667	0.11143690000062634	epochs	3.0
4660.740007465668	0.21464599999944767	epochs	2.0
4660.740007465668	0.10864889999993466	epochs	3.0
4660.848656365668	0.10599709999951301	epochs	3.0
4660.954653465667	0.2045349999998507	epochs	2.0
4660.954653465667	0.10347150000052352	epochs	3.0
4661.058124965668	0.10106349999932718	epochs	3.0
4661.159188465667	0.19533400000000256	epochs	2.0
4661.159188465667	0.09876510000049166	epochs	3.0
4661.257953565668	0.0965688999995109	epochs	3.0
4661.354522465667	0.18692530000043917	epochs	2.0
4661.354522465667	0.09446830000069895	epochs	3.0
4661.448990765668	0.09245699999974022	epochs	3.0
4661.541447765668	0.1792107000001124	epochs	2.0
4661.541447765668	0.0905296000000817	epochs	3.0
4661.631977365668	0.08868110000003071	epochs	3.0
4661.720658465668	0.17210770000019693	epochs	2.0
4661.720658465668	0.08690630000000965	epochs	3.0
4661.807564765668	0.08520140000018728	epochs	3.0
4661.892766165668	0.16554639999958454	epochs	2.0
4661.892766165668	0.08356189999994967	epochs	3.0
4661.976328065668	0.08198449999963486	epochs	3.0
4662.058312565668	0.15946710000025632	epochs	2.0
4662.058312565668	0.0804654000003211	epochs	3.0
4662.138777965668	0.07900169999993523	epochs	3.0
4662.217779665668	0.15381840000009106	epochs	2.0
4662.217779665668	0.07759009999972477	epochs	3.0
4662.295369765668	0.07622830000036629	epochs	3.0
4662.371598065668	0.14855639999950654	epochs	2.0
4662.371598065668	0.07491329999993468	epochs	3.0
4662.446511365668	0.07364309999957186	epochs	3.0
4662.5201544656675	0.14364240000031714	epochs	2.0
4662.5201544656675	0.07241500000054657	epochs	3.0
4662.592569465668	0.07122739999977057	epochs	3.0
4662.663796865668	0.13904309999998077	epochs	2.0
4662.663796865668	0.0700779999997394	epochs	3.0
4662.7338748656675	0.06896510000024136	epochs	3.0
4662.802839965668	0.13472929999988992	epochs	2.0
4662.802839965668	0.0678871000000072	epochs	3.0
4662.870727065668	0.06684219999988272	epochs	3.0
4662.937569265668	0.1306752000000415	epochs	2.0
4662.937569265668	0.06582909999997355	epochs	3.0
4663.003398365668	0.06484610000006796	epochs	3.0
4663.068244465668	0.1268577999999252	epochs	2.0
4663.068244465668	0.06389200000012352	epochs	3.0
4663.132136465668	0.06296579999980167	epochs	3.0
4663.195102265668	0.12325719999989815	epochs	2.0
4663.195102265668	0.06206579999980022	epochs	3.0
4663.257168065667	0.06119140000009793	epochs	3.0
4663.3183594656675	0.1198554000002332	epochs	2.0
4663.3183594656675	0.060341100000187	epochs	3.0
4663.378700565668	0.059514300000046205	epochs	3.0
4663.438214865668	0.11663620000035735	epochs	2.0
4663.438214865668	0.058709599999929196	epochs	3.0
4663.496924465668	0.05792660000042815	epochs	3.0
4663.554851065668	0.11358559999916906	epochs	2.0
4663.554851065668	0.057164199999533594	epochs	3.0
4663.612015265668	0.05642139999963547	epochs	3.0
4663.668436665667	0.11069050000060088	epochs	2.0
4663.668436665667	0.05569790000026842	epochs	3.0
4663.724134565668	0.05499260000033246	epochs	3.0
4663.779127165668	0.10793909999938478	epochs	2.0
4663.779127165668	0.054304899999806366	epochs	3.0
4663.833432065668	0.053634199999578414	epochs	3.0
4663.887066265667	0.10532150000017282	epochs	2.0
4663.887066265667	0.05298000000038883	epochs	3.0
4663.940046265668	0.05234149999978399	epochs	3.0
4663.992387765667	0.10282760000063718	epochs	2.0
4663.992387765667	0.05171810000047117	epochs	3.0
4664.044105865668	0.05110950000016601	epochs	3.0
4664.095215365668	0.1004490999994232	epochs	2.0
4664.095215365668	0.050514900000052876	epochs	3.0
4664.145730265668	0.04993419999937032	epochs	3.0
4664.1956644656675	0.09817830000065442	epochs	2.0
4664.1956644656675	0.0493666000002122	epochs	3.0
4664.245031065668	0.048811700000442215	epochs	3.0
4664.293842765668	0.09600779999982478	epochs	2.0
4664.293842765668	0.048269199999595	epochs	3.0
4664.342111965668	0.04773860000022978	epochs	3.0
4664.389850565668	0.09393120000004274	epochs	2.0
4664.389850565668	0.04721949999930075	epochs	3.0
4664.437070065667	0.046711700000741985	epochs	3.0
4664.483781765668	0.09194260000003851	epochs	2.0
4664.483781765668	0.046214599999984785	epochs	3.0
4664.529996365668	0.045728000000053726	epochs	3.0
4664.575724365668	0.09003630000006524	epochs	2.0
4664.575724365668	0.045251499999722	epochs	3.0
4664.620975865668	0.04478480000034324	epochs	3.0
4664.665760665668	0.0882075999998051	epochs	2.0
4664.665760665668	0.044327799999337	epochs	3.0
4664.7100884656675	0.043879800000468094	epochs	3.0
4664.753968265668	0.0864516999999978	epochs	2.0
4664.753968265668	0.04344099999980244	epochs	3.0
4664.797409265668	0.04301070000019536	epochs	3.0
4664.840419965668	0.08476429999973334	epochs	2.0
4664.840419965668	0.0425889999996798	epochs	3.0
4664.883008965668	0.04217530000005354	epochs	3.0
4664.925184265668	0.08314150000023801	epochs	2.0
4664.925184265668	0.041769700000259036	epochs	3.0
4664.966953965668	0.041371799999978975	epochs	3.0
4665.008325765668	0.08157969999956549	epochs	2.0
4665.008325765668	0.04098139999950945	epochs	3.0
4665.049307165667	0.04059830000005604	epochs	3.0
4665.0899054656675	0.08007550000002084	epochs	2.0
4665.0899054656675	0.040222300000095856	epochs	3.0
4665.130127765668	0.03985319999992498	epochs	3.0
4665.1699809656675	0.07862569999997504	epochs	2.0
4665.1699809656675	0.03949079999983951	epochs	3.0
4665.209471765667	0.03913490000013553	epochs	3.0
4665.2486066656675	0.07722760000069684	epochs	2.0
4665.2486066656675	0.038785400000051595	epochs	3.0
4665.2873920656675	0.038442200000645244	epochs	3.0
4665.325834265668	0.07587819999935164	epochs	2.0
4665.325834265668	0.03810479999992822	epochs	3.0
4665.363939065668	0.03777339999942342	epochs	3.0
4665.4017124656675	0.07457520000025397	epochs	2.0
4665.4017124656675	0.037447700000484474	epochs	3.0
4665.439160165668	0.0371274999997695	epochs	3.0
4665.476287665668	0.07331629999953293	epochs	2.0
4665.476287665668	0.03681289999985893	epochs	3.0
4665.513100565668	0.036503399999674	epochs	3.0
4665.549603965667	0.07209899999998015	epochs	2.0
4665.549603965667	0.03619909999997617	epochs	3.0
4665.585803065667	0.03589990000000398	epochs	3.0
4665.621702965667	0.07092170000032638	epochs	2.0
4665.621702965667	0.03560560000005353	epochs	3.0
4665.657308565667	0.035316100000272854	epochs	3.0
4665.692624665668	0.06978200000048673	epochs	2.0
4665.692624665668	0.03503120000004856	epochs	3.0
4665.727655865668	0.034750800000438176	epochs	3.0
4665.762406665668	0.06867859999965731	epochs	2.0
4665.762406665668	0.03447509999932663	epochs	3.0
4665.796881765667	0.03420350000033068	epochs	3.0
4665.831085265668	0.06760930000018561	epochs	2.0
4665.831085265668	0.03393620000042574	epochs	3.0
4665.865021465668	0.03367309999975987	epochs	3.0
4665.898694565668	0.06657290000021021	epochs	2.0
4665.898694565668	0.033413999999538646	epochs	3.0
4665.9321085656675	0.033158900000671565	epochs	3.0
4665.965267465668	0.06556779999937135	epochs	2.0
4665.965267465668	0.032907699999668694	epochs	3.0
4665.998175165668	0.03266009999970265	epochs	3.0
4666.0308352656675	0.06459260000065115	epochs	2.0
4666.0308352656675	0.032416400000329304	epochs	3.0
4666.063251665668	0.03217620000032184	epochs	3.0
4666.095427865668	0.06364599999960774	epochs	2.0
4666.095427865668	0.03193959999953222	epochs	3.0
4666.127367465668	0.03170640000007552	epochs	3.0
4666.159073865668	0.0627266999999847	epochs	2.0
4666.159073865668	0.03147660000013275	epochs	3.0
4666.190550465668	0.031250099999851955	epochs	3.0
4666.221800565668	0.06183359999977256	epochs	2.0
4666.221800565668	0.031026900000142632	epochs	3.0
4666.252827465668	0.030806699999629927	epochs	3.0
4666.2836341656675	0.06096560000059981	epochs	2.0
4666.2836341656675	0.03058980000059819	epochs	3.0
4666.314223965668	0.030375800000001618	epochs	3.0
4666.344599765668	0.06012159999954747	epochs	2.0
4666.344599765668	0.030164899999363115	epochs	3.0
4666.3747646656675	0.029956700000184355	epochs	3.0
4666.404721365668	0.05930069999976695	epochs	2.0
4666.404721365668	0.029751600000054168	epochs	3.0
4666.434472965668	0.02954909999971278	epochs	3.0
4666.464022065667	0.058501800000158255	epochs	2.0
4666.464022065667	0.02934940000068309	epochs	3.0
4666.493371465668	0.029152399999475165	epochs	3.0
4666.522523865668	0.05772419999993872	epochs	2.0
4666.522523865668	0.028957999999875028	epochs	3.0
4666.5514818656675	0.02876620000006369	epochs	3.0
4666.580248065668	0.0569671000002927	epochs	2.0
4666.580248065668	0.028577000000041153	epochs	3.0
4666.608825065668	0.02839010000025155	epochs	3.0
4666.637215165668	0.05622949999997218	epochs	2.0
4666.637215165668	0.028205699999489298	epochs	3.0
4666.665420865667	0.02802380000048288	epochs	3.0
4666.693444665668	0.05551070000001346	epochs	2.0
4666.693444665668	0.027844000000186497	epochs	3.0
4666.721288665668	0.02766669999982696	epochs	3.0
4666.748955365668	0.05481020000024728	epochs	2.0
4666.748955365668	0.02749149999999645	epochs	3.0
4666.776446865668	0.02731870000025083	epochs	3.0
4666.803765565668	0.05412699999942561	epochs	2.0
4666.803765565668	0.027147799999511335	epochs	3.0
4666.830913365668	0.026979199999914272	epochs	3.0
4666.8578925656675	0.053460699999959616	epochs	2.0
4666.8578925656675	0.026812600000084785	epochs	3.0
4666.884705165668	0.02664809999987483	epochs	3.0
4666.9113532656675	0.05281070000000909	epochs	2.0
4666.9113532656675	0.026485600000341947	epochs	3.0
4666.937838865668	0.026325099999667145	epochs	3.0
4666.9641639656675	0.052176199999848905	epochs	2.0
4666.9641639656675	0.026166399999965506	epochs	3.0
4666.990330365667	0.0260097999998834	epochs	3.0
4667.016340165667	0.05155670000021928	epochs	2.0
4667.016340165667	0.02585480000016105	epochs	3.0
4667.0421949656675	0.02570190000005823	epochs	3.0
4667.0678968656675	0.050951899999745365	epochs	2.0
4667.0678968656675	0.025550700000167126	epochs	3.0
4667.093447565668	0.02540119999957824	epochs	3.0
4667.118848765667	0.05036100000052102	epochs	2.0
4667.118848765667	0.02525350000087201	epochs	3.0
4667.144102265668	0.025107499999649008	epochs	3.0
4667.169209765668	0.04978380000011384	epochs	2.0
4667.169209765668	0.024963199999547214	epochs	3.0
4667.194172965667	0.02482060000056663	epochs	3.0
4667.218993565668	0.049219499999708205	epochs	2.0
4667.218993565668	0.024679399999513407	epochs	3.0
4667.243672965667	0.024540100000194798	epochs	3.0
4667.268213065668	0.04866790000050969	epochs	2.0
4667.268213065668	0.024402099999861093	epochs	3.0
4667.2926151656675	0.024265800000648596	epochs	3.0
4667.316880965668	0.0481285999994725	epochs	2.0
4667.316880965668	0.02413099999921542	epochs	3.0
4667.341011965667	0.02399760000025708	epochs	3.0
4667.365009565668	0.047601100000065344	epochs	2.0
4667.365009565668	0.02386579999983951	epochs	3.0
4667.388875365667	0.023735300000225834	epochs	3.0
4667.412610665668	0.04708500000015192	epochs	2.0
4667.412610665668	0.023606300000210467	epochs	3.0
4667.436216965668	0.023478699999941455	epochs	3.0
4667.459695665668	0.04658000000017637	epochs	2.0
4667.459695665668	0.02335250000032829	epochs	3.0
4667.483048165668	0.023227499999848078	epochs	3.0
4667.506275665668	0.04608569999982137	epochs	2.0
4667.506275665668	0.02310399999987567	epochs	3.0
4667.529379665668	0.022981699999945704	epochs	3.0
4667.552361365668	0.04560179999953107	epochs	2.0
4667.552361365668	0.02286069999991014	epochs	3.0
4667.575222065668	0.02274109999962093	epochs	3.0
4667.597963165667	0.04512790000080713	epochs	2.0
4667.597963165667	0.02262250000057975	epochs	3.0
4667.620585665668	0.022505400000227382	epochs	3.0
4667.643091065668	0.04466379999939818	epochs	2.0
4667.643091065668	0.022389299999304058	epochs	3.0
4667.6654803656675	0.022274500000094122	epochs	3.0
4667.687754865668	0.04420920000029582	epochs	2.0
4667.687754865668	0.02216080000016518	epochs	3.0
4667.709915665668	0.02204840000013064	epochs	3.0
4667.731964065668	0.043763599999692815	epochs	2.0
4667.731964065668	0.021936899999673187	epochs	3.0
4667.7539009656675	0.021826700000019628	epochs	3.0
4667.775727665668	0.043327100000169594	epochs	2.0
4667.775727665668	0.02171760000055656	epochs	3.0
4667.797445265668	0.021609499999613035	epochs	3.0
4667.819054765668	0.04289900000003399	epochs	2.0
4667.819054765668	0.021502499999769498	epochs	3.0
4667.8405572656675	0.021396500000264496	epochs	3.0
4667.861953765668	0.04247949999989942	epochs	2.0
4667.861953765668	0.021291699999892444	epochs	3.0
4667.883245465668	0.021187800000006973	epochs	3.0
4667.904433265668	0.04206789999989269	epochs	2.0
4667.904433265668	0.02108490000046004	epochs	3.0
4667.925518165668	0.02098299999943265	epochs	3.0
4667.9465011656675	0.04166440000062721	epochs	2.0
4667.9465011656675	0.02088220000041474	epochs	3.0
4667.967383365668	0.02078220000021247	epochs	3.0
4667.988165565668	0.04126849999920523	epochs	2.0
4667.988165565668	0.020683299999291194	epochs	3.0
4668.0088488656675	0.02058519999991404	epochs	3.0
4668.029434065667	0.04088000000047032	epochs	2.0
4668.029434065667	0.020488099999965925	epochs	3.0
4668.049922165667	0.020391900000504393	epochs	3.0
4668.070314065668	0.04049880000002304	epochs	2.0
4668.070314065668	0.020296599999710452	epochs	3.0
4668.090610665668	0.020202200000312587	epochs	3.0
4668.110812865668	0.04012460000012652	epochs	2.0
4668.110812865668	0.020108699999582313	epochs	3.0
4668.130921565667	0.020015900000544207	epochs	3.0
4668.150937465668	0.03975730000001931	epochs	2.0
4668.150937465668	0.0199241999998776	epochs	3.0
4668.170861665668	0.019833100000141712	epochs	3.0
4668.190694765668	0.03939669999999751	epochs	2.0
4668.190694765668	0.019742999999834865	epochs	3.0
4668.210437765668	0.019653700000162644	epochs	3.0
4668.230091465668	0.03904239999974379	epochs	2.0
4668.230091465668	0.019565099999454105	epochs	3.0
4668.2496565656675	0.019477300000289688	epochs	3.0
4668.269133865668	0.03869459999987157	epochs	2.0
4668.269133865668	0.019390399999792862	epochs	3.0
4668.288524265668	0.01930420000007871	epochs	3.0
4668.307828465668	0.03835290000006353	epochs	2.0
4668.307828465668	0.019218800000089686	epochs	3.0
4668.327047265668	0.01913409999997384	epochs	3.0
4668.346181365668	0.03801720000046771	epochs	2.0
4668.346181365668	0.01905019999958313	epochs	3.0
4668.365231565667	0.018967000000884582	epochs	3.0
4668.384198565668	0.037687199999709264	epochs	2.0
4668.384198565668	0.01888449999933073	epochs	3.0
4668.4030830656675	0.018802700000378536	epochs	3.0
4668.421885765668	0.037363100000220584	epochs	2.0
4668.421885765668	0.01872170000024198	epochs	3.0
4668.440607465668	0.018641399999978603	epochs	3.0
4668.459248865668	0.03704429999925196	epochs	2.0
4668.459248865668	0.018561599999884493	epochs	3.0
4668.477810465668	0.01848269999936747	epochs	3.0
4668.496293165667	0.036731000000145286	epochs	2.0
4668.496293165667	0.018404299999929208	epochs	3.0
4668.514697465667	0.01832670000021608	epochs	3.0
4668.5330241656675	0.03642290000061621	epochs	2.0
4668.5330241656675	0.018249600000672217	epochs	3.0
4668.551273765668	0.018173299999943993	epochs	3.0
4668.569447065668	0.03612009999960719	epochs	2.0
4668.569447065668	0.01809759999923699	epochs	3.0
4668.587544665667	0.0180225000003702	epochs	3.0
4668.605567165668	0.03582209999967745	epochs	2.0
4668.605567165668	0.01794789999985369	epochs	3.0
4668.623515065668	0.01787419999982376	epochs	3.0
4668.641389265667	0.035529000000678934	epochs	2.0
4668.641389265667	0.017800800000259187	epochs	3.0
4668.659190065668	0.017728200000419747	epochs	3.0
4668.676918265668	0.03524070000003121	epochs	2.0
4668.676918265668	0.01765609999984008	epochs	3.0
4668.694574365668	0.01758460000019113	epochs	3.0
4668.712158965668	0.03495709999970131	epochs	2.0
4668.712158965668	0.01751369999965391	epochs	3.0
4668.729672665668	0.017443400000047404	epochs	3.0
4668.747116065668	0.03467790000013338	epochs	2.0
4668.747116065668	0.017373599999700673	epochs	3.0
4668.7644896656675	0.017304300000432704	epochs	3.0
4668.781793965668	0.03440330000012182	epochs	2.0
4668.781793965668	0.017235700000128418	epochs	3.0
4668.799029665668	0.0171675999999934	epochs	3.0
4668.816197265668	0.034132799999497365	epochs	2.0
4668.816197265668	0.0170998999992662	epochs	3.0
4668.833297165667	0.017032900000231166	epochs	3.0
4668.850330065668	0.03386670000054437	epochs	2.0
4668.850330065668	0.016966400000455906	epochs	3.0
4668.867296465668	0.016900300000088464	epochs	3.0
4668.884196765668	0.03360459999930754	epochs	2.0
4668.884196765668	0.016834799999742245	epochs	3.0
4668.901031565668	0.016769799999565294	epochs	3.0
4668.917801365667	0.0333466000001863	epochs	2.0
4668.917801365667	0.016705300000467105	epochs	3.0
4668.934506665668	0.016641299999719195	epochs	3.0
4668.951147965668	0.033092499999838765	epochs	2.0
4668.951147965668	0.016577800000050047	epochs	3.0
4668.967725765668	0.016514699999788718	epochs	3.0
4668.984240465667	0.032842300000083924	epochs	2.0
4668.984240465667	0.016452200000458106	epochs	3.0
4669.000692665668	0.016390099999625818	epochs	3.0
4669.0170827656675	0.03259570000045642	epochs	2.0
4669.0170827656675	0.016328400000020338	epochs	3.0
4669.0334111656675	0.01626730000043608	epochs	3.0
4669.049678465668	0.03235289999975066	epochs	2.0
4669.049678465668	0.016206599999350146	epochs	3.0
4669.065885065667	0.016146300000400515	epochs	3.0
4669.082031365668	0.032113700000081735	epochs	2.0
4669.082031365668	0.016086599999653117	epochs	3.0
4669.098117965667	0.016027100000428618	epochs	3.0
4669.114145065668	0.031877999999778694	epochs	2.0
4669.114145065668	0.015968200000315846	epochs	3.0
4669.130113265668	0.015909799999462848	epochs	3.0
4669.146023065668	0.03164569999989908	epochs	2.0
4669.146023065668	0.01585160000013275	epochs	3.0
4669.161874665668	0.01579409999976633	epochs	3.0
4669.1776687656675	0.031416700000590936	epochs	2.0
4669.1776687656675	0.015736700000161363	epochs	3.0
4669.193405465668	0.015680000000429573	epochs	3.0
4669.209085465668	0.03119109999988723	epochs	2.0
4669.209085465668	0.015623599999344151	epochs	3.0
4669.224709065667	0.015567500000543077	epochs	3.0
4669.240276565668	0.030968699999903038	epochs	2.0
4669.240276565668	0.015511999999944237	epochs	3.0
4669.255788565668	0.0154566999999588	epochs	3.0
4669.271245265668	0.03074949999972887	epochs	2.0
4669.271245265668	0.015401999999994587	epochs	3.0
4669.286647265668	0.015347499999734282	epochs	3.0
4669.301994765668	0.030533199999808858	epochs	2.0
4669.301994765668	0.01529339999979129	epochs	3.0
4669.317288165667	0.015239800000017567	epochs	3.0
4669.332527965667	0.030320100000608363	epochs	2.0
4669.332527965667	0.015186500000709202	epochs	3.0
4669.347714465668	0.015133599999899161	epochs	3.0
4669.362848065668	0.030109899999843037	epochs	2.0
4669.362848065668	0.015080999999554479	epochs	3.0
4669.377929065668	0.015028900000288559	epochs	3.0
4669.392957965668	0.029902499999479915	epochs	2.0
4669.392957965668	0.014976999999817053	epochs	3.0
4669.407934965668	0.014925499999662861	epochs	3.0
4669.422860465667	0.0296981000001324	epochs	2.0
4669.422860465667	0.014874400000735477	epochs	3.0
4669.437734865668	0.014823699999396922	epochs	3.0
4669.4525585656675	0.029496300000573683	epochs	2.0
4669.4525585656675	0.01477320000049076	epochs	3.0
4669.467331765668	0.014723100000082923	epochs	3.0
4669.482054865668	0.029297399999450136	epochs	2.0
4669.482054865668	0.014673399999992398	epochs	3.0
4669.496728265668	0.014623999999457737	epochs	3.0
4669.5113522656675	0.029101099999934377	epochs	2.0
4669.5113522656675	0.01457490000029793	epochs	3.0
4669.525927165668	0.014526199999636447	epochs	3.0
4669.540453365667	0.028907400000207417	epochs	2.0
4669.540453365667	0.014477700000497862	epochs	3.0
4669.554931065668	0.014429699999709555	epochs	3.0
4669.569360765668	0.028716200000417302	epochs	2.0
4669.569360765668	0.014381799999682698	epochs	3.0
4669.583742565667	0.014334400000734604	epochs	3.0
4669.598076965668	0.028527599999506492	epochs	2.0
4669.598076965668	0.01428719999967143	epochs	3.0
4669.612364165668	0.014240399999835063	epochs	3.0
4669.626604565668	0.02834140000049956	epochs	2.0
4669.626604565668	0.0141938000006121	epochs	3.0
4669.640798365668	0.014147599999887461	epochs	3.0
4669.654945965668	0.028157699999610486	epochs	2.0
4669.654945965668	0.014101699999628181	epochs	3.0
4669.669047665668	0.014055999999982305	epochs	3.0
4669.683103665668	0.02797629999986384	epochs	2.0
4669.683103665668	0.014010599999892293	epochs	3.0
4669.697114265668	0.013965699999971548	epochs	3.0
4669.7110799656675	0.02779720000035013	epochs	2.0
4669.7110799656675	0.013920800000050804	epochs	3.0
4669.725000765668	0.013876400000299327	epochs	3.0
4669.738877165668	0.02762040000015986	epochs	2.0
4669.738877165668	0.01383220000025176	epochs	3.0
4669.752709365668	0.013788199999908102	epochs	3.0
4669.766497565668	0.027445899999293033	epochs	2.0
4669.766497565668	0.013744599999881757	epochs	3.0
4669.780242165668	0.013701299999411276	epochs	3.0
4669.793943465667	0.02727350000077422	epochs	2.0
4669.793943465667	0.013658200000463694	epochs	3.0
4669.807601665668	0.013615300000310526	epochs	3.0
4669.821216965668	0.02710339999975986	epochs	2.0
4669.821216965668	0.013572799999565177	epochs	3.0
4669.834789765668	0.013530600000194681	epochs	3.0
4669.848320365668	0.026935199999570614	epochs	2.0
4669.848320365668	0.01348839999991469	epochs	3.0
4669.861808765668	0.013446799999655923	epochs	3.0
4669.875255565667	0.026769200000671844	epochs	2.0
4669.875255565667	0.01340520000030665	epochs	3.0
4669.888660765668	0.013364000000365195	epochs	3.0
4669.902024765668	0.026605199999721663	epochs	2.0
4669.902024765668	0.0133228999993662	epochs	3.0
4669.9153476656675	0.013282300000355463	epochs	3.0
4669.928629965668	0.026443199999448552	epochs	2.0
4669.928629965668	0.013241699999525736	epochs	3.0
4669.941871665667	0.013201499999922817	epochs	3.0
4669.955073165667	0.026283200000762008	epochs	2.0
4669.955073165667	0.013161500000023807	epochs	3.0
4669.968234665667	0.013121700000738201	epochs	3.0
4669.981356365668	0.026124999999410647	epochs	2.0
4669.981356365668	0.013082099999337515	epochs	3.0
4669.994438465667	0.013042900000073132	epochs	3.0
4670.007481365667	0.025968900000407302	epochs	2.0
4670.007481365667	0.013003900000512658	epochs	3.0
4670.020485265668	0.012964999999894644	epochs	3.0
4670.033450265668	0.02581449999979668	epochs	2.0
4670.033450265668	0.012926399999741989	epochs	3.0
4670.046376665668	0.012888100000054692	epochs	3.0
4670.059264765668	0.02566190000015922	epochs	2.0
4670.059264765668	0.01284990000021935	epochs	3.0
4670.072114665668	0.012811999999939871	epochs	3.0
4670.084926665668	0.02551119999952789	epochs	2.0
4670.084926665668	0.012774400000125752	epochs	3.0
4670.097701065668	0.012736799999402137	epochs	3.0
4670.110437865667	0.025362300000779214	epochs	2.0
4670.110437865667	0.01269970000066678	epochs	3.0
4670.123137565668	0.012662600000112434	epochs	3.0
4670.135800165668	0.025214999999661813	epochs	2.0
4670.135800165668	0.012625800000023446	epochs	3.0
4670.148425965668	0.012589199999638367	epochs	3.0
4670.161015165668	0.024584799999502138	epochs	2.0
4670.184641565667	0.5	epochs	-1.0
4670.185599965667	0.519760000000133	epochs	1.0
4670.705359965667	0.480160000000069	epochs	0.0
4685.078999996185	0.09959999999955471	epochs	0.0
4685.078999996185	0.044800100000429666	epochs	1.0
4685.123800096186	0.009999799999604875	epochs	1.0
4685.133799896185	0.04480009999952017	epochs	1.0
4685.178599996185	0.22992000000067492	epochs	0.0
4685.178599996185	0.0500000000001819	epochs	1.0
4685.228599996185	0.010000000000218279	epochs	1.0
4685.238599996185	0.0500000000001819	epochs	1.0
4685.288599996185	0.010000000000218279	epochs	1.0
4685.298599996186	0.049999999999272404	epochs	1.0
4685.348599996185	0.010000000000218279	epochs	1.0
4685.358599996185	0.04992000000038388	epochs	1.0
5068.614999771118	0.09959999999955471	epochs	0.0
5068.614999771118	0.044800100000429666	epochs	1.0
5068.659799871119	0.009999799999604875	epochs	1.0
5068.669799671118	0.04480009999952017	epochs	1.0
5068.714599771118	0.22992000000067492	epochs	0.0
5068.714599771118	0.0500000000001819	epochs	1.0
5068.764599771118	0.010000000000218279	epochs	1.0
5068.774599771118	0.0500000000001819	epochs	1.0
5068.824599771118	0.010000000000218279	epochs	1.0
5068.8345997711185	0.049999999999272404	epochs	1.0
5068.884599771118	0.010000000000218279	epochs	1.0
5068.894599771118	0.04992000000038388	epochs	1.0
