onset	duration	nwb_table	treelevel
8.068999767303467	0.09999999999999964	epochs	0.0
8.068999767303467	0.04499999999999993	epochs	1.0
8.113999767303467	0.009999999999999787	epochs	1.0
8.123999767303467	0.04499999999999993	epochs	1.0
8.168999767303466	0.7049950000000003	epochs	0.0
8.168999767303466	0.5	epochs	-1.0
8.168999767303466	0.5	epochs	-1.0
8.168999767303466	0.5	epochs	1.0
8.668999767303466	0.0600000000000005	epochs	-1.0
8.668999767303466	0.025000000000000355	epochs	-1.0
8.668999767303466	0.025000000000000355	epochs	1.0
8.693999767303467	0.009999999999999787	epochs	-1.0
8.693999767303467	0.009999999999999787	epochs	1.0
8.703999767303467	0.025000000000000355	epochs	-1.0
8.703999767303467	0.025000000000000355	epochs	1.0
8.728999767303467	0.0600000000000005	epochs	-1.0
8.728999767303467	0.025000000000000355	epochs	-1.0
8.728999767303467	0.025000000000000355	epochs	1.0
8.753999767303467	0.009999999999999787	epochs	-1.0
8.753999767303467	0.009999999999999787	epochs	1.0
8.763999767303467	0.025000000000000355	epochs	-1.0
8.763999767303467	0.025000000000000355	epochs	1.0
8.788999767303467	0.05999999999999872	epochs	-1.0
8.788999767303467	0.02499999999999858	epochs	-1.0
8.788999767303467	0.02499999999999858	epochs	1.0
8.813999767303466	0.010000000000001563	epochs	-1.0
8.813999767303466	0.010000000000001563	epochs	1.0
8.823999767303468	0.02499999999999858	epochs	-1.0
8.823999767303468	0.02499999999999858	epochs	1.0
8.848999767303466	0.024995000000000545	epochs	1.0
251.14599990844727	0.09999999999999432	epochs	0.0
251.14599990844727	0.044999999999987494	epochs	1.0
251.19099990844725	0.010000000000019327	epochs	1.0
251.20099990844727	0.044999999999987494	epochs	1.0
251.24599990844726	0.7049949999999967	epochs	0.0
251.24599990844726	0.5	epochs	-1.0
251.24599990844726	0.5	epochs	1.0
251.74599990844726	0.060000000000002274	epochs	-1.0
251.74599990844726	0.025000000000005684	epochs	-1.0
251.74599990844726	0.025000000000005684	epochs	1.0
251.77099990844727	0.009999999999990905	epochs	-1.0
251.77099990844727	0.009999999999990905	epochs	1.0
251.78099990844726	0.025000000000005684	epochs	-1.0
251.78099990844726	0.025000000000005684	epochs	1.0
251.80599990844726	0.060000000000002274	epochs	-1.0
251.80599990844726	0.025000000000005684	epochs	-1.0
251.80599990844726	0.025000000000005684	epochs	1.0
251.83099990844727	0.009999999999990905	epochs	-1.0
251.83099990844727	0.009999999999990905	epochs	1.0
251.84099990844726	0.025000000000005684	epochs	-1.0
251.84099990844726	0.025000000000005684	epochs	1.0
251.86599990844726	0.060000000000002274	epochs	-1.0
251.86599990844726	0.025000000000005684	epochs	-1.0
251.86599990844726	0.025000000000005684	epochs	1.0
251.89099990844727	0.009999999999990905	epochs	-1.0
251.89099990844727	0.009999999999990905	epochs	1.0
251.90099990844726	0.025000000000005684	epochs	-1.0
251.90099990844726	0.025000000000005684	epochs	1.0
251.92599990844727	0.024994999999989886	epochs	1.0
310.94999980926514	0.10000000000002274	epochs	0.0
310.94999980926514	0.045000000000015916	epochs	1.0
310.99499980926515	0.009999999999990905	epochs	1.0
311.00499980926514	0.045000000000015916	epochs	1.0
311.04999980926516	61.384995	epochs	0.0
311.04999980926516	0.5	epochs	-1.0
311.04999980926516	0.5	epochs	-1.0
311.04999980926516	0.5	epochs	1.0
311.54999980926516	0.060000000000002274	epochs	-1.0
311.54999980926516	0.024999999999977263	epochs	-1.0
311.54999980926516	0.024999999999977263	epochs	1.0
311.57499980926514	0.009999999999990905	epochs	-1.0
311.57499980926514	0.009999999999990905	epochs	1.0
311.5849998092651	0.025000000000034106	epochs	-1.0
311.5849998092651	0.025000000000034106	epochs	1.0
311.60999980926516	0.060000000000002274	epochs	-1.0
311.60999980926516	0.024999999999977263	epochs	-1.0
311.60999980926516	0.024999999999977263	epochs	1.0
311.63499980926514	0.009999999999990905	epochs	-1.0
311.63499980926514	0.009999999999990905	epochs	1.0
311.64499980926513	0.025000000000034106	epochs	-1.0
311.64499980926513	0.025000000000034106	epochs	1.0
311.66999980926516	0.05999999999994543	epochs	-1.0
311.66999980926516	0.024999999999977263	epochs	-1.0
311.66999980926516	0.024999999999977263	epochs	1.0
311.69499980926514	0.009999999999990905	epochs	-1.0
311.69499980926514	0.009999999999990905	epochs	1.0
311.70499980926513	0.024999999999977263	epochs	-1.0
311.70499980926513	0.024999999999977263	epochs	1.0
311.7299998092651	60.0	epochs	1.0
371.7299998092651	0.5	epochs	-1.0
371.7299998092651	0.5	epochs	-1.0
371.7299998092651	0.5	epochs	1.0
372.2299998092651	0.06000000000005912	epochs	-1.0
372.2299998092651	0.025000000000034106	epochs	-1.0
372.2299998092651	0.025000000000034106	epochs	1.0
372.25499980926514	0.009999999999990905	epochs	-1.0
372.25499980926514	0.009999999999990905	epochs	1.0
372.26499980926513	0.025000000000034106	epochs	-1.0
372.26499980926513	0.025000000000034106	epochs	1.0
372.28999980926517	0.05999999999994543	epochs	-1.0
372.28999980926517	0.024999999999977263	epochs	-1.0
372.28999980926517	0.024999999999977263	epochs	1.0
372.31499980926515	0.009999999999990905	epochs	-1.0
372.31499980926515	0.009999999999990905	epochs	1.0
372.32499980926514	0.024999999999977263	epochs	-1.0
372.32499980926514	0.024999999999977263	epochs	1.0
372.3499998092651	0.060000000000002274	epochs	-1.0
372.3499998092651	0.025000000000034106	epochs	-1.0
372.3499998092651	0.025000000000034106	epochs	1.0
372.37499980926515	0.009999999999990905	epochs	-1.0
372.37499980926515	0.009999999999990905	epochs	1.0
372.38499980926514	0.024999999999977263	epochs	-1.0
372.38499980926514	0.024999999999977263	epochs	1.0
372.4099998092651	0.02499500000004673	epochs	1.0
409.5089998245239	0.10000000000002274	epochs	0.0
409.5089998245239	0.045000000000015916	epochs	1.0
409.55399982452394	0.009999999999990905	epochs	1.0
409.56399982452393	0.045000000000015916	epochs	1.0
409.60899982452395	0.7049949999999967	epochs	0.0
409.60899982452395	0.5	epochs	-1.0
409.60899982452395	0.5	epochs	-1.0
409.60899982452395	0.5	epochs	1.0
410.10899982452395	0.060000000000002274	epochs	-1.0
410.10899982452395	0.024999999999977263	epochs	-1.0
410.10899982452395	0.024999999999977263	epochs	1.0
410.1339998245239	0.009999999999990905	epochs	-1.0
410.1339998245239	0.009999999999990905	epochs	1.0
410.1439998245239	0.025000000000034106	epochs	-1.0
410.1439998245239	0.025000000000034106	epochs	1.0
410.16899982452395	0.060000000000002274	epochs	-1.0
410.16899982452395	0.024999999999977263	epochs	-1.0
410.16899982452395	0.024999999999977263	epochs	1.0
410.1939998245239	0.009999999999990905	epochs	-1.0
410.1939998245239	0.009999999999990905	epochs	1.0
410.2039998245239	0.025000000000034106	epochs	-1.0
410.2039998245239	0.025000000000034106	epochs	1.0
410.22899982452395	0.05999999999994543	epochs	-1.0
410.22899982452395	0.024999999999977263	epochs	-1.0
410.22899982452395	0.024999999999977263	epochs	1.0
410.25399982452393	0.009999999999990905	epochs	-1.0
410.25399982452393	0.009999999999990905	epochs	1.0
410.2639998245239	0.024999999999977263	epochs	-1.0
410.2639998245239	0.024999999999977263	epochs	1.0
410.2889998245239	0.02499500000004673	epochs	1.0
447.3059997558594	0.0626399999999876	epochs	0.0
447.3059997558594	0.02632130000000643	epochs	1.0
447.3323210558594	0.009997399999974732	epochs	1.0
447.34231845585936	0.02632130000000643	epochs	1.0
447.36863975585936	5.999979999999994	epochs	0.0
447.36863975585936	0.5	epochs	1.0
447.3686563558594	0.5	epochs	-1.0
447.3686563558594	0.5	epochs	-1.0
447.86863975585936	5.0	epochs	1.0
452.86863975585936	0.49997999999999365	epochs	1.0
452.8686563558594	0.499963399999956	epochs	-1.0
458.34299993515015	0.0626399999999876	epochs	0.0
458.34299993515015	0.02632130000000643	epochs	1.0
458.36932123515015	0.009997399999974732	epochs	1.0
458.3793186351501	0.02632130000000643	epochs	1.0
458.40563993515013	2.5373799999999846	epochs	0.0
458.40563993515013	0.5	epochs	1.0
458.4056565351502	0.5	epochs	-1.0
458.90563993515013	1.0	epochs	1.0
459.90563993515013	1.0373799999999846	epochs	1.0
460.4056565351502	0.5	epochs	-1.0
460.9430199351501	0.962600000000009	epochs	0.0
461.26399993896484	0.0626399999999876	epochs	0.0
461.26399993896484	0.02632130000000643	epochs	1.0
461.29032123896485	0.009997399999974732	epochs	1.0
461.3003186389648	0.02632130000000643	epochs	1.0
461.32663993896483	2.5580400000000054	epochs	0.0
461.32663993896483	0.5	epochs	1.0
461.32665653896487	0.5	epochs	-1.0
461.82663993896483	1.0	epochs	1.0
462.82663993896483	1.0580400000000054	epochs	1.0
463.32665653896487	0.5	epochs	-1.0
463.88467993896484	0.9419399999999882	epochs	0.0
464.17399978637695	0.0626399999999876	epochs	0.0
464.17399978637695	0.02632130000000643	epochs	1.0
464.20032108637696	0.009997399999974732	epochs	1.0
464.21031848637693	0.02632130000000643	epochs	1.0
464.23663978637694	2.5370399999999904	epochs	0.0
464.23663978637694	0.5	epochs	1.0
464.236656386377	0.5	epochs	-1.0
464.73663978637694	1.0	epochs	1.0
465.73663978637694	1.0370399999999904	epochs	1.0
466.236656386377	0.5	epochs	-1.0
466.77367978637693	0.9629400000000032	epochs	0.0
467.0809998512268	0.0626399999999876	epochs	0.0
467.0809998512268	0.02632130000000643	epochs	1.0
467.1073211512268	0.009997399999974732	epochs	1.0
467.1173185512268	0.02632130000000643	epochs	1.0
467.1436398512268	2.5574000000000296	epochs	0.0
467.1436398512268	0.5	epochs	1.0
467.14365645122683	0.5	epochs	-1.0
467.6436398512268	1.0	epochs	1.0
468.6436398512268	1.0574000000000296	epochs	1.0
469.14365645122683	0.5	epochs	-1.0
469.7010398512268	0.942579999999964	epochs	0.0
470.01599979400635	0.0626399999999876	epochs	0.0
470.01599979400635	0.02632130000000643	epochs	1.0
470.04232109400635	0.009997399999974732	epochs	1.0
470.05231849400633	0.02632130000000643	epochs	1.0
470.07863979400634	2.536900000000003	epochs	0.0
470.07863979400634	0.5	epochs	1.0
470.0786563940064	0.5	epochs	-1.0
470.57863979400634	1.0	epochs	1.0
471.57863979400634	1.0369000000000028	epochs	1.0
472.0786563940064	0.5	epochs	-1.0
472.61553979400634	0.9630799999999908	epochs	0.0
472.98799991607666	0.6499800000000278	epochs	0.0
472.98799991607666	0.05000000000001137	epochs	1.0
473.03799991607667	0.5	epochs	1.0
473.53799991607667	0.09998000000001639	epochs	1.0
474.0380001068115	0.6499800000000278	epochs	0.0
474.0380001068115	0.05000000000001137	epochs	1.0
474.08800010681153	0.5	epochs	1.0
474.58800010681153	0.09998000000001639	epochs	1.0
475.06199979782104	0.6499800000000278	epochs	0.0
475.06199979782104	0.05000000000001137	epochs	1.0
475.11199979782106	0.5	epochs	1.0
475.61199979782106	0.09998000000001639	epochs	1.0
476.07499980926514	0.6499800000000278	epochs	0.0
476.07499980926514	0.05000000000001137	epochs	1.0
476.12499980926515	0.5	epochs	1.0
476.62499980926515	0.09998000000001639	epochs	1.0
477.11299991607666	0.6499800000000278	epochs	0.0
477.11299991607666	0.05000000000001137	epochs	1.0
477.16299991607667	0.5	epochs	1.0
477.66299991607667	0.09998000000001639	epochs	1.0
478.1659998893738	0.6499800000000278	epochs	0.0
478.1659998893738	0.05000000000001137	epochs	1.0
478.2159998893738	0.5	epochs	1.0
478.7159998893738	0.09998000000001639	epochs	1.0
479.19999980926514	0.6499800000000278	epochs	0.0
479.19999980926514	0.05000000000001137	epochs	1.0
479.24999980926515	0.5	epochs	1.0
479.74999980926515	0.09998000000001639	epochs	1.0
480.2430000305176	0.6499800000000278	epochs	0.0
480.2430000305176	0.05000000000001137	epochs	1.0
480.2930000305176	0.5	epochs	1.0
480.7930000305176	0.09998000000001639	epochs	1.0
481.3329997062683	0.0626399999999876	epochs	0.0
481.3329997062683	0.02632130000000643	epochs	1.0
481.3593210062683	0.009997399999974732	epochs	1.0
481.3693184062683	0.02632130000000643	epochs	1.0
481.3956397062683	2.537399999999991	epochs	0.0
481.3956397062683	0.5	epochs	1.0
481.39565630626834	0.5	epochs	-1.0
481.8956397062683	1.0	epochs	1.0
482.8956397062683	1.037399999999991	epochs	1.0
483.3956562062683	0.5	epochs	-1.0
483.9330397062683	2.9625800000000027	epochs	0.0
486.56500005722046	0.0626399999999876	epochs	0.0
486.56500005722046	0.02632130000000643	epochs	1.0
486.59132135722047	0.009997399999974732	epochs	1.0
486.60131875722044	0.02632130000000643	epochs	1.0
486.62764005722045	2.557839999999999	epochs	0.0
486.62764005722045	0.5	epochs	1.0
486.6276566572205	0.5	epochs	-1.0
487.12764005722045	1.0	epochs	1.0
488.12764005722045	1.0578399999999988	epochs	1.0
488.62765655722046	0.5	epochs	-1.0
489.18548005722045	2.942139999999995	epochs	0.0
491.80800008773804	0.0626399999999876	epochs	0.0
491.80800008773804	0.02632130000000643	epochs	1.0
491.83432138773804	0.009997399999974732	epochs	1.0
491.844318787738	0.02632130000000643	epochs	1.0
491.870640087738	2.557040000000029	epochs	0.0
491.870640087738	0.5	epochs	1.0
491.87065668773806	0.5	epochs	-1.0
492.370640087738	1.0	epochs	1.0
493.370640087738	1.057040000000029	epochs	1.0
493.87065658773804	0.5	epochs	-1.0
494.42768008773805	2.9429399999999646	epochs	0.0
497.0629997253418	0.0626399999999876	epochs	0.0
497.0629997253418	0.02632130000000643	epochs	1.0
497.0893210253418	0.009997399999974732	epochs	1.0
497.0993184253418	0.02632130000000643	epochs	1.0
497.1256397253418	2.5573400000000106	epochs	0.0
497.1256397253418	0.5	epochs	1.0
497.1256563253418	0.5	epochs	-1.0
497.6256397253418	1.0	epochs	1.0
498.6256397253418	1.0573400000000106	epochs	1.0
499.1256562253418	0.5	epochs	-1.0
499.6829797253418	2.942639999999983	epochs	0.0
502.2929997444153	0.0626399999999876	epochs	0.0
502.2929997444153	0.02632130000000643	epochs	1.0
502.3193210444153	0.009997399999974732	epochs	1.0
502.32931844441526	0.02632130000000643	epochs	1.0
502.35563974441527	2.5374800000000164	epochs	0.0
502.35563974441527	0.5	epochs	1.0
502.3556563444153	0.5	epochs	-1.0
502.85563974441527	1.0	epochs	1.0
503.85563974441527	1.0374800000000164	epochs	1.0
504.3556562444153	0.5	epochs	-1.0
504.8931197444153	2.9624999999999773	epochs	0.0
507.48600006103516	0.0626399999999876	epochs	0.0
507.48600006103516	0.02632130000000643	epochs	1.0
507.51232136103516	0.009997399999974732	epochs	1.0
507.52231876103514	0.02632130000000643	epochs	1.0
507.54864006103514	0.5376400000000103	epochs	0.0
507.54864006103514	0.5	epochs	1.0
507.5486566610352	0.5	epochs	-1.0
508.04864006103514	0.03764000000001033	epochs	1.0
508.08628006103515	4.96234000000004	epochs	0.0
512.6729998588562	0.0626399999999876	epochs	0.0
512.6729998588562	0.026321299999949588	epochs	1.0
512.6993211588562	0.009997400000088419	epochs	1.0
512.7093185588562	0.026321299999949588	epochs	1.0
512.7356398588562	2.5369000000000597	epochs	0.0
512.7356398588562	0.5	epochs	1.0
512.7356564588562	0.5	epochs	-1.0
513.2356398588562	1.0	epochs	1.0
514.2356398588562	1.0369000000000597	epochs	1.0
514.7356563588562	0.5	epochs	-1.0
515.2725398588562	2.963079999999991	epochs	0.0
517.8629999160767	0.0626399999999876	epochs	0.0
517.8629999160767	0.026321299999949588	epochs	1.0
517.8893212160766	0.009997400000088419	epochs	1.0
517.8993186160767	0.026321299999949588	epochs	1.0
517.9256399160766	2.536920000000009	epochs	0.0
517.9256399160766	0.5	epochs	1.0
517.9256565160766	0.5	epochs	-1.0
518.4256399160766	1.0	epochs	1.0
519.4256399160766	1.0369200000000092	epochs	1.0
519.9256564160767	0.5	epochs	-1.0
520.4625599160767	2.9630600000000413	epochs	0.0
523.1110000610352	0.0626399999999876	epochs	0.0
523.1110000610352	0.026321299999949588	epochs	1.0
523.1373213610351	0.009997400000088419	epochs	1.0
523.1473187610352	0.026321299999949588	epochs	1.0
523.1736400610351	2.5376400000000103	epochs	0.0
523.1736400610351	0.5	epochs	1.0
523.1736566610351	0.5	epochs	-1.0
523.6736400610351	1.0	epochs	1.0
524.6736400610351	1.0376400000000103	epochs	1.0
525.1736565610352	0.5	epochs	-1.0
525.7112800610352	2.96234000000004	epochs	0.0
528.298999786377	0.0626399999999876	epochs	0.0
528.298999786377	0.026321299999949588	epochs	1.0
528.3253210863769	0.009997400000088419	epochs	1.0
528.335318486377	0.026321299999949588	epochs	1.0
528.3616397863769	2.557160000000067	epochs	0.0
528.3616397863769	0.5	epochs	1.0
528.3616563863769	0.5	epochs	-1.0
528.8616397863769	1.0	epochs	1.0
529.8616397863769	1.0571600000000672	epochs	1.0
530.361656286377	0.5	epochs	-1.0
530.918799786377	2.9428199999999833	epochs	0.0
533.5599999427795	0.0626399999999876	epochs	0.0
533.5599999427795	0.026321299999949588	epochs	1.0
533.5863212427795	0.009997400000088419	epochs	1.0
533.5963186427796	0.026321299999949588	epochs	1.0
533.6226399427795	2.5573799999999665	epochs	0.0
533.6226399427795	0.5	epochs	1.0
533.6226565427795	0.5	epochs	-1.0
534.1226399427795	1.0	epochs	1.0
535.1226399427795	1.0573799999999665	epochs	1.0
535.6226565427795	0.5	epochs	-1.0
536.1800199427795	3.942600000000084	epochs	0.0
536.6999998092651	0.0626399999999876	epochs	0.0
536.6999998092651	0.026321299999949588	epochs	1.0
536.7263211092651	0.009997400000088419	epochs	1.0
536.7363185092652	0.026321299999949588	epochs	1.0
536.7626398092651	2.5570800000000418	epochs	0.0
536.7626398092651	0.5	epochs	1.0
536.7626564092651	0.5	epochs	-1.0
537.2626398092651	1.0	epochs	1.0
538.2626398092651	1.0570800000000418	epochs	1.0
538.7626564092651	0.5	epochs	-1.0
539.3197198092652	3.9429000000000087	epochs	0.0
539.8039999008179	0.0626399999999876	epochs	0.0
539.8039999008179	0.026321299999949588	epochs	1.0
539.8303212008178	0.009997400000088419	epochs	1.0
539.8403186008179	0.026321299999949588	epochs	1.0
539.8666399008179	2.557419999999979	epochs	0.0
539.8666399008179	0.5	epochs	1.0
539.8666565008178	0.5	epochs	-1.0
540.3666399008179	1.0	epochs	1.0
541.3666399008179	1.0574199999999792	epochs	1.0
541.8666565008178	0.5	epochs	-1.0
542.4240599008178	3.9425600000000713	epochs	0.0
542.923999786377	0.0626399999999876	epochs	0.0
542.923999786377	0.026321299999949588	epochs	1.0
542.9503210863769	0.009997400000088419	epochs	1.0
542.960318486377	0.026321299999949588	epochs	1.0
542.9866397863769	2.5576600000000553	epochs	0.0
542.9866397863769	0.5	epochs	1.0
542.9866563863769	0.5	epochs	-1.0
543.4866397863769	1.0	epochs	1.0
544.4866397863769	1.0576600000000553	epochs	1.0
544.9866563863769	0.5	epochs	-1.0
545.544299786377	3.942319999999995	epochs	0.0
546.061999797821	0.0626399999999876	epochs	0.0
546.061999797821	0.026321299999949588	epochs	1.0
546.088321097821	0.009997400000088419	epochs	1.0
546.0983184978211	0.026321299999949588	epochs	1.0
546.124639797821	2.557459999999992	epochs	0.0
546.124639797821	0.5	epochs	1.0
546.124656397821	0.5	epochs	-1.0
546.624639797821	1.0	epochs	1.0
547.624639797821	1.0574599999999919	epochs	1.0
548.124656397821	0.5	epochs	-1.0
548.682099797821	3.9425200000000586	epochs	0.0
549.2039999961853	0.0626399999999876	epochs	0.0
549.2039999961853	0.026321299999949588	epochs	1.0
549.2303212961853	0.009997400000088419	epochs	1.0
549.2403186961853	0.026321299999949588	epochs	1.0
549.2666399961853	2.5370400000000473	epochs	0.0
549.2666399961853	0.5	epochs	1.0
549.2666565961853	0.5	epochs	-1.0
549.7666399961853	1.0	epochs	1.0
550.7666399961853	1.0370400000000473	epochs	1.0
551.2666565961853	0.5	epochs	-1.0
551.8036799961853	3.9629400000000032	epochs	0.0
552.3670001029968	0.15297999999995682	epochs	0.0
552.3670001029968	0.049999999999954525	epochs	1.0
552.4170001029968	0.0030000000000427463	epochs	1.0
552.4200001029968	0.09997999999995955	epochs	1.0
553.0770001411438	0.15297999999995682	epochs	0.0
553.0770001411438	0.049999999999954525	epochs	1.0
553.1270001411438	0.0030000000000427463	epochs	1.0
553.1300001411438	0.09997999999995955	epochs	1.0
553.7769999504089	0.15297999999995682	epochs	0.0
553.7769999504089	0.049999999999954525	epochs	1.0
553.8269999504089	0.0030000000000427463	epochs	1.0
553.8299999504089	0.09997999999995955	epochs	1.0
554.5050001144409	0.15297999999995682	epochs	0.0
554.5050001144409	0.049999999999954525	epochs	1.0
554.5550001144409	0.0030000000000427463	epochs	1.0
554.5580001144409	0.09997999999995955	epochs	1.0
555.2090001106262	0.15297999999995682	epochs	0.0
555.2090001106262	0.049999999999954525	epochs	1.0
555.2590001106262	0.0030000000000427463	epochs	1.0
555.2620001106262	0.09997999999995955	epochs	1.0
556.0069999694824	0.15297999999995682	epochs	0.0
556.0069999694824	0.049999999999954525	epochs	1.0
556.0569999694824	0.0030000000000427463	epochs	1.0
556.0599999694824	0.09997999999995955	epochs	1.0
556.7589998245239	0.15297999999995682	epochs	0.0
556.7589998245239	0.049999999999954525	epochs	1.0
556.8089998245239	0.0030000000000427463	epochs	1.0
556.8119998245239	0.09997999999995955	epochs	1.0
557.5499997138977	0.0626399999999876	epochs	0.0
557.5499997138977	0.026321299999949588	epochs	1.0
557.5763210138977	0.009997400000088419	epochs	1.0
557.5863184138977	0.026321299999949588	epochs	1.0
557.6126397138977	1.5372200000000475	epochs	0.0
557.6126397138977	0.5	epochs	1.0
557.6126563138977	0.5	epochs	-1.0
558.1126397138977	0.0030000000000427463	epochs	1.0
558.1156397138977	1.0342200000000048	epochs	1.0
558.6156563138977	0.5	epochs	-1.0
559.1498597138977	0.06575999999995474	epochs	0.0
559.6970000267029	0.0626399999999876	epochs	0.0
559.6970000267029	0.026321299999949588	epochs	1.0
559.7233213267028	0.009997400000088419	epochs	1.0
559.7333187267029	0.026321299999949588	epochs	1.0
559.7596400267029	1.5368799999999965	epochs	0.0
559.7596400267029	0.5	epochs	1.0
559.7596566267028	0.5	epochs	-1.0
560.2596400267029	0.0030000000000427463	epochs	1.0
560.2626400267029	1.0338799999999537	epochs	1.0
560.7626566267029	0.5	epochs	-1.0
561.2965200267029	0.06610000000000582	epochs	0.0
561.918999671936	0.0626399999999876	epochs	0.0
561.918999671936	0.026321299999949588	epochs	1.0
561.945320971936	0.009997400000088419	epochs	1.0
561.9553183719361	0.026321299999949588	epochs	1.0
561.981639671936	3.6975400000000036	epochs	0.0
561.981639671936	0.5	epochs	1.0
561.981656271936	0.5	epochs	-1.0
562.481639671936	3.1975400000000036	epochs	1.0
564.678859671936	1.0003199999999879	epochs	-1.0
564.678859671936	0.03956000000005133	epochs	-1.0
565.176356271936	0.5	epochs	-1.0
565.679179671936	15.802440000000047	epochs	0.0
566.5130000114441	0.0626399999999876	epochs	0.0
566.5130000114441	0.026321299999949588	epochs	1.0
566.539321311444	0.009997400000088419	epochs	1.0
566.5493187114441	0.026321299999949588	epochs	1.0
566.5756400114441	3.697499999999991	epochs	0.0
566.5756400114441	0.5	epochs	1.0
566.5756566114441	0.5	epochs	-1.0
567.0756400114441	3.197499999999991	epochs	1.0
569.2734400114441	0.9996999999999616	epochs	-1.0
569.2734400114441	0.039559999999937645	epochs	-1.0
569.7709366114441	0.5	epochs	-1.0
570.2731400114441	15.80248000000006	epochs	0.0
570.896999835968	0.0626399999999876	epochs	0.0
570.896999835968	0.026321299999949588	epochs	1.0
570.923321135968	0.009997400000088419	epochs	1.0
570.933318535968	0.026321299999949588	epochs	1.0
570.959639835968	3.6968400000000656	epochs	0.0
570.959639835968	0.5	epochs	1.0
570.959656435968	0.5	epochs	-1.0
571.459639835968	3.1968400000000656	epochs	1.0
573.656639835968	0.9998400000000629	epochs	-1.0
573.656639835968	0.03956000000005133	epochs	-1.0
574.154136435968	0.5	epochs	-1.0
574.6564798359681	15.803139999999985	epochs	0.0
676.0069999694824	0.0626399999999876	epochs	0.0
676.0069999694824	0.026321299999949588	epochs	1.0
676.0333212694824	0.009997400000088419	epochs	1.0
676.0433186694825	0.026321299999949588	epochs	1.0
676.0696399694824	2.0	epochs	0.0
678.0696399694824	5.356800000000021	epochs	0.0
678.0696399694824	1.0	epochs	1.0
678.0696565694824	0.5	epochs	-1.0
678.5696565694824	4.85678340000004	epochs	-1.0
679.0696399694824	4.356800000000021	epochs	1.0
679.0696399694824	4.356753900000058	epochs	-1.0
679.0696399694824	1.9745871999999736	epochs	2.0
679.0696399694824	1.0985622000000603	epochs	3.0
680.1682021694825	0.8760249999999132	epochs	3.0
681.0442271694824	1.3524075000000266	epochs	2.0
681.0442271694824	0.7286354999999958	epochs	3.0
681.7728626694824	0.6237720000000309	epochs	3.0
682.3966346694824	1.0297592000000577	epochs	2.0
682.3966346694824	0.5453293000000485	epochs	3.0
682.9419639694825	0.4844299000000092	epochs	3.0
683.4263938694825	4.6099999963189475e-05	epochs	2.0
683.4263938694825	4.6099999963189475e-05	epochs	3.0
683.4264399694824	16.643119999999954	epochs	0.0
684.2919998168945	0.0626399999999876	epochs	0.0
684.2919998168945	0.026321299999949588	epochs	1.0
684.3183211168945	0.009997400000088419	epochs	1.0
684.3283185168946	0.026321299999949588	epochs	1.0
684.3546398168945	2.0	epochs	0.0
686.3546398168945	5.376640000000066	epochs	0.0
686.3546398168945	1.0	epochs	1.0
686.3546564168945	0.5	epochs	-1.0
686.8546564168945	4.876623400000085	epochs	-1.0
687.3546398168945	4.376640000000066	epochs	1.0
687.3546398168945	4.356753900000058	epochs	-1.0
687.3546398168945	1.9745871999999736	epochs	2.0
687.3546398168945	1.0985622000000603	epochs	3.0
688.4532020168946	0.8760249999999132	epochs	3.0
689.3292270168945	1.3524075000000266	epochs	2.0
689.3292270168945	0.7286354999999958	epochs	3.0
690.0578625168945	0.6237720000000309	epochs	3.0
690.6816345168945	1.0297592000000577	epochs	2.0
690.6816345168945	0.5453293000000485	epochs	3.0
691.2269638168946	0.4844299000000092	epochs	3.0
691.7113937168946	0.0198861000000079	epochs	2.0
691.7113937168946	0.0198861000000079	epochs	3.0
691.7312798168946	16.62327999999991	epochs	0.0
692.4569997787476	0.0626399999999876	epochs	0.0
692.4569997787476	0.026321299999949588	epochs	1.0
692.4833210787475	0.009997400000088419	epochs	1.0
692.4933184787476	0.026321299999949588	epochs	1.0
692.5196397787475	2.0	epochs	0.0
694.5196397787475	21.556800000000067	epochs	0.0
694.5196397787475	1.0	epochs	1.0
694.5196563787475	0.5	epochs	-1.0
695.0196563787475	19.998080000000073	epochs	-1.0
695.5196397787475	20.0	epochs	1.0
695.5196397787475	4.356753900000058	epochs	-1.0
695.5196397787475	1.9745871999999736	epochs	2.0
695.5196397787475	1.0985622000000603	epochs	3.0
696.6182019787476	0.8760249999999132	epochs	3.0
697.4942269787475	1.3524075000000266	epochs	2.0
697.4942269787475	0.7286354999999958	epochs	3.0
698.2228624787475	0.6237720000000309	epochs	3.0
698.8466344787475	1.0297592000000577	epochs	2.0
698.8466344787475	0.5453293000000485	epochs	3.0
699.3919637787476	0.4844299000000092	epochs	3.0
699.8763936787476	0.8317862000000105	epochs	2.0
699.8763936787476	0.4357762999999295	epochs	3.0
700.3121699787475	0.39600990000008096	epochs	3.0
700.7081798787476	0.6977969999999232	epochs	2.0
700.7081798787476	0.36289819999990414	epochs	3.0
701.0710780787475	0.33489880000001904	epochs	3.0
701.4059768787475	0.601045699999986	epochs	2.0
701.4059768787475	0.3109123000000409	epochs	3.0
701.7168891787476	0.29013339999994514	epochs	3.0
702.0070225787475	0.5278859000000011	epochs	2.0
702.0070225787475	0.2719586000000618	epochs	3.0
702.2789811787476	0.25592729999993935	epochs	3.0
702.5349084787475	0.4706193000000667	epochs	2.0
702.5349084787475	0.241681299999982	epochs	3.0
702.7765897787475	0.22893800000008468	epochs	3.0
703.0055277787476	0.42457039999999324	epochs	2.0
703.0055277787476	0.21747140000002219	epochs	3.0
703.2229991787476	0.20709899999997106	epochs	3.0
703.4300981787476	0.3867354000000205	epochs	2.0
703.4300981787476	0.19767109999997956	epochs	3.0
703.6277692787476	0.18906430000004093	epochs	3.0
703.8168335787476	0.35509529999990264	epochs	2.0
703.8168335787476	0.18117589999997108	epochs	3.0
703.9980094787476	0.17391939999993156	epochs	3.0
704.1719288787475	0.3282431000000088	epochs	2.0
704.1719288787475	0.1672219000000723	epochs	3.0
704.3391507787476	0.16102119999993647	epochs	3.0
704.5001719787475	0.30516800000009425	epochs	2.0
704.5001719787475	0.15526390000002266	epochs	3.0
704.6554358787475	0.1499041000000716	epochs	3.0
704.8053399787476	0.28512530000000424	epochs	2.0
704.8053399787476	0.1449020999999675	epochs	3.0
704.9502420787476	0.14022320000003674	epochs	3.0
705.0904652787476	0.2675537999999733	epochs	2.0
705.0904652787476	0.1358368999999584	epochs	3.0
705.2263021787476	0.1317169000000149	epochs	3.0
705.3580190787476	0.252022899999929	epochs	2.0
705.3580190787476	0.1278393000000051	epochs	3.0
705.4858583787476	0.1241835999999239	epochs	3.0
705.6100419787475	0.23819650000007186	epochs	2.0
705.6100419787475	0.12073110000005727	epochs	3.0
705.7307730787476	0.1174654000000146	epochs	3.0
705.8482384787476	0.2258087999999816	epochs	2.0
705.8482384787476	0.1143718999999237	epochs	3.0
705.9626103787475	0.1114369000000579	epochs	3.0
706.0740472787476	0.2146460000000161	epochs	2.0
706.0740472787476	0.10864889999993466	epochs	3.0
706.1826961787475	0.10599710000008145	epochs	3.0
706.2886932787476	0.20453499999996438	epochs	2.0
706.2886932787476	0.10347149999995509	epochs	3.0
706.3921647787475	0.1010635000000093	epochs	3.0
706.4932282787476	0.19533400000000256	epochs	2.0
706.4932282787476	0.09876510000003691	epochs	3.0
706.5919933787476	0.09656889999996565	epochs	3.0
706.6885622787476	0.18692529999998442	epochs	2.0
706.6885622787476	0.09446830000001682	epochs	3.0
706.7830305787476	0.09245699999996759	epochs	3.0
706.8754875787475	0.17921069999999872	epochs	2.0
706.8754875787475	0.09052959999996801	epochs	3.0
706.9660171787475	0.08868110000003071	epochs	3.0
707.0546982787475	0.17210769999996955	epochs	2.0
707.0546982787475	0.08690630000000965	epochs	3.0
707.1416045787475	0.0852013999999599	epochs	3.0
707.2268059787475	0.16554640000003928	epochs	2.0
707.2268059787475	0.08356190000006336	epochs	3.0
707.3103678787476	0.08198449999997592	epochs	3.0
707.3923523787475	0.15946710000002895	epochs	2.0
707.3923523787475	0.08046539999998004	epochs	3.0
707.4728177787475	0.07900170000004891	epochs	3.0
707.5518194787476	0.15381839999997737	epochs	2.0
707.5518194787476	0.07759009999995214	epochs	3.0
707.6294095787475	0.07622830000002523	epochs	3.0
707.7056378787476	0.14855639999996129	epochs	2.0
707.7056378787476	0.07491330000004837	epochs	3.0
707.7805511787476	0.07364309999991292	epochs	3.0
707.8541942787475	0.14364240000008976	epochs	2.0
707.8541942787475	0.07241500000009182	epochs	3.0
707.9266092787476	0.07122739999999794	epochs	3.0
707.9978366787476	0.13904309999998077	epochs	2.0
707.9978366787476	0.07007799999996678	epochs	3.0
708.0679146787476	0.06896510000001399	epochs	3.0
708.1368797787476	0.1347293000000036	epochs	2.0
708.1368797787476	0.0678871000000072	epochs	3.0
708.2047668787476	0.06684219999999641	epochs	3.0
708.2716090787476	0.13067519999992783	epochs	2.0
708.2716090787476	0.06582909999997355	epochs	3.0
708.3374381787476	0.06484609999995428	epochs	3.0
708.4022842787475	0.12685780000003888	epochs	2.0
708.4022842787475	0.06389200000000983	epochs	3.0
708.4661762787475	0.06296580000002905	epochs	3.0
708.5291420787476	0.12325720000001184	epochs	2.0
708.5291420787476	0.06206580000002759	epochs	3.0
708.5912078787476	0.06119139999998424	epochs	3.0
708.6523992787476	0.11985540000000583	epochs	2.0
708.6523992787476	0.060341099999959624	epochs	3.0
708.7127403787475	0.059514300000046205	epochs	3.0
708.7722546787476	0.11663620000001629	epochs	2.0
708.7722546787476	0.05870960000004288	epochs	3.0
708.8309642787476	0.057926599999973405	epochs	3.0
708.8888908787476	0.11358559999996487	epochs	2.0
708.8888908787476	0.05716419999998834	epochs	3.0
708.9460550787476	0.05642139999997653	epochs	3.0
709.0024764787476	0.11069050000003244	epochs	2.0
709.0024764787476	0.055697900000041045	epochs	3.0
709.0581743787476	0.0549925999999914	epochs	3.0
709.1131669787476	0.10793909999995321	epochs	2.0
709.1131669787476	0.05430489999992005	epochs	3.0
709.1674718787475	0.05363420000003316	epochs	3.0
709.2211060787475	0.10532150000005913	epochs	2.0
709.2211060787475	0.05298000000004777	epochs	3.0
709.2740860787476	0.052341500000011365	epochs	3.0
709.3264275787476	0.10282759999995505	epochs	2.0
709.3264275787476	0.05171810000001642	epochs	3.0
709.3781456787476	0.051109499999938635	epochs	3.0
709.4292551787476	0.10044909999999163	epochs	2.0
709.4292551787476	0.050514900000052876	epochs	3.0
709.4797700787476	0.049934199999938755	epochs	3.0
709.5297042787475	0.0981782999999723	epochs	2.0
709.5297042787475	0.04936659999998483	epochs	3.0
709.5790708787475	0.04881169999998747	epochs	3.0
709.6278825787475	0.09600780000005216	epochs	2.0
709.6278825787475	0.04826920000004975	epochs	3.0
709.6761517787476	0.04773860000000241	epochs	3.0
709.7238903787476	0.09393120000004274	epochs	2.0
709.7238903787476	0.04721949999998287	epochs	3.0
709.7711098787476	0.046711700000059864	epochs	3.0
709.8178215787476	0.09194259999992482	epochs	2.0
709.8178215787476	0.046214599999984785	epochs	3.0
709.8640361787476	0.04572799999994004	epochs	3.0
709.9097641787475	0.09003630000006524	epochs	2.0
709.9097641787475	0.04525150000006306	epochs	3.0
709.9550156787476	0.04478480000000218	epochs	3.0
709.9998004787476	0.08820759999991878	epochs	2.0
709.9998004787476	0.04432779999990544	epochs	3.0
710.0441282787475	0.04387980000001335	epochs	3.0
710.0880080787475	0.0864516999999978	epochs	2.0
710.0880080787475	0.04344100000002982	epochs	3.0
710.1314490787476	0.04301069999996798	epochs	3.0
710.1744597787475	0.0847643000000744	epochs	2.0
710.1744597787475	0.04258900000002086	epochs	3.0
710.2170487787475	0.04217530000005354	epochs	3.0
710.2592240787476	0.08314150000001064	epochs	2.0
710.2592240787476	0.041769699999917975	epochs	3.0
710.3009937787475	0.04137180000009266	epochs	3.0
710.3423655787476	0.08157969999990655	epochs	2.0
710.3423655787476	0.040981399999964196	epochs	3.0
710.3833469787476	0.040598299999942355	epochs	3.0
710.4239452787475	0.08007550000002084	epochs	2.0
710.4239452787475	0.040222300000095856	epochs	3.0
710.4641675787476	0.03985319999992498	epochs	3.0
710.5040207787475	0.07862569999997504	epochs	2.0
710.5040207787475	0.039490800000066884	epochs	3.0
710.5435115787476	0.03913489999990816	epochs	3.0
710.5826464787475	0.07722760000001472	epochs	2.0
710.5826464787475	0.038785400000051595	epochs	3.0
710.6214318787476	0.03844219999996312	epochs	3.0
710.6598740787475	0.07587820000003376	epochs	2.0
710.6598740787475	0.038104800000041905	epochs	3.0
710.6979788787476	0.03777339999999185	epochs	3.0
710.7357522787476	0.0745752000000266	epochs	2.0
710.7357522787476	0.03744770000002973	epochs	3.0
710.7731999787476	0.03712749999999687	epochs	3.0
710.8103274787476	0.07331629999998768	epochs	2.0
710.8103274787476	0.036812899999972615	epochs	3.0
710.8471403787476	0.03650340000001506	epochs	3.0
710.8836437787476	0.07209899999998015	epochs	2.0
710.8836437787476	0.03619909999997617	epochs	3.0
710.9198428787475	0.03589990000000398	epochs	3.0
710.9557427787475	0.07092169999998532	epochs	2.0
710.9557427787475	0.03560560000005353	epochs	3.0
710.9913483787476	0.035316099999931794	epochs	3.0
711.0266644787475	0.06978200000003199	epochs	2.0
711.0266644787475	0.03503120000004856	epochs	3.0
711.0616956787476	0.03475079999998343	epochs	3.0
711.0964464787476	0.06867859999999837	epochs	2.0
711.0964464787476	0.03447510000000875	epochs	3.0
711.1309215787476	0.03420349999998962	epochs	3.0
711.1651250787476	0.06760929999995824	epochs	2.0
711.1651250787476	0.033936199999970995	epochs	3.0
711.1990612787475	0.033673099999987244	epochs	3.0
711.2327343787475	0.06657289999998284	epochs	2.0
711.2327343787475	0.03341399999999339	epochs	3.0
711.2661483787475	0.033158899999989444	epochs	3.0
711.2993072787475	0.06556780000005347	epochs	2.0
711.2993072787475	0.032907700000009754	epochs	3.0
711.3322149787475	0.03266010000004371	epochs	3.0
711.3648750787476	0.06459259999996902	epochs	2.0
711.3648750787476	0.032416399999988244	epochs	3.0
711.3972914787475	0.03217619999998078	epochs	3.0
711.4294676787475	0.06364600000006249	epochs	2.0
711.4294676787475	0.03193959999998697	epochs	3.0
711.4614072787475	0.03170640000007552	epochs	3.0
711.4931136787476	0.0627266999999847	epochs	2.0
711.4931136787476	0.03147660000001906	epochs	3.0
711.5245902787476	0.03125009999996564	epochs	3.0
711.5558403787476	0.06183359999999993	epochs	2.0
711.5558403787476	0.031026900000028945	epochs	3.0
711.5868672787476	0.030806699999970988	epochs	3.0
711.6176739787476	0.06096560000003137	epochs	2.0
711.6176739787476	0.030589800000029754	epochs	3.0
711.6482637787476	0.030375800000001618	epochs	3.0
711.6786395787476	0.06012160000000222	epochs	2.0
711.6786395787476	0.03016489999993155	epochs	3.0
711.7088044787475	0.02995670000007067	epochs	3.0
711.7387611787476	0.05930069999999432	epochs	2.0
711.7387611787476	0.02975159999994048	epochs	3.0
711.7685127787475	0.02954910000005384	epochs	3.0
711.7980618787476	0.05850179999993088	epochs	2.0
711.7980618787476	0.02934940000000097	epochs	3.0
711.8274112787476	0.029152399999929912	epochs	3.0
711.8565636787475	0.057724200000052406	epochs	2.0
711.8565636787475	0.028957999999988715	epochs	3.0
711.8855216787475	0.02876620000006369	epochs	3.0
711.9142878787476	0.05696709999995164	epochs	2.0
711.9142878787476	0.028576999999927466	epochs	3.0
711.9428648787475	0.028390100000024177	epochs	3.0
711.9712549787475	0.05622949999997218	epochs	2.0
711.9712549787475	0.028205700000057732	epochs	3.0
711.9994606787476	0.028023799999914445	epochs	3.0
712.0274844787475	0.05551070000001346	epochs	2.0
712.0274844787475	0.02784400000007281	epochs	3.0
712.0553284787476	0.027666699999940647	epochs	3.0
712.0829951787475	0.054810200000019904	epochs	2.0
712.0829951787475	0.02749149999999645	epochs	3.0
712.1104866787475	0.027318700000023455	epochs	3.0
712.1378053787475	0.05412699999999404	epochs	2.0
712.1378053787475	0.027147799999966082	epochs	3.0
712.1649531787475	0.02697920000002796	epochs	3.0
712.1919323787475	0.0534607000000733	epochs	2.0
712.1919323787475	0.0268125999999711	epochs	3.0
712.2187449787475	0.026648100000102204	epochs	3.0
712.2453930787476	0.052810699999895405	epochs	2.0
712.2453930787476	0.026485600000000886	epochs	3.0
712.2718786787476	0.02632509999989452	epochs	3.0
712.2982037787475	0.05217620000007628	epochs	2.0
712.2982037787475	0.026166400000079193	epochs	3.0
712.3243701787476	0.026009799999997085	epochs	3.0
712.3503799787476	0.051556699999991906	epochs	2.0
712.3503799787476	0.025854799999933675	epochs	3.0
712.3762347787475	0.02570190000005823	epochs	3.0
712.4019366787476	0.05095189999997274	epochs	2.0
712.4019366787476	0.025550699999939752	epochs	3.0
712.4274873787475	0.025401200000032986	epochs	3.0
712.4528885787475	0.05036099999995258	epochs	2.0
712.4528885787475	0.025253499999962514	epochs	3.0
712.4781420787475	0.02510749999999007	epochs	3.0
712.5032495787475	0.04978380000011384	epochs	2.0
712.5032495787475	0.02496320000000196	epochs	3.0
712.5282127787475	0.02482060000011188	epochs	3.0
712.5530333787476	0.04921949999993558	epochs	2.0
712.5530333787476	0.024679399999968155	epochs	3.0
712.5777127787476	0.024540099999967424	epochs	3.0
712.6022528787475	0.04866790000005494	epochs	2.0
712.6022528787475	0.02440209999997478	epochs	3.0
712.6266549787475	0.024265800000080162	epochs	3.0
712.6509207787476	0.048128599999927246	epochs	2.0
712.6509207787476	0.02413099999989754	epochs	3.0
712.6750517787475	0.023997600000029706	epochs	3.0
712.6990493787475	0.047601100000065344	epochs	2.0
712.6990493787475	0.023865800000066884	epochs	3.0
712.7229151787476	0.02373529999999846	epochs	3.0
712.7466504787476	0.04708499999992455	epochs	2.0
712.7466504787476	0.023606299999983094	epochs	3.0
712.7702567787476	0.023478699999941455	epochs	3.0
712.7937354787475	0.04658000000006268	epochs	2.0
712.7937354787475	0.02335249999998723	epochs	3.0
712.8170879787475	0.02322750000007545	epochs	3.0
712.8403154787476	0.04608569999993506	epochs	2.0
712.8403154787476	0.023103999999989355	epochs	3.0
712.8634194787476	0.022981699999945704	epochs	3.0
712.8864011787475	0.045601799999985815	epochs	2.0
712.8864011787475	0.022860700000023826	epochs	3.0
712.9092618787475	0.02274109999996199	epochs	3.0
712.9320029787475	0.04512790000001132	epochs	2.0
712.9320029787475	0.022622500000011314	epochs	3.0
712.9546254787475	0.02250540000000001	epochs	3.0
712.9771308787475	0.0446638000000803	epochs	2.0
712.9771308787475	0.022389300000099865	epochs	3.0
712.9995201787476	0.022274499999980435	epochs	3.0
713.0217946787476	0.04420919999995476	epochs	2.0
713.0217946787476	0.022160799999937808	epochs	3.0
713.0439554787475	0.022048400000016954	epochs	3.0
713.0660038787476	0.043763600000033875	epochs	2.0
713.0660038787476	0.021936900000014248	epochs	3.0
713.0879407787476	0.021826700000019628	epochs	3.0
713.1097674787476	0.04332709999994222	epochs	2.0
713.1097674787476	0.021717599999988124	epochs	3.0
713.1314850787476	0.021609499999954096	epochs	3.0
713.1530945787475	0.04289900000003399	epochs	2.0
713.1530945787475	0.02150249999999687	epochs	3.0
713.1745970787475	0.021396500000037122	epochs	3.0
713.1959935787476	0.042479500000013104	epochs	2.0
713.1959935787476	0.02129170000000613	epochs	3.0
713.2172852787476	0.021187800000006973	epochs	3.0
713.2384730787476	0.042067900000006375	epochs	2.0
713.2384730787476	0.02108490000000529	epochs	3.0
713.2595579787476	0.020983000000001084	epochs	3.0
713.2805409787476	0.04166439999994509	epochs	2.0
713.2805409787476	0.020882199999959994	epochs	3.0
713.3014231787475	0.020782199999985096	epochs	3.0
713.3222053787475	0.04126850000000104	epochs	2.0
713.3222053787475	0.020683300000087	epochs	3.0
713.3428886787476	0.02058519999991404	epochs	3.0
713.3634738787475	0.04088000000001557	epochs	2.0
713.3634738787475	0.020488100000079612	epochs	3.0
713.3839619787476	0.02039189999993596	epochs	3.0
713.4043538787475	0.04049880000002304	epochs	2.0
713.4043538787475	0.020296600000051512	epochs	3.0
713.4246504787476	0.020202199999971526	epochs	3.0
713.4448526787476	0.04012460000001283	epochs	2.0
713.4448526787476	0.02010870000003706	epochs	3.0
713.4649613787476	0.020015899999975773	epochs	3.0
713.4849772787476	0.03975730000001931	epochs	2.0
713.4849772787476	0.019924199999991288	epochs	3.0
713.5049014787476	0.019833100000028026	epochs	3.0
713.5247345787476	0.03939669999999751	epochs	2.0
713.5247345787476	0.01974299999994855	epochs	3.0
713.5444775787475	0.019653700000048957	epochs	3.0
713.5641312787476	0.03904239999997117	epochs	2.0
713.5641312787476	0.019565099999908853	epochs	3.0
713.5836963787475	0.019477300000062314	epochs	3.0
713.6031736787476	0.03869459999998526	epochs	2.0
713.6031736787476	0.019390400000020236	epochs	3.0
713.6225640787476	0.01930419999996502	epochs	3.0
713.6418682787476	0.03835290000006353	epochs	2.0
713.6418682787476	0.019218799999976	epochs	3.0
713.6610870787475	0.01913410000008753	epochs	3.0
713.6802211787476	0.038017199999899276	epochs	2.0
713.6802211787476	0.01905019999992419	epochs	3.0
713.6992713787475	0.018966999999975087	epochs	3.0
713.7182383787475	0.037687200000050325	epochs	2.0
713.7182383787475	0.01888450000001285	epochs	3.0
713.7371228787475	0.018802700000037476	epochs	3.0
713.7559255787476	0.03736309999999321	epochs	2.0
713.7559255787476	0.018721700000014607	epochs	3.0
713.7746472787476	0.018641399999978603	epochs	3.0
713.7932886787476	0.03704430000004777	epochs	2.0
713.7932886787476	0.01856159999999818	epochs	3.0
713.8118502787476	0.01848270000004959	epochs	3.0
713.8303329787476	0.03673099999991791	epochs	2.0
713.8303329787476	0.018404299999929208	epochs	3.0
713.8487372787475	0.018326699999988705	epochs	3.0
713.8670639787475	0.036422900000047775	epochs	2.0
713.8670639787475	0.018249599999990096	epochs	3.0
713.8853135787475	0.01817330000005768	epochs	3.0
713.9034868787476	0.03612009999994825	epochs	2.0
713.9034868787476	0.0180976000000328	epochs	3.0
713.9215844787476	0.018022499999915453	epochs	3.0
713.9396069787475	0.03582210000001851	epochs	2.0
713.9396069787475	0.017947900000081063	epochs	3.0
713.9575548787476	0.017874199999937446	epochs	3.0
713.9754290787475	0.03552899999999681	epochs	2.0
713.9754290787475	0.017800800000031813	epochs	3.0
713.9932298787476	0.017728199999965	epochs	3.0
714.0109580787475	0.03524070000003121	epochs	2.0
714.0109580787475	0.017656100000067454	epochs	3.0
714.0286141787476	0.017584599999963757	epochs	3.0
714.0461987787476	0.034957100000042374	epochs	2.0
714.0461987787476	0.01751369999999497	epochs	3.0
714.0637124787476	0.017443400000047404	epochs	3.0
714.0811558787476	0.034677899999906	epochs	2.0
714.0811558787476	0.017373599999928047	epochs	3.0
714.0985294787475	0.017304299999977957	epochs	3.0
714.1158337787475	0.03440330000000813	epochs	2.0
714.1158337787475	0.01723570000001473	epochs	3.0
714.1330694787475	0.0171675999999934	epochs	3.0
714.1502370787475	0.0341328000000658	epochs	2.0
714.1502370787475	0.017099900000062007	epochs	3.0
714.1673369787476	0.017032900000003792	epochs	3.0
714.1843698787476	0.033866699999975935	epochs	2.0
714.1843698787476	0.01696640000000116	epochs	3.0
714.2013362787476	0.016900299999974777	epochs	3.0
714.2182365787476	0.03360459999998966	epochs	2.0
714.2182365787476	0.01683479999996962	epochs	3.0
714.2350713787475	0.01676980000002004	epochs	3.0
714.2518411787476	0.033346599999958926	epochs	2.0
714.2518411787476	0.016705300000012357	epochs	3.0
714.2685464787476	0.01664129999994657	epochs	3.0
714.2851877787475	0.03309250000006614	epochs	2.0
714.2851877787475	0.016577800000050047	epochs	3.0
714.3017655787476	0.01651470000001609	epochs	3.0
714.3182802787476	0.03284229999997024	epochs	2.0
714.3182802787476	0.01645220000000336	epochs	3.0
714.3347324787476	0.01639009999996688	epochs	3.0
714.3511225787475	0.03259570000000167	epochs	2.0
714.3511225787475	0.016328400000020338	epochs	3.0
714.3674509787476	0.016267299999981333	epochs	3.0
714.3837182787476	0.032352899999978035	epochs	2.0
714.3837182787476	0.016206600000032267	epochs	3.0
714.3999248787476	0.016146299999945768	epochs	3.0
714.4160711787475	0.032113700000081735	epochs	2.0
714.4160711787475	0.016086599999994178	epochs	3.0
714.4321577787475	0.016027100000087557	epochs	3.0
714.4481848787476	0.03187799999989238	epochs	2.0
714.4481848787476	0.015968199999974786	epochs	3.0
714.4641530787476	0.015909799999917595	epochs	3.0
714.4800628787475	0.031645700000012766	epochs	2.0
714.4800628787475	0.01585160000001906	epochs	3.0
714.4959144787475	0.015794099999993705	epochs	3.0
714.5117085787475	0.0314167000000225	epochs	2.0
714.5117085787475	0.015736700000047676	epochs	3.0
714.5274452787476	0.015679999999974825	epochs	3.0
714.5431252787475	0.031191100000000915	epochs	2.0
714.5431252787475	0.015623600000026272	epochs	3.0
714.5587488787476	0.015567499999974643	epochs	3.0
714.5743163787475	0.030968700000016725	epochs	2.0
714.5743163787475	0.015512000000057924	epochs	3.0
714.5898283787476	0.0154566999999588	epochs	3.0
714.6052850787476	0.030749499999956242	epochs	2.0
714.6052850787476	0.015401999999994587	epochs	3.0
714.6206870787476	0.015347499999961656	epochs	3.0
714.6360345787475	0.03053320000003623	epochs	2.0
714.6360345787475	0.015293400000018664	epochs	3.0
714.6513279787475	0.015239800000017567	epochs	3.0
714.6665677787475	0.03032010000003993	epochs	2.0
714.6665677787475	0.015186500000027081	epochs	3.0
714.6817542787476	0.015133600000012848	epochs	3.0
714.6968878787476	0.030109899999956724	epochs	2.0
714.6968878787476	0.015081000000009226	epochs	3.0
714.7119688787476	0.015028899999947498	epochs	3.0
714.7269977787475	0.02990250000004835	epochs	2.0
714.7269977787475	0.014977000000044427	epochs	3.0
714.7419747787476	0.014925500000003922	epochs	3.0
714.7569002787476	0.029698100000018712	epochs	2.0
714.7569002787476	0.01487439999993967	epochs	3.0
714.7717746787475	0.014823700000079043	epochs	3.0
714.7865983787476	0.029496299999891562	epochs	2.0
714.7865983787476	0.014773199999922326	epochs	3.0
714.8013715787475	0.014723099999969236	epochs	3.0
714.8160946787475	0.02929740000001857	epochs	2.0
714.8160946787475	0.014673400000106085	epochs	3.0
714.8307680787476	0.014623999999912485	epochs	3.0
714.8453920787475	0.029101100000048064	epochs	2.0
714.8453920787475	0.014574900000070556	epochs	3.0
714.8599669787476	0.014526199999977507	epochs	3.0
714.8744931787476	0.028907399999980044	epochs	2.0
714.8744931787476	0.014477700000043114	epochs	3.0
714.8889708787476	0.014429699999936929	epochs	3.0
714.9034005787476	0.028716199999962555	epochs	2.0
714.9034005787476	0.014381800000023759	epochs	3.0
714.9177823787476	0.014334399999938796	epochs	3.0
714.9321167787475	0.028527600000074926	epochs	2.0
714.9321167787475	0.01428720000001249	epochs	3.0
714.9464039787475	0.014240400000062436	epochs	3.0
714.9606443787476	0.028341399999931127	epochs	2.0
714.9606443787476	0.014193799999929979	epochs	3.0
714.9748381787475	0.014147600000001148	epochs	3.0
714.9889857787475	0.028157700000065233	epochs	2.0
714.9889857787475	0.014101700000082928	epochs	3.0
715.0030874787476	0.014055999999982305	epochs	3.0
715.0171434787476	0.027976299999977527	epochs	2.0
715.0171434787476	0.01401060000000598	epochs	3.0
715.0311540787476	0.013965699999971548	epochs	3.0
715.0451197787476	0.02779720000000907	epochs	2.0
715.0451197787476	0.013920800000050804	epochs	3.0
715.0590405787476	0.013876399999958267	epochs	3.0
715.0729169787476	0.027620399999932488	epochs	2.0
715.0729169787476	0.013832200000024386	epochs	3.0
715.0867491787476	0.013788199999908102	epochs	3.0
715.1005373787475	0.02744590000008884	epochs	2.0
715.1005373787475	0.01374460000010913	epochs	3.0
715.1142819787476	0.01370129999997971	epochs	3.0
715.1279832787476	0.027273499999978412	epochs	2.0
715.1279832787476	0.013658200000008947	epochs	3.0
715.1416414787476	0.013615299999969466	epochs	3.0
715.1552567787476	0.027103399999987232	epochs	2.0
715.1552567787476	0.013572800000019924	epochs	3.0
715.1688295787476	0.013530599999967308	epochs	3.0
715.1823601787476	0.02693520000002536	epochs	2.0
715.1823601787476	0.013488400000028378	epochs	3.0
715.1958485787476	0.013446799999996983	epochs	3.0
715.2092953787476	0.026769199999989723	epochs	2.0
715.2092953787476	0.013405199999965589	epochs	3.0
715.2227005787475	0.013364000000024134	epochs	3.0
715.2360645787476	0.026605199999949036	epochs	2.0
715.2360645787476	0.013322899999934634	epochs	3.0
715.2493874787475	0.013282300000014402	epochs	3.0
715.2626697787475	0.026443200000016986	epochs	2.0
715.2626697787475	0.013241699999980483	epochs	3.0
715.2759114787475	0.013201500000036503	epochs	3.0
715.2891129787475	0.0262831999999662	epochs	2.0
715.2891129787475	0.013161500000023807	epochs	3.0
715.3022744787476	0.013121699999942393	epochs	3.0
715.3153961787475	0.02612500000009277	epochs	2.0
715.3153961787475	0.013082100000019636	epochs	3.0
715.3284782787475	0.013042900000073132	epochs	3.0
715.3415211787476	0.025968899999952555	epochs	2.0
715.3415211787476	0.013003899999944224	epochs	3.0
715.3545250787475	0.012965000000008331	epochs	3.0
715.3674900787476	0.025814500000024054	epochs	2.0
715.3674900787476	0.012926399999969362	epochs	3.0
715.3804164787475	0.012888100000054692	epochs	3.0
715.3933045787476	0.025661899999931848	epochs	2.0
715.3933045787476	0.012849899999991976	epochs	3.0
715.4061544787476	0.012811999999939871	epochs	3.0
715.4189664787475	0.025511200000096323	epochs	2.0
715.4189664787475	0.012774400000012065	epochs	3.0
715.4317408787475	0.012736800000084258	epochs	3.0
715.4444776787476	0.025362299999983406	epochs	2.0
715.4444776787476	0.01269969999998466	epochs	3.0
715.4571773787476	0.012662599999998747	epochs	3.0
715.4698399787476	0.025215000000002874	epochs	2.0
715.4698399787476	0.012625800000023446	epochs	3.0
715.4824657787476	0.012589199999979428	epochs	3.0
715.4950549787476	0.024584799999956886	epochs	2.0
715.5177363787476	0.5	epochs	-1.0
715.5196397787475	0.5568000000000666	epochs	1.0
716.0764397787476	0.44311999999990803	epochs	0.0
716.9739999771118	0.0626399999999876	epochs	0.0
716.9739999771118	0.026321299999949588	epochs	1.0
717.0003212771118	0.009997400000088419	epochs	1.0
717.0103186771119	0.026321299999949588	epochs	1.0
717.0366399771118	2.0	epochs	0.0
719.0366399771118	21.516560000000027	epochs	0.0
719.0366399771118	1.0	epochs	1.0
719.0366565771118	0.5	epochs	-1.0
719.5366565771118	19.998080000000073	epochs	-1.0
720.0366399771118	20.0	epochs	1.0
720.0366399771118	4.356753900000058	epochs	-1.0
720.0366399771118	1.9745871999999736	epochs	2.0
720.0366399771118	1.0985622000000603	epochs	3.0
721.1352021771119	0.8760249999999132	epochs	3.0
722.0112271771118	1.3524075000000266	epochs	2.0
722.0112271771118	0.7286354999999958	epochs	3.0
722.7398626771118	0.6237720000000309	epochs	3.0
723.3636346771118	1.0297592000000577	epochs	2.0
723.3636346771118	0.5453293000000485	epochs	3.0
723.9089639771119	0.4844299000000092	epochs	3.0
724.3933938771119	0.8317862000000105	epochs	2.0
724.3933938771119	0.4357762999999295	epochs	3.0
724.8291701771118	0.39600990000008096	epochs	3.0
725.2251800771119	0.6977969999999232	epochs	2.0
725.2251800771119	0.36289819999990414	epochs	3.0
725.5880782771118	0.33489880000001904	epochs	3.0
725.9229770771118	0.601045699999986	epochs	2.0
725.9229770771118	0.3109123000000409	epochs	3.0
726.2338893771118	0.29013339999994514	epochs	3.0
726.5240227771118	0.5278859000000011	epochs	2.0
726.5240227771118	0.2719586000000618	epochs	3.0
726.7959813771118	0.25592729999993935	epochs	3.0
727.0519086771118	0.4706193000000667	epochs	2.0
727.0519086771118	0.241681299999982	epochs	3.0
727.2935899771118	0.22893800000008468	epochs	3.0
727.5225279771118	0.42457039999999324	epochs	2.0
727.5225279771118	0.21747140000002219	epochs	3.0
727.7399993771119	0.20709899999997106	epochs	3.0
727.9470983771118	0.3867354000000205	epochs	2.0
727.9470983771118	0.19767109999997956	epochs	3.0
728.1447694771118	0.18906430000004093	epochs	3.0
728.3338337771119	0.35509529999990264	epochs	2.0
728.3338337771119	0.18117589999997108	epochs	3.0
728.5150096771118	0.17391939999993156	epochs	3.0
728.6889290771118	0.3282431000000088	epochs	2.0
728.6889290771118	0.1672219000000723	epochs	3.0
728.8561509771118	0.16102119999993647	epochs	3.0
729.0171721771118	0.30516800000009425	epochs	2.0
729.0171721771118	0.15526390000002266	epochs	3.0
729.1724360771118	0.1499041000000716	epochs	3.0
729.3223401771119	0.28512530000000424	epochs	2.0
729.3223401771119	0.1449020999999675	epochs	3.0
729.4672422771118	0.14022320000003674	epochs	3.0
729.6074654771119	0.2675537999999733	epochs	2.0
729.6074654771119	0.1358368999999584	epochs	3.0
729.7433023771118	0.1317169000000149	epochs	3.0
729.8750192771118	0.252022899999929	epochs	2.0
729.8750192771118	0.1278393000000051	epochs	3.0
730.0028585771119	0.1241835999999239	epochs	3.0
730.1270421771118	0.23819650000007186	epochs	2.0
730.1270421771118	0.12073110000005727	epochs	3.0
730.2477732771118	0.1174654000000146	epochs	3.0
730.3652386771118	0.2258087999999816	epochs	2.0
730.3652386771118	0.1143718999999237	epochs	3.0
730.4796105771118	0.1114369000000579	epochs	3.0
730.5910474771118	0.2146460000000161	epochs	2.0
730.5910474771118	0.10864889999993466	epochs	3.0
730.6996963771118	0.10599710000008145	epochs	3.0
730.8056934771118	0.20453499999996438	epochs	2.0
730.8056934771118	0.10347149999995509	epochs	3.0
730.9091649771118	0.1010635000000093	epochs	3.0
731.0102284771118	0.19533400000000256	epochs	2.0
731.0102284771118	0.09876510000003691	epochs	3.0
731.1089935771118	0.09656889999996565	epochs	3.0
731.2055624771118	0.18692529999998442	epochs	2.0
731.2055624771118	0.09446830000001682	epochs	3.0
731.3000307771118	0.09245699999996759	epochs	3.0
731.3924877771118	0.17921069999999872	epochs	2.0
731.3924877771118	0.09052959999996801	epochs	3.0
731.4830173771118	0.08868110000003071	epochs	3.0
731.5716984771118	0.17210769999996955	epochs	2.0
731.5716984771118	0.08690630000000965	epochs	3.0
731.6586047771118	0.0852013999999599	epochs	3.0
731.7438061771118	0.16554640000003928	epochs	2.0
731.7438061771118	0.08356190000006336	epochs	3.0
731.8273680771118	0.08198449999997592	epochs	3.0
731.9093525771118	0.15946710000002895	epochs	2.0
731.9093525771118	0.08046539999998004	epochs	3.0
731.9898179771118	0.07900170000004891	epochs	3.0
732.0688196771118	0.15381839999997737	epochs	2.0
732.0688196771118	0.07759009999995214	epochs	3.0
732.1464097771118	0.07622830000002523	epochs	3.0
732.2226380771118	0.14855639999996129	epochs	2.0
732.2226380771118	0.07491330000004837	epochs	3.0
732.2975513771119	0.07364309999991292	epochs	3.0
732.3711944771118	0.14364240000008976	epochs	2.0
732.3711944771118	0.07241500000009182	epochs	3.0
732.4436094771119	0.07122739999999794	epochs	3.0
732.5148368771119	0.13904309999998077	epochs	2.0
732.5148368771119	0.07007799999996678	epochs	3.0
732.5849148771118	0.06896510000001399	epochs	3.0
732.6538799771118	0.1347293000000036	epochs	2.0
732.6538799771118	0.0678871000000072	epochs	3.0
732.7217670771118	0.06684219999999641	epochs	3.0
732.7886092771118	0.13067519999992783	epochs	2.0
732.7886092771118	0.06582909999997355	epochs	3.0
732.8544383771118	0.06484609999995428	epochs	3.0
732.9192844771118	0.12685780000003888	epochs	2.0
732.9192844771118	0.06389200000000983	epochs	3.0
732.9831764771118	0.06296580000002905	epochs	3.0
733.0461422771118	0.12325720000001184	epochs	2.0
733.0461422771118	0.06206580000002759	epochs	3.0
733.1082080771118	0.06119139999998424	epochs	3.0
733.1693994771118	0.11985540000000583	epochs	2.0
733.1693994771118	0.060341099999959624	epochs	3.0
733.2297405771118	0.059514300000046205	epochs	3.0
733.2892548771118	0.11663620000001629	epochs	2.0
733.2892548771118	0.05870960000004288	epochs	3.0
733.3479644771119	0.057926599999973405	epochs	3.0
733.4058910771118	0.11358559999996487	epochs	2.0
733.4058910771118	0.05716419999998834	epochs	3.0
733.4630552771118	0.05642139999997653	epochs	3.0
733.5194766771118	0.11069050000003244	epochs	2.0
733.5194766771118	0.055697900000041045	epochs	3.0
733.5751745771119	0.0549925999999914	epochs	3.0
733.6301671771118	0.10793909999995321	epochs	2.0
733.6301671771118	0.05430489999992005	epochs	3.0
733.6844720771118	0.05363420000003316	epochs	3.0
733.7381062771118	0.10532150000005913	epochs	2.0
733.7381062771118	0.05298000000004777	epochs	3.0
733.7910862771118	0.052341500000011365	epochs	3.0
733.8434277771119	0.10282759999995505	epochs	2.0
733.8434277771119	0.05171810000001642	epochs	3.0
733.8951458771119	0.051109499999938635	epochs	3.0
733.9462553771118	0.10044909999999163	epochs	2.0
733.9462553771118	0.050514900000052876	epochs	3.0
733.9967702771119	0.049934199999938755	epochs	3.0
734.0467044771118	0.0981782999999723	epochs	2.0
734.0467044771118	0.04936659999998483	epochs	3.0
734.0960710771118	0.04881169999998747	epochs	3.0
734.1448827771118	0.09600780000005216	epochs	2.0
734.1448827771118	0.04826920000004975	epochs	3.0
734.1931519771118	0.04773860000000241	epochs	3.0
734.2408905771118	0.09393120000004274	epochs	2.0
734.2408905771118	0.04721949999998287	epochs	3.0
734.2881100771118	0.046711700000059864	epochs	3.0
734.3348217771119	0.09194259999992482	epochs	2.0
734.3348217771119	0.046214599999984785	epochs	3.0
734.3810363771119	0.04572799999994004	epochs	3.0
734.4267643771118	0.09003630000006524	epochs	2.0
734.4267643771118	0.04525150000006306	epochs	3.0
734.4720158771119	0.04478480000000218	epochs	3.0
734.5168006771119	0.08820759999991878	epochs	2.0
734.5168006771119	0.04432779999990544	epochs	3.0
734.5611284771118	0.04387980000001335	epochs	3.0
734.6050082771118	0.0864516999999978	epochs	2.0
734.6050082771118	0.04344100000002982	epochs	3.0
734.6484492771118	0.04301069999996798	epochs	3.0
734.6914599771118	0.0847643000000744	epochs	2.0
734.6914599771118	0.04258900000002086	epochs	3.0
734.7340489771118	0.04217530000005354	epochs	3.0
734.7762242771119	0.08314150000001064	epochs	2.0
734.7762242771119	0.041769699999917975	epochs	3.0
734.8179939771118	0.04137180000009266	epochs	3.0
734.8593657771119	0.08157969999990655	epochs	2.0
734.8593657771119	0.040981399999964196	epochs	3.0
734.9003471771118	0.040598299999942355	epochs	3.0
734.9409454771118	0.08007550000002084	epochs	2.0
734.9409454771118	0.040222300000095856	epochs	3.0
734.9811677771119	0.03985319999992498	epochs	3.0
735.0210209771118	0.07862569999997504	epochs	2.0
735.0210209771118	0.039490800000066884	epochs	3.0
735.0605117771119	0.03913489999990816	epochs	3.0
735.0996466771118	0.07722760000001472	epochs	2.0
735.0996466771118	0.038785400000051595	epochs	3.0
735.1384320771118	0.03844219999996312	epochs	3.0
735.1768742771118	0.07587820000003376	epochs	2.0
735.1768742771118	0.038104800000041905	epochs	3.0
735.2149790771118	0.03777339999999185	epochs	3.0
735.2527524771118	0.0745752000000266	epochs	2.0
735.2527524771118	0.03744770000002973	epochs	3.0
735.2902001771118	0.03712749999999687	epochs	3.0
735.3273276771118	0.07331629999998768	epochs	2.0
735.3273276771118	0.036812899999972615	epochs	3.0
735.3641405771118	0.03650340000001506	epochs	3.0
735.4006439771118	0.07209899999998015	epochs	2.0
735.4006439771118	0.03619909999997617	epochs	3.0
735.4368430771118	0.03589990000000398	epochs	3.0
735.4727429771118	0.07092169999998532	epochs	2.0
735.4727429771118	0.03560560000005353	epochs	3.0
735.5083485771119	0.035316099999931794	epochs	3.0
735.5436646771118	0.06978200000003199	epochs	2.0
735.5436646771118	0.03503120000004856	epochs	3.0
735.5786958771118	0.03475079999998343	epochs	3.0
735.6134466771118	0.06867859999999837	epochs	2.0
735.6134466771118	0.03447510000000875	epochs	3.0
735.6479217771118	0.03420349999998962	epochs	3.0
735.6821252771118	0.06760929999995824	epochs	2.0
735.6821252771118	0.033936199999970995	epochs	3.0
735.7160614771118	0.033673099999987244	epochs	3.0
735.7497345771118	0.06657289999998284	epochs	2.0
735.7497345771118	0.03341399999999339	epochs	3.0
735.7831485771118	0.033158899999989444	epochs	3.0
735.8163074771118	0.06556780000005347	epochs	2.0
735.8163074771118	0.032907700000009754	epochs	3.0
735.8492151771118	0.03266010000004371	epochs	3.0
735.8818752771118	0.06459259999996902	epochs	2.0
735.8818752771118	0.032416399999988244	epochs	3.0
735.9142916771118	0.03217619999998078	epochs	3.0
735.9464678771118	0.06364600000006249	epochs	2.0
735.9464678771118	0.03193959999998697	epochs	3.0
735.9784074771118	0.03170640000007552	epochs	3.0
736.0101138771118	0.0627266999999847	epochs	2.0
736.0101138771118	0.03147660000001906	epochs	3.0
736.0415904771119	0.03125009999996564	epochs	3.0
736.0728405771118	0.06183359999999993	epochs	2.0
736.0728405771118	0.031026900000028945	epochs	3.0
736.1038674771119	0.030806699999970988	epochs	3.0
736.1346741771118	0.06096560000003137	epochs	2.0
736.1346741771118	0.030589800000029754	epochs	3.0
736.1652639771119	0.030375800000001618	epochs	3.0
736.1956397771119	0.06012160000000222	epochs	2.0
736.1956397771119	0.03016489999993155	epochs	3.0
736.2258046771118	0.02995670000007067	epochs	3.0
736.2557613771119	0.05930069999999432	epochs	2.0
736.2557613771119	0.02975159999994048	epochs	3.0
736.2855129771118	0.02954910000005384	epochs	3.0
736.3150620771119	0.05850179999993088	epochs	2.0
736.3150620771119	0.02934940000000097	epochs	3.0
736.3444114771119	0.029152399999929912	epochs	3.0
736.3735638771118	0.057724200000052406	epochs	2.0
736.3735638771118	0.028957999999988715	epochs	3.0
736.4025218771118	0.02876620000006369	epochs	3.0
736.4312880771118	0.05696709999995164	epochs	2.0
736.4312880771118	0.028576999999927466	epochs	3.0
736.4598650771118	0.028390100000024177	epochs	3.0
736.4882551771118	0.05622949999997218	epochs	2.0
736.4882551771118	0.028205700000057732	epochs	3.0
736.5164608771119	0.028023799999914445	epochs	3.0
736.5444846771118	0.05551070000001346	epochs	2.0
736.5444846771118	0.02784400000007281	epochs	3.0
736.5723286771118	0.027666699999940647	epochs	3.0
736.5999953771118	0.054810200000019904	epochs	2.0
736.5999953771118	0.02749149999999645	epochs	3.0
736.6274868771118	0.027318700000023455	epochs	3.0
736.6548055771118	0.05412699999999404	epochs	2.0
736.6548055771118	0.027147799999966082	epochs	3.0
736.6819533771118	0.02697920000002796	epochs	3.0
736.7089325771118	0.0534607000000733	epochs	2.0
736.7089325771118	0.0268125999999711	epochs	3.0
736.7357451771118	0.026648100000102204	epochs	3.0
736.7623932771119	0.052810699999895405	epochs	2.0
736.7623932771119	0.026485600000000886	epochs	3.0
736.7888788771119	0.02632509999989452	epochs	3.0
736.8152039771118	0.05217620000007628	epochs	2.0
736.8152039771118	0.026166400000079193	epochs	3.0
736.8413703771118	0.026009799999997085	epochs	3.0
736.8673801771118	0.051556699999991906	epochs	2.0
736.8673801771118	0.025854799999933675	epochs	3.0
736.8932349771118	0.02570190000005823	epochs	3.0
736.9189368771118	0.05095189999997274	epochs	2.0
736.9189368771118	0.025550699999939752	epochs	3.0
736.9444875771118	0.025401200000032986	epochs	3.0
736.9698887771118	0.05036099999995258	epochs	2.0
736.9698887771118	0.025253499999962514	epochs	3.0
736.9951422771118	0.02510749999999007	epochs	3.0
737.0202497771118	0.04978380000011384	epochs	2.0
737.0202497771118	0.02496320000000196	epochs	3.0
737.0452129771118	0.02482060000011188	epochs	3.0
737.0700335771119	0.04921949999993558	epochs	2.0
737.0700335771119	0.024679399999968155	epochs	3.0
737.0947129771118	0.024540099999967424	epochs	3.0
737.1192530771118	0.04866790000005494	epochs	2.0
737.1192530771118	0.02440209999997478	epochs	3.0
737.1436551771118	0.024265800000080162	epochs	3.0
737.1679209771119	0.048128599999927246	epochs	2.0
737.1679209771119	0.02413099999989754	epochs	3.0
737.1920519771118	0.023997600000029706	epochs	3.0
737.2160495771118	0.047601100000065344	epochs	2.0
737.2160495771118	0.023865800000066884	epochs	3.0
737.2399153771119	0.02373529999999846	epochs	3.0
737.2636506771119	0.04708499999992455	epochs	2.0
737.2636506771119	0.023606299999983094	epochs	3.0
737.2872569771118	0.023478699999941455	epochs	3.0
737.3107356771118	0.04658000000006268	epochs	2.0
737.3107356771118	0.02335249999998723	epochs	3.0
737.3340881771118	0.02322750000007545	epochs	3.0
737.3573156771118	0.04608569999993506	epochs	2.0
737.3573156771118	0.023103999999989355	epochs	3.0
737.3804196771118	0.022981699999945704	epochs	3.0
737.4034013771118	0.045601799999985815	epochs	2.0
737.4034013771118	0.022860700000023826	epochs	3.0
737.4262620771118	0.02274109999996199	epochs	3.0
737.4490031771118	0.04512790000001132	epochs	2.0
737.4490031771118	0.022622500000011314	epochs	3.0
737.4716256771118	0.02250540000000001	epochs	3.0
737.4941310771118	0.0446638000000803	epochs	2.0
737.4941310771118	0.022389300000099865	epochs	3.0
737.5165203771119	0.022274499999980435	epochs	3.0
737.5387948771119	0.04420919999995476	epochs	2.0
737.5387948771119	0.022160799999937808	epochs	3.0
737.5609556771118	0.022048400000016954	epochs	3.0
737.5830040771118	0.043763600000033875	epochs	2.0
737.5830040771118	0.021936900000014248	epochs	3.0
737.6049409771118	0.021826700000019628	epochs	3.0
737.6267676771118	0.04332709999994222	epochs	2.0
737.6267676771118	0.021717599999988124	epochs	3.0
737.6484852771118	0.021609499999954096	epochs	3.0
737.6700947771118	0.04289900000003399	epochs	2.0
737.6700947771118	0.02150249999999687	epochs	3.0
737.6915972771118	0.021396500000037122	epochs	3.0
737.7129937771118	0.042479500000013104	epochs	2.0
737.7129937771118	0.02129170000000613	epochs	3.0
737.7342854771118	0.021187800000006973	epochs	3.0
737.7554732771118	0.042067900000006375	epochs	2.0
737.7554732771118	0.02108490000000529	epochs	3.0
737.7765581771118	0.020983000000001084	epochs	3.0
737.7975411771118	0.04166439999994509	epochs	2.0
737.7975411771118	0.020882199999959994	epochs	3.0
737.8184233771118	0.020782199999985096	epochs	3.0
737.8392055771118	0.04126850000000104	epochs	2.0
737.8392055771118	0.020683300000087	epochs	3.0
737.8598888771119	0.02058519999991404	epochs	3.0
737.8804740771118	0.04088000000001557	epochs	2.0
737.8804740771118	0.020488100000079612	epochs	3.0
737.9009621771119	0.02039189999993596	epochs	3.0
737.9213540771118	0.04049880000002304	epochs	2.0
737.9213540771118	0.020296600000051512	epochs	3.0
737.9416506771119	0.020202199999971526	epochs	3.0
737.9618528771118	0.04012460000001283	epochs	2.0
737.9618528771118	0.02010870000003706	epochs	3.0
737.9819615771119	0.020015899999975773	epochs	3.0
738.0019774771118	0.03975730000001931	epochs	2.0
738.0019774771118	0.019924199999991288	epochs	3.0
738.0219016771118	0.019833100000028026	epochs	3.0
738.0417347771119	0.03939669999999751	epochs	2.0
738.0417347771119	0.01974299999994855	epochs	3.0
738.0614777771118	0.019653700000048957	epochs	3.0
738.0811314771119	0.03904239999997117	epochs	2.0
738.0811314771119	0.019565099999908853	epochs	3.0
738.1006965771118	0.019477300000062314	epochs	3.0
738.1201738771118	0.03869459999998526	epochs	2.0
738.1201738771118	0.019390400000020236	epochs	3.0
738.1395642771118	0.01930419999996502	epochs	3.0
738.1588684771118	0.03835290000006353	epochs	2.0
738.1588684771118	0.019218799999976	epochs	3.0
738.1780872771118	0.01913410000008753	epochs	3.0
738.1972213771119	0.038017199999899276	epochs	2.0
738.1972213771119	0.01905019999992419	epochs	3.0
738.2162715771118	0.018966999999975087	epochs	3.0
738.2352385771118	0.037687200000050325	epochs	2.0
738.2352385771118	0.01888450000001285	epochs	3.0
738.2541230771118	0.018802700000037476	epochs	3.0
738.2729257771118	0.03736309999999321	epochs	2.0
738.2729257771118	0.018721700000014607	epochs	3.0
738.2916474771118	0.018641399999978603	epochs	3.0
738.3102888771118	0.03704430000004777	epochs	2.0
738.3102888771118	0.01856159999999818	epochs	3.0
738.3288504771118	0.01848270000004959	epochs	3.0
738.3473331771119	0.03673099999991791	epochs	2.0
738.3473331771119	0.018404299999929208	epochs	3.0
738.3657374771118	0.018326699999988705	epochs	3.0
738.3840641771118	0.036422900000047775	epochs	2.0
738.3840641771118	0.018249599999990096	epochs	3.0
738.4023137771118	0.01817330000005768	epochs	3.0
738.4204870771118	0.03612009999994825	epochs	2.0
738.4204870771118	0.0180976000000328	epochs	3.0
738.4385846771119	0.018022499999915453	epochs	3.0
738.4566071771118	0.03582210000001851	epochs	2.0
738.4566071771118	0.017947900000081063	epochs	3.0
738.4745550771119	0.017874199999937446	epochs	3.0
738.4924292771118	0.03552899999999681	epochs	2.0
738.4924292771118	0.017800800000031813	epochs	3.0
738.5102300771118	0.017728199999965	epochs	3.0
738.5279582771118	0.03524070000003121	epochs	2.0
738.5279582771118	0.017656100000067454	epochs	3.0
738.5456143771119	0.017584599999963757	epochs	3.0
738.5631989771118	0.034957100000042374	epochs	2.0
738.5631989771118	0.01751369999999497	epochs	3.0
738.5807126771118	0.017443400000047404	epochs	3.0
738.5981560771119	0.034677899999906	epochs	2.0
738.5981560771119	0.017373599999928047	epochs	3.0
738.6155296771118	0.017304299999977957	epochs	3.0
738.6328339771118	0.03440330000000813	epochs	2.0
738.6328339771118	0.01723570000001473	epochs	3.0
738.6500696771118	0.0171675999999934	epochs	3.0
738.6672372771118	0.0341328000000658	epochs	2.0
738.6672372771118	0.017099900000062007	epochs	3.0
738.6843371771118	0.017032900000003792	epochs	3.0
738.7013700771118	0.033866699999975935	epochs	2.0
738.7013700771118	0.01696640000000116	epochs	3.0
738.7183364771118	0.016900299999974777	epochs	3.0
738.7352367771118	0.03360459999998966	epochs	2.0
738.7352367771118	0.01683479999996962	epochs	3.0
738.7520715771118	0.01676980000002004	epochs	3.0
738.7688413771118	0.033346599999958926	epochs	2.0
738.7688413771118	0.016705300000012357	epochs	3.0
738.7855466771118	0.01664129999994657	epochs	3.0
738.8021879771118	0.03309250000006614	epochs	2.0
738.8021879771118	0.016577800000050047	epochs	3.0
738.8187657771118	0.01651470000001609	epochs	3.0
738.8352804771118	0.03284229999997024	epochs	2.0
738.8352804771118	0.01645220000000336	epochs	3.0
738.8517326771118	0.01639009999996688	epochs	3.0
738.8681227771118	0.03259570000000167	epochs	2.0
738.8681227771118	0.016328400000020338	epochs	3.0
738.8844511771118	0.016267299999981333	epochs	3.0
738.9007184771118	0.032352899999978035	epochs	2.0
738.9007184771118	0.016206600000032267	epochs	3.0
738.9169250771118	0.016146299999945768	epochs	3.0
738.9330713771118	0.032113700000081735	epochs	2.0
738.9330713771118	0.016086599999994178	epochs	3.0
738.9491579771118	0.016027100000087557	epochs	3.0
738.9651850771119	0.03187799999989238	epochs	2.0
738.9651850771119	0.015968199999974786	epochs	3.0
738.9811532771118	0.015909799999917595	epochs	3.0
738.9970630771118	0.031645700000012766	epochs	2.0
738.9970630771118	0.01585160000001906	epochs	3.0
739.0129146771118	0.015794099999993705	epochs	3.0
739.0287087771118	0.0314167000000225	epochs	2.0
739.0287087771118	0.015736700000047676	epochs	3.0
739.0444454771118	0.015679999999974825	epochs	3.0
739.0601254771118	0.031191100000000915	epochs	2.0
739.0601254771118	0.015623600000026272	epochs	3.0
739.0757490771118	0.015567499999974643	epochs	3.0
739.0913165771118	0.030968700000016725	epochs	2.0
739.0913165771118	0.015512000000057924	epochs	3.0
739.1068285771119	0.0154566999999588	epochs	3.0
739.1222852771118	0.030749499999956242	epochs	2.0
739.1222852771118	0.015401999999994587	epochs	3.0
739.1376872771118	0.015347499999961656	epochs	3.0
739.1530347771118	0.03053320000003623	epochs	2.0
739.1530347771118	0.015293400000018664	epochs	3.0
739.1683281771118	0.015239800000017567	epochs	3.0
739.1835679771118	0.03032010000003993	epochs	2.0
739.1835679771118	0.015186500000027081	epochs	3.0
739.1987544771118	0.015133600000012848	epochs	3.0
739.2138880771118	0.030109899999956724	epochs	2.0
739.2138880771118	0.015081000000009226	epochs	3.0
739.2289690771119	0.015028899999947498	epochs	3.0
739.2439979771118	0.02990250000004835	epochs	2.0
739.2439979771118	0.014977000000044427	epochs	3.0
739.2589749771118	0.014925500000003922	epochs	3.0
739.2739004771119	0.029698100000018712	epochs	2.0
739.2739004771119	0.01487439999993967	epochs	3.0
739.2887748771118	0.014823700000079043	epochs	3.0
739.3035985771119	0.029496299999891562	epochs	2.0
739.3035985771119	0.014773199999922326	epochs	3.0
739.3183717771118	0.014723099999969236	epochs	3.0
739.3330948771118	0.02929740000001857	epochs	2.0
739.3330948771118	0.014673400000106085	epochs	3.0
739.3477682771119	0.014623999999912485	epochs	3.0
739.3623922771118	0.029101100000048064	epochs	2.0
739.3623922771118	0.014574900000070556	epochs	3.0
739.3769671771119	0.014526199999977507	epochs	3.0
739.3914933771118	0.028907399999980044	epochs	2.0
739.3914933771118	0.014477700000043114	epochs	3.0
739.4059710771119	0.014429699999936929	epochs	3.0
739.4204007771118	0.028716199999962555	epochs	2.0
739.4204007771118	0.014381800000023759	epochs	3.0
739.4347825771118	0.014334399999938796	epochs	3.0
739.4491169771118	0.028527600000074926	epochs	2.0
739.4491169771118	0.01428720000001249	epochs	3.0
739.4634041771118	0.014240400000062436	epochs	3.0
739.4776445771118	0.028341399999931127	epochs	2.0
739.4776445771118	0.014193799999929979	epochs	3.0
739.4918383771118	0.014147600000001148	epochs	3.0
739.5059859771118	0.028157700000065233	epochs	2.0
739.5059859771118	0.014101700000082928	epochs	3.0
739.5200876771119	0.014055999999982305	epochs	3.0
739.5341436771118	0.027976299999977527	epochs	2.0
739.5341436771118	0.01401060000000598	epochs	3.0
739.5481542771118	0.013965699999971548	epochs	3.0
739.5621199771118	0.02779720000000907	epochs	2.0
739.5621199771118	0.013920800000050804	epochs	3.0
739.5760407771119	0.013876399999958267	epochs	3.0
739.5899171771118	0.027620399999932488	epochs	2.0
739.5899171771118	0.013832200000024386	epochs	3.0
739.6037493771119	0.013788199999908102	epochs	3.0
739.6175375771118	0.02744590000008884	epochs	2.0
739.6175375771118	0.01374460000010913	epochs	3.0
739.6312821771119	0.01370129999997971	epochs	3.0
739.6449834771119	0.027273499999978412	epochs	2.0
739.6449834771119	0.013658200000008947	epochs	3.0
739.6586416771119	0.013615299999969466	epochs	3.0
739.6722569771118	0.027103399999987232	epochs	2.0
739.6722569771118	0.013572800000019924	epochs	3.0
739.6858297771118	0.013530599999967308	epochs	3.0
739.6993603771118	0.02693520000002536	epochs	2.0
739.6993603771118	0.013488400000028378	epochs	3.0
739.7128487771118	0.013446799999996983	epochs	3.0
739.7262955771118	0.026769199999989723	epochs	2.0
739.7262955771118	0.013405199999965589	epochs	3.0
739.7397007771118	0.013364000000024134	epochs	3.0
739.7530647771118	0.026605199999949036	epochs	2.0
739.7530647771118	0.013322899999934634	epochs	3.0
739.7663876771118	0.013282300000014402	epochs	3.0
739.7796699771118	0.026443200000016986	epochs	2.0
739.7796699771118	0.013241699999980483	epochs	3.0
739.7929116771118	0.013201500000036503	epochs	3.0
739.8061131771118	0.0262831999999662	epochs	2.0
739.8061131771118	0.013161500000023807	epochs	3.0
739.8192746771118	0.013121699999942393	epochs	3.0
739.8323963771118	0.02612500000009277	epochs	2.0
739.8323963771118	0.013082100000019636	epochs	3.0
739.8454784771118	0.013042900000073132	epochs	3.0
739.8585213771119	0.025968899999952555	epochs	2.0
739.8585213771119	0.013003899999944224	epochs	3.0
739.8715252771118	0.012965000000008331	epochs	3.0
739.8844902771118	0.025814500000024054	epochs	2.0
739.8844902771118	0.012926399999969362	epochs	3.0
739.8974166771118	0.012888100000054692	epochs	3.0
739.9103047771118	0.025661899999931848	epochs	2.0
739.9103047771118	0.012849899999991976	epochs	3.0
739.9231546771118	0.012811999999939871	epochs	3.0
739.9359666771118	0.025511200000096323	epochs	2.0
739.9359666771118	0.012774400000012065	epochs	3.0
739.9487410771118	0.012736800000084258	epochs	3.0
739.9614778771119	0.025362299999983406	epochs	2.0
739.9614778771119	0.01269969999998466	epochs	3.0
739.9741775771118	0.012662599999998747	epochs	3.0
739.9868401771118	0.025215000000002874	epochs	2.0
739.9868401771118	0.012625800000023446	epochs	3.0
739.9994659771119	0.012589199999979428	epochs	3.0
740.0120551771118	0.024584799999956886	epochs	2.0
740.0347365771119	0.5	epochs	-1.0
740.0366399771118	0.5165600000000268	epochs	1.0
740.5531999771118	0.48335999999994783	epochs	0.0
741.3589997291565	0.0626399999999876	epochs	0.0
741.3589997291565	0.026321299999949588	epochs	1.0
741.3853210291564	0.009997400000088419	epochs	1.0
741.3953184291565	0.026321299999949588	epochs	1.0
741.4216397291565	2.0	epochs	0.0
743.4216397291565	21.517439999999965	epochs	0.0
743.4216397291565	1.0	epochs	1.0
743.4216563291565	0.5	epochs	-1.0
743.9216563291565	19.998080000000073	epochs	-1.0
744.4216397291565	20.0	epochs	1.0
744.4216397291565	4.356753900000058	epochs	-1.0
744.4216397291565	1.9745871999999736	epochs	2.0
744.4216397291565	1.0985622000000603	epochs	3.0
745.5202019291565	0.8760249999999132	epochs	3.0
746.3962269291565	1.3524075000000266	epochs	2.0
746.3962269291565	0.7286354999999958	epochs	3.0
747.1248624291565	0.6237720000000309	epochs	3.0
747.7486344291565	1.0297592000000577	epochs	2.0
747.7486344291565	0.5453293000000485	epochs	3.0
748.2939637291565	0.4844299000000092	epochs	3.0
748.7783936291565	0.8317862000000105	epochs	2.0
748.7783936291565	0.4357762999999295	epochs	3.0
749.2141699291565	0.39600990000008096	epochs	3.0
749.6101798291566	0.6977969999999232	epochs	2.0
749.6101798291566	0.36289819999990414	epochs	3.0
749.9730780291565	0.33489880000001904	epochs	3.0
750.3079768291565	0.601045699999986	epochs	2.0
750.3079768291565	0.3109123000000409	epochs	3.0
750.6188891291565	0.29013339999994514	epochs	3.0
750.9090225291565	0.5278859000000011	epochs	2.0
750.9090225291565	0.2719586000000618	epochs	3.0
751.1809811291565	0.25592729999993935	epochs	3.0
751.4369084291565	0.4706193000000667	epochs	2.0
751.4369084291565	0.241681299999982	epochs	3.0
751.6785897291564	0.22893800000008468	epochs	3.0
751.9075277291565	0.42457039999999324	epochs	2.0
751.9075277291565	0.21747140000002219	epochs	3.0
752.1249991291565	0.20709899999997106	epochs	3.0
752.3320981291565	0.3867354000000205	epochs	2.0
752.3320981291565	0.19767109999997956	epochs	3.0
752.5297692291565	0.18906430000004093	epochs	3.0
752.7188335291565	0.35509529999990264	epochs	2.0
752.7188335291565	0.18117589999997108	epochs	3.0
752.9000094291565	0.17391939999993156	epochs	3.0
753.0739288291564	0.3282431000000088	epochs	2.0
753.0739288291564	0.1672219000000723	epochs	3.0
753.2411507291565	0.16102119999993647	epochs	3.0
753.4021719291565	0.30516800000009425	epochs	2.0
753.4021719291565	0.15526390000002266	epochs	3.0
753.5574358291565	0.1499041000000716	epochs	3.0
753.7073399291565	0.28512530000000424	epochs	2.0
753.7073399291565	0.1449020999999675	epochs	3.0
753.8522420291565	0.14022320000003674	epochs	3.0
753.9924652291566	0.2675537999999733	epochs	2.0
753.9924652291566	0.1358368999999584	epochs	3.0
754.1283021291565	0.1317169000000149	epochs	3.0
754.2600190291565	0.252022899999929	epochs	2.0
754.2600190291565	0.1278393000000051	epochs	3.0
754.3878583291565	0.1241835999999239	epochs	3.0
754.5120419291565	0.23819650000007186	epochs	2.0
754.5120419291565	0.12073110000005727	epochs	3.0
754.6327730291565	0.1174654000000146	epochs	3.0
754.7502384291565	0.2258087999999816	epochs	2.0
754.7502384291565	0.1143718999999237	epochs	3.0
754.8646103291564	0.1114369000000579	epochs	3.0
754.9760472291565	0.2146460000000161	epochs	2.0
754.9760472291565	0.10864889999993466	epochs	3.0
755.0846961291564	0.10599710000008145	epochs	3.0
755.1906932291565	0.20453499999996438	epochs	2.0
755.1906932291565	0.10347149999995509	epochs	3.0
755.2941647291565	0.1010635000000093	epochs	3.0
755.3952282291565	0.19533400000000256	epochs	2.0
755.3952282291565	0.09876510000003691	epochs	3.0
755.4939933291565	0.09656889999996565	epochs	3.0
755.5905622291565	0.18692529999998442	epochs	2.0
755.5905622291565	0.09446830000001682	epochs	3.0
755.6850305291565	0.09245699999996759	epochs	3.0
755.7774875291565	0.17921069999999872	epochs	2.0
755.7774875291565	0.09052959999996801	epochs	3.0
755.8680171291564	0.08868110000003071	epochs	3.0
755.9566982291565	0.17210769999996955	epochs	2.0
755.9566982291565	0.08690630000000965	epochs	3.0
756.0436045291565	0.0852013999999599	epochs	3.0
756.1288059291564	0.16554640000003928	epochs	2.0
756.1288059291564	0.08356190000006336	epochs	3.0
756.2123678291565	0.08198449999997592	epochs	3.0
756.2943523291565	0.15946710000002895	epochs	2.0
756.2943523291565	0.08046539999998004	epochs	3.0
756.3748177291565	0.07900170000004891	epochs	3.0
756.4538194291565	0.15381839999997737	epochs	2.0
756.4538194291565	0.07759009999995214	epochs	3.0
756.5314095291565	0.07622830000002523	epochs	3.0
756.6076378291565	0.14855639999996129	epochs	2.0
756.6076378291565	0.07491330000004837	epochs	3.0
756.6825511291565	0.07364309999991292	epochs	3.0
756.7561942291564	0.14364240000008976	epochs	2.0
756.7561942291564	0.07241500000009182	epochs	3.0
756.8286092291565	0.07122739999999794	epochs	3.0
756.8998366291565	0.13904309999998077	epochs	2.0
756.8998366291565	0.07007799999996678	epochs	3.0
756.9699146291565	0.06896510000001399	epochs	3.0
757.0388797291565	0.1347293000000036	epochs	2.0
757.0388797291565	0.0678871000000072	epochs	3.0
757.1067668291565	0.06684219999999641	epochs	3.0
757.1736090291565	0.13067519999992783	epochs	2.0
757.1736090291565	0.06582909999997355	epochs	3.0
757.2394381291565	0.06484609999995428	epochs	3.0
757.3042842291565	0.12685780000003888	epochs	2.0
757.3042842291565	0.06389200000000983	epochs	3.0
757.3681762291565	0.06296580000002905	epochs	3.0
757.4311420291565	0.12325720000001184	epochs	2.0
757.4311420291565	0.06206580000002759	epochs	3.0
757.4932078291565	0.06119139999998424	epochs	3.0
757.5543992291565	0.11985540000000583	epochs	2.0
757.5543992291565	0.060341099999959624	epochs	3.0
757.6147403291565	0.059514300000046205	epochs	3.0
757.6742546291565	0.11663620000001629	epochs	2.0
757.6742546291565	0.05870960000004288	epochs	3.0
757.7329642291566	0.057926599999973405	epochs	3.0
757.7908908291565	0.11358559999996487	epochs	2.0
757.7908908291565	0.05716419999998834	epochs	3.0
757.8480550291565	0.05642139999997653	epochs	3.0
757.9044764291565	0.11069050000003244	epochs	2.0
757.9044764291565	0.055697900000041045	epochs	3.0
757.9601743291565	0.0549925999999914	epochs	3.0
758.0151669291565	0.10793909999995321	epochs	2.0
758.0151669291565	0.05430489999992005	epochs	3.0
758.0694718291564	0.05363420000003316	epochs	3.0
758.1231060291565	0.10532150000005913	epochs	2.0
758.1231060291565	0.05298000000004777	epochs	3.0
758.1760860291565	0.052341500000011365	epochs	3.0
758.2284275291565	0.10282759999995505	epochs	2.0
758.2284275291565	0.05171810000001642	epochs	3.0
758.2801456291566	0.051109499999938635	epochs	3.0
758.3312551291565	0.10044909999999163	epochs	2.0
758.3312551291565	0.050514900000052876	epochs	3.0
758.3817700291565	0.049934199999938755	epochs	3.0
758.4317042291565	0.0981782999999723	epochs	2.0
758.4317042291565	0.04936659999998483	epochs	3.0
758.4810708291565	0.04881169999998747	epochs	3.0
758.5298825291565	0.09600780000005216	epochs	2.0
758.5298825291565	0.04826920000004975	epochs	3.0
758.5781517291565	0.04773860000000241	epochs	3.0
758.6258903291565	0.09393120000004274	epochs	2.0
758.6258903291565	0.04721949999998287	epochs	3.0
758.6731098291565	0.046711700000059864	epochs	3.0
758.7198215291565	0.09194259999992482	epochs	2.0
758.7198215291565	0.046214599999984785	epochs	3.0
758.7660361291565	0.04572799999994004	epochs	3.0
758.8117641291565	0.09003630000006524	epochs	2.0
758.8117641291565	0.04525150000006306	epochs	3.0
758.8570156291565	0.04478480000000218	epochs	3.0
758.9018004291565	0.08820759999991878	epochs	2.0
758.9018004291565	0.04432779999990544	epochs	3.0
758.9461282291564	0.04387980000001335	epochs	3.0
758.9900080291565	0.0864516999999978	epochs	2.0
758.9900080291565	0.04344100000002982	epochs	3.0
759.0334490291565	0.04301069999996798	epochs	3.0
759.0764597291565	0.0847643000000744	epochs	2.0
759.0764597291565	0.04258900000002086	epochs	3.0
759.1190487291565	0.04217530000005354	epochs	3.0
759.1612240291565	0.08314150000001064	epochs	2.0
759.1612240291565	0.041769699999917975	epochs	3.0
759.2029937291564	0.04137180000009266	epochs	3.0
759.2443655291565	0.08157969999990655	epochs	2.0
759.2443655291565	0.040981399999964196	epochs	3.0
759.2853469291565	0.040598299999942355	epochs	3.0
759.3259452291564	0.08007550000002084	epochs	2.0
759.3259452291564	0.040222300000095856	epochs	3.0
759.3661675291565	0.03985319999992498	epochs	3.0
759.4060207291565	0.07862569999997504	epochs	2.0
759.4060207291565	0.039490800000066884	epochs	3.0
759.4455115291565	0.03913489999990816	epochs	3.0
759.4846464291564	0.07722760000001472	epochs	2.0
759.4846464291564	0.038785400000051595	epochs	3.0
759.5234318291565	0.03844219999996312	epochs	3.0
759.5618740291565	0.07587820000003376	epochs	2.0
759.5618740291565	0.038104800000041905	epochs	3.0
759.5999788291565	0.03777339999999185	epochs	3.0
759.6377522291565	0.0745752000000266	epochs	2.0
759.6377522291565	0.03744770000002973	epochs	3.0
759.6751999291565	0.03712749999999687	epochs	3.0
759.7123274291565	0.07331629999998768	epochs	2.0
759.7123274291565	0.036812899999972615	epochs	3.0
759.7491403291565	0.03650340000001506	epochs	3.0
759.7856437291565	0.07209899999998015	epochs	2.0
759.7856437291565	0.03619909999997617	epochs	3.0
759.8218428291565	0.03589990000000398	epochs	3.0
759.8577427291565	0.07092169999998532	epochs	2.0
759.8577427291565	0.03560560000005353	epochs	3.0
759.8933483291565	0.035316099999931794	epochs	3.0
759.9286644291565	0.06978200000003199	epochs	2.0
759.9286644291565	0.03503120000004856	epochs	3.0
759.9636956291565	0.03475079999998343	epochs	3.0
759.9984464291565	0.06867859999999837	epochs	2.0
759.9984464291565	0.03447510000000875	epochs	3.0
760.0329215291565	0.03420349999998962	epochs	3.0
760.0671250291565	0.06760929999995824	epochs	2.0
760.0671250291565	0.033936199999970995	epochs	3.0
760.1010612291565	0.033673099999987244	epochs	3.0
760.1347343291565	0.06657289999998284	epochs	2.0
760.1347343291565	0.03341399999999339	epochs	3.0
760.1681483291565	0.033158899999989444	epochs	3.0
760.2013072291564	0.06556780000005347	epochs	2.0
760.2013072291564	0.032907700000009754	epochs	3.0
760.2342149291565	0.03266010000004371	epochs	3.0
760.2668750291565	0.06459259999996902	epochs	2.0
760.2668750291565	0.032416399999988244	epochs	3.0
760.2992914291565	0.03217619999998078	epochs	3.0
760.3314676291565	0.06364600000006249	epochs	2.0
760.3314676291565	0.03193959999998697	epochs	3.0
760.3634072291565	0.03170640000007552	epochs	3.0
760.3951136291565	0.0627266999999847	epochs	2.0
760.3951136291565	0.03147660000001906	epochs	3.0
760.4265902291565	0.03125009999996564	epochs	3.0
760.4578403291565	0.06183359999999993	epochs	2.0
760.4578403291565	0.031026900000028945	epochs	3.0
760.4888672291565	0.030806699999970988	epochs	3.0
760.5196739291565	0.06096560000003137	epochs	2.0
760.5196739291565	0.030589800000029754	epochs	3.0
760.5502637291565	0.030375800000001618	epochs	3.0
760.5806395291565	0.06012160000000222	epochs	2.0
760.5806395291565	0.03016489999993155	epochs	3.0
760.6108044291565	0.02995670000007067	epochs	3.0
760.6407611291565	0.05930069999999432	epochs	2.0
760.6407611291565	0.02975159999994048	epochs	3.0
760.6705127291565	0.02954910000005384	epochs	3.0
760.7000618291565	0.05850179999993088	epochs	2.0
760.7000618291565	0.02934940000000097	epochs	3.0
760.7294112291565	0.029152399999929912	epochs	3.0
760.7585636291565	0.057724200000052406	epochs	2.0
760.7585636291565	0.028957999999988715	epochs	3.0
760.7875216291565	0.02876620000006369	epochs	3.0
760.8162878291565	0.05696709999995164	epochs	2.0
760.8162878291565	0.028576999999927466	epochs	3.0
760.8448648291564	0.028390100000024177	epochs	3.0
760.8732549291565	0.05622949999997218	epochs	2.0
760.8732549291565	0.028205700000057732	epochs	3.0
760.9014606291565	0.028023799999914445	epochs	3.0
760.9294844291564	0.05551070000001346	epochs	2.0
760.9294844291564	0.02784400000007281	epochs	3.0
760.9573284291565	0.027666699999940647	epochs	3.0
760.9849951291565	0.054810200000019904	epochs	2.0
760.9849951291565	0.02749149999999645	epochs	3.0
761.0124866291565	0.027318700000023455	epochs	3.0
761.0398053291565	0.05412699999999404	epochs	2.0
761.0398053291565	0.027147799999966082	epochs	3.0
761.0669531291564	0.02697920000002796	epochs	3.0
761.0939323291565	0.0534607000000733	epochs	2.0
761.0939323291565	0.0268125999999711	epochs	3.0
761.1207449291564	0.026648100000102204	epochs	3.0
761.1473930291565	0.052810699999895405	epochs	2.0
761.1473930291565	0.026485600000000886	epochs	3.0
761.1738786291565	0.02632509999989452	epochs	3.0
761.2002037291564	0.05217620000007628	epochs	2.0
761.2002037291564	0.026166400000079193	epochs	3.0
761.2263701291565	0.026009799999997085	epochs	3.0
761.2523799291565	0.051556699999991906	epochs	2.0
761.2523799291565	0.025854799999933675	epochs	3.0
761.2782347291565	0.02570190000005823	epochs	3.0
761.3039366291565	0.05095189999997274	epochs	2.0
761.3039366291565	0.025550699999939752	epochs	3.0
761.3294873291564	0.025401200000032986	epochs	3.0
761.3548885291565	0.05036099999995258	epochs	2.0
761.3548885291565	0.025253499999962514	epochs	3.0
761.3801420291564	0.02510749999999007	epochs	3.0
761.4052495291564	0.04978380000011384	epochs	2.0
761.4052495291564	0.02496320000000196	epochs	3.0
761.4302127291564	0.02482060000011188	epochs	3.0
761.4550333291565	0.04921949999993558	epochs	2.0
761.4550333291565	0.024679399999968155	epochs	3.0
761.4797127291565	0.024540099999967424	epochs	3.0
761.5042528291565	0.04866790000005494	epochs	2.0
761.5042528291565	0.02440209999997478	epochs	3.0
761.5286549291565	0.024265800000080162	epochs	3.0
761.5529207291565	0.048128599999927246	epochs	2.0
761.5529207291565	0.02413099999989754	epochs	3.0
761.5770517291564	0.023997600000029706	epochs	3.0
761.6010493291565	0.047601100000065344	epochs	2.0
761.6010493291565	0.023865800000066884	epochs	3.0
761.6249151291565	0.02373529999999846	epochs	3.0
761.6486504291565	0.04708499999992455	epochs	2.0
761.6486504291565	0.023606299999983094	epochs	3.0
761.6722567291565	0.023478699999941455	epochs	3.0
761.6957354291565	0.04658000000006268	epochs	2.0
761.6957354291565	0.02335249999998723	epochs	3.0
761.7190879291564	0.02322750000007545	epochs	3.0
761.7423154291565	0.04608569999993506	epochs	2.0
761.7423154291565	0.023103999999989355	epochs	3.0
761.7654194291565	0.022981699999945704	epochs	3.0
761.7884011291565	0.045601799999985815	epochs	2.0
761.7884011291565	0.022860700000023826	epochs	3.0
761.8112618291565	0.02274109999996199	epochs	3.0
761.8340029291564	0.04512790000001132	epochs	2.0
761.8340029291564	0.022622500000011314	epochs	3.0
761.8566254291565	0.02250540000000001	epochs	3.0
761.8791308291565	0.0446638000000803	epochs	2.0
761.8791308291565	0.022389300000099865	epochs	3.0
761.9015201291566	0.022274499999980435	epochs	3.0
761.9237946291565	0.04420919999995476	epochs	2.0
761.9237946291565	0.022160799999937808	epochs	3.0
761.9459554291565	0.022048400000016954	epochs	3.0
761.9680038291565	0.043763600000033875	epochs	2.0
761.9680038291565	0.021936900000014248	epochs	3.0
761.9899407291565	0.021826700000019628	epochs	3.0
762.0117674291565	0.04332709999994222	epochs	2.0
762.0117674291565	0.021717599999988124	epochs	3.0
762.0334850291565	0.021609499999954096	epochs	3.0
762.0550945291565	0.04289900000003399	epochs	2.0
762.0550945291565	0.02150249999999687	epochs	3.0
762.0765970291565	0.021396500000037122	epochs	3.0
762.0979935291565	0.042479500000013104	epochs	2.0
762.0979935291565	0.02129170000000613	epochs	3.0
762.1192852291565	0.021187800000006973	epochs	3.0
762.1404730291565	0.042067900000006375	epochs	2.0
762.1404730291565	0.02108490000000529	epochs	3.0
762.1615579291565	0.020983000000001084	epochs	3.0
762.1825409291565	0.04166439999994509	epochs	2.0
762.1825409291565	0.020882199999959994	epochs	3.0
762.2034231291565	0.020782199999985096	epochs	3.0
762.2242053291565	0.04126850000000104	epochs	2.0
762.2242053291565	0.020683300000087	epochs	3.0
762.2448886291565	0.02058519999991404	epochs	3.0
762.2654738291565	0.04088000000001557	epochs	2.0
762.2654738291565	0.020488100000079612	epochs	3.0
762.2859619291565	0.02039189999993596	epochs	3.0
762.3063538291565	0.04049880000002304	epochs	2.0
762.3063538291565	0.020296600000051512	epochs	3.0
762.3266504291565	0.020202199999971526	epochs	3.0
762.3468526291565	0.04012460000001283	epochs	2.0
762.3468526291565	0.02010870000003706	epochs	3.0
762.3669613291565	0.020015899999975773	epochs	3.0
762.3869772291565	0.03975730000001931	epochs	2.0
762.3869772291565	0.019924199999991288	epochs	3.0
762.4069014291565	0.019833100000028026	epochs	3.0
762.4267345291565	0.03939669999999751	epochs	2.0
762.4267345291565	0.01974299999994855	epochs	3.0
762.4464775291565	0.019653700000048957	epochs	3.0
762.4661312291565	0.03904239999997117	epochs	2.0
762.4661312291565	0.019565099999908853	epochs	3.0
762.4856963291564	0.019477300000062314	epochs	3.0
762.5051736291565	0.03869459999998526	epochs	2.0
762.5051736291565	0.019390400000020236	epochs	3.0
762.5245640291565	0.01930419999996502	epochs	3.0
762.5438682291565	0.03835290000006353	epochs	2.0
762.5438682291565	0.019218799999976	epochs	3.0
762.5630870291565	0.01913410000008753	epochs	3.0
762.5822211291566	0.038017199999899276	epochs	2.0
762.5822211291566	0.01905019999992419	epochs	3.0
762.6012713291565	0.018966999999975087	epochs	3.0
762.6202383291565	0.037687200000050325	epochs	2.0
762.6202383291565	0.01888450000001285	epochs	3.0
762.6391228291565	0.018802700000037476	epochs	3.0
762.6579255291565	0.03736309999999321	epochs	2.0
762.6579255291565	0.018721700000014607	epochs	3.0
762.6766472291565	0.018641399999978603	epochs	3.0
762.6952886291565	0.03704430000004777	epochs	2.0
762.6952886291565	0.01856159999999818	epochs	3.0
762.7138502291565	0.01848270000004959	epochs	3.0
762.7323329291565	0.03673099999991791	epochs	2.0
762.7323329291565	0.018404299999929208	epochs	3.0
762.7507372291565	0.018326699999988705	epochs	3.0
762.7690639291565	0.036422900000047775	epochs	2.0
762.7690639291565	0.018249599999990096	epochs	3.0
762.7873135291564	0.01817330000005768	epochs	3.0
762.8054868291565	0.03612009999994825	epochs	2.0
762.8054868291565	0.0180976000000328	epochs	3.0
762.8235844291565	0.018022499999915453	epochs	3.0
762.8416069291565	0.03582210000001851	epochs	2.0
762.8416069291565	0.017947900000081063	epochs	3.0
762.8595548291565	0.017874199999937446	epochs	3.0
762.8774290291565	0.03552899999999681	epochs	2.0
762.8774290291565	0.017800800000031813	epochs	3.0
762.8952298291565	0.017728199999965	epochs	3.0
762.9129580291565	0.03524070000003121	epochs	2.0
762.9129580291565	0.017656100000067454	epochs	3.0
762.9306141291565	0.017584599999963757	epochs	3.0
762.9481987291565	0.034957100000042374	epochs	2.0
762.9481987291565	0.01751369999999497	epochs	3.0
762.9657124291565	0.017443400000047404	epochs	3.0
762.9831558291565	0.034677899999906	epochs	2.0
762.9831558291565	0.017373599999928047	epochs	3.0
763.0005294291565	0.017304299999977957	epochs	3.0
763.0178337291565	0.03440330000000813	epochs	2.0
763.0178337291565	0.01723570000001473	epochs	3.0
763.0350694291565	0.0171675999999934	epochs	3.0
763.0522370291565	0.0341328000000658	epochs	2.0
763.0522370291565	0.017099900000062007	epochs	3.0
763.0693369291565	0.017032900000003792	epochs	3.0
763.0863698291565	0.033866699999975935	epochs	2.0
763.0863698291565	0.01696640000000116	epochs	3.0
763.1033362291565	0.016900299999974777	epochs	3.0
763.1202365291565	0.03360459999998966	epochs	2.0
763.1202365291565	0.01683479999996962	epochs	3.0
763.1370713291565	0.01676980000002004	epochs	3.0
763.1538411291565	0.033346599999958926	epochs	2.0
763.1538411291565	0.016705300000012357	epochs	3.0
763.1705464291565	0.01664129999994657	epochs	3.0
763.1871877291564	0.03309250000006614	epochs	2.0
763.1871877291564	0.016577800000050047	epochs	3.0
763.2037655291565	0.01651470000001609	epochs	3.0
763.2202802291565	0.03284229999997024	epochs	2.0
763.2202802291565	0.01645220000000336	epochs	3.0
763.2367324291565	0.01639009999996688	epochs	3.0
763.2531225291565	0.03259570000000167	epochs	2.0
763.2531225291565	0.016328400000020338	epochs	3.0
763.2694509291565	0.016267299999981333	epochs	3.0
763.2857182291565	0.032352899999978035	epochs	2.0
763.2857182291565	0.016206600000032267	epochs	3.0
763.3019248291565	0.016146299999945768	epochs	3.0
763.3180711291565	0.032113700000081735	epochs	2.0
763.3180711291565	0.016086599999994178	epochs	3.0
763.3341577291565	0.016027100000087557	epochs	3.0
763.3501848291565	0.03187799999989238	epochs	2.0
763.3501848291565	0.015968199999974786	epochs	3.0
763.3661530291565	0.015909799999917595	epochs	3.0
763.3820628291564	0.031645700000012766	epochs	2.0
763.3820628291564	0.01585160000001906	epochs	3.0
763.3979144291565	0.015794099999993705	epochs	3.0
763.4137085291565	0.0314167000000225	epochs	2.0
763.4137085291565	0.015736700000047676	epochs	3.0
763.4294452291565	0.015679999999974825	epochs	3.0
763.4451252291565	0.031191100000000915	epochs	2.0
763.4451252291565	0.015623600000026272	epochs	3.0
763.4607488291565	0.015567499999974643	epochs	3.0
763.4763163291565	0.030968700000016725	epochs	2.0
763.4763163291565	0.015512000000057924	epochs	3.0
763.4918283291565	0.0154566999999588	epochs	3.0
763.5072850291565	0.030749499999956242	epochs	2.0
763.5072850291565	0.015401999999994587	epochs	3.0
763.5226870291565	0.015347499999961656	epochs	3.0
763.5380345291564	0.03053320000003623	epochs	2.0
763.5380345291564	0.015293400000018664	epochs	3.0
763.5533279291565	0.015239800000017567	epochs	3.0
763.5685677291565	0.03032010000003993	epochs	2.0
763.5685677291565	0.015186500000027081	epochs	3.0
763.5837542291565	0.015133600000012848	epochs	3.0
763.5988878291565	0.030109899999956724	epochs	2.0
763.5988878291565	0.015081000000009226	epochs	3.0
763.6139688291565	0.015028899999947498	epochs	3.0
763.6289977291565	0.02990250000004835	epochs	2.0
763.6289977291565	0.014977000000044427	epochs	3.0
763.6439747291565	0.014925500000003922	epochs	3.0
763.6589002291565	0.029698100000018712	epochs	2.0
763.6589002291565	0.01487439999993967	epochs	3.0
763.6737746291565	0.014823700000079043	epochs	3.0
763.6885983291565	0.029496299999891562	epochs	2.0
763.6885983291565	0.014773199999922326	epochs	3.0
763.7033715291565	0.014723099999969236	epochs	3.0
763.7180946291564	0.02929740000001857	epochs	2.0
763.7180946291564	0.014673400000106085	epochs	3.0
763.7327680291565	0.014623999999912485	epochs	3.0
763.7473920291565	0.029101100000048064	epochs	2.0
763.7473920291565	0.014574900000070556	epochs	3.0
763.7619669291565	0.014526199999977507	epochs	3.0
763.7764931291565	0.028907399999980044	epochs	2.0
763.7764931291565	0.014477700000043114	epochs	3.0
763.7909708291565	0.014429699999936929	epochs	3.0
763.8054005291565	0.028716199999962555	epochs	2.0
763.8054005291565	0.014381800000023759	epochs	3.0
763.8197823291565	0.014334399999938796	epochs	3.0
763.8341167291564	0.028527600000074926	epochs	2.0
763.8341167291564	0.01428720000001249	epochs	3.0
763.8484039291565	0.014240400000062436	epochs	3.0
763.8626443291565	0.028341399999931127	epochs	2.0
763.8626443291565	0.014193799999929979	epochs	3.0
763.8768381291565	0.014147600000001148	epochs	3.0
763.8909857291565	0.028157700000065233	epochs	2.0
763.8909857291565	0.014101700000082928	epochs	3.0
763.9050874291565	0.014055999999982305	epochs	3.0
763.9191434291565	0.027976299999977527	epochs	2.0
763.9191434291565	0.01401060000000598	epochs	3.0
763.9331540291565	0.013965699999971548	epochs	3.0
763.9471197291565	0.02779720000000907	epochs	2.0
763.9471197291565	0.013920800000050804	epochs	3.0
763.9610405291565	0.013876399999958267	epochs	3.0
763.9749169291565	0.027620399999932488	epochs	2.0
763.9749169291565	0.013832200000024386	epochs	3.0
763.9887491291565	0.013788199999908102	epochs	3.0
764.0025373291564	0.02744590000008884	epochs	2.0
764.0025373291564	0.01374460000010913	epochs	3.0
764.0162819291565	0.01370129999997971	epochs	3.0
764.0299832291565	0.027273499999978412	epochs	2.0
764.0299832291565	0.013658200000008947	epochs	3.0
764.0436414291565	0.013615299999969466	epochs	3.0
764.0572567291565	0.027103399999987232	epochs	2.0
764.0572567291565	0.013572800000019924	epochs	3.0
764.0708295291565	0.013530599999967308	epochs	3.0
764.0843601291565	0.02693520000002536	epochs	2.0
764.0843601291565	0.013488400000028378	epochs	3.0
764.0978485291565	0.013446799999996983	epochs	3.0
764.1112953291565	0.026769199999989723	epochs	2.0
764.1112953291565	0.013405199999965589	epochs	3.0
764.1247005291565	0.013364000000024134	epochs	3.0
764.1380645291565	0.026605199999949036	epochs	2.0
764.1380645291565	0.013322899999934634	epochs	3.0
764.1513874291564	0.013282300000014402	epochs	3.0
764.1646697291565	0.026443200000016986	epochs	2.0
764.1646697291565	0.013241699999980483	epochs	3.0
764.1779114291564	0.013201500000036503	epochs	3.0
764.1911129291565	0.0262831999999662	epochs	2.0
764.1911129291565	0.013161500000023807	epochs	3.0
764.2042744291565	0.013121699999942393	epochs	3.0
764.2173961291564	0.02612500000009277	epochs	2.0
764.2173961291564	0.013082100000019636	epochs	3.0
764.2304782291565	0.013042900000073132	epochs	3.0
764.2435211291565	0.025968899999952555	epochs	2.0
764.2435211291565	0.013003899999944224	epochs	3.0
764.2565250291565	0.012965000000008331	epochs	3.0
764.2694900291565	0.025814500000024054	epochs	2.0
764.2694900291565	0.012926399999969362	epochs	3.0
764.2824164291565	0.012888100000054692	epochs	3.0
764.2953045291565	0.025661899999931848	epochs	2.0
764.2953045291565	0.012849899999991976	epochs	3.0
764.3081544291565	0.012811999999939871	epochs	3.0
764.3209664291564	0.025511200000096323	epochs	2.0
764.3209664291564	0.012774400000012065	epochs	3.0
764.3337408291565	0.012736800000084258	epochs	3.0
764.3464776291565	0.025362299999983406	epochs	2.0
764.3464776291565	0.01269969999998466	epochs	3.0
764.3591773291565	0.012662599999998747	epochs	3.0
764.3718399291565	0.025215000000002874	epochs	2.0
764.3718399291565	0.012625800000023446	epochs	3.0
764.3844657291565	0.012589199999979428	epochs	3.0
764.3970549291565	0.024584799999956886	epochs	2.0
764.4197363291565	0.5	epochs	-1.0
764.4216397291565	0.517439999999965	epochs	1.0
764.9390797291564	0.48248000000000957	epochs	0.0
783.0829997062683	0.0626399999999876	epochs	0.0
783.0829997062683	0.026321299999949588	epochs	1.0
783.1093210062683	0.009997400000088419	epochs	1.0
783.1193184062683	0.026321299999949588	epochs	1.0
783.1456397062683	2.0	epochs	0.0
785.1456397062683	5.377200000000016	epochs	0.0
785.1456397062683	1.0	epochs	1.0
785.1456563062683	0.5	epochs	-1.0
785.6456563062683	4.877183400000035	epochs	-1.0
786.1456397062683	4.377200000000016	epochs	1.0
786.1456397062683	4.356753900000058	epochs	-1.0
786.1456397062683	1.9745871999999736	epochs	2.0
786.1456397062683	1.0985622000000603	epochs	3.0
787.2442019062684	0.8760249999999132	epochs	3.0
788.1202269062683	1.3524075000000266	epochs	2.0
788.1202269062683	0.7286354999999958	epochs	3.0
788.8488624062683	0.6237720000000309	epochs	3.0
789.4726344062683	1.0297592000000577	epochs	2.0
789.4726344062683	0.5453293000000485	epochs	3.0
790.0179637062683	0.4844299000000092	epochs	3.0
790.5023936062684	0.020446099999958278	epochs	2.0
790.5023936062684	0.020446099999958278	epochs	3.0
790.5228397062683	16.62271999999996	epochs	0.0
791.3499999046326	0.0626399999999876	epochs	0.0
791.3499999046326	0.026321299999949588	epochs	1.0
791.3763212046325	0.009997400000088419	epochs	1.0
791.3863186046326	0.026321299999949588	epochs	1.0
791.4126399046326	2.0	epochs	0.0
793.4126399046326	21.517360000000053	epochs	0.0
793.4126399046326	1.0	epochs	1.0
793.4126565046325	0.5	epochs	-1.0
793.9126565046325	19.998640000000023	epochs	-1.0
794.4126399046326	20.0	epochs	1.0
794.4126399046326	4.356753900000058	epochs	-1.0
794.4126399046326	1.9745871999999736	epochs	2.0
794.4126399046326	1.0985622000000603	epochs	3.0
795.5112021046326	0.8760249999999132	epochs	3.0
796.3872271046325	1.3524075000000266	epochs	2.0
796.3872271046325	0.7286354999999958	epochs	3.0
797.1158626046325	0.6237720000000309	epochs	3.0
797.7396346046326	1.0297592000000577	epochs	2.0
797.7396346046326	0.5453293000000485	epochs	3.0
798.2849639046326	0.4844299000000092	epochs	3.0
798.7693938046326	0.8317862000000105	epochs	2.0
798.7693938046326	0.4357762999999295	epochs	3.0
799.2051701046325	0.39600990000008096	epochs	3.0
799.6011800046326	0.6977969999999232	epochs	2.0
799.6011800046326	0.36289819999990414	epochs	3.0
799.9640782046325	0.33489880000001904	epochs	3.0
800.2989770046325	0.601045699999986	epochs	2.0
800.2989770046325	0.3109123000000409	epochs	3.0
800.6098893046326	0.29013339999994514	epochs	3.0
800.9000227046325	0.5278859000000011	epochs	2.0
800.9000227046325	0.2719586000000618	epochs	3.0
801.1719813046326	0.25592729999993935	epochs	3.0
801.4279086046325	0.4706193000000667	epochs	2.0
801.4279086046325	0.241681299999982	epochs	3.0
801.6695899046325	0.22893800000008468	epochs	3.0
801.8985279046326	0.42457039999999324	epochs	2.0
801.8985279046326	0.21747140000002219	epochs	3.0
802.1159993046326	0.20709899999997106	epochs	3.0
802.3230983046326	0.3867354000000205	epochs	2.0
802.3230983046326	0.19767109999997956	epochs	3.0
802.5207694046326	0.18906430000004093	epochs	3.0
802.7098337046326	0.35509529999990264	epochs	2.0
802.7098337046326	0.18117589999997108	epochs	3.0
802.8910096046326	0.17391939999993156	epochs	3.0
803.0649290046325	0.3282431000000088	epochs	2.0
803.0649290046325	0.1672219000000723	epochs	3.0
803.2321509046326	0.16102119999993647	epochs	3.0
803.3931721046325	0.30516800000009425	epochs	2.0
803.3931721046325	0.15526390000002266	epochs	3.0
803.5484360046325	0.1499041000000716	epochs	3.0
803.6983401046326	0.28512530000000424	epochs	2.0
803.6983401046326	0.1449020999999675	epochs	3.0
803.8432422046326	0.14022320000003674	epochs	3.0
803.9834654046326	0.2675537999999733	epochs	2.0
803.9834654046326	0.1358368999999584	epochs	3.0
804.1193023046326	0.1317169000000149	epochs	3.0
804.2510192046326	0.252022899999929	epochs	2.0
804.2510192046326	0.1278393000000051	epochs	3.0
804.3788585046326	0.1241835999999239	epochs	3.0
804.5030421046325	0.23819650000007186	epochs	2.0
804.5030421046325	0.12073110000005727	epochs	3.0
804.6237732046326	0.1174654000000146	epochs	3.0
804.7412386046326	0.2258087999999816	epochs	2.0
804.7412386046326	0.1143718999999237	epochs	3.0
804.8556105046325	0.1114369000000579	epochs	3.0
804.9670474046326	0.2146460000000161	epochs	2.0
804.9670474046326	0.10864889999993466	epochs	3.0
805.0756963046325	0.10599710000008145	epochs	3.0
805.1816934046326	0.20453499999996438	epochs	2.0
805.1816934046326	0.10347149999995509	epochs	3.0
805.2851649046326	0.1010635000000093	epochs	3.0
805.3862284046326	0.19533400000000256	epochs	2.0
805.3862284046326	0.09876510000003691	epochs	3.0
805.4849935046326	0.09656889999996565	epochs	3.0
805.5815624046326	0.18692529999998442	epochs	2.0
805.5815624046326	0.09446830000001682	epochs	3.0
805.6760307046326	0.09245699999996759	epochs	3.0
805.7684877046325	0.17921069999999872	epochs	2.0
805.7684877046325	0.09052959999996801	epochs	3.0
805.8590173046325	0.08868110000003071	epochs	3.0
805.9476984046325	0.17210769999996955	epochs	2.0
805.9476984046325	0.08690630000000965	epochs	3.0
806.0346047046326	0.0852013999999599	epochs	3.0
806.1198061046325	0.16554640000003928	epochs	2.0
806.1198061046325	0.08356190000006336	epochs	3.0
806.2033680046326	0.08198449999997592	epochs	3.0
806.2853525046326	0.15946710000002895	epochs	2.0
806.2853525046326	0.08046539999998004	epochs	3.0
806.3658179046325	0.07900170000004891	epochs	3.0
806.4448196046326	0.15381839999997737	epochs	2.0
806.4448196046326	0.07759009999995214	epochs	3.0
806.5224097046325	0.07622830000002523	epochs	3.0
806.5986380046326	0.14855639999996129	epochs	2.0
806.5986380046326	0.07491330000004837	epochs	3.0
806.6735513046326	0.07364309999991292	epochs	3.0
806.7471944046325	0.14364240000008976	epochs	2.0
806.7471944046325	0.07241500000009182	epochs	3.0
806.8196094046326	0.07122739999999794	epochs	3.0
806.8908368046326	0.13904309999998077	epochs	2.0
806.8908368046326	0.07007799999996678	epochs	3.0
806.9609148046326	0.06896510000001399	epochs	3.0
807.0298799046326	0.1347293000000036	epochs	2.0
807.0298799046326	0.0678871000000072	epochs	3.0
807.0977670046326	0.06684219999999641	epochs	3.0
807.1646092046326	0.13067519999992783	epochs	2.0
807.1646092046326	0.06582909999997355	epochs	3.0
807.2304383046326	0.06484609999995428	epochs	3.0
807.2952844046325	0.12685780000003888	epochs	2.0
807.2952844046325	0.06389200000000983	epochs	3.0
807.3591764046325	0.06296580000002905	epochs	3.0
807.4221422046326	0.12325720000001184	epochs	2.0
807.4221422046326	0.06206580000002759	epochs	3.0
807.4842080046326	0.06119139999998424	epochs	3.0
807.5453994046326	0.11985540000000583	epochs	2.0
807.5453994046326	0.060341099999959624	epochs	3.0
807.6057405046325	0.059514300000046205	epochs	3.0
807.6652548046326	0.11663620000001629	epochs	2.0
807.6652548046326	0.05870960000004288	epochs	3.0
807.7239644046326	0.057926599999973405	epochs	3.0
807.7818910046326	0.11358559999996487	epochs	2.0
807.7818910046326	0.05716419999998834	epochs	3.0
807.8390552046326	0.05642139999997653	epochs	3.0
807.8954766046326	0.11069050000003244	epochs	2.0
807.8954766046326	0.055697900000041045	epochs	3.0
807.9511745046326	0.0549925999999914	epochs	3.0
808.0061671046326	0.10793909999995321	epochs	2.0
808.0061671046326	0.05430489999992005	epochs	3.0
808.0604720046325	0.05363420000003316	epochs	3.0
808.1141062046325	0.10532150000005913	epochs	2.0
808.1141062046325	0.05298000000004777	epochs	3.0
808.1670862046326	0.052341500000011365	epochs	3.0
808.2194277046326	0.10282759999995505	epochs	2.0
808.2194277046326	0.05171810000001642	epochs	3.0
808.2711458046326	0.051109499999938635	epochs	3.0
808.3222553046326	0.10044909999999163	epochs	2.0
808.3222553046326	0.050514900000052876	epochs	3.0
808.3727702046326	0.049934199999938755	epochs	3.0
808.4227044046326	0.0981782999999723	epochs	2.0
808.4227044046326	0.04936659999998483	epochs	3.0
808.4720710046325	0.04881169999998747	epochs	3.0
808.5208827046325	0.09600780000005216	epochs	2.0
808.5208827046325	0.04826920000004975	epochs	3.0
808.5691519046326	0.04773860000000241	epochs	3.0
808.6168905046326	0.09393120000004274	epochs	2.0
808.6168905046326	0.04721949999998287	epochs	3.0
808.6641100046326	0.046711700000059864	epochs	3.0
808.7108217046326	0.09194259999992482	epochs	2.0
808.7108217046326	0.046214599999984785	epochs	3.0
808.7570363046326	0.04572799999994004	epochs	3.0
808.8027643046325	0.09003630000006524	epochs	2.0
808.8027643046325	0.04525150000006306	epochs	3.0
808.8480158046326	0.04478480000000218	epochs	3.0
808.8928006046326	0.08820759999991878	epochs	2.0
808.8928006046326	0.04432779999990544	epochs	3.0
808.9371284046325	0.04387980000001335	epochs	3.0
808.9810082046325	0.0864516999999978	epochs	2.0
808.9810082046325	0.04344100000002982	epochs	3.0
809.0244492046326	0.04301069999996798	epochs	3.0
809.0674599046325	0.0847643000000744	epochs	2.0
809.0674599046325	0.04258900000002086	epochs	3.0
809.1100489046325	0.04217530000005354	epochs	3.0
809.1522242046326	0.08314150000001064	epochs	2.0
809.1522242046326	0.041769699999917975	epochs	3.0
809.1939939046325	0.04137180000009266	epochs	3.0
809.2353657046326	0.08157969999990655	epochs	2.0
809.2353657046326	0.040981399999964196	epochs	3.0
809.2763471046326	0.040598299999942355	epochs	3.0
809.3169454046325	0.08007550000002084	epochs	2.0
809.3169454046325	0.040222300000095856	epochs	3.0
809.3571677046326	0.03985319999992498	epochs	3.0
809.3970209046325	0.07862569999997504	epochs	2.0
809.3970209046325	0.039490800000066884	epochs	3.0
809.4365117046326	0.03913489999990816	epochs	3.0
809.4756466046325	0.07722760000001472	epochs	2.0
809.4756466046325	0.038785400000051595	epochs	3.0
809.5144320046326	0.03844219999996312	epochs	3.0
809.5528742046325	0.07587820000003376	epochs	2.0
809.5528742046325	0.038104800000041905	epochs	3.0
809.5909790046326	0.03777339999999185	epochs	3.0
809.6287524046326	0.0745752000000266	epochs	2.0
809.6287524046326	0.03744770000002973	epochs	3.0
809.6662001046326	0.03712749999999687	epochs	3.0
809.7033276046326	0.07331629999998768	epochs	2.0
809.7033276046326	0.036812899999972615	epochs	3.0
809.7401405046326	0.03650340000001506	epochs	3.0
809.7766439046326	0.07209899999998015	epochs	2.0
809.7766439046326	0.03619909999997617	epochs	3.0
809.8128430046326	0.03589990000000398	epochs	3.0
809.8487429046326	0.07092169999998532	epochs	2.0
809.8487429046326	0.03560560000005353	epochs	3.0
809.8843485046326	0.035316099999931794	epochs	3.0
809.9196646046325	0.06978200000003199	epochs	2.0
809.9196646046325	0.03503120000004856	epochs	3.0
809.9546958046326	0.03475079999998343	epochs	3.0
809.9894466046326	0.06867859999999837	epochs	2.0
809.9894466046326	0.03447510000000875	epochs	3.0
810.0239217046326	0.03420349999998962	epochs	3.0
810.0581252046326	0.06760929999995824	epochs	2.0
810.0581252046326	0.033936199999970995	epochs	3.0
810.0920614046325	0.033673099999987244	epochs	3.0
810.1257345046325	0.06657289999998284	epochs	2.0
810.1257345046325	0.03341399999999339	epochs	3.0
810.1591485046325	0.033158899999989444	epochs	3.0
810.1923074046325	0.06556780000005347	epochs	2.0
810.1923074046325	0.032907700000009754	epochs	3.0
810.2252151046325	0.03266010000004371	epochs	3.0
810.2578752046326	0.06459259999996902	epochs	2.0
810.2578752046326	0.032416399999988244	epochs	3.0
810.2902916046326	0.03217619999998078	epochs	3.0
810.3224678046325	0.06364600000006249	epochs	2.0
810.3224678046325	0.03193959999998697	epochs	3.0
810.3544074046325	0.03170640000007552	epochs	3.0
810.3861138046326	0.0627266999999847	epochs	2.0
810.3861138046326	0.03147660000001906	epochs	3.0
810.4175904046326	0.03125009999996564	epochs	3.0
810.4488405046326	0.06183359999999993	epochs	2.0
810.4488405046326	0.031026900000028945	epochs	3.0
810.4798674046326	0.030806699999970988	epochs	3.0
810.5106741046326	0.06096560000003137	epochs	2.0
810.5106741046326	0.030589800000029754	epochs	3.0
810.5412639046326	0.030375800000001618	epochs	3.0
810.5716397046326	0.06012160000000222	epochs	2.0
810.5716397046326	0.03016489999993155	epochs	3.0
810.6018046046325	0.02995670000007067	epochs	3.0
810.6317613046326	0.05930069999999432	epochs	2.0
810.6317613046326	0.02975159999994048	epochs	3.0
810.6615129046326	0.02954910000005384	epochs	3.0
810.6910620046326	0.05850179999993088	epochs	2.0
810.6910620046326	0.02934940000000097	epochs	3.0
810.7204114046326	0.029152399999929912	epochs	3.0
810.7495638046325	0.057724200000052406	epochs	2.0
810.7495638046325	0.028957999999988715	epochs	3.0
810.7785218046325	0.02876620000006369	epochs	3.0
810.8072880046326	0.05696709999995164	epochs	2.0
810.8072880046326	0.028576999999927466	epochs	3.0
810.8358650046325	0.028390100000024177	epochs	3.0
810.8642551046325	0.05622949999997218	epochs	2.0
810.8642551046325	0.028205700000057732	epochs	3.0
810.8924608046326	0.028023799999914445	epochs	3.0
810.9204846046325	0.05551070000001346	epochs	2.0
810.9204846046325	0.02784400000007281	epochs	3.0
810.9483286046326	0.027666699999940647	epochs	3.0
810.9759953046325	0.054810200000019904	epochs	2.0
810.9759953046325	0.02749149999999645	epochs	3.0
811.0034868046325	0.027318700000023455	epochs	3.0
811.0308055046326	0.05412699999999404	epochs	2.0
811.0308055046326	0.027147799999966082	epochs	3.0
811.0579533046325	0.02697920000002796	epochs	3.0
811.0849325046325	0.0534607000000733	epochs	2.0
811.0849325046325	0.0268125999999711	epochs	3.0
811.1117451046325	0.026648100000102204	epochs	3.0
811.1383932046326	0.052810699999895405	epochs	2.0
811.1383932046326	0.026485600000000886	epochs	3.0
811.1648788046326	0.02632509999989452	epochs	3.0
811.1912039046325	0.05217620000007628	epochs	2.0
811.1912039046325	0.026166400000079193	epochs	3.0
811.2173703046326	0.026009799999997085	epochs	3.0
811.2433801046326	0.051556699999991906	epochs	2.0
811.2433801046326	0.025854799999933675	epochs	3.0
811.2692349046325	0.02570190000005823	epochs	3.0
811.2949368046326	0.05095189999997274	epochs	2.0
811.2949368046326	0.025550699999939752	epochs	3.0
811.3204875046325	0.025401200000032986	epochs	3.0
811.3458887046326	0.05036099999995258	epochs	2.0
811.3458887046326	0.025253499999962514	epochs	3.0
811.3711422046325	0.02510749999999007	epochs	3.0
811.3962497046325	0.04978380000011384	epochs	2.0
811.3962497046325	0.02496320000000196	epochs	3.0
811.4212129046325	0.02482060000011188	epochs	3.0
811.4460335046326	0.04921949999993558	epochs	2.0
811.4460335046326	0.024679399999968155	epochs	3.0
811.4707129046326	0.024540099999967424	epochs	3.0
811.4952530046326	0.04866790000005494	epochs	2.0
811.4952530046326	0.02440209999997478	epochs	3.0
811.5196551046325	0.024265800000080162	epochs	3.0
811.5439209046326	0.048128599999927246	epochs	2.0
811.5439209046326	0.02413099999989754	epochs	3.0
811.5680519046325	0.023997600000029706	epochs	3.0
811.5920495046325	0.047601100000065344	epochs	2.0
811.5920495046325	0.023865800000066884	epochs	3.0
811.6159153046326	0.02373529999999846	epochs	3.0
811.6396506046326	0.04708499999992455	epochs	2.0
811.6396506046326	0.023606299999983094	epochs	3.0
811.6632569046326	0.023478699999941455	epochs	3.0
811.6867356046325	0.04658000000006268	epochs	2.0
811.6867356046325	0.02335249999998723	epochs	3.0
811.7100881046325	0.02322750000007545	epochs	3.0
811.7333156046326	0.04608569999993506	epochs	2.0
811.7333156046326	0.023103999999989355	epochs	3.0
811.7564196046326	0.022981699999945704	epochs	3.0
811.7794013046325	0.045601799999985815	epochs	2.0
811.7794013046325	0.022860700000023826	epochs	3.0
811.8022620046326	0.02274109999996199	epochs	3.0
811.8250031046325	0.04512790000001132	epochs	2.0
811.8250031046325	0.022622500000011314	epochs	3.0
811.8476256046325	0.02250540000000001	epochs	3.0
811.8701310046325	0.0446638000000803	epochs	2.0
811.8701310046325	0.022389300000099865	epochs	3.0
811.8925203046326	0.022274499999980435	epochs	3.0
811.9147948046326	0.04420919999995476	epochs	2.0
811.9147948046326	0.022160799999937808	epochs	3.0
811.9369556046325	0.022048400000016954	epochs	3.0
811.9590040046326	0.043763600000033875	epochs	2.0
811.9590040046326	0.021936900000014248	epochs	3.0
811.9809409046326	0.021826700000019628	epochs	3.0
812.0027676046326	0.04332709999994222	epochs	2.0
812.0027676046326	0.021717599999988124	epochs	3.0
812.0244852046326	0.021609499999954096	epochs	3.0
812.0460947046325	0.04289900000003399	epochs	2.0
812.0460947046325	0.02150249999999687	epochs	3.0
812.0675972046325	0.021396500000037122	epochs	3.0
812.0889937046326	0.042479500000013104	epochs	2.0
812.0889937046326	0.02129170000000613	epochs	3.0
812.1102854046326	0.021187800000006973	epochs	3.0
812.1314732046326	0.042067900000006375	epochs	2.0
812.1314732046326	0.02108490000000529	epochs	3.0
812.1525581046326	0.020983000000001084	epochs	3.0
812.1735411046326	0.04166439999994509	epochs	2.0
812.1735411046326	0.020882199999959994	epochs	3.0
812.1944233046326	0.020782199999985096	epochs	3.0
812.2152055046325	0.04126850000000104	epochs	2.0
812.2152055046325	0.020683300000087	epochs	3.0
812.2358888046326	0.02058519999991404	epochs	3.0
812.2564740046325	0.04088000000001557	epochs	2.0
812.2564740046325	0.020488100000079612	epochs	3.0
812.2769621046326	0.02039189999993596	epochs	3.0
812.2973540046326	0.04049880000002304	epochs	2.0
812.2973540046326	0.020296600000051512	epochs	3.0
812.3176506046326	0.020202199999971526	epochs	3.0
812.3378528046326	0.04012460000001283	epochs	2.0
812.3378528046326	0.02010870000003706	epochs	3.0
812.3579615046326	0.020015899999975773	epochs	3.0
812.3779774046326	0.03975730000001931	epochs	2.0
812.3779774046326	0.019924199999991288	epochs	3.0
812.3979016046326	0.019833100000028026	epochs	3.0
812.4177347046326	0.03939669999999751	epochs	2.0
812.4177347046326	0.01974299999994855	epochs	3.0
812.4374777046326	0.019653700000048957	epochs	3.0
812.4571314046326	0.03904239999997117	epochs	2.0
812.4571314046326	0.019565099999908853	epochs	3.0
812.4766965046325	0.019477300000062314	epochs	3.0
812.4961738046326	0.03869459999998526	epochs	2.0
812.4961738046326	0.019390400000020236	epochs	3.0
812.5155642046326	0.01930419999996502	epochs	3.0
812.5348684046326	0.03835290000006353	epochs	2.0
812.5348684046326	0.019218799999976	epochs	3.0
812.5540872046325	0.01913410000008753	epochs	3.0
812.5732213046326	0.038017199999899276	epochs	2.0
812.5732213046326	0.01905019999992419	epochs	3.0
812.5922715046325	0.018966999999975087	epochs	3.0
812.6112385046325	0.037687200000050325	epochs	2.0
812.6112385046325	0.01888450000001285	epochs	3.0
812.6301230046325	0.018802700000037476	epochs	3.0
812.6489257046326	0.03736309999999321	epochs	2.0
812.6489257046326	0.018721700000014607	epochs	3.0
812.6676474046326	0.018641399999978603	epochs	3.0
812.6862888046326	0.03704430000004777	epochs	2.0
812.6862888046326	0.01856159999999818	epochs	3.0
812.7048504046326	0.01848270000004959	epochs	3.0
812.7233331046326	0.03673099999991791	epochs	2.0
812.7233331046326	0.018404299999929208	epochs	3.0
812.7417374046325	0.018326699999988705	epochs	3.0
812.7600641046325	0.036422900000047775	epochs	2.0
812.7600641046325	0.018249599999990096	epochs	3.0
812.7783137046325	0.01817330000005768	epochs	3.0
812.7964870046326	0.03612009999994825	epochs	2.0
812.7964870046326	0.0180976000000328	epochs	3.0
812.8145846046326	0.018022499999915453	epochs	3.0
812.8326071046325	0.03582210000001851	epochs	2.0
812.8326071046325	0.017947900000081063	epochs	3.0
812.8505550046326	0.017874199999937446	epochs	3.0
812.8684292046325	0.03552899999999681	epochs	2.0
812.8684292046325	0.017800800000031813	epochs	3.0
812.8862300046326	0.017728199999965	epochs	3.0
812.9039582046325	0.03524070000003121	epochs	2.0
812.9039582046325	0.017656100000067454	epochs	3.0
812.9216143046326	0.017584599999963757	epochs	3.0
812.9391989046326	0.034957100000042374	epochs	2.0
812.9391989046326	0.01751369999999497	epochs	3.0
812.9567126046326	0.017443400000047404	epochs	3.0
812.9741560046326	0.034677899999906	epochs	2.0
812.9741560046326	0.017373599999928047	epochs	3.0
812.9915296046325	0.017304299999977957	epochs	3.0
813.0088339046325	0.03440330000000813	epochs	2.0
813.0088339046325	0.01723570000001473	epochs	3.0
813.0260696046325	0.0171675999999934	epochs	3.0
813.0432372046325	0.0341328000000658	epochs	2.0
813.0432372046325	0.017099900000062007	epochs	3.0
813.0603371046326	0.017032900000003792	epochs	3.0
813.0773700046326	0.033866699999975935	epochs	2.0
813.0773700046326	0.01696640000000116	epochs	3.0
813.0943364046326	0.016900299999974777	epochs	3.0
813.1112367046326	0.03360459999998966	epochs	2.0
813.1112367046326	0.01683479999996962	epochs	3.0
813.1280715046325	0.01676980000002004	epochs	3.0
813.1448413046326	0.033346599999958926	epochs	2.0
813.1448413046326	0.016705300000012357	epochs	3.0
813.1615466046326	0.01664129999994657	epochs	3.0
813.1781879046325	0.03309250000006614	epochs	2.0
813.1781879046325	0.016577800000050047	epochs	3.0
813.1947657046326	0.01651470000001609	epochs	3.0
813.2112804046326	0.03284229999997024	epochs	2.0
813.2112804046326	0.01645220000000336	epochs	3.0
813.2277326046326	0.01639009999996688	epochs	3.0
813.2441227046326	0.03259570000000167	epochs	2.0
813.2441227046326	0.016328400000020338	epochs	3.0
813.2604511046326	0.016267299999981333	epochs	3.0
813.2767184046326	0.032352899999978035	epochs	2.0
813.2767184046326	0.016206600000032267	epochs	3.0
813.2929250046326	0.016146299999945768	epochs	3.0
813.3090713046325	0.032113700000081735	epochs	2.0
813.3090713046325	0.016086599999994178	epochs	3.0
813.3251579046325	0.016027100000087557	epochs	3.0
813.3411850046326	0.03187799999989238	epochs	2.0
813.3411850046326	0.015968199999974786	epochs	3.0
813.3571532046326	0.015909799999917595	epochs	3.0
813.3730630046325	0.031645700000012766	epochs	2.0
813.3730630046325	0.01585160000001906	epochs	3.0
813.3889146046325	0.015794099999993705	epochs	3.0
813.4047087046325	0.0314167000000225	epochs	2.0
813.4047087046325	0.015736700000047676	epochs	3.0
813.4204454046326	0.015679999999974825	epochs	3.0
813.4361254046325	0.031191100000000915	epochs	2.0
813.4361254046325	0.015623600000026272	epochs	3.0
813.4517490046326	0.015567499999974643	epochs	3.0
813.4673165046325	0.030968700000016725	epochs	2.0
813.4673165046325	0.015512000000057924	epochs	3.0
813.4828285046326	0.0154566999999588	epochs	3.0
813.4982852046326	0.030749499999956242	epochs	2.0
813.4982852046326	0.015401999999994587	epochs	3.0
813.5136872046326	0.015347499999961656	epochs	3.0
813.5290347046325	0.03053320000003623	epochs	2.0
813.5290347046325	0.015293400000018664	epochs	3.0
813.5443281046325	0.015239800000017567	epochs	3.0
813.5595679046326	0.03032010000003993	epochs	2.0
813.5595679046326	0.015186500000027081	epochs	3.0
813.5747544046326	0.015133600000012848	epochs	3.0
813.5898880046326	0.030109899999956724	epochs	2.0
813.5898880046326	0.015081000000009226	epochs	3.0
813.6049690046326	0.015028899999947498	epochs	3.0
813.6199979046326	0.02990250000004835	epochs	2.0
813.6199979046326	0.014977000000044427	epochs	3.0
813.6349749046326	0.014925500000003922	epochs	3.0
813.6499004046326	0.029698100000018712	epochs	2.0
813.6499004046326	0.01487439999993967	epochs	3.0
813.6647748046325	0.014823700000079043	epochs	3.0
813.6795985046326	0.029496299999891562	epochs	2.0
813.6795985046326	0.014773199999922326	epochs	3.0
813.6943717046325	0.014723099999969236	epochs	3.0
813.7090948046325	0.02929740000001857	epochs	2.0
813.7090948046325	0.014673400000106085	epochs	3.0
813.7237682046326	0.014623999999912485	epochs	3.0
813.7383922046325	0.029101100000048064	epochs	2.0
813.7383922046325	0.014574900000070556	epochs	3.0
813.7529671046326	0.014526199999977507	epochs	3.0
813.7674933046326	0.028907399999980044	epochs	2.0
813.7674933046326	0.014477700000043114	epochs	3.0
813.7819710046326	0.014429699999936929	epochs	3.0
813.7964007046326	0.028716199999962555	epochs	2.0
813.7964007046326	0.014381800000023759	epochs	3.0
813.8107825046326	0.014334399999938796	epochs	3.0
813.8251169046325	0.028527600000074926	epochs	2.0
813.8251169046325	0.01428720000001249	epochs	3.0
813.8394041046325	0.014240400000062436	epochs	3.0
813.8536445046326	0.028341399999931127	epochs	2.0
813.8536445046326	0.014193799999929979	epochs	3.0
813.8678383046325	0.014147600000001148	epochs	3.0
813.8819859046325	0.028157700000065233	epochs	2.0
813.8819859046325	0.014101700000082928	epochs	3.0
813.8960876046326	0.014055999999982305	epochs	3.0
813.9101436046326	0.027976299999977527	epochs	2.0
813.9101436046326	0.01401060000000598	epochs	3.0
813.9241542046326	0.013965699999971548	epochs	3.0
813.9381199046326	0.02779720000000907	epochs	2.0
813.9381199046326	0.013920800000050804	epochs	3.0
813.9520407046326	0.013876399999958267	epochs	3.0
813.9659171046326	0.027620399999932488	epochs	2.0
813.9659171046326	0.013832200000024386	epochs	3.0
813.9797493046326	0.013788199999908102	epochs	3.0
813.9935375046325	0.02744590000008884	epochs	2.0
813.9935375046325	0.01374460000010913	epochs	3.0
814.0072821046326	0.01370129999997971	epochs	3.0
814.0209834046326	0.027273499999978412	epochs	2.0
814.0209834046326	0.013658200000008947	epochs	3.0
814.0346416046326	0.013615299999969466	epochs	3.0
814.0482569046326	0.027103399999987232	epochs	2.0
814.0482569046326	0.013572800000019924	epochs	3.0
814.0618297046326	0.013530599999967308	epochs	3.0
814.0753603046326	0.02693520000002536	epochs	2.0
814.0753603046326	0.013488400000028378	epochs	3.0
814.0888487046326	0.013446799999996983	epochs	3.0
814.1022955046326	0.026769199999989723	epochs	2.0
814.1022955046326	0.013405199999965589	epochs	3.0
814.1157007046326	0.013364000000024134	epochs	3.0
814.1290647046326	0.026605199999949036	epochs	2.0
814.1290647046326	0.013322899999934634	epochs	3.0
814.1423876046325	0.013282300000014402	epochs	3.0
814.1556699046325	0.026443200000016986	epochs	2.0
814.1556699046325	0.013241699999980483	epochs	3.0
814.1689116046325	0.013201500000036503	epochs	3.0
814.1821131046325	0.0262831999999662	epochs	2.0
814.1821131046325	0.013161500000023807	epochs	3.0
814.1952746046326	0.013121699999942393	epochs	3.0
814.2083963046325	0.02612500000009277	epochs	2.0
814.2083963046325	0.013082100000019636	epochs	3.0
814.2214784046325	0.013042900000073132	epochs	3.0
814.2345213046326	0.025968899999952555	epochs	2.0
814.2345213046326	0.013003899999944224	epochs	3.0
814.2475252046326	0.012965000000008331	epochs	3.0
814.2604902046326	0.025814500000024054	epochs	2.0
814.2604902046326	0.012926399999969362	epochs	3.0
814.2734166046325	0.012888100000054692	epochs	3.0
814.2863047046326	0.025661899999931848	epochs	2.0
814.2863047046326	0.012849899999991976	epochs	3.0
814.2991546046326	0.012811999999939871	epochs	3.0
814.3119666046325	0.025511200000096323	epochs	2.0
814.3119666046325	0.012774400000012065	epochs	3.0
814.3247410046325	0.012736800000084258	epochs	3.0
814.3374778046326	0.025362299999983406	epochs	2.0
814.3374778046326	0.01269969999998466	epochs	3.0
814.3501775046326	0.012662599999998747	epochs	3.0
814.3628401046326	0.025215000000002874	epochs	2.0
814.3628401046326	0.012625800000023446	epochs	3.0
814.3754659046326	0.012589199999979428	epochs	3.0
814.3880551046326	0.024584799999956886	epochs	2.0
814.4112965046326	0.5	epochs	-1.0
814.4126399046326	0.5173600000000533	epochs	1.0
814.9299999046326	0.4825599999999213	epochs	0.0
815.7529997825623	0.0626399999999876	epochs	0.0
815.7529997825623	0.026321299999949588	epochs	1.0
815.7793210825622	0.009997400000088419	epochs	1.0
815.7893184825623	0.026321299999949588	epochs	1.0
815.8156397825622	2.0	epochs	0.0
817.8156397825622	5.37656000000004	epochs	0.0
817.8156397825622	1.0	epochs	1.0
817.8156563825622	0.5	epochs	-1.0
818.3156563825622	4.87654340000006	epochs	-1.0
818.8156397825622	4.37656000000004	epochs	1.0
818.8156397825622	4.356753900000058	epochs	-1.0
818.8156397825622	1.9745871999999736	epochs	2.0
818.8156397825622	1.0985622000000603	epochs	3.0
819.9142019825623	0.8760249999999132	epochs	3.0
820.7902269825622	1.3524075000000266	epochs	2.0
820.7902269825622	0.7286354999999958	epochs	3.0
821.5188624825622	0.6237720000000309	epochs	3.0
822.1426344825622	1.0297592000000577	epochs	2.0
822.1426344825622	0.5453293000000485	epochs	3.0
822.6879637825623	0.4844299000000092	epochs	3.0
823.1723936825623	0.019806099999982507	epochs	2.0
823.1723936825623	0.019806099999982507	epochs	3.0
823.1921997825623	16.623359999999934	epochs	0.0
824.0380001068115	0.0626399999999876	epochs	0.0
824.0380001068115	0.026321299999949588	epochs	1.0
824.0643214068115	0.009997400000088419	epochs	1.0
824.0743188068116	0.026321299999949588	epochs	1.0
824.1006401068115	2.0	epochs	0.0
826.1006401068115	5.396560000000022	epochs	0.0
826.1006401068115	1.0	epochs	1.0
826.1006567068115	0.5	epochs	-1.0
826.6006567068115	4.896543400000041	epochs	-1.0
827.1006401068115	4.396560000000022	epochs	1.0
827.1006401068115	4.356753900000058	epochs	-1.0
827.1006401068115	1.9745871999999736	epochs	2.0
827.1006401068115	1.0985622000000603	epochs	3.0
828.1992023068116	0.8760249999999132	epochs	3.0
829.0752273068115	1.3524075000000266	epochs	2.0
829.0752273068115	0.7286354999999958	epochs	3.0
829.8038628068115	0.6237720000000309	epochs	3.0
830.4276348068115	1.0297592000000577	epochs	2.0
830.4276348068115	0.5453293000000485	epochs	3.0
830.9729641068116	0.4844299000000092	epochs	3.0
831.4573940068116	0.03980609999996432	epochs	2.0
831.4573940068116	0.03980609999996432	epochs	3.0
831.4972001068115	16.603359999999952	epochs	0.0
832.3229999542236	0.0626399999999876	epochs	0.0
832.3229999542236	0.026321299999949588	epochs	1.0
832.3493212542236	0.009997400000088419	epochs	1.0
832.3593186542237	0.026321299999949588	epochs	1.0
832.3856399542236	2.0	epochs	0.0
834.3856399542236	0.537119999999959	epochs	0.0
834.3856399542236	0.537119999999959	epochs	1.0
834.3856565542236	0.5	epochs	-1.0
834.8856565542236	0.03710339999997814	epochs	-1.0
834.9227599542236	21.462800000000016	epochs	0.0
836.21399974823	0.0626399999999876	epochs	0.0
836.21399974823	0.026321299999949588	epochs	1.0
836.2403210482299	0.009997400000088419	epochs	1.0
836.25031844823	0.026321299999949588	epochs	1.0
836.27663974823	2.0	epochs	0.0
838.27663974823	0.5575999999999794	epochs	0.0
838.27663974823	0.5575999999999794	epochs	1.0
838.27665634823	0.5	epochs	-1.0
838.77665634823	0.05758339999999862	epochs	-1.0
838.83423974823	21.442319999999995	epochs	0.0
840.0549998283386	0.0626399999999876	epochs	0.0
840.0549998283386	0.026321299999949588	epochs	1.0
840.0813211283386	0.009997400000088419	epochs	1.0
840.0913185283387	0.026321299999949588	epochs	1.0
840.1176398283386	2.0	epochs	0.0
842.1176398283386	0.5375199999999722	epochs	0.0
842.1176398283386	0.5375199999999722	epochs	1.0
842.1176564283386	0.5	epochs	-1.0
842.6176564283386	0.037503399999991416	epochs	-1.0
842.6551598283386	21.462400000000002	epochs	0.0
843.8949999809265	0.0626399999999876	epochs	0.0
843.8949999809265	0.026321299999949588	epochs	1.0
843.9213212809265	0.009997400000088419	epochs	1.0
843.9313186809266	0.026321299999949588	epochs	1.0
843.9576399809265	2.0	epochs	0.0
845.9576399809265	5.376640000000066	epochs	0.0
845.9576399809265	1.0	epochs	1.0
845.9576565809265	0.5	epochs	-1.0
846.4576565809265	4.876623400000085	epochs	-1.0
846.9576399809265	4.376640000000066	epochs	1.0
846.9576399809265	4.356753900000058	epochs	-1.0
846.9576399809265	1.9745871999999736	epochs	2.0
846.9576399809265	1.0985622000000603	epochs	3.0
848.0562021809266	0.8760249999999132	epochs	3.0
848.9322271809265	1.3524075000000266	epochs	2.0
848.9322271809265	0.7286354999999958	epochs	3.0
849.6608626809265	0.6237720000000309	epochs	3.0
850.2846346809265	1.0297592000000577	epochs	2.0
850.2846346809265	0.5453293000000485	epochs	3.0
850.8299639809265	0.4844299000000092	epochs	3.0
851.3143938809266	0.0198861000000079	epochs	2.0
851.3143938809266	0.0198861000000079	epochs	3.0
851.3342799809266	16.62327999999991	epochs	0.0
852.2220001220703	0.0626399999999876	epochs	0.0
852.2220001220703	0.026321299999949588	epochs	1.0
852.2483214220703	0.009997400000088419	epochs	1.0
852.2583188220704	0.026321299999949588	epochs	1.0
852.2846401220703	2.0	epochs	0.0
854.2846401220703	21.517360000000053	epochs	0.0
854.2846401220703	1.0	epochs	1.0
854.2846567220703	0.5	epochs	-1.0
854.7846567220703	19.99768000000006	epochs	-1.0
855.2846401220703	20.0	epochs	1.0
855.2846401220703	4.356753900000058	epochs	-1.0
855.2846401220703	1.9745871999999736	epochs	2.0
855.2846401220703	1.0985622000000603	epochs	3.0
856.3832023220704	0.8760249999999132	epochs	3.0
857.2592273220703	1.3524075000000266	epochs	2.0
857.2592273220703	0.7286354999999958	epochs	3.0
857.9878628220703	0.6237720000000309	epochs	3.0
858.6116348220703	1.0297592000000577	epochs	2.0
858.6116348220703	0.5453293000000485	epochs	3.0
859.1569641220703	0.4844299000000092	epochs	3.0
859.6413940220704	0.8317862000000105	epochs	2.0
859.6413940220704	0.4357762999999295	epochs	3.0
860.0771703220703	0.39600990000008096	epochs	3.0
860.4731802220704	0.6977969999999232	epochs	2.0
860.4731802220704	0.36289819999990414	epochs	3.0
860.8360784220703	0.33489880000001904	epochs	3.0
861.1709772220703	0.601045699999986	epochs	2.0
861.1709772220703	0.3109123000000409	epochs	3.0
861.4818895220703	0.29013339999994514	epochs	3.0
861.7720229220703	0.5278859000000011	epochs	2.0
861.7720229220703	0.2719586000000618	epochs	3.0
862.0439815220703	0.25592729999993935	epochs	3.0
862.2999088220703	0.4706193000000667	epochs	2.0
862.2999088220703	0.241681299999982	epochs	3.0
862.5415901220703	0.22893800000008468	epochs	3.0
862.7705281220703	0.42457039999999324	epochs	2.0
862.7705281220703	0.21747140000002219	epochs	3.0
862.9879995220704	0.20709899999997106	epochs	3.0
863.1950985220703	0.3867354000000205	epochs	2.0
863.1950985220703	0.19767109999997956	epochs	3.0
863.3927696220703	0.18906430000004093	epochs	3.0
863.5818339220704	0.35509529999990264	epochs	2.0
863.5818339220704	0.18117589999997108	epochs	3.0
863.7630098220703	0.17391939999993156	epochs	3.0
863.9369292220703	0.3282431000000088	epochs	2.0
863.9369292220703	0.1672219000000723	epochs	3.0
864.1041511220703	0.16102119999993647	epochs	3.0
864.2651723220703	0.30516800000009425	epochs	2.0
864.2651723220703	0.15526390000002266	epochs	3.0
864.4204362220703	0.1499041000000716	epochs	3.0
864.5703403220704	0.28512530000000424	epochs	2.0
864.5703403220704	0.1449020999999675	epochs	3.0
864.7152424220703	0.14022320000003674	epochs	3.0
864.8554656220704	0.2675537999999733	epochs	2.0
864.8554656220704	0.1358368999999584	epochs	3.0
864.9913025220703	0.1317169000000149	epochs	3.0
865.1230194220703	0.252022899999929	epochs	2.0
865.1230194220703	0.1278393000000051	epochs	3.0
865.2508587220703	0.1241835999999239	epochs	3.0
865.3750423220703	0.23819650000007186	epochs	2.0
865.3750423220703	0.12073110000005727	epochs	3.0
865.4957734220703	0.1174654000000146	epochs	3.0
865.6132388220703	0.2258087999999816	epochs	2.0
865.6132388220703	0.1143718999999237	epochs	3.0
865.7276107220703	0.1114369000000579	epochs	3.0
865.8390476220703	0.2146460000000161	epochs	2.0
865.8390476220703	0.10864889999993466	epochs	3.0
865.9476965220703	0.10599710000008145	epochs	3.0
866.0536936220703	0.20453499999996438	epochs	2.0
866.0536936220703	0.10347149999995509	epochs	3.0
866.1571651220703	0.1010635000000093	epochs	3.0
866.2582286220703	0.19533400000000256	epochs	2.0
866.2582286220703	0.09876510000003691	epochs	3.0
866.3569937220703	0.09656889999996565	epochs	3.0
866.4535626220703	0.18692529999998442	epochs	2.0
866.4535626220703	0.09446830000001682	epochs	3.0
866.5480309220703	0.09245699999996759	epochs	3.0
866.6404879220703	0.17921069999999872	epochs	2.0
866.6404879220703	0.09052959999996801	epochs	3.0
866.7310175220703	0.08868110000003071	epochs	3.0
866.8196986220703	0.17210769999996955	epochs	2.0
866.8196986220703	0.08690630000000965	epochs	3.0
866.9066049220703	0.0852013999999599	epochs	3.0
866.9918063220703	0.16554640000003928	epochs	2.0
866.9918063220703	0.08356190000006336	epochs	3.0
867.0753682220703	0.08198449999997592	epochs	3.0
867.1573527220703	0.15946710000002895	epochs	2.0
867.1573527220703	0.08046539999998004	epochs	3.0
867.2378181220703	0.07900170000004891	epochs	3.0
867.3168198220703	0.15381839999997737	epochs	2.0
867.3168198220703	0.07759009999995214	epochs	3.0
867.3944099220703	0.07622830000002523	epochs	3.0
867.4706382220703	0.14855639999996129	epochs	2.0
867.4706382220703	0.07491330000004837	epochs	3.0
867.5455515220704	0.07364309999991292	epochs	3.0
867.6191946220703	0.14364240000008976	epochs	2.0
867.6191946220703	0.07241500000009182	epochs	3.0
867.6916096220704	0.07122739999999794	epochs	3.0
867.7628370220704	0.13904309999998077	epochs	2.0
867.7628370220704	0.07007799999996678	epochs	3.0
867.8329150220703	0.06896510000001399	epochs	3.0
867.9018801220703	0.1347293000000036	epochs	2.0
867.9018801220703	0.0678871000000072	epochs	3.0
867.9697672220703	0.06684219999999641	epochs	3.0
868.0366094220703	0.13067519999992783	epochs	2.0
868.0366094220703	0.06582909999997355	epochs	3.0
868.1024385220703	0.06484609999995428	epochs	3.0
868.1672846220703	0.12685780000003888	epochs	2.0
868.1672846220703	0.06389200000000983	epochs	3.0
868.2311766220703	0.06296580000002905	epochs	3.0
868.2941424220703	0.12325720000001184	epochs	2.0
868.2941424220703	0.06206580000002759	epochs	3.0
868.3562082220703	0.06119139999998424	epochs	3.0
868.4173996220703	0.11985540000000583	epochs	2.0
868.4173996220703	0.060341099999959624	epochs	3.0
868.4777407220703	0.059514300000046205	epochs	3.0
868.5372550220703	0.11663620000001629	epochs	2.0
868.5372550220703	0.05870960000004288	epochs	3.0
868.5959646220704	0.057926599999973405	epochs	3.0
868.6538912220703	0.11358559999996487	epochs	2.0
868.6538912220703	0.05716419999998834	epochs	3.0
868.7110554220703	0.05642139999997653	epochs	3.0
868.7674768220703	0.11069050000003244	epochs	2.0
868.7674768220703	0.055697900000041045	epochs	3.0
868.8231747220703	0.0549925999999914	epochs	3.0
868.8781673220703	0.10793909999995321	epochs	2.0
868.8781673220703	0.05430489999992005	epochs	3.0
868.9324722220703	0.05363420000003316	epochs	3.0
868.9861064220703	0.10532150000005913	epochs	2.0
868.9861064220703	0.05298000000004777	epochs	3.0
869.0390864220703	0.052341500000011365	epochs	3.0
869.0914279220704	0.10282759999995505	epochs	2.0
869.0914279220704	0.05171810000001642	epochs	3.0
869.1431460220704	0.051109499999938635	epochs	3.0
869.1942555220703	0.10044909999999163	epochs	2.0
869.1942555220703	0.050514900000052876	epochs	3.0
869.2447704220704	0.049934199999938755	epochs	3.0
869.2947046220703	0.0981782999999723	epochs	2.0
869.2947046220703	0.04936659999998483	epochs	3.0
869.3440712220703	0.04881169999998747	epochs	3.0
869.3928829220703	0.09600780000005216	epochs	2.0
869.3928829220703	0.04826920000004975	epochs	3.0
869.4411521220703	0.04773860000000241	epochs	3.0
869.4888907220703	0.09393120000004274	epochs	2.0
869.4888907220703	0.04721949999998287	epochs	3.0
869.5361102220703	0.046711700000059864	epochs	3.0
869.5828219220704	0.09194259999992482	epochs	2.0
869.5828219220704	0.046214599999984785	epochs	3.0
869.6290365220704	0.04572799999994004	epochs	3.0
869.6747645220703	0.09003630000006524	epochs	2.0
869.6747645220703	0.04525150000006306	epochs	3.0
869.7200160220704	0.04478480000000218	epochs	3.0
869.7648008220704	0.08820759999991878	epochs	2.0
869.7648008220704	0.04432779999990544	epochs	3.0
869.8091286220703	0.04387980000001335	epochs	3.0
869.8530084220703	0.0864516999999978	epochs	2.0
869.8530084220703	0.04344100000002982	epochs	3.0
869.8964494220703	0.04301069999996798	epochs	3.0
869.9394601220703	0.0847643000000744	epochs	2.0
869.9394601220703	0.04258900000002086	epochs	3.0
869.9820491220703	0.04217530000005354	epochs	3.0
870.0242244220703	0.08314150000001064	epochs	2.0
870.0242244220703	0.041769699999917975	epochs	3.0
870.0659941220703	0.04137180000009266	epochs	3.0
870.1073659220704	0.08157969999990655	epochs	2.0
870.1073659220704	0.040981399999964196	epochs	3.0
870.1483473220703	0.040598299999942355	epochs	3.0
870.1889456220703	0.08007550000002084	epochs	2.0
870.1889456220703	0.040222300000095856	epochs	3.0
870.2291679220704	0.03985319999992498	epochs	3.0
870.2690211220703	0.07862569999997504	epochs	2.0
870.2690211220703	0.039490800000066884	epochs	3.0
870.3085119220704	0.03913489999990816	epochs	3.0
870.3476468220703	0.07722760000001472	epochs	2.0
870.3476468220703	0.038785400000051595	epochs	3.0
870.3864322220703	0.03844219999996312	epochs	3.0
870.4248744220703	0.07587820000003376	epochs	2.0
870.4248744220703	0.038104800000041905	epochs	3.0
870.4629792220703	0.03777339999999185	epochs	3.0
870.5007526220703	0.0745752000000266	epochs	2.0
870.5007526220703	0.03744770000002973	epochs	3.0
870.5382003220703	0.03712749999999687	epochs	3.0
870.5753278220703	0.07331629999998768	epochs	2.0
870.5753278220703	0.036812899999972615	epochs	3.0
870.6121407220703	0.03650340000001506	epochs	3.0
870.6486441220703	0.07209899999998015	epochs	2.0
870.6486441220703	0.03619909999997617	epochs	3.0
870.6848432220703	0.03589990000000398	epochs	3.0
870.7207431220703	0.07092169999998532	epochs	2.0
870.7207431220703	0.03560560000005353	epochs	3.0
870.7563487220704	0.035316099999931794	epochs	3.0
870.7916648220703	0.06978200000003199	epochs	2.0
870.7916648220703	0.03503120000004856	epochs	3.0
870.8266960220703	0.03475079999998343	epochs	3.0
870.8614468220703	0.06867859999999837	epochs	2.0
870.8614468220703	0.03447510000000875	epochs	3.0
870.8959219220703	0.03420349999998962	epochs	3.0
870.9301254220703	0.06760929999995824	epochs	2.0
870.9301254220703	0.033936199999970995	epochs	3.0
870.9640616220703	0.033673099999987244	epochs	3.0
870.9977347220703	0.06657289999998284	epochs	2.0
870.9977347220703	0.03341399999999339	epochs	3.0
871.0311487220703	0.033158899999989444	epochs	3.0
871.0643076220703	0.06556780000005347	epochs	2.0
871.0643076220703	0.032907700000009754	epochs	3.0
871.0972153220703	0.03266010000004371	epochs	3.0
871.1298754220703	0.06459259999996902	epochs	2.0
871.1298754220703	0.032416399999988244	epochs	3.0
871.1622918220703	0.03217619999998078	epochs	3.0
871.1944680220703	0.06364600000006249	epochs	2.0
871.1944680220703	0.03193959999998697	epochs	3.0
871.2264076220703	0.03170640000007552	epochs	3.0
871.2581140220703	0.0627266999999847	epochs	2.0
871.2581140220703	0.03147660000001906	epochs	3.0
871.2895906220704	0.03125009999996564	epochs	3.0
871.3208407220703	0.06183359999999993	epochs	2.0
871.3208407220703	0.031026900000028945	epochs	3.0
871.3518676220704	0.030806699999970988	epochs	3.0
871.3826743220703	0.06096560000003137	epochs	2.0
871.3826743220703	0.030589800000029754	epochs	3.0
871.4132641220704	0.030375800000001618	epochs	3.0
871.4436399220704	0.06012160000000222	epochs	2.0
871.4436399220704	0.03016489999993155	epochs	3.0
871.4738048220703	0.02995670000007067	epochs	3.0
871.5037615220704	0.05930069999999432	epochs	2.0
871.5037615220704	0.02975159999994048	epochs	3.0
871.5335131220703	0.02954910000005384	epochs	3.0
871.5630622220704	0.05850179999993088	epochs	2.0
871.5630622220704	0.02934940000000097	epochs	3.0
871.5924116220704	0.029152399999929912	epochs	3.0
871.6215640220703	0.057724200000052406	epochs	2.0
871.6215640220703	0.028957999999988715	epochs	3.0
871.6505220220703	0.02876620000006369	epochs	3.0
871.6792882220703	0.05696709999995164	epochs	2.0
871.6792882220703	0.028576999999927466	epochs	3.0
871.7078652220703	0.028390100000024177	epochs	3.0
871.7362553220703	0.05622949999997218	epochs	2.0
871.7362553220703	0.028205700000057732	epochs	3.0
871.7644610220703	0.028023799999914445	epochs	3.0
871.7924848220703	0.05551070000001346	epochs	2.0
871.7924848220703	0.02784400000007281	epochs	3.0
871.8203288220703	0.027666699999940647	epochs	3.0
871.8479955220703	0.054810200000019904	epochs	2.0
871.8479955220703	0.02749149999999645	epochs	3.0
871.8754870220703	0.027318700000023455	epochs	3.0
871.9028057220703	0.05412699999999404	epochs	2.0
871.9028057220703	0.027147799999966082	epochs	3.0
871.9299535220703	0.02697920000002796	epochs	3.0
871.9569327220703	0.0534607000000733	epochs	2.0
871.9569327220703	0.0268125999999711	epochs	3.0
871.9837453220703	0.026648100000102204	epochs	3.0
872.0103934220704	0.052810699999895405	epochs	2.0
872.0103934220704	0.026485600000000886	epochs	3.0
872.0368790220704	0.02632509999989452	epochs	3.0
872.0632041220703	0.05217620000007628	epochs	2.0
872.0632041220703	0.026166400000079193	epochs	3.0
872.0893705220703	0.026009799999997085	epochs	3.0
872.1153803220703	0.051556699999991906	epochs	2.0
872.1153803220703	0.025854799999933675	epochs	3.0
872.1412351220703	0.02570190000005823	epochs	3.0
872.1669370220703	0.05095189999997274	epochs	2.0
872.1669370220703	0.025550699999939752	epochs	3.0
872.1924877220703	0.025401200000032986	epochs	3.0
872.2178889220703	0.05036099999995258	epochs	2.0
872.2178889220703	0.025253499999962514	epochs	3.0
872.2431424220703	0.02510749999999007	epochs	3.0
872.2682499220703	0.04978380000011384	epochs	2.0
872.2682499220703	0.02496320000000196	epochs	3.0
872.2932131220703	0.02482060000011188	epochs	3.0
872.3180337220704	0.04921949999993558	epochs	2.0
872.3180337220704	0.024679399999968155	epochs	3.0
872.3427131220703	0.024540099999967424	epochs	3.0
872.3672532220703	0.04866790000005494	epochs	2.0
872.3672532220703	0.02440209999997478	epochs	3.0
872.3916553220703	0.024265800000080162	epochs	3.0
872.4159211220704	0.048128599999927246	epochs	2.0
872.4159211220704	0.02413099999989754	epochs	3.0
872.4400521220703	0.023997600000029706	epochs	3.0
872.4640497220703	0.047601100000065344	epochs	2.0
872.4640497220703	0.023865800000066884	epochs	3.0
872.4879155220704	0.02373529999999846	epochs	3.0
872.5116508220704	0.04708499999992455	epochs	2.0
872.5116508220704	0.023606299999983094	epochs	3.0
872.5352571220703	0.023478699999941455	epochs	3.0
872.5587358220703	0.04658000000006268	epochs	2.0
872.5587358220703	0.02335249999998723	epochs	3.0
872.5820883220703	0.02322750000007545	epochs	3.0
872.6053158220703	0.04608569999993506	epochs	2.0
872.6053158220703	0.023103999999989355	epochs	3.0
872.6284198220703	0.022981699999945704	epochs	3.0
872.6514015220703	0.045601799999985815	epochs	2.0
872.6514015220703	0.022860700000023826	epochs	3.0
872.6742622220703	0.02274109999996199	epochs	3.0
872.6970033220703	0.04512790000001132	epochs	2.0
872.6970033220703	0.022622500000011314	epochs	3.0
872.7196258220703	0.02250540000000001	epochs	3.0
872.7421312220703	0.0446638000000803	epochs	2.0
872.7421312220703	0.022389300000099865	epochs	3.0
872.7645205220704	0.022274499999980435	epochs	3.0
872.7867950220704	0.04420919999995476	epochs	2.0
872.7867950220704	0.022160799999937808	epochs	3.0
872.8089558220703	0.022048400000016954	epochs	3.0
872.8310042220703	0.043763600000033875	epochs	2.0
872.8310042220703	0.021936900000014248	epochs	3.0
872.8529411220703	0.021826700000019628	epochs	3.0
872.8747678220703	0.04332709999994222	epochs	2.0
872.8747678220703	0.021717599999988124	epochs	3.0
872.8964854220703	0.021609499999954096	epochs	3.0
872.9180949220703	0.04289900000003399	epochs	2.0
872.9180949220703	0.02150249999999687	epochs	3.0
872.9395974220703	0.021396500000037122	epochs	3.0
872.9609939220703	0.042479500000013104	epochs	2.0
872.9609939220703	0.02129170000000613	epochs	3.0
872.9822856220703	0.021187800000006973	epochs	3.0
873.0034734220703	0.042067900000006375	epochs	2.0
873.0034734220703	0.02108490000000529	epochs	3.0
873.0245583220703	0.020983000000001084	epochs	3.0
873.0455413220703	0.04166439999994509	epochs	2.0
873.0455413220703	0.020882199999959994	epochs	3.0
873.0664235220703	0.020782199999985096	epochs	3.0
873.0872057220703	0.04126850000000104	epochs	2.0
873.0872057220703	0.020683300000087	epochs	3.0
873.1078890220704	0.02058519999991404	epochs	3.0
873.1284742220703	0.04088000000001557	epochs	2.0
873.1284742220703	0.020488100000079612	epochs	3.0
873.1489623220704	0.02039189999993596	epochs	3.0
873.1693542220703	0.04049880000002304	epochs	2.0
873.1693542220703	0.020296600000051512	epochs	3.0
873.1896508220703	0.020202199999971526	epochs	3.0
873.2098530220703	0.04012460000001283	epochs	2.0
873.2098530220703	0.02010870000003706	epochs	3.0
873.2299617220704	0.020015899999975773	epochs	3.0
873.2499776220703	0.03975730000001931	epochs	2.0
873.2499776220703	0.019924199999991288	epochs	3.0
873.2699018220703	0.019833100000028026	epochs	3.0
873.2897349220704	0.03939669999999751	epochs	2.0
873.2897349220704	0.01974299999994855	epochs	3.0
873.3094779220703	0.019653700000048957	epochs	3.0
873.3291316220703	0.03904239999997117	epochs	2.0
873.3291316220703	0.019565099999908853	epochs	3.0
873.3486967220703	0.019477300000062314	epochs	3.0
873.3681740220703	0.03869459999998526	epochs	2.0
873.3681740220703	0.019390400000020236	epochs	3.0
873.3875644220703	0.01930419999996502	epochs	3.0
873.4068686220703	0.03835290000006353	epochs	2.0
873.4068686220703	0.019218799999976	epochs	3.0
873.4260874220703	0.01913410000008753	epochs	3.0
873.4452215220704	0.038017199999899276	epochs	2.0
873.4452215220704	0.01905019999992419	epochs	3.0
873.4642717220703	0.018966999999975087	epochs	3.0
873.4832387220703	0.037687200000050325	epochs	2.0
873.4832387220703	0.01888450000001285	epochs	3.0
873.5021232220703	0.018802700000037476	epochs	3.0
873.5209259220703	0.03736309999999321	epochs	2.0
873.5209259220703	0.018721700000014607	epochs	3.0
873.5396476220703	0.018641399999978603	epochs	3.0
873.5582890220703	0.03704430000004777	epochs	2.0
873.5582890220703	0.01856159999999818	epochs	3.0
873.5768506220703	0.01848270000004959	epochs	3.0
873.5953333220704	0.03673099999991791	epochs	2.0
873.5953333220704	0.018404299999929208	epochs	3.0
873.6137376220703	0.018326699999988705	epochs	3.0
873.6320643220703	0.036422900000047775	epochs	2.0
873.6320643220703	0.018249599999990096	epochs	3.0
873.6503139220703	0.01817330000005768	epochs	3.0
873.6684872220703	0.03612009999994825	epochs	2.0
873.6684872220703	0.0180976000000328	epochs	3.0
873.6865848220704	0.018022499999915453	epochs	3.0
873.7046073220703	0.03582210000001851	epochs	2.0
873.7046073220703	0.017947900000081063	epochs	3.0
873.7225552220704	0.017874199999937446	epochs	3.0
873.7404294220703	0.03552899999999681	epochs	2.0
873.7404294220703	0.017800800000031813	epochs	3.0
873.7582302220703	0.017728199999965	epochs	3.0
873.7759584220703	0.03524070000003121	epochs	2.0
873.7759584220703	0.017656100000067454	epochs	3.0
873.7936145220704	0.017584599999963757	epochs	3.0
873.8111991220703	0.034957100000042374	epochs	2.0
873.8111991220703	0.01751369999999497	epochs	3.0
873.8287128220703	0.017443400000047404	epochs	3.0
873.8461562220704	0.034677899999906	epochs	2.0
873.8461562220704	0.017373599999928047	epochs	3.0
873.8635298220703	0.017304299999977957	epochs	3.0
873.8808341220703	0.03440330000000813	epochs	2.0
873.8808341220703	0.01723570000001473	epochs	3.0
873.8980698220703	0.0171675999999934	epochs	3.0
873.9152374220703	0.0341328000000658	epochs	2.0
873.9152374220703	0.017099900000062007	epochs	3.0
873.9323373220703	0.017032900000003792	epochs	3.0
873.9493702220703	0.033866699999975935	epochs	2.0
873.9493702220703	0.01696640000000116	epochs	3.0
873.9663366220703	0.016900299999974777	epochs	3.0
873.9832369220703	0.03360459999998966	epochs	2.0
873.9832369220703	0.01683479999996962	epochs	3.0
874.0000717220703	0.01676980000002004	epochs	3.0
874.0168415220703	0.033346599999958926	epochs	2.0
874.0168415220703	0.016705300000012357	epochs	3.0
874.0335468220703	0.01664129999994657	epochs	3.0
874.0501881220703	0.03309250000006614	epochs	2.0
874.0501881220703	0.016577800000050047	epochs	3.0
874.0667659220703	0.01651470000001609	epochs	3.0
874.0832806220703	0.03284229999997024	epochs	2.0
874.0832806220703	0.01645220000000336	epochs	3.0
874.0997328220703	0.01639009999996688	epochs	3.0
874.1161229220703	0.03259570000000167	epochs	2.0
874.1161229220703	0.016328400000020338	epochs	3.0
874.1324513220703	0.016267299999981333	epochs	3.0
874.1487186220703	0.032352899999978035	epochs	2.0
874.1487186220703	0.016206600000032267	epochs	3.0
874.1649252220703	0.016146299999945768	epochs	3.0
874.1810715220703	0.032113700000081735	epochs	2.0
874.1810715220703	0.016086599999994178	epochs	3.0
874.1971581220703	0.016027100000087557	epochs	3.0
874.2131852220704	0.03187799999989238	epochs	2.0
874.2131852220704	0.015968199999974786	epochs	3.0
874.2291534220703	0.015909799999917595	epochs	3.0
874.2450632220703	0.031645700000012766	epochs	2.0
874.2450632220703	0.01585160000001906	epochs	3.0
874.2609148220703	0.015794099999993705	epochs	3.0
874.2767089220703	0.0314167000000225	epochs	2.0
874.2767089220703	0.015736700000047676	epochs	3.0
874.2924456220703	0.015679999999974825	epochs	3.0
874.3081256220703	0.031191100000000915	epochs	2.0
874.3081256220703	0.015623600000026272	epochs	3.0
874.3237492220703	0.015567499999974643	epochs	3.0
874.3393167220703	0.030968700000016725	epochs	2.0
874.3393167220703	0.015512000000057924	epochs	3.0
874.3548287220704	0.0154566999999588	epochs	3.0
874.3702854220703	0.030749499999956242	epochs	2.0
874.3702854220703	0.015401999999994587	epochs	3.0
874.3856874220703	0.015347499999961656	epochs	3.0
874.4010349220703	0.03053320000003623	epochs	2.0
874.4010349220703	0.015293400000018664	epochs	3.0
874.4163283220703	0.015239800000017567	epochs	3.0
874.4315681220703	0.03032010000003993	epochs	2.0
874.4315681220703	0.015186500000027081	epochs	3.0
874.4467546220703	0.015133600000012848	epochs	3.0
874.4618882220703	0.030109899999956724	epochs	2.0
874.4618882220703	0.015081000000009226	epochs	3.0
874.4769692220704	0.015028899999947498	epochs	3.0
874.4919981220703	0.02990250000004835	epochs	2.0
874.4919981220703	0.014977000000044427	epochs	3.0
874.5069751220703	0.014925500000003922	epochs	3.0
874.5219006220703	0.029698100000018712	epochs	2.0
874.5219006220703	0.01487439999993967	epochs	3.0
874.5367750220703	0.014823700000079043	epochs	3.0
874.5515987220704	0.029496299999891562	epochs	2.0
874.5515987220704	0.014773199999922326	epochs	3.0
874.5663719220703	0.014723099999969236	epochs	3.0
874.5810950220703	0.02929740000001857	epochs	2.0
874.5810950220703	0.014673400000106085	epochs	3.0
874.5957684220704	0.014623999999912485	epochs	3.0
874.6103924220703	0.029101100000048064	epochs	2.0
874.6103924220703	0.014574900000070556	epochs	3.0
874.6249673220703	0.014526199999977507	epochs	3.0
874.6394935220703	0.028907399999980044	epochs	2.0
874.6394935220703	0.014477700000043114	epochs	3.0
874.6539712220704	0.014429699999936929	epochs	3.0
874.6684009220703	0.028716199999962555	epochs	2.0
874.6684009220703	0.014381800000023759	epochs	3.0
874.6827827220703	0.014334399999938796	epochs	3.0
874.6971171220703	0.028527600000074926	epochs	2.0
874.6971171220703	0.01428720000001249	epochs	3.0
874.7114043220703	0.014240400000062436	epochs	3.0
874.7256447220703	0.028341399999931127	epochs	2.0
874.7256447220703	0.014193799999929979	epochs	3.0
874.7398385220703	0.014147600000001148	epochs	3.0
874.7539861220703	0.028157700000065233	epochs	2.0
874.7539861220703	0.014101700000082928	epochs	3.0
874.7680878220704	0.014055999999982305	epochs	3.0
874.7821438220703	0.027976299999977527	epochs	2.0
874.7821438220703	0.01401060000000598	epochs	3.0
874.7961544220703	0.013965699999971548	epochs	3.0
874.8101201220703	0.02779720000000907	epochs	2.0
874.8101201220703	0.013920800000050804	epochs	3.0
874.8240409220704	0.013876399999958267	epochs	3.0
874.8379173220703	0.027620399999932488	epochs	2.0
874.8379173220703	0.013832200000024386	epochs	3.0
874.8517495220703	0.013788199999908102	epochs	3.0
874.8655377220703	0.02744590000008884	epochs	2.0
874.8655377220703	0.01374460000010913	epochs	3.0
874.8792823220704	0.01370129999997971	epochs	3.0
874.8929836220703	0.027273499999978412	epochs	2.0
874.8929836220703	0.013658200000008947	epochs	3.0
874.9066418220704	0.013615299999969466	epochs	3.0
874.9202571220703	0.027103399999987232	epochs	2.0
874.9202571220703	0.013572800000019924	epochs	3.0
874.9338299220703	0.013530599999967308	epochs	3.0
874.9473605220703	0.02693520000002536	epochs	2.0
874.9473605220703	0.013488400000028378	epochs	3.0
874.9608489220703	0.013446799999996983	epochs	3.0
874.9742957220703	0.026769199999989723	epochs	2.0
874.9742957220703	0.013405199999965589	epochs	3.0
874.9877009220703	0.013364000000024134	epochs	3.0
875.0010649220703	0.026605199999949036	epochs	2.0
875.0010649220703	0.013322899999934634	epochs	3.0
875.0143878220703	0.013282300000014402	epochs	3.0
875.0276701220703	0.026443200000016986	epochs	2.0
875.0276701220703	0.013241699999980483	epochs	3.0
875.0409118220703	0.013201500000036503	epochs	3.0
875.0541133220703	0.0262831999999662	epochs	2.0
875.0541133220703	0.013161500000023807	epochs	3.0
875.0672748220703	0.013121699999942393	epochs	3.0
875.0803965220703	0.02612500000009277	epochs	2.0
875.0803965220703	0.013082100000019636	epochs	3.0
875.0934786220703	0.013042900000073132	epochs	3.0
875.1065215220704	0.025968899999952555	epochs	2.0
875.1065215220704	0.013003899999944224	epochs	3.0
875.1195254220703	0.012965000000008331	epochs	3.0
875.1324904220703	0.025814500000024054	epochs	2.0
875.1324904220703	0.012926399999969362	epochs	3.0
875.1454168220703	0.012888100000054692	epochs	3.0
875.1583049220703	0.025661899999931848	epochs	2.0
875.1583049220703	0.012849899999991976	epochs	3.0
875.1711548220703	0.012811999999939871	epochs	3.0
875.1839668220703	0.025511200000096323	epochs	2.0
875.1839668220703	0.012774400000012065	epochs	3.0
875.1967412220703	0.012736800000084258	epochs	3.0
875.2094780220704	0.025362299999983406	epochs	2.0
875.2094780220704	0.01269969999998466	epochs	3.0
875.2221777220703	0.012662599999998747	epochs	3.0
875.2348403220703	0.025215000000002874	epochs	2.0
875.2348403220703	0.012625800000023446	epochs	3.0
875.2474661220704	0.012589199999979428	epochs	3.0
875.2600553220703	0.024584799999956886	epochs	2.0
875.2823367220703	0.5	epochs	-1.0
875.2846401220703	0.5173600000000533	epochs	1.0
875.8020001220704	0.4825599999999213	epochs	0.0
876.7449998855591	0.0626399999999876	epochs	0.0
876.7449998855591	0.026321299999949588	epochs	1.0
876.771321185559	0.009997400000088419	epochs	1.0
876.7813185855591	0.026321299999949588	epochs	1.0
876.8076398855591	2.0	epochs	0.0
878.8076398855591	21.517040000000065	epochs	0.0
878.8076398855591	1.0	epochs	1.0
878.807656485559	0.5	epochs	-1.0
879.307656485559	19.99768000000006	epochs	-1.0
879.8076398855591	20.0	epochs	1.0
879.8076398855591	4.356753900000058	epochs	-1.0
879.8076398855591	1.9745871999999736	epochs	2.0
879.8076398855591	1.0985622000000603	epochs	3.0
880.9062020855591	0.8760249999999132	epochs	3.0
881.782227085559	1.3524075000000266	epochs	2.0
881.782227085559	0.7286354999999958	epochs	3.0
882.510862585559	0.6237720000000309	epochs	3.0
883.1346345855591	1.0297592000000577	epochs	2.0
883.1346345855591	0.5453293000000485	epochs	3.0
883.6799638855591	0.4844299000000092	epochs	3.0
884.1643937855591	0.8317862000000105	epochs	2.0
884.1643937855591	0.4357762999999295	epochs	3.0
884.6001700855591	0.39600990000008096	epochs	3.0
884.9961799855591	0.6977969999999232	epochs	2.0
884.9961799855591	0.36289819999990414	epochs	3.0
885.359078185559	0.33489880000001904	epochs	3.0
885.6939769855591	0.601045699999986	epochs	2.0
885.6939769855591	0.3109123000000409	epochs	3.0
886.0048892855591	0.29013339999994514	epochs	3.0
886.295022685559	0.5278859000000011	epochs	2.0
886.295022685559	0.2719586000000618	epochs	3.0
886.5669812855591	0.25592729999993935	epochs	3.0
886.822908585559	0.4706193000000667	epochs	2.0
886.822908585559	0.241681299999982	epochs	3.0
887.064589885559	0.22893800000008468	epochs	3.0
887.2935278855591	0.42457039999999324	epochs	2.0
887.2935278855591	0.21747140000002219	epochs	3.0
887.5109992855591	0.20709899999997106	epochs	3.0
887.7180982855591	0.3867354000000205	epochs	2.0
887.7180982855591	0.19767109999997956	epochs	3.0
887.9157693855591	0.18906430000004093	epochs	3.0
888.1048336855591	0.35509529999990264	epochs	2.0
888.1048336855591	0.18117589999997108	epochs	3.0
888.2860095855591	0.17391939999993156	epochs	3.0
888.459928985559	0.3282431000000088	epochs	2.0
888.459928985559	0.1672219000000723	epochs	3.0
888.6271508855591	0.16102119999993647	epochs	3.0
888.788172085559	0.30516800000009425	epochs	2.0
888.788172085559	0.15526390000002266	epochs	3.0
888.9434359855591	0.1499041000000716	epochs	3.0
889.0933400855591	0.28512530000000424	epochs	2.0
889.0933400855591	0.1449020999999675	epochs	3.0
889.2382421855591	0.14022320000003674	epochs	3.0
889.3784653855591	0.2675537999999733	epochs	2.0
889.3784653855591	0.1358368999999584	epochs	3.0
889.5143022855591	0.1317169000000149	epochs	3.0
889.6460191855591	0.252022899999929	epochs	2.0
889.6460191855591	0.1278393000000051	epochs	3.0
889.7738584855591	0.1241835999999239	epochs	3.0
889.898042085559	0.23819650000007186	epochs	2.0
889.898042085559	0.12073110000005727	epochs	3.0
890.0187731855591	0.1174654000000146	epochs	3.0
890.1362385855591	0.2258087999999816	epochs	2.0
890.1362385855591	0.1143718999999237	epochs	3.0
890.250610485559	0.1114369000000579	epochs	3.0
890.3620473855591	0.2146460000000161	epochs	2.0
890.3620473855591	0.10864889999993466	epochs	3.0
890.470696285559	0.10599710000008145	epochs	3.0
890.5766933855591	0.20453499999996438	epochs	2.0
890.5766933855591	0.10347149999995509	epochs	3.0
890.6801648855591	0.1010635000000093	epochs	3.0
890.7812283855591	0.19533400000000256	epochs	2.0
890.7812283855591	0.09876510000003691	epochs	3.0
890.8799934855591	0.09656889999996565	epochs	3.0
890.9765623855591	0.18692529999998442	epochs	2.0
890.9765623855591	0.09446830000001682	epochs	3.0
891.0710306855591	0.09245699999996759	epochs	3.0
891.1634876855591	0.17921069999999872	epochs	2.0
891.1634876855591	0.09052959999996801	epochs	3.0
891.254017285559	0.08868110000003071	epochs	3.0
891.3426983855591	0.17210769999996955	epochs	2.0
891.3426983855591	0.08690630000000965	epochs	3.0
891.4296046855591	0.0852013999999599	epochs	3.0
891.514806085559	0.16554640000003928	epochs	2.0
891.514806085559	0.08356190000006336	epochs	3.0
891.5983679855591	0.08198449999997592	epochs	3.0
891.6803524855591	0.15946710000002895	epochs	2.0
891.6803524855591	0.08046539999998004	epochs	3.0
891.760817885559	0.07900170000004891	epochs	3.0
891.8398195855591	0.15381839999997737	epochs	2.0
891.8398195855591	0.07759009999995214	epochs	3.0
891.917409685559	0.07622830000002523	epochs	3.0
891.9936379855591	0.14855639999996129	epochs	2.0
891.9936379855591	0.07491330000004837	epochs	3.0
892.0685512855591	0.07364309999991292	epochs	3.0
892.142194385559	0.14364240000008976	epochs	2.0
892.142194385559	0.07241500000009182	epochs	3.0
892.2146093855591	0.07122739999999794	epochs	3.0
892.2858367855591	0.13904309999998077	epochs	2.0
892.2858367855591	0.07007799999996678	epochs	3.0
892.3559147855591	0.06896510000001399	epochs	3.0
892.4248798855591	0.1347293000000036	epochs	2.0
892.4248798855591	0.0678871000000072	epochs	3.0
892.4927669855591	0.06684219999999641	epochs	3.0
892.5596091855591	0.13067519999992783	epochs	2.0
892.5596091855591	0.06582909999997355	epochs	3.0
892.6254382855591	0.06484609999995428	epochs	3.0
892.690284385559	0.12685780000003888	epochs	2.0
892.690284385559	0.06389200000000983	epochs	3.0
892.754176385559	0.06296580000002905	epochs	3.0
892.8171421855591	0.12325720000001184	epochs	2.0
892.8171421855591	0.06206580000002759	epochs	3.0
892.8792079855591	0.06119139999998424	epochs	3.0
892.9403993855591	0.11985540000000583	epochs	2.0
892.9403993855591	0.060341099999959624	epochs	3.0
893.000740485559	0.059514300000046205	epochs	3.0
893.0602547855591	0.11663620000001629	epochs	2.0
893.0602547855591	0.05870960000004288	epochs	3.0
893.1189643855591	0.057926599999973405	epochs	3.0
893.1768909855591	0.11358559999996487	epochs	2.0
893.1768909855591	0.05716419999998834	epochs	3.0
893.2340551855591	0.05642139999997653	epochs	3.0
893.2904765855591	0.11069050000003244	epochs	2.0
893.2904765855591	0.055697900000041045	epochs	3.0
893.3461744855591	0.0549925999999914	epochs	3.0
893.4011670855591	0.10793909999995321	epochs	2.0
893.4011670855591	0.05430489999992005	epochs	3.0
893.455471985559	0.05363420000003316	epochs	3.0
893.5091061855591	0.10532150000005913	epochs	2.0
893.5091061855591	0.05298000000004777	epochs	3.0
893.5620861855591	0.052341500000011365	epochs	3.0
893.6144276855591	0.10282759999995505	epochs	2.0
893.6144276855591	0.05171810000001642	epochs	3.0
893.6661457855591	0.051109499999938635	epochs	3.0
893.7172552855591	0.10044909999999163	epochs	2.0
893.7172552855591	0.050514900000052876	epochs	3.0
893.7677701855591	0.049934199999938755	epochs	3.0
893.8177043855591	0.0981782999999723	epochs	2.0
893.8177043855591	0.04936659999998483	epochs	3.0
893.867070985559	0.04881169999998747	epochs	3.0
893.915882685559	0.09600780000005216	epochs	2.0
893.915882685559	0.04826920000004975	epochs	3.0
893.9641518855591	0.04773860000000241	epochs	3.0
894.0118904855591	0.09393120000004274	epochs	2.0
894.0118904855591	0.04721949999998287	epochs	3.0
894.0591099855591	0.046711700000059864	epochs	3.0
894.1058216855591	0.09194259999992482	epochs	2.0
894.1058216855591	0.046214599999984785	epochs	3.0
894.1520362855591	0.04572799999994004	epochs	3.0
894.1977642855591	0.09003630000006524	epochs	2.0
894.1977642855591	0.04525150000006306	epochs	3.0
894.2430157855591	0.04478480000000218	epochs	3.0
894.2878005855591	0.08820759999991878	epochs	2.0
894.2878005855591	0.04432779999990544	epochs	3.0
894.332128385559	0.04387980000001335	epochs	3.0
894.376008185559	0.0864516999999978	epochs	2.0
894.376008185559	0.04344100000002982	epochs	3.0
894.4194491855591	0.04301069999996798	epochs	3.0
894.462459885559	0.0847643000000744	epochs	2.0
894.462459885559	0.04258900000002086	epochs	3.0
894.5050488855591	0.04217530000005354	epochs	3.0
894.5472241855591	0.08314150000001064	epochs	2.0
894.5472241855591	0.041769699999917975	epochs	3.0
894.588993885559	0.04137180000009266	epochs	3.0
894.6303656855591	0.08157969999990655	epochs	2.0
894.6303656855591	0.040981399999964196	epochs	3.0
894.6713470855591	0.040598299999942355	epochs	3.0
894.711945385559	0.08007550000002084	epochs	2.0
894.711945385559	0.040222300000095856	epochs	3.0
894.7521676855591	0.03985319999992498	epochs	3.0
894.792020885559	0.07862569999997504	epochs	2.0
894.792020885559	0.039490800000066884	epochs	3.0
894.8315116855591	0.03913489999990816	epochs	3.0
894.870646585559	0.07722760000001472	epochs	2.0
894.870646585559	0.038785400000051595	epochs	3.0
894.9094319855591	0.03844219999996312	epochs	3.0
894.947874185559	0.07587820000003376	epochs	2.0
894.947874185559	0.038104800000041905	epochs	3.0
894.9859789855591	0.03777339999999185	epochs	3.0
895.0237523855591	0.0745752000000266	epochs	2.0
895.0237523855591	0.03744770000002973	epochs	3.0
895.0612000855591	0.03712749999999687	epochs	3.0
895.0983275855591	0.07331629999998768	epochs	2.0
895.0983275855591	0.036812899999972615	epochs	3.0
895.1351404855591	0.03650340000001506	epochs	3.0
895.1716438855591	0.07209899999998015	epochs	2.0
895.1716438855591	0.03619909999997617	epochs	3.0
895.2078429855591	0.03589990000000398	epochs	3.0
895.2437428855591	0.07092169999998532	epochs	2.0
895.2437428855591	0.03560560000005353	epochs	3.0
895.2793484855591	0.035316099999931794	epochs	3.0
895.3146645855591	0.06978200000003199	epochs	2.0
895.3146645855591	0.03503120000004856	epochs	3.0
895.3496957855591	0.03475079999998343	epochs	3.0
895.3844465855591	0.06867859999999837	epochs	2.0
895.3844465855591	0.03447510000000875	epochs	3.0
895.4189216855591	0.03420349999998962	epochs	3.0
895.4531251855591	0.06760929999995824	epochs	2.0
895.4531251855591	0.033936199999970995	epochs	3.0
895.4870613855591	0.033673099999987244	epochs	3.0
895.520734485559	0.06657289999998284	epochs	2.0
895.520734485559	0.03341399999999339	epochs	3.0
895.554148485559	0.033158899999989444	epochs	3.0
895.587307385559	0.06556780000005347	epochs	2.0
895.587307385559	0.032907700000009754	epochs	3.0
895.620215085559	0.03266010000004371	epochs	3.0
895.6528751855591	0.06459259999996902	epochs	2.0
895.6528751855591	0.032416399999988244	epochs	3.0
895.6852915855591	0.03217619999998078	epochs	3.0
895.717467785559	0.06364600000006249	epochs	2.0
895.717467785559	0.03193959999998697	epochs	3.0
895.749407385559	0.03170640000007552	epochs	3.0
895.7811137855591	0.0627266999999847	epochs	2.0
895.7811137855591	0.03147660000001906	epochs	3.0
895.8125903855591	0.03125009999996564	epochs	3.0
895.8438404855591	0.06183359999999993	epochs	2.0
895.8438404855591	0.031026900000028945	epochs	3.0
895.8748673855591	0.030806699999970988	epochs	3.0
895.9056740855591	0.06096560000003137	epochs	2.0
895.9056740855591	0.030589800000029754	epochs	3.0
895.9362638855591	0.030375800000001618	epochs	3.0
895.9666396855591	0.06012160000000222	epochs	2.0
895.9666396855591	0.03016489999993155	epochs	3.0
895.9968045855591	0.02995670000007067	epochs	3.0
896.0267612855591	0.05930069999999432	epochs	2.0
896.0267612855591	0.02975159999994048	epochs	3.0
896.0565128855591	0.02954910000005384	epochs	3.0
896.0860619855591	0.05850179999993088	epochs	2.0
896.0860619855591	0.02934940000000097	epochs	3.0
896.1154113855591	0.029152399999929912	epochs	3.0
896.1445637855591	0.057724200000052406	epochs	2.0
896.1445637855591	0.028957999999988715	epochs	3.0
896.173521785559	0.02876620000006369	epochs	3.0
896.2022879855591	0.05696709999995164	epochs	2.0
896.2022879855591	0.028576999999927466	epochs	3.0
896.230864985559	0.028390100000024177	epochs	3.0
896.2592550855591	0.05622949999997218	epochs	2.0
896.2592550855591	0.028205700000057732	epochs	3.0
896.2874607855591	0.028023799999914445	epochs	3.0
896.315484585559	0.05551070000001346	epochs	2.0
896.315484585559	0.02784400000007281	epochs	3.0
896.3433285855591	0.027666699999940647	epochs	3.0
896.370995285559	0.054810200000019904	epochs	2.0
896.370995285559	0.02749149999999645	epochs	3.0
896.398486785559	0.027318700000023455	epochs	3.0
896.4258054855591	0.05412699999999404	epochs	2.0
896.4258054855591	0.027147799999966082	epochs	3.0
896.452953285559	0.02697920000002796	epochs	3.0
896.4799324855591	0.0534607000000733	epochs	2.0
896.4799324855591	0.0268125999999711	epochs	3.0
896.506745085559	0.026648100000102204	epochs	3.0
896.5333931855591	0.052810699999895405	epochs	2.0
896.5333931855591	0.026485600000000886	epochs	3.0
896.5598787855591	0.02632509999989452	epochs	3.0
896.586203885559	0.05217620000007628	epochs	2.0
896.586203885559	0.026166400000079193	epochs	3.0
896.6123702855591	0.026009799999997085	epochs	3.0
896.6383800855591	0.051556699999991906	epochs	2.0
896.6383800855591	0.025854799999933675	epochs	3.0
896.664234885559	0.02570190000005823	epochs	3.0
896.6899367855591	0.05095189999997274	epochs	2.0
896.6899367855591	0.025550699999939752	epochs	3.0
896.715487485559	0.025401200000032986	epochs	3.0
896.7408886855591	0.05036099999995258	epochs	2.0
896.7408886855591	0.025253499999962514	epochs	3.0
896.766142185559	0.02510749999999007	epochs	3.0
896.791249685559	0.04978380000011384	epochs	2.0
896.791249685559	0.02496320000000196	epochs	3.0
896.816212885559	0.02482060000011188	epochs	3.0
896.8410334855591	0.04921949999993558	epochs	2.0
896.8410334855591	0.024679399999968155	epochs	3.0
896.8657128855591	0.024540099999967424	epochs	3.0
896.8902529855591	0.04866790000005494	epochs	2.0
896.8902529855591	0.02440209999997478	epochs	3.0
896.914655085559	0.024265800000080162	epochs	3.0
896.9389208855591	0.048128599999927246	epochs	2.0
896.9389208855591	0.02413099999989754	epochs	3.0
896.963051885559	0.023997600000029706	epochs	3.0
896.987049485559	0.047601100000065344	epochs	2.0
896.987049485559	0.023865800000066884	epochs	3.0
897.0109152855591	0.02373529999999846	epochs	3.0
897.0346505855591	0.04708499999992455	epochs	2.0
897.0346505855591	0.023606299999983094	epochs	3.0
897.0582568855591	0.023478699999941455	epochs	3.0
897.081735585559	0.04658000000006268	epochs	2.0
897.081735585559	0.02335249999998723	epochs	3.0
897.105088085559	0.02322750000007545	epochs	3.0
897.1283155855591	0.04608569999993506	epochs	2.0
897.1283155855591	0.023103999999989355	epochs	3.0
897.1514195855591	0.022981699999945704	epochs	3.0
897.174401285559	0.045601799999985815	epochs	2.0
897.174401285559	0.022860700000023826	epochs	3.0
897.1972619855591	0.02274109999996199	epochs	3.0
897.220003085559	0.04512790000001132	epochs	2.0
897.220003085559	0.022622500000011314	epochs	3.0
897.242625585559	0.02250540000000001	epochs	3.0
897.265130985559	0.0446638000000803	epochs	2.0
897.265130985559	0.022389300000099865	epochs	3.0
897.2875202855591	0.022274499999980435	epochs	3.0
897.3097947855591	0.04420919999995476	epochs	2.0
897.3097947855591	0.022160799999937808	epochs	3.0
897.3319555855591	0.022048400000016954	epochs	3.0
897.3540039855591	0.043763600000033875	epochs	2.0
897.3540039855591	0.021936900000014248	epochs	3.0
897.3759408855591	0.021826700000019628	epochs	3.0
897.3977675855591	0.04332709999994222	epochs	2.0
897.3977675855591	0.021717599999988124	epochs	3.0
897.4194851855591	0.021609499999954096	epochs	3.0
897.441094685559	0.04289900000003399	epochs	2.0
897.441094685559	0.02150249999999687	epochs	3.0
897.462597185559	0.021396500000037122	epochs	3.0
897.4839936855591	0.042479500000013104	epochs	2.0
897.4839936855591	0.02129170000000613	epochs	3.0
897.5052853855591	0.021187800000006973	epochs	3.0
897.5264731855591	0.042067900000006375	epochs	2.0
897.5264731855591	0.02108490000000529	epochs	3.0
897.5475580855591	0.020983000000001084	epochs	3.0
897.5685410855591	0.04166439999994509	epochs	2.0
897.5685410855591	0.020882199999959994	epochs	3.0
897.5894232855591	0.020782199999985096	epochs	3.0
897.610205485559	0.04126850000000104	epochs	2.0
897.610205485559	0.020683300000087	epochs	3.0
897.6308887855591	0.02058519999991404	epochs	3.0
897.651473985559	0.04088000000001557	epochs	2.0
897.651473985559	0.020488100000079612	epochs	3.0
897.6719620855591	0.02039189999993596	epochs	3.0
897.6923539855591	0.04049880000002304	epochs	2.0
897.6923539855591	0.020296600000051512	epochs	3.0
897.7126505855591	0.020202199999971526	epochs	3.0
897.7328527855591	0.04012460000001283	epochs	2.0
897.7328527855591	0.02010870000003706	epochs	3.0
897.7529614855591	0.020015899999975773	epochs	3.0
897.7729773855591	0.03975730000001931	epochs	2.0
897.7729773855591	0.019924199999991288	epochs	3.0
897.7929015855591	0.019833100000028026	epochs	3.0
897.8127346855591	0.03939669999999751	epochs	2.0
897.8127346855591	0.01974299999994855	epochs	3.0
897.8324776855591	0.019653700000048957	epochs	3.0
897.8521313855591	0.03904239999997117	epochs	2.0
897.8521313855591	0.019565099999908853	epochs	3.0
897.871696485559	0.019477300000062314	epochs	3.0
897.8911737855591	0.03869459999998526	epochs	2.0
897.8911737855591	0.019390400000020236	epochs	3.0
897.9105641855591	0.01930419999996502	epochs	3.0
897.9298683855591	0.03835290000006353	epochs	2.0
897.9298683855591	0.019218799999976	epochs	3.0
897.949087185559	0.01913410000008753	epochs	3.0
897.9682212855591	0.038017199999899276	epochs	2.0
897.9682212855591	0.01905019999992419	epochs	3.0
897.9872714855591	0.018966999999975087	epochs	3.0
898.006238485559	0.037687200000050325	epochs	2.0
898.006238485559	0.01888450000001285	epochs	3.0
898.025122985559	0.018802700000037476	epochs	3.0
898.0439256855591	0.03736309999999321	epochs	2.0
898.0439256855591	0.018721700000014607	epochs	3.0
898.0626473855591	0.018641399999978603	epochs	3.0
898.0812887855591	0.03704430000004777	epochs	2.0
898.0812887855591	0.01856159999999818	epochs	3.0
898.0998503855591	0.01848270000004959	epochs	3.0
898.1183330855591	0.03673099999991791	epochs	2.0
898.1183330855591	0.018404299999929208	epochs	3.0
898.1367373855591	0.018326699999988705	epochs	3.0
898.155064085559	0.036422900000047775	epochs	2.0
898.155064085559	0.018249599999990096	epochs	3.0
898.173313685559	0.01817330000005768	epochs	3.0
898.1914869855591	0.03612009999994825	epochs	2.0
898.1914869855591	0.0180976000000328	epochs	3.0
898.2095845855591	0.018022499999915453	epochs	3.0
898.227607085559	0.03582210000001851	epochs	2.0
898.227607085559	0.017947900000081063	epochs	3.0
898.2455549855591	0.017874199999937446	epochs	3.0
898.2634291855591	0.03552899999999681	epochs	2.0
898.2634291855591	0.017800800000031813	epochs	3.0
898.2812299855591	0.017728199999965	epochs	3.0
898.2989581855591	0.03524070000003121	epochs	2.0
898.2989581855591	0.017656100000067454	epochs	3.0
898.3166142855591	0.017584599999963757	epochs	3.0
898.3341988855591	0.034957100000042374	epochs	2.0
898.3341988855591	0.01751369999999497	epochs	3.0
898.3517125855591	0.017443400000047404	epochs	3.0
898.3691559855591	0.034677899999906	epochs	2.0
898.3691559855591	0.017373599999928047	epochs	3.0
898.3865295855591	0.017304299999977957	epochs	3.0
898.403833885559	0.03440330000000813	epochs	2.0
898.403833885559	0.01723570000001473	epochs	3.0
898.421069585559	0.0171675999999934	epochs	3.0
898.438237185559	0.0341328000000658	epochs	2.0
898.438237185559	0.017099900000062007	epochs	3.0
898.4553370855591	0.017032900000003792	epochs	3.0
898.4723699855591	0.033866699999975935	epochs	2.0
898.4723699855591	0.01696640000000116	epochs	3.0
898.4893363855591	0.016900299999974777	epochs	3.0
898.5062366855591	0.03360459999998966	epochs	2.0
898.5062366855591	0.01683479999996962	epochs	3.0
898.5230714855591	0.01676980000002004	epochs	3.0
898.5398412855591	0.033346599999958926	epochs	2.0
898.5398412855591	0.016705300000012357	epochs	3.0
898.5565465855591	0.01664129999994657	epochs	3.0
898.573187885559	0.03309250000006614	epochs	2.0
898.573187885559	0.016577800000050047	epochs	3.0
898.5897656855591	0.01651470000001609	epochs	3.0
898.6062803855591	0.03284229999997024	epochs	2.0
898.6062803855591	0.01645220000000336	epochs	3.0
898.6227325855591	0.01639009999996688	epochs	3.0
898.6391226855591	0.03259570000000167	epochs	2.0
898.6391226855591	0.016328400000020338	epochs	3.0
898.6554510855591	0.016267299999981333	epochs	3.0
898.6717183855591	0.032352899999978035	epochs	2.0
898.6717183855591	0.016206600000032267	epochs	3.0
898.6879249855591	0.016146299999945768	epochs	3.0
898.704071285559	0.032113700000081735	epochs	2.0
898.704071285559	0.016086599999994178	epochs	3.0
898.720157885559	0.016027100000087557	epochs	3.0
898.7361849855591	0.03187799999989238	epochs	2.0
898.7361849855591	0.015968199999974786	epochs	3.0
898.7521531855591	0.015909799999917595	epochs	3.0
898.768062985559	0.031645700000012766	epochs	2.0
898.768062985559	0.01585160000001906	epochs	3.0
898.783914585559	0.015794099999993705	epochs	3.0
898.799708685559	0.0314167000000225	epochs	2.0
898.799708685559	0.015736700000047676	epochs	3.0
898.8154453855591	0.015679999999974825	epochs	3.0
898.8311253855591	0.031191100000000915	epochs	2.0
898.8311253855591	0.015623600000026272	epochs	3.0
898.8467489855591	0.015567499999974643	epochs	3.0
898.8623164855591	0.030968700000016725	epochs	2.0
898.8623164855591	0.015512000000057924	epochs	3.0
898.8778284855591	0.0154566999999588	epochs	3.0
898.8932851855591	0.030749499999956242	epochs	2.0
898.8932851855591	0.015401999999994587	epochs	3.0
898.9086871855591	0.015347499999961656	epochs	3.0
898.924034685559	0.03053320000003623	epochs	2.0
898.924034685559	0.015293400000018664	epochs	3.0
898.939328085559	0.015239800000017567	epochs	3.0
898.9545678855591	0.03032010000003993	epochs	2.0
898.9545678855591	0.015186500000027081	epochs	3.0
898.9697543855591	0.015133600000012848	epochs	3.0
898.9848879855591	0.030109899999956724	epochs	2.0
898.9848879855591	0.015081000000009226	epochs	3.0
898.9999689855591	0.015028899999947498	epochs	3.0
899.0149978855591	0.02990250000004835	epochs	2.0
899.0149978855591	0.014977000000044427	epochs	3.0
899.0299748855591	0.014925500000003922	epochs	3.0
899.0449003855591	0.029698100000018712	epochs	2.0
899.0449003855591	0.01487439999993967	epochs	3.0
899.0597747855591	0.014823700000079043	epochs	3.0
899.0745984855591	0.029496299999891562	epochs	2.0
899.0745984855591	0.014773199999922326	epochs	3.0
899.0893716855591	0.014723099999969236	epochs	3.0
899.104094785559	0.02929740000001857	epochs	2.0
899.104094785559	0.014673400000106085	epochs	3.0
899.1187681855591	0.014623999999912485	epochs	3.0
899.133392185559	0.029101100000048064	epochs	2.0
899.133392185559	0.014574900000070556	epochs	3.0
899.1479670855591	0.014526199999977507	epochs	3.0
899.1624932855591	0.028907399999980044	epochs	2.0
899.1624932855591	0.014477700000043114	epochs	3.0
899.1769709855591	0.014429699999936929	epochs	3.0
899.1914006855591	0.028716199999962555	epochs	2.0
899.1914006855591	0.014381800000023759	epochs	3.0
899.2057824855591	0.014334399999938796	epochs	3.0
899.220116885559	0.028527600000074926	epochs	2.0
899.220116885559	0.01428720000001249	epochs	3.0
899.234404085559	0.014240400000062436	epochs	3.0
899.2486444855591	0.028341399999931127	epochs	2.0
899.2486444855591	0.014193799999929979	epochs	3.0
899.262838285559	0.014147600000001148	epochs	3.0
899.276985885559	0.028157700000065233	epochs	2.0
899.276985885559	0.014101700000082928	epochs	3.0
899.2910875855591	0.014055999999982305	epochs	3.0
899.3051435855591	0.027976299999977527	epochs	2.0
899.3051435855591	0.01401060000000598	epochs	3.0
899.3191541855591	0.013965699999971548	epochs	3.0
899.3331198855591	0.02779720000000907	epochs	2.0
899.3331198855591	0.013920800000050804	epochs	3.0
899.3470406855591	0.013876399999958267	epochs	3.0
899.3609170855591	0.027620399999932488	epochs	2.0
899.3609170855591	0.013832200000024386	epochs	3.0
899.3747492855591	0.013788199999908102	epochs	3.0
899.388537485559	0.02744590000008884	epochs	2.0
899.388537485559	0.01374460000010913	epochs	3.0
899.4022820855591	0.01370129999997971	epochs	3.0
899.4159833855591	0.027273499999978412	epochs	2.0
899.4159833855591	0.013658200000008947	epochs	3.0
899.4296415855591	0.013615299999969466	epochs	3.0
899.4432568855591	0.027103399999987232	epochs	2.0
899.4432568855591	0.013572800000019924	epochs	3.0
899.4568296855591	0.013530599999967308	epochs	3.0
899.4703602855591	0.02693520000002536	epochs	2.0
899.4703602855591	0.013488400000028378	epochs	3.0
899.4838486855591	0.013446799999996983	epochs	3.0
899.4972954855591	0.026769199999989723	epochs	2.0
899.4972954855591	0.013405199999965589	epochs	3.0
899.5107006855591	0.013364000000024134	epochs	3.0
899.5240646855591	0.026605199999949036	epochs	2.0
899.5240646855591	0.013322899999934634	epochs	3.0
899.537387585559	0.013282300000014402	epochs	3.0
899.550669885559	0.026443200000016986	epochs	2.0
899.550669885559	0.013241699999980483	epochs	3.0
899.563911585559	0.013201500000036503	epochs	3.0
899.5771130855591	0.0262831999999662	epochs	2.0
899.5771130855591	0.013161500000023807	epochs	3.0
899.5902745855591	0.013121699999942393	epochs	3.0
899.603396285559	0.02612500000009277	epochs	2.0
899.603396285559	0.013082100000019636	epochs	3.0
899.616478385559	0.013042900000073132	epochs	3.0
899.6295212855591	0.025968899999952555	epochs	2.0
899.6295212855591	0.013003899999944224	epochs	3.0
899.6425251855591	0.012965000000008331	epochs	3.0
899.6554901855591	0.025814500000024054	epochs	2.0
899.6554901855591	0.012926399999969362	epochs	3.0
899.668416585559	0.012888100000054692	epochs	3.0
899.6813046855591	0.025661899999931848	epochs	2.0
899.6813046855591	0.012849899999991976	epochs	3.0
899.6941545855591	0.012811999999939871	epochs	3.0
899.706966585559	0.025511200000096323	epochs	2.0
899.706966585559	0.012774400000012065	epochs	3.0
899.719740985559	0.012736800000084258	epochs	3.0
899.7324777855591	0.025362299999983406	epochs	2.0
899.7324777855591	0.01269969999998466	epochs	3.0
899.7451774855591	0.012662599999998747	epochs	3.0
899.7578400855591	0.025215000000002874	epochs	2.0
899.7578400855591	0.012625800000023446	epochs	3.0
899.7704658855591	0.012589199999979428	epochs	3.0
899.7830550855591	0.024584799999956886	epochs	2.0
899.8053364855591	0.5	epochs	-1.0
899.8076398855591	0.5170400000000654	epochs	1.0
900.3246798855591	0.48287999999990916	epochs	0.0
901.2789998054504	0.0626399999999876	epochs	0.0
901.2789998054504	0.026321299999949588	epochs	1.0
901.3053211054504	0.009997400000088419	epochs	1.0
901.3153185054505	0.026321299999949588	epochs	1.0
901.3416398054504	2.0	epochs	0.0
903.3416398054504	5.397040000000061	epochs	0.0
903.3416398054504	1.0	epochs	1.0
903.3416564054504	0.5	epochs	-1.0
903.8416564054504	4.89702340000008	epochs	-1.0
904.3416398054504	4.397040000000061	epochs	1.0
904.3416398054504	4.356753900000058	epochs	-1.0
904.3416398054504	1.9745871999999736	epochs	2.0
904.3416398054504	1.0985622000000603	epochs	3.0
905.4402020054505	0.8760249999999132	epochs	3.0
906.3162270054504	1.3524075000000266	epochs	2.0
906.3162270054504	0.7286354999999958	epochs	3.0
907.0448625054504	0.6237720000000309	epochs	3.0
907.6686345054504	1.0297592000000577	epochs	2.0
907.6686345054504	0.5453293000000485	epochs	3.0
908.2139638054505	0.4844299000000092	epochs	3.0
908.6983937054505	0.04028610000000299	epochs	2.0
908.6983937054505	0.04028610000000299	epochs	3.0
908.7386798054505	16.602879999999914	epochs	0.0
926.753999710083	0.0626399999999876	epochs	0.0
926.753999710083	0.026321299999949588	epochs	1.0
926.780321010083	0.009997400000088419	epochs	1.0
926.790318410083	0.026321299999949588	epochs	1.0
926.816639710083	0.2299199999999928	epochs	0.0
926.816639710083	0.05000000000006821	epochs	1.0
926.8666397100831	0.009999999999990905	epochs	1.0
926.876639710083	0.049999999999954525	epochs	1.0
926.926639710083	0.009999999999990905	epochs	1.0
926.936639710083	0.049999999999954525	epochs	1.0
926.986639710083	0.010000000000104592	epochs	1.0
926.9966397100831	0.04991999999992913	epochs	1.0
