onset	duration	nwb_table	treelevel
15.509999752044678	0.09999999999999964	epochs	0.0
15.509999752044678	0.04499999999999993	epochs	1.0
15.554999752044678	0.009999999999999787	epochs	1.0
15.564999752044677	0.04499999999999993	epochs	1.0
15.609999752044677	0.704995000000002	epochs	0.0
15.609999752044677	0.5000000000000018	epochs	-1.0
15.609999752044677	0.5000000000000018	epochs	-1.0
15.609999752044677	0.5000000000000018	epochs	1.0
16.10999975204468	0.05999999999999872	epochs	-1.0
16.10999975204468	0.02499999999999858	epochs	-1.0
16.10999975204468	0.02499999999999858	epochs	1.0
16.134999752044678	0.010000000000001563	epochs	-1.0
16.134999752044678	0.010000000000001563	epochs	1.0
16.14499975204468	0.02499999999999858	epochs	-1.0
16.14499975204468	0.02499999999999858	epochs	1.0
16.169999752044678	0.05999999999999872	epochs	-1.0
16.169999752044678	0.02499999999999858	epochs	-1.0
16.169999752044678	0.02499999999999858	epochs	1.0
16.194999752044676	0.010000000000001563	epochs	-1.0
16.194999752044676	0.010000000000001563	epochs	1.0
16.204999752044678	0.02499999999999858	epochs	-1.0
16.204999752044678	0.02499999999999858	epochs	1.0
16.229999752044677	0.060000000000002274	epochs	-1.0
16.229999752044677	0.02500000000000213	epochs	-1.0
16.229999752044677	0.02500000000000213	epochs	1.0
16.25499975204468	0.00999999999999801	epochs	-1.0
16.25499975204468	0.00999999999999801	epochs	1.0
16.264999752044677	0.02500000000000213	epochs	-1.0
16.264999752044677	0.02500000000000213	epochs	1.0
16.28999975204468	0.024995000000000545	epochs	1.0
159.4889998435974	0.09999999999999432	epochs	0.0
159.4889998435974	0.044999999999987494	epochs	1.0
159.5339998435974	0.010000000000019327	epochs	1.0
159.54399984359742	0.044999999999987494	epochs	1.0
159.5889998435974	0.7049949999999967	epochs	0.0
159.5889998435974	0.5	epochs	-1.0
159.5889998435974	0.5	epochs	1.0
160.0889998435974	0.060000000000002274	epochs	-1.0
160.0889998435974	0.025000000000005684	epochs	-1.0
160.0889998435974	0.025000000000005684	epochs	1.0
160.1139998435974	0.009999999999990905	epochs	-1.0
160.1139998435974	0.009999999999990905	epochs	1.0
160.1239998435974	0.025000000000005684	epochs	-1.0
160.1239998435974	0.025000000000005684	epochs	1.0
160.1489998435974	0.060000000000002274	epochs	-1.0
160.1489998435974	0.025000000000005684	epochs	-1.0
160.1489998435974	0.025000000000005684	epochs	1.0
160.17399984359741	0.009999999999990905	epochs	-1.0
160.17399984359741	0.009999999999990905	epochs	1.0
160.1839998435974	0.025000000000005684	epochs	-1.0
160.1839998435974	0.025000000000005684	epochs	1.0
160.2089998435974	0.060000000000002274	epochs	-1.0
160.2089998435974	0.025000000000005684	epochs	-1.0
160.2089998435974	0.025000000000005684	epochs	1.0
160.23399984359742	0.009999999999990905	epochs	-1.0
160.23399984359742	0.009999999999990905	epochs	1.0
160.2439998435974	0.025000000000005684	epochs	-1.0
160.2439998435974	0.025000000000005684	epochs	1.0
160.2689998435974	0.024994999999989886	epochs	1.0
212.36699962615967	0.09999999999999432	epochs	0.0
212.36699962615967	0.044999999999987494	epochs	1.0
212.41199962615966	0.010000000000019327	epochs	1.0
212.42199962615967	0.044999999999987494	epochs	1.0
212.46699962615966	61.38499500000003	epochs	0.0
212.46699962615966	0.5	epochs	-1.0
212.46699962615966	0.5	epochs	-1.0
212.46699962615966	0.5	epochs	1.0
212.96699962615966	0.060000000000002274	epochs	-1.0
212.96699962615966	0.025000000000005684	epochs	-1.0
212.96699962615966	0.025000000000005684	epochs	1.0
212.99199962615967	0.009999999999990905	epochs	-1.0
212.99199962615967	0.009999999999990905	epochs	1.0
213.00199962615966	0.025000000000005684	epochs	-1.0
213.00199962615966	0.025000000000005684	epochs	1.0
213.02699962615966	0.060000000000002274	epochs	-1.0
213.02699962615966	0.025000000000005684	epochs	-1.0
213.02699962615966	0.025000000000005684	epochs	1.0
213.05199962615967	0.009999999999990905	epochs	-1.0
213.05199962615967	0.009999999999990905	epochs	1.0
213.06199962615966	0.025000000000005684	epochs	-1.0
213.06199962615966	0.025000000000005684	epochs	1.0
213.08699962615967	0.060000000000002274	epochs	-1.0
213.08699962615967	0.025000000000005684	epochs	-1.0
213.08699962615967	0.025000000000005684	epochs	1.0
213.11199962615967	0.009999999999990905	epochs	-1.0
213.11199962615967	0.009999999999990905	epochs	1.0
213.12199962615966	0.025000000000005684	epochs	-1.0
213.12199962615966	0.025000000000005684	epochs	1.0
213.14699962615967	59.99999999999997	epochs	1.0
273.14699962615964	0.5	epochs	-1.0
273.14699962615964	0.5	epochs	-1.0
273.14699962615964	0.5	epochs	1.0
273.64699962615964	0.06000000000005912	epochs	-1.0
273.64699962615964	0.025000000000034106	epochs	-1.0
273.64699962615964	0.025000000000034106	epochs	1.0
273.6719996261597	0.009999999999990905	epochs	-1.0
273.6719996261597	0.009999999999990905	epochs	1.0
273.68199962615967	0.025000000000034106	epochs	-1.0
273.68199962615967	0.025000000000034106	epochs	1.0
273.7069996261597	0.05999999999994543	epochs	-1.0
273.7069996261597	0.024999999999977263	epochs	-1.0
273.7069996261597	0.024999999999977263	epochs	1.0
273.7319996261597	0.009999999999990905	epochs	-1.0
273.7319996261597	0.009999999999990905	epochs	1.0
273.74199962615967	0.024999999999977263	epochs	-1.0
273.74199962615967	0.024999999999977263	epochs	1.0
273.76699962615965	0.060000000000002274	epochs	-1.0
273.76699962615965	0.025000000000034106	epochs	-1.0
273.76699962615965	0.025000000000034106	epochs	1.0
273.7919996261597	0.009999999999990905	epochs	-1.0
273.7919996261597	0.009999999999990905	epochs	1.0
273.80199962615967	0.024999999999977263	epochs	-1.0
273.80199962615967	0.024999999999977263	epochs	1.0
273.82699962615965	0.02499500000004673	epochs	1.0
298.74399995803833	0.10000000000002274	epochs	0.0
298.74399995803833	0.045000000000015916	epochs	1.0
298.78899995803835	0.009999999999990905	epochs	1.0
298.79899995803834	0.045000000000015916	epochs	1.0
298.84399995803835	0.7049949999999967	epochs	0.0
298.84399995803835	0.5	epochs	-1.0
298.84399995803835	0.5	epochs	-1.0
298.84399995803835	0.5	epochs	1.0
299.34399995803835	0.060000000000002274	epochs	-1.0
299.34399995803835	0.024999999999977263	epochs	-1.0
299.34399995803835	0.024999999999977263	epochs	1.0
299.36899995803833	0.009999999999990905	epochs	-1.0
299.36899995803833	0.009999999999990905	epochs	1.0
299.3789999580383	0.025000000000034106	epochs	-1.0
299.3789999580383	0.025000000000034106	epochs	1.0
299.40399995803836	0.060000000000002274	epochs	-1.0
299.40399995803836	0.024999999999977263	epochs	-1.0
299.40399995803836	0.024999999999977263	epochs	1.0
299.42899995803833	0.009999999999990905	epochs	-1.0
299.42899995803833	0.009999999999990905	epochs	1.0
299.4389999580383	0.025000000000034106	epochs	-1.0
299.4389999580383	0.025000000000034106	epochs	1.0
299.46399995803836	0.05999999999994543	epochs	-1.0
299.46399995803836	0.024999999999977263	epochs	-1.0
299.46399995803836	0.024999999999977263	epochs	1.0
299.48899995803833	0.009999999999990905	epochs	-1.0
299.48899995803833	0.009999999999990905	epochs	1.0
299.4989999580383	0.024999999999977263	epochs	-1.0
299.4989999580383	0.024999999999977263	epochs	1.0
299.5239999580383	0.02499500000004673	epochs	1.0
342.6679997444153	0.09140000000002146	epochs	0.0
342.6679997444153	0.04070039999999153	epochs	1.0
342.7087001444153	0.009999199999981556	epochs	1.0
342.71869934441526	0.040700400000048376	epochs	1.0
342.7593997444153	5.999979999999994	epochs	0.0
342.7593997444153	0.5	epochs	1.0
342.7594074444153	0.5	epochs	-1.0
342.7594074444153	0.5	epochs	-1.0
343.2593997444153	5.0	epochs	1.0
348.2593997444153	0.49997999999999365	epochs	1.0
348.2594074444153	0.49997230000002446	epochs	-1.0
352.17199993133545	0.09140000000002146	epochs	0.0
352.17199993133545	0.04070039999999153	epochs	1.0
352.21270033133544	0.009999199999981556	epochs	1.0
352.2226995313354	0.040700400000048376	epochs	1.0
352.26339993133547	2.508759999999995	epochs	0.0
352.26339993133547	0.5	epochs	1.0
352.26340763133544	0.5	epochs	-1.0
352.76339993133547	1.0	epochs	1.0
353.76339993133547	1.0087599999999952	epochs	1.0
354.26340763133544	0.5	epochs	-1.0
354.77215993133547	0.9912199999999984	epochs	0.0
355.0130000114441	0.09140000000002146	epochs	0.0
355.0130000114441	0.04070039999999153	epochs	1.0
355.0537004114441	0.009999199999981556	epochs	1.0
355.06369961144406	0.040700400000048376	epochs	1.0
355.1044000114441	2.508139999999969	epochs	0.0
355.1044000114441	0.5	epochs	1.0
355.1044077114441	0.5	epochs	-1.0
355.6044000114441	1.0	epochs	1.0
356.6044000114441	1.008139999999969	epochs	1.0
357.1044077114441	0.5	epochs	-1.0
357.6125400114441	0.9918400000000247	epochs	0.0
357.8279995918274	0.09140000000002146	epochs	0.0
357.8279995918274	0.04070039999999153	epochs	1.0
357.8686999918274	0.009999199999981556	epochs	1.0
357.87869919182737	0.040700400000048376	epochs	1.0
357.9193995918274	2.5091599999999517	epochs	0.0
357.9193995918274	0.5	epochs	1.0
357.9194072918274	0.5	epochs	-1.0
358.4193995918274	1.0	epochs	1.0
359.4193995918274	1.0091599999999517	epochs	1.0
359.9194072918274	0.5	epochs	-1.0
360.42855959182737	0.990820000000042	epochs	0.0
360.65199995040894	0.09140000000002146	epochs	0.0
360.65199995040894	0.04070039999999153	epochs	1.0
360.6927003504089	0.009999199999981556	epochs	1.0
360.7026995504089	0.040700400000048376	epochs	1.0
360.74339995040896	2.508519999999976	epochs	0.0
360.74339995040896	0.5	epochs	1.0
360.7434076504089	0.5	epochs	-1.0
361.24339995040896	1.0	epochs	1.0
362.24339995040896	1.0085199999999759	epochs	1.0
362.7434076504089	0.5	epochs	-1.0
363.25191995040893	0.9914600000000178	epochs	0.0
363.4889998435974	0.09140000000002146	epochs	0.0
363.4889998435974	0.04070039999999153	epochs	1.0
363.5297002435974	0.009999199999981556	epochs	1.0
363.5396994435974	0.040700400000048376	epochs	1.0
363.58039984359743	2.5092199999999707	epochs	0.0
363.58039984359743	0.5	epochs	1.0
363.5804075435974	0.5	epochs	-1.0
364.08039984359743	1.0	epochs	1.0
365.08039984359743	1.0092199999999707	epochs	1.0
365.5804075435974	0.5	epochs	-1.0
366.0896198435974	0.990760000000023	epochs	0.0
366.34299993515015	0.6499800000000278	epochs	0.0
366.34299993515015	0.05000000000001137	epochs	1.0
366.39299993515016	0.5	epochs	1.0
366.89299993515016	0.09998000000001639	epochs	1.0
367.26799964904785	0.6499800000000278	epochs	0.0
367.26799964904785	0.05000000000001137	epochs	1.0
367.31799964904786	0.5	epochs	1.0
367.81799964904786	0.09998000000001639	epochs	1.0
368.1819996833801	0.6499800000000278	epochs	0.0
368.1819996833801	0.05000000000001137	epochs	1.0
368.23199968338014	0.5	epochs	1.0
368.73199968338014	0.09998000000001639	epochs	1.0
369.08199977874756	0.6499800000000278	epochs	0.0
369.08199977874756	0.05000000000001137	epochs	1.0
369.13199977874757	0.5	epochs	1.0
369.63199977874757	0.09998000000001639	epochs	1.0
370.00099992752075	0.6499800000000278	epochs	0.0
370.00099992752075	0.05000000000001137	epochs	1.0
370.05099992752076	0.5	epochs	1.0
370.55099992752076	0.09998000000001639	epochs	1.0
370.9340000152588	0.09140000000002146	epochs	0.0
370.9340000152588	0.04070039999999153	epochs	1.0
370.9747004152588	0.009999199999981556	epochs	1.0
370.98469961525876	0.040700400000048376	epochs	1.0
371.0254000152588	2.508579999999995	epochs	0.0
371.0254000152588	0.5	epochs	1.0
371.0254077152588	0.5	epochs	-1.0
371.5254000152588	1.0	epochs	1.0
372.5254000152588	1.008579999999995	epochs	1.0
373.0254077152588	0.5	epochs	-1.0
373.5339800152588	2.9913999999999987	epochs	0.0
376.1619997024536	0.09140000000002146	epochs	0.0
376.1619997024536	0.04070039999999153	epochs	1.0
376.2027001024536	0.009999199999981556	epochs	1.0
376.2126993024536	0.040700400000048376	epochs	1.0
376.25339970245363	2.508579999999995	epochs	0.0
376.25339970245363	0.5	epochs	1.0
376.2534074024536	0.5	epochs	-1.0
376.75339970245363	1.0	epochs	1.0
377.75339970245363	1.008579999999995	epochs	1.0
378.2534074024536	0.5	epochs	-1.0
378.76197970245363	2.9913999999999987	epochs	0.0
381.4079999923706	0.09140000000002146	epochs	0.0
381.4079999923706	0.04070039999999153	epochs	1.0
381.4487003923706	0.009999199999981556	epochs	1.0
381.4586995923706	0.040700400000048376	epochs	1.0
381.4993999923706	2.528279999999995	epochs	0.0
381.4993999923706	0.5	epochs	1.0
381.4994076923706	0.5	epochs	-1.0
381.9993999923706	1.0	epochs	1.0
382.9993999923706	1.0282799999999952	epochs	1.0
383.4994076923706	0.5	epochs	-1.0
384.0276799923706	3.9716999999999985	epochs	0.0
384.2949995994568	0.09140000000002146	epochs	0.0
384.2949995994568	0.04070039999999153	epochs	1.0
384.3356999994568	0.009999199999981556	epochs	1.0
384.34569919945676	0.040700400000048376	epochs	1.0
384.3863995994568	2.508519999999976	epochs	0.0
384.3863995994568	0.5	epochs	1.0
384.3864072994568	0.5	epochs	-1.0
384.8863995994568	1.0	epochs	1.0
385.8863995994568	1.0085199999999759	epochs	1.0
386.3864072994568	0.5	epochs	-1.0
386.8949195994568	3.9914600000000178	epochs	0.0
387.1929998397827	0.09140000000002146	epochs	0.0
387.1929998397827	0.04070039999999153	epochs	1.0
387.2337002397827	0.009999199999981556	epochs	1.0
387.2436994397827	0.040700400000048376	epochs	1.0
387.28439983978274	0.5089600000000019	epochs	0.0
387.28439983978274	0.5	epochs	1.0
387.2844075397827	0.5	epochs	-1.0
387.78439983978274	0.008960000000001855	epochs	1.0
387.79335983978274	5.991019999999992	epochs	0.0
403.42199993133545	0.09140000000002146	epochs	0.0
403.42199993133545	0.04070039999999153	epochs	1.0
403.46270033133544	0.009999199999981556	epochs	1.0
403.4726995313354	0.040700400000048376	epochs	1.0
403.51339993133547	2.5081599999999753	epochs	0.0
403.51339993133547	0.5	epochs	1.0
403.51340763133544	0.5	epochs	-1.0
404.01339993133547	1.0	epochs	1.0
405.01339993133547	1.0081599999999753	epochs	1.0
405.51340763133544	0.5	epochs	-1.0
406.02155993133545	3.9918200000000184	epochs	0.0
406.2909998893738	0.09140000000002146	epochs	0.0
406.2909998893738	0.04070039999999153	epochs	1.0
406.33170028937377	0.009999199999981556	epochs	1.0
406.34169948937375	0.040700400000048376	epochs	1.0
406.3823998893738	2.508759999999995	epochs	0.0
406.3823998893738	0.5	epochs	1.0
406.38240758937377	0.5	epochs	-1.0
406.8823998893738	1.0	epochs	1.0
407.8823998893738	1.0087599999999952	epochs	1.0
408.38240758937377	0.5	epochs	-1.0
408.8911598893738	3.9912199999999984	epochs	0.0
409.1549997329712	0.09140000000002146	epochs	0.0
409.1549997329712	0.04070039999999153	epochs	1.0
409.1957001329712	0.009999199999981556	epochs	1.0
409.20569933297116	0.040700400000048376	epochs	1.0
409.2463997329712	2.5089799999999514	epochs	0.0
409.2463997329712	0.5	epochs	1.0
409.2464074329712	0.5	epochs	-1.0
409.7463997329712	1.0	epochs	1.0
410.7463997329712	1.0089799999999514	epochs	1.0
411.2464074329712	0.5	epochs	-1.0
411.75537973297116	3.9910000000000423	epochs	0.0
412.0329999923706	0.09140000000002146	epochs	0.0
412.0329999923706	0.04070039999999153	epochs	1.0
412.0737003923706	0.009999199999981556	epochs	1.0
412.0836995923706	0.040700400000048376	epochs	1.0
412.1243999923706	0.5090999999999894	epochs	0.0
412.1243999923706	0.5	epochs	1.0
412.1244076923706	0.5	epochs	-1.0
412.6243999923706	0.00909999999998945	epochs	1.0
412.6334999923706	5.990880000000004	epochs	0.0
428.26099967956543	0.09140000000002146	epochs	0.0
428.26099967956543	0.04070039999999153	epochs	1.0
428.3017000795654	0.009999199999981556	epochs	1.0
428.3116992795654	0.040700400000048376	epochs	1.0
428.35239967956545	2.5087800000000016	epochs	0.0
428.35239967956545	0.5	epochs	1.0
428.3524073795654	0.5	epochs	-1.0
428.85239967956545	1.0	epochs	1.0
429.85239967956545	1.0087800000000016	epochs	1.0
430.3524073795654	0.5	epochs	-1.0
430.86117967956545	3.991199999999992	epochs	0.0
431.15599966049194	0.15298000000001366	epochs	0.0
431.15599966049194	0.05000000000001137	epochs	1.0
431.20599966049195	0.002999999999985903	epochs	1.0
431.20899966049194	0.09998000000001639	epochs	1.0
431.61499977111816	0.15298000000001366	epochs	0.0
431.61499977111816	0.05000000000001137	epochs	1.0
431.6649997711182	0.002999999999985903	epochs	1.0
431.66799977111816	0.09998000000001639	epochs	1.0
432.0629997253418	0.15298000000001366	epochs	0.0
432.0629997253418	0.05000000000001137	epochs	1.0
432.1129997253418	0.002999999999985903	epochs	1.0
432.1159997253418	0.09998000000001639	epochs	1.0
432.4909996986389	0.15298000000001366	epochs	0.0
432.4909996986389	0.05000000000001137	epochs	1.0
432.5409996986389	0.002999999999985903	epochs	1.0
432.5439996986389	0.09998000000001639	epochs	1.0
432.94999980926514	0.15298000000001366	epochs	0.0
432.94999980926514	0.05000000000001137	epochs	1.0
432.99999980926515	0.002999999999985903	epochs	1.0
433.00299980926513	0.09998000000001639	epochs	1.0
433.378999710083	0.15298000000001366	epochs	0.0
433.378999710083	0.05000000000001137	epochs	1.0
433.428999710083	0.002999999999985903	epochs	1.0
433.431999710083	0.09998000000001639	epochs	1.0
433.8279995918274	0.15298000000001366	epochs	0.0
433.8279995918274	0.05000000000001137	epochs	1.0
433.8779995918274	0.002999999999985903	epochs	1.0
433.8809995918274	0.09998000000001639	epochs	1.0
434.2699999809265	0.15298000000001366	epochs	0.0
434.2699999809265	0.05000000000001137	epochs	1.0
434.3199999809265	0.002999999999985903	epochs	1.0
434.3229999809265	0.09998000000001639	epochs	1.0
434.7239999771118	0.15298000000001366	epochs	0.0
434.7239999771118	0.05000000000001137	epochs	1.0
434.7739999771118	0.002999999999985903	epochs	1.0
434.7769999771118	0.09998000000001639	epochs	1.0
435.15899991989136	0.15298000000001366	epochs	0.0
435.15899991989136	0.05000000000001137	epochs	1.0
435.20899991989137	0.002999999999985903	epochs	1.0
435.21199991989135	0.09998000000001639	epochs	1.0
435.6009998321533	0.15298000000001366	epochs	0.0
435.6009998321533	0.05000000000001137	epochs	1.0
435.65099983215333	0.002999999999985903	epochs	1.0
435.6539998321533	0.09998000000001639	epochs	1.0
436.0429997444153	0.15298000000001366	epochs	0.0
436.0429997444153	0.05000000000001137	epochs	1.0
436.0929997444153	0.002999999999985903	epochs	1.0
436.0959997444153	0.09998000000001639	epochs	1.0
436.48099994659424	0.15298000000001366	epochs	0.0
436.48099994659424	0.05000000000001137	epochs	1.0
436.53099994659425	0.002999999999985903	epochs	1.0
436.53399994659424	0.09998000000001639	epochs	1.0
436.94799995422363	0.15298000000001366	epochs	0.0
436.94799995422363	0.05000000000001137	epochs	1.0
436.99799995422364	0.002999999999985903	epochs	1.0
437.00099995422363	0.09998000000001639	epochs	1.0
437.4329996109009	0.09140000000002146	epochs	0.0
437.4329996109009	0.04070039999999153	epochs	1.0
437.47370001090087	0.009999199999981556	epochs	1.0
437.48369921090085	0.040700400000048376	epochs	1.0
437.5243996109009	1.6029800000000023	epochs	0.0
437.5243996109009	0.5	epochs	1.0
437.52440731090087	0.5	epochs	-1.0
438.0243996109009	0.002999999999985903	epochs	1.0
438.0273996109009	1.0999800000000164	epochs	1.0
438.52740731090086	0.5	epochs	-1.0
439.60799980163574	0.09140000000002146	epochs	0.0
439.60799980163574	0.04070039999999153	epochs	1.0
439.64870020163573	0.009999199999981556	epochs	1.0
439.6586994016357	0.040700400000048376	epochs	1.0
439.69939980163576	1.508199999999988	epochs	0.0
439.69939980163576	0.5	epochs	1.0
439.69940750163573	0.5	epochs	-1.0
440.19939980163576	0.002999999999985903	epochs	1.0
440.20239980163575	1.005200000000002	epochs	1.0
440.7024075016357	0.5	epochs	-1.0
441.20759980163575	0.0947800000000143	epochs	0.0
441.7649998664856	0.09140000000002146	epochs	0.0
441.7649998664856	0.04070039999999153	epochs	1.0
441.8057002664856	0.009999199999981556	epochs	1.0
441.81569946648557	0.040700400000048376	epochs	1.0
441.8563998664856	1.5084999999999695	epochs	0.0
441.8563998664856	0.5	epochs	1.0
441.8564075664856	0.5	epochs	-1.0
442.3563998664856	0.002999999999985903	epochs	1.0
442.3593998664856	1.0054999999999836	epochs	1.0
442.8594075664856	0.5	epochs	-1.0
443.3648998664856	0.09448000000003276	epochs	0.0
443.9159998893738	0.09140000000002146	epochs	0.0
443.9159998893738	0.04070039999999153	epochs	1.0
443.95670028937377	0.009999199999981556	epochs	1.0
443.96669948937375	0.040700400000048376	epochs	1.0
444.0073998893738	1.5088599999999701	epochs	0.0
444.0073998893738	0.5	epochs	1.0
444.00740758937377	0.5	epochs	-1.0
444.5073998893738	0.002999999999985903	epochs	1.0
444.5103998893738	1.0058599999999842	epochs	1.0
445.01040758937376	0.5	epochs	-1.0
445.51625988937377	0.09412000000003218	epochs	0.0
446.1199998855591	0.09140000000002146	epochs	0.0
446.1199998855591	0.04070039999999153	epochs	1.0
446.1607002855591	0.009999199999981556	epochs	1.0
446.17069948555906	0.040700400000048376	epochs	1.0
446.2113998855591	11.408399999999972	epochs	0.0
446.2113998855591	0.5	epochs	1.0
446.2114075855591	0.5	epochs	-1.0
446.7113998855591	10.908399999999972	epochs	1.0
456.6197198855591	1.0000799999999685	epochs	-1.0
456.6197198855591	0.03955999999999449	epochs	-1.0
457.1172075855591	0.5	epochs	-1.0
457.6197998855591	8.091580000000022	epochs	0.0
458.02899980545044	0.09140000000002146	epochs	0.0
458.02899980545044	0.04070039999999153	epochs	1.0
458.06970020545043	0.009999199999981556	epochs	1.0
458.0796994054504	0.040700400000048376	epochs	1.0
458.12039980545046	12.568659999999966	epochs	0.0
458.12039980545046	0.5	epochs	1.0
458.12040750545043	0.5	epochs	-1.0
458.62039980545046	12.068659999999966	epochs	1.0
467.68891980545044	3.0001399999999876	epochs	-1.0
467.68891980545044	0.03955999999999449	epochs	-1.0
468.18640750545046	0.5	epochs	-1.0
468.68640750545046	0.5	epochs	-1.0
469.18640750545046	0.5	epochs	-1.0
469.68640750545046	0.5	epochs	-1.0
470.18640750545046	0.5	epochs	-1.0
470.6890598054504	6.931320000000028	epochs	0.0
471.0719995498657	0.09140000000002146	epochs	0.0
471.0719995498657	0.04070039999999153	epochs	1.0
471.1126999498657	0.009999199999981556	epochs	1.0
471.1226991498657	0.040700400000048376	epochs	1.0
471.16339954986574	11.068699999999978	epochs	0.0
471.16339954986574	0.5	epochs	1.0
471.1634072498657	0.5	epochs	-1.0
471.66339954986574	10.568699999999978	epochs	1.0
481.2320195498657	1.0000800000000254	epochs	-1.0
481.2320195498657	0.03956000000005133	epochs	-1.0
481.7295072498657	0.5	epochs	-1.0
482.2320995498657	8.431280000000015	epochs	0.0
494.99199962615967	0.09136000000000877	epochs	0.0
494.99199962615967	0.040682600000025104	epochs	1.0
495.0326822261597	0.009994799999958559	epochs	1.0
495.04267702615965	0.040682600000025104	epochs	1.0
495.08343962615965	2.0	epochs	0.0
497.08340732615966	0.5	epochs	-1.0
497.08343962615965	5.408479999999997	epochs	0.0
497.08343962615965	1.0	epochs	1.0
497.58340732615966	4.908512299999984	epochs	-1.0
498.08343962615965	4.408479999999997	epochs	1.0
498.08343962615965	4.356753900000001	epochs	-1.0
498.08343962615965	1.9745872000000304	epochs	2.0
498.08343962615965	1.0985622000000035	epochs	3.0
499.18200182615965	0.8760250000000269	epochs	3.0
500.0580268261597	1.3524074999999698	epochs	2.0
500.0580268261597	0.7286354999999958	epochs	3.0
500.78666232615967	0.623771999999974	epochs	3.0
501.41043432615965	1.0297592000000009	epochs	2.0
501.41043432615965	0.5453293000000485	epochs	3.0
501.9557636261597	0.48442989999995234	epochs	3.0
502.44019352615965	0.05172609999999622	epochs	2.0
502.44019352615965	0.05172609999999622	epochs	3.0
502.49191962615964	16.591440000000034	epochs	0.0
502.84299993515015	0.09136000000000877	epochs	0.0
502.84299993515015	0.040682600000025104	epochs	1.0
502.8836825351502	0.009994799999958559	epochs	1.0
502.89367733515013	0.040682600000025104	epochs	1.0
502.9344399351501	2.0	epochs	0.0
504.93440763515014	0.5	epochs	-1.0
504.9344399351501	21.547759999999982	epochs	0.0
504.9344399351501	1.0	epochs	1.0
505.43440763515014	19.999040000000036	epochs	-1.0
505.9344399351501	20.000000000000057	epochs	1.0
505.9344399351501	4.356753900000001	epochs	-1.0
505.9344399351501	1.9745872000000304	epochs	2.0
505.9344399351501	1.0985622000000035	epochs	3.0
507.0330021351501	0.8760250000000269	epochs	3.0
507.90902713515015	1.3524074999999698	epochs	2.0
507.90902713515015	0.7286354999999958	epochs	3.0
508.63766263515015	0.623771999999974	epochs	3.0
509.2614346351501	1.0297592000000009	epochs	2.0
509.2614346351501	0.5453293000000485	epochs	3.0
509.8067639351502	0.48442989999995234	epochs	3.0
510.2911938351501	0.8317862000000105	epochs	2.0
510.2911938351501	0.4357763000000432	epochs	3.0
510.72697013515017	0.3960098999999673	epochs	3.0
511.12298003515014	0.6977970000000369	epochs	2.0
511.12298003515014	0.3628982000000178	epochs	3.0
511.48587823515015	0.33489880000001904	epochs	3.0
511.8207770351502	0.601045699999986	epochs	2.0
511.8207770351502	0.3109122999999272	epochs	3.0
512.1316893351501	0.2901334000000588	epochs	3.0
512.4218227351502	0.5278859000000011	epochs	2.0
512.4218227351502	0.2719585999999481	epochs	3.0
512.6937813351501	0.25592730000005304	epochs	3.0
512.9497086351502	0.470619299999953	epochs	2.0
512.9497086351502	0.241681299999982	epochs	3.0
513.1913899351501	0.228937999999971	epochs	3.0
513.4203279351501	0.42457039999999324	epochs	2.0
513.4203279351501	0.21747140000002219	epochs	3.0
513.6377993351501	0.20709899999997106	epochs	3.0
513.8448983351501	0.3867354000000205	epochs	2.0
513.8448983351501	0.19767110000009325	epochs	3.0
514.0425694351502	0.18906429999992724	epochs	3.0
514.2316337351501	0.3550953000000163	epochs	2.0
514.2316337351501	0.18117589999997108	epochs	3.0
514.4128096351501	0.17391940000004524	epochs	3.0
514.5867290351501	0.3282431000000088	epochs	2.0
514.5867290351501	0.16722189999995862	epochs	3.0
514.7539509351501	0.16102120000005016	epochs	3.0
514.9149721351502	0.30516799999998057	epochs	2.0
514.9149721351502	0.15526390000002266	epochs	3.0
515.0702360351502	0.1499040999999579	epochs	3.0
515.2201401351501	0.28512530000000424	epochs	2.0
515.2201401351501	0.1449020999999675	epochs	3.0
515.3650422351501	0.14022320000003674	epochs	3.0
515.5052654351501	0.2675537999999733	epochs	2.0
515.5052654351501	0.1358368999999584	epochs	3.0
515.6411023351501	0.1317169000000149	epochs	3.0
515.7728192351501	0.2520229000000427	epochs	2.0
515.7728192351501	0.1278393000000051	epochs	3.0
515.9006585351501	0.12418360000003759	epochs	3.0
516.0248421351502	0.23819649999995818	epochs	2.0
516.0248421351502	0.12073109999994358	epochs	3.0
516.1455732351501	0.1174654000000146	epochs	3.0
516.2630386351501	0.2258087999999816	epochs	2.0
516.2630386351501	0.11437190000003739	epochs	3.0
516.3774105351501	0.11143689999994422	epochs	3.0
516.4888474351501	0.2146460000000161	epochs	2.0
516.4888474351501	0.10864890000004834	epochs	3.0
516.5974963351501	0.10599709999996776	epochs	3.0
516.7034934351501	0.20453500000007807	epochs	2.0
516.7034934351501	0.10347150000006877	epochs	3.0
516.8069649351502	0.1010635000000093	epochs	3.0
516.9080284351502	0.19533400000000256	epochs	2.0
516.9080284351502	0.09876509999992322	epochs	3.0
517.0067935351501	0.09656890000007934	epochs	3.0
517.1033624351502	0.18692529999998442	epochs	2.0
517.1033624351502	0.09446829999990314	epochs	3.0
517.1978307351501	0.09245700000008128	epochs	3.0
517.2902877351502	0.17921069999999872	epochs	2.0
517.2902877351502	0.09052959999996801	epochs	3.0
517.3808173351501	0.08868110000003071	epochs	3.0
517.4694984351502	0.17210769999996955	epochs	2.0
517.4694984351502	0.08690630000000965	epochs	3.0
517.5564047351502	0.0852013999999599	epochs	3.0
517.6416061351501	0.16554640000003928	epochs	2.0
517.6416061351501	0.08356189999994967	epochs	3.0
517.7251680351501	0.08198450000008961	epochs	3.0
517.8071525351502	0.15946709999991526	epochs	2.0
517.8071525351502	0.08046539999998004	epochs	3.0
517.8876179351502	0.07900169999993523	epochs	3.0
517.9666196351501	0.15381840000009106	epochs	2.0
517.9666196351501	0.07759010000006583	epochs	3.0
518.0442097351502	0.07622830000002523	epochs	3.0
518.1204380351502	0.14855639999996129	epochs	2.0
518.1204380351502	0.07491329999993468	epochs	3.0
518.1953513351501	0.0736431000000266	epochs	3.0
518.2689944351501	0.14364239999997608	epochs	2.0
518.2689944351501	0.07241499999997814	epochs	3.0
518.3414094351501	0.07122739999999794	epochs	3.0
518.4126368351501	0.13904309999998077	epochs	2.0
518.4126368351501	0.07007799999996678	epochs	3.0
518.4827148351501	0.06896510000001399	epochs	3.0
518.5516799351501	0.1347293000000036	epochs	2.0
518.5516799351501	0.0678871000000072	epochs	3.0
518.6195670351501	0.06684219999999641	epochs	3.0
518.6864092351501	0.1306752000000415	epochs	2.0
518.6864092351501	0.06582910000008724	epochs	3.0
518.7522383351502	0.06484609999995428	epochs	3.0
518.8170844351502	0.12685780000003888	epochs	2.0
518.8170844351502	0.06389200000000983	epochs	3.0
518.8809764351502	0.06296580000002905	epochs	3.0
518.9439422351502	0.12325720000001184	epochs	2.0
518.9439422351502	0.062065799999913907	epochs	3.0
519.0060080351501	0.06119140000009793	epochs	3.0
519.0671994351502	0.11985539999989214	epochs	2.0
519.0671994351502	0.060341099999959624	epochs	3.0
519.1275405351502	0.05951429999993252	epochs	3.0
519.1870548351501	0.11663620000001629	epochs	2.0
519.1870548351501	0.05870960000004288	epochs	3.0
519.2457644351501	0.057926599999973405	epochs	3.0
519.3036910351501	0.11358560000007856	epochs	2.0
519.3036910351501	0.05716419999998834	epochs	3.0
519.3608552351501	0.056421400000090216	epochs	3.0
519.4172766351502	0.11069049999991876	epochs	2.0
519.4172766351502	0.05569789999992736	epochs	3.0
519.4729745351501	0.0549925999999914	epochs	3.0
519.5279671351501	0.1079391000000669	epochs	2.0
519.5279671351501	0.05430490000003374	epochs	3.0
519.5822720351501	0.05363420000003316	epochs	3.0
519.6359062351502	0.10532149999994544	epochs	2.0
519.6359062351502	0.05297999999993408	epochs	3.0
519.6888862351501	0.052341500000011365	epochs	3.0
519.7412277351501	0.10282760000006874	epochs	2.0
519.7412277351501	0.05171810000001642	epochs	3.0
519.7929458351501	0.05110950000005232	epochs	3.0
519.8440553351502	0.10044909999999163	epochs	2.0
519.8440553351502	0.05051489999993919	epochs	3.0
519.8945702351501	0.04993420000005244	epochs	3.0
519.9445044351502	0.0981782999999723	epochs	2.0
519.9445044351502	0.04936659999998483	epochs	3.0
519.9938710351502	0.04881169999998747	epochs	3.0
520.0426827351502	0.09600779999993847	epochs	2.0
520.0426827351502	0.04826920000004975	epochs	3.0
520.0909519351502	0.04773859999988872	epochs	3.0
520.1386905351501	0.09393120000004274	epochs	2.0
520.1386905351501	0.04721950000009656	epochs	3.0
520.1859100351502	0.04671169999994618	epochs	3.0
520.2326217351501	0.09194260000003851	epochs	2.0
520.2326217351501	0.046214599999984785	epochs	3.0
520.2788363351501	0.045728000000053726	epochs	3.0
520.3245643351502	0.09003629999995155	epochs	2.0
520.3245643351502	0.045251499999949374	epochs	3.0
520.3698158351501	0.04478480000000218	epochs	3.0
520.4146006351501	0.08820760000003247	epochs	2.0
520.4146006351501	0.044327800000019124	epochs	3.0
520.4589284351501	0.04387980000001335	epochs	3.0
520.5028082351502	0.0864516999999978	epochs	2.0
520.5028082351502	0.04344100000002982	epochs	3.0
520.5462492351502	0.04301069999996798	epochs	3.0
520.5892599351502	0.08476429999996071	epochs	2.0
520.5892599351502	0.04258900000002086	epochs	3.0
520.6318489351502	0.04217529999993985	epochs	3.0
520.6740242351501	0.08314150000001064	epochs	2.0
520.6740242351501	0.04176970000003166	epochs	3.0
520.7157939351501	0.041371799999978975	epochs	3.0
520.7571657351501	0.08157970000002024	epochs	2.0
520.7571657351501	0.04098140000007788	epochs	3.0
520.7981471351502	0.040598299999942355	epochs	3.0
520.8387454351501	0.08007550000002084	epochs	2.0
520.8387454351501	0.04022229999998217	epochs	3.0
520.8789677351501	0.03985320000003867	epochs	3.0
520.9188209351502	0.07862569999997504	epochs	2.0
520.9188209351502	0.0394907999999532	epochs	3.0
520.9583117351501	0.039134900000021844	epochs	3.0
520.9974466351501	0.07722760000001472	epochs	2.0
520.9974466351501	0.038785400000051595	epochs	3.0
521.0362320351502	0.03844219999996312	epochs	3.0
521.0746742351502	0.07587820000003376	epochs	2.0
521.0746742351502	0.038104800000041905	epochs	3.0
521.1127790351502	0.03777339999999185	epochs	3.0
521.1505524351502	0.07457519999991291	epochs	2.0
521.1505524351502	0.03744769999991604	epochs	3.0
521.1880001351501	0.03712749999999687	epochs	3.0
521.2251276351501	0.07331629999998768	epochs	2.0
521.2251276351501	0.0368129000000863	epochs	3.0
521.2619405351502	0.036503399999901376	epochs	3.0
521.2984439351501	0.07209900000009384	epochs	2.0
521.2984439351501	0.03619910000008986	epochs	3.0
521.3346430351502	0.03589990000000398	epochs	3.0
521.3705429351502	0.07092169999998532	epochs	2.0
521.3705429351502	0.03560559999993984	epochs	3.0
521.4061485351501	0.03531610000004548	epochs	3.0
521.4414646351502	0.06978200000003199	epochs	2.0
521.4414646351502	0.03503119999993487	epochs	3.0
521.4764958351501	0.034750800000097115	epochs	3.0
521.5112466351502	0.06867859999999837	epochs	2.0
521.5112466351502	0.034475099999895065	epochs	3.0
521.5457217351501	0.034203500000103304	epochs	3.0
521.5799252351502	0.06760929999995824	epochs	2.0
521.5799252351502	0.033936199999970995	epochs	3.0
521.6138614351502	0.033673099999987244	epochs	3.0
521.6475345351502	0.06657289999998284	epochs	2.0
521.6475345351502	0.03341399999999339	epochs	3.0
521.6809485351502	0.033158899999989444	epochs	3.0
521.7141074351501	0.06556780000005347	epochs	2.0
521.7141074351501	0.032907700000009754	epochs	3.0
521.7470151351501	0.03266010000004371	epochs	3.0
521.7796752351502	0.06459259999996902	epochs	2.0
521.7796752351502	0.032416399999988244	epochs	3.0
521.8120916351502	0.03217619999998078	epochs	3.0
521.8442678351502	0.0636459999999488	epochs	2.0
521.8442678351502	0.03193959999998697	epochs	3.0
521.8762074351501	0.03170639999996183	epochs	3.0
521.9079138351501	0.0627266999999847	epochs	2.0
521.9079138351501	0.03147660000001906	epochs	3.0
521.9393904351501	0.03125009999996564	epochs	3.0
521.9706405351501	0.06183359999999993	epochs	2.0
521.9706405351501	0.031026900000028945	epochs	3.0
522.0016674351501	0.030806699999970988	epochs	3.0
522.0324741351501	0.06096560000003137	epochs	2.0
522.0324741351501	0.030589800000029754	epochs	3.0
522.0630639351501	0.030375800000001618	epochs	3.0
522.0934397351501	0.06012160000000222	epochs	2.0
522.0934397351501	0.030164900000045236	epochs	3.0
522.1236046351502	0.02995669999995698	epochs	3.0
522.1535613351501	0.05930069999999432	epochs	2.0
522.1535613351501	0.029751600000054168	epochs	3.0
522.1833129351502	0.029549099999940154	epochs	3.0
522.2128620351501	0.05850180000004457	epochs	2.0
522.2128620351501	0.02934940000000097	epochs	3.0
522.2422114351501	0.0291524000000436	epochs	3.0
522.2713638351502	0.05772419999993872	epochs	2.0
522.2713638351502	0.028957999999988715	epochs	3.0
522.3003218351502	0.028766199999950004	epochs	3.0
522.3290880351501	0.05696710000006533	epochs	2.0
522.3290880351501	0.028577000000041153	epochs	3.0
522.3576650351501	0.028390100000024177	epochs	3.0
522.3860551351502	0.05622949999997218	epochs	2.0
522.3860551351502	0.028205699999944045	epochs	3.0
522.4142608351501	0.028023800000028132	epochs	3.0
522.4422846351501	0.05551070000001346	epochs	2.0
522.4422846351501	0.027843999999959124	epochs	3.0
522.4701286351501	0.027666700000054334	epochs	3.0
522.4977953351502	0.054810200000019904	epochs	2.0
522.4977953351502	0.02749149999999645	epochs	3.0
522.5252868351502	0.027318700000023455	epochs	3.0
522.5526055351502	0.05412699999999404	epochs	2.0
522.5526055351502	0.027147799999966082	epochs	3.0
522.5797533351501	0.02697920000002796	epochs	3.0
522.6067325351502	0.053460699999959616	epochs	2.0
522.6067325351502	0.0268125999999711	epochs	3.0
522.6335451351501	0.026648099999988517	epochs	3.0
522.6601932351501	0.05281070000000909	epochs	2.0
522.6601932351501	0.026485600000000886	epochs	3.0
522.6866788351501	0.026325100000008206	epochs	3.0
522.7130039351501	0.05217619999996259	epochs	2.0
522.7130039351501	0.026166399999965506	epochs	3.0
522.7391703351501	0.026009799999997085	epochs	3.0
522.7651801351501	0.051556699999991906	epochs	2.0
522.7651801351501	0.025854800000047362	epochs	3.0
522.7910349351502	0.025701899999944544	epochs	3.0
522.8167368351501	0.050951900000086425	epochs	2.0
522.8167368351501	0.02555070000005344	epochs	3.0
522.8422875351501	0.025401200000032986	epochs	3.0
522.8676887351502	0.05036099999995258	epochs	2.0
522.8676887351502	0.025253499999962514	epochs	3.0
522.8929422351501	0.02510749999999007	epochs	3.0
522.9180497351501	0.049783800000000156	epochs	2.0
522.9180497351501	0.02496320000000196	epochs	3.0
522.9430129351501	0.024820599999998194	epochs	3.0
522.9678335351501	0.049219500000049266	epochs	2.0
522.9678335351501	0.024679399999968155	epochs	3.0
522.9925129351501	0.02454010000008111	epochs	3.0
523.0170530351502	0.048667899999941255	epochs	2.0
523.0170530351502	0.02440209999997478	epochs	3.0
523.0414551351502	0.024265799999966475	epochs	3.0
523.0657209351501	0.04812860000004093	epochs	2.0
523.0657209351501	0.024131000000011227	epochs	3.0
523.0898519351501	0.023997600000029706	epochs	3.0
523.1138495351502	0.04760109999995166	epochs	2.0
523.1138495351502	0.023865799999953197	epochs	3.0
523.1377153351501	0.02373529999999846	epochs	3.0
523.1614506351501	0.047085000000038235	epochs	2.0
523.1614506351501	0.023606299999983094	epochs	3.0
523.1850569351501	0.02347870000005514	epochs	3.0
523.2085356351502	0.046579999999948996	epochs	2.0
523.2085356351502	0.02335249999998723	epochs	3.0
523.2318881351501	0.023227499999961765	epochs	3.0
523.2551156351501	0.046085700000048746	epochs	2.0
523.2551156351501	0.023103999999989355	epochs	3.0
523.2782196351501	0.02298170000005939	epochs	3.0
523.3012013351502	0.045601799999985815	epochs	2.0
523.3012013351502	0.022860700000023826	epochs	3.0
523.3240620351502	0.02274109999996199	epochs	3.0
523.3468031351501	0.04512790000001132	epochs	2.0
523.3468031351501	0.022622500000011314	epochs	3.0
523.3694256351502	0.02250540000000001	epochs	3.0
523.3919310351502	0.044663799999966614	epochs	2.0
523.3919310351502	0.02238929999998618	epochs	3.0
523.4143203351501	0.022274499999980435	epochs	3.0
523.4365948351501	0.04420920000006845	epochs	2.0
523.4365948351501	0.022160800000051495	epochs	3.0
523.4587556351502	0.022048400000016954	epochs	3.0
523.4808040351502	0.04376359999992019	epochs	2.0
523.4808040351502	0.021936900000014248	epochs	3.0
523.5027409351502	0.02182669999990594	epochs	3.0
523.5245676351501	0.04332710000005591	epochs	2.0
523.5245676351501	0.021717599999988124	epochs	3.0
523.5462852351501	0.021609500000067783	epochs	3.0
523.5678947351502	0.04289900000003399	epochs	2.0
523.5678947351502	0.02150249999999687	epochs	3.0
523.5893972351502	0.021396500000037122	epochs	3.0
523.6107937351502	0.04247949999989942	epochs	2.0
523.6107937351502	0.02129170000000613	epochs	3.0
523.6320854351502	0.021187799999893286	epochs	3.0
523.6532732351501	0.042067900000006375	epochs	2.0
523.6532732351501	0.02108490000000529	epochs	3.0
523.6743581351501	0.020983000000001084	epochs	3.0
523.6953411351501	0.04166440000005878	epochs	2.0
523.6953411351501	0.02088220000007368	epochs	3.0
523.7162233351502	0.020782199999985096	epochs	3.0
523.7370055351502	0.04126850000000104	epochs	2.0
523.7370055351502	0.020683299999973315	epochs	3.0
523.7576888351501	0.020585200000027726	epochs	3.0
523.7782740351502	0.04088000000001557	epochs	2.0
523.7782740351502	0.020488099999965925	epochs	3.0
523.7987621351501	0.020391900000049645	epochs	3.0
523.8191540351502	0.04049880000002304	epochs	2.0
523.8191540351502	0.020296599999937825	epochs	3.0
523.8394506351501	0.020202200000085213	epochs	3.0
523.8596528351502	0.040124599999899146	epochs	2.0
523.8596528351502	0.020108699999923374	epochs	3.0
523.8797615351501	0.020015899999975773	epochs	3.0
523.8997774351501	0.03975730000001931	epochs	2.0
523.8997774351501	0.019924200000104975	epochs	3.0
523.9197016351502	0.01983309999991434	epochs	3.0
523.9395347351501	0.03939669999999751	epochs	2.0
523.9395347351501	0.01974300000006224	epochs	3.0
523.9592777351502	0.01965369999993527	epochs	3.0
523.9789314351501	0.039042400000084854	epochs	2.0
523.9789314351501	0.01956510000002254	epochs	3.0
523.9984965351501	0.019477300000062314	epochs	3.0
524.0179738351502	0.03869459999998526	epochs	2.0
524.0179738351502	0.01939039999990655	epochs	3.0
524.0373642351501	0.01930420000007871	epochs	3.0
524.0566684351502	0.03835289999994984	epochs	2.0
524.0566684351502	0.019218799999976	epochs	3.0
524.0758872351502	0.01913409999997384	epochs	3.0
524.0950213351501	0.03801720000001296	epochs	2.0
524.0950213351501	0.019050200000037876	epochs	3.0
524.1140715351502	0.018966999999975087	epochs	3.0
524.1330385351501	0.037687200000050325	epochs	2.0
524.1330385351501	0.01888450000001285	epochs	3.0
524.1519230351502	0.018802700000037476	epochs	3.0
524.1707257351502	0.03736309999999321	epochs	2.0
524.1707257351502	0.01872169999990092	epochs	3.0
524.1894474351501	0.01864140000009229	epochs	3.0
524.2080888351502	0.03704429999993408	epochs	2.0
524.2080888351502	0.01856159999999818	epochs	3.0
524.2266504351502	0.018482699999935903	epochs	3.0
524.2451331351501	0.0367310000000316	epochs	2.0
524.2451331351501	0.018404300000042895	epochs	3.0
524.2635374351502	0.018326699999988705	epochs	3.0
524.2818641351502	0.03642289999993409	epochs	2.0
524.2818641351502	0.018249599999990096	epochs	3.0
524.3001137351501	0.018173299999943993	epochs	3.0
524.3182870351501	0.03612010000006194	epochs	2.0
524.3182870351501	0.0180976000000328	epochs	3.0
524.3363846351501	0.01802250000002914	epochs	3.0
524.3544071351502	0.03582210000001851	epochs	2.0
524.3544071351502	0.017947899999967376	epochs	3.0
524.3723550351501	0.017874200000051133	epochs	3.0
524.3902292351502	0.03552899999999681	epochs	2.0
524.3902292351502	0.017800800000031813	epochs	3.0
524.4080300351502	0.017728199999965	epochs	3.0
524.4257582351502	0.03524070000003121	epochs	2.0
524.4257582351502	0.017656099999953767	epochs	3.0
524.4434143351501	0.017584600000077444	epochs	3.0
524.4609989351502	0.03495709999992869	epochs	2.0
524.4609989351502	0.01751369999999497	epochs	3.0
524.4785126351502	0.017443399999933717	epochs	3.0
524.4959560351501	0.03467790000001969	epochs	2.0
524.4959560351501	0.017373600000041733	epochs	3.0
524.5133296351502	0.017304299999977957	epochs	3.0
524.5306339351501	0.03440330000000813	epochs	2.0
524.5306339351501	0.01723570000001473	epochs	3.0
524.5478696351502	0.0171675999999934	epochs	3.0
524.5650372351502	0.03413279999995211	epochs	2.0
524.5650372351502	0.01709989999994832	epochs	3.0
524.5821371351501	0.017032900000003792	epochs	3.0
524.5991700351501	0.03386670000008962	epochs	2.0
524.5991700351501	0.01696640000000116	epochs	3.0
524.6161364351501	0.016900300000088464	epochs	3.0
524.6330367351502	0.03360459999998966	epochs	2.0
524.6330367351502	0.01683479999996962	epochs	3.0
524.6498715351502	0.01676980000002004	epochs	3.0
524.6666413351502	0.033346599999958926	epochs	2.0
524.6666413351502	0.016705300000012357	epochs	3.0
524.6833466351502	0.01664129999994657	epochs	3.0
524.6999879351501	0.03309249999995245	epochs	2.0
524.6999879351501	0.016577800000050047	epochs	3.0
524.7165657351502	0.016514699999902405	epochs	3.0
524.7330804351501	0.032842300000083924	epochs	2.0
524.7330804351501	0.01645220000000336	epochs	3.0
524.7495326351501	0.016390100000080565	epochs	3.0
524.7659227351502	0.03259570000000167	epochs	2.0
524.7659227351502	0.01632839999990665	epochs	3.0
524.7822511351501	0.01626730000009502	epochs	3.0
524.7985184351502	0.032352899999978035	epochs	2.0
524.7985184351502	0.01620659999991858	epochs	3.0
524.8147250351501	0.016146300000059455	epochs	3.0
524.8308713351502	0.03211369999996805	epochs	2.0
524.8308713351502	0.016086599999994178	epochs	3.0
524.8469579351502	0.01602709999997387	epochs	3.0
524.8629850351501	0.03187800000000607	epochs	2.0
524.8629850351501	0.015968199999974786	epochs	3.0
524.8789532351501	0.015909800000031282	epochs	3.0
524.8948630351501	0.031645700000012766	epochs	2.0
524.8948630351501	0.01585160000001906	epochs	3.0
524.9107146351502	0.015794099999993705	epochs	3.0
524.9265087351502	0.0314167000000225	epochs	2.0
524.9265087351502	0.015736700000047676	epochs	3.0
524.9422454351502	0.015679999999974825	epochs	3.0
524.9579254351502	0.031191100000000915	epochs	2.0
524.9579254351502	0.015623600000026272	epochs	3.0
524.9735490351502	0.015567499999974643	epochs	3.0
524.9891165351502	0.030968700000016725	epochs	2.0
524.9891165351502	0.015511999999944237	epochs	3.0
525.0046285351501	0.015456700000072487	epochs	3.0
525.0200852351502	0.030749499999956242	epochs	2.0
525.0200852351502	0.015401999999994587	epochs	3.0
525.0354872351502	0.015347499999961656	epochs	3.0
525.0508347351501	0.03053320000003623	epochs	2.0
525.0508347351501	0.015293400000018664	epochs	3.0
525.0661281351502	0.015239800000017567	epochs	3.0
525.0813679351502	0.030320099999926242	epochs	2.0
525.0813679351502	0.015186499999913394	epochs	3.0
525.0965544351501	0.015133600000012848	epochs	3.0
525.1116880351501	0.03010990000007041	epochs	2.0
525.1116880351501	0.015081000000009226	epochs	3.0
525.1267690351501	0.015028900000061185	epochs	3.0
525.1417979351502	0.029902499999934662	epochs	2.0
525.1417979351502	0.01497699999993074	epochs	3.0
525.1567749351501	0.014925500000003922	epochs	3.0
525.1717004351501	0.029698100000018712	epochs	2.0
525.1717004351501	0.014874400000053356	epochs	3.0
525.1865748351502	0.014823699999965356	epochs	3.0
525.2013985351501	0.02949630000000525	epochs	2.0
525.2013985351501	0.014773200000036013	epochs	3.0
525.2161717351502	0.014723099999969236	epochs	3.0
525.2308948351501	0.02929740000001857	epochs	2.0
525.2308948351501	0.014673399999992398	epochs	3.0
525.2455682351501	0.014624000000026172	epochs	3.0
525.2601922351502	0.029101099999934377	epochs	2.0
525.2601922351502	0.01457489999995687	epochs	3.0
525.2747671351501	0.014526199999977507	epochs	3.0
525.2892933351501	0.02890740000009373	epochs	2.0
525.2892933351501	0.014477700000043114	epochs	3.0
525.3037710351501	0.014429700000050616	epochs	3.0
525.3182007351502	0.028716199999962555	epochs	2.0
525.3182007351502	0.014381799999910072	epochs	3.0
525.3325825351501	0.014334400000052483	epochs	3.0
525.3469169351501	0.02852759999996124	epochs	2.0
525.3469169351501	0.01428720000001249	epochs	3.0
525.3612041351502	0.01424039999994875	epochs	3.0
525.3754445351501	0.028341400000044814	epochs	2.0
525.3754445351501	0.014193800000043666	epochs	3.0
525.3896383351502	0.014147600000001148	epochs	3.0
525.4037859351502	0.028157699999951546	epochs	2.0
525.4037859351502	0.014101699999969242	epochs	3.0
525.4178876351501	0.014055999999982305	epochs	3.0
525.4319436351501	0.027976300000091214	epochs	2.0
525.4319436351501	0.01401060000000598	epochs	3.0
525.4459542351501	0.013965700000085235	epochs	3.0
525.4599199351502	0.027797199999895383	epochs	2.0
525.4599199351502	0.013920799999937117	epochs	3.0
525.4738407351501	0.013876399999958267	epochs	3.0
525.4877171351501	0.027620400000046175	epochs	2.0
525.4877171351501	0.013832200000024386	epochs	3.0
525.5015493351501	0.013788200000021789	epochs	3.0
525.5153375351501	0.027445899999975154	epochs	2.0
525.5153375351501	0.013744599999995444	epochs	3.0
525.5290821351501	0.01370129999997971	epochs	3.0
525.5427834351501	0.027273499999978412	epochs	2.0
525.5427834351501	0.013658200000008947	epochs	3.0
525.5564416351501	0.013615299999969466	epochs	3.0
525.5700569351501	0.02710340000010092	epochs	2.0
525.5700569351501	0.013572800000019924	epochs	3.0
525.5836297351501	0.013530600000080995	epochs	3.0
525.5971603351502	0.026935199999911674	epochs	2.0
525.5971603351502	0.01348839999991469	epochs	3.0
525.6106487351501	0.013446799999996983	epochs	3.0
525.6240955351501	0.026769199999989723	epochs	2.0
525.6240955351501	0.013405200000079276	epochs	3.0
525.6375007351502	0.013363999999910448	epochs	3.0
525.6508647351501	0.026605200000062723	epochs	2.0
525.6508647351501	0.013322900000048321	epochs	3.0
525.6641876351501	0.013282300000014402	epochs	3.0
525.6774699351502	0.026443200000016986	epochs	2.0
525.6774699351502	0.013241699999980483	epochs	3.0
525.6907116351501	0.013201500000036503	epochs	3.0
525.7039131351502	0.0262831999999662	epochs	2.0
525.7039131351502	0.013161500000023807	epochs	3.0
525.7170746351502	0.013121699999942393	epochs	3.0
525.7301963351501	0.02612499999997908	epochs	2.0
525.7301963351501	0.013082100000019636	epochs	3.0
525.7432784351502	0.013042899999959445	epochs	3.0
525.7563213351501	0.025968900000066242	epochs	2.0
525.7563213351501	0.01300390000005791	epochs	3.0
525.7693252351502	0.012965000000008331	epochs	3.0
525.7822902351502	0.025814499999910367	epochs	2.0
525.7822902351502	0.012926399999969362	epochs	3.0
525.7952166351502	0.012888099999941005	epochs	3.0
525.8081047351501	0.025661900000045534	epochs	2.0
525.8081047351501	0.012849900000105663	epochs	3.0
525.8209546351502	0.012811999999939871	epochs	3.0
525.8337666351501	0.025511199999982637	epochs	2.0
525.8337666351501	0.012774400000012065	epochs	3.0
525.8465410351502	0.012736799999970572	epochs	3.0
525.8592778351501	0.025362299999983406	epochs	2.0
525.8592778351501	0.01269969999998466	epochs	3.0
525.8719775351501	0.012662599999998747	epochs	3.0
525.8846401351501	0.025215000000002874	epochs	2.0
525.8846401351501	0.012625800000023446	epochs	3.0
525.8972659351501	0.012589199999979428	epochs	3.0
525.9098551351501	0.024584800000070572	epochs	2.0
525.9334476351502	0.5	epochs	-1.0
525.9344399351502	0.5477599999999256	epochs	1.0
526.4821999351501	0.45216000000004897	epochs	0.0
526.8839998245239	0.09136000000000877	epochs	0.0
526.8839998245239	0.04068259999996826	epochs	1.0
526.9246824245239	0.009994800000072246	epochs	1.0
526.934677224524	0.04068259999996826	epochs	1.0
526.975439824524	2.0	epochs	0.0
528.9754075245239	0.5	epochs	-1.0
528.975439824524	21.527919999999995	epochs	0.0
528.975439824524	1.0	epochs	1.0
529.4754075245239	19.999040000000036	epochs	-1.0
529.975439824524	20.0	epochs	1.0
529.975439824524	4.356753899999944	epochs	-1.0
529.975439824524	1.9745871999999736	epochs	2.0
529.975439824524	1.0985621999999466	epochs	3.0
531.0740020245239	0.8760250000000269	epochs	3.0
531.9500270245239	1.3524075000000266	epochs	2.0
531.9500270245239	0.7286354999999958	epochs	3.0
532.6786625245239	0.6237720000000309	epochs	3.0
533.302434524524	1.029759199999944	epochs	2.0
533.302434524524	0.5453292999999348	epochs	3.0
533.8477638245239	0.4844299000000092	epochs	3.0
534.3321937245239	0.8317862000000105	epochs	2.0
534.3321937245239	0.4357763000000432	epochs	3.0
534.767970024524	0.3960098999999673	epochs	3.0
535.1639799245239	0.6977970000000369	epochs	2.0
535.1639799245239	0.3628982000000178	epochs	3.0
535.5268781245239	0.33489880000001904	epochs	3.0
535.861776924524	0.601045699999986	epochs	2.0
535.861776924524	0.3109122999999272	epochs	3.0
536.1726892245239	0.2901334000000588	epochs	3.0
536.4628226245239	0.5278859000000011	epochs	2.0
536.4628226245239	0.2719585999999481	epochs	3.0
536.7347812245239	0.25592730000005304	epochs	3.0
536.9907085245239	0.470619299999953	epochs	2.0
536.9907085245239	0.241681299999982	epochs	3.0
537.2323898245239	0.228937999999971	epochs	3.0
537.4613278245239	0.42457039999999324	epochs	2.0
537.4613278245239	0.21747140000002219	epochs	3.0
537.6787992245239	0.20709899999997106	epochs	3.0
537.8858982245239	0.3867354000000205	epochs	2.0
537.8858982245239	0.19767110000009325	epochs	3.0
538.083569324524	0.18906429999992724	epochs	3.0
538.2726336245239	0.3550953000000163	epochs	2.0
538.2726336245239	0.18117589999997108	epochs	3.0
538.4538095245239	0.17391940000004524	epochs	3.0
538.6277289245239	0.3282431000000088	epochs	2.0
538.6277289245239	0.16722189999995862	epochs	3.0
538.7949508245239	0.16102120000005016	epochs	3.0
538.9559720245239	0.30516799999998057	epochs	2.0
538.9559720245239	0.15526390000002266	epochs	3.0
539.111235924524	0.1499040999999579	epochs	3.0
539.2611400245239	0.28512530000000424	epochs	2.0
539.2611400245239	0.1449020999999675	epochs	3.0
539.4060421245239	0.14022320000003674	epochs	3.0
539.5462653245239	0.2675537999999733	epochs	2.0
539.5462653245239	0.1358368999999584	epochs	3.0
539.6821022245239	0.1317169000000149	epochs	3.0
539.8138191245239	0.2520229000000427	epochs	2.0
539.8138191245239	0.1278393000000051	epochs	3.0
539.9416584245239	0.12418360000003759	epochs	3.0
540.0658420245239	0.23819649999995818	epochs	2.0
540.0658420245239	0.12073109999994358	epochs	3.0
540.1865731245239	0.1174654000000146	epochs	3.0
540.3040385245239	0.2258087999999816	epochs	2.0
540.3040385245239	0.11437190000003739	epochs	3.0
540.4184104245239	0.11143689999994422	epochs	3.0
540.5298473245239	0.2146460000000161	epochs	2.0
540.5298473245239	0.10864890000004834	epochs	3.0
540.6384962245239	0.10599709999996776	epochs	3.0
540.7444933245239	0.20453500000007807	epochs	2.0
540.7444933245239	0.10347150000006877	epochs	3.0
540.847964824524	0.1010635000000093	epochs	3.0
540.949028324524	0.19533400000000256	epochs	2.0
540.949028324524	0.09876509999992322	epochs	3.0
541.0477934245239	0.09656890000007934	epochs	3.0
541.144362324524	0.18692529999998442	epochs	2.0
541.144362324524	0.09446829999990314	epochs	3.0
541.2388306245239	0.09245700000008128	epochs	3.0
541.331287624524	0.17921069999999872	epochs	2.0
541.331287624524	0.09052959999996801	epochs	3.0
541.4218172245239	0.08868110000003071	epochs	3.0
541.510498324524	0.17210769999996955	epochs	2.0
541.510498324524	0.08690630000000965	epochs	3.0
541.597404624524	0.0852013999999599	epochs	3.0
541.6826060245239	0.16554640000003928	epochs	2.0
541.6826060245239	0.08356189999994967	epochs	3.0
541.7661679245239	0.08198450000008961	epochs	3.0
541.848152424524	0.15946709999991526	epochs	2.0
541.848152424524	0.08046539999998004	epochs	3.0
541.9286178245239	0.07900169999993523	epochs	3.0
542.0076195245239	0.15381840000009106	epochs	2.0
542.0076195245239	0.07759010000006583	epochs	3.0
542.0852096245239	0.07622830000002523	epochs	3.0
542.161437924524	0.14855639999996129	epochs	2.0
542.161437924524	0.07491329999993468	epochs	3.0
542.2363512245239	0.0736431000000266	epochs	3.0
542.3099943245239	0.14364239999997608	epochs	2.0
542.3099943245239	0.07241499999997814	epochs	3.0
542.3824093245239	0.07122739999999794	epochs	3.0
542.4536367245239	0.13904309999998077	epochs	2.0
542.4536367245239	0.07007799999996678	epochs	3.0
542.5237147245239	0.06896510000001399	epochs	3.0
542.5926798245239	0.1347293000000036	epochs	2.0
542.5926798245239	0.0678871000000072	epochs	3.0
542.6605669245239	0.06684219999999641	epochs	3.0
542.7274091245239	0.1306752000000415	epochs	2.0
542.7274091245239	0.06582910000008724	epochs	3.0
542.793238224524	0.06484609999995428	epochs	3.0
542.8580843245239	0.12685780000003888	epochs	2.0
542.8580843245239	0.06389200000000983	epochs	3.0
542.9219763245239	0.06296580000002905	epochs	3.0
542.984942124524	0.12325720000001184	epochs	2.0
542.984942124524	0.062065799999913907	epochs	3.0
543.0470079245239	0.06119140000009793	epochs	3.0
543.108199324524	0.11985539999989214	epochs	2.0
543.108199324524	0.060341099999959624	epochs	3.0
543.1685404245239	0.05951429999993252	epochs	3.0
543.2280547245239	0.11663620000001629	epochs	2.0
543.2280547245239	0.05870960000004288	epochs	3.0
543.2867643245239	0.057926599999973405	epochs	3.0
543.3446909245239	0.11358560000007856	epochs	2.0
543.3446909245239	0.05716419999998834	epochs	3.0
543.4018551245239	0.056421400000090216	epochs	3.0
543.458276524524	0.11069049999991876	epochs	2.0
543.458276524524	0.05569789999992736	epochs	3.0
543.5139744245239	0.0549925999999914	epochs	3.0
543.5689670245239	0.1079391000000669	epochs	2.0
543.5689670245239	0.05430490000003374	epochs	3.0
543.6232719245239	0.05363420000003316	epochs	3.0
543.676906124524	0.10532149999994544	epochs	2.0
543.676906124524	0.05297999999993408	epochs	3.0
543.7298861245239	0.052341500000011365	epochs	3.0
543.7822276245239	0.10282760000006874	epochs	2.0
543.7822276245239	0.05171810000001642	epochs	3.0
543.8339457245239	0.05110950000005232	epochs	3.0
543.885055224524	0.10044909999999163	epochs	2.0
543.885055224524	0.05051489999993919	epochs	3.0
543.9355701245239	0.04993420000005244	epochs	3.0
543.985504324524	0.0981782999999723	epochs	2.0
543.985504324524	0.04936659999998483	epochs	3.0
544.034870924524	0.04881169999998747	epochs	3.0
544.0836826245239	0.09600779999993847	epochs	2.0
544.0836826245239	0.04826920000004975	epochs	3.0
544.131951824524	0.04773859999988872	epochs	3.0
544.1796904245239	0.09393120000004274	epochs	2.0
544.1796904245239	0.04721950000009656	epochs	3.0
544.226909924524	0.04671169999994618	epochs	3.0
544.2736216245239	0.09194260000003851	epochs	2.0
544.2736216245239	0.046214599999984785	epochs	3.0
544.3198362245239	0.045728000000053726	epochs	3.0
544.365564224524	0.09003629999995155	epochs	2.0
544.365564224524	0.045251499999949374	epochs	3.0
544.4108157245239	0.04478480000000218	epochs	3.0
544.4556005245239	0.08820760000003247	epochs	2.0
544.4556005245239	0.044327800000019124	epochs	3.0
544.4999283245239	0.04387980000001335	epochs	3.0
544.5438081245239	0.0864516999999978	epochs	2.0
544.5438081245239	0.04344100000002982	epochs	3.0
544.587249124524	0.04301069999996798	epochs	3.0
544.6302598245239	0.08476429999996071	epochs	2.0
544.6302598245239	0.04258900000002086	epochs	3.0
544.672848824524	0.04217529999993985	epochs	3.0
544.7150241245239	0.08314150000001064	epochs	2.0
544.7150241245239	0.04176970000003166	epochs	3.0
544.7567938245239	0.041371799999978975	epochs	3.0
544.7981656245239	0.08157970000002024	epochs	2.0
544.7981656245239	0.04098140000007788	epochs	3.0
544.839147024524	0.040598299999942355	epochs	3.0
544.8797453245239	0.08007550000002084	epochs	2.0
544.8797453245239	0.04022229999998217	epochs	3.0
544.9199676245239	0.03985320000003867	epochs	3.0
544.959820824524	0.07862569999997504	epochs	2.0
544.959820824524	0.0394907999999532	epochs	3.0
544.9993116245239	0.039134900000021844	epochs	3.0
545.0384465245239	0.07722760000001472	epochs	2.0
545.0384465245239	0.038785400000051595	epochs	3.0
545.077231924524	0.03844219999996312	epochs	3.0
545.1156741245239	0.07587820000003376	epochs	2.0
545.1156741245239	0.038104800000041905	epochs	3.0
545.153778924524	0.03777339999999185	epochs	3.0
545.191552324524	0.07457519999991291	epochs	2.0
545.191552324524	0.03744769999991604	epochs	3.0
545.2290000245239	0.03712749999999687	epochs	3.0
545.2661275245239	0.07331629999998768	epochs	2.0
545.2661275245239	0.0368129000000863	epochs	3.0
545.302940424524	0.036503399999901376	epochs	3.0
545.3394438245239	0.07209900000009384	epochs	2.0
545.3394438245239	0.03619910000008986	epochs	3.0
545.375642924524	0.03589990000000398	epochs	3.0
545.411542824524	0.07092169999998532	epochs	2.0
545.411542824524	0.03560559999993984	epochs	3.0
545.4471484245239	0.03531610000004548	epochs	3.0
545.482464524524	0.06978200000003199	epochs	2.0
545.482464524524	0.03503119999993487	epochs	3.0
545.5174957245239	0.034750800000097115	epochs	3.0
545.552246524524	0.06867859999999837	epochs	2.0
545.552246524524	0.034475099999895065	epochs	3.0
545.5867216245239	0.034203500000103304	epochs	3.0
545.620925124524	0.06760929999995824	epochs	2.0
545.620925124524	0.033936199999970995	epochs	3.0
545.654861324524	0.033673099999987244	epochs	3.0
545.6885344245239	0.06657289999998284	epochs	2.0
545.6885344245239	0.03341399999999339	epochs	3.0
545.7219484245239	0.033158899999989444	epochs	3.0
545.7551073245239	0.06556780000005347	epochs	2.0
545.7551073245239	0.032907700000009754	epochs	3.0
545.7880150245239	0.03266010000004371	epochs	3.0
545.820675124524	0.06459259999996902	epochs	2.0
545.820675124524	0.032416399999988244	epochs	3.0
545.853091524524	0.03217619999998078	epochs	3.0
545.8852677245239	0.0636459999999488	epochs	2.0
545.8852677245239	0.03193959999998697	epochs	3.0
545.9172073245239	0.03170639999996183	epochs	3.0
545.9489137245239	0.0627266999999847	epochs	2.0
545.9489137245239	0.03147660000001906	epochs	3.0
545.9803903245239	0.03125009999996564	epochs	3.0
546.0116404245239	0.06183359999999993	epochs	2.0
546.0116404245239	0.031026900000028945	epochs	3.0
546.0426673245239	0.030806699999970988	epochs	3.0
546.0734740245239	0.06096560000003137	epochs	2.0
546.0734740245239	0.030589800000029754	epochs	3.0
546.1040638245239	0.030375800000001618	epochs	3.0
546.1344396245239	0.06012160000000222	epochs	2.0
546.1344396245239	0.030164900000045236	epochs	3.0
546.164604524524	0.02995669999995698	epochs	3.0
546.1945612245239	0.05930069999999432	epochs	2.0
546.1945612245239	0.029751600000054168	epochs	3.0
546.224312824524	0.029549099999940154	epochs	3.0
546.2538619245239	0.05850180000004457	epochs	2.0
546.2538619245239	0.02934940000000097	epochs	3.0
546.2832113245239	0.0291524000000436	epochs	3.0
546.312363724524	0.05772419999993872	epochs	2.0
546.312363724524	0.028957999999988715	epochs	3.0
546.3413217245239	0.028766199999950004	epochs	3.0
546.3700879245239	0.05696710000006533	epochs	2.0
546.3700879245239	0.028577000000041153	epochs	3.0
546.3986649245239	0.028390100000024177	epochs	3.0
546.427055024524	0.05622949999997218	epochs	2.0
546.427055024524	0.028205699999944045	epochs	3.0
546.4552607245239	0.028023800000028132	epochs	3.0
546.4832845245239	0.05551070000001346	epochs	2.0
546.4832845245239	0.027843999999959124	epochs	3.0
546.5111285245239	0.027666700000054334	epochs	3.0
546.5387952245239	0.054810200000019904	epochs	2.0
546.5387952245239	0.02749149999999645	epochs	3.0
546.5662867245239	0.027318700000023455	epochs	3.0
546.593605424524	0.05412699999999404	epochs	2.0
546.593605424524	0.027147799999966082	epochs	3.0
546.6207532245239	0.02697920000002796	epochs	3.0
546.647732424524	0.053460699999959616	epochs	2.0
546.647732424524	0.0268125999999711	epochs	3.0
546.6745450245239	0.026648099999988517	epochs	3.0
546.7011931245239	0.05281070000000909	epochs	2.0
546.7011931245239	0.026485600000000886	epochs	3.0
546.7276787245239	0.026325100000008206	epochs	3.0
546.7540038245239	0.05217619999996259	epochs	2.0
546.7540038245239	0.026166399999965506	epochs	3.0
546.7801702245239	0.026009799999997085	epochs	3.0
546.8061800245239	0.051556699999991906	epochs	2.0
546.8061800245239	0.025854800000047362	epochs	3.0
546.8320348245239	0.025701899999944544	epochs	3.0
546.8577367245239	0.050951900000086425	epochs	2.0
546.8577367245239	0.02555070000005344	epochs	3.0
546.8832874245239	0.025401200000032986	epochs	3.0
546.908688624524	0.05036099999995258	epochs	2.0
546.908688624524	0.025253499999962514	epochs	3.0
546.9339421245239	0.02510749999999007	epochs	3.0
546.9590496245239	0.049783800000000156	epochs	2.0
546.9590496245239	0.02496320000000196	epochs	3.0
546.9840128245239	0.024820599999998194	epochs	3.0
547.0088334245239	0.049219500000049266	epochs	2.0
547.0088334245239	0.024679399999968155	epochs	3.0
547.0335128245239	0.02454010000008111	epochs	3.0
547.058052924524	0.048667899999941255	epochs	2.0
547.058052924524	0.02440209999997478	epochs	3.0
547.0824550245239	0.024265799999966475	epochs	3.0
547.1067208245239	0.04812860000004093	epochs	2.0
547.1067208245239	0.024131000000011227	epochs	3.0
547.1308518245239	0.023997600000029706	epochs	3.0
547.154849424524	0.04760109999995166	epochs	2.0
547.154849424524	0.023865799999953197	epochs	3.0
547.1787152245239	0.02373529999999846	epochs	3.0
547.2024505245239	0.047085000000038235	epochs	2.0
547.2024505245239	0.023606299999983094	epochs	3.0
547.2260568245239	0.02347870000005514	epochs	3.0
547.2495355245239	0.046579999999948996	epochs	2.0
547.2495355245239	0.02335249999998723	epochs	3.0
547.2728880245239	0.023227499999961765	epochs	3.0
547.2961155245239	0.046085700000048746	epochs	2.0
547.2961155245239	0.023103999999989355	epochs	3.0
547.3192195245239	0.02298170000005939	epochs	3.0
547.3422012245239	0.045601799999985815	epochs	2.0
547.3422012245239	0.022860700000023826	epochs	3.0
547.365061924524	0.02274109999996199	epochs	3.0
547.3878030245239	0.04512790000001132	epochs	2.0
547.3878030245239	0.022622500000011314	epochs	3.0
547.4104255245239	0.02250540000000001	epochs	3.0
547.4329309245239	0.044663799999966614	epochs	2.0
547.4329309245239	0.02238929999998618	epochs	3.0
547.4553202245239	0.022274499999980435	epochs	3.0
547.4775947245239	0.04420920000006845	epochs	2.0
547.4775947245239	0.022160800000051495	epochs	3.0
547.499755524524	0.022048400000016954	epochs	3.0
547.521803924524	0.04376359999992019	epochs	2.0
547.521803924524	0.021936900000014248	epochs	3.0
547.543740824524	0.02182669999990594	epochs	3.0
547.5655675245239	0.04332710000005591	epochs	2.0
547.5655675245239	0.021717599999988124	epochs	3.0
547.5872851245239	0.021609500000067783	epochs	3.0
547.6088946245239	0.04289900000003399	epochs	2.0
547.6088946245239	0.02150249999999687	epochs	3.0
547.6303971245239	0.021396500000037122	epochs	3.0
547.651793624524	0.04247949999989942	epochs	2.0
547.651793624524	0.02129170000000613	epochs	3.0
547.673085324524	0.021187799999893286	epochs	3.0
547.6942731245239	0.042067900000006375	epochs	2.0
547.6942731245239	0.02108490000000529	epochs	3.0
547.7153580245239	0.020983000000001084	epochs	3.0
547.7363410245239	0.04166440000005878	epochs	2.0
547.7363410245239	0.02088220000007368	epochs	3.0
547.757223224524	0.020782199999985096	epochs	3.0
547.7780054245239	0.04126850000000104	epochs	2.0
547.7780054245239	0.020683299999973315	epochs	3.0
547.7986887245239	0.020585200000027726	epochs	3.0
547.8192739245239	0.04088000000001557	epochs	2.0
547.8192739245239	0.020488099999965925	epochs	3.0
547.8397620245239	0.020391900000049645	epochs	3.0
547.860153924524	0.04049880000002304	epochs	2.0
547.860153924524	0.020296599999937825	epochs	3.0
547.8804505245239	0.020202200000085213	epochs	3.0
547.900652724524	0.040124599999899146	epochs	2.0
547.900652724524	0.020108699999923374	epochs	3.0
547.9207614245239	0.020015899999975773	epochs	3.0
547.9407773245239	0.03975730000001931	epochs	2.0
547.9407773245239	0.019924200000104975	epochs	3.0
547.960701524524	0.01983309999991434	epochs	3.0
547.9805346245239	0.03939669999999751	epochs	2.0
547.9805346245239	0.01974300000006224	epochs	3.0
548.000277624524	0.01965369999993527	epochs	3.0
548.0199313245239	0.039042400000084854	epochs	2.0
548.0199313245239	0.01956510000002254	epochs	3.0
548.0394964245239	0.019477300000062314	epochs	3.0
548.058973724524	0.03869459999998526	epochs	2.0
548.058973724524	0.01939039999990655	epochs	3.0
548.0783641245239	0.01930420000007871	epochs	3.0
548.097668324524	0.03835289999994984	epochs	2.0
548.097668324524	0.019218799999976	epochs	3.0
548.1168871245239	0.01913409999997384	epochs	3.0
548.1360212245239	0.03801720000001296	epochs	2.0
548.1360212245239	0.019050200000037876	epochs	3.0
548.155071424524	0.018966999999975087	epochs	3.0
548.1740384245239	0.037687200000050325	epochs	2.0
548.1740384245239	0.01888450000001285	epochs	3.0
548.1929229245239	0.018802700000037476	epochs	3.0
548.211725624524	0.03736309999999321	epochs	2.0
548.211725624524	0.01872169999990092	epochs	3.0
548.2304473245239	0.01864140000009229	epochs	3.0
548.249088724524	0.03704429999993408	epochs	2.0
548.249088724524	0.01856159999999818	epochs	3.0
548.267650324524	0.018482699999935903	epochs	3.0
548.2861330245239	0.0367310000000316	epochs	2.0
548.2861330245239	0.018404300000042895	epochs	3.0
548.304537324524	0.018326699999988705	epochs	3.0
548.3228640245239	0.03642289999993409	epochs	2.0
548.3228640245239	0.018249599999990096	epochs	3.0
548.3411136245239	0.018173299999943993	epochs	3.0
548.3592869245239	0.03612010000006194	epochs	2.0
548.3592869245239	0.0180976000000328	epochs	3.0
548.3773845245239	0.01802250000002914	epochs	3.0
548.3954070245239	0.03582210000001851	epochs	2.0
548.3954070245239	0.017947899999967376	epochs	3.0
548.4133549245239	0.017874200000051133	epochs	3.0
548.431229124524	0.03552899999999681	epochs	2.0
548.431229124524	0.017800800000031813	epochs	3.0
548.449029924524	0.017728199999965	epochs	3.0
548.466758124524	0.03524070000003121	epochs	2.0
548.466758124524	0.017656099999953767	epochs	3.0
548.4844142245239	0.017584600000077444	epochs	3.0
548.501998824524	0.03495709999992869	epochs	2.0
548.501998824524	0.01751369999999497	epochs	3.0
548.519512524524	0.017443399999933717	epochs	3.0
548.5369559245239	0.03467790000001969	epochs	2.0
548.5369559245239	0.017373600000041733	epochs	3.0
548.554329524524	0.017304299999977957	epochs	3.0
548.5716338245239	0.03440330000000813	epochs	2.0
548.5716338245239	0.01723570000001473	epochs	3.0
548.588869524524	0.0171675999999934	epochs	3.0
548.6060371245239	0.03413279999995211	epochs	2.0
548.6060371245239	0.01709989999994832	epochs	3.0
548.6231370245239	0.017032900000003792	epochs	3.0
548.6401699245239	0.03386670000008962	epochs	2.0
548.6401699245239	0.01696640000000116	epochs	3.0
548.6571363245239	0.016900300000088464	epochs	3.0
548.674036624524	0.03360459999998966	epochs	2.0
548.674036624524	0.01683479999996962	epochs	3.0
548.690871424524	0.01676980000002004	epochs	3.0
548.707641224524	0.033346599999958926	epochs	2.0
548.707641224524	0.016705300000012357	epochs	3.0
548.724346524524	0.01664129999994657	epochs	3.0
548.7409878245239	0.03309249999995245	epochs	2.0
548.7409878245239	0.016577800000050047	epochs	3.0
548.757565624524	0.016514699999902405	epochs	3.0
548.7740803245239	0.032842300000083924	epochs	2.0
548.7740803245239	0.01645220000000336	epochs	3.0
548.7905325245239	0.016390100000080565	epochs	3.0
548.806922624524	0.03259570000000167	epochs	2.0
548.806922624524	0.01632839999990665	epochs	3.0
548.8232510245239	0.01626730000009502	epochs	3.0
548.839518324524	0.032352899999978035	epochs	2.0
548.839518324524	0.01620659999991858	epochs	3.0
548.8557249245239	0.016146300000059455	epochs	3.0
548.8718712245239	0.03211369999996805	epochs	2.0
548.8718712245239	0.016086599999994178	epochs	3.0
548.8879578245239	0.01602709999997387	epochs	3.0
548.9039849245239	0.03187800000000607	epochs	2.0
548.9039849245239	0.015968199999974786	epochs	3.0
548.9199531245239	0.015909800000031282	epochs	3.0
548.9358629245239	0.031645700000012766	epochs	2.0
548.9358629245239	0.01585160000001906	epochs	3.0
548.9517145245239	0.015794099999993705	epochs	3.0
548.9675086245239	0.0314167000000225	epochs	2.0
548.9675086245239	0.015736700000047676	epochs	3.0
548.983245324524	0.015679999999974825	epochs	3.0
548.998925324524	0.031191100000000915	epochs	2.0
548.998925324524	0.015623600000026272	epochs	3.0
549.014548924524	0.015567499999974643	epochs	3.0
549.030116424524	0.030968700000016725	epochs	2.0
549.030116424524	0.015511999999944237	epochs	3.0
549.0456284245239	0.015456700000072487	epochs	3.0
549.061085124524	0.030749499999956242	epochs	2.0
549.061085124524	0.015401999999994587	epochs	3.0
549.076487124524	0.015347499999961656	epochs	3.0
549.0918346245239	0.03053320000003623	epochs	2.0
549.0918346245239	0.015293400000018664	epochs	3.0
549.107128024524	0.015239800000017567	epochs	3.0
549.122367824524	0.030320099999926242	epochs	2.0
549.122367824524	0.015186499999913394	epochs	3.0
549.1375543245239	0.015133600000012848	epochs	3.0
549.1526879245239	0.03010990000007041	epochs	2.0
549.1526879245239	0.015081000000009226	epochs	3.0
549.1677689245239	0.015028900000061185	epochs	3.0
549.182797824524	0.029902499999934662	epochs	2.0
549.182797824524	0.01497699999993074	epochs	3.0
549.1977748245239	0.014925500000003922	epochs	3.0
549.2127003245239	0.029698100000018712	epochs	2.0
549.2127003245239	0.014874400000053356	epochs	3.0
549.227574724524	0.014823699999965356	epochs	3.0
549.2423984245239	0.02949630000000525	epochs	2.0
549.2423984245239	0.014773200000036013	epochs	3.0
549.257171624524	0.014723099999969236	epochs	3.0
549.2718947245239	0.02929740000001857	epochs	2.0
549.2718947245239	0.014673399999992398	epochs	3.0
549.2865681245239	0.014624000000026172	epochs	3.0
549.3011921245239	0.029101099999934377	epochs	2.0
549.3011921245239	0.01457489999995687	epochs	3.0
549.3157670245239	0.014526199999977507	epochs	3.0
549.3302932245239	0.02890740000009373	epochs	2.0
549.3302932245239	0.014477700000043114	epochs	3.0
549.3447709245239	0.014429700000050616	epochs	3.0
549.359200624524	0.028716199999962555	epochs	2.0
549.359200624524	0.014381799999910072	epochs	3.0
549.3735824245239	0.014334400000052483	epochs	3.0
549.3879168245239	0.02852759999996124	epochs	2.0
549.3879168245239	0.01428720000001249	epochs	3.0
549.4022040245239	0.01424039999994875	epochs	3.0
549.4164444245239	0.028341400000044814	epochs	2.0
549.4164444245239	0.014193800000043666	epochs	3.0
549.4306382245239	0.014147600000001148	epochs	3.0
549.4447858245239	0.028157699999951546	epochs	2.0
549.4447858245239	0.014101699999969242	epochs	3.0
549.4588875245239	0.014055999999982305	epochs	3.0
549.4729435245239	0.027976300000091214	epochs	2.0
549.4729435245239	0.01401060000000598	epochs	3.0
549.4869541245239	0.013965700000085235	epochs	3.0
549.500919824524	0.027797199999895383	epochs	2.0
549.500919824524	0.013920799999937117	epochs	3.0
549.5148406245239	0.013876399999958267	epochs	3.0
549.5287170245239	0.027620400000046175	epochs	2.0
549.5287170245239	0.013832200000024386	epochs	3.0
549.5425492245239	0.013788200000021789	epochs	3.0
549.5563374245239	0.027445899999975154	epochs	2.0
549.5563374245239	0.013744599999995444	epochs	3.0
549.5700820245239	0.01370129999997971	epochs	3.0
549.5837833245239	0.027273499999978412	epochs	2.0
549.5837833245239	0.013658200000008947	epochs	3.0
549.5974415245239	0.013615299999969466	epochs	3.0
549.6110568245239	0.02710340000010092	epochs	2.0
549.6110568245239	0.013572800000019924	epochs	3.0
549.6246296245239	0.013530600000080995	epochs	3.0
549.638160224524	0.026935199999911674	epochs	2.0
549.638160224524	0.01348839999991469	epochs	3.0
549.6516486245239	0.013446799999996983	epochs	3.0
549.6650954245239	0.026769199999989723	epochs	2.0
549.6650954245239	0.013405200000079276	epochs	3.0
549.678500624524	0.013363999999910448	epochs	3.0
549.6918646245239	0.026605200000062723	epochs	2.0
549.6918646245239	0.013322900000048321	epochs	3.0
549.7051875245239	0.013282300000014402	epochs	3.0
549.7184698245239	0.026443200000016986	epochs	2.0
549.7184698245239	0.013241699999980483	epochs	3.0
549.7317115245239	0.013201500000036503	epochs	3.0
549.744913024524	0.0262831999999662	epochs	2.0
549.744913024524	0.013161500000023807	epochs	3.0
549.758074524524	0.013121699999942393	epochs	3.0
549.7711962245239	0.02612499999997908	epochs	2.0
549.7711962245239	0.013082100000019636	epochs	3.0
549.7842783245239	0.013042899999959445	epochs	3.0
549.7973212245239	0.025968900000066242	epochs	2.0
549.7973212245239	0.01300390000005791	epochs	3.0
549.810325124524	0.012965000000008331	epochs	3.0
549.823290124524	0.025814499999910367	epochs	2.0
549.823290124524	0.012926399999969362	epochs	3.0
549.8362165245239	0.012888099999941005	epochs	3.0
549.8491046245239	0.025661900000045534	epochs	2.0
549.8491046245239	0.012849900000105663	epochs	3.0
549.861954524524	0.012811999999939871	epochs	3.0
549.8747665245239	0.025511199999982637	epochs	2.0
549.8747665245239	0.012774400000012065	epochs	3.0
549.8875409245239	0.012736799999970572	epochs	3.0
549.9002777245239	0.025362299999983406	epochs	2.0
549.9002777245239	0.01269969999998466	epochs	3.0
549.9129774245239	0.012662599999998747	epochs	3.0
549.9256400245239	0.025215000000002874	epochs	2.0
549.9256400245239	0.012625800000023446	epochs	3.0
549.9382658245239	0.012589199999979428	epochs	3.0
549.9508550245239	0.024584800000070572	epochs	2.0
549.974447524524	0.5	epochs	-1.0
549.975439824524	0.5279199999999946	epochs	1.0
550.503359824524	0.47199999999998	epochs	0.0
550.8519997596741	0.09136000000000877	epochs	0.0
550.8519997596741	0.04068259999996826	epochs	1.0
550.892682359674	0.009994800000072246	epochs	1.0
550.9026771596741	0.04068259999996826	epochs	1.0
550.9434397596741	2.0	epochs	0.0
552.9434074596741	0.5	epochs	-1.0
552.9434397596741	21.548639999999978	epochs	0.0
552.9434397596741	1.0	epochs	1.0
553.4434074596741	19.999040000000036	epochs	-1.0
553.9434397596741	20.0	epochs	1.0
553.9434397596741	4.356753899999944	epochs	-1.0
553.9434397596741	1.9745871999999736	epochs	2.0
553.9434397596741	1.0985621999999466	epochs	3.0
555.042001959674	0.8760250000000269	epochs	3.0
555.9180269596741	1.3524075000000266	epochs	2.0
555.9180269596741	0.7286354999999958	epochs	3.0
556.6466624596741	0.6237720000000309	epochs	3.0
557.2704344596741	1.029759199999944	epochs	2.0
557.2704344596741	0.5453292999999348	epochs	3.0
557.815763759674	0.4844299000000092	epochs	3.0
558.300193659674	0.8317862000000105	epochs	2.0
558.300193659674	0.4357763000000432	epochs	3.0
558.7359699596741	0.3960098999999673	epochs	3.0
559.1319798596741	0.6977970000000369	epochs	2.0
559.1319798596741	0.3628982000000178	epochs	3.0
559.4948780596741	0.33489880000001904	epochs	3.0
559.8297768596741	0.601045699999986	epochs	2.0
559.8297768596741	0.3109122999999272	epochs	3.0
560.140689159674	0.2901334000000588	epochs	3.0
560.4308225596741	0.5278859000000011	epochs	2.0
560.4308225596741	0.2719585999999481	epochs	3.0
560.702781159674	0.25592730000005304	epochs	3.0
560.9587084596741	0.470619299999953	epochs	2.0
560.9587084596741	0.241681299999982	epochs	3.0
561.2003897596741	0.228937999999971	epochs	3.0
561.429327759674	0.42457039999999324	epochs	2.0
561.429327759674	0.21747140000002219	epochs	3.0
561.6467991596741	0.20709899999997106	epochs	3.0
561.853898159674	0.3867354000000205	epochs	2.0
561.853898159674	0.19767110000009325	epochs	3.0
562.0515692596741	0.18906429999992724	epochs	3.0
562.240633559674	0.3550953000000163	epochs	2.0
562.240633559674	0.18117589999997108	epochs	3.0
562.421809459674	0.17391940000004524	epochs	3.0
562.5957288596741	0.3282431000000088	epochs	2.0
562.5957288596741	0.16722189999995862	epochs	3.0
562.762950759674	0.16102120000005016	epochs	3.0
562.9239719596741	0.30516799999998057	epochs	2.0
562.9239719596741	0.15526390000002266	epochs	3.0
563.0792358596741	0.1499040999999579	epochs	3.0
563.2291399596741	0.28512530000000424	epochs	2.0
563.2291399596741	0.1449020999999675	epochs	3.0
563.374042059674	0.14022320000003674	epochs	3.0
563.5142652596741	0.2675537999999733	epochs	2.0
563.5142652596741	0.1358368999999584	epochs	3.0
563.650102159674	0.1317169000000149	epochs	3.0
563.781819059674	0.2520229000000427	epochs	2.0
563.781819059674	0.1278393000000051	epochs	3.0
563.909658359674	0.12418360000003759	epochs	3.0
564.0338419596741	0.23819649999995818	epochs	2.0
564.0338419596741	0.12073109999994358	epochs	3.0
564.154573059674	0.1174654000000146	epochs	3.0
564.272038459674	0.2258087999999816	epochs	2.0
564.272038459674	0.11437190000003739	epochs	3.0
564.3864103596741	0.11143689999994422	epochs	3.0
564.497847259674	0.2146460000000161	epochs	2.0
564.497847259674	0.10864890000004834	epochs	3.0
564.6064961596741	0.10599709999996776	epochs	3.0
564.712493259674	0.20453500000007807	epochs	2.0
564.712493259674	0.10347150000006877	epochs	3.0
564.8159647596741	0.1010635000000093	epochs	3.0
564.9170282596741	0.19533400000000256	epochs	2.0
564.9170282596741	0.09876509999992322	epochs	3.0
565.015793359674	0.09656890000007934	epochs	3.0
565.1123622596741	0.18692529999998442	epochs	2.0
565.1123622596741	0.09446829999990314	epochs	3.0
565.206830559674	0.09245700000008128	epochs	3.0
565.2992875596741	0.17921069999999872	epochs	2.0
565.2992875596741	0.09052959999996801	epochs	3.0
565.3898171596741	0.08868110000003071	epochs	3.0
565.4784982596741	0.17210769999996955	epochs	2.0
565.4784982596741	0.08690630000000965	epochs	3.0
565.5654045596741	0.0852013999999599	epochs	3.0
565.6506059596741	0.16554640000003928	epochs	2.0
565.6506059596741	0.08356189999994967	epochs	3.0
565.734167859674	0.08198450000008961	epochs	3.0
565.8161523596741	0.15946709999991526	epochs	2.0
565.8161523596741	0.08046539999998004	epochs	3.0
565.8966177596741	0.07900169999993523	epochs	3.0
565.975619459674	0.15381840000009106	epochs	2.0
565.975619459674	0.07759010000006583	epochs	3.0
566.0532095596741	0.07622830000002523	epochs	3.0
566.1294378596741	0.14855639999996129	epochs	2.0
566.1294378596741	0.07491329999993468	epochs	3.0
566.204351159674	0.0736431000000266	epochs	3.0
566.2779942596741	0.14364239999997608	epochs	2.0
566.2779942596741	0.07241499999997814	epochs	3.0
566.350409259674	0.07122739999999794	epochs	3.0
566.421636659674	0.13904309999998077	epochs	2.0
566.421636659674	0.07007799999996678	epochs	3.0
566.491714659674	0.06896510000001399	epochs	3.0
566.560679759674	0.1347293000000036	epochs	2.0
566.560679759674	0.0678871000000072	epochs	3.0
566.628566859674	0.06684219999999641	epochs	3.0
566.695409059674	0.1306752000000415	epochs	2.0
566.695409059674	0.06582910000008724	epochs	3.0
566.7612381596741	0.06484609999995428	epochs	3.0
566.8260842596741	0.12685780000003888	epochs	2.0
566.8260842596741	0.06389200000000983	epochs	3.0
566.8899762596741	0.06296580000002905	epochs	3.0
566.9529420596741	0.12325720000001184	epochs	2.0
566.9529420596741	0.062065799999913907	epochs	3.0
567.015007859674	0.06119140000009793	epochs	3.0
567.0761992596741	0.11985539999989214	epochs	2.0
567.0761992596741	0.060341099999959624	epochs	3.0
567.1365403596741	0.05951429999993252	epochs	3.0
567.196054659674	0.11663620000001629	epochs	2.0
567.196054659674	0.05870960000004288	epochs	3.0
567.2547642596741	0.057926599999973405	epochs	3.0
567.312690859674	0.11358560000007856	epochs	2.0
567.312690859674	0.05716419999998834	epochs	3.0
567.369855059674	0.056421400000090216	epochs	3.0
567.4262764596741	0.11069049999991876	epochs	2.0
567.4262764596741	0.05569789999992736	epochs	3.0
567.481974359674	0.0549925999999914	epochs	3.0
567.536966959674	0.1079391000000669	epochs	2.0
567.536966959674	0.05430490000003374	epochs	3.0
567.5912718596741	0.05363420000003316	epochs	3.0
567.6449060596741	0.10532149999994544	epochs	2.0
567.6449060596741	0.05297999999993408	epochs	3.0
567.697886059674	0.052341500000011365	epochs	3.0
567.750227559674	0.10282760000006874	epochs	2.0
567.750227559674	0.05171810000001642	epochs	3.0
567.8019456596741	0.05110950000005232	epochs	3.0
567.8530551596741	0.10044909999999163	epochs	2.0
567.8530551596741	0.05051489999993919	epochs	3.0
567.903570059674	0.04993420000005244	epochs	3.0
567.9535042596741	0.0981782999999723	epochs	2.0
567.9535042596741	0.04936659999998483	epochs	3.0
568.0028708596741	0.04881169999998747	epochs	3.0
568.0516825596741	0.09600779999993847	epochs	2.0
568.0516825596741	0.04826920000004975	epochs	3.0
568.0999517596741	0.04773859999988872	epochs	3.0
568.147690359674	0.09393120000004274	epochs	2.0
568.147690359674	0.04721950000009656	epochs	3.0
568.1949098596741	0.04671169999994618	epochs	3.0
568.2416215596741	0.09194260000003851	epochs	2.0
568.2416215596741	0.046214599999984785	epochs	3.0
568.287836159674	0.045728000000053726	epochs	3.0
568.3335641596741	0.09003629999995155	epochs	2.0
568.3335641596741	0.045251499999949374	epochs	3.0
568.378815659674	0.04478480000000218	epochs	3.0
568.423600459674	0.08820760000003247	epochs	2.0
568.423600459674	0.044327800000019124	epochs	3.0
568.4679282596741	0.04387980000001335	epochs	3.0
568.5118080596741	0.0864516999999978	epochs	2.0
568.5118080596741	0.04344100000002982	epochs	3.0
568.5552490596741	0.04301069999996798	epochs	3.0
568.5982597596741	0.08476429999996071	epochs	2.0
568.5982597596741	0.04258900000002086	epochs	3.0
568.6408487596741	0.04217529999993985	epochs	3.0
568.683024059674	0.08314150000001064	epochs	2.0
568.683024059674	0.04176970000003166	epochs	3.0
568.7247937596741	0.041371799999978975	epochs	3.0
568.766165559674	0.08157970000002024	epochs	2.0
568.766165559674	0.04098140000007788	epochs	3.0
568.8071469596741	0.040598299999942355	epochs	3.0
568.8477452596741	0.08007550000002084	epochs	2.0
568.8477452596741	0.04022229999998217	epochs	3.0
568.887967559674	0.03985320000003867	epochs	3.0
568.9278207596741	0.07862569999997504	epochs	2.0
568.9278207596741	0.0394907999999532	epochs	3.0
568.967311559674	0.039134900000021844	epochs	3.0
569.0064464596741	0.07722760000001472	epochs	2.0
569.0064464596741	0.038785400000051595	epochs	3.0
569.0452318596741	0.03844219999996312	epochs	3.0
569.0836740596741	0.07587820000003376	epochs	2.0
569.0836740596741	0.038104800000041905	epochs	3.0
569.1217788596741	0.03777339999999185	epochs	3.0
569.1595522596741	0.07457519999991291	epochs	2.0
569.1595522596741	0.03744769999991604	epochs	3.0
569.196999959674	0.03712749999999687	epochs	3.0
569.234127459674	0.07331629999998768	epochs	2.0
569.234127459674	0.0368129000000863	epochs	3.0
569.2709403596741	0.036503399999901376	epochs	3.0
569.307443759674	0.07209900000009384	epochs	2.0
569.307443759674	0.03619910000008986	epochs	3.0
569.3436428596741	0.03589990000000398	epochs	3.0
569.3795427596741	0.07092169999998532	epochs	2.0
569.3795427596741	0.03560559999993984	epochs	3.0
569.415148359674	0.03531610000004548	epochs	3.0
569.4504644596741	0.06978200000003199	epochs	2.0
569.4504644596741	0.03503119999993487	epochs	3.0
569.485495659674	0.034750800000097115	epochs	3.0
569.5202464596741	0.06867859999999837	epochs	2.0
569.5202464596741	0.034475099999895065	epochs	3.0
569.554721559674	0.034203500000103304	epochs	3.0
569.5889250596741	0.06760929999995824	epochs	2.0
569.5889250596741	0.033936199999970995	epochs	3.0
569.6228612596741	0.033673099999987244	epochs	3.0
569.6565343596741	0.06657289999998284	epochs	2.0
569.6565343596741	0.03341399999999339	epochs	3.0
569.6899483596741	0.033158899999989444	epochs	3.0
569.7231072596741	0.06556780000005347	epochs	2.0
569.7231072596741	0.032907700000009754	epochs	3.0
569.7560149596741	0.03266010000004371	epochs	3.0
569.7886750596741	0.06459259999996902	epochs	2.0
569.7886750596741	0.032416399999988244	epochs	3.0
569.8210914596741	0.03217619999998078	epochs	3.0
569.8532676596741	0.0636459999999488	epochs	2.0
569.8532676596741	0.03193959999998697	epochs	3.0
569.8852072596741	0.03170639999996183	epochs	3.0
569.916913659674	0.0627266999999847	epochs	2.0
569.916913659674	0.03147660000001906	epochs	3.0
569.948390259674	0.03125009999996564	epochs	3.0
569.979640359674	0.06183359999999993	epochs	2.0
569.979640359674	0.031026900000028945	epochs	3.0
570.010667259674	0.030806699999970988	epochs	3.0
570.041473959674	0.06096560000003137	epochs	2.0
570.041473959674	0.030589800000029754	epochs	3.0
570.072063759674	0.030375800000001618	epochs	3.0
570.102439559674	0.06012160000000222	epochs	2.0
570.102439559674	0.030164900000045236	epochs	3.0
570.1326044596741	0.02995669999995698	epochs	3.0
570.162561159674	0.05930069999999432	epochs	2.0
570.162561159674	0.029751600000054168	epochs	3.0
570.1923127596741	0.029549099999940154	epochs	3.0
570.221861859674	0.05850180000004457	epochs	2.0
570.221861859674	0.02934940000000097	epochs	3.0
570.251211259674	0.0291524000000436	epochs	3.0
570.2803636596741	0.05772419999993872	epochs	2.0
570.2803636596741	0.028957999999988715	epochs	3.0
570.3093216596741	0.028766199999950004	epochs	3.0
570.338087859674	0.05696710000006533	epochs	2.0
570.338087859674	0.028577000000041153	epochs	3.0
570.3666648596741	0.028390100000024177	epochs	3.0
570.3950549596741	0.05622949999997218	epochs	2.0
570.3950549596741	0.028205699999944045	epochs	3.0
570.423260659674	0.028023800000028132	epochs	3.0
570.4512844596741	0.05551070000001346	epochs	2.0
570.4512844596741	0.027843999999959124	epochs	3.0
570.479128459674	0.027666700000054334	epochs	3.0
570.5067951596741	0.054810200000019904	epochs	2.0
570.5067951596741	0.02749149999999645	epochs	3.0
570.5342866596741	0.027318700000023455	epochs	3.0
570.5616053596741	0.05412699999999404	epochs	2.0
570.5616053596741	0.027147799999966082	epochs	3.0
570.5887531596741	0.02697920000002796	epochs	3.0
570.6157323596741	0.053460699999959616	epochs	2.0
570.6157323596741	0.0268125999999711	epochs	3.0
570.6425449596741	0.026648099999988517	epochs	3.0
570.6691930596741	0.05281070000000909	epochs	2.0
570.6691930596741	0.026485600000000886	epochs	3.0
570.6956786596741	0.026325100000008206	epochs	3.0
570.7220037596741	0.05217619999996259	epochs	2.0
570.7220037596741	0.026166399999965506	epochs	3.0
570.748170159674	0.026009799999997085	epochs	3.0
570.774179959674	0.051556699999991906	epochs	2.0
570.774179959674	0.025854800000047362	epochs	3.0
570.8000347596741	0.025701899999944544	epochs	3.0
570.825736659674	0.050951900000086425	epochs	2.0
570.825736659674	0.02555070000005344	epochs	3.0
570.8512873596741	0.025401200000032986	epochs	3.0
570.8766885596741	0.05036099999995258	epochs	2.0
570.8766885596741	0.025253499999962514	epochs	3.0
570.9019420596741	0.02510749999999007	epochs	3.0
570.9270495596741	0.049783800000000156	epochs	2.0
570.9270495596741	0.02496320000000196	epochs	3.0
570.9520127596741	0.024820599999998194	epochs	3.0
570.9768333596741	0.049219500000049266	epochs	2.0
570.9768333596741	0.024679399999968155	epochs	3.0
571.001512759674	0.02454010000008111	epochs	3.0
571.0260528596741	0.048667899999941255	epochs	2.0
571.0260528596741	0.02440209999997478	epochs	3.0
571.0504549596741	0.024265799999966475	epochs	3.0
571.074720759674	0.04812860000004093	epochs	2.0
571.074720759674	0.024131000000011227	epochs	3.0
571.0988517596741	0.023997600000029706	epochs	3.0
571.1228493596741	0.04760109999995166	epochs	2.0
571.1228493596741	0.023865799999953197	epochs	3.0
571.146715159674	0.02373529999999846	epochs	3.0
571.170450459674	0.047085000000038235	epochs	2.0
571.170450459674	0.023606299999983094	epochs	3.0
571.194056759674	0.02347870000005514	epochs	3.0
571.2175354596741	0.046579999999948996	epochs	2.0
571.2175354596741	0.02335249999998723	epochs	3.0
571.2408879596741	0.023227499999961765	epochs	3.0
571.264115459674	0.046085700000048746	epochs	2.0
571.264115459674	0.023103999999989355	epochs	3.0
571.287219459674	0.02298170000005939	epochs	3.0
571.3102011596741	0.045601799999985815	epochs	2.0
571.3102011596741	0.022860700000023826	epochs	3.0
571.3330618596741	0.02274109999996199	epochs	3.0
571.3558029596741	0.04512790000001132	epochs	2.0
571.3558029596741	0.022622500000011314	epochs	3.0
571.3784254596741	0.02250540000000001	epochs	3.0
571.4009308596741	0.044663799999966614	epochs	2.0
571.4009308596741	0.02238929999998618	epochs	3.0
571.4233201596741	0.022274499999980435	epochs	3.0
571.445594659674	0.04420920000006845	epochs	2.0
571.445594659674	0.022160800000051495	epochs	3.0
571.4677554596741	0.022048400000016954	epochs	3.0
571.4898038596741	0.04376359999992019	epochs	2.0
571.4898038596741	0.021936900000014248	epochs	3.0
571.5117407596741	0.02182669999990594	epochs	3.0
571.533567459674	0.04332710000005591	epochs	2.0
571.533567459674	0.021717599999988124	epochs	3.0
571.555285059674	0.021609500000067783	epochs	3.0
571.5768945596741	0.04289900000003399	epochs	2.0
571.5768945596741	0.02150249999999687	epochs	3.0
571.5983970596741	0.021396500000037122	epochs	3.0
571.6197935596741	0.04247949999989942	epochs	2.0
571.6197935596741	0.02129170000000613	epochs	3.0
571.6410852596741	0.021187799999893286	epochs	3.0
571.662273059674	0.042067900000006375	epochs	2.0
571.662273059674	0.02108490000000529	epochs	3.0
571.683357959674	0.020983000000001084	epochs	3.0
571.704340959674	0.04166440000005878	epochs	2.0
571.704340959674	0.02088220000007368	epochs	3.0
571.7252231596741	0.020782199999985096	epochs	3.0
571.7460053596741	0.04126850000000104	epochs	2.0
571.7460053596741	0.020683299999973315	epochs	3.0
571.7666886596741	0.020585200000027726	epochs	3.0
571.7872738596741	0.04088000000001557	epochs	2.0
571.7872738596741	0.020488099999965925	epochs	3.0
571.807761959674	0.020391900000049645	epochs	3.0
571.8281538596741	0.04049880000002304	epochs	2.0
571.8281538596741	0.020296599999937825	epochs	3.0
571.848450459674	0.020202200000085213	epochs	3.0
571.8686526596741	0.040124599999899146	epochs	2.0
571.8686526596741	0.020108699999923374	epochs	3.0
571.888761359674	0.020015899999975773	epochs	3.0
571.908777259674	0.03975730000001931	epochs	2.0
571.908777259674	0.019924200000104975	epochs	3.0
571.9287014596741	0.01983309999991434	epochs	3.0
571.948534559674	0.03939669999999751	epochs	2.0
571.948534559674	0.01974300000006224	epochs	3.0
571.9682775596741	0.01965369999993527	epochs	3.0
571.987931259674	0.039042400000084854	epochs	2.0
571.987931259674	0.01956510000002254	epochs	3.0
572.0074963596741	0.019477300000062314	epochs	3.0
572.0269736596741	0.03869459999998526	epochs	2.0
572.0269736596741	0.01939039999990655	epochs	3.0
572.046364059674	0.01930420000007871	epochs	3.0
572.0656682596741	0.03835289999994984	epochs	2.0
572.0656682596741	0.019218799999976	epochs	3.0
572.0848870596741	0.01913409999997384	epochs	3.0
572.1040211596741	0.03801720000001296	epochs	2.0
572.1040211596741	0.019050200000037876	epochs	3.0
572.1230713596741	0.018966999999975087	epochs	3.0
572.1420383596741	0.037687200000050325	epochs	2.0
572.1420383596741	0.01888450000001285	epochs	3.0
572.1609228596741	0.018802700000037476	epochs	3.0
572.1797255596741	0.03736309999999321	epochs	2.0
572.1797255596741	0.01872169999990092	epochs	3.0
572.198447259674	0.01864140000009229	epochs	3.0
572.2170886596741	0.03704429999993408	epochs	2.0
572.2170886596741	0.01856159999999818	epochs	3.0
572.2356502596741	0.018482699999935903	epochs	3.0
572.254132959674	0.0367310000000316	epochs	2.0
572.254132959674	0.018404300000042895	epochs	3.0
572.2725372596741	0.018326699999988705	epochs	3.0
572.2908639596741	0.03642289999993409	epochs	2.0
572.2908639596741	0.018249599999990096	epochs	3.0
572.3091135596741	0.018173299999943993	epochs	3.0
572.327286859674	0.03612010000006194	epochs	2.0
572.327286859674	0.0180976000000328	epochs	3.0
572.345384459674	0.01802250000002914	epochs	3.0
572.3634069596741	0.03582210000001851	epochs	2.0
572.3634069596741	0.017947899999967376	epochs	3.0
572.381354859674	0.017874200000051133	epochs	3.0
572.3992290596741	0.03552899999999681	epochs	2.0
572.3992290596741	0.017800800000031813	epochs	3.0
572.4170298596741	0.017728199999965	epochs	3.0
572.4347580596741	0.03524070000003121	epochs	2.0
572.4347580596741	0.017656099999953767	epochs	3.0
572.452414159674	0.017584600000077444	epochs	3.0
572.4699987596741	0.03495709999992869	epochs	2.0
572.4699987596741	0.01751369999999497	epochs	3.0
572.4875124596741	0.017443399999933717	epochs	3.0
572.504955859674	0.03467790000001969	epochs	2.0
572.504955859674	0.017373600000041733	epochs	3.0
572.5223294596741	0.017304299999977957	epochs	3.0
572.5396337596741	0.03440330000000813	epochs	2.0
572.5396337596741	0.01723570000001473	epochs	3.0
572.5568694596741	0.0171675999999934	epochs	3.0
572.5740370596741	0.03413279999995211	epochs	2.0
572.5740370596741	0.01709989999994832	epochs	3.0
572.591136959674	0.017032900000003792	epochs	3.0
572.608169859674	0.03386670000008962	epochs	2.0
572.608169859674	0.01696640000000116	epochs	3.0
572.625136259674	0.016900300000088464	epochs	3.0
572.6420365596741	0.03360459999998966	epochs	2.0
572.6420365596741	0.01683479999996962	epochs	3.0
572.6588713596741	0.01676980000002004	epochs	3.0
572.6756411596741	0.033346599999958926	epochs	2.0
572.6756411596741	0.016705300000012357	epochs	3.0
572.6923464596741	0.01664129999994657	epochs	3.0
572.7089877596741	0.03309249999995245	epochs	2.0
572.7089877596741	0.016577800000050047	epochs	3.0
572.7255655596741	0.016514699999902405	epochs	3.0
572.742080259674	0.032842300000083924	epochs	2.0
572.742080259674	0.01645220000000336	epochs	3.0
572.758532459674	0.016390100000080565	epochs	3.0
572.7749225596741	0.03259570000000167	epochs	2.0
572.7749225596741	0.01632839999990665	epochs	3.0
572.791250959674	0.01626730000009502	epochs	3.0
572.8075182596741	0.032352899999978035	epochs	2.0
572.8075182596741	0.01620659999991858	epochs	3.0
572.823724859674	0.016146300000059455	epochs	3.0
572.8398711596741	0.03211369999996805	epochs	2.0
572.8398711596741	0.016086599999994178	epochs	3.0
572.8559577596741	0.01602709999997387	epochs	3.0
572.8719848596741	0.03187800000000607	epochs	2.0
572.8719848596741	0.015968199999974786	epochs	3.0
572.887953059674	0.015909800000031282	epochs	3.0
572.9038628596741	0.031645700000012766	epochs	2.0
572.9038628596741	0.01585160000001906	epochs	3.0
572.9197144596741	0.015794099999993705	epochs	3.0
572.9355085596741	0.0314167000000225	epochs	2.0
572.9355085596741	0.015736700000047676	epochs	3.0
572.9512452596741	0.015679999999974825	epochs	3.0
572.9669252596741	0.031191100000000915	epochs	2.0
572.9669252596741	0.015623600000026272	epochs	3.0
572.9825488596741	0.015567499999974643	epochs	3.0
572.9981163596741	0.030968700000016725	epochs	2.0
572.9981163596741	0.015511999999944237	epochs	3.0
573.013628359674	0.015456700000072487	epochs	3.0
573.0290850596741	0.030749499999956242	epochs	2.0
573.0290850596741	0.015401999999994587	epochs	3.0
573.0444870596741	0.015347499999961656	epochs	3.0
573.0598345596741	0.03053320000003623	epochs	2.0
573.0598345596741	0.015293400000018664	epochs	3.0
573.0751279596741	0.015239800000017567	epochs	3.0
573.0903677596741	0.030320099999926242	epochs	2.0
573.0903677596741	0.015186499999913394	epochs	3.0
573.105554259674	0.015133600000012848	epochs	3.0
573.120687859674	0.03010990000007041	epochs	2.0
573.120687859674	0.015081000000009226	epochs	3.0
573.135768859674	0.015028900000061185	epochs	3.0
573.1507977596741	0.029902499999934662	epochs	2.0
573.1507977596741	0.01497699999993074	epochs	3.0
573.165774759674	0.014925500000003922	epochs	3.0
573.180700259674	0.029698100000018712	epochs	2.0
573.180700259674	0.014874400000053356	epochs	3.0
573.1955746596741	0.014823699999965356	epochs	3.0
573.2103983596741	0.02949630000000525	epochs	2.0
573.2103983596741	0.014773200000036013	epochs	3.0
573.2251715596741	0.014723099999969236	epochs	3.0
573.2398946596741	0.02929740000001857	epochs	2.0
573.2398946596741	0.014673399999992398	epochs	3.0
573.254568059674	0.014624000000026172	epochs	3.0
573.2691920596741	0.029101099999934377	epochs	2.0
573.2691920596741	0.01457489999995687	epochs	3.0
573.283766959674	0.014526199999977507	epochs	3.0
573.298293159674	0.02890740000009373	epochs	2.0
573.298293159674	0.014477700000043114	epochs	3.0
573.3127708596741	0.014429700000050616	epochs	3.0
573.3272005596741	0.028716199999962555	epochs	2.0
573.3272005596741	0.014381799999910072	epochs	3.0
573.341582359674	0.014334400000052483	epochs	3.0
573.3559167596741	0.02852759999996124	epochs	2.0
573.3559167596741	0.01428720000001249	epochs	3.0
573.3702039596741	0.01424039999994875	epochs	3.0
573.384444359674	0.028341400000044814	epochs	2.0
573.384444359674	0.014193800000043666	epochs	3.0
573.3986381596741	0.014147600000001148	epochs	3.0
573.4127857596741	0.028157699999951546	epochs	2.0
573.4127857596741	0.014101699999969242	epochs	3.0
573.426887459674	0.014055999999982305	epochs	3.0
573.440943459674	0.027976300000091214	epochs	2.0
573.440943459674	0.01401060000000598	epochs	3.0
573.454954059674	0.013965700000085235	epochs	3.0
573.4689197596741	0.027797199999895383	epochs	2.0
573.4689197596741	0.013920799999937117	epochs	3.0
573.4828405596741	0.013876399999958267	epochs	3.0
573.496716959674	0.027620400000046175	epochs	2.0
573.496716959674	0.013832200000024386	epochs	3.0
573.510549159674	0.013788200000021789	epochs	3.0
573.5243373596741	0.027445899999975154	epochs	2.0
573.5243373596741	0.013744599999995444	epochs	3.0
573.5380819596741	0.01370129999997971	epochs	3.0
573.551783259674	0.027273499999978412	epochs	2.0
573.551783259674	0.013658200000008947	epochs	3.0
573.565441459674	0.013615299999969466	epochs	3.0
573.579056759674	0.02710340000010092	epochs	2.0
573.579056759674	0.013572800000019924	epochs	3.0
573.592629559674	0.013530600000080995	epochs	3.0
573.6061601596741	0.026935199999911674	epochs	2.0
573.6061601596741	0.01348839999991469	epochs	3.0
573.619648559674	0.013446799999996983	epochs	3.0
573.633095359674	0.026769199999989723	epochs	2.0
573.633095359674	0.013405200000079276	epochs	3.0
573.6465005596741	0.013363999999910448	epochs	3.0
573.659864559674	0.026605200000062723	epochs	2.0
573.659864559674	0.013322900000048321	epochs	3.0
573.6731874596741	0.013282300000014402	epochs	3.0
573.6864697596741	0.026443200000016986	epochs	2.0
573.6864697596741	0.013241699999980483	epochs	3.0
573.6997114596741	0.013201500000036503	epochs	3.0
573.7129129596741	0.0262831999999662	epochs	2.0
573.7129129596741	0.013161500000023807	epochs	3.0
573.7260744596741	0.013121699999942393	epochs	3.0
573.7391961596741	0.02612499999997908	epochs	2.0
573.7391961596741	0.013082100000019636	epochs	3.0
573.7522782596741	0.013042899999959445	epochs	3.0
573.765321159674	0.025968900000066242	epochs	2.0
573.765321159674	0.01300390000005791	epochs	3.0
573.7783250596741	0.012965000000008331	epochs	3.0
573.7912900596741	0.025814499999910367	epochs	2.0
573.7912900596741	0.012926399999969362	epochs	3.0
573.8042164596741	0.012888099999941005	epochs	3.0
573.817104559674	0.025661900000045534	epochs	2.0
573.817104559674	0.012849900000105663	epochs	3.0
573.8299544596741	0.012811999999939871	epochs	3.0
573.8427664596741	0.025511199999982637	epochs	2.0
573.8427664596741	0.012774400000012065	epochs	3.0
573.8555408596741	0.012736799999970572	epochs	3.0
573.868277659674	0.025362299999983406	epochs	2.0
573.868277659674	0.01269969999998466	epochs	3.0
573.880977359674	0.012662599999998747	epochs	3.0
573.893639959674	0.025215000000002874	epochs	2.0
573.893639959674	0.012625800000023446	epochs	3.0
573.906265759674	0.012589199999979428	epochs	3.0
573.918854959674	0.024584800000070572	epochs	2.0
573.9424474596741	0.5	epochs	-1.0
573.9434397596741	0.5486399999999776	epochs	1.0
574.4920797596741	0.451279999999997	epochs	0.0
583.5829997062683	0.09136000000000877	epochs	0.0
583.5829997062683	0.04068259999996826	epochs	1.0
583.6236823062683	0.009994800000072246	epochs	1.0
583.6336771062684	0.04068259999996826	epochs	1.0
583.6744397062683	2.0	epochs	0.0
585.6744074062683	0.5	epochs	-1.0
585.6744397062683	5.3680799999999635	epochs	0.0
585.6744397062683	1.0	epochs	1.0
586.1744074062683	4.868112300000007	epochs	-1.0
586.6744397062683	4.3680799999999635	epochs	1.0
586.6744397062683	4.356753899999944	epochs	-1.0
586.6744397062683	1.9745871999999736	epochs	2.0
586.6744397062683	1.0985621999999466	epochs	3.0
587.7730019062683	0.8760250000000269	epochs	3.0
588.6490269062683	1.3524075000000266	epochs	2.0
588.6490269062683	0.7286354999999958	epochs	3.0
589.3776624062683	0.6237720000000309	epochs	3.0
590.0014344062683	1.029759199999944	epochs	2.0
590.0014344062683	0.5453292999999348	epochs	3.0
590.5467637062683	0.4844299000000092	epochs	3.0
591.0311936062683	0.011326100000019323	epochs	2.0
591.0311936062683	0.011326100000019323	epochs	3.0
591.0425197062683	16.63184000000001	epochs	0.0
591.3929996490479	0.09136000000000877	epochs	0.0
591.3929996490479	0.04068259999996826	epochs	1.0
591.4336822490478	0.009994800000072246	epochs	1.0
591.4436770490479	0.04068259999996826	epochs	1.0
591.4844396490479	2.0	epochs	0.0
593.4844073490478	0.5	epochs	-1.0
593.4844396490479	21.52767999999992	epochs	0.0
593.4844396490479	1.0	epochs	1.0
593.9844073490478	19.99912000000006	epochs	-1.0
594.4844396490479	20.0	epochs	1.0
594.4844396490479	4.356753899999944	epochs	-1.0
594.4844396490479	1.9745871999999736	epochs	2.0
594.4844396490479	1.0985621999999466	epochs	3.0
595.5830018490478	0.8760250000000269	epochs	3.0
596.4590268490479	1.3524075000000266	epochs	2.0
596.4590268490479	0.7286354999999958	epochs	3.0
597.1876623490479	0.6237720000000309	epochs	3.0
597.8114343490479	1.029759199999944	epochs	2.0
597.8114343490479	0.5453292999999348	epochs	3.0
598.3567636490478	0.4844299000000092	epochs	3.0
598.8411935490478	0.8317862000000105	epochs	2.0
598.8411935490478	0.4357763000000432	epochs	3.0
599.2769698490479	0.3960098999999673	epochs	3.0
599.6729797490478	0.6977970000000369	epochs	2.0
599.6729797490478	0.3628982000000178	epochs	3.0
600.0358779490479	0.33489880000001904	epochs	3.0
600.3707767490479	0.601045699999986	epochs	2.0
600.3707767490479	0.3109122999999272	epochs	3.0
600.6816890490478	0.2901334000000588	epochs	3.0
600.9718224490479	0.5278859000000011	epochs	2.0
600.9718224490479	0.2719585999999481	epochs	3.0
601.2437810490478	0.25592730000005304	epochs	3.0
601.4997083490479	0.470619299999953	epochs	2.0
601.4997083490479	0.241681299999982	epochs	3.0
601.7413896490478	0.228937999999971	epochs	3.0
601.9703276490478	0.42457039999999324	epochs	2.0
601.9703276490478	0.21747140000002219	epochs	3.0
602.1877990490478	0.20709899999997106	epochs	3.0
602.3948980490478	0.3867354000000205	epochs	2.0
602.3948980490478	0.19767110000009325	epochs	3.0
602.5925691490479	0.18906429999992724	epochs	3.0
602.7816334490478	0.3550953000000163	epochs	2.0
602.7816334490478	0.18117589999997108	epochs	3.0
602.9628093490478	0.17391940000004524	epochs	3.0
603.1367287490478	0.3282431000000088	epochs	2.0
603.1367287490478	0.16722189999995862	epochs	3.0
603.3039506490478	0.16102120000005016	epochs	3.0
603.4649718490479	0.30516799999998057	epochs	2.0
603.4649718490479	0.15526390000002266	epochs	3.0
603.6202357490479	0.1499040999999579	epochs	3.0
603.7701398490478	0.28512530000000424	epochs	2.0
603.7701398490478	0.1449020999999675	epochs	3.0
603.9150419490478	0.14022320000003674	epochs	3.0
604.0552651490478	0.2675537999999733	epochs	2.0
604.0552651490478	0.1358368999999584	epochs	3.0
604.1911020490478	0.1317169000000149	epochs	3.0
604.3228189490478	0.2520229000000427	epochs	2.0
604.3228189490478	0.1278393000000051	epochs	3.0
604.4506582490478	0.12418360000003759	epochs	3.0
604.5748418490479	0.23819649999995818	epochs	2.0
604.5748418490479	0.12073109999994358	epochs	3.0
604.6955729490478	0.1174654000000146	epochs	3.0
604.8130383490478	0.2258087999999816	epochs	2.0
604.8130383490478	0.11437190000003739	epochs	3.0
604.9274102490479	0.11143689999994422	epochs	3.0
605.0388471490478	0.2146460000000161	epochs	2.0
605.0388471490478	0.10864890000004834	epochs	3.0
605.1474960490478	0.10599709999996776	epochs	3.0
605.2534931490478	0.20453500000007807	epochs	2.0
605.2534931490478	0.10347150000006877	epochs	3.0
605.3569646490479	0.1010635000000093	epochs	3.0
605.4580281490479	0.19533400000000256	epochs	2.0
605.4580281490479	0.09876509999992322	epochs	3.0
605.5567932490478	0.09656890000007934	epochs	3.0
605.6533621490479	0.18692529999998442	epochs	2.0
605.6533621490479	0.09446829999990314	epochs	3.0
605.7478304490478	0.09245700000008128	epochs	3.0
605.8402874490479	0.17921069999999872	epochs	2.0
605.8402874490479	0.09052959999996801	epochs	3.0
605.9308170490478	0.08868110000003071	epochs	3.0
606.0194981490479	0.17210769999996955	epochs	2.0
606.0194981490479	0.08690630000000965	epochs	3.0
606.1064044490479	0.0852013999999599	epochs	3.0
606.1916058490478	0.16554640000003928	epochs	2.0
606.1916058490478	0.08356189999994967	epochs	3.0
606.2751677490478	0.08198450000008961	epochs	3.0
606.3571522490479	0.15946709999991526	epochs	2.0
606.3571522490479	0.08046539999998004	epochs	3.0
606.4376176490479	0.07900169999993523	epochs	3.0
606.5166193490478	0.15381840000009106	epochs	2.0
606.5166193490478	0.07759010000006583	epochs	3.0
606.5942094490479	0.07622830000002523	epochs	3.0
606.6704377490479	0.14855639999996129	epochs	2.0
606.6704377490479	0.07491329999993468	epochs	3.0
606.7453510490478	0.0736431000000266	epochs	3.0
606.8189941490479	0.14364239999997608	epochs	2.0
606.8189941490479	0.07241499999997814	epochs	3.0
606.8914091490478	0.07122739999999794	epochs	3.0
606.9626365490478	0.13904309999998077	epochs	2.0
606.9626365490478	0.07007799999996678	epochs	3.0
607.0327145490478	0.06896510000001399	epochs	3.0
607.1016796490478	0.1347293000000036	epochs	2.0
607.1016796490478	0.0678871000000072	epochs	3.0
607.1695667490478	0.06684219999999641	epochs	3.0
607.2364089490478	0.1306752000000415	epochs	2.0
607.2364089490478	0.06582910000008724	epochs	3.0
607.3022380490479	0.06484609999995428	epochs	3.0
607.3670841490479	0.12685780000003888	epochs	2.0
607.3670841490479	0.06389200000000983	epochs	3.0
607.4309761490479	0.06296580000002905	epochs	3.0
607.4939419490479	0.12325720000001184	epochs	2.0
607.4939419490479	0.062065799999913907	epochs	3.0
607.5560077490478	0.06119140000009793	epochs	3.0
607.6171991490479	0.11985539999989214	epochs	2.0
607.6171991490479	0.060341099999959624	epochs	3.0
607.6775402490479	0.05951429999993252	epochs	3.0
607.7370545490478	0.11663620000001629	epochs	2.0
607.7370545490478	0.05870960000004288	epochs	3.0
607.7957641490478	0.057926599999973405	epochs	3.0
607.8536907490478	0.11358560000007856	epochs	2.0
607.8536907490478	0.05716419999998834	epochs	3.0
607.9108549490478	0.056421400000090216	epochs	3.0
607.9672763490479	0.11069049999991876	epochs	2.0
607.9672763490479	0.05569789999992736	epochs	3.0
608.0229742490478	0.0549925999999914	epochs	3.0
608.0779668490478	0.1079391000000669	epochs	2.0
608.0779668490478	0.05430490000003374	epochs	3.0
608.1322717490478	0.05363420000003316	epochs	3.0
608.1859059490479	0.10532149999994544	epochs	2.0
608.1859059490479	0.05297999999993408	epochs	3.0
608.2388859490478	0.052341500000011365	epochs	3.0
608.2912274490478	0.10282760000006874	epochs	2.0
608.2912274490478	0.05171810000001642	epochs	3.0
608.3429455490478	0.05110950000005232	epochs	3.0
608.3940550490479	0.10044909999999163	epochs	2.0
608.3940550490479	0.05051489999993919	epochs	3.0
608.4445699490478	0.04993420000005244	epochs	3.0
608.4945041490479	0.0981782999999723	epochs	2.0
608.4945041490479	0.04936659999998483	epochs	3.0
608.5438707490479	0.04881169999998747	epochs	3.0
608.5926824490479	0.09600779999993847	epochs	2.0
608.5926824490479	0.04826920000004975	epochs	3.0
608.6409516490479	0.04773859999988872	epochs	3.0
608.6886902490478	0.09393120000004274	epochs	2.0
608.6886902490478	0.04721950000009656	epochs	3.0
608.7359097490479	0.04671169999994618	epochs	3.0
608.7826214490478	0.09194260000003851	epochs	2.0
608.7826214490478	0.046214599999984785	epochs	3.0
608.8288360490478	0.045728000000053726	epochs	3.0
608.8745640490479	0.09003629999995155	epochs	2.0
608.8745640490479	0.045251499999949374	epochs	3.0
608.9198155490478	0.04478480000000218	epochs	3.0
608.9646003490478	0.08820760000003247	epochs	2.0
608.9646003490478	0.044327800000019124	epochs	3.0
609.0089281490478	0.04387980000001335	epochs	3.0
609.0528079490479	0.0864516999999978	epochs	2.0
609.0528079490479	0.04344100000002982	epochs	3.0
609.0962489490479	0.04301069999996798	epochs	3.0
609.1392596490479	0.08476429999996071	epochs	2.0
609.1392596490479	0.04258900000002086	epochs	3.0
609.1818486490479	0.04217529999993985	epochs	3.0
609.2240239490478	0.08314150000001064	epochs	2.0
609.2240239490478	0.04176970000003166	epochs	3.0
609.2657936490479	0.041371799999978975	epochs	3.0
609.3071654490478	0.08157970000002024	epochs	2.0
609.3071654490478	0.04098140000007788	epochs	3.0
609.3481468490479	0.040598299999942355	epochs	3.0
609.3887451490478	0.08007550000002084	epochs	2.0
609.3887451490478	0.04022229999998217	epochs	3.0
609.4289674490478	0.03985320000003867	epochs	3.0
609.4688206490479	0.07862569999997504	epochs	2.0
609.4688206490479	0.0394907999999532	epochs	3.0
609.5083114490478	0.039134900000021844	epochs	3.0
609.5474463490478	0.07722760000001472	epochs	2.0
609.5474463490478	0.038785400000051595	epochs	3.0
609.5862317490479	0.03844219999996312	epochs	3.0
609.6246739490479	0.07587820000003376	epochs	2.0
609.6246739490479	0.038104800000041905	epochs	3.0
609.6627787490479	0.03777339999999185	epochs	3.0
609.7005521490479	0.07457519999991291	epochs	2.0
609.7005521490479	0.03744769999991604	epochs	3.0
609.7379998490478	0.03712749999999687	epochs	3.0
609.7751273490478	0.07331629999998768	epochs	2.0
609.7751273490478	0.0368129000000863	epochs	3.0
609.8119402490479	0.036503399999901376	epochs	3.0
609.8484436490478	0.07209900000009384	epochs	2.0
609.8484436490478	0.03619910000008986	epochs	3.0
609.8846427490479	0.03589990000000398	epochs	3.0
609.9205426490479	0.07092169999998532	epochs	2.0
609.9205426490479	0.03560559999993984	epochs	3.0
609.9561482490478	0.03531610000004548	epochs	3.0
609.9914643490479	0.06978200000003199	epochs	2.0
609.9914643490479	0.03503119999993487	epochs	3.0
610.0264955490478	0.034750800000097115	epochs	3.0
610.0612463490479	0.06867859999999837	epochs	2.0
610.0612463490479	0.034475099999895065	epochs	3.0
610.0957214490478	0.034203500000103304	epochs	3.0
610.1299249490479	0.06760929999995824	epochs	2.0
610.1299249490479	0.033936199999970995	epochs	3.0
610.1638611490479	0.033673099999987244	epochs	3.0
610.1975342490479	0.06657289999998284	epochs	2.0
610.1975342490479	0.03341399999999339	epochs	3.0
610.2309482490479	0.033158899999989444	epochs	3.0
610.2641071490478	0.06556780000005347	epochs	2.0
610.2641071490478	0.032907700000009754	epochs	3.0
610.2970148490479	0.03266010000004371	epochs	3.0
610.3296749490479	0.06459259999996902	epochs	2.0
610.3296749490479	0.032416399999988244	epochs	3.0
610.3620913490479	0.03217619999998078	epochs	3.0
610.3942675490479	0.0636459999999488	epochs	2.0
610.3942675490479	0.03193959999998697	epochs	3.0
610.4262071490479	0.03170639999996183	epochs	3.0
610.4579135490478	0.0627266999999847	epochs	2.0
610.4579135490478	0.03147660000001906	epochs	3.0
610.4893901490478	0.03125009999996564	epochs	3.0
610.5206402490478	0.06183359999999993	epochs	2.0
610.5206402490478	0.031026900000028945	epochs	3.0
610.5516671490478	0.030806699999970988	epochs	3.0
610.5824738490478	0.06096560000003137	epochs	2.0
610.5824738490478	0.030589800000029754	epochs	3.0
610.6130636490478	0.030375800000001618	epochs	3.0
610.6434394490478	0.06012160000000222	epochs	2.0
610.6434394490478	0.030164900000045236	epochs	3.0
610.6736043490479	0.02995669999995698	epochs	3.0
610.7035610490478	0.05930069999999432	epochs	2.0
610.7035610490478	0.029751600000054168	epochs	3.0
610.7333126490479	0.029549099999940154	epochs	3.0
610.7628617490478	0.05850180000004457	epochs	2.0
610.7628617490478	0.02934940000000097	epochs	3.0
610.7922111490478	0.0291524000000436	epochs	3.0
610.8213635490479	0.05772419999993872	epochs	2.0
610.8213635490479	0.028957999999988715	epochs	3.0
610.8503215490479	0.028766199999950004	epochs	3.0
610.8790877490478	0.05696710000006533	epochs	2.0
610.8790877490478	0.028577000000041153	epochs	3.0
610.9076647490479	0.028390100000024177	epochs	3.0
610.9360548490479	0.05622949999997218	epochs	2.0
610.9360548490479	0.028205699999944045	epochs	3.0
610.9642605490478	0.028023800000028132	epochs	3.0
610.9922843490478	0.05551070000001346	epochs	2.0
610.9922843490478	0.027843999999959124	epochs	3.0
611.0201283490478	0.027666700000054334	epochs	3.0
611.0477950490479	0.054810200000019904	epochs	2.0
611.0477950490479	0.02749149999999645	epochs	3.0
611.0752865490479	0.027318700000023455	epochs	3.0
611.1026052490479	0.05412699999999404	epochs	2.0
611.1026052490479	0.027147799999966082	epochs	3.0
611.1297530490478	0.02697920000002796	epochs	3.0
611.1567322490479	0.053460699999959616	epochs	2.0
611.1567322490479	0.0268125999999711	epochs	3.0
611.1835448490478	0.026648099999988517	epochs	3.0
611.2101929490478	0.05281070000000909	epochs	2.0
611.2101929490478	0.026485600000000886	epochs	3.0
611.2366785490478	0.026325100000008206	epochs	3.0
611.2630036490478	0.05217619999996259	epochs	2.0
611.2630036490478	0.026166399999965506	epochs	3.0
611.2891700490478	0.026009799999997085	epochs	3.0
611.3151798490478	0.051556699999991906	epochs	2.0
611.3151798490478	0.025854800000047362	epochs	3.0
611.3410346490479	0.025701899999944544	epochs	3.0
611.3667365490478	0.050951900000086425	epochs	2.0
611.3667365490478	0.02555070000005344	epochs	3.0
611.3922872490479	0.025401200000032986	epochs	3.0
611.4176884490479	0.05036099999995258	epochs	2.0
611.4176884490479	0.025253499999962514	epochs	3.0
611.4429419490478	0.02510749999999007	epochs	3.0
611.4680494490478	0.049783800000000156	epochs	2.0
611.4680494490478	0.02496320000000196	epochs	3.0
611.4930126490478	0.024820599999998194	epochs	3.0
611.5178332490478	0.049219500000049266	epochs	2.0
611.5178332490478	0.024679399999968155	epochs	3.0
611.5425126490478	0.02454010000008111	epochs	3.0
611.5670527490479	0.048667899999941255	epochs	2.0
611.5670527490479	0.02440209999997478	epochs	3.0
611.5914548490479	0.024265799999966475	epochs	3.0
611.6157206490478	0.04812860000004093	epochs	2.0
611.6157206490478	0.024131000000011227	epochs	3.0
611.6398516490478	0.023997600000029706	epochs	3.0
611.6638492490479	0.04760109999995166	epochs	2.0
611.6638492490479	0.023865799999953197	epochs	3.0
611.6877150490478	0.02373529999999846	epochs	3.0
611.7114503490478	0.047085000000038235	epochs	2.0
611.7114503490478	0.023606299999983094	epochs	3.0
611.7350566490478	0.02347870000005514	epochs	3.0
611.7585353490479	0.046579999999948996	epochs	2.0
611.7585353490479	0.02335249999998723	epochs	3.0
611.7818878490478	0.023227499999961765	epochs	3.0
611.8051153490478	0.046085700000048746	epochs	2.0
611.8051153490478	0.023103999999989355	epochs	3.0
611.8282193490478	0.02298170000005939	epochs	3.0
611.8512010490479	0.045601799999985815	epochs	2.0
611.8512010490479	0.022860700000023826	epochs	3.0
611.8740617490479	0.02274109999996199	epochs	3.0
611.8968028490478	0.04512790000001132	epochs	2.0
611.8968028490478	0.022622500000011314	epochs	3.0
611.9194253490479	0.02250540000000001	epochs	3.0
611.9419307490479	0.044663799999966614	epochs	2.0
611.9419307490479	0.02238929999998618	epochs	3.0
611.9643200490478	0.022274499999980435	epochs	3.0
611.9865945490478	0.04420920000006845	epochs	2.0
611.9865945490478	0.022160800000051495	epochs	3.0
612.0087553490479	0.022048400000016954	epochs	3.0
612.0308037490479	0.04376359999992019	epochs	2.0
612.0308037490479	0.021936900000014248	epochs	3.0
612.0527406490479	0.02182669999990594	epochs	3.0
612.0745673490478	0.04332710000005591	epochs	2.0
612.0745673490478	0.021717599999988124	epochs	3.0
612.0962849490478	0.021609500000067783	epochs	3.0
612.1178944490479	0.04289900000003399	epochs	2.0
612.1178944490479	0.02150249999999687	epochs	3.0
612.1393969490479	0.021396500000037122	epochs	3.0
612.1607934490479	0.04247949999989942	epochs	2.0
612.1607934490479	0.02129170000000613	epochs	3.0
612.1820851490479	0.021187799999893286	epochs	3.0
612.2032729490478	0.042067900000006375	epochs	2.0
612.2032729490478	0.02108490000000529	epochs	3.0
612.2243578490478	0.020983000000001084	epochs	3.0
612.2453408490478	0.04166440000005878	epochs	2.0
612.2453408490478	0.02088220000007368	epochs	3.0
612.2662230490479	0.020782199999985096	epochs	3.0
612.2870052490479	0.04126850000000104	epochs	2.0
612.2870052490479	0.020683299999973315	epochs	3.0
612.3076885490478	0.020585200000027726	epochs	3.0
612.3282737490479	0.04088000000001557	epochs	2.0
612.3282737490479	0.020488099999965925	epochs	3.0
612.3487618490478	0.020391900000049645	epochs	3.0
612.3691537490479	0.04049880000002304	epochs	2.0
612.3691537490479	0.020296599999937825	epochs	3.0
612.3894503490478	0.020202200000085213	epochs	3.0
612.4096525490479	0.040124599999899146	epochs	2.0
612.4096525490479	0.020108699999923374	epochs	3.0
612.4297612490478	0.020015899999975773	epochs	3.0
612.4497771490478	0.03975730000001931	epochs	2.0
612.4497771490478	0.019924200000104975	epochs	3.0
612.4697013490479	0.01983309999991434	epochs	3.0
612.4895344490478	0.03939669999999751	epochs	2.0
612.4895344490478	0.01974300000006224	epochs	3.0
612.5092774490479	0.01965369999993527	epochs	3.0
612.5289311490478	0.039042400000084854	epochs	2.0
612.5289311490478	0.01956510000002254	epochs	3.0
612.5484962490478	0.019477300000062314	epochs	3.0
612.5679735490479	0.03869459999998526	epochs	2.0
612.5679735490479	0.01939039999990655	epochs	3.0
612.5873639490478	0.01930420000007871	epochs	3.0
612.6066681490479	0.03835289999994984	epochs	2.0
612.6066681490479	0.019218799999976	epochs	3.0
612.6258869490479	0.01913409999997384	epochs	3.0
612.6450210490478	0.03801720000001296	epochs	2.0
612.6450210490478	0.019050200000037876	epochs	3.0
612.6640712490479	0.018966999999975087	epochs	3.0
612.6830382490479	0.037687200000050325	epochs	2.0
612.6830382490479	0.01888450000001285	epochs	3.0
612.7019227490479	0.018802700000037476	epochs	3.0
612.7207254490479	0.03736309999999321	epochs	2.0
612.7207254490479	0.01872169999990092	epochs	3.0
612.7394471490478	0.01864140000009229	epochs	3.0
612.7580885490479	0.03704429999993408	epochs	2.0
612.7580885490479	0.01856159999999818	epochs	3.0
612.7766501490479	0.018482699999935903	epochs	3.0
612.7951328490478	0.0367310000000316	epochs	2.0
612.7951328490478	0.018404300000042895	epochs	3.0
612.8135371490479	0.018326699999988705	epochs	3.0
612.8318638490479	0.03642289999993409	epochs	2.0
612.8318638490479	0.018249599999990096	epochs	3.0
612.8501134490479	0.018173299999943993	epochs	3.0
612.8682867490478	0.03612010000006194	epochs	2.0
612.8682867490478	0.0180976000000328	epochs	3.0
612.8863843490478	0.01802250000002914	epochs	3.0
612.9044068490479	0.03582210000001851	epochs	2.0
612.9044068490479	0.017947899999967376	epochs	3.0
612.9223547490478	0.017874200000051133	epochs	3.0
612.9402289490479	0.03552899999999681	epochs	2.0
612.9402289490479	0.017800800000031813	epochs	3.0
612.9580297490479	0.017728199999965	epochs	3.0
612.9757579490479	0.03524070000003121	epochs	2.0
612.9757579490479	0.017656099999953767	epochs	3.0
612.9934140490478	0.017584600000077444	epochs	3.0
613.0109986490479	0.03495709999992869	epochs	2.0
613.0109986490479	0.01751369999999497	epochs	3.0
613.0285123490479	0.017443399999933717	epochs	3.0
613.0459557490478	0.03467790000001969	epochs	2.0
613.0459557490478	0.017373600000041733	epochs	3.0
613.0633293490479	0.017304299999977957	epochs	3.0
613.0806336490479	0.03440330000000813	epochs	2.0
613.0806336490479	0.01723570000001473	epochs	3.0
613.0978693490479	0.0171675999999934	epochs	3.0
613.1150369490479	0.03413279999995211	epochs	2.0
613.1150369490479	0.01709989999994832	epochs	3.0
613.1321368490478	0.017032900000003792	epochs	3.0
613.1491697490478	0.03386670000008962	epochs	2.0
613.1491697490478	0.01696640000000116	epochs	3.0
613.1661361490478	0.016900300000088464	epochs	3.0
613.1830364490479	0.03360459999998966	epochs	2.0
613.1830364490479	0.01683479999996962	epochs	3.0
613.1998712490479	0.01676980000002004	epochs	3.0
613.2166410490479	0.033346599999958926	epochs	2.0
613.2166410490479	0.016705300000012357	epochs	3.0
613.2333463490479	0.01664129999994657	epochs	3.0
613.2499876490479	0.03309249999995245	epochs	2.0
613.2499876490479	0.016577800000050047	epochs	3.0
613.2665654490479	0.016514699999902405	epochs	3.0
613.2830801490478	0.032842300000083924	epochs	2.0
613.2830801490478	0.01645220000000336	epochs	3.0
613.2995323490478	0.016390100000080565	epochs	3.0
613.3159224490479	0.03259570000000167	epochs	2.0
613.3159224490479	0.01632839999990665	epochs	3.0
613.3322508490478	0.01626730000009502	epochs	3.0
613.3485181490479	0.032352899999978035	epochs	2.0
613.3485181490479	0.01620659999991858	epochs	3.0
613.3647247490478	0.016146300000059455	epochs	3.0
613.3808710490479	0.03211369999996805	epochs	2.0
613.3808710490479	0.016086599999994178	epochs	3.0
613.3969576490479	0.01602709999997387	epochs	3.0
613.4129847490478	0.03187800000000607	epochs	2.0
613.4129847490478	0.015968199999974786	epochs	3.0
613.4289529490478	0.015909800000031282	epochs	3.0
613.4448627490478	0.031645700000012766	epochs	2.0
613.4448627490478	0.01585160000001906	epochs	3.0
613.4607143490479	0.015794099999993705	epochs	3.0
613.4765084490479	0.0314167000000225	epochs	2.0
613.4765084490479	0.015736700000047676	epochs	3.0
613.4922451490479	0.015679999999974825	epochs	3.0
613.5079251490479	0.031191100000000915	epochs	2.0
613.5079251490479	0.015623600000026272	epochs	3.0
613.5235487490479	0.015567499999974643	epochs	3.0
613.5391162490479	0.030968700000016725	epochs	2.0
613.5391162490479	0.015511999999944237	epochs	3.0
613.5546282490478	0.015456700000072487	epochs	3.0
613.5700849490479	0.030749499999956242	epochs	2.0
613.5700849490479	0.015401999999994587	epochs	3.0
613.5854869490479	0.015347499999961656	epochs	3.0
613.6008344490479	0.03053320000003623	epochs	2.0
613.6008344490479	0.015293400000018664	epochs	3.0
613.6161278490479	0.015239800000017567	epochs	3.0
613.6313676490479	0.030320099999926242	epochs	2.0
613.6313676490479	0.015186499999913394	epochs	3.0
613.6465541490478	0.015133600000012848	epochs	3.0
613.6616877490478	0.03010990000007041	epochs	2.0
613.6616877490478	0.015081000000009226	epochs	3.0
613.6767687490478	0.015028900000061185	epochs	3.0
613.6917976490479	0.029902499999934662	epochs	2.0
613.6917976490479	0.01497699999993074	epochs	3.0
613.7067746490478	0.014925500000003922	epochs	3.0
613.7217001490478	0.029698100000018712	epochs	2.0
613.7217001490478	0.014874400000053356	epochs	3.0
613.7365745490479	0.014823699999965356	epochs	3.0
613.7513982490478	0.02949630000000525	epochs	2.0
613.7513982490478	0.014773200000036013	epochs	3.0
613.7661714490479	0.014723099999969236	epochs	3.0
613.7808945490478	0.02929740000001857	epochs	2.0
613.7808945490478	0.014673399999992398	epochs	3.0
613.7955679490478	0.014624000000026172	epochs	3.0
613.8101919490479	0.029101099999934377	epochs	2.0
613.8101919490479	0.01457489999995687	epochs	3.0
613.8247668490478	0.014526199999977507	epochs	3.0
613.8392930490478	0.02890740000009373	epochs	2.0
613.8392930490478	0.014477700000043114	epochs	3.0
613.8537707490478	0.014429700000050616	epochs	3.0
613.8682004490479	0.028716199999962555	epochs	2.0
613.8682004490479	0.014381799999910072	epochs	3.0
613.8825822490478	0.014334400000052483	epochs	3.0
613.8969166490479	0.02852759999996124	epochs	2.0
613.8969166490479	0.01428720000001249	epochs	3.0
613.9112038490479	0.01424039999994875	epochs	3.0
613.9254442490478	0.028341400000044814	epochs	2.0
613.9254442490478	0.014193800000043666	epochs	3.0
613.9396380490479	0.014147600000001148	epochs	3.0
613.9537856490479	0.028157699999951546	epochs	2.0
613.9537856490479	0.014101699999969242	epochs	3.0
613.9678873490478	0.014055999999982305	epochs	3.0
613.9819433490478	0.027976300000091214	epochs	2.0
613.9819433490478	0.01401060000000598	epochs	3.0
613.9959539490478	0.013965700000085235	epochs	3.0
614.0099196490479	0.027797199999895383	epochs	2.0
614.0099196490479	0.013920799999937117	epochs	3.0
614.0238404490478	0.013876399999958267	epochs	3.0
614.0377168490478	0.027620400000046175	epochs	2.0
614.0377168490478	0.013832200000024386	epochs	3.0
614.0515490490478	0.013788200000021789	epochs	3.0
614.0653372490478	0.027445899999975154	epochs	2.0
614.0653372490478	0.013744599999995444	epochs	3.0
614.0790818490478	0.01370129999997971	epochs	3.0
614.0927831490478	0.027273499999978412	epochs	2.0
614.0927831490478	0.013658200000008947	epochs	3.0
614.1064413490478	0.013615299999969466	epochs	3.0
614.1200566490478	0.02710340000010092	epochs	2.0
614.1200566490478	0.013572800000019924	epochs	3.0
614.1336294490478	0.013530600000080995	epochs	3.0
614.1471600490479	0.026935199999911674	epochs	2.0
614.1471600490479	0.01348839999991469	epochs	3.0
614.1606484490478	0.013446799999996983	epochs	3.0
614.1740952490478	0.026769199999989723	epochs	2.0
614.1740952490478	0.013405200000079276	epochs	3.0
614.1875004490479	0.013363999999910448	epochs	3.0
614.2008644490478	0.026605200000062723	epochs	2.0
614.2008644490478	0.013322900000048321	epochs	3.0
614.2141873490478	0.013282300000014402	epochs	3.0
614.2274696490479	0.026443200000016986	epochs	2.0
614.2274696490479	0.013241699999980483	epochs	3.0
614.2407113490478	0.013201500000036503	epochs	3.0
614.2539128490479	0.0262831999999662	epochs	2.0
614.2539128490479	0.013161500000023807	epochs	3.0
614.2670743490479	0.013121699999942393	epochs	3.0
614.2801960490478	0.02612499999997908	epochs	2.0
614.2801960490478	0.013082100000019636	epochs	3.0
614.2932781490479	0.013042899999959445	epochs	3.0
614.3063210490478	0.025968900000066242	epochs	2.0
614.3063210490478	0.01300390000005791	epochs	3.0
614.3193249490479	0.012965000000008331	epochs	3.0
614.3322899490479	0.025814499999910367	epochs	2.0
614.3322899490479	0.012926399999969362	epochs	3.0
614.3452163490479	0.012888099999941005	epochs	3.0
614.3581044490478	0.025661900000045534	epochs	2.0
614.3581044490478	0.012849900000105663	epochs	3.0
614.3709543490479	0.012811999999939871	epochs	3.0
614.3837663490478	0.025511199999982637	epochs	2.0
614.3837663490478	0.012774400000012065	epochs	3.0
614.3965407490479	0.012736799999970572	epochs	3.0
614.4092775490478	0.025362299999983406	epochs	2.0
614.4092775490478	0.01269969999998466	epochs	3.0
614.4219772490478	0.012662599999998747	epochs	3.0
614.4346398490478	0.025215000000002874	epochs	2.0
614.4346398490478	0.012625800000023446	epochs	3.0
614.4472656490478	0.012589199999979428	epochs	3.0
614.4598548490478	0.024584800000070572	epochs	2.0
614.4835273490479	0.5	epochs	-1.0
614.4844396490479	0.5276799999999184	epochs	1.0
615.0121196490478	0.47224000000005617	epochs	0.0
615.375	0.09136000000000877	epochs	0.0
615.375	0.04068259999996826	epochs	1.0
615.4156826	0.009994800000072246	epochs	1.0
615.4256774	0.04068259999996826	epochs	1.0
615.46644	2.0	epochs	0.0
617.4664077	0.5	epochs	-1.0
617.46644	21.999919999999975	epochs	0.0
617.46644	1.0	epochs	1.0
617.9664077	19.99912000000006	epochs	-1.0
618.46644	20.0	epochs	1.0
618.46644	4.356753899999944	epochs	-1.0
618.46644	1.9745871999999736	epochs	2.0
618.46644	1.0985621999999466	epochs	3.0
619.5650022	0.8760250000000269	epochs	3.0
620.4410272	1.3524075000000266	epochs	2.0
620.4410272	0.7286354999999958	epochs	3.0
621.1696627	0.6237720000000309	epochs	3.0
621.7934347	1.029759199999944	epochs	2.0
621.7934347	0.5453292999999348	epochs	3.0
622.338764	0.4844299000000092	epochs	3.0
622.8231939	0.8317862000000105	epochs	2.0
622.8231939	0.4357763000000432	epochs	3.0
623.2589702	0.3960098999999673	epochs	3.0
623.6549801	0.6977970000000369	epochs	2.0
623.6549801	0.3628982000000178	epochs	3.0
624.0178783	0.33489880000001904	epochs	3.0
624.3527771	0.601045699999986	epochs	2.0
624.3527771	0.3109122999999272	epochs	3.0
624.6636894	0.2901334000000588	epochs	3.0
624.9538228	0.5278859000000011	epochs	2.0
624.9538228	0.2719585999999481	epochs	3.0
625.2257814	0.25592730000005304	epochs	3.0
625.4817087	0.470619299999953	epochs	2.0
625.4817087	0.241681299999982	epochs	3.0
625.72339	0.228937999999971	epochs	3.0
625.952328	0.42457039999999324	epochs	2.0
625.952328	0.21747140000002219	epochs	3.0
626.1697994	0.20709899999997106	epochs	3.0
626.3768984	0.3867354000000205	epochs	2.0
626.3768984	0.19767110000009325	epochs	3.0
626.5745695	0.18906429999992724	epochs	3.0
626.7636338	0.3550953000000163	epochs	2.0
626.7636338	0.18117589999997108	epochs	3.0
626.9448097	0.17391940000004524	epochs	3.0
627.1187291	0.3282431000000088	epochs	2.0
627.1187291	0.16722189999995862	epochs	3.0
627.285951	0.16102120000005016	epochs	3.0
627.4469722	0.30516799999998057	epochs	2.0
627.4469722	0.15526390000002266	epochs	3.0
627.6022361	0.1499040999999579	epochs	3.0
627.7521402	0.28512530000000424	epochs	2.0
627.7521402	0.1449020999999675	epochs	3.0
627.8970423	0.14022320000003674	epochs	3.0
628.0372655	0.2675537999999733	epochs	2.0
628.0372655	0.1358368999999584	epochs	3.0
628.1731024	0.1317169000000149	epochs	3.0
628.3048193	0.2520229000000427	epochs	2.0
628.3048193	0.1278393000000051	epochs	3.0
628.4326586	0.12418360000003759	epochs	3.0
628.5568422	0.23819649999995818	epochs	2.0
628.5568422	0.12073109999994358	epochs	3.0
628.6775733	0.1174654000000146	epochs	3.0
628.7950387	0.2258087999999816	epochs	2.0
628.7950387	0.11437190000003739	epochs	3.0
628.9094106	0.11143689999994422	epochs	3.0
629.0208475	0.2146460000000161	epochs	2.0
629.0208475	0.10864890000004834	epochs	3.0
629.1294964	0.10599709999996776	epochs	3.0
629.2354935	0.20453500000007807	epochs	2.0
629.2354935	0.10347150000006877	epochs	3.0
629.338965	0.1010635000000093	epochs	3.0
629.4400285	0.19533400000000256	epochs	2.0
629.4400285	0.09876509999992322	epochs	3.0
629.5387936	0.09656890000007934	epochs	3.0
629.6353625	0.18692529999998442	epochs	2.0
629.6353625	0.09446829999990314	epochs	3.0
629.7298308	0.09245700000008128	epochs	3.0
629.8222878	0.17921069999999872	epochs	2.0
629.8222878	0.09052959999996801	epochs	3.0
629.9128174	0.08868110000003071	epochs	3.0
630.0014985	0.17210769999996955	epochs	2.0
630.0014985	0.08690630000000965	epochs	3.0
630.0884048	0.0852013999999599	epochs	3.0
630.1736062	0.16554640000003928	epochs	2.0
630.1736062	0.08356189999994967	epochs	3.0
630.2571681	0.08198450000008961	epochs	3.0
630.3391526	0.15946709999991526	epochs	2.0
630.3391526	0.08046539999998004	epochs	3.0
630.419618	0.07900169999993523	epochs	3.0
630.4986197	0.15381840000009106	epochs	2.0
630.4986197	0.07759010000006583	epochs	3.0
630.5762098	0.07622830000002523	epochs	3.0
630.6524381	0.14855639999996129	epochs	2.0
630.6524381	0.07491329999993468	epochs	3.0
630.7273514	0.0736431000000266	epochs	3.0
630.8009945	0.14364239999997608	epochs	2.0
630.8009945	0.07241499999997814	epochs	3.0
630.8734095	0.07122739999999794	epochs	3.0
630.9446369	0.13904309999998077	epochs	2.0
630.9446369	0.07007799999996678	epochs	3.0
631.0147149	0.06896510000001399	epochs	3.0
631.08368	0.1347293000000036	epochs	2.0
631.08368	0.0678871000000072	epochs	3.0
631.1515671	0.06684219999999641	epochs	3.0
631.2184093	0.1306752000000415	epochs	2.0
631.2184093	0.06582910000008724	epochs	3.0
631.2842384	0.06484609999995428	epochs	3.0
631.3490845	0.12685780000003888	epochs	2.0
631.3490845	0.06389200000000983	epochs	3.0
631.4129765	0.06296580000002905	epochs	3.0
631.4759423	0.12325720000001184	epochs	2.0
631.4759423	0.062065799999913907	epochs	3.0
631.5380081	0.06119140000009793	epochs	3.0
631.5991995	0.11985539999989214	epochs	2.0
631.5991995	0.060341099999959624	epochs	3.0
631.6595406	0.05951429999993252	epochs	3.0
631.7190549	0.11663620000001629	epochs	2.0
631.7190549	0.05870960000004288	epochs	3.0
631.7777645	0.057926599999973405	epochs	3.0
631.8356911	0.11358560000007856	epochs	2.0
631.8356911	0.05716419999998834	epochs	3.0
631.8928553	0.056421400000090216	epochs	3.0
631.9492767	0.11069049999991876	epochs	2.0
631.9492767	0.05569789999992736	epochs	3.0
632.0049746	0.0549925999999914	epochs	3.0
632.0599672	0.1079391000000669	epochs	2.0
632.0599672	0.05430490000003374	epochs	3.0
632.1142721	0.05363420000003316	epochs	3.0
632.1679063	0.10532149999994544	epochs	2.0
632.1679063	0.05297999999993408	epochs	3.0
632.2208863	0.052341500000011365	epochs	3.0
632.2732278	0.10282760000006874	epochs	2.0
632.2732278	0.05171810000001642	epochs	3.0
632.3249459	0.05110950000005232	epochs	3.0
632.3760554	0.10044909999999163	epochs	2.0
632.3760554	0.05051489999993919	epochs	3.0
632.4265703	0.04993420000005244	epochs	3.0
632.4765045	0.0981782999999723	epochs	2.0
632.4765045	0.04936659999998483	epochs	3.0
632.5258711	0.04881169999998747	epochs	3.0
632.5746828	0.09600779999993847	epochs	2.0
632.5746828	0.04826920000004975	epochs	3.0
632.622952	0.04773859999988872	epochs	3.0
632.6706906	0.09393120000004274	epochs	2.0
632.6706906	0.04721950000009656	epochs	3.0
632.7179101	0.04671169999994618	epochs	3.0
632.7646218	0.09194260000003851	epochs	2.0
632.7646218	0.046214599999984785	epochs	3.0
632.8108364	0.045728000000053726	epochs	3.0
632.8565644	0.09003629999995155	epochs	2.0
632.8565644	0.045251499999949374	epochs	3.0
632.9018159	0.04478480000000218	epochs	3.0
632.9466007	0.08820760000003247	epochs	2.0
632.9466007	0.044327800000019124	epochs	3.0
632.9909285	0.04387980000001335	epochs	3.0
633.0348083	0.0864516999999978	epochs	2.0
633.0348083	0.04344100000002982	epochs	3.0
633.0782493	0.04301069999996798	epochs	3.0
633.12126	0.08476429999996071	epochs	2.0
633.12126	0.04258900000002086	epochs	3.0
633.163849	0.04217529999993985	epochs	3.0
633.2060243	0.08314150000001064	epochs	2.0
633.2060243	0.04176970000003166	epochs	3.0
633.247794	0.041371799999978975	epochs	3.0
633.2891658	0.08157970000002024	epochs	2.0
633.2891658	0.04098140000007788	epochs	3.0
633.3301472	0.040598299999942355	epochs	3.0
633.3707455	0.08007550000002084	epochs	2.0
633.3707455	0.04022229999998217	epochs	3.0
633.4109678	0.03985320000003867	epochs	3.0
633.450821	0.07862569999997504	epochs	2.0
633.450821	0.0394907999999532	epochs	3.0
633.4903118	0.039134900000021844	epochs	3.0
633.5294467	0.07722760000001472	epochs	2.0
633.5294467	0.038785400000051595	epochs	3.0
633.5682321	0.03844219999996312	epochs	3.0
633.6066743	0.07587820000003376	epochs	2.0
633.6066743	0.038104800000041905	epochs	3.0
633.6447791	0.03777339999999185	epochs	3.0
633.6825525	0.07457519999991291	epochs	2.0
633.6825525	0.03744769999991604	epochs	3.0
633.7200002	0.03712749999999687	epochs	3.0
633.7571277	0.07331629999998768	epochs	2.0
633.7571277	0.0368129000000863	epochs	3.0
633.7939406	0.036503399999901376	epochs	3.0
633.8304439999999	0.07209900000009384	epochs	2.0
633.8304439999999	0.03619910000008986	epochs	3.0
633.8666431	0.03589990000000398	epochs	3.0
633.902543	0.07092169999998532	epochs	2.0
633.902543	0.03560559999993984	epochs	3.0
633.9381486	0.03531610000004548	epochs	3.0
633.9734647	0.06978200000003199	epochs	2.0
633.9734647	0.03503119999993487	epochs	3.0
634.0084959	0.034750800000097115	epochs	3.0
634.0432467	0.06867859999999837	epochs	2.0
634.0432467	0.034475099999895065	epochs	3.0
634.0777218	0.034203500000103304	epochs	3.0
634.1119253	0.06760929999995824	epochs	2.0
634.1119253	0.033936199999970995	epochs	3.0
634.1458615	0.033673099999987244	epochs	3.0
634.1795346	0.06657289999998284	epochs	2.0
634.1795346	0.03341399999999339	epochs	3.0
634.2129486	0.033158899999989444	epochs	3.0
634.2461075	0.06556780000005347	epochs	2.0
634.2461075	0.032907700000009754	epochs	3.0
634.2790152	0.03266010000004371	epochs	3.0
634.3116753	0.06459259999996902	epochs	2.0
634.3116753	0.032416399999988244	epochs	3.0
634.3440917	0.03217619999998078	epochs	3.0
634.3762679	0.0636459999999488	epochs	2.0
634.3762679	0.03193959999998697	epochs	3.0
634.4082075	0.03170639999996183	epochs	3.0
634.4399139	0.0627266999999847	epochs	2.0
634.4399139	0.03147660000001906	epochs	3.0
634.4713905	0.03125009999996564	epochs	3.0
634.5026406	0.06183359999999993	epochs	2.0
634.5026406	0.031026900000028945	epochs	3.0
634.5336675	0.030806699999970988	epochs	3.0
634.5644742	0.06096560000003137	epochs	2.0
634.5644742	0.030589800000029754	epochs	3.0
634.595064	0.030375800000001618	epochs	3.0
634.6254398	0.06012160000000222	epochs	2.0
634.6254398	0.030164900000045236	epochs	3.0
634.6556047	0.02995669999995698	epochs	3.0
634.6855614	0.05930069999999432	epochs	2.0
634.6855614	0.029751600000054168	epochs	3.0
634.715313	0.029549099999940154	epochs	3.0
634.7448621	0.05850180000004457	epochs	2.0
634.7448621	0.02934940000000097	epochs	3.0
634.7742115	0.0291524000000436	epochs	3.0
634.8033639	0.05772419999993872	epochs	2.0
634.8033639	0.028957999999988715	epochs	3.0
634.8323219	0.028766199999950004	epochs	3.0
634.8610881	0.05696710000006533	epochs	2.0
634.8610881	0.028577000000041153	epochs	3.0
634.8896651	0.028390100000024177	epochs	3.0
634.9180552	0.05622949999997218	epochs	2.0
634.9180552	0.028205699999944045	epochs	3.0
634.9462609	0.028023800000028132	epochs	3.0
634.9742847	0.05551070000001346	epochs	2.0
634.9742847	0.027843999999959124	epochs	3.0
635.0021287	0.027666700000054334	epochs	3.0
635.0297954	0.054810200000019904	epochs	2.0
635.0297954	0.02749149999999645	epochs	3.0
635.0572869	0.027318700000023455	epochs	3.0
635.0846056	0.05412699999999404	epochs	2.0
635.0846056	0.027147799999966082	epochs	3.0
635.1117534	0.02697920000002796	epochs	3.0
635.1387326	0.053460699999959616	epochs	2.0
635.1387326	0.0268125999999711	epochs	3.0
635.1655452	0.026648099999988517	epochs	3.0
635.1921933	0.05281070000000909	epochs	2.0
635.1921933	0.026485600000000886	epochs	3.0
635.2186789	0.026325100000008206	epochs	3.0
635.245004	0.05217619999996259	epochs	2.0
635.245004	0.026166399999965506	epochs	3.0
635.2711704	0.026009799999997085	epochs	3.0
635.2971802	0.051556699999991906	epochs	2.0
635.2971802	0.025854800000047362	epochs	3.0
635.323035	0.025701899999944544	epochs	3.0
635.3487369	0.050951900000086425	epochs	2.0
635.3487369	0.02555070000005344	epochs	3.0
635.3742876	0.025401200000032986	epochs	3.0
635.3996888	0.05036099999995258	epochs	2.0
635.3996888	0.025253499999962514	epochs	3.0
635.4249423	0.02510749999999007	epochs	3.0
635.4500498	0.049783800000000156	epochs	2.0
635.4500498	0.02496320000000196	epochs	3.0
635.475013	0.024820599999998194	epochs	3.0
635.4998336	0.049219500000049266	epochs	2.0
635.4998336	0.024679399999968155	epochs	3.0
635.524513	0.02454010000008111	epochs	3.0
635.5490531	0.048667899999941255	epochs	2.0
635.5490531	0.02440209999997478	epochs	3.0
635.5734552	0.024265799999966475	epochs	3.0
635.597721	0.04812860000004093	epochs	2.0
635.597721	0.024131000000011227	epochs	3.0
635.621852	0.023997600000029706	epochs	3.0
635.6458496	0.04760109999995166	epochs	2.0
635.6458496	0.023865799999953197	epochs	3.0
635.6697154	0.02373529999999846	epochs	3.0
635.6934507	0.047085000000038235	epochs	2.0
635.6934507	0.023606299999983094	epochs	3.0
635.717057	0.02347870000005514	epochs	3.0
635.7405357	0.046579999999948996	epochs	2.0
635.7405357	0.02335249999998723	epochs	3.0
635.7638882	0.023227499999961765	epochs	3.0
635.7871157	0.046085700000048746	epochs	2.0
635.7871157	0.023103999999989355	epochs	3.0
635.8102197	0.02298170000005939	epochs	3.0
635.8332014	0.045601799999985815	epochs	2.0
635.8332014	0.022860700000023826	epochs	3.0
635.8560621	0.02274109999996199	epochs	3.0
635.8788032	0.04512790000001132	epochs	2.0
635.8788032	0.022622500000011314	epochs	3.0
635.9014257	0.02250540000000001	epochs	3.0
635.9239311	0.044663799999966614	epochs	2.0
635.9239311	0.02238929999998618	epochs	3.0
635.9463204	0.022274499999980435	epochs	3.0
635.9685949	0.04420920000006845	epochs	2.0
635.9685949	0.022160800000051495	epochs	3.0
635.9907557	0.022048400000016954	epochs	3.0
636.0128041	0.04376359999992019	epochs	2.0
636.0128041	0.021936900000014248	epochs	3.0
636.034741	0.02182669999990594	epochs	3.0
636.0565677	0.04332710000005591	epochs	2.0
636.0565677	0.021717599999988124	epochs	3.0
636.0782853	0.021609500000067783	epochs	3.0
636.0998948	0.04289900000003399	epochs	2.0
636.0998948	0.02150249999999687	epochs	3.0
636.1213973	0.021396500000037122	epochs	3.0
636.1427938	0.04247949999989942	epochs	2.0
636.1427938	0.02129170000000613	epochs	3.0
636.1640855	0.021187799999893286	epochs	3.0
636.1852733	0.042067900000006375	epochs	2.0
636.1852733	0.02108490000000529	epochs	3.0
636.2063582	0.020983000000001084	epochs	3.0
636.2273412	0.04166440000005878	epochs	2.0
636.2273412	0.02088220000007368	epochs	3.0
636.2482234	0.020782199999985096	epochs	3.0
636.2690056	0.04126850000000104	epochs	2.0
636.2690056	0.020683299999973315	epochs	3.0
636.2896889	0.020585200000027726	epochs	3.0
636.3102741	0.04088000000001557	epochs	2.0
636.3102741	0.020488099999965925	epochs	3.0
636.3307622	0.020391900000049645	epochs	3.0
636.3511541	0.04049880000002304	epochs	2.0
636.3511541	0.020296599999937825	epochs	3.0
636.3714507	0.020202200000085213	epochs	3.0
636.3916529	0.040124599999899146	epochs	2.0
636.3916529	0.020108699999923374	epochs	3.0
636.4117616	0.020015899999975773	epochs	3.0
636.4317775	0.03975730000001931	epochs	2.0
636.4317775	0.019924200000104975	epochs	3.0
636.4517017000001	0.01983309999991434	epochs	3.0
636.4715348	0.03939669999999751	epochs	2.0
636.4715348	0.01974300000006224	epochs	3.0
636.4912778	0.01965369999993527	epochs	3.0
636.5109315	0.039042400000084854	epochs	2.0
636.5109315	0.01956510000002254	epochs	3.0
636.5304966	0.019477300000062314	epochs	3.0
636.5499739	0.03869459999998526	epochs	2.0
636.5499739	0.01939039999990655	epochs	3.0
636.5693643	0.01930420000007871	epochs	3.0
636.5886685	0.03835289999994984	epochs	2.0
636.5886685	0.019218799999976	epochs	3.0
636.6078873	0.01913409999997384	epochs	3.0
636.6270214	0.03801720000001296	epochs	2.0
636.6270214	0.019050200000037876	epochs	3.0
636.6460716	0.018966999999975087	epochs	3.0
636.6650386	0.037687200000050325	epochs	2.0
636.6650386	0.01888450000001285	epochs	3.0
636.6839231	0.018802700000037476	epochs	3.0
636.7027258	0.03736309999999321	epochs	2.0
636.7027258	0.01872169999990092	epochs	3.0
636.7214475	0.01864140000009229	epochs	3.0
636.7400889	0.03704429999993408	epochs	2.0
636.7400889	0.01856159999999818	epochs	3.0
636.7586505	0.018482699999935903	epochs	3.0
636.7771332	0.0367310000000316	epochs	2.0
636.7771332	0.018404300000042895	epochs	3.0
636.7955375	0.018326699999988705	epochs	3.0
636.8138642	0.03642289999993409	epochs	2.0
636.8138642	0.018249599999990096	epochs	3.0
636.8321138	0.018173299999943993	epochs	3.0
636.8502871	0.03612010000006194	epochs	2.0
636.8502871	0.0180976000000328	epochs	3.0
636.8683847	0.01802250000002914	epochs	3.0
636.8864072	0.03582210000001851	epochs	2.0
636.8864072	0.017947899999967376	epochs	3.0
636.9043551	0.017874200000051133	epochs	3.0
636.9222293	0.03552899999999681	epochs	2.0
636.9222293	0.017800800000031813	epochs	3.0
636.9400301000001	0.017728199999965	epochs	3.0
636.9577583	0.03524070000003121	epochs	2.0
636.9577583	0.017656099999953767	epochs	3.0
636.9754144	0.017584600000077444	epochs	3.0
636.992999	0.03495709999992869	epochs	2.0
636.992999	0.01751369999999497	epochs	3.0
637.0105127	0.017443399999933717	epochs	3.0
637.0279561	0.03467790000001969	epochs	2.0
637.0279561	0.017373600000041733	epochs	3.0
637.0453297	0.017304299999977957	epochs	3.0
637.062634	0.03440330000000813	epochs	2.0
637.062634	0.01723570000001473	epochs	3.0
637.0798697	0.0171675999999934	epochs	3.0
637.0970373	0.03413279999995211	epochs	2.0
637.0970373	0.01709989999994832	epochs	3.0
637.1141372	0.017032900000003792	epochs	3.0
637.1311701	0.03386670000008962	epochs	2.0
637.1311701	0.01696640000000116	epochs	3.0
637.1481365	0.016900300000088464	epochs	3.0
637.1650368	0.03360459999998966	epochs	2.0
637.1650368	0.01683479999996962	epochs	3.0
637.1818716	0.01676980000002004	epochs	3.0
637.1986414	0.033346599999958926	epochs	2.0
637.1986414	0.016705300000012357	epochs	3.0
637.2153467	0.01664129999994657	epochs	3.0
637.231988	0.03309249999995245	epochs	2.0
637.231988	0.016577800000050047	epochs	3.0
637.2485658	0.016514699999902405	epochs	3.0
637.2650805	0.032842300000083924	epochs	2.0
637.2650805	0.01645220000000336	epochs	3.0
637.2815327	0.016390100000080565	epochs	3.0
637.2979228	0.03259570000000167	epochs	2.0
637.2979228	0.01632839999990665	epochs	3.0
637.3142512	0.01626730000009502	epochs	3.0
637.3305185	0.032352899999978035	epochs	2.0
637.3305185	0.01620659999991858	epochs	3.0
637.3467251	0.016146300000059455	epochs	3.0
637.3628714	0.03211369999996805	epochs	2.0
637.3628714	0.016086599999994178	epochs	3.0
637.378958	0.01602709999997387	epochs	3.0
637.3949851	0.03187800000000607	epochs	2.0
637.3949851	0.015968199999974786	epochs	3.0
637.4109533	0.015909800000031282	epochs	3.0
637.4268631	0.031645700000012766	epochs	2.0
637.4268631	0.01585160000001906	epochs	3.0
637.4427147	0.015794099999993705	epochs	3.0
637.4585088	0.0314167000000225	epochs	2.0
637.4585088	0.015736700000047676	epochs	3.0
637.4742455	0.015679999999974825	epochs	3.0
637.4899255	0.031191100000000915	epochs	2.0
637.4899255	0.015623600000026272	epochs	3.0
637.5055491	0.015567499999974643	epochs	3.0
637.5211166	0.030968700000016725	epochs	2.0
637.5211166	0.015511999999944237	epochs	3.0
637.5366286	0.015456700000072487	epochs	3.0
637.5520853	0.030749499999956242	epochs	2.0
637.5520853	0.015401999999994587	epochs	3.0
637.5674873	0.015347499999961656	epochs	3.0
637.5828348	0.03053320000003623	epochs	2.0
637.5828348	0.015293400000018664	epochs	3.0
637.5981282	0.015239800000017567	epochs	3.0
637.613368	0.030320099999926242	epochs	2.0
637.613368	0.015186499999913394	epochs	3.0
637.6285545	0.015133600000012848	epochs	3.0
637.6436881	0.03010990000007041	epochs	2.0
637.6436881	0.015081000000009226	epochs	3.0
637.6587691	0.015028900000061185	epochs	3.0
637.673798	0.029902499999934662	epochs	2.0
637.673798	0.01497699999993074	epochs	3.0
637.688775	0.014925500000003922	epochs	3.0
637.7037005	0.029698100000018712	epochs	2.0
637.7037005	0.014874400000053356	epochs	3.0
637.7185749	0.014823699999965356	epochs	3.0
637.7333986	0.02949630000000525	epochs	2.0
637.7333986	0.014773200000036013	epochs	3.0
637.7481718	0.014723099999969236	epochs	3.0
637.7628949	0.02929740000001857	epochs	2.0
637.7628949	0.014673399999992398	epochs	3.0
637.7775683	0.014624000000026172	epochs	3.0
637.7921923	0.029101099999934377	epochs	2.0
637.7921923	0.01457489999995687	epochs	3.0
637.8067672	0.014526199999977507	epochs	3.0
637.8212934	0.02890740000009373	epochs	2.0
637.8212934	0.014477700000043114	epochs	3.0
637.8357711	0.014429700000050616	epochs	3.0
637.8502008	0.028716199999962555	epochs	2.0
637.8502008	0.014381799999910072	epochs	3.0
637.8645826	0.014334400000052483	epochs	3.0
637.878917	0.02852759999996124	epochs	2.0
637.878917	0.01428720000001249	epochs	3.0
637.8932042	0.01424039999994875	epochs	3.0
637.9074446	0.028341400000044814	epochs	2.0
637.9074446	0.014193800000043666	epochs	3.0
637.9216384	0.014147600000001148	epochs	3.0
637.935786	0.028157699999951546	epochs	2.0
637.935786	0.014101699999969242	epochs	3.0
637.9498877	0.014055999999982305	epochs	3.0
637.9639437	0.027976300000091214	epochs	2.0
637.9639437	0.01401060000000598	epochs	3.0
637.9779543	0.013965700000085235	epochs	3.0
637.99192	0.027797199999895383	epochs	2.0
637.99192	0.013920799999937117	epochs	3.0
638.0058408	0.013876399999958267	epochs	3.0
638.0197172	0.027620400000046175	epochs	2.0
638.0197172	0.013832200000024386	epochs	3.0
638.0335494	0.013788200000021789	epochs	3.0
638.0473376	0.027445899999975154	epochs	2.0
638.0473376	0.013744599999995444	epochs	3.0
638.0610822	0.01370129999997971	epochs	3.0
638.0747835	0.027273499999978412	epochs	2.0
638.0747835	0.013658200000008947	epochs	3.0
638.0884417	0.013615299999969466	epochs	3.0
638.102057	0.02710340000010092	epochs	2.0
638.102057	0.013572800000019924	epochs	3.0
638.1156298	0.013530600000080995	epochs	3.0
638.1291604	0.026935199999911674	epochs	2.0
638.1291604	0.01348839999991469	epochs	3.0
638.1426488	0.013446799999996983	epochs	3.0
638.1560956	0.026769199999989723	epochs	2.0
638.1560956	0.013405200000079276	epochs	3.0
638.1695008	0.013363999999910448	epochs	3.0
638.1828648	0.026605200000062723	epochs	2.0
638.1828648	0.013322900000048321	epochs	3.0
638.1961877	0.013282300000014402	epochs	3.0
638.20947	0.026443200000016986	epochs	2.0
638.20947	0.013241699999980483	epochs	3.0
638.2227117	0.013201500000036503	epochs	3.0
638.2359132	0.0262831999999662	epochs	2.0
638.2359132	0.013161500000023807	epochs	3.0
638.2490747	0.013121699999942393	epochs	3.0
638.2621964	0.02612499999997908	epochs	2.0
638.2621964	0.013082100000019636	epochs	3.0
638.2752785	0.013042899999959445	epochs	3.0
638.2883214	0.025968900000066242	epochs	2.0
638.2883214	0.01300390000005791	epochs	3.0
638.3013253	0.012965000000008331	epochs	3.0
638.3142903	0.025814499999910367	epochs	2.0
638.3142903	0.012926399999969362	epochs	3.0
638.3272167	0.012888099999941005	epochs	3.0
638.3401048	0.025661900000045534	epochs	2.0
638.3401048	0.012849900000105663	epochs	3.0
638.3529547	0.012811999999939871	epochs	3.0
638.3657667	0.025511199999982637	epochs	2.0
638.3657667	0.012774400000012065	epochs	3.0
638.3785411	0.012736799999970572	epochs	3.0
638.3912779	0.025362299999983406	epochs	2.0
638.3912779	0.01269969999998466	epochs	3.0
638.4039776	0.012662599999998747	epochs	3.0
638.4166402	0.025215000000002874	epochs	2.0
638.4166402	0.012625800000023446	epochs	3.0
638.429266	0.012589199999979428	epochs	3.0
638.4418552	0.024584800000070572	epochs	2.0
638.4655277	0.5	epochs	-1.0
638.46644	0.9999199999999746	epochs	1.0
638.9655277	0.5	epochs	-1.0
640.0159997940063	0.09136000000000877	epochs	0.0
640.0159997940063	0.04068259999996826	epochs	1.0
640.0566823940063	0.009994800000072246	epochs	1.0
640.0666771940064	0.04068259999996826	epochs	1.0
640.1074397940064	2.0	epochs	0.0
642.1074074940063	0.5	epochs	-1.0
642.1074397940064	0.5079999999999245	epochs	0.0
642.1074397940064	0.5079999999999245	epochs	1.0
642.6074074940063	0.008032299999968018	epochs	-1.0
642.6154397940063	21.49192000000005	epochs	0.0
643.8919997215271	0.09136000000000877	epochs	0.0
643.8919997215271	0.04068259999996826	epochs	1.0
643.9326823215271	0.009994800000072246	epochs	1.0
643.9426771215271	0.04068259999996826	epochs	1.0
643.9834397215271	2.0	epochs	0.0
645.9834074215271	0.5	epochs	-1.0
645.9834397215271	0.5285599999999704	epochs	0.0
645.9834397215271	0.5285599999999704	epochs	1.0
646.4834074215271	0.028592300000013893	epochs	-1.0
646.5119997215271	21.471360000000004	epochs	0.0
647.6939997673035	0.09136000000000877	epochs	0.0
647.6939997673035	0.04068259999996826	epochs	1.0
647.7346823673034	0.009994800000072246	epochs	1.0
647.7446771673035	0.04068259999996826	epochs	1.0
647.7854397673035	2.0	epochs	0.0
649.7854074673035	0.5	epochs	-1.0
649.7854397673035	21.548559999999952	epochs	0.0
649.7854397673035	1.0	epochs	1.0
650.2854074673035	19.99912000000006	epochs	-1.0
650.7854397673035	20.0	epochs	1.0
650.7854397673035	4.356753899999944	epochs	-1.0
650.7854397673035	1.9745871999999736	epochs	2.0
650.7854397673035	1.0985621999999466	epochs	3.0
651.8840019673034	0.8760250000000269	epochs	3.0
652.7600269673035	1.3524075000000266	epochs	2.0
652.7600269673035	0.7286354999999958	epochs	3.0
653.4886624673035	0.6237720000000309	epochs	3.0
654.1124344673035	1.029759199999944	epochs	2.0
654.1124344673035	0.5453292999999348	epochs	3.0
654.6577637673034	0.4844299000000092	epochs	3.0
655.1421936673034	0.8317862000000105	epochs	2.0
655.1421936673034	0.4357763000000432	epochs	3.0
655.5779699673035	0.3960098999999673	epochs	3.0
655.9739798673035	0.6977970000000369	epochs	2.0
655.9739798673035	0.3628982000000178	epochs	3.0
656.3368780673035	0.33489880000001904	epochs	3.0
656.6717768673035	0.601045699999986	epochs	2.0
656.6717768673035	0.3109122999999272	epochs	3.0
656.9826891673034	0.2901334000000588	epochs	3.0
657.2728225673035	0.5278859000000011	epochs	2.0
657.2728225673035	0.2719585999999481	epochs	3.0
657.5447811673034	0.25592730000005304	epochs	3.0
657.8007084673035	0.470619299999953	epochs	2.0
657.8007084673035	0.241681299999982	epochs	3.0
658.0423897673035	0.228937999999971	epochs	3.0
658.2713277673034	0.42457039999999324	epochs	2.0
658.2713277673034	0.21747140000002219	epochs	3.0
658.4887991673035	0.20709899999997106	epochs	3.0
658.6958981673034	0.3867354000000205	epochs	2.0
658.6958981673034	0.19767110000009325	epochs	3.0
658.8935692673035	0.18906429999992724	epochs	3.0
659.0826335673034	0.3550953000000163	epochs	2.0
659.0826335673034	0.18117589999997108	epochs	3.0
659.2638094673034	0.17391940000004524	epochs	3.0
659.4377288673035	0.3282431000000088	epochs	2.0
659.4377288673035	0.16722189999995862	epochs	3.0
659.6049507673034	0.16102120000005016	epochs	3.0
659.7659719673035	0.30516799999998057	epochs	2.0
659.7659719673035	0.15526390000002266	epochs	3.0
659.9212358673035	0.1499040999999579	epochs	3.0
660.0711399673035	0.28512530000000424	epochs	2.0
660.0711399673035	0.1449020999999675	epochs	3.0
660.2160420673034	0.14022320000003674	epochs	3.0
660.3562652673035	0.2675537999999733	epochs	2.0
660.3562652673035	0.1358368999999584	epochs	3.0
660.4921021673034	0.1317169000000149	epochs	3.0
660.6238190673034	0.2520229000000427	epochs	2.0
660.6238190673034	0.1278393000000051	epochs	3.0
660.7516583673034	0.12418360000003759	epochs	3.0
660.8758419673035	0.23819649999995818	epochs	2.0
660.8758419673035	0.12073109999994358	epochs	3.0
660.9965730673034	0.1174654000000146	epochs	3.0
661.1140384673034	0.2258087999999816	epochs	2.0
661.1140384673034	0.11437190000003739	epochs	3.0
661.2284103673035	0.11143689999994422	epochs	3.0
661.3398472673034	0.2146460000000161	epochs	2.0
661.3398472673034	0.10864890000004834	epochs	3.0
661.4484961673035	0.10599709999996776	epochs	3.0
661.5544932673034	0.20453500000007807	epochs	2.0
661.5544932673034	0.10347150000006877	epochs	3.0
661.6579647673035	0.1010635000000093	epochs	3.0
661.7590282673035	0.19533400000000256	epochs	2.0
661.7590282673035	0.09876509999992322	epochs	3.0
661.8577933673034	0.09656890000007934	epochs	3.0
661.9543622673035	0.18692529999998442	epochs	2.0
661.9543622673035	0.09446829999990314	epochs	3.0
662.0488305673034	0.09245700000008128	epochs	3.0
662.1412875673035	0.17921069999999872	epochs	2.0
662.1412875673035	0.09052959999996801	epochs	3.0
662.2318171673035	0.08868110000003071	epochs	3.0
662.3204982673035	0.17210769999996955	epochs	2.0
662.3204982673035	0.08690630000000965	epochs	3.0
662.4074045673035	0.0852013999999599	epochs	3.0
662.4926059673035	0.16554640000003928	epochs	2.0
662.4926059673035	0.08356189999994967	epochs	3.0
662.5761678673034	0.08198450000008961	epochs	3.0
662.6581523673035	0.15946709999991526	epochs	2.0
662.6581523673035	0.08046539999998004	epochs	3.0
662.7386177673035	0.07900169999993523	epochs	3.0
662.8176194673034	0.15381840000009106	epochs	2.0
662.8176194673034	0.07759010000006583	epochs	3.0
662.8952095673035	0.07622830000002523	epochs	3.0
662.9714378673035	0.14855639999996129	epochs	2.0
662.9714378673035	0.07491329999993468	epochs	3.0
663.0463511673034	0.0736431000000266	epochs	3.0
663.1199942673035	0.14364239999997608	epochs	2.0
663.1199942673035	0.07241499999997814	epochs	3.0
663.1924092673034	0.07122739999999794	epochs	3.0
663.2636366673034	0.13904309999998077	epochs	2.0
663.2636366673034	0.07007799999996678	epochs	3.0
663.3337146673034	0.06896510000001399	epochs	3.0
663.4026797673034	0.1347293000000036	epochs	2.0
663.4026797673034	0.0678871000000072	epochs	3.0
663.4705668673034	0.06684219999999641	epochs	3.0
663.5374090673034	0.1306752000000415	epochs	2.0
663.5374090673034	0.06582910000008724	epochs	3.0
663.6032381673035	0.06484609999995428	epochs	3.0
663.6680842673035	0.12685780000003888	epochs	2.0
663.6680842673035	0.06389200000000983	epochs	3.0
663.7319762673035	0.06296580000002905	epochs	3.0
663.7949420673035	0.12325720000001184	epochs	2.0
663.7949420673035	0.062065799999913907	epochs	3.0
663.8570078673034	0.06119140000009793	epochs	3.0
663.9181992673035	0.11985539999989214	epochs	2.0
663.9181992673035	0.060341099999959624	epochs	3.0
663.9785403673035	0.05951429999993252	epochs	3.0
664.0380546673034	0.11663620000001629	epochs	2.0
664.0380546673034	0.05870960000004288	epochs	3.0
664.0967642673035	0.057926599999973405	epochs	3.0
664.1546908673034	0.11358560000007856	epochs	2.0
664.1546908673034	0.05716419999998834	epochs	3.0
664.2118550673034	0.056421400000090216	epochs	3.0
664.2682764673035	0.11069049999991876	epochs	2.0
664.2682764673035	0.05569789999992736	epochs	3.0
664.3239743673034	0.0549925999999914	epochs	3.0
664.3789669673034	0.1079391000000669	epochs	2.0
664.3789669673034	0.05430490000003374	epochs	3.0
664.4332718673035	0.05363420000003316	epochs	3.0
664.4869060673035	0.10532149999994544	epochs	2.0
664.4869060673035	0.05297999999993408	epochs	3.0
664.5398860673034	0.052341500000011365	epochs	3.0
664.5922275673034	0.10282760000006874	epochs	2.0
664.5922275673034	0.05171810000001642	epochs	3.0
664.6439456673035	0.05110950000005232	epochs	3.0
664.6950551673035	0.10044909999999163	epochs	2.0
664.6950551673035	0.05051489999993919	epochs	3.0
664.7455700673034	0.04993420000005244	epochs	3.0
664.7955042673035	0.0981782999999723	epochs	2.0
664.7955042673035	0.04936659999998483	epochs	3.0
664.8448708673035	0.04881169999998747	epochs	3.0
664.8936825673035	0.09600779999993847	epochs	2.0
664.8936825673035	0.04826920000004975	epochs	3.0
664.9419517673035	0.04773859999988872	epochs	3.0
664.9896903673034	0.09393120000004274	epochs	2.0
664.9896903673034	0.04721950000009656	epochs	3.0
665.0369098673035	0.04671169999994618	epochs	3.0
665.0836215673035	0.09194260000003851	epochs	2.0
665.0836215673035	0.046214599999984785	epochs	3.0
665.1298361673034	0.045728000000053726	epochs	3.0
665.1755641673035	0.09003629999995155	epochs	2.0
665.1755641673035	0.045251499999949374	epochs	3.0
665.2208156673034	0.04478480000000218	epochs	3.0
665.2656004673034	0.08820760000003247	epochs	2.0
665.2656004673034	0.044327800000019124	epochs	3.0
665.3099282673035	0.04387980000001335	epochs	3.0
665.3538080673035	0.0864516999999978	epochs	2.0
665.3538080673035	0.04344100000002982	epochs	3.0
665.3972490673035	0.04301069999996798	epochs	3.0
665.4402597673035	0.08476429999996071	epochs	2.0
665.4402597673035	0.04258900000002086	epochs	3.0
665.4828487673035	0.04217529999993985	epochs	3.0
665.5250240673034	0.08314150000001064	epochs	2.0
665.5250240673034	0.04176970000003166	epochs	3.0
665.5667937673035	0.041371799999978975	epochs	3.0
665.6081655673034	0.08157970000002024	epochs	2.0
665.6081655673034	0.04098140000007788	epochs	3.0
665.6491469673035	0.040598299999942355	epochs	3.0
665.6897452673035	0.08007550000002084	epochs	2.0
665.6897452673035	0.04022229999998217	epochs	3.0
665.7299675673034	0.03985320000003867	epochs	3.0
665.7698207673035	0.07862569999997504	epochs	2.0
665.7698207673035	0.0394907999999532	epochs	3.0
665.8093115673034	0.039134900000021844	epochs	3.0
665.8484464673035	0.07722760000001472	epochs	2.0
665.8484464673035	0.038785400000051595	epochs	3.0
665.8872318673035	0.03844219999996312	epochs	3.0
665.9256740673035	0.07587820000003376	epochs	2.0
665.9256740673035	0.038104800000041905	epochs	3.0
665.9637788673035	0.03777339999999185	epochs	3.0
666.0015522673035	0.07457519999991291	epochs	2.0
666.0015522673035	0.03744769999991604	epochs	3.0
666.0389999673034	0.03712749999999687	epochs	3.0
666.0761274673034	0.07331629999998768	epochs	2.0
666.0761274673034	0.0368129000000863	epochs	3.0
666.1129403673035	0.036503399999901376	epochs	3.0
666.1494437673034	0.07209900000009384	epochs	2.0
666.1494437673034	0.03619910000008986	epochs	3.0
666.1856428673035	0.03589990000000398	epochs	3.0
666.2215427673035	0.07092169999998532	epochs	2.0
666.2215427673035	0.03560559999993984	epochs	3.0
666.2571483673034	0.03531610000004548	epochs	3.0
666.2924644673035	0.06978200000003199	epochs	2.0
666.2924644673035	0.03503119999993487	epochs	3.0
666.3274956673034	0.034750800000097115	epochs	3.0
666.3622464673035	0.06867859999999837	epochs	2.0
666.3622464673035	0.034475099999895065	epochs	3.0
666.3967215673034	0.034203500000103304	epochs	3.0
666.4309250673035	0.06760929999995824	epochs	2.0
666.4309250673035	0.033936199999970995	epochs	3.0
666.4648612673035	0.033673099999987244	epochs	3.0
666.4985343673035	0.06657289999998284	epochs	2.0
666.4985343673035	0.03341399999999339	epochs	3.0
666.5319483673035	0.033158899999989444	epochs	3.0
666.5651072673035	0.06556780000005347	epochs	2.0
666.5651072673035	0.032907700000009754	epochs	3.0
666.5980149673035	0.03266010000004371	epochs	3.0
666.6306750673035	0.06459259999996902	epochs	2.0
666.6306750673035	0.032416399999988244	epochs	3.0
666.6630914673035	0.03217619999998078	epochs	3.0
666.6952676673035	0.0636459999999488	epochs	2.0
666.6952676673035	0.03193959999998697	epochs	3.0
666.7272072673035	0.03170639999996183	epochs	3.0
666.7589136673034	0.0627266999999847	epochs	2.0
666.7589136673034	0.03147660000001906	epochs	3.0
666.7903902673035	0.03125009999996564	epochs	3.0
666.8216403673034	0.06183359999999993	epochs	2.0
666.8216403673034	0.031026900000028945	epochs	3.0
666.8526672673034	0.030806699999970988	epochs	3.0
666.8834739673034	0.06096560000003137	epochs	2.0
666.8834739673034	0.030589800000029754	epochs	3.0
666.9140637673034	0.030375800000001618	epochs	3.0
666.9444395673034	0.06012160000000222	epochs	2.0
666.9444395673034	0.030164900000045236	epochs	3.0
666.9746044673035	0.02995669999995698	epochs	3.0
667.0045611673035	0.05930069999999432	epochs	2.0
667.0045611673035	0.029751600000054168	epochs	3.0
667.0343127673035	0.029549099999940154	epochs	3.0
667.0638618673034	0.05850180000004457	epochs	2.0
667.0638618673034	0.02934940000000097	epochs	3.0
667.0932112673034	0.0291524000000436	epochs	3.0
667.1223636673035	0.05772419999993872	epochs	2.0
667.1223636673035	0.028957999999988715	epochs	3.0
667.1513216673035	0.028766199999950004	epochs	3.0
667.1800878673034	0.05696710000006533	epochs	2.0
667.1800878673034	0.028577000000041153	epochs	3.0
667.2086648673035	0.028390100000024177	epochs	3.0
667.2370549673035	0.05622949999997218	epochs	2.0
667.2370549673035	0.028205699999944045	epochs	3.0
667.2652606673034	0.028023800000028132	epochs	3.0
667.2932844673035	0.05551070000001346	epochs	2.0
667.2932844673035	0.027843999999959124	epochs	3.0
667.3211284673034	0.027666700000054334	epochs	3.0
667.3487951673035	0.054810200000019904	epochs	2.0
667.3487951673035	0.02749149999999645	epochs	3.0
667.3762866673035	0.027318700000023455	epochs	3.0
667.4036053673035	0.05412699999999404	epochs	2.0
667.4036053673035	0.027147799999966082	epochs	3.0
667.4307531673035	0.02697920000002796	epochs	3.0
667.4577323673035	0.053460699999959616	epochs	2.0
667.4577323673035	0.0268125999999711	epochs	3.0
667.4845449673035	0.026648099999988517	epochs	3.0
667.5111930673035	0.05281070000000909	epochs	2.0
667.5111930673035	0.026485600000000886	epochs	3.0
667.5376786673035	0.026325100000008206	epochs	3.0
667.5640037673035	0.05217619999996259	epochs	2.0
667.5640037673035	0.026166399999965506	epochs	3.0
667.5901701673034	0.026009799999997085	epochs	3.0
667.6161799673034	0.051556699999991906	epochs	2.0
667.6161799673034	0.025854800000047362	epochs	3.0
667.6420347673035	0.025701899999944544	epochs	3.0
667.6677366673034	0.050951900000086425	epochs	2.0
667.6677366673034	0.02555070000005344	epochs	3.0
667.6932873673035	0.025401200000032986	epochs	3.0
667.7186885673035	0.05036099999995258	epochs	2.0
667.7186885673035	0.025253499999962514	epochs	3.0
667.7439420673035	0.02510749999999007	epochs	3.0
667.7690495673035	0.049783800000000156	epochs	2.0
667.7690495673035	0.02496320000000196	epochs	3.0
667.7940127673035	0.024820599999998194	epochs	3.0
667.8188333673035	0.049219500000049266	epochs	2.0
667.8188333673035	0.024679399999968155	epochs	3.0
667.8435127673034	0.02454010000008111	epochs	3.0
667.8680528673035	0.048667899999941255	epochs	2.0
667.8680528673035	0.02440209999997478	epochs	3.0
667.8924549673035	0.024265799999966475	epochs	3.0
667.9167207673034	0.04812860000004093	epochs	2.0
667.9167207673034	0.024131000000011227	epochs	3.0
667.9408517673035	0.023997600000029706	epochs	3.0
667.9648493673035	0.04760109999995166	epochs	2.0
667.9648493673035	0.023865799999953197	epochs	3.0
667.9887151673034	0.02373529999999846	epochs	3.0
668.0124504673034	0.047085000000038235	epochs	2.0
668.0124504673034	0.023606299999983094	epochs	3.0
668.0360567673034	0.02347870000005514	epochs	3.0
668.0595354673035	0.046579999999948996	epochs	2.0
668.0595354673035	0.02335249999998723	epochs	3.0
668.0828879673035	0.023227499999961765	epochs	3.0
668.1061154673034	0.046085700000048746	epochs	2.0
668.1061154673034	0.023103999999989355	epochs	3.0
668.1292194673034	0.02298170000005939	epochs	3.0
668.1522011673035	0.045601799999985815	epochs	2.0
668.1522011673035	0.022860700000023826	epochs	3.0
668.1750618673035	0.02274109999996199	epochs	3.0
668.1978029673035	0.04512790000001132	epochs	2.0
668.1978029673035	0.022622500000011314	epochs	3.0
668.2204254673035	0.02250540000000001	epochs	3.0
668.2429308673035	0.044663799999966614	epochs	2.0
668.2429308673035	0.02238929999998618	epochs	3.0
668.2653201673035	0.022274499999980435	epochs	3.0
668.2875946673034	0.04420920000006845	epochs	2.0
668.2875946673034	0.022160800000051495	epochs	3.0
668.3097554673035	0.022048400000016954	epochs	3.0
668.3318038673035	0.04376359999992019	epochs	2.0
668.3318038673035	0.021936900000014248	epochs	3.0
668.3537407673035	0.02182669999990594	epochs	3.0
668.3755674673034	0.04332710000005591	epochs	2.0
668.3755674673034	0.021717599999988124	epochs	3.0
668.3972850673034	0.021609500000067783	epochs	3.0
668.4188945673035	0.04289900000003399	epochs	2.0
668.4188945673035	0.02150249999999687	epochs	3.0
668.4403970673035	0.021396500000037122	epochs	3.0
668.4617935673035	0.04247949999989942	epochs	2.0
668.4617935673035	0.02129170000000613	epochs	3.0
668.4830852673035	0.021187799999893286	epochs	3.0
668.5042730673034	0.042067900000006375	epochs	2.0
668.5042730673034	0.02108490000000529	epochs	3.0
668.5253579673034	0.020983000000001084	epochs	3.0
668.5463409673034	0.04166440000005878	epochs	2.0
668.5463409673034	0.02088220000007368	epochs	3.0
668.5672231673035	0.020782199999985096	epochs	3.0
668.5880053673035	0.04126850000000104	epochs	2.0
668.5880053673035	0.020683299999973315	epochs	3.0
668.6086886673035	0.020585200000027726	epochs	3.0
668.6292738673035	0.04088000000001557	epochs	2.0
668.6292738673035	0.020488099999965925	epochs	3.0
668.6497619673034	0.020391900000049645	epochs	3.0
668.6701538673035	0.04049880000002304	epochs	2.0
668.6701538673035	0.020296599999937825	epochs	3.0
668.6904504673034	0.020202200000085213	epochs	3.0
668.7106526673035	0.040124599999899146	epochs	2.0
668.7106526673035	0.020108699999923374	epochs	3.0
668.7307613673034	0.020015899999975773	epochs	3.0
668.7507772673034	0.03975730000001931	epochs	2.0
668.7507772673034	0.019924200000104975	epochs	3.0
668.7707014673035	0.01983309999991434	epochs	3.0
668.7905345673034	0.03939669999999751	epochs	2.0
668.7905345673034	0.01974300000006224	epochs	3.0
668.8102775673035	0.01965369999993527	epochs	3.0
668.8299312673034	0.039042400000084854	epochs	2.0
668.8299312673034	0.01956510000002254	epochs	3.0
668.8494963673035	0.019477300000062314	epochs	3.0
668.8689736673035	0.03869459999998526	epochs	2.0
668.8689736673035	0.01939039999990655	epochs	3.0
668.8883640673034	0.01930420000007871	epochs	3.0
668.9076682673035	0.03835289999994984	epochs	2.0
668.9076682673035	0.019218799999976	epochs	3.0
668.9268870673035	0.01913409999997384	epochs	3.0
668.9460211673035	0.03801720000001296	epochs	2.0
668.9460211673035	0.019050200000037876	epochs	3.0
668.9650713673035	0.018966999999975087	epochs	3.0
668.9840383673035	0.037687200000050325	epochs	2.0
668.9840383673035	0.01888450000001285	epochs	3.0
669.0029228673035	0.018802700000037476	epochs	3.0
669.0217255673035	0.03736309999999321	epochs	2.0
669.0217255673035	0.01872169999990092	epochs	3.0
669.0404472673034	0.01864140000009229	epochs	3.0
669.0590886673035	0.03704429999993408	epochs	2.0
669.0590886673035	0.01856159999999818	epochs	3.0
669.0776502673035	0.018482699999935903	epochs	3.0
669.0961329673034	0.0367310000000316	epochs	2.0
669.0961329673034	0.018404300000042895	epochs	3.0
669.1145372673035	0.018326699999988705	epochs	3.0
669.1328639673035	0.03642289999993409	epochs	2.0
669.1328639673035	0.018249599999990096	epochs	3.0
669.1511135673035	0.018173299999943993	epochs	3.0
669.1692868673034	0.03612010000006194	epochs	2.0
669.1692868673034	0.0180976000000328	epochs	3.0
669.1873844673034	0.01802250000002914	epochs	3.0
669.2054069673035	0.03582210000001851	epochs	2.0
669.2054069673035	0.017947899999967376	epochs	3.0
669.2233548673034	0.017874200000051133	epochs	3.0
669.2412290673035	0.03552899999999681	epochs	2.0
669.2412290673035	0.017800800000031813	epochs	3.0
669.2590298673035	0.017728199999965	epochs	3.0
669.2767580673035	0.03524070000003121	epochs	2.0
669.2767580673035	0.017656099999953767	epochs	3.0
669.2944141673034	0.017584600000077444	epochs	3.0
669.3119987673035	0.03495709999992869	epochs	2.0
669.3119987673035	0.01751369999999497	epochs	3.0
669.3295124673035	0.017443399999933717	epochs	3.0
669.3469558673034	0.03467790000001969	epochs	2.0
669.3469558673034	0.017373600000041733	epochs	3.0
669.3643294673035	0.017304299999977957	epochs	3.0
669.3816337673035	0.03440330000000813	epochs	2.0
669.3816337673035	0.01723570000001473	epochs	3.0
669.3988694673035	0.0171675999999934	epochs	3.0
669.4160370673035	0.03413279999995211	epochs	2.0
669.4160370673035	0.01709989999994832	epochs	3.0
669.4331369673034	0.017032900000003792	epochs	3.0
669.4501698673034	0.03386670000008962	epochs	2.0
669.4501698673034	0.01696640000000116	epochs	3.0
669.4671362673034	0.016900300000088464	epochs	3.0
669.4840365673035	0.03360459999998966	epochs	2.0
669.4840365673035	0.01683479999996962	epochs	3.0
669.5008713673035	0.01676980000002004	epochs	3.0
669.5176411673035	0.033346599999958926	epochs	2.0
669.5176411673035	0.016705300000012357	epochs	3.0
669.5343464673035	0.01664129999994657	epochs	3.0
669.5509877673035	0.03309249999995245	epochs	2.0
669.5509877673035	0.016577800000050047	epochs	3.0
669.5675655673035	0.016514699999902405	epochs	3.0
669.5840802673034	0.032842300000083924	epochs	2.0
669.5840802673034	0.01645220000000336	epochs	3.0
669.6005324673034	0.016390100000080565	epochs	3.0
669.6169225673035	0.03259570000000167	epochs	2.0
669.6169225673035	0.01632839999990665	epochs	3.0
669.6332509673034	0.01626730000009502	epochs	3.0
669.6495182673035	0.032352899999978035	epochs	2.0
669.6495182673035	0.01620659999991858	epochs	3.0
669.6657248673034	0.016146300000059455	epochs	3.0
669.6818711673035	0.03211369999996805	epochs	2.0
669.6818711673035	0.016086599999994178	epochs	3.0
669.6979577673035	0.01602709999997387	epochs	3.0
669.7139848673035	0.03187800000000607	epochs	2.0
669.7139848673035	0.015968199999974786	epochs	3.0
669.7299530673034	0.015909800000031282	epochs	3.0
669.7458628673035	0.031645700000012766	epochs	2.0
669.7458628673035	0.01585160000001906	epochs	3.0
669.7617144673035	0.015794099999993705	epochs	3.0
669.7775085673035	0.0314167000000225	epochs	2.0
669.7775085673035	0.015736700000047676	epochs	3.0
669.7932452673035	0.015679999999974825	epochs	3.0
669.8089252673035	0.031191100000000915	epochs	2.0
669.8089252673035	0.015623600000026272	epochs	3.0
669.8245488673035	0.015567499999974643	epochs	3.0
669.8401163673035	0.030968700000016725	epochs	2.0
669.8401163673035	0.015511999999944237	epochs	3.0
669.8556283673034	0.015456700000072487	epochs	3.0
669.8710850673035	0.030749499999956242	epochs	2.0
669.8710850673035	0.015401999999994587	epochs	3.0
669.8864870673035	0.015347499999961656	epochs	3.0
669.9018345673035	0.03053320000003623	epochs	2.0
669.9018345673035	0.015293400000018664	epochs	3.0
669.9171279673035	0.015239800000017567	epochs	3.0
669.9323677673035	0.030320099999926242	epochs	2.0
669.9323677673035	0.015186499999913394	epochs	3.0
669.9475542673034	0.015133600000012848	epochs	3.0
669.9626878673034	0.03010990000007041	epochs	2.0
669.9626878673034	0.015081000000009226	epochs	3.0
669.9777688673034	0.015028900000061185	epochs	3.0
669.9927977673035	0.029902499999934662	epochs	2.0
669.9927977673035	0.01497699999993074	epochs	3.0
670.0077747673034	0.014925500000003922	epochs	3.0
670.0227002673034	0.029698100000018712	epochs	2.0
670.0227002673034	0.014874400000053356	epochs	3.0
670.0375746673035	0.014823699999965356	epochs	3.0
670.0523983673035	0.02949630000000525	epochs	2.0
670.0523983673035	0.014773200000036013	epochs	3.0
670.0671715673035	0.014723099999969236	epochs	3.0
670.0818946673035	0.02929740000001857	epochs	2.0
670.0818946673035	0.014673399999992398	epochs	3.0
670.0965680673035	0.014624000000026172	epochs	3.0
670.1111920673035	0.029101099999934377	epochs	2.0
670.1111920673035	0.01457489999995687	epochs	3.0
670.1257669673034	0.014526199999977507	epochs	3.0
670.1402931673034	0.02890740000009373	epochs	2.0
670.1402931673034	0.014477700000043114	epochs	3.0
670.1547708673035	0.014429700000050616	epochs	3.0
670.1692005673035	0.028716199999962555	epochs	2.0
670.1692005673035	0.014381799999910072	epochs	3.0
670.1835823673034	0.014334400000052483	epochs	3.0
670.1979167673035	0.02852759999996124	epochs	2.0
670.1979167673035	0.01428720000001249	epochs	3.0
670.2122039673035	0.01424039999994875	epochs	3.0
670.2264443673034	0.028341400000044814	epochs	2.0
670.2264443673034	0.014193800000043666	epochs	3.0
670.2406381673035	0.014147600000001148	epochs	3.0
670.2547857673035	0.028157699999951546	epochs	2.0
670.2547857673035	0.014101699999969242	epochs	3.0
670.2688874673034	0.014055999999982305	epochs	3.0
670.2829434673034	0.027976300000091214	epochs	2.0
670.2829434673034	0.01401060000000598	epochs	3.0
670.2969540673034	0.013965700000085235	epochs	3.0
670.3109197673035	0.027797199999895383	epochs	2.0
670.3109197673035	0.013920799999937117	epochs	3.0
670.3248405673035	0.013876399999958267	epochs	3.0
670.3387169673034	0.027620400000046175	epochs	2.0
670.3387169673034	0.013832200000024386	epochs	3.0
670.3525491673034	0.013788200000021789	epochs	3.0
670.3663373673035	0.027445899999975154	epochs	2.0
670.3663373673035	0.013744599999995444	epochs	3.0
670.3800819673035	0.01370129999997971	epochs	3.0
670.3937832673034	0.027273499999978412	epochs	2.0
670.3937832673034	0.013658200000008947	epochs	3.0
670.4074414673034	0.013615299999969466	epochs	3.0
670.4210567673034	0.02710340000010092	epochs	2.0
670.4210567673034	0.013572800000019924	epochs	3.0
670.4346295673034	0.013530600000080995	epochs	3.0
670.4481601673035	0.026935199999911674	epochs	2.0
670.4481601673035	0.01348839999991469	epochs	3.0
670.4616485673034	0.013446799999996983	epochs	3.0
670.4750953673034	0.026769199999989723	epochs	2.0
670.4750953673034	0.013405200000079276	epochs	3.0
670.4885005673035	0.013363999999910448	epochs	3.0
670.5018645673034	0.026605200000062723	epochs	2.0
670.5018645673034	0.013322900000048321	epochs	3.0
670.5151874673035	0.013282300000014402	epochs	3.0
670.5284697673035	0.026443200000016986	epochs	2.0
670.5284697673035	0.013241699999980483	epochs	3.0
670.5417114673035	0.013201500000036503	epochs	3.0
670.5549129673035	0.0262831999999662	epochs	2.0
670.5549129673035	0.013161500000023807	epochs	3.0
670.5680744673035	0.013121699999942393	epochs	3.0
670.5811961673035	0.02612499999997908	epochs	2.0
670.5811961673035	0.013082100000019636	epochs	3.0
670.5942782673035	0.013042899999959445	epochs	3.0
670.6073211673034	0.025968900000066242	epochs	2.0
670.6073211673034	0.01300390000005791	epochs	3.0
670.6203250673035	0.012965000000008331	epochs	3.0
670.6332900673035	0.025814499999910367	epochs	2.0
670.6332900673035	0.012926399999969362	epochs	3.0
670.6462164673035	0.012888099999941005	epochs	3.0
670.6591045673034	0.025661900000045534	epochs	2.0
670.6591045673034	0.012849900000105663	epochs	3.0
670.6719544673035	0.012811999999939871	epochs	3.0
670.6847664673035	0.025511199999982637	epochs	2.0
670.6847664673035	0.012774400000012065	epochs	3.0
670.6975408673035	0.012736799999970572	epochs	3.0
670.7102776673034	0.025362299999983406	epochs	2.0
670.7102776673034	0.01269969999998466	epochs	3.0
670.7229773673034	0.012662599999998747	epochs	3.0
670.7356399673034	0.025215000000002874	epochs	2.0
670.7356399673034	0.012625800000023446	epochs	3.0
670.7482657673035	0.012589199999979428	epochs	3.0
670.7608549673034	0.024584800000070572	epochs	2.0
670.7845274673035	0.5	epochs	-1.0
670.7854397673035	0.5485599999999522	epochs	1.0
671.3339997673035	0.4513600000000224	epochs	0.0
671.6889996528625	0.09136000000000877	epochs	0.0
671.6889996528625	0.04068259999996826	epochs	1.0
671.7296822528625	0.009994800000072246	epochs	1.0
671.7396770528626	0.04068259999996826	epochs	1.0
671.7804396528626	2.0	epochs	0.0
673.7804073528625	0.5	epochs	-1.0
673.7804396528626	5.408639999999991	epochs	0.0
673.7804396528626	1.0	epochs	1.0
674.2804073528625	4.908672300000035	epochs	-1.0
674.7804396528626	4.408639999999991	epochs	1.0
674.7804396528626	4.356753899999944	epochs	-1.0
674.7804396528626	1.9745871999999736	epochs	2.0
674.7804396528626	1.0985621999999466	epochs	3.0
675.8790018528625	0.8760250000000269	epochs	3.0
676.7550268528626	1.3524075000000266	epochs	2.0
676.7550268528626	0.7286354999999958	epochs	3.0
677.4836623528626	0.6237720000000309	epochs	3.0
678.1074343528626	1.029759199999944	epochs	2.0
678.1074343528626	0.5453292999999348	epochs	3.0
678.6527636528625	0.4844299000000092	epochs	3.0
679.1371935528625	0.05188610000004701	epochs	2.0
679.1371935528625	0.05188610000004701	epochs	3.0
679.1890796528626	16.591279999999983	epochs	0.0
679.5349998474121	0.09136000000000877	epochs	0.0
679.5349998474121	0.04068259999996826	epochs	1.0
679.5756824474121	0.009994800000072246	epochs	1.0
679.5856772474121	0.04068259999996826	epochs	1.0
679.6264398474121	2.0	epochs	0.0
681.6264075474121	0.5	epochs	-1.0
681.6264398474121	0.5078399999999874	epochs	0.0
681.6264398474121	0.5078399999999874	epochs	1.0
682.1264075474121	0.007872300000030918	epochs	-1.0
682.1342798474121	21.492079999999987	epochs	0.0
683.4099998474121	0.09136000000000877	epochs	0.0
683.4099998474121	0.04068259999996826	epochs	1.0
683.4506824474121	0.009994800000072246	epochs	1.0
683.4606772474121	0.04068259999996826	epochs	1.0
683.5014398474121	2.0	epochs	0.0
685.5014075474121	0.5	epochs	-1.0
685.5014398474121	5.388640000000009	epochs	0.0
685.5014398474121	1.0	epochs	1.0
686.0014075474121	4.888672300000053	epochs	-1.0
686.5014398474121	4.388640000000009	epochs	1.0
686.5014398474121	4.356753899999944	epochs	-1.0
686.5014398474121	1.9745871999999736	epochs	2.0
686.5014398474121	1.0985621999999466	epochs	3.0
687.6000020474121	0.8760250000000269	epochs	3.0
688.4760270474121	1.3524075000000266	epochs	2.0
688.4760270474121	0.7286354999999958	epochs	3.0
689.2046625474121	0.6237720000000309	epochs	3.0
689.8284345474121	1.029759199999944	epochs	2.0
689.8284345474121	0.5453292999999348	epochs	3.0
690.3737638474121	0.4844299000000092	epochs	3.0
690.8581937474121	0.0318861000000652	epochs	2.0
690.8581937474121	0.0318861000000652	epochs	3.0
690.8900798474122	16.611279999999965	epochs	0.0
691.2489995956421	0.09136000000000877	epochs	0.0
691.2489995956421	0.04068259999996826	epochs	1.0
691.2896821956421	0.009994800000072246	epochs	1.0
691.2996769956421	0.04068259999996826	epochs	1.0
691.3404395956421	2.0	epochs	0.0
693.3404072956421	0.5	epochs	-1.0
693.3404395956421	0.5084799999999632	epochs	0.0
693.3404395956421	0.5084799999999632	epochs	1.0
693.8404072956421	0.00851230000000669	epochs	-1.0
693.8489195956421	21.49144000000001	epochs	0.0
695.1059999465942	0.09136000000000877	epochs	0.0
695.1059999465942	0.04068259999996826	epochs	1.0
695.1466825465942	0.009994800000072246	epochs	1.0
695.1566773465943	0.04068259999996826	epochs	1.0
695.1974399465943	2.0	epochs	0.0
697.1974076465942	0.5	epochs	-1.0
697.1974399465943	0.5287200000000212	epochs	0.0
697.1974399465943	0.5287200000000212	epochs	1.0
697.6974076465942	0.02875230000006468	epochs	-1.0
697.7261599465943	21.471199999999953	epochs	0.0
715.2619996070862	0.09136000000000877	epochs	0.0
715.2619996070862	0.04068259999996826	epochs	1.0
715.3026822070861	0.009994800000072246	epochs	1.0
715.3126770070862	0.04068259999996826	epochs	1.0
715.3534396070862	2.0	epochs	0.0
717.3534073070862	0.5	epochs	-1.0
717.3534396070862	5.407839999999965	epochs	0.0
717.3534396070862	1.0	epochs	1.0
717.8534073070862	4.907872300000008	epochs	-1.0
718.3534396070862	4.407839999999965	epochs	1.0
718.3534396070862	4.356753899999944	epochs	-1.0
718.3534396070862	1.9745871999999736	epochs	2.0
718.3534396070862	1.0985621999999466	epochs	3.0
719.4520018070862	0.8760250000000269	epochs	3.0
720.3280268070862	1.3524075000000266	epochs	2.0
720.3280268070862	0.7286354999999958	epochs	3.0
721.0566623070862	0.6237720000000309	epochs	3.0
721.6804343070862	1.029759199999944	epochs	2.0
721.6804343070862	0.5453292999999348	epochs	3.0
722.2257636070862	0.4844299000000092	epochs	3.0
722.7101935070862	0.05108610000002045	epochs	2.0
722.7101935070862	0.05108610000002045	epochs	3.0
722.7612796070862	16.59208000000001	epochs	0.0
723.1209998130798	0.09136000000000877	epochs	0.0
723.1209998130798	0.04068259999996826	epochs	1.0
723.1616824130798	0.009994800000072246	epochs	1.0
723.1716772130799	0.04068259999996826	epochs	1.0
723.2124398130799	2.0	epochs	0.0
725.2124075130798	0.5	epochs	-1.0
725.2124398130799	21.52807999999993	epochs	0.0
725.2124398130799	1.0	epochs	1.0
725.7124075130798	19.999199999999973	epochs	-1.0
726.2124398130799	20.0	epochs	1.0
726.2124398130799	4.356753899999944	epochs	-1.0
726.2124398130799	1.9745871999999736	epochs	2.0
726.2124398130799	1.0985621999999466	epochs	3.0
727.3110020130798	0.8760250000000269	epochs	3.0
728.1870270130798	1.3524075000000266	epochs	2.0
728.1870270130798	0.7286354999999958	epochs	3.0
728.9156625130798	0.6237720000000309	epochs	3.0
729.5394345130799	1.029759199999944	epochs	2.0
729.5394345130799	0.5453292999999348	epochs	3.0
730.0847638130798	0.4844299000000092	epochs	3.0
730.5691937130798	0.8317862000000105	epochs	2.0
730.5691937130798	0.4357763000000432	epochs	3.0
731.0049700130799	0.3960098999999673	epochs	3.0
731.4009799130798	0.6977970000000369	epochs	2.0
731.4009799130798	0.3628982000000178	epochs	3.0
731.7638781130798	0.33489880000001904	epochs	3.0
732.0987769130799	0.601045699999986	epochs	2.0
732.0987769130799	0.3109122999999272	epochs	3.0
732.4096892130798	0.2901334000000588	epochs	3.0
732.6998226130798	0.5278859000000011	epochs	2.0
732.6998226130798	0.2719585999999481	epochs	3.0
732.9717812130798	0.25592730000005304	epochs	3.0
733.2277085130798	0.470619299999953	epochs	2.0
733.2277085130798	0.241681299999982	epochs	3.0
733.4693898130798	0.228937999999971	epochs	3.0
733.6983278130798	0.42457039999999324	epochs	2.0
733.6983278130798	0.21747140000002219	epochs	3.0
733.9157992130798	0.20709899999997106	epochs	3.0
734.1228982130798	0.3867354000000205	epochs	2.0
734.1228982130798	0.19767110000009325	epochs	3.0
734.3205693130799	0.18906429999992724	epochs	3.0
734.5096336130798	0.3550953000000163	epochs	2.0
734.5096336130798	0.18117589999997108	epochs	3.0
734.6908095130798	0.17391940000004524	epochs	3.0
734.8647289130798	0.3282431000000088	epochs	2.0
734.8647289130798	0.16722189999995862	epochs	3.0
735.0319508130798	0.16102120000005016	epochs	3.0
735.1929720130798	0.30516799999998057	epochs	2.0
735.1929720130798	0.15526390000002266	epochs	3.0
735.3482359130799	0.1499040999999579	epochs	3.0
735.4981400130798	0.28512530000000424	epochs	2.0
735.4981400130798	0.1449020999999675	epochs	3.0
735.6430421130798	0.14022320000003674	epochs	3.0
735.7832653130798	0.2675537999999733	epochs	2.0
735.7832653130798	0.1358368999999584	epochs	3.0
735.9191022130798	0.1317169000000149	epochs	3.0
736.0508191130798	0.2520229000000427	epochs	2.0
736.0508191130798	0.1278393000000051	epochs	3.0
736.1786584130798	0.12418360000003759	epochs	3.0
736.3028420130798	0.23819649999995818	epochs	2.0
736.3028420130798	0.12073109999994358	epochs	3.0
736.4235731130798	0.1174654000000146	epochs	3.0
736.5410385130798	0.2258087999999816	epochs	2.0
736.5410385130798	0.11437190000003739	epochs	3.0
736.6554104130798	0.11143689999994422	epochs	3.0
736.7668473130798	0.2146460000000161	epochs	2.0
736.7668473130798	0.10864890000004834	epochs	3.0
736.8754962130798	0.10599709999996776	epochs	3.0
736.9814933130798	0.20453500000007807	epochs	2.0
736.9814933130798	0.10347150000006877	epochs	3.0
737.0849648130799	0.1010635000000093	epochs	3.0
737.1860283130799	0.19533400000000256	epochs	2.0
737.1860283130799	0.09876509999992322	epochs	3.0
737.2847934130798	0.09656890000007934	epochs	3.0
737.3813623130799	0.18692529999998442	epochs	2.0
737.3813623130799	0.09446829999990314	epochs	3.0
737.4758306130798	0.09245700000008128	epochs	3.0
737.5682876130799	0.17921069999999872	epochs	2.0
737.5682876130799	0.09052959999996801	epochs	3.0
737.6588172130798	0.08868110000003071	epochs	3.0
737.7474983130799	0.17210769999996955	epochs	2.0
737.7474983130799	0.08690630000000965	epochs	3.0
737.8344046130799	0.0852013999999599	epochs	3.0
737.9196060130798	0.16554640000003928	epochs	2.0
737.9196060130798	0.08356189999994967	epochs	3.0
738.0031679130798	0.08198450000008961	epochs	3.0
738.0851524130799	0.15946709999991526	epochs	2.0
738.0851524130799	0.08046539999998004	epochs	3.0
738.1656178130798	0.07900169999993523	epochs	3.0
738.2446195130798	0.15381840000009106	epochs	2.0
738.2446195130798	0.07759010000006583	epochs	3.0
738.3222096130798	0.07622830000002523	epochs	3.0
738.3984379130799	0.14855639999996129	epochs	2.0
738.3984379130799	0.07491329999993468	epochs	3.0
738.4733512130798	0.0736431000000266	epochs	3.0
738.5469943130798	0.14364239999997608	epochs	2.0
738.5469943130798	0.07241499999997814	epochs	3.0
738.6194093130798	0.07122739999999794	epochs	3.0
738.6906367130798	0.13904309999998077	epochs	2.0
738.6906367130798	0.07007799999996678	epochs	3.0
738.7607147130798	0.06896510000001399	epochs	3.0
738.8296798130798	0.1347293000000036	epochs	2.0
738.8296798130798	0.0678871000000072	epochs	3.0
738.8975669130798	0.06684219999999641	epochs	3.0
738.9644091130798	0.1306752000000415	epochs	2.0
738.9644091130798	0.06582910000008724	epochs	3.0
739.0302382130799	0.06484609999995428	epochs	3.0
739.0950843130798	0.12685780000003888	epochs	2.0
739.0950843130798	0.06389200000000983	epochs	3.0
739.1589763130798	0.06296580000002905	epochs	3.0
739.2219421130799	0.12325720000001184	epochs	2.0
739.2219421130799	0.062065799999913907	epochs	3.0
739.2840079130798	0.06119140000009793	epochs	3.0
739.3451993130799	0.11985539999989214	epochs	2.0
739.3451993130799	0.060341099999959624	epochs	3.0
739.4055404130798	0.05951429999993252	epochs	3.0
739.4650547130798	0.11663620000001629	epochs	2.0
739.4650547130798	0.05870960000004288	epochs	3.0
739.5237643130798	0.057926599999973405	epochs	3.0
739.5816909130798	0.11358560000007856	epochs	2.0
739.5816909130798	0.05716419999998834	epochs	3.0
739.6388551130798	0.056421400000090216	epochs	3.0
739.6952765130799	0.11069049999991876	epochs	2.0
739.6952765130799	0.05569789999992736	epochs	3.0
739.7509744130798	0.0549925999999914	epochs	3.0
739.8059670130798	0.1079391000000669	epochs	2.0
739.8059670130798	0.05430490000003374	epochs	3.0
739.8602719130798	0.05363420000003316	epochs	3.0
739.9139061130799	0.10532149999994544	epochs	2.0
739.9139061130799	0.05297999999993408	epochs	3.0
739.9668861130798	0.052341500000011365	epochs	3.0
740.0192276130798	0.10282760000006874	epochs	2.0
740.0192276130798	0.05171810000001642	epochs	3.0
740.0709457130798	0.05110950000005232	epochs	3.0
740.1220552130799	0.10044909999999163	epochs	2.0
740.1220552130799	0.05051489999993919	epochs	3.0
740.1725701130798	0.04993420000005244	epochs	3.0
740.2225043130799	0.0981782999999723	epochs	2.0
740.2225043130799	0.04936659999998483	epochs	3.0
740.2718709130799	0.04881169999998747	epochs	3.0
740.3206826130798	0.09600779999993847	epochs	2.0
740.3206826130798	0.04826920000004975	epochs	3.0
740.3689518130799	0.04773859999988872	epochs	3.0
740.4166904130798	0.09393120000004274	epochs	2.0
740.4166904130798	0.04721950000009656	epochs	3.0
740.4639099130799	0.04671169999994618	epochs	3.0
740.5106216130798	0.09194260000003851	epochs	2.0
740.5106216130798	0.046214599999984785	epochs	3.0
740.5568362130798	0.045728000000053726	epochs	3.0
740.6025642130799	0.09003629999995155	epochs	2.0
740.6025642130799	0.045251499999949374	epochs	3.0
740.6478157130798	0.04478480000000218	epochs	3.0
740.6926005130798	0.08820760000003247	epochs	2.0
740.6926005130798	0.044327800000019124	epochs	3.0
740.7369283130798	0.04387980000001335	epochs	3.0
740.7808081130798	0.0864516999999978	epochs	2.0
740.7808081130798	0.04344100000002982	epochs	3.0
740.8242491130799	0.04301069999996798	epochs	3.0
740.8672598130798	0.08476429999996071	epochs	2.0
740.8672598130798	0.04258900000002086	epochs	3.0
740.9098488130799	0.04217529999993985	epochs	3.0
740.9520241130798	0.08314150000001064	epochs	2.0
740.9520241130798	0.04176970000003166	epochs	3.0
740.9937938130798	0.041371799999978975	epochs	3.0
741.0351656130798	0.08157970000002024	epochs	2.0
741.0351656130798	0.04098140000007788	epochs	3.0
741.0761470130799	0.040598299999942355	epochs	3.0
741.1167453130798	0.08007550000002084	epochs	2.0
741.1167453130798	0.04022229999998217	epochs	3.0
741.1569676130798	0.03985320000003867	epochs	3.0
741.1968208130799	0.07862569999997504	epochs	2.0
741.1968208130799	0.0394907999999532	epochs	3.0
741.2363116130798	0.039134900000021844	epochs	3.0
741.2754465130798	0.07722760000001472	epochs	2.0
741.2754465130798	0.038785400000051595	epochs	3.0
741.3142319130799	0.03844219999996312	epochs	3.0
741.3526741130798	0.07587820000003376	epochs	2.0
741.3526741130798	0.038104800000041905	epochs	3.0
741.3907789130799	0.03777339999999185	epochs	3.0
741.4285523130799	0.07457519999991291	epochs	2.0
741.4285523130799	0.03744769999991604	epochs	3.0
741.4660000130798	0.03712749999999687	epochs	3.0
741.5031275130798	0.07331629999998768	epochs	2.0
741.5031275130798	0.0368129000000863	epochs	3.0
741.5399404130799	0.036503399999901376	epochs	3.0
741.5764438130798	0.07209900000009384	epochs	2.0
741.5764438130798	0.03619910000008986	epochs	3.0
741.6126429130799	0.03589990000000398	epochs	3.0
741.6485428130799	0.07092169999998532	epochs	2.0
741.6485428130799	0.03560559999993984	epochs	3.0
741.6841484130798	0.03531610000004548	epochs	3.0
741.7194645130799	0.06978200000003199	epochs	2.0
741.7194645130799	0.03503119999993487	epochs	3.0
741.7544957130798	0.034750800000097115	epochs	3.0
741.7892465130799	0.06867859999999837	epochs	2.0
741.7892465130799	0.034475099999895065	epochs	3.0
741.8237216130798	0.034203500000103304	epochs	3.0
741.8579251130799	0.06760929999995824	epochs	2.0
741.8579251130799	0.033936199999970995	epochs	3.0
741.8918613130799	0.033673099999987244	epochs	3.0
741.9255344130798	0.06657289999998284	epochs	2.0
741.9255344130798	0.03341399999999339	epochs	3.0
741.9589484130798	0.033158899999989444	epochs	3.0
741.9921073130798	0.06556780000005347	epochs	2.0
741.9921073130798	0.032907700000009754	epochs	3.0
742.0250150130798	0.03266010000004371	epochs	3.0
742.0576751130799	0.06459259999996902	epochs	2.0
742.0576751130799	0.032416399999988244	epochs	3.0
742.0900915130799	0.03217619999998078	epochs	3.0
742.1222677130799	0.0636459999999488	epochs	2.0
742.1222677130799	0.03193959999998697	epochs	3.0
742.1542073130798	0.03170639999996183	epochs	3.0
742.1859137130798	0.0627266999999847	epochs	2.0
742.1859137130798	0.03147660000001906	epochs	3.0
742.2173903130798	0.03125009999996564	epochs	3.0
742.2486404130798	0.06183359999999993	epochs	2.0
742.2486404130798	0.031026900000028945	epochs	3.0
742.2796673130798	0.030806699999970988	epochs	3.0
742.3104740130798	0.06096560000003137	epochs	2.0
742.3104740130798	0.030589800000029754	epochs	3.0
742.3410638130798	0.030375800000001618	epochs	3.0
742.3714396130798	0.06012160000000222	epochs	2.0
742.3714396130798	0.030164900000045236	epochs	3.0
742.4016045130799	0.02995669999995698	epochs	3.0
742.4315612130798	0.05930069999999432	epochs	2.0
742.4315612130798	0.029751600000054168	epochs	3.0
742.4613128130799	0.029549099999940154	epochs	3.0
742.4908619130798	0.05850180000004457	epochs	2.0
742.4908619130798	0.02934940000000097	epochs	3.0
742.5202113130798	0.0291524000000436	epochs	3.0
742.5493637130799	0.05772419999993872	epochs	2.0
742.5493637130799	0.028957999999988715	epochs	3.0
742.5783217130798	0.028766199999950004	epochs	3.0
742.6070879130798	0.05696710000006533	epochs	2.0
742.6070879130798	0.028577000000041153	epochs	3.0
742.6356649130798	0.028390100000024177	epochs	3.0
742.6640550130799	0.05622949999997218	epochs	2.0
742.6640550130799	0.028205699999944045	epochs	3.0
742.6922607130798	0.028023800000028132	epochs	3.0
742.7202845130798	0.05551070000001346	epochs	2.0
742.7202845130798	0.027843999999959124	epochs	3.0
742.7481285130798	0.027666700000054334	epochs	3.0
742.7757952130798	0.054810200000019904	epochs	2.0
742.7757952130798	0.02749149999999645	epochs	3.0
742.8032867130798	0.027318700000023455	epochs	3.0
742.8306054130799	0.05412699999999404	epochs	2.0
742.8306054130799	0.027147799999966082	epochs	3.0
742.8577532130798	0.02697920000002796	epochs	3.0
742.8847324130799	0.053460699999959616	epochs	2.0
742.8847324130799	0.0268125999999711	epochs	3.0
742.9115450130798	0.026648099999988517	epochs	3.0
742.9381931130798	0.05281070000000909	epochs	2.0
742.9381931130798	0.026485600000000886	epochs	3.0
742.9646787130798	0.026325100000008206	epochs	3.0
742.9910038130798	0.05217619999996259	epochs	2.0
742.9910038130798	0.026166399999965506	epochs	3.0
743.0171702130798	0.026009799999997085	epochs	3.0
743.0431800130798	0.051556699999991906	epochs	2.0
743.0431800130798	0.025854800000047362	epochs	3.0
743.0690348130798	0.025701899999944544	epochs	3.0
743.0947367130798	0.050951900000086425	epochs	2.0
743.0947367130798	0.02555070000005344	epochs	3.0
743.1202874130798	0.025401200000032986	epochs	3.0
743.1456886130799	0.05036099999995258	epochs	2.0
743.1456886130799	0.025253499999962514	epochs	3.0
743.1709421130798	0.02510749999999007	epochs	3.0
743.1960496130798	0.049783800000000156	epochs	2.0
743.1960496130798	0.02496320000000196	epochs	3.0
743.2210128130798	0.024820599999998194	epochs	3.0
743.2458334130798	0.049219500000049266	epochs	2.0
743.2458334130798	0.024679399999968155	epochs	3.0
743.2705128130798	0.02454010000008111	epochs	3.0
743.2950529130799	0.048667899999941255	epochs	2.0
743.2950529130799	0.02440209999997478	epochs	3.0
743.3194550130798	0.024265799999966475	epochs	3.0
743.3437208130798	0.04812860000004093	epochs	2.0
743.3437208130798	0.024131000000011227	epochs	3.0
743.3678518130798	0.023997600000029706	epochs	3.0
743.3918494130799	0.04760109999995166	epochs	2.0
743.3918494130799	0.023865799999953197	epochs	3.0
743.4157152130798	0.02373529999999846	epochs	3.0
743.4394505130798	0.047085000000038235	epochs	2.0
743.4394505130798	0.023606299999983094	epochs	3.0
743.4630568130798	0.02347870000005514	epochs	3.0
743.4865355130798	0.046579999999948996	epochs	2.0
743.4865355130798	0.02335249999998723	epochs	3.0
743.5098880130798	0.023227499999961765	epochs	3.0
743.5331155130798	0.046085700000048746	epochs	2.0
743.5331155130798	0.023103999999989355	epochs	3.0
743.5562195130798	0.02298170000005939	epochs	3.0
743.5792012130798	0.045601799999985815	epochs	2.0
743.5792012130798	0.022860700000023826	epochs	3.0
743.6020619130799	0.02274109999996199	epochs	3.0
743.6248030130798	0.04512790000001132	epochs	2.0
743.6248030130798	0.022622500000011314	epochs	3.0
743.6474255130798	0.02250540000000001	epochs	3.0
743.6699309130798	0.044663799999966614	epochs	2.0
743.6699309130798	0.02238929999998618	epochs	3.0
743.6923202130798	0.022274499999980435	epochs	3.0
743.7145947130798	0.04420920000006845	epochs	2.0
743.7145947130798	0.022160800000051495	epochs	3.0
743.7367555130799	0.022048400000016954	epochs	3.0
743.7588039130799	0.04376359999992019	epochs	2.0
743.7588039130799	0.021936900000014248	epochs	3.0
743.7807408130799	0.02182669999990594	epochs	3.0
743.8025675130798	0.04332710000005591	epochs	2.0
743.8025675130798	0.021717599999988124	epochs	3.0
743.8242851130798	0.021609500000067783	epochs	3.0
743.8458946130798	0.04289900000003399	epochs	2.0
743.8458946130798	0.02150249999999687	epochs	3.0
743.8673971130798	0.021396500000037122	epochs	3.0
743.8887936130799	0.04247949999989942	epochs	2.0
743.8887936130799	0.02129170000000613	epochs	3.0
743.9100853130799	0.021187799999893286	epochs	3.0
743.9312731130798	0.042067900000006375	epochs	2.0
743.9312731130798	0.02108490000000529	epochs	3.0
743.9523580130798	0.020983000000001084	epochs	3.0
743.9733410130798	0.04166440000005878	epochs	2.0
743.9733410130798	0.02088220000007368	epochs	3.0
743.9942232130799	0.020782199999985096	epochs	3.0
744.0150054130798	0.04126850000000104	epochs	2.0
744.0150054130798	0.020683299999973315	epochs	3.0
744.0356887130798	0.020585200000027726	epochs	3.0
744.0562739130798	0.04088000000001557	epochs	2.0
744.0562739130798	0.020488099999965925	epochs	3.0
744.0767620130798	0.020391900000049645	epochs	3.0
744.0971539130799	0.04049880000002304	epochs	2.0
744.0971539130799	0.020296599999937825	epochs	3.0
744.1174505130798	0.020202200000085213	epochs	3.0
744.1376527130799	0.040124599999899146	epochs	2.0
744.1376527130799	0.020108699999923374	epochs	3.0
744.1577614130798	0.020015899999975773	epochs	3.0
744.1777773130798	0.03975730000001931	epochs	2.0
744.1777773130798	0.019924200000104975	epochs	3.0
744.1977015130799	0.01983309999991434	epochs	3.0
744.2175346130798	0.03939669999999751	epochs	2.0
744.2175346130798	0.01974300000006224	epochs	3.0
744.2372776130799	0.01965369999993527	epochs	3.0
744.2569313130798	0.039042400000084854	epochs	2.0
744.2569313130798	0.01956510000002254	epochs	3.0
744.2764964130798	0.019477300000062314	epochs	3.0
744.2959737130799	0.03869459999998526	epochs	2.0
744.2959737130799	0.01939039999990655	epochs	3.0
744.3153641130798	0.01930420000007871	epochs	3.0
744.3346683130799	0.03835289999994984	epochs	2.0
744.3346683130799	0.019218799999976	epochs	3.0
744.3538871130798	0.01913409999997384	epochs	3.0
744.3730212130798	0.03801720000001296	epochs	2.0
744.3730212130798	0.019050200000037876	epochs	3.0
744.3920714130799	0.018966999999975087	epochs	3.0
744.4110384130798	0.037687200000050325	epochs	2.0
744.4110384130798	0.01888450000001285	epochs	3.0
744.4299229130798	0.018802700000037476	epochs	3.0
744.4487256130799	0.03736309999999321	epochs	2.0
744.4487256130799	0.01872169999990092	epochs	3.0
744.4674473130798	0.01864140000009229	epochs	3.0
744.4860887130799	0.03704429999993408	epochs	2.0
744.4860887130799	0.01856159999999818	epochs	3.0
744.5046503130799	0.018482699999935903	epochs	3.0
744.5231330130798	0.0367310000000316	epochs	2.0
744.5231330130798	0.018404300000042895	epochs	3.0
744.5415373130799	0.018326699999988705	epochs	3.0
744.5598640130798	0.03642289999993409	epochs	2.0
744.5598640130798	0.018249599999990096	epochs	3.0
744.5781136130798	0.018173299999943993	epochs	3.0
744.5962869130798	0.03612010000006194	epochs	2.0
744.5962869130798	0.0180976000000328	epochs	3.0
744.6143845130798	0.01802250000002914	epochs	3.0
744.6324070130798	0.03582210000001851	epochs	2.0
744.6324070130798	0.017947899999967376	epochs	3.0
744.6503549130798	0.017874200000051133	epochs	3.0
744.6682291130799	0.03552899999999681	epochs	2.0
744.6682291130799	0.017800800000031813	epochs	3.0
744.6860299130799	0.017728199999965	epochs	3.0
744.7037581130799	0.03524070000003121	epochs	2.0
744.7037581130799	0.017656099999953767	epochs	3.0
744.7214142130798	0.017584600000077444	epochs	3.0
744.7389988130799	0.03495709999992869	epochs	2.0
744.7389988130799	0.01751369999999497	epochs	3.0
744.7565125130799	0.017443399999933717	epochs	3.0
744.7739559130798	0.03467790000001969	epochs	2.0
744.7739559130798	0.017373600000041733	epochs	3.0
744.7913295130799	0.017304299999977957	epochs	3.0
744.8086338130798	0.03440330000000813	epochs	2.0
744.8086338130798	0.01723570000001473	epochs	3.0
744.8258695130799	0.0171675999999934	epochs	3.0
744.8430371130798	0.03413279999995211	epochs	2.0
744.8430371130798	0.01709989999994832	epochs	3.0
744.8601370130798	0.017032900000003792	epochs	3.0
744.8771699130798	0.03386670000008962	epochs	2.0
744.8771699130798	0.01696640000000116	epochs	3.0
744.8941363130798	0.016900300000088464	epochs	3.0
744.9110366130799	0.03360459999998966	epochs	2.0
744.9110366130799	0.01683479999996962	epochs	3.0
744.9278714130799	0.01676980000002004	epochs	3.0
744.9446412130799	0.033346599999958926	epochs	2.0
744.9446412130799	0.016705300000012357	epochs	3.0
744.9613465130799	0.01664129999994657	epochs	3.0
744.9779878130798	0.03309249999995245	epochs	2.0
744.9779878130798	0.016577800000050047	epochs	3.0
744.9945656130799	0.016514699999902405	epochs	3.0
745.0110803130798	0.032842300000083924	epochs	2.0
745.0110803130798	0.01645220000000336	epochs	3.0
745.0275325130798	0.016390100000080565	epochs	3.0
745.0439226130799	0.03259570000000167	epochs	2.0
745.0439226130799	0.01632839999990665	epochs	3.0
745.0602510130798	0.01626730000009502	epochs	3.0
745.0765183130799	0.032352899999978035	epochs	2.0
745.0765183130799	0.01620659999991858	epochs	3.0
745.0927249130798	0.016146300000059455	epochs	3.0
745.1088712130799	0.03211369999996805	epochs	2.0
745.1088712130799	0.016086599999994178	epochs	3.0
745.1249578130798	0.01602709999997387	epochs	3.0
745.1409849130798	0.03187800000000607	epochs	2.0
745.1409849130798	0.015968199999974786	epochs	3.0
745.1569531130798	0.015909800000031282	epochs	3.0
745.1728629130798	0.031645700000012766	epochs	2.0
745.1728629130798	0.01585160000001906	epochs	3.0
745.1887145130798	0.015794099999993705	epochs	3.0
745.2045086130798	0.0314167000000225	epochs	2.0
745.2045086130798	0.015736700000047676	epochs	3.0
745.2202453130799	0.015679999999974825	epochs	3.0
745.2359253130799	0.031191100000000915	epochs	2.0
745.2359253130799	0.015623600000026272	epochs	3.0
745.2515489130799	0.015567499999974643	epochs	3.0
745.2671164130799	0.030968700000016725	epochs	2.0
745.2671164130799	0.015511999999944237	epochs	3.0
745.2826284130798	0.015456700000072487	epochs	3.0
745.2980851130799	0.030749499999956242	epochs	2.0
745.2980851130799	0.015401999999994587	epochs	3.0
745.3134871130799	0.015347499999961656	epochs	3.0
745.3288346130798	0.03053320000003623	epochs	2.0
745.3288346130798	0.015293400000018664	epochs	3.0
745.3441280130799	0.015239800000017567	epochs	3.0
745.3593678130799	0.030320099999926242	epochs	2.0
745.3593678130799	0.015186499999913394	epochs	3.0
745.3745543130798	0.015133600000012848	epochs	3.0
745.3896879130798	0.03010990000007041	epochs	2.0
745.3896879130798	0.015081000000009226	epochs	3.0
745.4047689130798	0.015028900000061185	epochs	3.0
745.4197978130799	0.029902499999934662	epochs	2.0
745.4197978130799	0.01497699999993074	epochs	3.0
745.4347748130798	0.014925500000003922	epochs	3.0
745.4497003130798	0.029698100000018712	epochs	2.0
745.4497003130798	0.014874400000053356	epochs	3.0
745.4645747130799	0.014823699999965356	epochs	3.0
745.4793984130798	0.02949630000000525	epochs	2.0
745.4793984130798	0.014773200000036013	epochs	3.0
745.4941716130799	0.014723099999969236	epochs	3.0
745.5088947130798	0.02929740000001857	epochs	2.0
745.5088947130798	0.014673399999992398	epochs	3.0
745.5235681130798	0.014624000000026172	epochs	3.0
745.5381921130798	0.029101099999934377	epochs	2.0
745.5381921130798	0.01457489999995687	epochs	3.0
745.5527670130798	0.014526199999977507	epochs	3.0
745.5672932130798	0.02890740000009373	epochs	2.0
745.5672932130798	0.014477700000043114	epochs	3.0
745.5817709130798	0.014429700000050616	epochs	3.0
745.5962006130799	0.028716199999962555	epochs	2.0
745.5962006130799	0.014381799999910072	epochs	3.0
745.6105824130798	0.014334400000052483	epochs	3.0
745.6249168130798	0.02852759999996124	epochs	2.0
745.6249168130798	0.01428720000001249	epochs	3.0
745.6392040130798	0.01424039999994875	epochs	3.0
745.6534444130798	0.028341400000044814	epochs	2.0
745.6534444130798	0.014193800000043666	epochs	3.0
745.6676382130798	0.014147600000001148	epochs	3.0
745.6817858130798	0.028157699999951546	epochs	2.0
745.6817858130798	0.014101699999969242	epochs	3.0
745.6958875130798	0.014055999999982305	epochs	3.0
745.7099435130798	0.027976300000091214	epochs	2.0
745.7099435130798	0.01401060000000598	epochs	3.0
745.7239541130798	0.013965700000085235	epochs	3.0
745.7379198130799	0.027797199999895383	epochs	2.0
745.7379198130799	0.013920799999937117	epochs	3.0
745.7518406130798	0.013876399999958267	epochs	3.0
745.7657170130798	0.027620400000046175	epochs	2.0
745.7657170130798	0.013832200000024386	epochs	3.0
745.7795492130798	0.013788200000021789	epochs	3.0
745.7933374130798	0.027445899999975154	epochs	2.0
745.7933374130798	0.013744599999995444	epochs	3.0
745.8070820130798	0.01370129999997971	epochs	3.0
745.8207833130798	0.027273499999978412	epochs	2.0
745.8207833130798	0.013658200000008947	epochs	3.0
745.8344415130798	0.013615299999969466	epochs	3.0
745.8480568130798	0.02710340000010092	epochs	2.0
745.8480568130798	0.013572800000019924	epochs	3.0
745.8616296130798	0.013530600000080995	epochs	3.0
745.8751602130799	0.026935199999911674	epochs	2.0
745.8751602130799	0.01348839999991469	epochs	3.0
745.8886486130798	0.013446799999996983	epochs	3.0
745.9020954130798	0.026769199999989723	epochs	2.0
745.9020954130798	0.013405200000079276	epochs	3.0
745.9155006130799	0.013363999999910448	epochs	3.0
745.9288646130798	0.026605200000062723	epochs	2.0
745.9288646130798	0.013322900000048321	epochs	3.0
745.9421875130798	0.013282300000014402	epochs	3.0
745.9554698130798	0.026443200000016986	epochs	2.0
745.9554698130798	0.013241699999980483	epochs	3.0
745.9687115130798	0.013201500000036503	epochs	3.0
745.9819130130799	0.0262831999999662	epochs	2.0
745.9819130130799	0.013161500000023807	epochs	3.0
745.9950745130799	0.013121699999942393	epochs	3.0
746.0081962130798	0.02612499999997908	epochs	2.0
746.0081962130798	0.013082100000019636	epochs	3.0
746.0212783130798	0.013042899999959445	epochs	3.0
746.0343212130798	0.025968900000066242	epochs	2.0
746.0343212130798	0.01300390000005791	epochs	3.0
746.0473251130799	0.012965000000008331	epochs	3.0
746.0602901130799	0.025814499999910367	epochs	2.0
746.0602901130799	0.012926399999969362	epochs	3.0
746.0732165130798	0.012888099999941005	epochs	3.0
746.0861046130798	0.025661900000045534	epochs	2.0
746.0861046130798	0.012849900000105663	epochs	3.0
746.0989545130799	0.012811999999939871	epochs	3.0
746.1117665130798	0.025511199999982637	epochs	2.0
746.1117665130798	0.012774400000012065	epochs	3.0
746.1245409130798	0.012736799999970572	epochs	3.0
746.1372777130798	0.025362299999983406	epochs	2.0
746.1372777130798	0.01269969999998466	epochs	3.0
746.1499774130798	0.012662599999998747	epochs	3.0
746.1626400130798	0.025215000000002874	epochs	2.0
746.1626400130798	0.012625800000023446	epochs	3.0
746.1752658130798	0.012589199999979428	epochs	3.0
746.1878550130798	0.024584800000070572	epochs	2.0
746.2116075130798	0.5	epochs	-1.0
746.2124398130799	0.5280799999999317	epochs	1.0
746.7405198130798	0.4718400000000429	epochs	0.0
747.0999999046326	0.09136000000000877	epochs	0.0
747.0999999046326	0.04068259999996826	epochs	1.0
747.1406825046325	0.009994800000072246	epochs	1.0
747.1506773046326	0.04068259999996826	epochs	1.0
747.1914399046326	2.0	epochs	0.0
749.1914076046326	0.5	epochs	-1.0
749.1914399046326	21.528719999999907	epochs	0.0
749.1914399046326	1.0	epochs	1.0
749.6914076046326	19.999199999999973	epochs	-1.0
750.1914399046326	20.0	epochs	1.0
750.1914399046326	4.356753899999944	epochs	-1.0
750.1914399046326	1.9745871999999736	epochs	2.0
750.1914399046326	1.0985621999999466	epochs	3.0
751.2900021046325	0.8760250000000269	epochs	3.0
752.1660271046326	1.3524075000000266	epochs	2.0
752.1660271046326	0.7286354999999958	epochs	3.0
752.8946626046326	0.6237720000000309	epochs	3.0
753.5184346046326	1.029759199999944	epochs	2.0
753.5184346046326	0.5453292999999348	epochs	3.0
754.0637639046325	0.4844299000000092	epochs	3.0
754.5481938046325	0.8317862000000105	epochs	2.0
754.5481938046325	0.4357763000000432	epochs	3.0
754.9839701046326	0.3960098999999673	epochs	3.0
755.3799800046326	0.6977970000000369	epochs	2.0
755.3799800046326	0.3628982000000178	epochs	3.0
755.7428782046326	0.33489880000001904	epochs	3.0
756.0777770046326	0.601045699999986	epochs	2.0
756.0777770046326	0.3109122999999272	epochs	3.0
756.3886893046325	0.2901334000000588	epochs	3.0
756.6788227046326	0.5278859000000011	epochs	2.0
756.6788227046326	0.2719585999999481	epochs	3.0
756.9507813046325	0.25592730000005304	epochs	3.0
757.2067086046326	0.470619299999953	epochs	2.0
757.2067086046326	0.241681299999982	epochs	3.0
757.4483899046326	0.228937999999971	epochs	3.0
757.6773279046325	0.42457039999999324	epochs	2.0
757.6773279046325	0.21747140000002219	epochs	3.0
757.8947993046326	0.20709899999997106	epochs	3.0
758.1018983046325	0.3867354000000205	epochs	2.0
758.1018983046325	0.19767110000009325	epochs	3.0
758.2995694046326	0.18906429999992724	epochs	3.0
758.4886337046325	0.3550953000000163	epochs	2.0
758.4886337046325	0.18117589999997108	epochs	3.0
758.6698096046325	0.17391940000004524	epochs	3.0
758.8437290046326	0.3282431000000088	epochs	2.0
758.8437290046326	0.16722189999995862	epochs	3.0
759.0109509046325	0.16102120000005016	epochs	3.0
759.1719721046326	0.30516799999998057	epochs	2.0
759.1719721046326	0.15526390000002266	epochs	3.0
759.3272360046326	0.1499040999999579	epochs	3.0
759.4771401046326	0.28512530000000424	epochs	2.0
759.4771401046326	0.1449020999999675	epochs	3.0
759.6220422046325	0.14022320000003674	epochs	3.0
759.7622654046326	0.2675537999999733	epochs	2.0
759.7622654046326	0.1358368999999584	epochs	3.0
759.8981023046325	0.1317169000000149	epochs	3.0
760.0298192046325	0.2520229000000427	epochs	2.0
760.0298192046325	0.1278393000000051	epochs	3.0
760.1576585046325	0.12418360000003759	epochs	3.0
760.2818421046326	0.23819649999995818	epochs	2.0
760.2818421046326	0.12073109999994358	epochs	3.0
760.4025732046325	0.1174654000000146	epochs	3.0
760.5200386046325	0.2258087999999816	epochs	2.0
760.5200386046325	0.11437190000003739	epochs	3.0
760.6344105046326	0.11143689999994422	epochs	3.0
760.7458474046325	0.2146460000000161	epochs	2.0
760.7458474046325	0.10864890000004834	epochs	3.0
760.8544963046326	0.10599709999996776	epochs	3.0
760.9604934046325	0.20453500000007807	epochs	2.0
760.9604934046325	0.10347150000006877	epochs	3.0
761.0639649046326	0.1010635000000093	epochs	3.0
761.1650284046326	0.19533400000000256	epochs	2.0
761.1650284046326	0.09876509999992322	epochs	3.0
761.2637935046325	0.09656890000007934	epochs	3.0
761.3603624046326	0.18692529999998442	epochs	2.0
761.3603624046326	0.09446829999990314	epochs	3.0
761.4548307046325	0.09245700000008128	epochs	3.0
761.5472877046326	0.17921069999999872	epochs	2.0
761.5472877046326	0.09052959999996801	epochs	3.0
761.6378173046326	0.08868110000003071	epochs	3.0
761.7264984046326	0.17210769999996955	epochs	2.0
761.7264984046326	0.08690630000000965	epochs	3.0
761.8134047046326	0.0852013999999599	epochs	3.0
761.8986061046326	0.16554640000003928	epochs	2.0
761.8986061046326	0.08356189999994967	epochs	3.0
761.9821680046325	0.08198450000008961	epochs	3.0
762.0641525046326	0.15946709999991526	epochs	2.0
762.0641525046326	0.08046539999998004	epochs	3.0
762.1446179046326	0.07900169999993523	epochs	3.0
762.2236196046325	0.15381840000009106	epochs	2.0
762.2236196046325	0.07759010000006583	epochs	3.0
762.3012097046326	0.07622830000002523	epochs	3.0
762.3774380046326	0.14855639999996129	epochs	2.0
762.3774380046326	0.07491329999993468	epochs	3.0
762.4523513046325	0.0736431000000266	epochs	3.0
762.5259944046326	0.14364239999997608	epochs	2.0
762.5259944046326	0.07241499999997814	epochs	3.0
762.5984094046325	0.07122739999999794	epochs	3.0
762.6696368046325	0.13904309999998077	epochs	2.0
762.6696368046325	0.07007799999996678	epochs	3.0
762.7397148046325	0.06896510000001399	epochs	3.0
762.8086799046325	0.1347293000000036	epochs	2.0
762.8086799046325	0.0678871000000072	epochs	3.0
762.8765670046325	0.06684219999999641	epochs	3.0
762.9434092046325	0.1306752000000415	epochs	2.0
762.9434092046325	0.06582910000008724	epochs	3.0
763.0092383046326	0.06484609999995428	epochs	3.0
763.0740844046326	0.12685780000003888	epochs	2.0
763.0740844046326	0.06389200000000983	epochs	3.0
763.1379764046326	0.06296580000002905	epochs	3.0
763.2009422046326	0.12325720000001184	epochs	2.0
763.2009422046326	0.062065799999913907	epochs	3.0
763.2630080046325	0.06119140000009793	epochs	3.0
763.3241994046326	0.11985539999989214	epochs	2.0
763.3241994046326	0.060341099999959624	epochs	3.0
763.3845405046326	0.05951429999993252	epochs	3.0
763.4440548046325	0.11663620000001629	epochs	2.0
763.4440548046325	0.05870960000004288	epochs	3.0
763.5027644046326	0.057926599999973405	epochs	3.0
763.5606910046325	0.11358560000007856	epochs	2.0
763.5606910046325	0.05716419999998834	epochs	3.0
763.6178552046325	0.056421400000090216	epochs	3.0
763.6742766046326	0.11069049999991876	epochs	2.0
763.6742766046326	0.05569789999992736	epochs	3.0
763.7299745046325	0.0549925999999914	epochs	3.0
763.7849671046325	0.1079391000000669	epochs	2.0
763.7849671046325	0.05430490000003374	epochs	3.0
763.8392720046326	0.05363420000003316	epochs	3.0
763.8929062046326	0.10532149999994544	epochs	2.0
763.8929062046326	0.05297999999993408	epochs	3.0
763.9458862046325	0.052341500000011365	epochs	3.0
763.9982277046325	0.10282760000006874	epochs	2.0
763.9982277046325	0.05171810000001642	epochs	3.0
764.0499458046326	0.05110950000005232	epochs	3.0
764.1010553046326	0.10044909999999163	epochs	2.0
764.1010553046326	0.05051489999993919	epochs	3.0
764.1515702046325	0.04993420000005244	epochs	3.0
764.2015044046326	0.0981782999999723	epochs	2.0
764.2015044046326	0.04936659999998483	epochs	3.0
764.2508710046326	0.04881169999998747	epochs	3.0
764.2996827046326	0.09600779999993847	epochs	2.0
764.2996827046326	0.04826920000004975	epochs	3.0
764.3479519046326	0.04773859999988872	epochs	3.0
764.3956905046325	0.09393120000004274	epochs	2.0
764.3956905046325	0.04721950000009656	epochs	3.0
764.4429100046326	0.04671169999994618	epochs	3.0
764.4896217046326	0.09194260000003851	epochs	2.0
764.4896217046326	0.046214599999984785	epochs	3.0
764.5358363046325	0.045728000000053726	epochs	3.0
764.5815643046326	0.09003629999995155	epochs	2.0
764.5815643046326	0.045251499999949374	epochs	3.0
764.6268158046325	0.04478480000000218	epochs	3.0
764.6716006046325	0.08820760000003247	epochs	2.0
764.6716006046325	0.044327800000019124	epochs	3.0
764.7159284046326	0.04387980000001335	epochs	3.0
764.7598082046326	0.0864516999999978	epochs	2.0
764.7598082046326	0.04344100000002982	epochs	3.0
764.8032492046326	0.04301069999996798	epochs	3.0
764.8462599046326	0.08476429999996071	epochs	2.0
764.8462599046326	0.04258900000002086	epochs	3.0
764.8888489046326	0.04217529999993985	epochs	3.0
764.9310242046325	0.08314150000001064	epochs	2.0
764.9310242046325	0.04176970000003166	epochs	3.0
764.9727939046326	0.041371799999978975	epochs	3.0
765.0141657046325	0.08157970000002024	epochs	2.0
765.0141657046325	0.04098140000007788	epochs	3.0
765.0551471046326	0.040598299999942355	epochs	3.0
765.0957454046326	0.08007550000002084	epochs	2.0
765.0957454046326	0.04022229999998217	epochs	3.0
765.1359677046325	0.03985320000003867	epochs	3.0
765.1758209046326	0.07862569999997504	epochs	2.0
765.1758209046326	0.0394907999999532	epochs	3.0
765.2153117046325	0.039134900000021844	epochs	3.0
765.2544466046326	0.07722760000001472	epochs	2.0
765.2544466046326	0.038785400000051595	epochs	3.0
765.2932320046326	0.03844219999996312	epochs	3.0
765.3316742046326	0.07587820000003376	epochs	2.0
765.3316742046326	0.038104800000041905	epochs	3.0
765.3697790046326	0.03777339999999185	epochs	3.0
765.4075524046326	0.07457519999991291	epochs	2.0
765.4075524046326	0.03744769999991604	epochs	3.0
765.4450001046325	0.03712749999999687	epochs	3.0
765.4821276046325	0.07331629999998768	epochs	2.0
765.4821276046325	0.0368129000000863	epochs	3.0
765.5189405046326	0.036503399999901376	epochs	3.0
765.5554439046325	0.07209900000009384	epochs	2.0
765.5554439046325	0.03619910000008986	epochs	3.0
765.5916430046326	0.03589990000000398	epochs	3.0
765.6275429046326	0.07092169999998532	epochs	2.0
765.6275429046326	0.03560559999993984	epochs	3.0
765.6631485046325	0.03531610000004548	epochs	3.0
765.6984646046326	0.06978200000003199	epochs	2.0
765.6984646046326	0.03503119999993487	epochs	3.0
765.7334958046325	0.034750800000097115	epochs	3.0
765.7682466046326	0.06867859999999837	epochs	2.0
765.7682466046326	0.034475099999895065	epochs	3.0
765.8027217046325	0.034203500000103304	epochs	3.0
765.8369252046326	0.06760929999995824	epochs	2.0
765.8369252046326	0.033936199999970995	epochs	3.0
765.8708614046326	0.033673099999987244	epochs	3.0
765.9045345046326	0.06657289999998284	epochs	2.0
765.9045345046326	0.03341399999999339	epochs	3.0
765.9379485046326	0.033158899999989444	epochs	3.0
765.9711074046326	0.06556780000005347	epochs	2.0
765.9711074046326	0.032907700000009754	epochs	3.0
766.0040151046326	0.03266010000004371	epochs	3.0
766.0366752046326	0.06459259999996902	epochs	2.0
766.0366752046326	0.032416399999988244	epochs	3.0
766.0690916046326	0.03217619999998078	epochs	3.0
766.1012678046326	0.0636459999999488	epochs	2.0
766.1012678046326	0.03193959999998697	epochs	3.0
766.1332074046326	0.03170639999996183	epochs	3.0
766.1649138046325	0.0627266999999847	epochs	2.0
766.1649138046325	0.03147660000001906	epochs	3.0
766.1963904046326	0.03125009999996564	epochs	3.0
766.2276405046325	0.06183359999999993	epochs	2.0
766.2276405046325	0.031026900000028945	epochs	3.0
766.2586674046325	0.030806699999970988	epochs	3.0
766.2894741046325	0.06096560000003137	epochs	2.0
766.2894741046325	0.030589800000029754	epochs	3.0
766.3200639046325	0.030375800000001618	epochs	3.0
766.3504397046325	0.06012160000000222	epochs	2.0
766.3504397046325	0.030164900000045236	epochs	3.0
766.3806046046326	0.02995669999995698	epochs	3.0
766.4105613046326	0.05930069999999432	epochs	2.0
766.4105613046326	0.029751600000054168	epochs	3.0
766.4403129046326	0.029549099999940154	epochs	3.0
766.4698620046325	0.05850180000004457	epochs	2.0
766.4698620046325	0.02934940000000097	epochs	3.0
766.4992114046325	0.0291524000000436	epochs	3.0
766.5283638046326	0.05772419999993872	epochs	2.0
766.5283638046326	0.028957999999988715	epochs	3.0
766.5573218046326	0.028766199999950004	epochs	3.0
766.5860880046325	0.05696710000006533	epochs	2.0
766.5860880046325	0.028577000000041153	epochs	3.0
766.6146650046326	0.028390100000024177	epochs	3.0
766.6430551046326	0.05622949999997218	epochs	2.0
766.6430551046326	0.028205699999944045	epochs	3.0
766.6712608046325	0.028023800000028132	epochs	3.0
766.6992846046326	0.05551070000001346	epochs	2.0
766.6992846046326	0.027843999999959124	epochs	3.0
766.7271286046325	0.027666700000054334	epochs	3.0
766.7547953046326	0.054810200000019904	epochs	2.0
766.7547953046326	0.02749149999999645	epochs	3.0
766.7822868046326	0.027318700000023455	epochs	3.0
766.8096055046326	0.05412699999999404	epochs	2.0
766.8096055046326	0.027147799999966082	epochs	3.0
766.8367533046326	0.02697920000002796	epochs	3.0
766.8637325046326	0.053460699999959616	epochs	2.0
766.8637325046326	0.0268125999999711	epochs	3.0
766.8905451046326	0.026648099999988517	epochs	3.0
766.9171932046326	0.05281070000000909	epochs	2.0
766.9171932046326	0.026485600000000886	epochs	3.0
766.9436788046326	0.026325100000008206	epochs	3.0
766.9700039046326	0.05217619999996259	epochs	2.0
766.9700039046326	0.026166399999965506	epochs	3.0
766.9961703046325	0.026009799999997085	epochs	3.0
767.0221801046325	0.051556699999991906	epochs	2.0
767.0221801046325	0.025854800000047362	epochs	3.0
767.0480349046326	0.025701899999944544	epochs	3.0
767.0737368046325	0.050951900000086425	epochs	2.0
767.0737368046325	0.02555070000005344	epochs	3.0
767.0992875046326	0.025401200000032986	epochs	3.0
767.1246887046326	0.05036099999995258	epochs	2.0
767.1246887046326	0.025253499999962514	epochs	3.0
767.1499422046326	0.02510749999999007	epochs	3.0
767.1750497046326	0.049783800000000156	epochs	2.0
767.1750497046326	0.02496320000000196	epochs	3.0
767.2000129046326	0.024820599999998194	epochs	3.0
767.2248335046326	0.049219500000049266	epochs	2.0
767.2248335046326	0.024679399999968155	epochs	3.0
767.2495129046325	0.02454010000008111	epochs	3.0
767.2740530046326	0.048667899999941255	epochs	2.0
767.2740530046326	0.02440209999997478	epochs	3.0
767.2984551046326	0.024265799999966475	epochs	3.0
767.3227209046325	0.04812860000004093	epochs	2.0
767.3227209046325	0.024131000000011227	epochs	3.0
767.3468519046326	0.023997600000029706	epochs	3.0
767.3708495046326	0.04760109999995166	epochs	2.0
767.3708495046326	0.023865799999953197	epochs	3.0
767.3947153046325	0.02373529999999846	epochs	3.0
767.4184506046325	0.047085000000038235	epochs	2.0
767.4184506046325	0.023606299999983094	epochs	3.0
767.4420569046325	0.02347870000005514	epochs	3.0
767.4655356046326	0.046579999999948996	epochs	2.0
767.4655356046326	0.02335249999998723	epochs	3.0
767.4888881046326	0.023227499999961765	epochs	3.0
767.5121156046325	0.046085700000048746	epochs	2.0
767.5121156046325	0.023103999999989355	epochs	3.0
767.5352196046325	0.02298170000005939	epochs	3.0
767.5582013046326	0.045601799999985815	epochs	2.0
767.5582013046326	0.022860700000023826	epochs	3.0
767.5810620046326	0.02274109999996199	epochs	3.0
767.6038031046326	0.04512790000001132	epochs	2.0
767.6038031046326	0.022622500000011314	epochs	3.0
767.6264256046326	0.02250540000000001	epochs	3.0
767.6489310046326	0.044663799999966614	epochs	2.0
767.6489310046326	0.02238929999998618	epochs	3.0
767.6713203046326	0.022274499999980435	epochs	3.0
767.6935948046325	0.04420920000006845	epochs	2.0
767.6935948046325	0.022160800000051495	epochs	3.0
767.7157556046326	0.022048400000016954	epochs	3.0
767.7378040046326	0.04376359999992019	epochs	2.0
767.7378040046326	0.021936900000014248	epochs	3.0
767.7597409046326	0.02182669999990594	epochs	3.0
767.7815676046325	0.04332710000005591	epochs	2.0
767.7815676046325	0.021717599999988124	epochs	3.0
767.8032852046325	0.021609500000067783	epochs	3.0
767.8248947046326	0.04289900000003399	epochs	2.0
767.8248947046326	0.02150249999999687	epochs	3.0
767.8463972046326	0.021396500000037122	epochs	3.0
767.8677937046326	0.04247949999989942	epochs	2.0
767.8677937046326	0.02129170000000613	epochs	3.0
767.8890854046326	0.021187799999893286	epochs	3.0
767.9102732046325	0.042067900000006375	epochs	2.0
767.9102732046325	0.02108490000000529	epochs	3.0
767.9313581046325	0.020983000000001084	epochs	3.0
767.9523411046325	0.04166440000005878	epochs	2.0
767.9523411046325	0.02088220000007368	epochs	3.0
767.9732233046326	0.020782199999985096	epochs	3.0
767.9940055046326	0.04126850000000104	epochs	2.0
767.9940055046326	0.020683299999973315	epochs	3.0
768.0146888046326	0.020585200000027726	epochs	3.0
768.0352740046326	0.04088000000001557	epochs	2.0
768.0352740046326	0.020488099999965925	epochs	3.0
768.0557621046325	0.020391900000049645	epochs	3.0
768.0761540046326	0.04049880000002304	epochs	2.0
768.0761540046326	0.020296599999937825	epochs	3.0
768.0964506046325	0.020202200000085213	epochs	3.0
768.1166528046326	0.040124599999899146	epochs	2.0
768.1166528046326	0.020108699999923374	epochs	3.0
768.1367615046325	0.020015899999975773	epochs	3.0
768.1567774046325	0.03975730000001931	epochs	2.0
768.1567774046325	0.019924200000104975	epochs	3.0
768.1767016046326	0.01983309999991434	epochs	3.0
768.1965347046325	0.03939669999999751	epochs	2.0
768.1965347046325	0.01974300000006224	epochs	3.0
768.2162777046326	0.01965369999993527	epochs	3.0
768.2359314046325	0.039042400000084854	epochs	2.0
768.2359314046325	0.01956510000002254	epochs	3.0
768.2554965046326	0.019477300000062314	epochs	3.0
768.2749738046326	0.03869459999998526	epochs	2.0
768.2749738046326	0.01939039999990655	epochs	3.0
768.2943642046325	0.01930420000007871	epochs	3.0
768.3136684046326	0.03835289999994984	epochs	2.0
768.3136684046326	0.019218799999976	epochs	3.0
768.3328872046326	0.01913409999997384	epochs	3.0
768.3520213046326	0.03801720000001296	epochs	2.0
768.3520213046326	0.019050200000037876	epochs	3.0
768.3710715046326	0.018966999999975087	epochs	3.0
768.3900385046326	0.037687200000050325	epochs	2.0
768.3900385046326	0.01888450000001285	epochs	3.0
768.4089230046326	0.018802700000037476	epochs	3.0
768.4277257046326	0.03736309999999321	epochs	2.0
768.4277257046326	0.01872169999990092	epochs	3.0
768.4464474046325	0.01864140000009229	epochs	3.0
768.4650888046326	0.03704429999993408	epochs	2.0
768.4650888046326	0.01856159999999818	epochs	3.0
768.4836504046326	0.018482699999935903	epochs	3.0
768.5021331046325	0.0367310000000316	epochs	2.0
768.5021331046325	0.018404300000042895	epochs	3.0
768.5205374046326	0.018326699999988705	epochs	3.0
768.5388641046326	0.03642289999993409	epochs	2.0
768.5388641046326	0.018249599999990096	epochs	3.0
768.5571137046326	0.018173299999943993	epochs	3.0
768.5752870046325	0.03612010000006194	epochs	2.0
768.5752870046325	0.0180976000000328	epochs	3.0
768.5933846046325	0.01802250000002914	epochs	3.0
768.6114071046326	0.03582210000001851	epochs	2.0
768.6114071046326	0.017947899999967376	epochs	3.0
768.6293550046325	0.017874200000051133	epochs	3.0
768.6472292046326	0.03552899999999681	epochs	2.0
768.6472292046326	0.017800800000031813	epochs	3.0
768.6650300046326	0.017728199999965	epochs	3.0
768.6827582046326	0.03524070000003121	epochs	2.0
768.6827582046326	0.017656099999953767	epochs	3.0
768.7004143046325	0.017584600000077444	epochs	3.0
768.7179989046326	0.03495709999992869	epochs	2.0
768.7179989046326	0.01751369999999497	epochs	3.0
768.7355126046326	0.017443399999933717	epochs	3.0
768.7529560046326	0.03467790000001969	epochs	2.0
768.7529560046326	0.017373600000041733	epochs	3.0
768.7703296046326	0.017304299999977957	epochs	3.0
768.7876339046326	0.03440330000000813	epochs	2.0
768.7876339046326	0.01723570000001473	epochs	3.0
768.8048696046326	0.0171675999999934	epochs	3.0
768.8220372046326	0.03413279999995211	epochs	2.0
768.8220372046326	0.01709989999994832	epochs	3.0
768.8391371046325	0.017032900000003792	epochs	3.0
768.8561700046325	0.03386670000008962	epochs	2.0
768.8561700046325	0.01696640000000116	epochs	3.0
768.8731364046325	0.016900300000088464	epochs	3.0
768.8900367046326	0.03360459999998966	epochs	2.0
768.8900367046326	0.01683479999996962	epochs	3.0
768.9068715046326	0.01676980000002004	epochs	3.0
768.9236413046326	0.033346599999958926	epochs	2.0
768.9236413046326	0.016705300000012357	epochs	3.0
768.9403466046326	0.01664129999994657	epochs	3.0
768.9569879046326	0.03309249999995245	epochs	2.0
768.9569879046326	0.016577800000050047	epochs	3.0
768.9735657046326	0.016514699999902405	epochs	3.0
768.9900804046325	0.032842300000083924	epochs	2.0
768.9900804046325	0.01645220000000336	epochs	3.0
769.0065326046325	0.016390100000080565	epochs	3.0
769.0229227046326	0.03259570000000167	epochs	2.0
769.0229227046326	0.01632839999990665	epochs	3.0
769.0392511046325	0.01626730000009502	epochs	3.0
769.0555184046326	0.032352899999978035	epochs	2.0
769.0555184046326	0.01620659999991858	epochs	3.0
769.0717250046325	0.016146300000059455	epochs	3.0
769.0878713046326	0.03211369999996805	epochs	2.0
769.0878713046326	0.016086599999994178	epochs	3.0
769.1039579046326	0.01602709999997387	epochs	3.0
769.1199850046326	0.03187800000000607	epochs	2.0
769.1199850046326	0.015968199999974786	epochs	3.0
769.1359532046325	0.015909800000031282	epochs	3.0
769.1518630046326	0.031645700000012766	epochs	2.0
769.1518630046326	0.01585160000001906	epochs	3.0
769.1677146046326	0.015794099999993705	epochs	3.0
769.1835087046326	0.0314167000000225	epochs	2.0
769.1835087046326	0.015736700000047676	epochs	3.0
769.1992454046326	0.015679999999974825	epochs	3.0
769.2149254046326	0.031191100000000915	epochs	2.0
769.2149254046326	0.015623600000026272	epochs	3.0
769.2305490046326	0.015567499999974643	epochs	3.0
769.2461165046326	0.030968700000016725	epochs	2.0
769.2461165046326	0.015511999999944237	epochs	3.0
769.2616285046325	0.015456700000072487	epochs	3.0
769.2770852046326	0.030749499999956242	epochs	2.0
769.2770852046326	0.015401999999994587	epochs	3.0
769.2924872046326	0.015347499999961656	epochs	3.0
769.3078347046326	0.03053320000003623	epochs	2.0
769.3078347046326	0.015293400000018664	epochs	3.0
769.3231281046326	0.015239800000017567	epochs	3.0
769.3383679046326	0.030320099999926242	epochs	2.0
769.3383679046326	0.015186499999913394	epochs	3.0
769.3535544046325	0.015133600000012848	epochs	3.0
769.3686880046325	0.03010990000007041	epochs	2.0
769.3686880046325	0.015081000000009226	epochs	3.0
769.3837690046325	0.015028900000061185	epochs	3.0
769.3987979046326	0.029902499999934662	epochs	2.0
769.3987979046326	0.01497699999993074	epochs	3.0
769.4137749046325	0.014925500000003922	epochs	3.0
769.4287004046325	0.029698100000018712	epochs	2.0
769.4287004046325	0.014874400000053356	epochs	3.0
769.4435748046326	0.014823699999965356	epochs	3.0
769.4583985046326	0.02949630000000525	epochs	2.0
769.4583985046326	0.014773200000036013	epochs	3.0
769.4731717046326	0.014723099999969236	epochs	3.0
769.4878948046326	0.02929740000001857	epochs	2.0
769.4878948046326	0.014673399999992398	epochs	3.0
769.5025682046326	0.014624000000026172	epochs	3.0
769.5171922046326	0.029101099999934377	epochs	2.0
769.5171922046326	0.01457489999995687	epochs	3.0
769.5317671046325	0.014526199999977507	epochs	3.0
769.5462933046325	0.02890740000009373	epochs	2.0
769.5462933046325	0.014477700000043114	epochs	3.0
769.5607710046326	0.014429700000050616	epochs	3.0
769.5752007046326	0.028716199999962555	epochs	2.0
769.5752007046326	0.014381799999910072	epochs	3.0
769.5895825046325	0.014334400000052483	epochs	3.0
769.6039169046326	0.02852759999996124	epochs	2.0
769.6039169046326	0.01428720000001249	epochs	3.0
769.6182041046326	0.01424039999994875	epochs	3.0
769.6324445046325	0.028341400000044814	epochs	2.0
769.6324445046325	0.014193800000043666	epochs	3.0
769.6466383046326	0.014147600000001148	epochs	3.0
769.6607859046326	0.028157699999951546	epochs	2.0
769.6607859046326	0.014101699999969242	epochs	3.0
769.6748876046325	0.014055999999982305	epochs	3.0
769.6889436046325	0.027976300000091214	epochs	2.0
769.6889436046325	0.01401060000000598	epochs	3.0
769.7029542046325	0.013965700000085235	epochs	3.0
769.7169199046326	0.027797199999895383	epochs	2.0
769.7169199046326	0.013920799999937117	epochs	3.0
769.7308407046326	0.013876399999958267	epochs	3.0
769.7447171046325	0.027620400000046175	epochs	2.0
769.7447171046325	0.013832200000024386	epochs	3.0
769.7585493046325	0.013788200000021789	epochs	3.0
769.7723375046326	0.027445899999975154	epochs	2.0
769.7723375046326	0.013744599999995444	epochs	3.0
769.7860821046326	0.01370129999997971	epochs	3.0
769.7997834046325	0.027273499999978412	epochs	2.0
769.7997834046325	0.013658200000008947	epochs	3.0
769.8134416046325	0.013615299999969466	epochs	3.0
769.8270569046325	0.02710340000010092	epochs	2.0
769.8270569046325	0.013572800000019924	epochs	3.0
769.8406297046325	0.013530600000080995	epochs	3.0
769.8541603046326	0.026935199999911674	epochs	2.0
769.8541603046326	0.01348839999991469	epochs	3.0
769.8676487046325	0.013446799999996983	epochs	3.0
769.8810955046325	0.026769199999989723	epochs	2.0
769.8810955046325	0.013405200000079276	epochs	3.0
769.8945007046326	0.013363999999910448	epochs	3.0
769.9078647046325	0.026605200000062723	epochs	2.0
769.9078647046325	0.013322900000048321	epochs	3.0
769.9211876046326	0.013282300000014402	epochs	3.0
769.9344699046326	0.026443200000016986	epochs	2.0
769.9344699046326	0.013241699999980483	epochs	3.0
769.9477116046326	0.013201500000036503	epochs	3.0
769.9609131046326	0.0262831999999662	epochs	2.0
769.9609131046326	0.013161500000023807	epochs	3.0
769.9740746046326	0.013121699999942393	epochs	3.0
769.9871963046326	0.02612499999997908	epochs	2.0
769.9871963046326	0.013082100000019636	epochs	3.0
770.0002784046326	0.013042899999959445	epochs	3.0
770.0133213046325	0.025968900000066242	epochs	2.0
770.0133213046325	0.01300390000005791	epochs	3.0
770.0263252046326	0.012965000000008331	epochs	3.0
770.0392902046326	0.025814499999910367	epochs	2.0
770.0392902046326	0.012926399999969362	epochs	3.0
770.0522166046326	0.012888099999941005	epochs	3.0
770.0651047046325	0.025661900000045534	epochs	2.0
770.0651047046325	0.012849900000105663	epochs	3.0
770.0779546046326	0.012811999999939871	epochs	3.0
770.0907666046326	0.025511199999982637	epochs	2.0
770.0907666046326	0.012774400000012065	epochs	3.0
770.1035410046326	0.012736799999970572	epochs	3.0
770.1162778046325	0.025362299999983406	epochs	2.0
770.1162778046325	0.01269969999998466	epochs	3.0
770.1289775046325	0.012662599999998747	epochs	3.0
770.1416401046325	0.025215000000002874	epochs	2.0
770.1416401046325	0.012625800000023446	epochs	3.0
770.1542659046326	0.012589199999979428	epochs	3.0
770.1668551046325	0.024584800000070572	epochs	2.0
770.1906076046325	0.5	epochs	-1.0
770.1914399046326	0.5287199999999075	epochs	1.0
770.7201599046325	0.4712000000000671	epochs	0.0
771.079999923706	0.09136000000000877	epochs	0.0
771.079999923706	0.04068259999996826	epochs	1.0
771.120682523706	0.009994800000072246	epochs	1.0
771.1306773237061	0.04068259999996826	epochs	1.0
771.1714399237061	2.0	epochs	0.0
773.171407623706	0.5	epochs	-1.0
773.1714399237061	21.528320000000008	epochs	0.0
773.1714399237061	1.0	epochs	1.0
773.671407623706	19.999199999999973	epochs	-1.0
774.1714399237061	20.0	epochs	1.0
774.1714399237061	4.356753899999944	epochs	-1.0
774.1714399237061	1.9745871999999736	epochs	2.0
774.1714399237061	1.0985621999999466	epochs	3.0
775.270002123706	0.8760250000000269	epochs	3.0
776.1460271237061	1.3524075000000266	epochs	2.0
776.1460271237061	0.7286354999999958	epochs	3.0
776.8746626237061	0.6237720000000309	epochs	3.0
777.4984346237061	1.029759199999944	epochs	2.0
777.4984346237061	0.5453292999999348	epochs	3.0
778.043763923706	0.4844299000000092	epochs	3.0
778.528193823706	0.8317862000000105	epochs	2.0
778.528193823706	0.4357763000000432	epochs	3.0
778.9639701237061	0.3960098999999673	epochs	3.0
779.359980023706	0.6977970000000369	epochs	2.0
779.359980023706	0.3628982000000178	epochs	3.0
779.7228782237061	0.33489880000001904	epochs	3.0
780.0577770237061	0.601045699999986	epochs	2.0
780.0577770237061	0.3109122999999272	epochs	3.0
780.368689323706	0.2901334000000588	epochs	3.0
780.6588227237061	0.5278859000000011	epochs	2.0
780.6588227237061	0.2719585999999481	epochs	3.0
780.930781323706	0.25592730000005304	epochs	3.0
781.1867086237061	0.470619299999953	epochs	2.0
781.1867086237061	0.241681299999982	epochs	3.0
781.428389923706	0.228937999999971	epochs	3.0
781.657327923706	0.42457039999999324	epochs	2.0
781.657327923706	0.21747140000002219	epochs	3.0
781.874799323706	0.20709899999997106	epochs	3.0
782.081898323706	0.3867354000000205	epochs	2.0
782.081898323706	0.19767110000009325	epochs	3.0
782.2795694237061	0.18906429999992724	epochs	3.0
782.468633723706	0.3550953000000163	epochs	2.0
782.468633723706	0.18117589999997108	epochs	3.0
782.649809623706	0.17391940000004524	epochs	3.0
782.823729023706	0.3282431000000088	epochs	2.0
782.823729023706	0.16722189999995862	epochs	3.0
782.990950923706	0.16102120000005016	epochs	3.0
783.1519721237061	0.30516799999998057	epochs	2.0
783.1519721237061	0.15526390000002266	epochs	3.0
783.3072360237061	0.1499040999999579	epochs	3.0
783.457140123706	0.28512530000000424	epochs	2.0
783.457140123706	0.1449020999999675	epochs	3.0
783.602042223706	0.14022320000003674	epochs	3.0
783.742265423706	0.2675537999999733	epochs	2.0
783.742265423706	0.1358368999999584	epochs	3.0
783.878102323706	0.1317169000000149	epochs	3.0
784.009819223706	0.2520229000000427	epochs	2.0
784.009819223706	0.1278393000000051	epochs	3.0
784.137658523706	0.12418360000003759	epochs	3.0
784.2618421237061	0.23819649999995818	epochs	2.0
784.2618421237061	0.12073109999994358	epochs	3.0
784.382573223706	0.1174654000000146	epochs	3.0
784.500038623706	0.2258087999999816	epochs	2.0
784.500038623706	0.11437190000003739	epochs	3.0
784.614410523706	0.11143689999994422	epochs	3.0
784.725847423706	0.2146460000000161	epochs	2.0
784.725847423706	0.10864890000004834	epochs	3.0
784.834496323706	0.10599709999996776	epochs	3.0
784.940493423706	0.20453500000007807	epochs	2.0
784.940493423706	0.10347150000006877	epochs	3.0
785.0439649237061	0.1010635000000093	epochs	3.0
785.1450284237061	0.19533400000000256	epochs	2.0
785.1450284237061	0.09876509999992322	epochs	3.0
785.243793523706	0.09656890000007934	epochs	3.0
785.3403624237061	0.18692529999998442	epochs	2.0
785.3403624237061	0.09446829999990314	epochs	3.0
785.434830723706	0.09245700000008128	epochs	3.0
785.5272877237061	0.17921069999999872	epochs	2.0
785.5272877237061	0.09052959999996801	epochs	3.0
785.617817323706	0.08868110000003071	epochs	3.0
785.7064984237061	0.17210769999996955	epochs	2.0
785.7064984237061	0.08690630000000965	epochs	3.0
785.7934047237061	0.0852013999999599	epochs	3.0
785.878606123706	0.16554640000003928	epochs	2.0
785.878606123706	0.08356189999994967	epochs	3.0
785.962168023706	0.08198450000008961	epochs	3.0
786.0441525237061	0.15946709999991526	epochs	2.0
786.0441525237061	0.08046539999998004	epochs	3.0
786.1246179237061	0.07900169999993523	epochs	3.0
786.203619623706	0.15381840000009106	epochs	2.0
786.203619623706	0.07759010000006583	epochs	3.0
786.2812097237061	0.07622830000002523	epochs	3.0
786.3574380237061	0.14855639999996129	epochs	2.0
786.3574380237061	0.07491329999993468	epochs	3.0
786.432351323706	0.0736431000000266	epochs	3.0
786.505994423706	0.14364239999997608	epochs	2.0
786.505994423706	0.07241499999997814	epochs	3.0
786.578409423706	0.07122739999999794	epochs	3.0
786.649636823706	0.13904309999998077	epochs	2.0
786.649636823706	0.07007799999996678	epochs	3.0
786.719714823706	0.06896510000001399	epochs	3.0
786.788679923706	0.1347293000000036	epochs	2.0
786.788679923706	0.0678871000000072	epochs	3.0
786.856567023706	0.06684219999999641	epochs	3.0
786.923409223706	0.1306752000000415	epochs	2.0
786.923409223706	0.06582910000008724	epochs	3.0
786.9892383237061	0.06484609999995428	epochs	3.0
787.0540844237061	0.12685780000003888	epochs	2.0
787.0540844237061	0.06389200000000983	epochs	3.0
787.1179764237061	0.06296580000002905	epochs	3.0
787.1809422237061	0.12325720000001184	epochs	2.0
787.1809422237061	0.062065799999913907	epochs	3.0
787.243008023706	0.06119140000009793	epochs	3.0
787.3041994237061	0.11985539999989214	epochs	2.0
787.3041994237061	0.060341099999959624	epochs	3.0
787.3645405237061	0.05951429999993252	epochs	3.0
787.424054823706	0.11663620000001629	epochs	2.0
787.424054823706	0.05870960000004288	epochs	3.0
787.482764423706	0.057926599999973405	epochs	3.0
787.540691023706	0.11358560000007856	epochs	2.0
787.540691023706	0.05716419999998834	epochs	3.0
787.597855223706	0.056421400000090216	epochs	3.0
787.6542766237061	0.11069049999991876	epochs	2.0
787.6542766237061	0.05569789999992736	epochs	3.0
787.709974523706	0.0549925999999914	epochs	3.0
787.764967123706	0.1079391000000669	epochs	2.0
787.764967123706	0.05430490000003374	epochs	3.0
787.819272023706	0.05363420000003316	epochs	3.0
787.8729062237061	0.10532149999994544	epochs	2.0
787.8729062237061	0.05297999999993408	epochs	3.0
787.925886223706	0.052341500000011365	epochs	3.0
787.978227723706	0.10282760000006874	epochs	2.0
787.978227723706	0.05171810000001642	epochs	3.0
788.029945823706	0.05110950000005232	epochs	3.0
788.0810553237061	0.10044909999999163	epochs	2.0
788.0810553237061	0.05051489999993919	epochs	3.0
788.131570223706	0.04993420000005244	epochs	3.0
788.1815044237061	0.0981782999999723	epochs	2.0
788.1815044237061	0.04936659999998483	epochs	3.0
788.2308710237061	0.04881169999998747	epochs	3.0
788.2796827237061	0.09600779999993847	epochs	2.0
788.2796827237061	0.04826920000004975	epochs	3.0
788.3279519237061	0.04773859999988872	epochs	3.0
788.375690523706	0.09393120000004274	epochs	2.0
788.375690523706	0.04721950000009656	epochs	3.0
788.4229100237061	0.04671169999994618	epochs	3.0
788.469621723706	0.09194260000003851	epochs	2.0
788.469621723706	0.046214599999984785	epochs	3.0
788.515836323706	0.045728000000053726	epochs	3.0
788.5615643237061	0.09003629999995155	epochs	2.0
788.5615643237061	0.045251499999949374	epochs	3.0
788.606815823706	0.04478480000000218	epochs	3.0
788.651600623706	0.08820760000003247	epochs	2.0
788.651600623706	0.044327800000019124	epochs	3.0
788.695928423706	0.04387980000001335	epochs	3.0
788.7398082237061	0.0864516999999978	epochs	2.0
788.7398082237061	0.04344100000002982	epochs	3.0
788.7832492237061	0.04301069999996798	epochs	3.0
788.8262599237061	0.08476429999996071	epochs	2.0
788.8262599237061	0.04258900000002086	epochs	3.0
788.8688489237061	0.04217529999993985	epochs	3.0
788.911024223706	0.08314150000001064	epochs	2.0
788.911024223706	0.04176970000003166	epochs	3.0
788.952793923706	0.041371799999978975	epochs	3.0
788.994165723706	0.08157970000002024	epochs	2.0
788.994165723706	0.04098140000007788	epochs	3.0
789.0351471237061	0.040598299999942355	epochs	3.0
789.075745423706	0.08007550000002084	epochs	2.0
789.075745423706	0.04022229999998217	epochs	3.0
789.115967723706	0.03985320000003867	epochs	3.0
789.1558209237061	0.07862569999997504	epochs	2.0
789.1558209237061	0.0394907999999532	epochs	3.0
789.195311723706	0.039134900000021844	epochs	3.0
789.234446623706	0.07722760000001472	epochs	2.0
789.234446623706	0.038785400000051595	epochs	3.0
789.2732320237061	0.03844219999996312	epochs	3.0
789.3116742237061	0.07587820000003376	epochs	2.0
789.3116742237061	0.038104800000041905	epochs	3.0
789.3497790237061	0.03777339999999185	epochs	3.0
789.3875524237061	0.07457519999991291	epochs	2.0
789.3875524237061	0.03744769999991604	epochs	3.0
789.425000123706	0.03712749999999687	epochs	3.0
789.462127623706	0.07331629999998768	epochs	2.0
789.462127623706	0.0368129000000863	epochs	3.0
789.4989405237061	0.036503399999901376	epochs	3.0
789.535443923706	0.07209900000009384	epochs	2.0
789.535443923706	0.03619910000008986	epochs	3.0
789.5716430237061	0.03589990000000398	epochs	3.0
789.6075429237061	0.07092169999998532	epochs	2.0
789.6075429237061	0.03560559999993984	epochs	3.0
789.643148523706	0.03531610000004548	epochs	3.0
789.6784646237061	0.06978200000003199	epochs	2.0
789.6784646237061	0.03503119999993487	epochs	3.0
789.713495823706	0.034750800000097115	epochs	3.0
789.7482466237061	0.06867859999999837	epochs	2.0
789.7482466237061	0.034475099999895065	epochs	3.0
789.782721723706	0.034203500000103304	epochs	3.0
789.8169252237061	0.06760929999995824	epochs	2.0
789.8169252237061	0.033936199999970995	epochs	3.0
789.8508614237061	0.033673099999987244	epochs	3.0
789.8845345237061	0.06657289999998284	epochs	2.0
789.8845345237061	0.03341399999999339	epochs	3.0
789.9179485237061	0.033158899999989444	epochs	3.0
789.951107423706	0.06556780000005347	epochs	2.0
789.951107423706	0.032907700000009754	epochs	3.0
789.9840151237061	0.03266010000004371	epochs	3.0
790.0166752237061	0.06459259999996902	epochs	2.0
790.0166752237061	0.032416399999988244	epochs	3.0
790.0490916237061	0.03217619999998078	epochs	3.0
790.0812678237061	0.0636459999999488	epochs	2.0
790.0812678237061	0.03193959999998697	epochs	3.0
790.1132074237061	0.03170639999996183	epochs	3.0
790.144913823706	0.0627266999999847	epochs	2.0
790.144913823706	0.03147660000001906	epochs	3.0
790.176390423706	0.03125009999996564	epochs	3.0
790.207640523706	0.06183359999999993	epochs	2.0
790.207640523706	0.031026900000028945	epochs	3.0
790.238667423706	0.030806699999970988	epochs	3.0
790.269474123706	0.06096560000003137	epochs	2.0
790.269474123706	0.030589800000029754	epochs	3.0
790.300063923706	0.030375800000001618	epochs	3.0
790.330439723706	0.06012160000000222	epochs	2.0
790.330439723706	0.030164900000045236	epochs	3.0
790.3606046237061	0.02995669999995698	epochs	3.0
790.390561323706	0.05930069999999432	epochs	2.0
790.390561323706	0.029751600000054168	epochs	3.0
790.4203129237061	0.029549099999940154	epochs	3.0
790.449862023706	0.05850180000004457	epochs	2.0
790.449862023706	0.02934940000000097	epochs	3.0
790.479211423706	0.0291524000000436	epochs	3.0
790.5083638237061	0.05772419999993872	epochs	2.0
790.5083638237061	0.028957999999988715	epochs	3.0
790.5373218237061	0.028766199999950004	epochs	3.0
790.566088023706	0.05696710000006533	epochs	2.0
790.566088023706	0.028577000000041153	epochs	3.0
790.594665023706	0.028390100000024177	epochs	3.0
790.6230551237061	0.05622949999997218	epochs	2.0
790.6230551237061	0.028205699999944045	epochs	3.0
790.651260823706	0.028023800000028132	epochs	3.0
790.679284623706	0.05551070000001346	epochs	2.0
790.679284623706	0.027843999999959124	epochs	3.0
790.707128623706	0.027666700000054334	epochs	3.0
790.7347953237061	0.054810200000019904	epochs	2.0
790.7347953237061	0.02749149999999645	epochs	3.0
790.7622868237061	0.027318700000023455	epochs	3.0
790.7896055237061	0.05412699999999404	epochs	2.0
790.7896055237061	0.027147799999966082	epochs	3.0
790.816753323706	0.02697920000002796	epochs	3.0
790.8437325237061	0.053460699999959616	epochs	2.0
790.8437325237061	0.0268125999999711	epochs	3.0
790.870545123706	0.026648099999988517	epochs	3.0
790.897193223706	0.05281070000000909	epochs	2.0
790.897193223706	0.026485600000000886	epochs	3.0
790.923678823706	0.026325100000008206	epochs	3.0
790.950003923706	0.05217619999996259	epochs	2.0
790.950003923706	0.026166399999965506	epochs	3.0
790.976170323706	0.026009799999997085	epochs	3.0
791.002180123706	0.051556699999991906	epochs	2.0
791.002180123706	0.025854800000047362	epochs	3.0
791.0280349237061	0.025701899999944544	epochs	3.0
791.053736823706	0.050951900000086425	epochs	2.0
791.053736823706	0.02555070000005344	epochs	3.0
791.0792875237061	0.025401200000032986	epochs	3.0
791.1046887237061	0.05036099999995258	epochs	2.0
791.1046887237061	0.025253499999962514	epochs	3.0
791.129942223706	0.02510749999999007	epochs	3.0
791.155049723706	0.049783800000000156	epochs	2.0
791.155049723706	0.02496320000000196	epochs	3.0
791.180012923706	0.024820599999998194	epochs	3.0
791.204833523706	0.049219500000049266	epochs	2.0
791.204833523706	0.024679399999968155	epochs	3.0
791.229512923706	0.02454010000008111	epochs	3.0
791.2540530237061	0.048667899999941255	epochs	2.0
791.2540530237061	0.02440209999997478	epochs	3.0
791.2784551237061	0.024265799999966475	epochs	3.0
791.302720923706	0.04812860000004093	epochs	2.0
791.302720923706	0.024131000000011227	epochs	3.0
791.326851923706	0.023997600000029706	epochs	3.0
791.3508495237061	0.04760109999995166	epochs	2.0
791.3508495237061	0.023865799999953197	epochs	3.0
791.374715323706	0.02373529999999846	epochs	3.0
791.398450623706	0.047085000000038235	epochs	2.0
791.398450623706	0.023606299999983094	epochs	3.0
791.422056923706	0.02347870000005514	epochs	3.0
791.4455356237061	0.046579999999948996	epochs	2.0
791.4455356237061	0.02335249999998723	epochs	3.0
791.468888123706	0.023227499999961765	epochs	3.0
791.492115623706	0.046085700000048746	epochs	2.0
791.492115623706	0.023103999999989355	epochs	3.0
791.515219623706	0.02298170000005939	epochs	3.0
791.5382013237061	0.045601799999985815	epochs	2.0
791.5382013237061	0.022860700000023826	epochs	3.0
791.5610620237061	0.02274109999996199	epochs	3.0
791.583803123706	0.04512790000001132	epochs	2.0
791.583803123706	0.022622500000011314	epochs	3.0
791.6064256237061	0.02250540000000001	epochs	3.0
791.6289310237061	0.044663799999966614	epochs	2.0
791.6289310237061	0.02238929999998618	epochs	3.0
791.651320323706	0.022274499999980435	epochs	3.0
791.673594823706	0.04420920000006845	epochs	2.0
791.673594823706	0.022160800000051495	epochs	3.0
791.6957556237061	0.022048400000016954	epochs	3.0
791.7178040237061	0.04376359999992019	epochs	2.0
791.7178040237061	0.021936900000014248	epochs	3.0
791.7397409237061	0.02182669999990594	epochs	3.0
791.761567623706	0.04332710000005591	epochs	2.0
791.761567623706	0.021717599999988124	epochs	3.0
791.783285223706	0.021609500000067783	epochs	3.0
791.8048947237061	0.04289900000003399	epochs	2.0
791.8048947237061	0.02150249999999687	epochs	3.0
791.8263972237061	0.021396500000037122	epochs	3.0
791.8477937237061	0.04247949999989942	epochs	2.0
791.8477937237061	0.02129170000000613	epochs	3.0
791.8690854237061	0.021187799999893286	epochs	3.0
791.890273223706	0.042067900000006375	epochs	2.0
791.890273223706	0.02108490000000529	epochs	3.0
791.911358123706	0.020983000000001084	epochs	3.0
791.932341123706	0.04166440000005878	epochs	2.0
791.932341123706	0.02088220000007368	epochs	3.0
791.9532233237061	0.020782199999985096	epochs	3.0
791.9740055237061	0.04126850000000104	epochs	2.0
791.9740055237061	0.020683299999973315	epochs	3.0
791.994688823706	0.020585200000027726	epochs	3.0
792.0152740237061	0.04088000000001557	epochs	2.0
792.0152740237061	0.020488099999965925	epochs	3.0
792.035762123706	0.020391900000049645	epochs	3.0
792.0561540237061	0.04049880000002304	epochs	2.0
792.0561540237061	0.020296599999937825	epochs	3.0
792.076450623706	0.020202200000085213	epochs	3.0
792.0966528237061	0.040124599999899146	epochs	2.0
792.0966528237061	0.020108699999923374	epochs	3.0
792.116761523706	0.020015899999975773	epochs	3.0
792.136777423706	0.03975730000001931	epochs	2.0
792.136777423706	0.019924200000104975	epochs	3.0
792.1567016237061	0.01983309999991434	epochs	3.0
792.176534723706	0.03939669999999751	epochs	2.0
792.176534723706	0.01974300000006224	epochs	3.0
792.1962777237061	0.01965369999993527	epochs	3.0
792.215931423706	0.039042400000084854	epochs	2.0
792.215931423706	0.01956510000002254	epochs	3.0
792.235496523706	0.019477300000062314	epochs	3.0
792.2549738237061	0.03869459999998526	epochs	2.0
792.2549738237061	0.01939039999990655	epochs	3.0
792.274364223706	0.01930420000007871	epochs	3.0
792.2936684237061	0.03835289999994984	epochs	2.0
792.2936684237061	0.019218799999976	epochs	3.0
792.3128872237061	0.01913409999997384	epochs	3.0
792.332021323706	0.03801720000001296	epochs	2.0
792.332021323706	0.019050200000037876	epochs	3.0
792.3510715237061	0.018966999999975087	epochs	3.0
792.3700385237061	0.037687200000050325	epochs	2.0
792.3700385237061	0.01888450000001285	epochs	3.0
792.3889230237061	0.018802700000037476	epochs	3.0
792.4077257237061	0.03736309999999321	epochs	2.0
792.4077257237061	0.01872169999990092	epochs	3.0
792.426447423706	0.01864140000009229	epochs	3.0
792.4450888237061	0.03704429999993408	epochs	2.0
792.4450888237061	0.01856159999999818	epochs	3.0
792.4636504237061	0.018482699999935903	epochs	3.0
792.482133123706	0.0367310000000316	epochs	2.0
792.482133123706	0.018404300000042895	epochs	3.0
792.5005374237061	0.018326699999988705	epochs	3.0
792.5188641237061	0.03642289999993409	epochs	2.0
792.5188641237061	0.018249599999990096	epochs	3.0
792.537113723706	0.018173299999943993	epochs	3.0
792.555287023706	0.03612010000006194	epochs	2.0
792.555287023706	0.0180976000000328	epochs	3.0
792.573384623706	0.01802250000002914	epochs	3.0
792.5914071237061	0.03582210000001851	epochs	2.0
792.5914071237061	0.017947899999967376	epochs	3.0
792.609355023706	0.017874200000051133	epochs	3.0
792.6272292237061	0.03552899999999681	epochs	2.0
792.6272292237061	0.017800800000031813	epochs	3.0
792.6450300237061	0.017728199999965	epochs	3.0
792.6627582237061	0.03524070000003121	epochs	2.0
792.6627582237061	0.017656099999953767	epochs	3.0
792.680414323706	0.017584600000077444	epochs	3.0
792.6979989237061	0.03495709999992869	epochs	2.0
792.6979989237061	0.01751369999999497	epochs	3.0
792.7155126237061	0.017443399999933717	epochs	3.0
792.732956023706	0.03467790000001969	epochs	2.0
792.732956023706	0.017373600000041733	epochs	3.0
792.7503296237061	0.017304299999977957	epochs	3.0
792.7676339237061	0.03440330000000813	epochs	2.0
792.7676339237061	0.01723570000001473	epochs	3.0
792.7848696237061	0.0171675999999934	epochs	3.0
792.8020372237061	0.03413279999995211	epochs	2.0
792.8020372237061	0.01709989999994832	epochs	3.0
792.819137123706	0.017032900000003792	epochs	3.0
792.836170023706	0.03386670000008962	epochs	2.0
792.836170023706	0.01696640000000116	epochs	3.0
792.853136423706	0.016900300000088464	epochs	3.0
792.8700367237061	0.03360459999998966	epochs	2.0
792.8700367237061	0.01683479999996962	epochs	3.0
792.8868715237061	0.01676980000002004	epochs	3.0
792.9036413237061	0.033346599999958926	epochs	2.0
792.9036413237061	0.016705300000012357	epochs	3.0
792.9203466237061	0.01664129999994657	epochs	3.0
792.936987923706	0.03309249999995245	epochs	2.0
792.936987923706	0.016577800000050047	epochs	3.0
792.9535657237061	0.016514699999902405	epochs	3.0
792.970080423706	0.032842300000083924	epochs	2.0
792.970080423706	0.01645220000000336	epochs	3.0
792.986532623706	0.016390100000080565	epochs	3.0
793.0029227237061	0.03259570000000167	epochs	2.0
793.0029227237061	0.01632839999990665	epochs	3.0
793.019251123706	0.01626730000009502	epochs	3.0
793.0355184237061	0.032352899999978035	epochs	2.0
793.0355184237061	0.01620659999991858	epochs	3.0
793.051725023706	0.016146300000059455	epochs	3.0
793.0678713237061	0.03211369999996805	epochs	2.0
793.0678713237061	0.016086599999994178	epochs	3.0
793.0839579237061	0.01602709999997387	epochs	3.0
793.099985023706	0.03187800000000607	epochs	2.0
793.099985023706	0.015968199999974786	epochs	3.0
793.115953223706	0.015909800000031282	epochs	3.0
793.131863023706	0.031645700000012766	epochs	2.0
793.131863023706	0.01585160000001906	epochs	3.0
793.1477146237061	0.015794099999993705	epochs	3.0
793.1635087237061	0.0314167000000225	epochs	2.0
793.1635087237061	0.015736700000047676	epochs	3.0
793.1792454237061	0.015679999999974825	epochs	3.0
793.1949254237061	0.031191100000000915	epochs	2.0
793.1949254237061	0.015623600000026272	epochs	3.0
793.2105490237061	0.015567499999974643	epochs	3.0
793.2261165237061	0.030968700000016725	epochs	2.0
793.2261165237061	0.015511999999944237	epochs	3.0
793.241628523706	0.015456700000072487	epochs	3.0
793.2570852237061	0.030749499999956242	epochs	2.0
793.2570852237061	0.015401999999994587	epochs	3.0
793.2724872237061	0.015347499999961656	epochs	3.0
793.287834723706	0.03053320000003623	epochs	2.0
793.287834723706	0.015293400000018664	epochs	3.0
793.3031281237061	0.015239800000017567	epochs	3.0
793.3183679237061	0.030320099999926242	epochs	2.0
793.3183679237061	0.015186499999913394	epochs	3.0
793.333554423706	0.015133600000012848	epochs	3.0
793.348688023706	0.03010990000007041	epochs	2.0
793.348688023706	0.015081000000009226	epochs	3.0
793.363769023706	0.015028900000061185	epochs	3.0
793.3787979237061	0.029902499999934662	epochs	2.0
793.3787979237061	0.01497699999993074	epochs	3.0
793.393774923706	0.014925500000003922	epochs	3.0
793.408700423706	0.029698100000018712	epochs	2.0
793.408700423706	0.014874400000053356	epochs	3.0
793.4235748237061	0.014823699999965356	epochs	3.0
793.438398523706	0.02949630000000525	epochs	2.0
793.438398523706	0.014773200000036013	epochs	3.0
793.4531717237061	0.014723099999969236	epochs	3.0
793.467894823706	0.02929740000001857	epochs	2.0
793.467894823706	0.014673399999992398	epochs	3.0
793.482568223706	0.014624000000026172	epochs	3.0
793.4971922237061	0.029101099999934377	epochs	2.0
793.4971922237061	0.01457489999995687	epochs	3.0
793.511767123706	0.014526199999977507	epochs	3.0
793.526293323706	0.02890740000009373	epochs	2.0
793.526293323706	0.014477700000043114	epochs	3.0
793.540771023706	0.014429700000050616	epochs	3.0
793.5552007237061	0.028716199999962555	epochs	2.0
793.5552007237061	0.014381799999910072	epochs	3.0
793.569582523706	0.014334400000052483	epochs	3.0
793.583916923706	0.02852759999996124	epochs	2.0
793.583916923706	0.01428720000001249	epochs	3.0
793.5982041237061	0.01424039999994875	epochs	3.0
793.612444523706	0.028341400000044814	epochs	2.0
793.612444523706	0.014193800000043666	epochs	3.0
793.6266383237061	0.014147600000001148	epochs	3.0
793.6407859237061	0.028157699999951546	epochs	2.0
793.6407859237061	0.014101699999969242	epochs	3.0
793.654887623706	0.014055999999982305	epochs	3.0
793.668943623706	0.027976300000091214	epochs	2.0
793.668943623706	0.01401060000000598	epochs	3.0
793.682954223706	0.013965700000085235	epochs	3.0
793.6969199237061	0.027797199999895383	epochs	2.0
793.6969199237061	0.013920799999937117	epochs	3.0
793.710840723706	0.013876399999958267	epochs	3.0
793.724717123706	0.027620400000046175	epochs	2.0
793.724717123706	0.013832200000024386	epochs	3.0
793.738549323706	0.013788200000021789	epochs	3.0
793.752337523706	0.027445899999975154	epochs	2.0
793.752337523706	0.013744599999995444	epochs	3.0
793.766082123706	0.01370129999997971	epochs	3.0
793.779783423706	0.027273499999978412	epochs	2.0
793.779783423706	0.013658200000008947	epochs	3.0
793.793441623706	0.013615299999969466	epochs	3.0
793.807056923706	0.02710340000010092	epochs	2.0
793.807056923706	0.013572800000019924	epochs	3.0
793.820629723706	0.013530600000080995	epochs	3.0
793.8341603237061	0.026935199999911674	epochs	2.0
793.8341603237061	0.01348839999991469	epochs	3.0
793.847648723706	0.013446799999996983	epochs	3.0
793.861095523706	0.026769199999989723	epochs	2.0
793.861095523706	0.013405200000079276	epochs	3.0
793.8745007237061	0.013363999999910448	epochs	3.0
793.887864723706	0.026605200000062723	epochs	2.0
793.887864723706	0.013322900000048321	epochs	3.0
793.901187623706	0.013282300000014402	epochs	3.0
793.9144699237061	0.026443200000016986	epochs	2.0
793.9144699237061	0.013241699999980483	epochs	3.0
793.927711623706	0.013201500000036503	epochs	3.0
793.9409131237061	0.0262831999999662	epochs	2.0
793.9409131237061	0.013161500000023807	epochs	3.0
793.9540746237061	0.013121699999942393	epochs	3.0
793.967196323706	0.02612499999997908	epochs	2.0
793.967196323706	0.013082100000019636	epochs	3.0
793.9802784237061	0.013042899999959445	epochs	3.0
793.993321323706	0.025968900000066242	epochs	2.0
793.993321323706	0.01300390000005791	epochs	3.0
794.0063252237061	0.012965000000008331	epochs	3.0
794.0192902237061	0.025814499999910367	epochs	2.0
794.0192902237061	0.012926399999969362	epochs	3.0
794.0322166237061	0.012888099999941005	epochs	3.0
794.045104723706	0.025661900000045534	epochs	2.0
794.045104723706	0.012849900000105663	epochs	3.0
794.0579546237061	0.012811999999939871	epochs	3.0
794.070766623706	0.025511199999982637	epochs	2.0
794.070766623706	0.012774400000012065	epochs	3.0
794.0835410237061	0.012736799999970572	epochs	3.0
794.096277823706	0.025362299999983406	epochs	2.0
794.096277823706	0.01269969999998466	epochs	3.0
794.108977523706	0.012662599999998747	epochs	3.0
794.121640123706	0.025215000000002874	epochs	2.0
794.121640123706	0.012625800000023446	epochs	3.0
794.134265923706	0.012589199999979428	epochs	3.0
794.146855123706	0.024584800000070572	epochs	2.0
794.170607623706	0.5	epochs	-1.0
794.1714399237061	0.5283200000000079	epochs	1.0
794.6997599237061	0.4715999999999667	epochs	0.0
805.2239999771118	0.09136000000000877	epochs	0.0
805.2239999771118	0.04068259999996826	epochs	1.0
805.2646825771118	0.009994800000072246	epochs	1.0
805.2746773771119	0.04068259999996826	epochs	1.0
805.3154399771119	2.0	epochs	0.0
807.3154076771118	0.5	epochs	-1.0
807.3154399771119	0.5079200000000128	epochs	0.0
807.3154399771119	0.5079200000000128	epochs	1.0
807.8154076771118	0.007952300000056312	epochs	-1.0
807.8233599771119	21.491999999999962	epochs	0.0
809.066999912262	0.09136000000000877	epochs	0.0
809.066999912262	0.04068259999996826	epochs	1.0
809.1076825122619	0.009994800000072246	epochs	1.0
809.117677312262	0.04068259999996826	epochs	1.0
809.158439912262	2.0	epochs	0.0
811.158407612262	0.5	epochs	-1.0
811.158439912262	5.40791999999999	epochs	0.0
811.158439912262	1.0	epochs	1.0
811.658407612262	4.907952300000034	epochs	-1.0
812.158439912262	4.40791999999999	epochs	1.0
812.158439912262	4.356753899999944	epochs	-1.0
812.158439912262	1.9745871999999736	epochs	2.0
812.158439912262	1.0985621999999466	epochs	3.0
813.257002112262	0.8760250000000269	epochs	3.0
814.133027112262	1.3524075000000266	epochs	2.0
814.133027112262	0.7286354999999958	epochs	3.0
814.861662612262	0.6237720000000309	epochs	3.0
815.485434612262	1.029759199999944	epochs	2.0
815.485434612262	0.5453292999999348	epochs	3.0
816.0307639122619	0.4844299000000092	epochs	3.0
816.5151938122619	0.051166100000045844	epochs	2.0
816.5151938122619	0.051166100000045844	epochs	3.0
816.566359912262	16.591999999999985	epochs	0.0
816.9019999504089	0.09136000000000877	epochs	0.0
816.9019999504089	0.04068259999996826	epochs	1.0
816.9426825504089	0.009994800000072246	epochs	1.0
816.952677350409	0.04068259999996826	epochs	1.0
816.993439950409	2.0	epochs	0.0
818.9934076504089	0.5	epochs	-1.0
818.993439950409	21.999919999999975	epochs	0.0
818.993439950409	1.0	epochs	1.0
819.4934076504089	19.999199999999973	epochs	-1.0
819.993439950409	20.0	epochs	1.0
819.993439950409	4.356753899999944	epochs	-1.0
819.993439950409	1.9745871999999736	epochs	2.0
819.993439950409	1.0985621999999466	epochs	3.0
821.0920021504089	0.8760250000000269	epochs	3.0
821.968027150409	1.3524075000000266	epochs	2.0
821.968027150409	0.7286354999999958	epochs	3.0
822.6966626504089	0.6237720000000309	epochs	3.0
823.320434650409	1.029759199999944	epochs	2.0
823.320434650409	0.5453292999999348	epochs	3.0
823.8657639504089	0.4844299000000092	epochs	3.0
824.3501938504089	0.8317862000000105	epochs	2.0
824.3501938504089	0.4357763000000432	epochs	3.0
824.785970150409	0.3960098999999673	epochs	3.0
825.1819800504089	0.6977970000000369	epochs	2.0
825.1819800504089	0.3628982000000178	epochs	3.0
825.5448782504089	0.33489880000001904	epochs	3.0
825.879777050409	0.601045699999986	epochs	2.0
825.879777050409	0.3109122999999272	epochs	3.0
826.1906893504089	0.2901334000000588	epochs	3.0
826.480822750409	0.5278859000000011	epochs	2.0
826.480822750409	0.2719585999999481	epochs	3.0
826.7527813504089	0.25592730000005304	epochs	3.0
827.008708650409	0.470619299999953	epochs	2.0
827.008708650409	0.241681299999982	epochs	3.0
827.2503899504089	0.228937999999971	epochs	3.0
827.4793279504089	0.42457039999999324	epochs	2.0
827.4793279504089	0.21747140000002219	epochs	3.0
827.6967993504089	0.20709899999997106	epochs	3.0
827.9038983504089	0.3867354000000205	epochs	2.0
827.9038983504089	0.19767110000009325	epochs	3.0
828.101569450409	0.18906429999992724	epochs	3.0
828.2906337504089	0.3550953000000163	epochs	2.0
828.2906337504089	0.18117589999997108	epochs	3.0
828.4718096504089	0.17391940000004524	epochs	3.0
828.6457290504089	0.3282431000000088	epochs	2.0
828.6457290504089	0.16722189999995862	epochs	3.0
828.8129509504089	0.16102120000005016	epochs	3.0
828.9739721504089	0.30516799999998057	epochs	2.0
828.9739721504089	0.15526390000002266	epochs	3.0
829.129236050409	0.1499040999999579	epochs	3.0
829.2791401504089	0.28512530000000424	epochs	2.0
829.2791401504089	0.1449020999999675	epochs	3.0
829.4240422504089	0.14022320000003674	epochs	3.0
829.5642654504089	0.2675537999999733	epochs	2.0
829.5642654504089	0.1358368999999584	epochs	3.0
829.7001023504089	0.1317169000000149	epochs	3.0
829.8318192504089	0.2520229000000427	epochs	2.0
829.8318192504089	0.1278393000000051	epochs	3.0
829.9596585504089	0.12418360000003759	epochs	3.0
830.0838421504089	0.23819649999995818	epochs	2.0
830.0838421504089	0.12073109999994358	epochs	3.0
830.2045732504089	0.1174654000000146	epochs	3.0
830.3220386504089	0.2258087999999816	epochs	2.0
830.3220386504089	0.11437190000003739	epochs	3.0
830.4364105504089	0.11143689999994422	epochs	3.0
830.5478474504089	0.2146460000000161	epochs	2.0
830.5478474504089	0.10864890000004834	epochs	3.0
830.6564963504089	0.10599709999996776	epochs	3.0
830.7624934504089	0.20453500000007807	epochs	2.0
830.7624934504089	0.10347150000006877	epochs	3.0
830.865964950409	0.1010635000000093	epochs	3.0
830.967028450409	0.19533400000000256	epochs	2.0
830.967028450409	0.09876509999992322	epochs	3.0
831.0657935504089	0.09656890000007934	epochs	3.0
831.162362450409	0.18692529999998442	epochs	2.0
831.162362450409	0.09446829999990314	epochs	3.0
831.2568307504089	0.09245700000008128	epochs	3.0
831.349287750409	0.17921069999999872	epochs	2.0
831.349287750409	0.09052959999996801	epochs	3.0
831.4398173504089	0.08868110000003071	epochs	3.0
831.528498450409	0.17210769999996955	epochs	2.0
831.528498450409	0.08690630000000965	epochs	3.0
831.615404750409	0.0852013999999599	epochs	3.0
831.7006061504089	0.16554640000003928	epochs	2.0
831.7006061504089	0.08356189999994967	epochs	3.0
831.7841680504089	0.08198450000008961	epochs	3.0
831.866152550409	0.15946709999991526	epochs	2.0
831.866152550409	0.08046539999998004	epochs	3.0
831.946617950409	0.07900169999993523	epochs	3.0
832.0256196504089	0.15381840000009106	epochs	2.0
832.0256196504089	0.07759010000006583	epochs	3.0
832.103209750409	0.07622830000002523	epochs	3.0
832.179438050409	0.14855639999996129	epochs	2.0
832.179438050409	0.07491329999993468	epochs	3.0
832.2543513504089	0.0736431000000266	epochs	3.0
832.3279944504089	0.14364239999997608	epochs	2.0
832.3279944504089	0.07241499999997814	epochs	3.0
832.4004094504089	0.07122739999999794	epochs	3.0
832.4716368504089	0.13904309999998077	epochs	2.0
832.4716368504089	0.07007799999996678	epochs	3.0
832.5417148504089	0.06896510000001399	epochs	3.0
832.6106799504089	0.1347293000000036	epochs	2.0
832.6106799504089	0.0678871000000072	epochs	3.0
832.6785670504089	0.06684219999999641	epochs	3.0
832.7454092504089	0.1306752000000415	epochs	2.0
832.7454092504089	0.06582910000008724	epochs	3.0
832.811238350409	0.06484609999995428	epochs	3.0
832.8760844504089	0.12685780000003888	epochs	2.0
832.8760844504089	0.06389200000000983	epochs	3.0
832.939976450409	0.06296580000002905	epochs	3.0
833.002942250409	0.12325720000001184	epochs	2.0
833.002942250409	0.062065799999913907	epochs	3.0
833.0650080504089	0.06119140000009793	epochs	3.0
833.126199450409	0.11985539999989214	epochs	2.0
833.126199450409	0.060341099999959624	epochs	3.0
833.186540550409	0.05951429999993252	epochs	3.0
833.2460548504089	0.11663620000001629	epochs	2.0
833.2460548504089	0.05870960000004288	epochs	3.0
833.3047644504089	0.057926599999973405	epochs	3.0
833.3626910504089	0.11358560000007856	epochs	2.0
833.3626910504089	0.05716419999998834	epochs	3.0
833.4198552504089	0.056421400000090216	epochs	3.0
833.476276650409	0.11069049999991876	epochs	2.0
833.476276650409	0.05569789999992736	epochs	3.0
833.5319745504089	0.0549925999999914	epochs	3.0
833.5869671504089	0.1079391000000669	epochs	2.0
833.5869671504089	0.05430490000003374	epochs	3.0
833.6412720504089	0.05363420000003316	epochs	3.0
833.694906250409	0.10532149999994544	epochs	2.0
833.694906250409	0.05297999999993408	epochs	3.0
833.7478862504089	0.052341500000011365	epochs	3.0
833.8002277504089	0.10282760000006874	epochs	2.0
833.8002277504089	0.05171810000001642	epochs	3.0
833.8519458504089	0.05110950000005232	epochs	3.0
833.903055350409	0.10044909999999163	epochs	2.0
833.903055350409	0.05051489999993919	epochs	3.0
833.9535702504089	0.04993420000005244	epochs	3.0
834.003504450409	0.0981782999999723	epochs	2.0
834.003504450409	0.04936659999998483	epochs	3.0
834.052871050409	0.04881169999998747	epochs	3.0
834.1016827504089	0.09600779999993847	epochs	2.0
834.1016827504089	0.04826920000004975	epochs	3.0
834.149951950409	0.04773859999988872	epochs	3.0
834.1976905504089	0.09393120000004274	epochs	2.0
834.1976905504089	0.04721950000009656	epochs	3.0
834.244910050409	0.04671169999994618	epochs	3.0
834.2916217504089	0.09194260000003851	epochs	2.0
834.2916217504089	0.046214599999984785	epochs	3.0
834.3378363504089	0.045728000000053726	epochs	3.0
834.383564350409	0.09003629999995155	epochs	2.0
834.383564350409	0.045251499999949374	epochs	3.0
834.4288158504089	0.04478480000000218	epochs	3.0
834.4736006504089	0.08820760000003247	epochs	2.0
834.4736006504089	0.044327800000019124	epochs	3.0
834.5179284504089	0.04387980000001335	epochs	3.0
834.561808250409	0.0864516999999978	epochs	2.0
834.561808250409	0.04344100000002982	epochs	3.0
834.605249250409	0.04301069999996798	epochs	3.0
834.6482599504089	0.08476429999996071	epochs	2.0
834.6482599504089	0.04258900000002086	epochs	3.0
834.690848950409	0.04217529999993985	epochs	3.0
834.7330242504089	0.08314150000001064	epochs	2.0
834.7330242504089	0.04176970000003166	epochs	3.0
834.7747939504089	0.041371799999978975	epochs	3.0
834.8161657504089	0.08157970000002024	epochs	2.0
834.8161657504089	0.04098140000007788	epochs	3.0
834.857147150409	0.040598299999942355	epochs	3.0
834.8977454504089	0.08007550000002084	epochs	2.0
834.8977454504089	0.04022229999998217	epochs	3.0
834.9379677504089	0.03985320000003867	epochs	3.0
834.977820950409	0.07862569999997504	epochs	2.0
834.977820950409	0.0394907999999532	epochs	3.0
835.0173117504089	0.039134900000021844	epochs	3.0
835.0564466504089	0.07722760000001472	epochs	2.0
835.0564466504089	0.038785400000051595	epochs	3.0
835.095232050409	0.03844219999996312	epochs	3.0
835.133674250409	0.07587820000003376	epochs	2.0
835.133674250409	0.038104800000041905	epochs	3.0
835.171779050409	0.03777339999999185	epochs	3.0
835.209552450409	0.07457519999991291	epochs	2.0
835.209552450409	0.03744769999991604	epochs	3.0
835.2470001504089	0.03712749999999687	epochs	3.0
835.2841276504089	0.07331629999998768	epochs	2.0
835.2841276504089	0.0368129000000863	epochs	3.0
835.320940550409	0.036503399999901376	epochs	3.0
835.3574439504089	0.07209900000009384	epochs	2.0
835.3574439504089	0.03619910000008986	epochs	3.0
835.393643050409	0.03589990000000398	epochs	3.0
835.429542950409	0.07092169999998532	epochs	2.0
835.429542950409	0.03560559999993984	epochs	3.0
835.4651485504089	0.03531610000004548	epochs	3.0
835.500464650409	0.06978200000003199	epochs	2.0
835.500464650409	0.03503119999993487	epochs	3.0
835.5354958504089	0.034750800000097115	epochs	3.0
835.570246650409	0.06867859999999837	epochs	2.0
835.570246650409	0.034475099999895065	epochs	3.0
835.6047217504089	0.034203500000103304	epochs	3.0
835.638925250409	0.06760929999995824	epochs	2.0
835.638925250409	0.033936199999970995	epochs	3.0
835.672861450409	0.033673099999987244	epochs	3.0
835.706534550409	0.06657289999998284	epochs	2.0
835.706534550409	0.03341399999999339	epochs	3.0
835.7399485504089	0.033158899999989444	epochs	3.0
835.7731074504089	0.06556780000005347	epochs	2.0
835.7731074504089	0.032907700000009754	epochs	3.0
835.8060151504089	0.03266010000004371	epochs	3.0
835.838675250409	0.06459259999996902	epochs	2.0
835.838675250409	0.032416399999988244	epochs	3.0
835.871091650409	0.03217619999998078	epochs	3.0
835.903267850409	0.0636459999999488	epochs	2.0
835.903267850409	0.03193959999998697	epochs	3.0
835.9352074504089	0.03170639999996183	epochs	3.0
835.9669138504089	0.0627266999999847	epochs	2.0
835.9669138504089	0.03147660000001906	epochs	3.0
835.9983904504089	0.03125009999996564	epochs	3.0
836.0296405504089	0.06183359999999993	epochs	2.0
836.0296405504089	0.031026900000028945	epochs	3.0
836.0606674504089	0.030806699999970988	epochs	3.0
836.0914741504089	0.06096560000003137	epochs	2.0
836.0914741504089	0.030589800000029754	epochs	3.0
836.1220639504089	0.030375800000001618	epochs	3.0
836.1524397504089	0.06012160000000222	epochs	2.0
836.1524397504089	0.030164900000045236	epochs	3.0
836.182604650409	0.02995669999995698	epochs	3.0
836.2125613504089	0.05930069999999432	epochs	2.0
836.2125613504089	0.029751600000054168	epochs	3.0
836.242312950409	0.029549099999940154	epochs	3.0
836.2718620504089	0.05850180000004457	epochs	2.0
836.2718620504089	0.02934940000000097	epochs	3.0
836.3012114504089	0.0291524000000436	epochs	3.0
836.330363850409	0.05772419999993872	epochs	2.0
836.330363850409	0.028957999999988715	epochs	3.0
836.359321850409	0.028766199999950004	epochs	3.0
836.3880880504089	0.05696710000006533	epochs	2.0
836.3880880504089	0.028577000000041153	epochs	3.0
836.4166650504089	0.028390100000024177	epochs	3.0
836.445055150409	0.05622949999997218	epochs	2.0
836.445055150409	0.028205699999944045	epochs	3.0
836.4732608504089	0.028023800000028132	epochs	3.0
836.5012846504089	0.05551070000001346	epochs	2.0
836.5012846504089	0.027843999999959124	epochs	3.0
836.5291286504089	0.027666700000054334	epochs	3.0
836.556795350409	0.054810200000019904	epochs	2.0
836.556795350409	0.02749149999999645	epochs	3.0
836.584286850409	0.027318700000023455	epochs	3.0
836.611605550409	0.05412699999999404	epochs	2.0
836.611605550409	0.027147799999966082	epochs	3.0
836.6387533504089	0.02697920000002796	epochs	3.0
836.665732550409	0.053460699999959616	epochs	2.0
836.665732550409	0.0268125999999711	epochs	3.0
836.6925451504089	0.026648099999988517	epochs	3.0
836.7191932504089	0.05281070000000909	epochs	2.0
836.7191932504089	0.026485600000000886	epochs	3.0
836.7456788504089	0.026325100000008206	epochs	3.0
836.7720039504089	0.05217619999996259	epochs	2.0
836.7720039504089	0.026166399999965506	epochs	3.0
836.7981703504089	0.026009799999997085	epochs	3.0
836.8241801504089	0.051556699999991906	epochs	2.0
836.8241801504089	0.025854800000047362	epochs	3.0
836.8500349504089	0.025701899999944544	epochs	3.0
836.8757368504089	0.050951900000086425	epochs	2.0
836.8757368504089	0.02555070000005344	epochs	3.0
836.9012875504089	0.025401200000032986	epochs	3.0
836.926688750409	0.05036099999995258	epochs	2.0
836.926688750409	0.025253499999962514	epochs	3.0
836.9519422504089	0.02510749999999007	epochs	3.0
836.9770497504089	0.049783800000000156	epochs	2.0
836.9770497504089	0.02496320000000196	epochs	3.0
837.0020129504089	0.024820599999998194	epochs	3.0
837.0268335504089	0.049219500000049266	epochs	2.0
837.0268335504089	0.024679399999968155	epochs	3.0
837.0515129504089	0.02454010000008111	epochs	3.0
837.076053050409	0.048667899999941255	epochs	2.0
837.076053050409	0.02440209999997478	epochs	3.0
837.100455150409	0.024265799999966475	epochs	3.0
837.1247209504089	0.04812860000004093	epochs	2.0
837.1247209504089	0.024131000000011227	epochs	3.0
837.1488519504089	0.023997600000029706	epochs	3.0
837.172849550409	0.04760109999995166	epochs	2.0
837.172849550409	0.023865799999953197	epochs	3.0
837.1967153504089	0.02373529999999846	epochs	3.0
837.2204506504089	0.047085000000038235	epochs	2.0
837.2204506504089	0.023606299999983094	epochs	3.0
837.2440569504089	0.02347870000005514	epochs	3.0
837.267535650409	0.046579999999948996	epochs	2.0
837.267535650409	0.02335249999998723	epochs	3.0
837.2908881504089	0.023227499999961765	epochs	3.0
837.3141156504089	0.046085700000048746	epochs	2.0
837.3141156504089	0.023103999999989355	epochs	3.0
837.3372196504089	0.02298170000005939	epochs	3.0
837.3602013504089	0.045601799999985815	epochs	2.0
837.3602013504089	0.022860700000023826	epochs	3.0
837.383062050409	0.02274109999996199	epochs	3.0
837.4058031504089	0.04512790000001132	epochs	2.0
837.4058031504089	0.022622500000011314	epochs	3.0
837.4284256504089	0.02250540000000001	epochs	3.0
837.4509310504089	0.044663799999966614	epochs	2.0
837.4509310504089	0.02238929999998618	epochs	3.0
837.4733203504089	0.022274499999980435	epochs	3.0
837.4955948504089	0.04420920000006845	epochs	2.0
837.4955948504089	0.022160800000051495	epochs	3.0
837.517755650409	0.022048400000016954	epochs	3.0
837.539804050409	0.04376359999992019	epochs	2.0
837.539804050409	0.021936900000014248	epochs	3.0
837.561740950409	0.02182669999990594	epochs	3.0
837.5835676504089	0.04332710000005591	epochs	2.0
837.5835676504089	0.021717599999988124	epochs	3.0
837.6052852504089	0.021609500000067783	epochs	3.0
837.626894750409	0.04289900000003399	epochs	2.0
837.626894750409	0.02150249999999687	epochs	3.0
837.648397250409	0.021396500000037122	epochs	3.0
837.669793750409	0.04247949999989942	epochs	2.0
837.669793750409	0.02129170000000613	epochs	3.0
837.691085450409	0.021187799999893286	epochs	3.0
837.7122732504089	0.042067900000006375	epochs	2.0
837.7122732504089	0.02108490000000529	epochs	3.0
837.7333581504089	0.020983000000001084	epochs	3.0
837.7543411504089	0.04166440000005878	epochs	2.0
837.7543411504089	0.02088220000007368	epochs	3.0
837.775223350409	0.020782199999985096	epochs	3.0
837.796005550409	0.04126850000000104	epochs	2.0
837.796005550409	0.020683299999973315	epochs	3.0
837.8166888504089	0.020585200000027726	epochs	3.0
837.837274050409	0.04088000000001557	epochs	2.0
837.837274050409	0.020488099999965925	epochs	3.0
837.8577621504089	0.020391900000049645	epochs	3.0
837.878154050409	0.04049880000002304	epochs	2.0
837.878154050409	0.020296599999937825	epochs	3.0
837.8984506504089	0.020202200000085213	epochs	3.0
837.918652850409	0.040124599999899146	epochs	2.0
837.918652850409	0.020108699999923374	epochs	3.0
837.9387615504089	0.020015899999975773	epochs	3.0
837.9587774504089	0.03975730000001931	epochs	2.0
837.9587774504089	0.019924200000104975	epochs	3.0
837.978701650409	0.01983309999991434	epochs	3.0
837.9985347504089	0.03939669999999751	epochs	2.0
837.9985347504089	0.01974300000006224	epochs	3.0
838.018277750409	0.01965369999993527	epochs	3.0
838.0379314504089	0.039042400000084854	epochs	2.0
838.0379314504089	0.01956510000002254	epochs	3.0
838.0574965504089	0.019477300000062314	epochs	3.0
838.076973850409	0.03869459999998526	epochs	2.0
838.076973850409	0.01939039999990655	epochs	3.0
838.0963642504089	0.01930420000007871	epochs	3.0
838.115668450409	0.03835289999994984	epochs	2.0
838.115668450409	0.019218799999976	epochs	3.0
838.134887250409	0.01913409999997384	epochs	3.0
838.1540213504089	0.03801720000001296	epochs	2.0
838.1540213504089	0.019050200000037876	epochs	3.0
838.173071550409	0.018966999999975087	epochs	3.0
838.1920385504089	0.037687200000050325	epochs	2.0
838.1920385504089	0.01888450000001285	epochs	3.0
838.210923050409	0.018802700000037476	epochs	3.0
838.229725750409	0.03736309999999321	epochs	2.0
838.229725750409	0.01872169999990092	epochs	3.0
838.2484474504089	0.01864140000009229	epochs	3.0
838.267088850409	0.03704429999993408	epochs	2.0
838.267088850409	0.01856159999999818	epochs	3.0
838.285650450409	0.018482699999935903	epochs	3.0
838.3041331504089	0.0367310000000316	epochs	2.0
838.3041331504089	0.018404300000042895	epochs	3.0
838.322537450409	0.018326699999988705	epochs	3.0
838.340864150409	0.03642289999993409	epochs	2.0
838.340864150409	0.018249599999990096	epochs	3.0
838.3591137504089	0.018173299999943993	epochs	3.0
838.3772870504089	0.03612010000006194	epochs	2.0
838.3772870504089	0.0180976000000328	epochs	3.0
838.3953846504089	0.01802250000002914	epochs	3.0
838.413407150409	0.03582210000001851	epochs	2.0
838.413407150409	0.017947899999967376	epochs	3.0
838.4313550504089	0.017874200000051133	epochs	3.0
838.449229250409	0.03552899999999681	epochs	2.0
838.449229250409	0.017800800000031813	epochs	3.0
838.467030050409	0.017728199999965	epochs	3.0
838.484758250409	0.03524070000003121	epochs	2.0
838.484758250409	0.017656099999953767	epochs	3.0
838.5024143504089	0.017584600000077444	epochs	3.0
838.519998950409	0.03495709999992869	epochs	2.0
838.519998950409	0.01751369999999497	epochs	3.0
838.537512650409	0.017443399999933717	epochs	3.0
838.5549560504089	0.03467790000001969	epochs	2.0
838.5549560504089	0.017373600000041733	epochs	3.0
838.572329650409	0.017304299999977957	epochs	3.0
838.5896339504089	0.03440330000000813	epochs	2.0
838.5896339504089	0.01723570000001473	epochs	3.0
838.606869650409	0.0171675999999934	epochs	3.0
838.624037250409	0.03413279999995211	epochs	2.0
838.624037250409	0.01709989999994832	epochs	3.0
838.6411371504089	0.017032900000003792	epochs	3.0
838.6581700504089	0.03386670000008962	epochs	2.0
838.6581700504089	0.01696640000000116	epochs	3.0
838.6751364504089	0.016900300000088464	epochs	3.0
838.692036750409	0.03360459999998966	epochs	2.0
838.692036750409	0.01683479999996962	epochs	3.0
838.708871550409	0.01676980000002004	epochs	3.0
838.725641350409	0.033346599999958926	epochs	2.0
838.725641350409	0.016705300000012357	epochs	3.0
838.742346650409	0.01664129999994657	epochs	3.0
838.7589879504089	0.03309249999995245	epochs	2.0
838.7589879504089	0.016577800000050047	epochs	3.0
838.775565750409	0.016514699999902405	epochs	3.0
838.7920804504089	0.032842300000083924	epochs	2.0
838.7920804504089	0.01645220000000336	epochs	3.0
838.8085326504089	0.016390100000080565	epochs	3.0
838.824922750409	0.03259570000000167	epochs	2.0
838.824922750409	0.01632839999990665	epochs	3.0
838.8412511504089	0.01626730000009502	epochs	3.0
838.857518450409	0.032352899999978035	epochs	2.0
838.857518450409	0.01620659999991858	epochs	3.0
838.8737250504089	0.016146300000059455	epochs	3.0
838.889871350409	0.03211369999996805	epochs	2.0
838.889871350409	0.016086599999994178	epochs	3.0
838.905957950409	0.01602709999997387	epochs	3.0
838.9219850504089	0.03187800000000607	epochs	2.0
838.9219850504089	0.015968199999974786	epochs	3.0
838.9379532504089	0.015909800000031282	epochs	3.0
838.9538630504089	0.031645700000012766	epochs	2.0
838.9538630504089	0.01585160000001906	epochs	3.0
838.969714650409	0.015794099999993705	epochs	3.0
838.9855087504089	0.0314167000000225	epochs	2.0
838.9855087504089	0.015736700000047676	epochs	3.0
839.001245450409	0.015679999999974825	epochs	3.0
839.016925450409	0.031191100000000915	epochs	2.0
839.016925450409	0.015623600000026272	epochs	3.0
839.032549050409	0.015567499999974643	epochs	3.0
839.048116550409	0.030968700000016725	epochs	2.0
839.048116550409	0.015511999999944237	epochs	3.0
839.0636285504089	0.015456700000072487	epochs	3.0
839.079085250409	0.030749499999956242	epochs	2.0
839.079085250409	0.015401999999994587	epochs	3.0
839.094487250409	0.015347499999961656	epochs	3.0
839.1098347504089	0.03053320000003623	epochs	2.0
839.1098347504089	0.015293400000018664	epochs	3.0
839.125128150409	0.015239800000017567	epochs	3.0
839.140367950409	0.030320099999926242	epochs	2.0
839.140367950409	0.015186499999913394	epochs	3.0
839.1555544504089	0.015133600000012848	epochs	3.0
839.1706880504089	0.03010990000007041	epochs	2.0
839.1706880504089	0.015081000000009226	epochs	3.0
839.1857690504089	0.015028900000061185	epochs	3.0
839.200797950409	0.029902499999934662	epochs	2.0
839.200797950409	0.01497699999993074	epochs	3.0
839.2157749504089	0.014925500000003922	epochs	3.0
839.2307004504089	0.029698100000018712	epochs	2.0
839.2307004504089	0.014874400000053356	epochs	3.0
839.245574850409	0.014823699999965356	epochs	3.0
839.2603985504089	0.02949630000000525	epochs	2.0
839.2603985504089	0.014773200000036013	epochs	3.0
839.275171750409	0.014723099999969236	epochs	3.0
839.2898948504089	0.02929740000001857	epochs	2.0
839.2898948504089	0.014673399999992398	epochs	3.0
839.3045682504089	0.014624000000026172	epochs	3.0
839.319192250409	0.029101099999934377	epochs	2.0
839.319192250409	0.01457489999995687	epochs	3.0
839.3337671504089	0.014526199999977507	epochs	3.0
839.3482933504089	0.02890740000009373	epochs	2.0
839.3482933504089	0.014477700000043114	epochs	3.0
839.3627710504089	0.014429700000050616	epochs	3.0
839.377200750409	0.028716199999962555	epochs	2.0
839.377200750409	0.014381799999910072	epochs	3.0
839.3915825504089	0.014334400000052483	epochs	3.0
839.4059169504089	0.02852759999996124	epochs	2.0
839.4059169504089	0.01428720000001249	epochs	3.0
839.420204150409	0.01424039999994875	epochs	3.0
839.4344445504089	0.028341400000044814	epochs	2.0
839.4344445504089	0.014193800000043666	epochs	3.0
839.4486383504089	0.014147600000001148	epochs	3.0
839.4627859504089	0.028157699999951546	epochs	2.0
839.4627859504089	0.014101699999969242	epochs	3.0
839.4768876504089	0.014055999999982305	epochs	3.0
839.4909436504089	0.027976300000091214	epochs	2.0
839.4909436504089	0.01401060000000598	epochs	3.0
839.5049542504089	0.013965700000085235	epochs	3.0
839.518919950409	0.027797199999895383	epochs	2.0
839.518919950409	0.013920799999937117	epochs	3.0
839.5328407504089	0.013876399999958267	epochs	3.0
839.5467171504089	0.027620400000046175	epochs	2.0
839.5467171504089	0.013832200000024386	epochs	3.0
839.5605493504089	0.013788200000021789	epochs	3.0
839.5743375504089	0.027445899999975154	epochs	2.0
839.5743375504089	0.013744599999995444	epochs	3.0
839.5880821504089	0.01370129999997971	epochs	3.0
839.6017834504089	0.027273499999978412	epochs	2.0
839.6017834504089	0.013658200000008947	epochs	3.0
839.6154416504089	0.013615299999969466	epochs	3.0
839.6290569504089	0.02710340000010092	epochs	2.0
839.6290569504089	0.013572800000019924	epochs	3.0
839.6426297504089	0.013530600000080995	epochs	3.0
839.656160350409	0.026935199999911674	epochs	2.0
839.656160350409	0.01348839999991469	epochs	3.0
839.6696487504089	0.013446799999996983	epochs	3.0
839.6830955504089	0.026769199999989723	epochs	2.0
839.6830955504089	0.013405200000079276	epochs	3.0
839.696500750409	0.013363999999910448	epochs	3.0
839.7098647504089	0.026605200000062723	epochs	2.0
839.7098647504089	0.013322900000048321	epochs	3.0
839.7231876504089	0.013282300000014402	epochs	3.0
839.736469950409	0.026443200000016986	epochs	2.0
839.736469950409	0.013241699999980483	epochs	3.0
839.7497116504089	0.013201500000036503	epochs	3.0
839.762913150409	0.0262831999999662	epochs	2.0
839.762913150409	0.013161500000023807	epochs	3.0
839.776074650409	0.013121699999942393	epochs	3.0
839.7891963504089	0.02612499999997908	epochs	2.0
839.7891963504089	0.013082100000019636	epochs	3.0
839.802278450409	0.013042899999959445	epochs	3.0
839.8153213504089	0.025968900000066242	epochs	2.0
839.8153213504089	0.01300390000005791	epochs	3.0
839.828325250409	0.012965000000008331	epochs	3.0
839.841290250409	0.025814499999910367	epochs	2.0
839.841290250409	0.012926399999969362	epochs	3.0
839.854216650409	0.012888099999941005	epochs	3.0
839.8671047504089	0.025661900000045534	epochs	2.0
839.8671047504089	0.012849900000105663	epochs	3.0
839.879954650409	0.012811999999939871	epochs	3.0
839.8927666504089	0.025511199999982637	epochs	2.0
839.8927666504089	0.012774400000012065	epochs	3.0
839.9055410504089	0.012736799999970572	epochs	3.0
839.9182778504089	0.025362299999983406	epochs	2.0
839.9182778504089	0.01269969999998466	epochs	3.0
839.9309775504089	0.012662599999998747	epochs	3.0
839.9436401504089	0.025215000000002874	epochs	2.0
839.9436401504089	0.012625800000023446	epochs	3.0
839.9562659504089	0.012589199999979428	epochs	3.0
839.9688551504089	0.024584800000070572	epochs	2.0
839.9926076504089	0.5	epochs	-1.0
839.993439950409	0.9999199999999746	epochs	1.0
840.4926076504089	0.5	epochs	-1.0
841.4089999198914	0.09136000000000877	epochs	0.0
841.4089999198914	0.04068259999996826	epochs	1.0
841.4496825198913	0.009994800000072246	epochs	1.0
841.4596773198914	0.04068259999996826	epochs	1.0
841.5004399198914	2.0	epochs	0.0
843.5004076198913	0.5	epochs	-1.0
843.5004399198914	0.5078399999999874	epochs	0.0
843.5004399198914	0.5078399999999874	epochs	1.0
844.0004076198913	0.007872300000030918	epochs	-1.0
844.0082799198914	21.492079999999987	epochs	0.0
845.2019996643066	0.09136000000000877	epochs	0.0
845.2019996643066	0.04068259999996826	epochs	1.0
845.2426822643066	0.009994800000072246	epochs	1.0
845.2526770643067	0.04068259999996826	epochs	1.0
845.2934396643067	2.0	epochs	0.0
847.2934073643066	0.5	epochs	-1.0
847.2934396643067	21.999919999999975	epochs	0.0
847.2934396643067	1.0	epochs	1.0
847.7934073643066	19.999199999999973	epochs	-1.0
848.2934396643067	20.0	epochs	1.0
848.2934396643067	4.356753899999944	epochs	-1.0
848.2934396643067	1.9745871999999736	epochs	2.0
848.2934396643067	1.0985621999999466	epochs	3.0
849.3920018643066	0.8760250000000269	epochs	3.0
850.2680268643066	1.3524075000000266	epochs	2.0
850.2680268643066	0.7286354999999958	epochs	3.0
850.9966623643066	0.6237720000000309	epochs	3.0
851.6204343643067	1.029759199999944	epochs	2.0
851.6204343643067	0.5453292999999348	epochs	3.0
852.1657636643066	0.4844299000000092	epochs	3.0
852.6501935643066	0.8317862000000105	epochs	2.0
852.6501935643066	0.4357763000000432	epochs	3.0
853.0859698643067	0.3960098999999673	epochs	3.0
853.4819797643066	0.6977970000000369	epochs	2.0
853.4819797643066	0.3628982000000178	epochs	3.0
853.8448779643066	0.33489880000001904	epochs	3.0
854.1797767643067	0.601045699999986	epochs	2.0
854.1797767643067	0.3109122999999272	epochs	3.0
854.4906890643066	0.2901334000000588	epochs	3.0
854.7808224643067	0.5278859000000011	epochs	2.0
854.7808224643067	0.2719585999999481	epochs	3.0
855.0527810643066	0.25592730000005304	epochs	3.0
855.3087083643067	0.470619299999953	epochs	2.0
855.3087083643067	0.241681299999982	epochs	3.0
855.5503896643066	0.228937999999971	epochs	3.0
855.7793276643066	0.42457039999999324	epochs	2.0
855.7793276643066	0.21747140000002219	epochs	3.0
855.9967990643066	0.20709899999997106	epochs	3.0
856.2038980643066	0.3867354000000205	epochs	2.0
856.2038980643066	0.19767110000009325	epochs	3.0
856.4015691643067	0.18906429999992724	epochs	3.0
856.5906334643066	0.3550953000000163	epochs	2.0
856.5906334643066	0.18117589999997108	epochs	3.0
856.7718093643066	0.17391940000004524	epochs	3.0
856.9457287643066	0.3282431000000088	epochs	2.0
856.9457287643066	0.16722189999995862	epochs	3.0
857.1129506643066	0.16102120000005016	epochs	3.0
857.2739718643066	0.30516799999998057	epochs	2.0
857.2739718643066	0.15526390000002266	epochs	3.0
857.4292357643067	0.1499040999999579	epochs	3.0
857.5791398643066	0.28512530000000424	epochs	2.0
857.5791398643066	0.1449020999999675	epochs	3.0
857.7240419643066	0.14022320000003674	epochs	3.0
857.8642651643066	0.2675537999999733	epochs	2.0
857.8642651643066	0.1358368999999584	epochs	3.0
858.0001020643066	0.1317169000000149	epochs	3.0
858.1318189643066	0.2520229000000427	epochs	2.0
858.1318189643066	0.1278393000000051	epochs	3.0
858.2596582643066	0.12418360000003759	epochs	3.0
858.3838418643066	0.23819649999995818	epochs	2.0
858.3838418643066	0.12073109999994358	epochs	3.0
858.5045729643066	0.1174654000000146	epochs	3.0
858.6220383643066	0.2258087999999816	epochs	2.0
858.6220383643066	0.11437190000003739	epochs	3.0
858.7364102643066	0.11143689999994422	epochs	3.0
858.8478471643066	0.2146460000000161	epochs	2.0
858.8478471643066	0.10864890000004834	epochs	3.0
858.9564960643066	0.10599709999996776	epochs	3.0
859.0624931643066	0.20453500000007807	epochs	2.0
859.0624931643066	0.10347150000006877	epochs	3.0
859.1659646643067	0.1010635000000093	epochs	3.0
859.2670281643067	0.19533400000000256	epochs	2.0
859.2670281643067	0.09876509999992322	epochs	3.0
859.3657932643066	0.09656890000007934	epochs	3.0
859.4623621643067	0.18692529999998442	epochs	2.0
859.4623621643067	0.09446829999990314	epochs	3.0
859.5568304643066	0.09245700000008128	epochs	3.0
859.6492874643067	0.17921069999999872	epochs	2.0
859.6492874643067	0.09052959999996801	epochs	3.0
859.7398170643066	0.08868110000003071	epochs	3.0
859.8284981643067	0.17210769999996955	epochs	2.0
859.8284981643067	0.08690630000000965	epochs	3.0
859.9154044643067	0.0852013999999599	epochs	3.0
860.0006058643066	0.16554640000003928	epochs	2.0
860.0006058643066	0.08356189999994967	epochs	3.0
860.0841677643066	0.08198450000008961	epochs	3.0
860.1661522643067	0.15946709999991526	epochs	2.0
860.1661522643067	0.08046539999998004	epochs	3.0
860.2466176643067	0.07900169999993523	epochs	3.0
860.3256193643066	0.15381840000009106	epochs	2.0
860.3256193643066	0.07759010000006583	epochs	3.0
860.4032094643067	0.07622830000002523	epochs	3.0
860.4794377643067	0.14855639999996129	epochs	2.0
860.4794377643067	0.07491329999993468	epochs	3.0
860.5543510643066	0.0736431000000266	epochs	3.0
860.6279941643066	0.14364239999997608	epochs	2.0
860.6279941643066	0.07241499999997814	epochs	3.0
860.7004091643066	0.07122739999999794	epochs	3.0
860.7716365643066	0.13904309999998077	epochs	2.0
860.7716365643066	0.07007799999996678	epochs	3.0
860.8417145643066	0.06896510000001399	epochs	3.0
860.9106796643066	0.1347293000000036	epochs	2.0
860.9106796643066	0.0678871000000072	epochs	3.0
860.9785667643066	0.06684219999999641	epochs	3.0
861.0454089643066	0.1306752000000415	epochs	2.0
861.0454089643066	0.06582910000008724	epochs	3.0
861.1112380643067	0.06484609999995428	epochs	3.0
861.1760841643066	0.12685780000003888	epochs	2.0
861.1760841643066	0.06389200000000983	epochs	3.0
861.2399761643067	0.06296580000002905	epochs	3.0
861.3029419643067	0.12325720000001184	epochs	2.0
861.3029419643067	0.062065799999913907	epochs	3.0
861.3650077643066	0.06119140000009793	epochs	3.0
861.4261991643067	0.11985539999989214	epochs	2.0
861.4261991643067	0.060341099999959624	epochs	3.0
861.4865402643067	0.05951429999993252	epochs	3.0
861.5460545643066	0.11663620000001629	epochs	2.0
861.5460545643066	0.05870960000004288	epochs	3.0
861.6047641643066	0.057926599999973405	epochs	3.0
861.6626907643066	0.11358560000007856	epochs	2.0
861.6626907643066	0.05716419999998834	epochs	3.0
861.7198549643066	0.056421400000090216	epochs	3.0
861.7762763643067	0.11069049999991876	epochs	2.0
861.7762763643067	0.05569789999992736	epochs	3.0
861.8319742643066	0.0549925999999914	epochs	3.0
861.8869668643066	0.1079391000000669	epochs	2.0
861.8869668643066	0.05430490000003374	epochs	3.0
861.9412717643066	0.05363420000003316	epochs	3.0
861.9949059643067	0.10532149999994544	epochs	2.0
861.9949059643067	0.05297999999993408	epochs	3.0
862.0478859643066	0.052341500000011365	epochs	3.0
862.1002274643066	0.10282760000006874	epochs	2.0
862.1002274643066	0.05171810000001642	epochs	3.0
862.1519455643066	0.05110950000005232	epochs	3.0
862.2030550643067	0.10044909999999163	epochs	2.0
862.2030550643067	0.05051489999993919	epochs	3.0
862.2535699643066	0.04993420000005244	epochs	3.0
862.3035041643067	0.0981782999999723	epochs	2.0
862.3035041643067	0.04936659999998483	epochs	3.0
862.3528707643067	0.04881169999998747	epochs	3.0
862.4016824643066	0.09600779999993847	epochs	2.0
862.4016824643066	0.04826920000004975	epochs	3.0
862.4499516643067	0.04773859999988872	epochs	3.0
862.4976902643066	0.09393120000004274	epochs	2.0
862.4976902643066	0.04721950000009656	epochs	3.0
862.5449097643067	0.04671169999994618	epochs	3.0
862.5916214643066	0.09194260000003851	epochs	2.0
862.5916214643066	0.046214599999984785	epochs	3.0
862.6378360643066	0.045728000000053726	epochs	3.0
862.6835640643067	0.09003629999995155	epochs	2.0
862.6835640643067	0.045251499999949374	epochs	3.0
862.7288155643066	0.04478480000000218	epochs	3.0
862.7736003643066	0.08820760000003247	epochs	2.0
862.7736003643066	0.044327800000019124	epochs	3.0
862.8179281643066	0.04387980000001335	epochs	3.0
862.8618079643066	0.0864516999999978	epochs	2.0
862.8618079643066	0.04344100000002982	epochs	3.0
862.9052489643067	0.04301069999996798	epochs	3.0
862.9482596643066	0.08476429999996071	epochs	2.0
862.9482596643066	0.04258900000002086	epochs	3.0
862.9908486643067	0.04217529999993985	epochs	3.0
863.0330239643066	0.08314150000001064	epochs	2.0
863.0330239643066	0.04176970000003166	epochs	3.0
863.0747936643066	0.041371799999978975	epochs	3.0
863.1161654643066	0.08157970000002024	epochs	2.0
863.1161654643066	0.04098140000007788	epochs	3.0
863.1571468643067	0.040598299999942355	epochs	3.0
863.1977451643066	0.08007550000002084	epochs	2.0
863.1977451643066	0.04022229999998217	epochs	3.0
863.2379674643066	0.03985320000003867	epochs	3.0
863.2778206643067	0.07862569999997504	epochs	2.0
863.2778206643067	0.0394907999999532	epochs	3.0
863.3173114643066	0.039134900000021844	epochs	3.0
863.3564463643066	0.07722760000001472	epochs	2.0
863.3564463643066	0.038785400000051595	epochs	3.0
863.3952317643067	0.03844219999996312	epochs	3.0
863.4336739643066	0.07587820000003376	epochs	2.0
863.4336739643066	0.038104800000041905	epochs	3.0
863.4717787643067	0.03777339999999185	epochs	3.0
863.5095521643067	0.07457519999991291	epochs	2.0
863.5095521643067	0.03744769999991604	epochs	3.0
863.5469998643066	0.03712749999999687	epochs	3.0
863.5841273643066	0.07331629999998768	epochs	2.0
863.5841273643066	0.0368129000000863	epochs	3.0
863.6209402643067	0.036503399999901376	epochs	3.0
863.6574436643066	0.07209900000009384	epochs	2.0
863.6574436643066	0.03619910000008986	epochs	3.0
863.6936427643067	0.03589990000000398	epochs	3.0
863.7295426643067	0.07092169999998532	epochs	2.0
863.7295426643067	0.03560559999993984	epochs	3.0
863.7651482643066	0.03531610000004548	epochs	3.0
863.8004643643067	0.06978200000003199	epochs	2.0
863.8004643643067	0.03503119999993487	epochs	3.0
863.8354955643066	0.034750800000097115	epochs	3.0
863.8702463643067	0.06867859999999837	epochs	2.0
863.8702463643067	0.034475099999895065	epochs	3.0
863.9047214643066	0.034203500000103304	epochs	3.0
863.9389249643067	0.06760929999995824	epochs	2.0
863.9389249643067	0.033936199999970995	epochs	3.0
863.9728611643067	0.033673099999987244	epochs	3.0
864.0065342643067	0.06657289999998284	epochs	2.0
864.0065342643067	0.03341399999999339	epochs	3.0
864.0399482643066	0.033158899999989444	epochs	3.0
864.0731071643066	0.06556780000005347	epochs	2.0
864.0731071643066	0.032907700000009754	epochs	3.0
864.1060148643066	0.03266010000004371	epochs	3.0
864.1386749643067	0.06459259999996902	epochs	2.0
864.1386749643067	0.032416399999988244	epochs	3.0
864.1710913643067	0.03217619999998078	epochs	3.0
864.2032675643067	0.0636459999999488	epochs	2.0
864.2032675643067	0.03193959999998697	epochs	3.0
864.2352071643066	0.03170639999996183	epochs	3.0
864.2669135643066	0.0627266999999847	epochs	2.0
864.2669135643066	0.03147660000001906	epochs	3.0
864.2983901643066	0.03125009999996564	epochs	3.0
864.3296402643066	0.06183359999999993	epochs	2.0
864.3296402643066	0.031026900000028945	epochs	3.0
864.3606671643066	0.030806699999970988	epochs	3.0
864.3914738643066	0.06096560000003137	epochs	2.0
864.3914738643066	0.030589800000029754	epochs	3.0
864.4220636643066	0.030375800000001618	epochs	3.0
864.4524394643066	0.06012160000000222	epochs	2.0
864.4524394643066	0.030164900000045236	epochs	3.0
864.4826043643067	0.02995669999995698	epochs	3.0
864.5125610643066	0.05930069999999432	epochs	2.0
864.5125610643066	0.029751600000054168	epochs	3.0
864.5423126643067	0.029549099999940154	epochs	3.0
864.5718617643066	0.05850180000004457	epochs	2.0
864.5718617643066	0.02934940000000097	epochs	3.0
864.6012111643066	0.0291524000000436	epochs	3.0
864.6303635643067	0.05772419999993872	epochs	2.0
864.6303635643067	0.028957999999988715	epochs	3.0
864.6593215643067	0.028766199999950004	epochs	3.0
864.6880877643066	0.05696710000006533	epochs	2.0
864.6880877643066	0.028577000000041153	epochs	3.0
864.7166647643066	0.028390100000024177	epochs	3.0
864.7450548643067	0.05622949999997218	epochs	2.0
864.7450548643067	0.028205699999944045	epochs	3.0
864.7732605643066	0.028023800000028132	epochs	3.0
864.8012843643066	0.05551070000001346	epochs	2.0
864.8012843643066	0.027843999999959124	epochs	3.0
864.8291283643066	0.027666700000054334	epochs	3.0
864.8567950643067	0.054810200000019904	epochs	2.0
864.8567950643067	0.02749149999999645	epochs	3.0
864.8842865643066	0.027318700000023455	epochs	3.0
864.9116052643067	0.05412699999999404	epochs	2.0
864.9116052643067	0.027147799999966082	epochs	3.0
864.9387530643066	0.02697920000002796	epochs	3.0
864.9657322643067	0.053460699999959616	epochs	2.0
864.9657322643067	0.0268125999999711	epochs	3.0
864.9925448643066	0.026648099999988517	epochs	3.0
865.0191929643066	0.05281070000000909	epochs	2.0
865.0191929643066	0.026485600000000886	epochs	3.0
865.0456785643066	0.026325100000008206	epochs	3.0
865.0720036643066	0.05217619999996259	epochs	2.0
865.0720036643066	0.026166399999965506	epochs	3.0
865.0981700643066	0.026009799999997085	epochs	3.0
865.1241798643066	0.051556699999991906	epochs	2.0
865.1241798643066	0.025854800000047362	epochs	3.0
865.1500346643066	0.025701899999944544	epochs	3.0
865.1757365643066	0.050951900000086425	epochs	2.0
865.1757365643066	0.02555070000005344	epochs	3.0
865.2012872643066	0.025401200000032986	epochs	3.0
865.2266884643067	0.05036099999995258	epochs	2.0
865.2266884643067	0.025253499999962514	epochs	3.0
865.2519419643066	0.02510749999999007	epochs	3.0
865.2770494643066	0.049783800000000156	epochs	2.0
865.2770494643066	0.02496320000000196	epochs	3.0
865.3020126643066	0.024820599999998194	epochs	3.0
865.3268332643066	0.049219500000049266	epochs	2.0
865.3268332643066	0.024679399999968155	epochs	3.0
865.3515126643066	0.02454010000008111	epochs	3.0
865.3760527643067	0.048667899999941255	epochs	2.0
865.3760527643067	0.02440209999997478	epochs	3.0
865.4004548643067	0.024265799999966475	epochs	3.0
865.4247206643066	0.04812860000004093	epochs	2.0
865.4247206643066	0.024131000000011227	epochs	3.0
865.4488516643066	0.023997600000029706	epochs	3.0
865.4728492643067	0.04760109999995166	epochs	2.0
865.4728492643067	0.023865799999953197	epochs	3.0
865.4967150643066	0.02373529999999846	epochs	3.0
865.5204503643066	0.047085000000038235	epochs	2.0
865.5204503643066	0.023606299999983094	epochs	3.0
865.5440566643066	0.02347870000005514	epochs	3.0
865.5675353643067	0.046579999999948996	epochs	2.0
865.5675353643067	0.02335249999998723	epochs	3.0
865.5908878643066	0.023227499999961765	epochs	3.0
865.6141153643066	0.046085700000048746	epochs	2.0
865.6141153643066	0.023103999999989355	epochs	3.0
865.6372193643066	0.02298170000005939	epochs	3.0
865.6602010643066	0.045601799999985815	epochs	2.0
865.6602010643066	0.022860700000023826	epochs	3.0
865.6830617643067	0.02274109999996199	epochs	3.0
865.7058028643066	0.04512790000001132	epochs	2.0
865.7058028643066	0.022622500000011314	epochs	3.0
865.7284253643066	0.02250540000000001	epochs	3.0
865.7509307643066	0.044663799999966614	epochs	2.0
865.7509307643066	0.02238929999998618	epochs	3.0
865.7733200643066	0.022274499999980435	epochs	3.0
865.7955945643066	0.04420920000006845	epochs	2.0
865.7955945643066	0.022160800000051495	epochs	3.0
865.8177553643067	0.022048400000016954	epochs	3.0
865.8398037643067	0.04376359999992019	epochs	2.0
865.8398037643067	0.021936900000014248	epochs	3.0
865.8617406643067	0.02182669999990594	epochs	3.0
865.8835673643066	0.04332710000005591	epochs	2.0
865.8835673643066	0.021717599999988124	epochs	3.0
865.9052849643066	0.021609500000067783	epochs	3.0
865.9268944643067	0.04289900000003399	epochs	2.0
865.9268944643067	0.02150249999999687	epochs	3.0
865.9483969643067	0.021396500000037122	epochs	3.0
865.9697934643067	0.04247949999989942	epochs	2.0
865.9697934643067	0.02129170000000613	epochs	3.0
865.9910851643067	0.021187799999893286	epochs	3.0
866.0122729643066	0.042067900000006375	epochs	2.0
866.0122729643066	0.02108490000000529	epochs	3.0
866.0333578643066	0.020983000000001084	epochs	3.0
866.0543408643066	0.04166440000005878	epochs	2.0
866.0543408643066	0.02088220000007368	epochs	3.0
866.0752230643067	0.020782199999985096	epochs	3.0
866.0960052643067	0.04126850000000104	epochs	2.0
866.0960052643067	0.020683299999973315	epochs	3.0
866.1166885643066	0.020585200000027726	epochs	3.0
866.1372737643067	0.04088000000001557	epochs	2.0
866.1372737643067	0.020488099999965925	epochs	3.0
866.1577618643066	0.020391900000049645	epochs	3.0
866.1781537643067	0.04049880000002304	epochs	2.0
866.1781537643067	0.020296599999937825	epochs	3.0
866.1984503643066	0.020202200000085213	epochs	3.0
866.2186525643067	0.040124599999899146	epochs	2.0
866.2186525643067	0.020108699999923374	epochs	3.0
866.2387612643066	0.020015899999975773	epochs	3.0
866.2587771643066	0.03975730000001931	epochs	2.0
866.2587771643066	0.019924200000104975	epochs	3.0
866.2787013643067	0.01983309999991434	epochs	3.0
866.2985344643066	0.03939669999999751	epochs	2.0
866.2985344643066	0.01974300000006224	epochs	3.0
866.3182774643067	0.01965369999993527	epochs	3.0
866.3379311643066	0.039042400000084854	epochs	2.0
866.3379311643066	0.01956510000002254	epochs	3.0
866.3574962643066	0.019477300000062314	epochs	3.0
866.3769735643067	0.03869459999998526	epochs	2.0
866.3769735643067	0.01939039999990655	epochs	3.0
866.3963639643066	0.01930420000007871	epochs	3.0
866.4156681643067	0.03835289999994984	epochs	2.0
866.4156681643067	0.019218799999976	epochs	3.0
866.4348869643067	0.01913409999997384	epochs	3.0
866.4540210643066	0.03801720000001296	epochs	2.0
866.4540210643066	0.019050200000037876	epochs	3.0
866.4730712643067	0.018966999999975087	epochs	3.0
866.4920382643066	0.037687200000050325	epochs	2.0
866.4920382643066	0.01888450000001285	epochs	3.0
866.5109227643067	0.018802700000037476	epochs	3.0
866.5297254643067	0.03736309999999321	epochs	2.0
866.5297254643067	0.01872169999990092	epochs	3.0
866.5484471643066	0.01864140000009229	epochs	3.0
866.5670885643067	0.03704429999993408	epochs	2.0
866.5670885643067	0.01856159999999818	epochs	3.0
866.5856501643067	0.018482699999935903	epochs	3.0
866.6041328643066	0.0367310000000316	epochs	2.0
866.6041328643066	0.018404300000042895	epochs	3.0
866.6225371643067	0.018326699999988705	epochs	3.0
866.6408638643067	0.03642289999993409	epochs	2.0
866.6408638643067	0.018249599999990096	epochs	3.0
866.6591134643066	0.018173299999943993	epochs	3.0
866.6772867643066	0.03612010000006194	epochs	2.0
866.6772867643066	0.0180976000000328	epochs	3.0
866.6953843643066	0.01802250000002914	epochs	3.0
866.7134068643066	0.03582210000001851	epochs	2.0
866.7134068643066	0.017947899999967376	epochs	3.0
866.7313547643066	0.017874200000051133	epochs	3.0
866.7492289643067	0.03552899999999681	epochs	2.0
866.7492289643067	0.017800800000031813	epochs	3.0
866.7670297643067	0.017728199999965	epochs	3.0
866.7847579643067	0.03524070000003121	epochs	2.0
866.7847579643067	0.017656099999953767	epochs	3.0
866.8024140643066	0.017584600000077444	epochs	3.0
866.8199986643067	0.03495709999992869	epochs	2.0
866.8199986643067	0.01751369999999497	epochs	3.0
866.8375123643067	0.017443399999933717	epochs	3.0
866.8549557643066	0.03467790000001969	epochs	2.0
866.8549557643066	0.017373600000041733	epochs	3.0
866.8723293643067	0.017304299999977957	epochs	3.0
866.8896336643066	0.03440330000000813	epochs	2.0
866.8896336643066	0.01723570000001473	epochs	3.0
866.9068693643067	0.0171675999999934	epochs	3.0
866.9240369643067	0.03413279999995211	epochs	2.0
866.9240369643067	0.01709989999994832	epochs	3.0
866.9411368643066	0.017032900000003792	epochs	3.0
866.9581697643066	0.03386670000008962	epochs	2.0
866.9581697643066	0.01696640000000116	epochs	3.0
866.9751361643066	0.016900300000088464	epochs	3.0
866.9920364643067	0.03360459999998966	epochs	2.0
866.9920364643067	0.01683479999996962	epochs	3.0
867.0088712643067	0.01676980000002004	epochs	3.0
867.0256410643067	0.033346599999958926	epochs	2.0
867.0256410643067	0.016705300000012357	epochs	3.0
867.0423463643067	0.01664129999994657	epochs	3.0
867.0589876643066	0.03309249999995245	epochs	2.0
867.0589876643066	0.016577800000050047	epochs	3.0
867.0755654643067	0.016514699999902405	epochs	3.0
867.0920801643066	0.032842300000083924	epochs	2.0
867.0920801643066	0.01645220000000336	epochs	3.0
867.1085323643066	0.016390100000080565	epochs	3.0
867.1249224643067	0.03259570000000167	epochs	2.0
867.1249224643067	0.01632839999990665	epochs	3.0
867.1412508643066	0.01626730000009502	epochs	3.0
867.1575181643067	0.032352899999978035	epochs	2.0
867.1575181643067	0.01620659999991858	epochs	3.0
867.1737247643066	0.016146300000059455	epochs	3.0
867.1898710643067	0.03211369999996805	epochs	2.0
867.1898710643067	0.016086599999994178	epochs	3.0
867.2059576643067	0.01602709999997387	epochs	3.0
867.2219847643066	0.03187800000000607	epochs	2.0
867.2219847643066	0.015968199999974786	epochs	3.0
867.2379529643066	0.015909800000031282	epochs	3.0
867.2538627643066	0.031645700000012766	epochs	2.0
867.2538627643066	0.01585160000001906	epochs	3.0
867.2697143643067	0.015794099999993705	epochs	3.0
867.2855084643066	0.0314167000000225	epochs	2.0
867.2855084643066	0.015736700000047676	epochs	3.0
867.3012451643067	0.015679999999974825	epochs	3.0
867.3169251643067	0.031191100000000915	epochs	2.0
867.3169251643067	0.015623600000026272	epochs	3.0
867.3325487643067	0.015567499999974643	epochs	3.0
867.3481162643067	0.030968700000016725	epochs	2.0
867.3481162643067	0.015511999999944237	epochs	3.0
867.3636282643066	0.015456700000072487	epochs	3.0
867.3790849643067	0.030749499999956242	epochs	2.0
867.3790849643067	0.015401999999994587	epochs	3.0
867.3944869643067	0.015347499999961656	epochs	3.0
867.4098344643066	0.03053320000003623	epochs	2.0
867.4098344643066	0.015293400000018664	epochs	3.0
867.4251278643067	0.015239800000017567	epochs	3.0
867.4403676643067	0.030320099999926242	epochs	2.0
867.4403676643067	0.015186499999913394	epochs	3.0
867.4555541643066	0.015133600000012848	epochs	3.0
867.4706877643066	0.03010990000007041	epochs	2.0
867.4706877643066	0.015081000000009226	epochs	3.0
867.4857687643066	0.015028900000061185	epochs	3.0
867.5007976643067	0.029902499999934662	epochs	2.0
867.5007976643067	0.01497699999993074	epochs	3.0
867.5157746643066	0.014925500000003922	epochs	3.0
867.5307001643066	0.029698100000018712	epochs	2.0
867.5307001643066	0.014874400000053356	epochs	3.0
867.5455745643067	0.014823699999965356	epochs	3.0
867.5603982643066	0.02949630000000525	epochs	2.0
867.5603982643066	0.014773200000036013	epochs	3.0
867.5751714643067	0.014723099999969236	epochs	3.0
867.5898945643066	0.02929740000001857	epochs	2.0
867.5898945643066	0.014673399999992398	epochs	3.0
867.6045679643066	0.014624000000026172	epochs	3.0
867.6191919643067	0.029101099999934377	epochs	2.0
867.6191919643067	0.01457489999995687	epochs	3.0
867.6337668643066	0.014526199999977507	epochs	3.0
867.6482930643066	0.02890740000009373	epochs	2.0
867.6482930643066	0.014477700000043114	epochs	3.0
867.6627707643066	0.014429700000050616	epochs	3.0
867.6772004643067	0.028716199999962555	epochs	2.0
867.6772004643067	0.014381799999910072	epochs	3.0
867.6915822643066	0.014334400000052483	epochs	3.0
867.7059166643066	0.02852759999996124	epochs	2.0
867.7059166643066	0.01428720000001249	epochs	3.0
867.7202038643067	0.01424039999994875	epochs	3.0
867.7344442643066	0.028341400000044814	epochs	2.0
867.7344442643066	0.014193800000043666	epochs	3.0
867.7486380643066	0.014147600000001148	epochs	3.0
867.7627856643066	0.028157699999951546	epochs	2.0
867.7627856643066	0.014101699999969242	epochs	3.0
867.7768873643066	0.014055999999982305	epochs	3.0
867.7909433643066	0.027976300000091214	epochs	2.0
867.7909433643066	0.01401060000000598	epochs	3.0
867.8049539643066	0.013965700000085235	epochs	3.0
867.8189196643067	0.027797199999895383	epochs	2.0
867.8189196643067	0.013920799999937117	epochs	3.0
867.8328404643066	0.013876399999958267	epochs	3.0
867.8467168643066	0.027620400000046175	epochs	2.0
867.8467168643066	0.013832200000024386	epochs	3.0
867.8605490643066	0.013788200000021789	epochs	3.0
867.8743372643066	0.027445899999975154	epochs	2.0
867.8743372643066	0.013744599999995444	epochs	3.0
867.8880818643066	0.01370129999997971	epochs	3.0
867.9017831643066	0.027273499999978412	epochs	2.0
867.9017831643066	0.013658200000008947	epochs	3.0
867.9154413643066	0.013615299999969466	epochs	3.0
867.9290566643066	0.02710340000010092	epochs	2.0
867.9290566643066	0.013572800000019924	epochs	3.0
867.9426294643066	0.013530600000080995	epochs	3.0
867.9561600643067	0.026935199999911674	epochs	2.0
867.9561600643067	0.01348839999991469	epochs	3.0
867.9696484643066	0.013446799999996983	epochs	3.0
867.9830952643066	0.026769199999989723	epochs	2.0
867.9830952643066	0.013405200000079276	epochs	3.0
867.9965004643067	0.013363999999910448	epochs	3.0
868.0098644643066	0.026605200000062723	epochs	2.0
868.0098644643066	0.013322900000048321	epochs	3.0
868.0231873643066	0.013282300000014402	epochs	3.0
868.0364696643067	0.026443200000016986	epochs	2.0
868.0364696643067	0.013241699999980483	epochs	3.0
868.0497113643066	0.013201500000036503	epochs	3.0
868.0629128643067	0.0262831999999662	epochs	2.0
868.0629128643067	0.013161500000023807	epochs	3.0
868.0760743643067	0.013121699999942393	epochs	3.0
868.0891960643066	0.02612499999997908	epochs	2.0
868.0891960643066	0.013082100000019636	epochs	3.0
868.1022781643067	0.013042899999959445	epochs	3.0
868.1153210643066	0.025968900000066242	epochs	2.0
868.1153210643066	0.01300390000005791	epochs	3.0
868.1283249643067	0.012965000000008331	epochs	3.0
868.1412899643067	0.025814499999910367	epochs	2.0
868.1412899643067	0.012926399999969362	epochs	3.0
868.1542163643066	0.012888099999941005	epochs	3.0
868.1671044643066	0.025661900000045534	epochs	2.0
868.1671044643066	0.012849900000105663	epochs	3.0
868.1799543643067	0.012811999999939871	epochs	3.0
868.1927663643066	0.025511199999982637	epochs	2.0
868.1927663643066	0.012774400000012065	epochs	3.0
868.2055407643066	0.012736799999970572	epochs	3.0
868.2182775643066	0.025362299999983406	epochs	2.0
868.2182775643066	0.01269969999998466	epochs	3.0
868.2309772643066	0.012662599999998747	epochs	3.0
868.2436398643066	0.025215000000002874	epochs	2.0
868.2436398643066	0.012625800000023446	epochs	3.0
868.2562656643066	0.012589199999979428	epochs	3.0
868.2688548643066	0.024584800000070572	epochs	2.0
868.2926073643066	0.5	epochs	-1.0
868.2934396643067	0.9999199999999746	epochs	1.0
868.7926073643066	0.5	epochs	-1.0
869.7349996566772	0.09136000000000877	epochs	0.0
869.7349996566772	0.04068259999996826	epochs	1.0
869.7756822566772	0.009994800000072246	epochs	1.0
869.7856770566773	0.04068259999996826	epochs	1.0
869.8264396566773	2.0	epochs	0.0
871.8264073566772	0.5	epochs	-1.0
871.8264396566773	21.999919999999975	epochs	0.0
871.8264396566773	1.0	epochs	1.0
872.3264073566772	19.999199999999973	epochs	-1.0
872.8264396566773	20.0	epochs	1.0
872.8264396566773	4.356753899999944	epochs	-1.0
872.8264396566773	1.9745871999999736	epochs	2.0
872.8264396566773	1.0985621999999466	epochs	3.0
873.9250018566772	0.8760250000000269	epochs	3.0
874.8010268566773	1.3524075000000266	epochs	2.0
874.8010268566773	0.7286354999999958	epochs	3.0
875.5296623566772	0.6237720000000309	epochs	3.0
876.1534343566773	1.029759199999944	epochs	2.0
876.1534343566773	0.5453292999999348	epochs	3.0
876.6987636566772	0.4844299000000092	epochs	3.0
877.1831935566772	0.8317862000000105	epochs	2.0
877.1831935566772	0.4357763000000432	epochs	3.0
877.6189698566773	0.3960098999999673	epochs	3.0
878.0149797566772	0.6977970000000369	epochs	2.0
878.0149797566772	0.3628982000000178	epochs	3.0
878.3778779566773	0.33489880000001904	epochs	3.0
878.7127767566773	0.601045699999986	epochs	2.0
878.7127767566773	0.3109122999999272	epochs	3.0
879.0236890566772	0.2901334000000588	epochs	3.0
879.3138224566773	0.5278859000000011	epochs	2.0
879.3138224566773	0.2719585999999481	epochs	3.0
879.5857810566772	0.25592730000005304	epochs	3.0
879.8417083566773	0.470619299999953	epochs	2.0
879.8417083566773	0.241681299999982	epochs	3.0
880.0833896566772	0.228937999999971	epochs	3.0
880.3123276566772	0.42457039999999324	epochs	2.0
880.3123276566772	0.21747140000002219	epochs	3.0
880.5297990566772	0.20709899999997106	epochs	3.0
880.7368980566772	0.3867354000000205	epochs	2.0
880.7368980566772	0.19767110000009325	epochs	3.0
880.9345691566773	0.18906429999992724	epochs	3.0
881.1236334566772	0.3550953000000163	epochs	2.0
881.1236334566772	0.18117589999997108	epochs	3.0
881.3048093566772	0.17391940000004524	epochs	3.0
881.4787287566772	0.3282431000000088	epochs	2.0
881.4787287566772	0.16722189999995862	epochs	3.0
881.6459506566772	0.16102120000005016	epochs	3.0
881.8069718566773	0.30516799999998057	epochs	2.0
881.8069718566773	0.15526390000002266	epochs	3.0
881.9622357566773	0.1499040999999579	epochs	3.0
882.1121398566772	0.28512530000000424	epochs	2.0
882.1121398566772	0.1449020999999675	epochs	3.0
882.2570419566772	0.14022320000003674	epochs	3.0
882.3972651566772	0.2675537999999733	epochs	2.0
882.3972651566772	0.1358368999999584	epochs	3.0
882.5331020566772	0.1317169000000149	epochs	3.0
882.6648189566772	0.2520229000000427	epochs	2.0
882.6648189566772	0.1278393000000051	epochs	3.0
882.7926582566772	0.12418360000003759	epochs	3.0
882.9168418566773	0.23819649999995818	epochs	2.0
882.9168418566773	0.12073109999994358	epochs	3.0
883.0375729566772	0.1174654000000146	epochs	3.0
883.1550383566772	0.2258087999999816	epochs	2.0
883.1550383566772	0.11437190000003739	epochs	3.0
883.2694102566772	0.11143689999994422	epochs	3.0
883.3808471566772	0.2146460000000161	epochs	2.0
883.3808471566772	0.10864890000004834	epochs	3.0
883.4894960566772	0.10599709999996776	epochs	3.0
883.5954931566772	0.20453500000007807	epochs	2.0
883.5954931566772	0.10347150000006877	epochs	3.0
883.6989646566773	0.1010635000000093	epochs	3.0
883.8000281566773	0.19533400000000256	epochs	2.0
883.8000281566773	0.09876509999992322	epochs	3.0
883.8987932566772	0.09656890000007934	epochs	3.0
883.9953621566773	0.18692529999998442	epochs	2.0
883.9953621566773	0.09446829999990314	epochs	3.0
884.0898304566772	0.09245700000008128	epochs	3.0
884.1822874566773	0.17921069999999872	epochs	2.0
884.1822874566773	0.09052959999996801	epochs	3.0
884.2728170566772	0.08868110000003071	epochs	3.0
884.3614981566773	0.17210769999996955	epochs	2.0
884.3614981566773	0.08690630000000965	epochs	3.0
884.4484044566773	0.0852013999999599	epochs	3.0
884.5336058566772	0.16554640000003928	epochs	2.0
884.5336058566772	0.08356189999994967	epochs	3.0
884.6171677566772	0.08198450000008961	epochs	3.0
884.6991522566773	0.15946709999991526	epochs	2.0
884.6991522566773	0.08046539999998004	epochs	3.0
884.7796176566773	0.07900169999993523	epochs	3.0
884.8586193566772	0.15381840000009106	epochs	2.0
884.8586193566772	0.07759010000006583	epochs	3.0
884.9362094566773	0.07622830000002523	epochs	3.0
885.0124377566773	0.14855639999996129	epochs	2.0
885.0124377566773	0.07491329999993468	epochs	3.0
885.0873510566772	0.0736431000000266	epochs	3.0
885.1609941566772	0.14364239999997608	epochs	2.0
885.1609941566772	0.07241499999997814	epochs	3.0
885.2334091566772	0.07122739999999794	epochs	3.0
885.3046365566772	0.13904309999998077	epochs	2.0
885.3046365566772	0.07007799999996678	epochs	3.0
885.3747145566772	0.06896510000001399	epochs	3.0
885.4436796566772	0.1347293000000036	epochs	2.0
885.4436796566772	0.0678871000000072	epochs	3.0
885.5115667566772	0.06684219999999641	epochs	3.0
885.5784089566772	0.1306752000000415	epochs	2.0
885.5784089566772	0.06582910000008724	epochs	3.0
885.6442380566773	0.06484609999995428	epochs	3.0
885.7090841566772	0.12685780000003888	epochs	2.0
885.7090841566772	0.06389200000000983	epochs	3.0
885.7729761566773	0.06296580000002905	epochs	3.0
885.8359419566773	0.12325720000001184	epochs	2.0
885.8359419566773	0.062065799999913907	epochs	3.0
885.8980077566772	0.06119140000009793	epochs	3.0
885.9591991566773	0.11985539999989214	epochs	2.0
885.9591991566773	0.060341099999959624	epochs	3.0
886.0195402566773	0.05951429999993252	epochs	3.0
886.0790545566772	0.11663620000001629	epochs	2.0
886.0790545566772	0.05870960000004288	epochs	3.0
886.1377641566772	0.057926599999973405	epochs	3.0
886.1956907566772	0.11358560000007856	epochs	2.0
886.1956907566772	0.05716419999998834	epochs	3.0
886.2528549566772	0.056421400000090216	epochs	3.0
886.3092763566773	0.11069049999991876	epochs	2.0
886.3092763566773	0.05569789999992736	epochs	3.0
886.3649742566772	0.0549925999999914	epochs	3.0
886.4199668566772	0.1079391000000669	epochs	2.0
886.4199668566772	0.05430490000003374	epochs	3.0
886.4742717566772	0.05363420000003316	epochs	3.0
886.5279059566773	0.10532149999994544	epochs	2.0
886.5279059566773	0.05297999999993408	epochs	3.0
886.5808859566772	0.052341500000011365	epochs	3.0
886.6332274566772	0.10282760000006874	epochs	2.0
886.6332274566772	0.05171810000001642	epochs	3.0
886.6849455566772	0.05110950000005232	epochs	3.0
886.7360550566773	0.10044909999999163	epochs	2.0
886.7360550566773	0.05051489999993919	epochs	3.0
886.7865699566772	0.04993420000005244	epochs	3.0
886.8365041566773	0.0981782999999723	epochs	2.0
886.8365041566773	0.04936659999998483	epochs	3.0
886.8858707566773	0.04881169999998747	epochs	3.0
886.9346824566773	0.09600779999993847	epochs	2.0
886.9346824566773	0.04826920000004975	epochs	3.0
886.9829516566773	0.04773859999988872	epochs	3.0
887.0306902566772	0.09393120000004274	epochs	2.0
887.0306902566772	0.04721950000009656	epochs	3.0
887.0779097566773	0.04671169999994618	epochs	3.0
887.1246214566772	0.09194260000003851	epochs	2.0
887.1246214566772	0.046214599999984785	epochs	3.0
887.1708360566772	0.045728000000053726	epochs	3.0
887.2165640566773	0.09003629999995155	epochs	2.0
887.2165640566773	0.045251499999949374	epochs	3.0
887.2618155566772	0.04478480000000218	epochs	3.0
887.3066003566772	0.08820760000003247	epochs	2.0
887.3066003566772	0.044327800000019124	epochs	3.0
887.3509281566772	0.04387980000001335	epochs	3.0
887.3948079566773	0.0864516999999978	epochs	2.0
887.3948079566773	0.04344100000002982	epochs	3.0
887.4382489566773	0.04301069999996798	epochs	3.0
887.4812596566773	0.08476429999996071	epochs	2.0
887.4812596566773	0.04258900000002086	epochs	3.0
887.5238486566773	0.04217529999993985	epochs	3.0
887.5660239566772	0.08314150000001064	epochs	2.0
887.5660239566772	0.04176970000003166	epochs	3.0
887.6077936566772	0.041371799999978975	epochs	3.0
887.6491654566772	0.08157970000002024	epochs	2.0
887.6491654566772	0.04098140000007788	epochs	3.0
887.6901468566773	0.040598299999942355	epochs	3.0
887.7307451566772	0.08007550000002084	epochs	2.0
887.7307451566772	0.04022229999998217	epochs	3.0
887.7709674566772	0.03985320000003867	epochs	3.0
887.8108206566773	0.07862569999997504	epochs	2.0
887.8108206566773	0.0394907999999532	epochs	3.0
887.8503114566772	0.039134900000021844	epochs	3.0
887.8894463566772	0.07722760000001472	epochs	2.0
887.8894463566772	0.038785400000051595	epochs	3.0
887.9282317566773	0.03844219999996312	epochs	3.0
887.9666739566773	0.07587820000003376	epochs	2.0
887.9666739566773	0.038104800000041905	epochs	3.0
888.0047787566773	0.03777339999999185	epochs	3.0
888.0425521566773	0.07457519999991291	epochs	2.0
888.0425521566773	0.03744769999991604	epochs	3.0
888.0799998566772	0.03712749999999687	epochs	3.0
888.1171273566772	0.07331629999998768	epochs	2.0
888.1171273566772	0.0368129000000863	epochs	3.0
888.1539402566773	0.036503399999901376	epochs	3.0
888.1904436566772	0.07209900000009384	epochs	2.0
888.1904436566772	0.03619910000008986	epochs	3.0
888.2266427566773	0.03589990000000398	epochs	3.0
888.2625426566773	0.07092169999998532	epochs	2.0
888.2625426566773	0.03560559999993984	epochs	3.0
888.2981482566772	0.03531610000004548	epochs	3.0
888.3334643566773	0.06978200000003199	epochs	2.0
888.3334643566773	0.03503119999993487	epochs	3.0
888.3684955566772	0.034750800000097115	epochs	3.0
888.4032463566773	0.06867859999999837	epochs	2.0
888.4032463566773	0.034475099999895065	epochs	3.0
888.4377214566772	0.034203500000103304	epochs	3.0
888.4719249566773	0.06760929999995824	epochs	2.0
888.4719249566773	0.033936199999970995	epochs	3.0
888.5058611566773	0.033673099999987244	epochs	3.0
888.5395342566773	0.06657289999998284	epochs	2.0
888.5395342566773	0.03341399999999339	epochs	3.0
888.5729482566773	0.033158899999989444	epochs	3.0
888.6061071566772	0.06556780000005347	epochs	2.0
888.6061071566772	0.032907700000009754	epochs	3.0
888.6390148566772	0.03266010000004371	epochs	3.0
888.6716749566773	0.06459259999996902	epochs	2.0
888.6716749566773	0.032416399999988244	epochs	3.0
888.7040913566773	0.03217619999998078	epochs	3.0
888.7362675566773	0.0636459999999488	epochs	2.0
888.7362675566773	0.03193959999998697	epochs	3.0
888.7682071566772	0.03170639999996183	epochs	3.0
888.7999135566772	0.0627266999999847	epochs	2.0
888.7999135566772	0.03147660000001906	epochs	3.0
888.8313901566772	0.03125009999996564	epochs	3.0
888.8626402566772	0.06183359999999993	epochs	2.0
888.8626402566772	0.031026900000028945	epochs	3.0
888.8936671566772	0.030806699999970988	epochs	3.0
888.9244738566772	0.06096560000003137	epochs	2.0
888.9244738566772	0.030589800000029754	epochs	3.0
888.9550636566772	0.030375800000001618	epochs	3.0
888.9854394566772	0.06012160000000222	epochs	2.0
888.9854394566772	0.030164900000045236	epochs	3.0
889.0156043566773	0.02995669999995698	epochs	3.0
889.0455610566772	0.05930069999999432	epochs	2.0
889.0455610566772	0.029751600000054168	epochs	3.0
889.0753126566773	0.029549099999940154	epochs	3.0
889.1048617566772	0.05850180000004457	epochs	2.0
889.1048617566772	0.02934940000000097	epochs	3.0
889.1342111566772	0.0291524000000436	epochs	3.0
889.1633635566773	0.05772419999993872	epochs	2.0
889.1633635566773	0.028957999999988715	epochs	3.0
889.1923215566773	0.028766199999950004	epochs	3.0
889.2210877566772	0.05696710000006533	epochs	2.0
889.2210877566772	0.028577000000041153	epochs	3.0
889.2496647566772	0.028390100000024177	epochs	3.0
889.2780548566773	0.05622949999997218	epochs	2.0
889.2780548566773	0.028205699999944045	epochs	3.0
889.3062605566772	0.028023800000028132	epochs	3.0
889.3342843566772	0.05551070000001346	epochs	2.0
889.3342843566772	0.027843999999959124	epochs	3.0
889.3621283566772	0.027666700000054334	epochs	3.0
889.3897950566773	0.054810200000019904	epochs	2.0
889.3897950566773	0.02749149999999645	epochs	3.0
889.4172865566773	0.027318700000023455	epochs	3.0
889.4446052566773	0.05412699999999404	epochs	2.0
889.4446052566773	0.027147799999966082	epochs	3.0
889.4717530566772	0.02697920000002796	epochs	3.0
889.4987322566773	0.053460699999959616	epochs	2.0
889.4987322566773	0.0268125999999711	epochs	3.0
889.5255448566772	0.026648099999988517	epochs	3.0
889.5521929566772	0.05281070000000909	epochs	2.0
889.5521929566772	0.026485600000000886	epochs	3.0
889.5786785566772	0.026325100000008206	epochs	3.0
889.6050036566772	0.05217619999996259	epochs	2.0
889.6050036566772	0.026166399999965506	epochs	3.0
889.6311700566772	0.026009799999997085	epochs	3.0
889.6571798566772	0.051556699999991906	epochs	2.0
889.6571798566772	0.025854800000047362	epochs	3.0
889.6830346566773	0.025701899999944544	epochs	3.0
889.7087365566772	0.050951900000086425	epochs	2.0
889.7087365566772	0.02555070000005344	epochs	3.0
889.7342872566772	0.025401200000032986	epochs	3.0
889.7596884566773	0.05036099999995258	epochs	2.0
889.7596884566773	0.025253499999962514	epochs	3.0
889.7849419566772	0.02510749999999007	epochs	3.0
889.8100494566772	0.049783800000000156	epochs	2.0
889.8100494566772	0.02496320000000196	epochs	3.0
889.8350126566772	0.024820599999998194	epochs	3.0
889.8598332566772	0.049219500000049266	epochs	2.0
889.8598332566772	0.024679399999968155	epochs	3.0
889.8845126566772	0.02454010000008111	epochs	3.0
889.9090527566773	0.048667899999941255	epochs	2.0
889.9090527566773	0.02440209999997478	epochs	3.0
889.9334548566773	0.024265799999966475	epochs	3.0
889.9577206566772	0.04812860000004093	epochs	2.0
889.9577206566772	0.024131000000011227	epochs	3.0
889.9818516566772	0.023997600000029706	epochs	3.0
890.0058492566773	0.04760109999995166	epochs	2.0
890.0058492566773	0.023865799999953197	epochs	3.0
890.0297150566772	0.02373529999999846	epochs	3.0
890.0534503566772	0.047085000000038235	epochs	2.0
890.0534503566772	0.023606299999983094	epochs	3.0
890.0770566566772	0.02347870000005514	epochs	3.0
890.1005353566773	0.046579999999948996	epochs	2.0
890.1005353566773	0.02335249999998723	epochs	3.0
890.1238878566772	0.023227499999961765	epochs	3.0
890.1471153566772	0.046085700000048746	epochs	2.0
890.1471153566772	0.023103999999989355	epochs	3.0
890.1702193566772	0.02298170000005939	epochs	3.0
890.1932010566773	0.045601799999985815	epochs	2.0
890.1932010566773	0.022860700000023826	epochs	3.0
890.2160617566773	0.02274109999996199	epochs	3.0
890.2388028566772	0.04512790000001132	epochs	2.0
890.2388028566772	0.022622500000011314	epochs	3.0
890.2614253566773	0.02250540000000001	epochs	3.0
890.2839307566773	0.044663799999966614	epochs	2.0
890.2839307566773	0.02238929999998618	epochs	3.0
890.3063200566772	0.022274499999980435	epochs	3.0
890.3285945566772	0.04420920000006845	epochs	2.0
890.3285945566772	0.022160800000051495	epochs	3.0
890.3507553566773	0.022048400000016954	epochs	3.0
890.3728037566773	0.04376359999992019	epochs	2.0
890.3728037566773	0.021936900000014248	epochs	3.0
890.3947406566773	0.02182669999990594	epochs	3.0
890.4165673566772	0.04332710000005591	epochs	2.0
890.4165673566772	0.021717599999988124	epochs	3.0
890.4382849566772	0.021609500000067783	epochs	3.0
890.4598944566773	0.04289900000003399	epochs	2.0
890.4598944566773	0.02150249999999687	epochs	3.0
890.4813969566773	0.021396500000037122	epochs	3.0
890.5027934566773	0.04247949999989942	epochs	2.0
890.5027934566773	0.02129170000000613	epochs	3.0
890.5240851566773	0.021187799999893286	epochs	3.0
890.5452729566772	0.042067900000006375	epochs	2.0
890.5452729566772	0.02108490000000529	epochs	3.0
890.5663578566772	0.020983000000001084	epochs	3.0
890.5873408566772	0.04166440000005878	epochs	2.0
890.5873408566772	0.02088220000007368	epochs	3.0
890.6082230566773	0.020782199999985096	epochs	3.0
890.6290052566773	0.04126850000000104	epochs	2.0
890.6290052566773	0.020683299999973315	epochs	3.0
890.6496885566772	0.020585200000027726	epochs	3.0
890.6702737566773	0.04088000000001557	epochs	2.0
890.6702737566773	0.020488099999965925	epochs	3.0
890.6907618566772	0.020391900000049645	epochs	3.0
890.7111537566773	0.04049880000002304	epochs	2.0
890.7111537566773	0.020296599999937825	epochs	3.0
890.7314503566772	0.020202200000085213	epochs	3.0
890.7516525566773	0.040124599999899146	epochs	2.0
890.7516525566773	0.020108699999923374	epochs	3.0
890.7717612566772	0.020015899999975773	epochs	3.0
890.7917771566772	0.03975730000001931	epochs	2.0
890.7917771566772	0.019924200000104975	epochs	3.0
890.8117013566773	0.01983309999991434	epochs	3.0
890.8315344566772	0.03939669999999751	epochs	2.0
890.8315344566772	0.01974300000006224	epochs	3.0
890.8512774566773	0.01965369999993527	epochs	3.0
890.8709311566772	0.039042400000084854	epochs	2.0
890.8709311566772	0.01956510000002254	epochs	3.0
890.8904962566772	0.019477300000062314	epochs	3.0
890.9099735566773	0.03869459999998526	epochs	2.0
890.9099735566773	0.01939039999990655	epochs	3.0
890.9293639566772	0.01930420000007871	epochs	3.0
890.9486681566773	0.03835289999994984	epochs	2.0
890.9486681566773	0.019218799999976	epochs	3.0
890.9678869566773	0.01913409999997384	epochs	3.0
890.9870210566772	0.03801720000001296	epochs	2.0
890.9870210566772	0.019050200000037876	epochs	3.0
891.0060712566773	0.018966999999975087	epochs	3.0
891.0250382566772	0.037687200000050325	epochs	2.0
891.0250382566772	0.01888450000001285	epochs	3.0
891.0439227566773	0.018802700000037476	epochs	3.0
891.0627254566773	0.03736309999999321	epochs	2.0
891.0627254566773	0.01872169999990092	epochs	3.0
891.0814471566772	0.01864140000009229	epochs	3.0
891.1000885566773	0.03704429999993408	epochs	2.0
891.1000885566773	0.01856159999999818	epochs	3.0
891.1186501566773	0.018482699999935903	epochs	3.0
891.1371328566772	0.0367310000000316	epochs	2.0
891.1371328566772	0.018404300000042895	epochs	3.0
891.1555371566773	0.018326699999988705	epochs	3.0
891.1738638566773	0.03642289999993409	epochs	2.0
891.1738638566773	0.018249599999990096	epochs	3.0
891.1921134566772	0.018173299999943993	epochs	3.0
891.2102867566772	0.03612010000006194	epochs	2.0
891.2102867566772	0.0180976000000328	epochs	3.0
891.2283843566772	0.01802250000002914	epochs	3.0
891.2464068566773	0.03582210000001851	epochs	2.0
891.2464068566773	0.017947899999967376	epochs	3.0
891.2643547566772	0.017874200000051133	epochs	3.0
891.2822289566773	0.03552899999999681	epochs	2.0
891.2822289566773	0.017800800000031813	epochs	3.0
891.3000297566773	0.017728199999965	epochs	3.0
891.3177579566773	0.03524070000003121	epochs	2.0
891.3177579566773	0.017656099999953767	epochs	3.0
891.3354140566772	0.017584600000077444	epochs	3.0
891.3529986566773	0.03495709999992869	epochs	2.0
891.3529986566773	0.01751369999999497	epochs	3.0
891.3705123566773	0.017443399999933717	epochs	3.0
891.3879557566772	0.03467790000001969	epochs	2.0
891.3879557566772	0.017373600000041733	epochs	3.0
891.4053293566773	0.017304299999977957	epochs	3.0
891.4226336566772	0.03440330000000813	epochs	2.0
891.4226336566772	0.01723570000001473	epochs	3.0
891.4398693566773	0.0171675999999934	epochs	3.0
891.4570369566773	0.03413279999995211	epochs	2.0
891.4570369566773	0.01709989999994832	epochs	3.0
891.4741368566772	0.017032900000003792	epochs	3.0
891.4911697566772	0.03386670000008962	epochs	2.0
891.4911697566772	0.01696640000000116	epochs	3.0
891.5081361566772	0.016900300000088464	epochs	3.0
891.5250364566773	0.03360459999998966	epochs	2.0
891.5250364566773	0.01683479999996962	epochs	3.0
891.5418712566773	0.01676980000002004	epochs	3.0
891.5586410566773	0.033346599999958926	epochs	2.0
891.5586410566773	0.016705300000012357	epochs	3.0
891.5753463566773	0.01664129999994657	epochs	3.0
891.5919876566772	0.03309249999995245	epochs	2.0
891.5919876566772	0.016577800000050047	epochs	3.0
891.6085654566773	0.016514699999902405	epochs	3.0
891.6250801566772	0.032842300000083924	epochs	2.0
891.6250801566772	0.01645220000000336	epochs	3.0
891.6415323566772	0.016390100000080565	epochs	3.0
891.6579224566773	0.03259570000000167	epochs	2.0
891.6579224566773	0.01632839999990665	epochs	3.0
891.6742508566772	0.01626730000009502	epochs	3.0
891.6905181566773	0.032352899999978035	epochs	2.0
891.6905181566773	0.01620659999991858	epochs	3.0
891.7067247566772	0.016146300000059455	epochs	3.0
891.7228710566773	0.03211369999996805	epochs	2.0
891.7228710566773	0.016086599999994178	epochs	3.0
891.7389576566773	0.01602709999997387	epochs	3.0
891.7549847566772	0.03187800000000607	epochs	2.0
891.7549847566772	0.015968199999974786	epochs	3.0
891.7709529566772	0.015909800000031282	epochs	3.0
891.7868627566772	0.031645700000012766	epochs	2.0
891.7868627566772	0.01585160000001906	epochs	3.0
891.8027143566773	0.015794099999993705	epochs	3.0
891.8185084566773	0.0314167000000225	epochs	2.0
891.8185084566773	0.015736700000047676	epochs	3.0
891.8342451566773	0.015679999999974825	epochs	3.0
891.8499251566773	0.031191100000000915	epochs	2.0
891.8499251566773	0.015623600000026272	epochs	3.0
891.8655487566773	0.015567499999974643	epochs	3.0
891.8811162566773	0.030968700000016725	epochs	2.0
891.8811162566773	0.015511999999944237	epochs	3.0
891.8966282566772	0.015456700000072487	epochs	3.0
891.9120849566773	0.030749499999956242	epochs	2.0
891.9120849566773	0.015401999999994587	epochs	3.0
891.9274869566773	0.015347499999961656	epochs	3.0
891.9428344566772	0.03053320000003623	epochs	2.0
891.9428344566772	0.015293400000018664	epochs	3.0
891.9581278566773	0.015239800000017567	epochs	3.0
891.9733676566773	0.030320099999926242	epochs	2.0
891.9733676566773	0.015186499999913394	epochs	3.0
891.9885541566772	0.015133600000012848	epochs	3.0
892.0036877566772	0.03010990000007041	epochs	2.0
892.0036877566772	0.015081000000009226	epochs	3.0
892.0187687566772	0.015028900000061185	epochs	3.0
892.0337976566773	0.029902499999934662	epochs	2.0
892.0337976566773	0.01497699999993074	epochs	3.0
892.0487746566772	0.014925500000003922	epochs	3.0
892.0637001566772	0.029698100000018712	epochs	2.0
892.0637001566772	0.014874400000053356	epochs	3.0
892.0785745566773	0.014823699999965356	epochs	3.0
892.0933982566772	0.02949630000000525	epochs	2.0
892.0933982566772	0.014773200000036013	epochs	3.0
892.1081714566773	0.014723099999969236	epochs	3.0
892.1228945566772	0.02929740000001857	epochs	2.0
892.1228945566772	0.014673399999992398	epochs	3.0
892.1375679566772	0.014624000000026172	epochs	3.0
892.1521919566773	0.029101099999934377	epochs	2.0
892.1521919566773	0.01457489999995687	epochs	3.0
892.1667668566772	0.014526199999977507	epochs	3.0
892.1812930566772	0.02890740000009373	epochs	2.0
892.1812930566772	0.014477700000043114	epochs	3.0
892.1957707566772	0.014429700000050616	epochs	3.0
892.2102004566773	0.028716199999962555	epochs	2.0
892.2102004566773	0.014381799999910072	epochs	3.0
892.2245822566772	0.014334400000052483	epochs	3.0
892.2389166566772	0.02852759999996124	epochs	2.0
892.2389166566772	0.01428720000001249	epochs	3.0
892.2532038566773	0.01424039999994875	epochs	3.0
892.2674442566772	0.028341400000044814	epochs	2.0
892.2674442566772	0.014193800000043666	epochs	3.0
892.2816380566773	0.014147600000001148	epochs	3.0
892.2957856566773	0.028157699999951546	epochs	2.0
892.2957856566773	0.014101699999969242	epochs	3.0
892.3098873566772	0.014055999999982305	epochs	3.0
892.3239433566772	0.027976300000091214	epochs	2.0
892.3239433566772	0.01401060000000598	epochs	3.0
892.3379539566772	0.013965700000085235	epochs	3.0
892.3519196566773	0.027797199999895383	epochs	2.0
892.3519196566773	0.013920799999937117	epochs	3.0
892.3658404566772	0.013876399999958267	epochs	3.0
892.3797168566772	0.027620400000046175	epochs	2.0
892.3797168566772	0.013832200000024386	epochs	3.0
892.3935490566772	0.013788200000021789	epochs	3.0
892.4073372566772	0.027445899999975154	epochs	2.0
892.4073372566772	0.013744599999995444	epochs	3.0
892.4210818566772	0.01370129999997971	epochs	3.0
892.4347831566772	0.027273499999978412	epochs	2.0
892.4347831566772	0.013658200000008947	epochs	3.0
892.4484413566772	0.013615299999969466	epochs	3.0
892.4620566566772	0.02710340000010092	epochs	2.0
892.4620566566772	0.013572800000019924	epochs	3.0
892.4756294566772	0.013530600000080995	epochs	3.0
892.4891600566773	0.026935199999911674	epochs	2.0
892.4891600566773	0.01348839999991469	epochs	3.0
892.5026484566772	0.013446799999996983	epochs	3.0
892.5160952566772	0.026769199999989723	epochs	2.0
892.5160952566772	0.013405200000079276	epochs	3.0
892.5295004566773	0.013363999999910448	epochs	3.0
892.5428644566772	0.026605200000062723	epochs	2.0
892.5428644566772	0.013322900000048321	epochs	3.0
892.5561873566772	0.013282300000014402	epochs	3.0
892.5694696566773	0.026443200000016986	epochs	2.0
892.5694696566773	0.013241699999980483	epochs	3.0
892.5827113566772	0.013201500000036503	epochs	3.0
892.5959128566773	0.0262831999999662	epochs	2.0
892.5959128566773	0.013161500000023807	epochs	3.0
892.6090743566773	0.013121699999942393	epochs	3.0
892.6221960566772	0.02612499999997908	epochs	2.0
892.6221960566772	0.013082100000019636	epochs	3.0
892.6352781566773	0.013042899999959445	epochs	3.0
892.6483210566772	0.025968900000066242	epochs	2.0
892.6483210566772	0.01300390000005791	epochs	3.0
892.6613249566773	0.012965000000008331	epochs	3.0
892.6742899566773	0.025814499999910367	epochs	2.0
892.6742899566773	0.012926399999969362	epochs	3.0
892.6872163566773	0.012888099999941005	epochs	3.0
892.7001044566772	0.025661900000045534	epochs	2.0
892.7001044566772	0.012849900000105663	epochs	3.0
892.7129543566773	0.012811999999939871	epochs	3.0
892.7257663566772	0.025511199999982637	epochs	2.0
892.7257663566772	0.012774400000012065	epochs	3.0
892.7385407566773	0.012736799999970572	epochs	3.0
892.7512775566772	0.025362299999983406	epochs	2.0
892.7512775566772	0.01269969999998466	epochs	3.0
892.7639772566772	0.012662599999998747	epochs	3.0
892.7766398566772	0.025215000000002874	epochs	2.0
892.7766398566772	0.012625800000023446	epochs	3.0
892.7892656566772	0.012589199999979428	epochs	3.0
892.8018548566772	0.024584800000070572	epochs	2.0
892.8256073566772	0.5	epochs	-1.0
892.8264396566773	0.9999199999999746	epochs	1.0
893.3256073566772	0.5	epochs	-1.0
894.2889995574951	0.09136000000000877	epochs	0.0
894.2889995574951	0.04068259999996826	epochs	1.0
894.3296821574951	0.009994800000072246	epochs	1.0
894.3396769574952	0.04068259999996826	epochs	1.0
894.3804395574952	2.0	epochs	0.0
896.3804072574951	0.5	epochs	-1.0
896.3804395574952	0.5083199999999124	epochs	0.0
896.3804395574952	0.5083199999999124	epochs	1.0
896.8804072574951	0.008352299999955903	epochs	-1.0
896.8887595574951	21.491600000000062	epochs	0.0
898.1619997024536	0.09136000000000877	epochs	0.0
898.1619997024536	0.04068259999996826	epochs	1.0
898.2026823024536	0.009994800000072246	epochs	1.0
898.2126771024537	0.04068259999996826	epochs	1.0
898.2534397024536	2.0	epochs	0.0
900.2534074024536	0.5	epochs	-1.0
900.2534397024536	21.999919999999975	epochs	0.0
900.2534397024536	1.0	epochs	1.0
900.7534074024536	19.999199999999973	epochs	-1.0
901.2534397024536	20.0	epochs	1.0
901.2534397024536	4.356753899999944	epochs	-1.0
901.2534397024536	1.9745871999999736	epochs	2.0
901.2534397024536	1.0985621999999466	epochs	3.0
902.3520019024536	0.8760250000000269	epochs	3.0
903.2280269024536	1.3524075000000266	epochs	2.0
903.2280269024536	0.7286354999999958	epochs	3.0
903.9566624024536	0.6237720000000309	epochs	3.0
904.5804344024536	1.029759199999944	epochs	2.0
904.5804344024536	0.5453292999999348	epochs	3.0
905.1257637024536	0.4844299000000092	epochs	3.0
905.6101936024536	0.8317862000000105	epochs	2.0
905.6101936024536	0.4357763000000432	epochs	3.0
906.0459699024536	0.3960098999999673	epochs	3.0
906.4419798024536	0.6977970000000369	epochs	2.0
906.4419798024536	0.3628982000000178	epochs	3.0
906.8048780024536	0.33489880000001904	epochs	3.0
907.1397768024536	0.601045699999986	epochs	2.0
907.1397768024536	0.3109122999999272	epochs	3.0
907.4506891024536	0.2901334000000588	epochs	3.0
907.7408225024536	0.5278859000000011	epochs	2.0
907.7408225024536	0.2719585999999481	epochs	3.0
908.0127811024536	0.25592730000005304	epochs	3.0
908.2687084024536	0.470619299999953	epochs	2.0
908.2687084024536	0.241681299999982	epochs	3.0
908.5103897024536	0.228937999999971	epochs	3.0
908.7393277024536	0.42457039999999324	epochs	2.0
908.7393277024536	0.21747140000002219	epochs	3.0
908.9567991024536	0.20709899999997106	epochs	3.0
909.1638981024536	0.3867354000000205	epochs	2.0
909.1638981024536	0.19767110000009325	epochs	3.0
909.3615692024537	0.18906429999992724	epochs	3.0
909.5506335024536	0.3550953000000163	epochs	2.0
909.5506335024536	0.18117589999997108	epochs	3.0
909.7318094024536	0.17391940000004524	epochs	3.0
909.9057288024536	0.3282431000000088	epochs	2.0
909.9057288024536	0.16722189999995862	epochs	3.0
910.0729507024536	0.16102120000005016	epochs	3.0
910.2339719024536	0.30516799999998057	epochs	2.0
910.2339719024536	0.15526390000002266	epochs	3.0
910.3892358024536	0.1499040999999579	epochs	3.0
910.5391399024536	0.28512530000000424	epochs	2.0
910.5391399024536	0.1449020999999675	epochs	3.0
910.6840420024536	0.14022320000003674	epochs	3.0
910.8242652024536	0.2675537999999733	epochs	2.0
910.8242652024536	0.1358368999999584	epochs	3.0
910.9601021024536	0.1317169000000149	epochs	3.0
911.0918190024536	0.2520229000000427	epochs	2.0
911.0918190024536	0.1278393000000051	epochs	3.0
911.2196583024536	0.12418360000003759	epochs	3.0
911.3438419024536	0.23819649999995818	epochs	2.0
911.3438419024536	0.12073109999994358	epochs	3.0
911.4645730024536	0.1174654000000146	epochs	3.0
911.5820384024536	0.2258087999999816	epochs	2.0
911.5820384024536	0.11437190000003739	epochs	3.0
911.6964103024536	0.11143689999994422	epochs	3.0
911.8078472024536	0.2146460000000161	epochs	2.0
911.8078472024536	0.10864890000004834	epochs	3.0
911.9164961024536	0.10599709999996776	epochs	3.0
912.0224932024536	0.20453500000007807	epochs	2.0
912.0224932024536	0.10347150000006877	epochs	3.0
912.1259647024536	0.1010635000000093	epochs	3.0
912.2270282024537	0.19533400000000256	epochs	2.0
912.2270282024537	0.09876509999992322	epochs	3.0
912.3257933024536	0.09656890000007934	epochs	3.0
912.4223622024537	0.18692529999998442	epochs	2.0
912.4223622024537	0.09446829999990314	epochs	3.0
912.5168305024536	0.09245700000008128	epochs	3.0
912.6092875024536	0.17921069999999872	epochs	2.0
912.6092875024536	0.09052959999996801	epochs	3.0
912.6998171024536	0.08868110000003071	epochs	3.0
912.7884982024536	0.17210769999996955	epochs	2.0
912.7884982024536	0.08690630000000965	epochs	3.0
912.8754045024536	0.0852013999999599	epochs	3.0
912.9606059024536	0.16554640000003928	epochs	2.0
912.9606059024536	0.08356189999994967	epochs	3.0
913.0441678024536	0.08198450000008961	epochs	3.0
913.1261523024536	0.15946709999991526	epochs	2.0
913.1261523024536	0.08046539999998004	epochs	3.0
913.2066177024536	0.07900169999993523	epochs	3.0
913.2856194024536	0.15381840000009106	epochs	2.0
913.2856194024536	0.07759010000006583	epochs	3.0
913.3632095024536	0.07622830000002523	epochs	3.0
913.4394378024537	0.14855639999996129	epochs	2.0
913.4394378024537	0.07491329999993468	epochs	3.0
913.5143511024536	0.0736431000000266	epochs	3.0
913.5879942024536	0.14364239999997608	epochs	2.0
913.5879942024536	0.07241499999997814	epochs	3.0
913.6604092024536	0.07122739999999794	epochs	3.0
913.7316366024536	0.13904309999998077	epochs	2.0
913.7316366024536	0.07007799999996678	epochs	3.0
913.8017146024536	0.06896510000001399	epochs	3.0
913.8706797024536	0.1347293000000036	epochs	2.0
913.8706797024536	0.0678871000000072	epochs	3.0
913.9385668024536	0.06684219999999641	epochs	3.0
914.0054090024536	0.1306752000000415	epochs	2.0
914.0054090024536	0.06582910000008724	epochs	3.0
914.0712381024537	0.06484609999995428	epochs	3.0
914.1360842024536	0.12685780000003888	epochs	2.0
914.1360842024536	0.06389200000000983	epochs	3.0
914.1999762024536	0.06296580000002905	epochs	3.0
914.2629420024537	0.12325720000001184	epochs	2.0
914.2629420024537	0.062065799999913907	epochs	3.0
914.3250078024536	0.06119140000009793	epochs	3.0
914.3861992024537	0.11985539999989214	epochs	2.0
914.3861992024537	0.060341099999959624	epochs	3.0
914.4465403024536	0.05951429999993252	epochs	3.0
914.5060546024536	0.11663620000001629	epochs	2.0
914.5060546024536	0.05870960000004288	epochs	3.0
914.5647642024536	0.057926599999973405	epochs	3.0
914.6226908024536	0.11358560000007856	epochs	2.0
914.6226908024536	0.05716419999998834	epochs	3.0
914.6798550024536	0.056421400000090216	epochs	3.0
914.7362764024537	0.11069049999991876	epochs	2.0
914.7362764024537	0.05569789999992736	epochs	3.0
914.7919743024536	0.0549925999999914	epochs	3.0
914.8469669024536	0.1079391000000669	epochs	2.0
914.8469669024536	0.05430490000003374	epochs	3.0
914.9012718024536	0.05363420000003316	epochs	3.0
914.9549060024536	0.10532149999994544	epochs	2.0
914.9549060024536	0.05297999999993408	epochs	3.0
915.0078860024536	0.052341500000011365	epochs	3.0
915.0602275024536	0.10282760000006874	epochs	2.0
915.0602275024536	0.05171810000001642	epochs	3.0
915.1119456024536	0.05110950000005232	epochs	3.0
915.1630551024537	0.10044909999999163	epochs	2.0
915.1630551024537	0.05051489999993919	epochs	3.0
915.2135700024536	0.04993420000005244	epochs	3.0
915.2635042024536	0.0981782999999723	epochs	2.0
915.2635042024536	0.04936659999998483	epochs	3.0
915.3128708024536	0.04881169999998747	epochs	3.0
915.3616825024536	0.09600779999993847	epochs	2.0
915.3616825024536	0.04826920000004975	epochs	3.0
915.4099517024537	0.04773859999988872	epochs	3.0
915.4576903024536	0.09393120000004274	epochs	2.0
915.4576903024536	0.04721950000009656	epochs	3.0
915.5049098024537	0.04671169999994618	epochs	3.0
915.5516215024536	0.09194260000003851	epochs	2.0
915.5516215024536	0.046214599999984785	epochs	3.0
915.5978361024536	0.045728000000053726	epochs	3.0
915.6435641024536	0.09003629999995155	epochs	2.0
915.6435641024536	0.045251499999949374	epochs	3.0
915.6888156024536	0.04478480000000218	epochs	3.0
915.7336004024536	0.08820760000003247	epochs	2.0
915.7336004024536	0.044327800000019124	epochs	3.0
915.7779282024536	0.04387980000001335	epochs	3.0
915.8218080024536	0.0864516999999978	epochs	2.0
915.8218080024536	0.04344100000002982	epochs	3.0
915.8652490024537	0.04301069999996798	epochs	3.0
915.9082597024536	0.08476429999996071	epochs	2.0
915.9082597024536	0.04258900000002086	epochs	3.0
915.9508487024536	0.04217529999993985	epochs	3.0
915.9930240024536	0.08314150000001064	epochs	2.0
915.9930240024536	0.04176970000003166	epochs	3.0
916.0347937024536	0.041371799999978975	epochs	3.0
916.0761655024536	0.08157970000002024	epochs	2.0
916.0761655024536	0.04098140000007788	epochs	3.0
916.1171469024537	0.040598299999942355	epochs	3.0
916.1577452024536	0.08007550000002084	epochs	2.0
916.1577452024536	0.04022229999998217	epochs	3.0
916.1979675024536	0.03985320000003867	epochs	3.0
916.2378207024536	0.07862569999997504	epochs	2.0
916.2378207024536	0.0394907999999532	epochs	3.0
916.2773115024536	0.039134900000021844	epochs	3.0
916.3164464024536	0.07722760000001472	epochs	2.0
916.3164464024536	0.038785400000051595	epochs	3.0
916.3552318024537	0.03844219999996312	epochs	3.0
916.3936740024536	0.07587820000003376	epochs	2.0
916.3936740024536	0.038104800000041905	epochs	3.0
916.4317788024537	0.03777339999999185	epochs	3.0
916.4695522024537	0.07457519999991291	epochs	2.0
916.4695522024537	0.03744769999991604	epochs	3.0
916.5069999024536	0.03712749999999687	epochs	3.0
916.5441274024536	0.07331629999998768	epochs	2.0
916.5441274024536	0.0368129000000863	epochs	3.0
916.5809403024537	0.036503399999901376	epochs	3.0
916.6174437024536	0.07209900000009384	epochs	2.0
916.6174437024536	0.03619910000008986	epochs	3.0
916.6536428024536	0.03589990000000398	epochs	3.0
916.6895427024537	0.07092169999998532	epochs	2.0
916.6895427024537	0.03560559999993984	epochs	3.0
916.7251483024536	0.03531610000004548	epochs	3.0
916.7604644024536	0.06978200000003199	epochs	2.0
916.7604644024536	0.03503119999993487	epochs	3.0
916.7954956024536	0.034750800000097115	epochs	3.0
916.8302464024537	0.06867859999999837	epochs	2.0
916.8302464024537	0.034475099999895065	epochs	3.0
916.8647215024536	0.034203500000103304	epochs	3.0
916.8989250024537	0.06760929999995824	epochs	2.0
916.8989250024537	0.033936199999970995	epochs	3.0
916.9328612024536	0.033673099999987244	epochs	3.0
916.9665343024536	0.06657289999998284	epochs	2.0
916.9665343024536	0.03341399999999339	epochs	3.0
916.9999483024536	0.033158899999989444	epochs	3.0
917.0331072024536	0.06556780000005347	epochs	2.0
917.0331072024536	0.032907700000009754	epochs	3.0
917.0660149024536	0.03266010000004371	epochs	3.0
917.0986750024537	0.06459259999996902	epochs	2.0
917.0986750024537	0.032416399999988244	epochs	3.0
917.1310914024536	0.03217619999998078	epochs	3.0
917.1632676024536	0.0636459999999488	epochs	2.0
917.1632676024536	0.03193959999998697	epochs	3.0
917.1952072024536	0.03170639999996183	epochs	3.0
917.2269136024536	0.0627266999999847	epochs	2.0
917.2269136024536	0.03147660000001906	epochs	3.0
917.2583902024536	0.03125009999996564	epochs	3.0
917.2896403024536	0.06183359999999993	epochs	2.0
917.2896403024536	0.031026900000028945	epochs	3.0
917.3206672024536	0.030806699999970988	epochs	3.0
917.3514739024536	0.06096560000003137	epochs	2.0
917.3514739024536	0.030589800000029754	epochs	3.0
917.3820637024536	0.030375800000001618	epochs	3.0
917.4124395024536	0.06012160000000222	epochs	2.0
917.4124395024536	0.030164900000045236	epochs	3.0
917.4426044024536	0.02995669999995698	epochs	3.0
917.4725611024536	0.05930069999999432	epochs	2.0
917.4725611024536	0.029751600000054168	epochs	3.0
917.5023127024537	0.029549099999940154	epochs	3.0
917.5318618024536	0.05850180000004457	epochs	2.0
917.5318618024536	0.02934940000000097	epochs	3.0
917.5612112024536	0.0291524000000436	epochs	3.0
917.5903636024536	0.05772419999993872	epochs	2.0
917.5903636024536	0.028957999999988715	epochs	3.0
917.6193216024536	0.028766199999950004	epochs	3.0
917.6480878024536	0.05696710000006533	epochs	2.0
917.6480878024536	0.028577000000041153	epochs	3.0
917.6766648024536	0.028390100000024177	epochs	3.0
917.7050549024536	0.05622949999997218	epochs	2.0
917.7050549024536	0.028205699999944045	epochs	3.0
917.7332606024536	0.028023800000028132	epochs	3.0
917.7612844024536	0.05551070000001346	epochs	2.0
917.7612844024536	0.027843999999959124	epochs	3.0
917.7891284024536	0.027666700000054334	epochs	3.0
917.8167951024536	0.054810200000019904	epochs	2.0
917.8167951024536	0.02749149999999645	epochs	3.0
917.8442866024536	0.027318700000023455	epochs	3.0
917.8716053024536	0.05412699999999404	epochs	2.0
917.8716053024536	0.027147799999966082	epochs	3.0
917.8987531024536	0.02697920000002796	epochs	3.0
917.9257323024536	0.053460699999959616	epochs	2.0
917.9257323024536	0.0268125999999711	epochs	3.0
917.9525449024536	0.026648099999988517	epochs	3.0
917.9791930024536	0.05281070000000909	epochs	2.0
917.9791930024536	0.026485600000000886	epochs	3.0
918.0056786024536	0.026325100000008206	epochs	3.0
918.0320037024536	0.05217619999996259	epochs	2.0
918.0320037024536	0.026166399999965506	epochs	3.0
918.0581701024536	0.026009799999997085	epochs	3.0
918.0841799024536	0.051556699999991906	epochs	2.0
918.0841799024536	0.025854800000047362	epochs	3.0
918.1100347024536	0.025701899999944544	epochs	3.0
918.1357366024536	0.050951900000086425	epochs	2.0
918.1357366024536	0.02555070000005344	epochs	3.0
918.1612873024536	0.025401200000032986	epochs	3.0
918.1866885024536	0.05036099999995258	epochs	2.0
918.1866885024536	0.025253499999962514	epochs	3.0
918.2119420024536	0.02510749999999007	epochs	3.0
918.2370495024536	0.049783800000000156	epochs	2.0
918.2370495024536	0.02496320000000196	epochs	3.0
918.2620127024536	0.024820599999998194	epochs	3.0
918.2868333024536	0.049219500000049266	epochs	2.0
918.2868333024536	0.024679399999968155	epochs	3.0
918.3115127024536	0.02454010000008111	epochs	3.0
918.3360528024537	0.048667899999941255	epochs	2.0
918.3360528024537	0.02440209999997478	epochs	3.0
918.3604549024536	0.024265799999966475	epochs	3.0
918.3847207024536	0.04812860000004093	epochs	2.0
918.3847207024536	0.024131000000011227	epochs	3.0
918.4088517024536	0.023997600000029706	epochs	3.0
918.4328493024536	0.04760109999995166	epochs	2.0
918.4328493024536	0.023865799999953197	epochs	3.0
918.4567151024536	0.02373529999999846	epochs	3.0
918.4804504024536	0.047085000000038235	epochs	2.0
918.4804504024536	0.023606299999983094	epochs	3.0
918.5040567024536	0.02347870000005514	epochs	3.0
918.5275354024536	0.046579999999948996	epochs	2.0
918.5275354024536	0.02335249999998723	epochs	3.0
918.5508879024536	0.023227499999961765	epochs	3.0
918.5741154024536	0.046085700000048746	epochs	2.0
918.5741154024536	0.023103999999989355	epochs	3.0
918.5972194024536	0.02298170000005939	epochs	3.0
918.6202011024536	0.045601799999985815	epochs	2.0
918.6202011024536	0.022860700000023826	epochs	3.0
918.6430618024536	0.02274109999996199	epochs	3.0
918.6658029024536	0.04512790000001132	epochs	2.0
918.6658029024536	0.022622500000011314	epochs	3.0
918.6884254024536	0.02250540000000001	epochs	3.0
918.7109308024536	0.044663799999966614	epochs	2.0
918.7109308024536	0.02238929999998618	epochs	3.0
918.7333201024536	0.022274499999980435	epochs	3.0
918.7555946024536	0.04420920000006845	epochs	2.0
918.7555946024536	0.022160800000051495	epochs	3.0
918.7777554024536	0.022048400000016954	epochs	3.0
918.7998038024537	0.04376359999992019	epochs	2.0
918.7998038024537	0.021936900000014248	epochs	3.0
918.8217407024537	0.02182669999990594	epochs	3.0
918.8435674024536	0.04332710000005591	epochs	2.0
918.8435674024536	0.021717599999988124	epochs	3.0
918.8652850024536	0.021609500000067783	epochs	3.0
918.8868945024536	0.04289900000003399	epochs	2.0
918.8868945024536	0.02150249999999687	epochs	3.0
918.9083970024536	0.021396500000037122	epochs	3.0
918.9297935024537	0.04247949999989942	epochs	2.0
918.9297935024537	0.02129170000000613	epochs	3.0
918.9510852024537	0.021187799999893286	epochs	3.0
918.9722730024536	0.042067900000006375	epochs	2.0
918.9722730024536	0.02108490000000529	epochs	3.0
918.9933579024536	0.020983000000001084	epochs	3.0
919.0143409024536	0.04166440000005878	epochs	2.0
919.0143409024536	0.02088220000007368	epochs	3.0
919.0352231024536	0.020782199999985096	epochs	3.0
919.0560053024536	0.04126850000000104	epochs	2.0
919.0560053024536	0.020683299999973315	epochs	3.0
919.0766886024536	0.020585200000027726	epochs	3.0
919.0972738024536	0.04088000000001557	epochs	2.0
919.0972738024536	0.020488099999965925	epochs	3.0
919.1177619024536	0.020391900000049645	epochs	3.0
919.1381538024536	0.04049880000002304	epochs	2.0
919.1381538024536	0.020296599999937825	epochs	3.0
919.1584504024536	0.020202200000085213	epochs	3.0
919.1786526024537	0.040124599999899146	epochs	2.0
919.1786526024537	0.020108699999923374	epochs	3.0
919.1987613024536	0.020015899999975773	epochs	3.0
919.2187772024536	0.03975730000001931	epochs	2.0
919.2187772024536	0.019924200000104975	epochs	3.0
919.2387014024537	0.01983309999991434	epochs	3.0
919.2585345024536	0.03939669999999751	epochs	2.0
919.2585345024536	0.01974300000006224	epochs	3.0
919.2782775024536	0.01965369999993527	epochs	3.0
919.2979312024536	0.039042400000084854	epochs	2.0
919.2979312024536	0.01956510000002254	epochs	3.0
919.3174963024536	0.019477300000062314	epochs	3.0
919.3369736024537	0.03869459999998526	epochs	2.0
919.3369736024537	0.01939039999990655	epochs	3.0
919.3563640024536	0.01930420000007871	epochs	3.0
919.3756682024537	0.03835289999994984	epochs	2.0
919.3756682024537	0.019218799999976	epochs	3.0
919.3948870024536	0.01913409999997384	epochs	3.0
919.4140211024536	0.03801720000001296	epochs	2.0
919.4140211024536	0.019050200000037876	epochs	3.0
919.4330713024536	0.018966999999975087	epochs	3.0
919.4520383024536	0.037687200000050325	epochs	2.0
919.4520383024536	0.01888450000001285	epochs	3.0
919.4709228024536	0.018802700000037476	epochs	3.0
919.4897255024537	0.03736309999999321	epochs	2.0
919.4897255024537	0.01872169999990092	epochs	3.0
919.5084472024536	0.01864140000009229	epochs	3.0
919.5270886024537	0.03704429999993408	epochs	2.0
919.5270886024537	0.01856159999999818	epochs	3.0
919.5456502024537	0.018482699999935903	epochs	3.0
919.5641329024536	0.0367310000000316	epochs	2.0
919.5641329024536	0.018404300000042895	epochs	3.0
919.5825372024536	0.018326699999988705	epochs	3.0
919.6008639024536	0.03642289999993409	epochs	2.0
919.6008639024536	0.018249599999990096	epochs	3.0
919.6191135024536	0.018173299999943993	epochs	3.0
919.6372868024536	0.03612010000006194	epochs	2.0
919.6372868024536	0.0180976000000328	epochs	3.0
919.6553844024536	0.01802250000002914	epochs	3.0
919.6734069024536	0.03582210000001851	epochs	2.0
919.6734069024536	0.017947899999967376	epochs	3.0
919.6913548024536	0.017874200000051133	epochs	3.0
919.7092290024536	0.03552899999999681	epochs	2.0
919.7092290024536	0.017800800000031813	epochs	3.0
919.7270298024537	0.017728199999965	epochs	3.0
919.7447580024536	0.03524070000003121	epochs	2.0
919.7447580024536	0.017656099999953767	epochs	3.0
919.7624141024536	0.017584600000077444	epochs	3.0
919.7799987024537	0.03495709999992869	epochs	2.0
919.7799987024537	0.01751369999999497	epochs	3.0
919.7975124024537	0.017443399999933717	epochs	3.0
919.8149558024536	0.03467790000001969	epochs	2.0
919.8149558024536	0.017373600000041733	epochs	3.0
919.8323294024536	0.017304299999977957	epochs	3.0
919.8496337024536	0.03440330000000813	epochs	2.0
919.8496337024536	0.01723570000001473	epochs	3.0
919.8668694024536	0.0171675999999934	epochs	3.0
919.8840370024536	0.03413279999995211	epochs	2.0
919.8840370024536	0.01709989999994832	epochs	3.0
919.9011369024536	0.017032900000003792	epochs	3.0
919.9181698024536	0.03386670000008962	epochs	2.0
919.9181698024536	0.01696640000000116	epochs	3.0
919.9351362024536	0.016900300000088464	epochs	3.0
919.9520365024537	0.03360459999998966	epochs	2.0
919.9520365024537	0.01683479999996962	epochs	3.0
919.9688713024536	0.01676980000002004	epochs	3.0
919.9856411024537	0.033346599999958926	epochs	2.0
919.9856411024537	0.016705300000012357	epochs	3.0
920.0023464024537	0.01664129999994657	epochs	3.0
920.0189877024536	0.03309249999995245	epochs	2.0
920.0189877024536	0.016577800000050047	epochs	3.0
920.0355655024537	0.016514699999902405	epochs	3.0
920.0520802024536	0.032842300000083924	epochs	2.0
920.0520802024536	0.01645220000000336	epochs	3.0
920.0685324024536	0.016390100000080565	epochs	3.0
920.0849225024537	0.03259570000000167	epochs	2.0
920.0849225024537	0.01632839999990665	epochs	3.0
920.1012509024536	0.01626730000009502	epochs	3.0
920.1175182024537	0.032352899999978035	epochs	2.0
920.1175182024537	0.01620659999991858	epochs	3.0
920.1337248024536	0.016146300000059455	epochs	3.0
920.1498711024536	0.03211369999996805	epochs	2.0
920.1498711024536	0.016086599999994178	epochs	3.0
920.1659577024536	0.01602709999997387	epochs	3.0
920.1819848024536	0.03187800000000607	epochs	2.0
920.1819848024536	0.015968199999974786	epochs	3.0
920.1979530024536	0.015909800000031282	epochs	3.0
920.2138628024536	0.031645700000012766	epochs	2.0
920.2138628024536	0.01585160000001906	epochs	3.0
920.2297144024536	0.015794099999993705	epochs	3.0
920.2455085024536	0.0314167000000225	epochs	2.0
920.2455085024536	0.015736700000047676	epochs	3.0
920.2612452024537	0.015679999999974825	epochs	3.0
920.2769252024536	0.031191100000000915	epochs	2.0
920.2769252024536	0.015623600000026272	epochs	3.0
920.2925488024537	0.015567499999974643	epochs	3.0
920.3081163024536	0.030968700000016725	epochs	2.0
920.3081163024536	0.015511999999944237	epochs	3.0
920.3236283024536	0.015456700000072487	epochs	3.0
920.3390850024537	0.030749499999956242	epochs	2.0
920.3390850024537	0.015401999999994587	epochs	3.0
920.3544870024537	0.015347499999961656	epochs	3.0
920.3698345024536	0.03053320000003623	epochs	2.0
920.3698345024536	0.015293400000018664	epochs	3.0
920.3851279024536	0.015239800000017567	epochs	3.0
920.4003677024537	0.030320099999926242	epochs	2.0
920.4003677024537	0.015186499999913394	epochs	3.0
920.4155542024536	0.015133600000012848	epochs	3.0
920.4306878024536	0.03010990000007041	epochs	2.0
920.4306878024536	0.015081000000009226	epochs	3.0
920.4457688024536	0.015028900000061185	epochs	3.0
920.4607977024536	0.029902499999934662	epochs	2.0
920.4607977024536	0.01497699999993074	epochs	3.0
920.4757747024536	0.014925500000003922	epochs	3.0
920.4907002024536	0.029698100000018712	epochs	2.0
920.4907002024536	0.014874400000053356	epochs	3.0
920.5055746024536	0.014823699999965356	epochs	3.0
920.5203983024536	0.02949630000000525	epochs	2.0
920.5203983024536	0.014773200000036013	epochs	3.0
920.5351715024536	0.014723099999969236	epochs	3.0
920.5498946024536	0.02929740000001857	epochs	2.0
920.5498946024536	0.014673399999992398	epochs	3.0
920.5645680024536	0.014624000000026172	epochs	3.0
920.5791920024536	0.029101099999934377	epochs	2.0
920.5791920024536	0.01457489999995687	epochs	3.0
920.5937669024536	0.014526199999977507	epochs	3.0
920.6082931024536	0.02890740000009373	epochs	2.0
920.6082931024536	0.014477700000043114	epochs	3.0
920.6227708024536	0.014429700000050616	epochs	3.0
920.6372005024537	0.028716199999962555	epochs	2.0
920.6372005024537	0.014381799999910072	epochs	3.0
920.6515823024536	0.014334400000052483	epochs	3.0
920.6659167024536	0.02852759999996124	epochs	2.0
920.6659167024536	0.01428720000001249	epochs	3.0
920.6802039024536	0.01424039999994875	epochs	3.0
920.6944443024536	0.028341400000044814	epochs	2.0
920.6944443024536	0.014193800000043666	epochs	3.0
920.7086381024536	0.014147600000001148	epochs	3.0
920.7227857024536	0.028157699999951546	epochs	2.0
920.7227857024536	0.014101699999969242	epochs	3.0
920.7368874024536	0.014055999999982305	epochs	3.0
920.7509434024536	0.027976300000091214	epochs	2.0
920.7509434024536	0.01401060000000598	epochs	3.0
920.7649540024536	0.013965700000085235	epochs	3.0
920.7789197024537	0.027797199999895383	epochs	2.0
920.7789197024537	0.013920799999937117	epochs	3.0
920.7928405024536	0.013876399999958267	epochs	3.0
920.8067169024536	0.027620400000046175	epochs	2.0
920.8067169024536	0.013832200000024386	epochs	3.0
920.8205491024536	0.013788200000021789	epochs	3.0
920.8343373024536	0.027445899999975154	epochs	2.0
920.8343373024536	0.013744599999995444	epochs	3.0
920.8480819024536	0.01370129999997971	epochs	3.0
920.8617832024536	0.027273499999978412	epochs	2.0
920.8617832024536	0.013658200000008947	epochs	3.0
920.8754414024536	0.013615299999969466	epochs	3.0
920.8890567024536	0.02710340000010092	epochs	2.0
920.8890567024536	0.013572800000019924	epochs	3.0
920.9026295024536	0.013530600000080995	epochs	3.0
920.9161601024537	0.026935199999911674	epochs	2.0
920.9161601024537	0.01348839999991469	epochs	3.0
920.9296485024536	0.013446799999996983	epochs	3.0
920.9430953024536	0.026769199999989723	epochs	2.0
920.9430953024536	0.013405200000079276	epochs	3.0
920.9565005024537	0.013363999999910448	epochs	3.0
920.9698645024536	0.026605200000062723	epochs	2.0
920.9698645024536	0.013322900000048321	epochs	3.0
920.9831874024536	0.013282300000014402	epochs	3.0
920.9964697024536	0.026443200000016986	epochs	2.0
920.9964697024536	0.013241699999980483	epochs	3.0
921.0097114024536	0.013201500000036503	epochs	3.0
921.0229129024536	0.0262831999999662	epochs	2.0
921.0229129024536	0.013161500000023807	epochs	3.0
921.0360744024537	0.013121699999942393	epochs	3.0
921.0491961024536	0.02612499999997908	epochs	2.0
921.0491961024536	0.013082100000019636	epochs	3.0
921.0622782024536	0.013042899999959445	epochs	3.0
921.0753211024536	0.025968900000066242	epochs	2.0
921.0753211024536	0.01300390000005791	epochs	3.0
921.0883250024536	0.012965000000008331	epochs	3.0
921.1012900024537	0.025814499999910367	epochs	2.0
921.1012900024537	0.012926399999969362	epochs	3.0
921.1142164024536	0.012888099999941005	epochs	3.0
921.1271045024536	0.025661900000045534	epochs	2.0
921.1271045024536	0.012849900000105663	epochs	3.0
921.1399544024537	0.012811999999939871	epochs	3.0
921.1527664024536	0.025511199999982637	epochs	2.0
921.1527664024536	0.012774400000012065	epochs	3.0
921.1655408024536	0.012736799999970572	epochs	3.0
921.1782776024536	0.025362299999983406	epochs	2.0
921.1782776024536	0.01269969999998466	epochs	3.0
921.1909773024536	0.012662599999998747	epochs	3.0
921.2036399024536	0.025215000000002874	epochs	2.0
921.2036399024536	0.012625800000023446	epochs	3.0
921.2162657024536	0.012589199999979428	epochs	3.0
921.2288549024536	0.024584800000070572	epochs	2.0
921.2526074024536	0.5	epochs	-1.0
921.2534397024536	0.9999199999999746	epochs	1.0
921.7526074024536	0.5	epochs	-1.0
922.6659998893738	0.09136000000000877	epochs	0.0
922.6659998893738	0.04068259999996826	epochs	1.0
922.7066824893737	0.009994800000072246	epochs	1.0
922.7166772893738	0.04068259999996826	epochs	1.0
922.7574398893738	2.0	epochs	0.0
924.7574075893738	0.5	epochs	-1.0
924.7574398893738	0.5081599999999753	epochs	0.0
924.7574398893738	0.5081599999999753	epochs	1.0
925.2574075893738	0.008192300000018804	epochs	-1.0
925.2655998893738	21.49176	epochs	0.0
926.4619998931885	0.09136000000000877	epochs	0.0
926.4619998931885	0.04068259999996826	epochs	1.0
926.5026824931884	0.009994800000072246	epochs	1.0
926.5126772931885	0.04068259999996826	epochs	1.0
926.5534398931885	2.0	epochs	0.0
928.5534075931885	0.5	epochs	-1.0
928.5534398931885	21.999919999999975	epochs	0.0
928.5534398931885	1.0	epochs	1.0
929.0534075931885	19.999199999999973	epochs	-1.0
929.5534398931885	20.0	epochs	1.0
929.5534398931885	4.356753899999944	epochs	-1.0
929.5534398931885	1.9745871999999736	epochs	2.0
929.5534398931885	1.0985621999999466	epochs	3.0
930.6520020931885	0.8760250000000269	epochs	3.0
931.5280270931885	1.3524075000000266	epochs	2.0
931.5280270931885	0.7286354999999958	epochs	3.0
932.2566625931885	0.6237720000000309	epochs	3.0
932.8804345931885	1.029759199999944	epochs	2.0
932.8804345931885	0.5453292999999348	epochs	3.0
933.4257638931884	0.4844299000000092	epochs	3.0
933.9101937931885	0.8317862000000105	epochs	2.0
933.9101937931885	0.4357763000000432	epochs	3.0
934.3459700931885	0.3960098999999673	epochs	3.0
934.7419799931885	0.6977970000000369	epochs	2.0
934.7419799931885	0.3628982000000178	epochs	3.0
935.1048781931885	0.33489880000001904	epochs	3.0
935.4397769931885	0.601045699999986	epochs	2.0
935.4397769931885	0.3109122999999272	epochs	3.0
935.7506892931884	0.2901334000000588	epochs	3.0
936.0408226931885	0.5278859000000011	epochs	2.0
936.0408226931885	0.2719585999999481	epochs	3.0
936.3127812931884	0.25592730000005304	epochs	3.0
936.5687085931885	0.470619299999953	epochs	2.0
936.5687085931885	0.241681299999982	epochs	3.0
936.8103898931885	0.228937999999971	epochs	3.0
937.0393278931884	0.42457039999999324	epochs	2.0
937.0393278931884	0.21747140000002219	epochs	3.0
937.2567992931885	0.20709899999997106	epochs	3.0
937.4638982931884	0.3867354000000205	epochs	2.0
937.4638982931884	0.19767110000009325	epochs	3.0
937.6615693931885	0.18906429999992724	epochs	3.0
937.8506336931885	0.3550953000000163	epochs	2.0
937.8506336931885	0.18117589999997108	epochs	3.0
938.0318095931884	0.17391940000004524	epochs	3.0
938.2057289931885	0.3282431000000088	epochs	2.0
938.2057289931885	0.16722189999995862	epochs	3.0
938.3729508931884	0.16102120000005016	epochs	3.0
938.5339720931885	0.30516799999998057	epochs	2.0
938.5339720931885	0.15526390000002266	epochs	3.0
938.6892359931885	0.1499040999999579	epochs	3.0
938.8391400931885	0.28512530000000424	epochs	2.0
938.8391400931885	0.1449020999999675	epochs	3.0
938.9840421931884	0.14022320000003674	epochs	3.0
939.1242653931885	0.2675537999999733	epochs	2.0
939.1242653931885	0.1358368999999584	epochs	3.0
939.2601022931884	0.1317169000000149	epochs	3.0
939.3918191931884	0.2520229000000427	epochs	2.0
939.3918191931884	0.1278393000000051	epochs	3.0
939.5196584931884	0.12418360000003759	epochs	3.0
939.6438420931885	0.23819649999995818	epochs	2.0
939.6438420931885	0.12073109999994358	epochs	3.0
939.7645731931884	0.1174654000000146	epochs	3.0
939.8820385931884	0.2258087999999816	epochs	2.0
939.8820385931884	0.11437190000003739	epochs	3.0
939.9964104931885	0.11143689999994422	epochs	3.0
940.1078473931884	0.2146460000000161	epochs	2.0
940.1078473931884	0.10864890000004834	epochs	3.0
940.2164962931885	0.10599709999996776	epochs	3.0
940.3224933931884	0.20453500000007807	epochs	2.0
940.3224933931884	0.10347150000006877	epochs	3.0
940.4259648931885	0.1010635000000093	epochs	3.0
940.5270283931885	0.19533400000000256	epochs	2.0
940.5270283931885	0.09876509999992322	epochs	3.0
940.6257934931884	0.09656890000007934	epochs	3.0
940.7223623931885	0.18692529999998442	epochs	2.0
940.7223623931885	0.09446829999990314	epochs	3.0
940.8168306931884	0.09245700000008128	epochs	3.0
940.9092876931885	0.17921069999999872	epochs	2.0
940.9092876931885	0.09052959999996801	epochs	3.0
940.9998172931885	0.08868110000003071	epochs	3.0
941.0884983931885	0.17210769999996955	epochs	2.0
941.0884983931885	0.08690630000000965	epochs	3.0
941.1754046931885	0.0852013999999599	epochs	3.0
941.2606060931885	0.16554640000003928	epochs	2.0
941.2606060931885	0.08356189999994967	epochs	3.0
941.3441679931884	0.08198450000008961	epochs	3.0
941.4261524931885	0.15946709999991526	epochs	2.0
941.4261524931885	0.08046539999998004	epochs	3.0
941.5066178931885	0.07900169999993523	epochs	3.0
941.5856195931884	0.15381840000009106	epochs	2.0
941.5856195931884	0.07759010000006583	epochs	3.0
941.6632096931885	0.07622830000002523	epochs	3.0
941.7394379931885	0.14855639999996129	epochs	2.0
941.7394379931885	0.07491329999993468	epochs	3.0
941.8143512931885	0.0736431000000266	epochs	3.0
941.8879943931885	0.14364239999997608	epochs	2.0
941.8879943931885	0.07241499999997814	epochs	3.0
941.9604093931885	0.07122739999999794	epochs	3.0
942.0316367931885	0.13904309999998077	epochs	2.0
942.0316367931885	0.07007799999996678	epochs	3.0
942.1017147931884	0.06896510000001399	epochs	3.0
942.1706798931884	0.1347293000000036	epochs	2.0
942.1706798931884	0.0678871000000072	epochs	3.0
942.2385669931884	0.06684219999999641	epochs	3.0
942.3054091931884	0.1306752000000415	epochs	2.0
942.3054091931884	0.06582910000008724	epochs	3.0
942.3712382931885	0.06484609999995428	epochs	3.0
942.4360843931885	0.12685780000003888	epochs	2.0
942.4360843931885	0.06389200000000983	epochs	3.0
942.4999763931885	0.06296580000002905	epochs	3.0
942.5629421931885	0.12325720000001184	epochs	2.0
942.5629421931885	0.062065799999913907	epochs	3.0
942.6250079931884	0.06119140000009793	epochs	3.0
942.6861993931885	0.11985539999989214	epochs	2.0
942.6861993931885	0.060341099999959624	epochs	3.0
942.7465404931885	0.05951429999993252	epochs	3.0
942.8060547931884	0.11663620000001629	epochs	2.0
942.8060547931884	0.05870960000004288	epochs	3.0
942.8647643931885	0.057926599999973405	epochs	3.0
942.9226909931884	0.11358560000007856	epochs	2.0
942.9226909931884	0.05716419999998834	epochs	3.0
942.9798551931884	0.056421400000090216	epochs	3.0
943.0362765931885	0.11069049999991876	epochs	2.0
943.0362765931885	0.05569789999992736	epochs	3.0
943.0919744931884	0.0549925999999914	epochs	3.0
943.1469670931884	0.1079391000000669	epochs	2.0
943.1469670931884	0.05430490000003374	epochs	3.0
943.2012719931885	0.05363420000003316	epochs	3.0
943.2549061931885	0.10532149999994544	epochs	2.0
943.2549061931885	0.05297999999993408	epochs	3.0
943.3078861931884	0.052341500000011365	epochs	3.0
943.3602276931884	0.10282760000006874	epochs	2.0
943.3602276931884	0.05171810000001642	epochs	3.0
943.4119457931885	0.05110950000005232	epochs	3.0
943.4630552931885	0.10044909999999163	epochs	2.0
943.4630552931885	0.05051489999993919	epochs	3.0
943.5135701931885	0.04993420000005244	epochs	3.0
943.5635043931885	0.0981782999999723	epochs	2.0
943.5635043931885	0.04936659999998483	epochs	3.0
943.6128709931885	0.04881169999998747	epochs	3.0
943.6616826931885	0.09600779999993847	epochs	2.0
943.6616826931885	0.04826920000004975	epochs	3.0
943.7099518931885	0.04773859999988872	epochs	3.0
943.7576904931884	0.09393120000004274	epochs	2.0
943.7576904931884	0.04721950000009656	epochs	3.0
943.8049099931885	0.04671169999994618	epochs	3.0
943.8516216931885	0.09194260000003851	epochs	2.0
943.8516216931885	0.046214599999984785	epochs	3.0
943.8978362931884	0.045728000000053726	epochs	3.0
943.9435642931885	0.09003629999995155	epochs	2.0
943.9435642931885	0.045251499999949374	epochs	3.0
943.9888157931885	0.04478480000000218	epochs	3.0
944.0336005931885	0.08820760000003247	epochs	2.0
944.0336005931885	0.044327800000019124	epochs	3.0
944.0779283931885	0.04387980000001335	epochs	3.0
944.1218081931885	0.0864516999999978	epochs	2.0
944.1218081931885	0.04344100000002982	epochs	3.0
944.1652491931885	0.04301069999996798	epochs	3.0
944.2082598931885	0.08476429999996071	epochs	2.0
944.2082598931885	0.04258900000002086	epochs	3.0
944.2508488931885	0.04217529999993985	epochs	3.0
944.2930241931884	0.08314150000001064	epochs	2.0
944.2930241931884	0.04176970000003166	epochs	3.0
944.3347938931885	0.041371799999978975	epochs	3.0
944.3761656931885	0.08157970000002024	epochs	2.0
944.3761656931885	0.04098140000007788	epochs	3.0
944.4171470931885	0.040598299999942355	epochs	3.0
944.4577453931885	0.08007550000002084	epochs	2.0
944.4577453931885	0.04022229999998217	epochs	3.0
944.4979676931885	0.03985320000003867	epochs	3.0
944.5378208931885	0.07862569999997504	epochs	2.0
944.5378208931885	0.0394907999999532	epochs	3.0
944.5773116931884	0.039134900000021844	epochs	3.0
944.6164465931885	0.07722760000001472	epochs	2.0
944.6164465931885	0.038785400000051595	epochs	3.0
944.6552319931885	0.03844219999996312	epochs	3.0
944.6936741931885	0.07587820000003376	epochs	2.0
944.6936741931885	0.038104800000041905	epochs	3.0
944.7317789931885	0.03777339999999185	epochs	3.0
944.7695523931885	0.07457519999991291	epochs	2.0
944.7695523931885	0.03744769999991604	epochs	3.0
944.8070000931884	0.03712749999999687	epochs	3.0
944.8441275931884	0.07331629999998768	epochs	2.0
944.8441275931884	0.0368129000000863	epochs	3.0
944.8809404931885	0.036503399999901376	epochs	3.0
944.9174438931884	0.07209900000009384	epochs	2.0
944.9174438931884	0.03619910000008986	epochs	3.0
944.9536429931885	0.03589990000000398	epochs	3.0
944.9895428931885	0.07092169999998532	epochs	2.0
944.9895428931885	0.03560559999993984	epochs	3.0
945.0251484931885	0.03531610000004548	epochs	3.0
945.0604645931885	0.06978200000003199	epochs	2.0
945.0604645931885	0.03503119999993487	epochs	3.0
945.0954957931884	0.034750800000097115	epochs	3.0
945.1302465931885	0.06867859999999837	epochs	2.0
945.1302465931885	0.034475099999895065	epochs	3.0
945.1647216931884	0.034203500000103304	epochs	3.0
945.1989251931885	0.06760929999995824	epochs	2.0
945.1989251931885	0.033936199999970995	epochs	3.0
945.2328613931885	0.033673099999987244	epochs	3.0
945.2665344931885	0.06657289999998284	epochs	2.0
945.2665344931885	0.03341399999999339	epochs	3.0
945.2999484931885	0.033158899999989444	epochs	3.0
945.3331073931885	0.06556780000005347	epochs	2.0
945.3331073931885	0.032907700000009754	epochs	3.0
945.3660150931885	0.03266010000004371	epochs	3.0
945.3986751931885	0.06459259999996902	epochs	2.0
945.3986751931885	0.032416399999988244	epochs	3.0
945.4310915931885	0.03217619999998078	epochs	3.0
945.4632677931885	0.0636459999999488	epochs	2.0
945.4632677931885	0.03193959999998697	epochs	3.0
945.4952073931885	0.03170639999996183	epochs	3.0
945.5269137931884	0.0627266999999847	epochs	2.0
945.5269137931884	0.03147660000001906	epochs	3.0
945.5583903931885	0.03125009999996564	epochs	3.0
945.5896404931884	0.06183359999999993	epochs	2.0
945.5896404931884	0.031026900000028945	epochs	3.0
945.6206673931885	0.030806699999970988	epochs	3.0
945.6514740931884	0.06096560000003137	epochs	2.0
945.6514740931884	0.030589800000029754	epochs	3.0
945.6820638931885	0.030375800000001618	epochs	3.0
945.7124396931885	0.06012160000000222	epochs	2.0
945.7124396931885	0.030164900000045236	epochs	3.0
945.7426045931885	0.02995669999995698	epochs	3.0
945.7725612931885	0.05930069999999432	epochs	2.0
945.7725612931885	0.029751600000054168	epochs	3.0
945.8023128931885	0.029549099999940154	epochs	3.0
945.8318619931885	0.05850180000004457	epochs	2.0
945.8318619931885	0.02934940000000097	epochs	3.0
945.8612113931885	0.0291524000000436	epochs	3.0
945.8903637931885	0.05772419999993872	epochs	2.0
945.8903637931885	0.028957999999988715	epochs	3.0
945.9193217931885	0.028766199999950004	epochs	3.0
945.9480879931884	0.05696710000006533	epochs	2.0
945.9480879931884	0.028577000000041153	epochs	3.0
945.9766649931885	0.028390100000024177	epochs	3.0
946.0050550931885	0.05622949999997218	epochs	2.0
946.0050550931885	0.028205699999944045	epochs	3.0
946.0332607931884	0.028023800000028132	epochs	3.0
946.0612845931885	0.05551070000001346	epochs	2.0
946.0612845931885	0.027843999999959124	epochs	3.0
946.0891285931884	0.027666700000054334	epochs	3.0
946.1167952931885	0.054810200000019904	epochs	2.0
946.1167952931885	0.02749149999999645	epochs	3.0
946.1442867931885	0.027318700000023455	epochs	3.0
946.1716054931885	0.05412699999999404	epochs	2.0
946.1716054931885	0.027147799999966082	epochs	3.0
946.1987532931885	0.02697920000002796	epochs	3.0
946.2257324931885	0.053460699999959616	epochs	2.0
946.2257324931885	0.0268125999999711	epochs	3.0
946.2525450931885	0.026648099999988517	epochs	3.0
946.2791931931885	0.05281070000000909	epochs	2.0
946.2791931931885	0.026485600000000886	epochs	3.0
946.3056787931885	0.026325100000008206	epochs	3.0
946.3320038931885	0.05217619999996259	epochs	2.0
946.3320038931885	0.026166399999965506	epochs	3.0
946.3581702931884	0.026009799999997085	epochs	3.0
946.3841800931884	0.051556699999991906	epochs	2.0
946.3841800931884	0.025854800000047362	epochs	3.0
946.4100348931885	0.025701899999944544	epochs	3.0
946.4357367931884	0.050951900000086425	epochs	2.0
946.4357367931884	0.02555070000005344	epochs	3.0
946.4612874931885	0.025401200000032986	epochs	3.0
946.4866886931885	0.05036099999995258	epochs	2.0
946.4866886931885	0.025253499999962514	epochs	3.0
946.5119421931885	0.02510749999999007	epochs	3.0
946.5370496931885	0.049783800000000156	epochs	2.0
946.5370496931885	0.02496320000000196	epochs	3.0
946.5620128931885	0.024820599999998194	epochs	3.0
946.5868334931885	0.049219500000049266	epochs	2.0
946.5868334931885	0.024679399999968155	epochs	3.0
946.6115128931884	0.02454010000008111	epochs	3.0
946.6360529931885	0.048667899999941255	epochs	2.0
946.6360529931885	0.02440209999997478	epochs	3.0
946.6604550931885	0.024265799999966475	epochs	3.0
946.6847208931885	0.04812860000004093	epochs	2.0
946.6847208931885	0.024131000000011227	epochs	3.0
946.7088518931885	0.023997600000029706	epochs	3.0
946.7328494931885	0.04760109999995166	epochs	2.0
946.7328494931885	0.023865799999953197	epochs	3.0
946.7567152931884	0.02373529999999846	epochs	3.0
946.7804505931884	0.047085000000038235	epochs	2.0
946.7804505931884	0.023606299999983094	epochs	3.0
946.8040568931884	0.02347870000005514	epochs	3.0
946.8275355931885	0.046579999999948996	epochs	2.0
946.8275355931885	0.02335249999998723	epochs	3.0
946.8508880931885	0.023227499999961765	epochs	3.0
946.8741155931884	0.046085700000048746	epochs	2.0
946.8741155931884	0.023103999999989355	epochs	3.0
946.8972195931884	0.02298170000005939	epochs	3.0
946.9202012931885	0.045601799999985815	epochs	2.0
946.9202012931885	0.022860700000023826	epochs	3.0
946.9430619931885	0.02274109999996199	epochs	3.0
946.9658030931885	0.04512790000001132	epochs	2.0
946.9658030931885	0.022622500000011314	epochs	3.0
946.9884255931885	0.02250540000000001	epochs	3.0
947.0109309931885	0.044663799999966614	epochs	2.0
947.0109309931885	0.02238929999998618	epochs	3.0
947.0333202931885	0.022274499999980435	epochs	3.0
947.0555947931884	0.04420920000006845	epochs	2.0
947.0555947931884	0.022160800000051495	epochs	3.0
947.0777555931885	0.022048400000016954	epochs	3.0
947.0998039931885	0.04376359999992019	epochs	2.0
947.0998039931885	0.021936900000014248	epochs	3.0
947.1217408931885	0.02182669999990594	epochs	3.0
947.1435675931884	0.04332710000005591	epochs	2.0
947.1435675931884	0.021717599999988124	epochs	3.0
947.1652851931884	0.021609500000067783	epochs	3.0
947.1868946931885	0.04289900000003399	epochs	2.0
947.1868946931885	0.02150249999999687	epochs	3.0
947.2083971931885	0.021396500000037122	epochs	3.0
947.2297936931885	0.04247949999989942	epochs	2.0
947.2297936931885	0.02129170000000613	epochs	3.0
947.2510853931885	0.021187799999893286	epochs	3.0
947.2722731931884	0.042067900000006375	epochs	2.0
947.2722731931884	0.02108490000000529	epochs	3.0
947.2933580931884	0.020983000000001084	epochs	3.0
947.3143410931884	0.04166440000005878	epochs	2.0
947.3143410931884	0.02088220000007368	epochs	3.0
947.3352232931885	0.020782199999985096	epochs	3.0
947.3560054931885	0.04126850000000104	epochs	2.0
947.3560054931885	0.020683299999973315	epochs	3.0
947.3766887931885	0.020585200000027726	epochs	3.0
947.3972739931885	0.04088000000001557	epochs	2.0
947.3972739931885	0.020488099999965925	epochs	3.0
947.4177620931885	0.020391900000049645	epochs	3.0
947.4381539931885	0.04049880000002304	epochs	2.0
947.4381539931885	0.020296599999937825	epochs	3.0
947.4584505931884	0.020202200000085213	epochs	3.0
947.4786527931885	0.040124599999899146	epochs	2.0
947.4786527931885	0.020108699999923374	epochs	3.0
947.4987614931885	0.020015899999975773	epochs	3.0
947.5187773931884	0.03975730000001931	epochs	2.0
947.5187773931884	0.019924200000104975	epochs	3.0
947.5387015931885	0.01983309999991434	epochs	3.0
947.5585346931884	0.03939669999999751	epochs	2.0
947.5585346931884	0.01974300000006224	epochs	3.0
947.5782776931885	0.01965369999993527	epochs	3.0
947.5979313931884	0.039042400000084854	epochs	2.0
947.5979313931884	0.01956510000002254	epochs	3.0
947.6174964931885	0.019477300000062314	epochs	3.0
947.6369737931885	0.03869459999998526	epochs	2.0
947.6369737931885	0.01939039999990655	epochs	3.0
947.6563641931884	0.01930420000007871	epochs	3.0
947.6756683931885	0.03835289999994984	epochs	2.0
947.6756683931885	0.019218799999976	epochs	3.0
947.6948871931885	0.01913409999997384	epochs	3.0
947.7140212931885	0.03801720000001296	epochs	2.0
947.7140212931885	0.019050200000037876	epochs	3.0
947.7330714931885	0.018966999999975087	epochs	3.0
947.7520384931885	0.037687200000050325	epochs	2.0
947.7520384931885	0.01888450000001285	epochs	3.0
947.7709229931885	0.018802700000037476	epochs	3.0
947.7897256931885	0.03736309999999321	epochs	2.0
947.7897256931885	0.01872169999990092	epochs	3.0
947.8084473931884	0.01864140000009229	epochs	3.0
947.8270887931885	0.03704429999993408	epochs	2.0
947.8270887931885	0.01856159999999818	epochs	3.0
947.8456503931885	0.018482699999935903	epochs	3.0
947.8641330931885	0.0367310000000316	epochs	2.0
947.8641330931885	0.018404300000042895	epochs	3.0
947.8825373931885	0.018326699999988705	epochs	3.0
947.9008640931885	0.03642289999993409	epochs	2.0
947.9008640931885	0.018249599999990096	epochs	3.0
947.9191136931885	0.018173299999943993	epochs	3.0
947.9372869931884	0.03612010000006194	epochs	2.0
947.9372869931884	0.0180976000000328	epochs	3.0
947.9553845931885	0.01802250000002914	epochs	3.0
947.9734070931885	0.03582210000001851	epochs	2.0
947.9734070931885	0.017947899999967376	epochs	3.0
947.9913549931885	0.017874200000051133	epochs	3.0
948.0092291931885	0.03552899999999681	epochs	2.0
948.0092291931885	0.017800800000031813	epochs	3.0
948.0270299931885	0.017728199999965	epochs	3.0
948.0447581931885	0.03524070000003121	epochs	2.0
948.0447581931885	0.017656099999953767	epochs	3.0
948.0624142931885	0.017584600000077444	epochs	3.0
948.0799988931885	0.03495709999992869	epochs	2.0
948.0799988931885	0.01751369999999497	epochs	3.0
948.0975125931885	0.017443399999933717	epochs	3.0
948.1149559931885	0.03467790000001969	epochs	2.0
948.1149559931885	0.017373600000041733	epochs	3.0
948.1323295931885	0.017304299999977957	epochs	3.0
948.1496338931885	0.03440330000000813	epochs	2.0
948.1496338931885	0.01723570000001473	epochs	3.0
948.1668695931885	0.0171675999999934	epochs	3.0
948.1840371931885	0.03413279999995211	epochs	2.0
948.1840371931885	0.01709989999994832	epochs	3.0
948.2011370931884	0.017032900000003792	epochs	3.0
948.2181699931884	0.03386670000008962	epochs	2.0
948.2181699931884	0.01696640000000116	epochs	3.0
948.2351363931884	0.016900300000088464	epochs	3.0
948.2520366931885	0.03360459999998966	epochs	2.0
948.2520366931885	0.01683479999996962	epochs	3.0
948.2688714931885	0.01676980000002004	epochs	3.0
948.2856412931885	0.033346599999958926	epochs	2.0
948.2856412931885	0.016705300000012357	epochs	3.0
948.3023465931885	0.01664129999994657	epochs	3.0
948.3189878931885	0.03309249999995245	epochs	2.0
948.3189878931885	0.016577800000050047	epochs	3.0
948.3355656931885	0.016514699999902405	epochs	3.0
948.3520803931884	0.032842300000083924	epochs	2.0
948.3520803931884	0.01645220000000336	epochs	3.0
948.3685325931884	0.016390100000080565	epochs	3.0
948.3849226931885	0.03259570000000167	epochs	2.0
948.3849226931885	0.01632839999990665	epochs	3.0
948.4012510931884	0.01626730000009502	epochs	3.0
948.4175183931885	0.032352899999978035	epochs	2.0
948.4175183931885	0.01620659999991858	epochs	3.0
948.4337249931884	0.016146300000059455	epochs	3.0
948.4498712931885	0.03211369999996805	epochs	2.0
948.4498712931885	0.016086599999994178	epochs	3.0
948.4659578931885	0.01602709999997387	epochs	3.0
948.4819849931885	0.03187800000000607	epochs	2.0
948.4819849931885	0.015968199999974786	epochs	3.0
948.4979531931884	0.015909800000031282	epochs	3.0
948.5138629931885	0.031645700000012766	epochs	2.0
948.5138629931885	0.01585160000001906	epochs	3.0
948.5297145931885	0.015794099999993705	epochs	3.0
948.5455086931885	0.0314167000000225	epochs	2.0
948.5455086931885	0.015736700000047676	epochs	3.0
948.5612453931885	0.015679999999974825	epochs	3.0
948.5769253931885	0.031191100000000915	epochs	2.0
948.5769253931885	0.015623600000026272	epochs	3.0
948.5925489931885	0.015567499999974643	epochs	3.0
948.6081164931885	0.030968700000016725	epochs	2.0
948.6081164931885	0.015511999999944237	epochs	3.0
948.6236284931884	0.015456700000072487	epochs	3.0
948.6390851931885	0.030749499999956242	epochs	2.0
948.6390851931885	0.015401999999994587	epochs	3.0
948.6544871931885	0.015347499999961656	epochs	3.0
948.6698346931885	0.03053320000003623	epochs	2.0
948.6698346931885	0.015293400000018664	epochs	3.0
948.6851280931885	0.015239800000017567	epochs	3.0
948.7003678931885	0.030320099999926242	epochs	2.0
948.7003678931885	0.015186499999913394	epochs	3.0
948.7155543931884	0.015133600000012848	epochs	3.0
948.7306879931884	0.03010990000007041	epochs	2.0
948.7306879931884	0.015081000000009226	epochs	3.0
948.7457689931884	0.015028900000061185	epochs	3.0
948.7607978931885	0.029902499999934662	epochs	2.0
948.7607978931885	0.01497699999993074	epochs	3.0
948.7757748931884	0.014925500000003922	epochs	3.0
948.7907003931884	0.029698100000018712	epochs	2.0
948.7907003931884	0.014874400000053356	epochs	3.0
948.8055747931885	0.014823699999965356	epochs	3.0
948.8203984931885	0.02949630000000525	epochs	2.0
948.8203984931885	0.014773200000036013	epochs	3.0
948.8351716931885	0.014723099999969236	epochs	3.0
948.8498947931885	0.02929740000001857	epochs	2.0
948.8498947931885	0.014673399999992398	epochs	3.0
948.8645681931885	0.014624000000026172	epochs	3.0
948.8791921931885	0.029101099999934377	epochs	2.0
948.8791921931885	0.01457489999995687	epochs	3.0
948.8937670931884	0.014526199999977507	epochs	3.0
948.9082932931884	0.02890740000009373	epochs	2.0
948.9082932931884	0.014477700000043114	epochs	3.0
948.9227709931885	0.014429700000050616	epochs	3.0
948.9372006931885	0.028716199999962555	epochs	2.0
948.9372006931885	0.014381799999910072	epochs	3.0
948.9515824931884	0.014334400000052483	epochs	3.0
948.9659168931885	0.02852759999996124	epochs	2.0
948.9659168931885	0.01428720000001249	epochs	3.0
948.9802040931885	0.01424039999994875	epochs	3.0
948.9944444931884	0.028341400000044814	epochs	2.0
948.9944444931884	0.014193800000043666	epochs	3.0
949.0086382931885	0.014147600000001148	epochs	3.0
949.0227858931885	0.028157699999951546	epochs	2.0
949.0227858931885	0.014101699999969242	epochs	3.0
949.0368875931885	0.014055999999982305	epochs	3.0
949.0509435931884	0.027976300000091214	epochs	2.0
949.0509435931884	0.01401060000000598	epochs	3.0
949.0649541931884	0.013965700000085235	epochs	3.0
949.0789198931885	0.027797199999895383	epochs	2.0
949.0789198931885	0.013920799999937117	epochs	3.0
949.0928406931885	0.013876399999958267	epochs	3.0
949.1067170931884	0.027620400000046175	epochs	2.0
949.1067170931884	0.013832200000024386	epochs	3.0
949.1205492931884	0.013788200000021789	epochs	3.0
949.1343374931885	0.027445899999975154	epochs	2.0
949.1343374931885	0.013744599999995444	epochs	3.0
949.1480820931885	0.01370129999997971	epochs	3.0
949.1617833931884	0.027273499999978412	epochs	2.0
949.1617833931884	0.013658200000008947	epochs	3.0
949.1754415931885	0.013615299999969466	epochs	3.0
949.1890568931884	0.02710340000010092	epochs	2.0
949.1890568931884	0.013572800000019924	epochs	3.0
949.2026296931884	0.013530600000080995	epochs	3.0
949.2161602931885	0.026935199999911674	epochs	2.0
949.2161602931885	0.01348839999991469	epochs	3.0
949.2296486931884	0.013446799999996983	epochs	3.0
949.2430954931884	0.026769199999989723	epochs	2.0
949.2430954931884	0.013405200000079276	epochs	3.0
949.2565006931885	0.013363999999910448	epochs	3.0
949.2698646931884	0.026605200000062723	epochs	2.0
949.2698646931884	0.013322900000048321	epochs	3.0
949.2831875931885	0.013282300000014402	epochs	3.0
949.2964698931885	0.026443200000016986	epochs	2.0
949.2964698931885	0.013241699999980483	epochs	3.0
949.3097115931885	0.013201500000036503	epochs	3.0
949.3229130931885	0.0262831999999662	epochs	2.0
949.3229130931885	0.013161500000023807	epochs	3.0
949.3360745931885	0.013121699999942393	epochs	3.0
949.3491962931885	0.02612499999997908	epochs	2.0
949.3491962931885	0.013082100000019636	epochs	3.0
949.3622783931885	0.013042899999959445	epochs	3.0
949.3753212931884	0.025968900000066242	epochs	2.0
949.3753212931884	0.01300390000005791	epochs	3.0
949.3883251931885	0.012965000000008331	epochs	3.0
949.4012901931885	0.025814499999910367	epochs	2.0
949.4012901931885	0.012926399999969362	epochs	3.0
949.4142165931885	0.012888099999941005	epochs	3.0
949.4271046931884	0.025661900000045534	epochs	2.0
949.4271046931884	0.012849900000105663	epochs	3.0
949.4399545931885	0.012811999999939871	epochs	3.0
949.4527665931885	0.025511199999982637	epochs	2.0
949.4527665931885	0.012774400000012065	epochs	3.0
949.4655409931885	0.012736799999970572	epochs	3.0
949.4782777931885	0.025362299999983406	epochs	2.0
949.4782777931885	0.01269969999998466	epochs	3.0
949.4909774931884	0.012662599999998747	epochs	3.0
949.5036400931884	0.025215000000002874	epochs	2.0
949.5036400931884	0.012625800000023446	epochs	3.0
949.5162658931885	0.012589199999979428	epochs	3.0
949.5288550931884	0.024584800000070572	epochs	2.0
949.5526075931884	0.5	epochs	-1.0
949.5534398931885	0.9999199999999746	epochs	1.0
950.0526075931884	0.5	epochs	-1.0
986.4659996032715	0.09136000000000877	epochs	0.0
986.4659996032715	0.04068259999996826	epochs	1.0
986.5066822032715	0.009994800000072246	epochs	1.0
986.5166770032715	0.04068259999996826	epochs	1.0
986.5574396032715	2.0	epochs	0.0
988.5574073032715	0.5	epochs	-1.0
988.5574396032715	5.408639999999991	epochs	0.0
988.5574396032715	1.0	epochs	1.0
989.0574073032715	4.908672300000035	epochs	-1.0
989.5574396032715	4.408639999999991	epochs	1.0
989.5574396032715	4.356753899999944	epochs	-1.0
989.5574396032715	1.9745871999999736	epochs	2.0
989.5574396032715	1.0985621999999466	epochs	3.0
990.6560018032715	0.8760250000000269	epochs	3.0
991.5320268032715	1.3524075000000266	epochs	2.0
991.5320268032715	0.7286354999999958	epochs	3.0
992.2606623032715	0.6237720000000309	epochs	3.0
992.8844343032715	1.029759199999944	epochs	2.0
992.8844343032715	0.5453292999999348	epochs	3.0
993.4297636032715	0.4844299000000092	epochs	3.0
993.9141935032715	0.05188610000004701	epochs	2.0
993.9141935032715	0.05188610000004701	epochs	3.0
993.9660796032715	16.591279999999983	epochs	0.0
994.3229999542236	0.09136000000000877	epochs	0.0
994.3229999542236	0.04068259999996826	epochs	1.0
994.3636825542236	0.009994800000072246	epochs	1.0
994.3736773542237	0.04068259999996826	epochs	1.0
994.4144399542237	2.0	epochs	0.0
996.4144076542236	0.5	epochs	-1.0
996.4144399542237	21.52767999999992	epochs	0.0
996.4144399542237	1.0	epochs	1.0
996.9144076542236	19.999199999999973	epochs	-1.0
997.4144399542237	20.0	epochs	1.0
997.4144399542237	4.356753899999944	epochs	-1.0
997.4144399542237	1.9745871999999736	epochs	2.0
997.4144399542237	1.0985621999999466	epochs	3.0
998.5130021542236	0.8760250000000269	epochs	3.0
999.3890271542236	1.3524075000000266	epochs	2.0
999.3890271542236	0.7286354999999958	epochs	3.0
1000.1176626542236	0.6237720000000309	epochs	3.0
1000.7414346542237	1.029759199999944	epochs	2.0
1000.7414346542237	0.5453292999999348	epochs	3.0
1001.2867639542236	0.4844299000000092	epochs	3.0
1001.7711938542236	0.8317862000000105	epochs	2.0
1001.7711938542236	0.4357763000000432	epochs	3.0
1002.2069701542237	0.3960098999999673	epochs	3.0
1002.6029800542236	0.6977970000000369	epochs	2.0
1002.6029800542236	0.3628982000000178	epochs	3.0
1002.9658782542236	0.33489880000001904	epochs	3.0
1003.3007770542237	0.601045699999986	epochs	2.0
1003.3007770542237	0.3109122999999272	epochs	3.0
1003.6116893542236	0.2901334000000588	epochs	3.0
1003.9018227542236	0.5278859000000011	epochs	2.0
1003.9018227542236	0.2719585999999481	epochs	3.0
1004.1737813542236	0.25592730000005304	epochs	3.0
1004.4297086542236	0.470619299999953	epochs	2.0
1004.4297086542236	0.241681299999982	epochs	3.0
1004.6713899542236	0.228937999999971	epochs	3.0
1004.9003279542236	0.42457039999999324	epochs	2.0
1004.9003279542236	0.21747140000002219	epochs	3.0
1005.1177993542236	0.20709899999997106	epochs	3.0
1005.3248983542236	0.3867354000000205	epochs	2.0
1005.3248983542236	0.19767110000009325	epochs	3.0
1005.5225694542237	0.18906429999992724	epochs	3.0
1005.7116337542236	0.3550953000000163	epochs	2.0
1005.7116337542236	0.18117589999997108	epochs	3.0
1005.8928096542236	0.17391940000004524	epochs	3.0
1006.0667290542236	0.3282431000000088	epochs	2.0
1006.0667290542236	0.16722189999995862	epochs	3.0
1006.2339509542236	0.16102120000005016	epochs	3.0
1006.3949721542236	0.30516799999998057	epochs	2.0
1006.3949721542236	0.15526390000002266	epochs	3.0
1006.5502360542237	0.1499040999999579	epochs	3.0
1006.7001401542236	0.28512530000000424	epochs	2.0
1006.7001401542236	0.1449020999999675	epochs	3.0
1006.8450422542236	0.14022320000003674	epochs	3.0
1006.9852654542236	0.2675537999999733	epochs	2.0
1006.9852654542236	0.1358368999999584	epochs	3.0
1007.1211023542236	0.1317169000000149	epochs	3.0
1007.2528192542236	0.2520229000000427	epochs	2.0
1007.2528192542236	0.1278393000000051	epochs	3.0
1007.3806585542236	0.12418360000003759	epochs	3.0
1007.5048421542236	0.23819649999995818	epochs	2.0
1007.5048421542236	0.12073109999994358	epochs	3.0
1007.6255732542236	0.1174654000000146	epochs	3.0
1007.7430386542236	0.2258087999999816	epochs	2.0
1007.7430386542236	0.11437190000003739	epochs	3.0
1007.8574105542236	0.11143689999994422	epochs	3.0
1007.9688474542236	0.2146460000000161	epochs	2.0
1007.9688474542236	0.10864890000004834	epochs	3.0
1008.0774963542236	0.10599709999996776	epochs	3.0
1008.1834934542236	0.20453500000007807	epochs	2.0
1008.1834934542236	0.10347150000006877	epochs	3.0
1008.2869649542237	0.1010635000000093	epochs	3.0
1008.3880284542237	0.19533400000000256	epochs	2.0
1008.3880284542237	0.09876509999992322	epochs	3.0
1008.4867935542236	0.09656890000007934	epochs	3.0
1008.5833624542237	0.18692529999998442	epochs	2.0
1008.5833624542237	0.09446829999990314	epochs	3.0
1008.6778307542236	0.09245700000008128	epochs	3.0
1008.7702877542237	0.17921069999999872	epochs	2.0
1008.7702877542237	0.09052959999996801	epochs	3.0
1008.8608173542236	0.08868110000003071	epochs	3.0
1008.9494984542237	0.17210769999996955	epochs	2.0
1008.9494984542237	0.08690630000000965	epochs	3.0
1009.0364047542237	0.0852013999999599	epochs	3.0
1009.1216061542236	0.16554640000003928	epochs	2.0
1009.1216061542236	0.08356189999994967	epochs	3.0
1009.2051680542236	0.08198450000008961	epochs	3.0
1009.2871525542237	0.15946709999991526	epochs	2.0
1009.2871525542237	0.08046539999998004	epochs	3.0
1009.3676179542236	0.07900169999993523	epochs	3.0
1009.4466196542236	0.15381840000009106	epochs	2.0
1009.4466196542236	0.07759010000006583	epochs	3.0
1009.5242097542236	0.07622830000002523	epochs	3.0
1009.6004380542237	0.14855639999996129	epochs	2.0
1009.6004380542237	0.07491329999993468	epochs	3.0
1009.6753513542236	0.0736431000000266	epochs	3.0
1009.7489944542236	0.14364239999997608	epochs	2.0
1009.7489944542236	0.07241499999997814	epochs	3.0
1009.8214094542236	0.07122739999999794	epochs	3.0
1009.8926368542236	0.13904309999998077	epochs	2.0
1009.8926368542236	0.07007799999996678	epochs	3.0
1009.9627148542236	0.06896510000001399	epochs	3.0
1010.0316799542236	0.1347293000000036	epochs	2.0
1010.0316799542236	0.0678871000000072	epochs	3.0
1010.0995670542236	0.06684219999999641	epochs	3.0
1010.1664092542236	0.1306752000000415	epochs	2.0
1010.1664092542236	0.06582910000008724	epochs	3.0
1010.2322383542237	0.06484609999995428	epochs	3.0
1010.2970844542236	0.12685780000003888	epochs	2.0
1010.2970844542236	0.06389200000000983	epochs	3.0
1010.3609764542236	0.06296580000002905	epochs	3.0
1010.4239422542237	0.12325720000001184	epochs	2.0
1010.4239422542237	0.062065799999913907	epochs	3.0
1010.4860080542236	0.06119140000009793	epochs	3.0
1010.5471994542237	0.11985539999989214	epochs	2.0
1010.5471994542237	0.060341099999959624	epochs	3.0
1010.6075405542236	0.05951429999993252	epochs	3.0
1010.6670548542236	0.11663620000001629	epochs	2.0
1010.6670548542236	0.05870960000004288	epochs	3.0
1010.7257644542236	0.057926599999973405	epochs	3.0
1010.7836910542236	0.11358560000007856	epochs	2.0
1010.7836910542236	0.05716419999998834	epochs	3.0
1010.8408552542236	0.056421400000090216	epochs	3.0
1010.8972766542237	0.11069049999991876	epochs	2.0
1010.8972766542237	0.05569789999992736	epochs	3.0
1010.9529745542236	0.0549925999999914	epochs	3.0
1011.0079671542236	0.1079391000000669	epochs	2.0
1011.0079671542236	0.05430490000003374	epochs	3.0
1011.0622720542236	0.05363420000003316	epochs	3.0
1011.1159062542237	0.10532149999994544	epochs	2.0
1011.1159062542237	0.05297999999993408	epochs	3.0
1011.1688862542236	0.052341500000011365	epochs	3.0
1011.2212277542236	0.10282760000006874	epochs	2.0
1011.2212277542236	0.05171810000001642	epochs	3.0
1011.2729458542236	0.05110950000005232	epochs	3.0
1011.3240553542237	0.10044909999999163	epochs	2.0
1011.3240553542237	0.05051489999993919	epochs	3.0
1011.3745702542236	0.04993420000005244	epochs	3.0
1011.4245044542237	0.0981782999999723	epochs	2.0
1011.4245044542237	0.04936659999998483	epochs	3.0
1011.4738710542237	0.04881169999998747	epochs	3.0
1011.5226827542236	0.09600779999993847	epochs	2.0
1011.5226827542236	0.04826920000004975	epochs	3.0
1011.5709519542237	0.04773859999988872	epochs	3.0
1011.6186905542236	0.09393120000004274	epochs	2.0
1011.6186905542236	0.04721950000009656	epochs	3.0
1011.6659100542237	0.04671169999994618	epochs	3.0
1011.7126217542236	0.09194260000003851	epochs	2.0
1011.7126217542236	0.046214599999984785	epochs	3.0
1011.7588363542236	0.045728000000053726	epochs	3.0
1011.8045643542237	0.09003629999995155	epochs	2.0
1011.8045643542237	0.045251499999949374	epochs	3.0
1011.8498158542236	0.04478480000000218	epochs	3.0
1011.8946006542236	0.08820760000003247	epochs	2.0
1011.8946006542236	0.044327800000019124	epochs	3.0
1011.9389284542236	0.04387980000001335	epochs	3.0
1011.9828082542236	0.0864516999999978	epochs	2.0
1011.9828082542236	0.04344100000002982	epochs	3.0
1012.0262492542237	0.04301069999996798	epochs	3.0
1012.0692599542236	0.08476429999996071	epochs	2.0
1012.0692599542236	0.04258900000002086	epochs	3.0
1012.1118489542237	0.04217529999993985	epochs	3.0
1012.1540242542236	0.08314150000001064	epochs	2.0
1012.1540242542236	0.04176970000003166	epochs	3.0
1012.1957939542236	0.041371799999978975	epochs	3.0
1012.2371657542236	0.08157970000002024	epochs	2.0
1012.2371657542236	0.04098140000007788	epochs	3.0
1012.2781471542237	0.040598299999942355	epochs	3.0
1012.3187454542236	0.08007550000002084	epochs	2.0
1012.3187454542236	0.04022229999998217	epochs	3.0
1012.3589677542236	0.03985320000003867	epochs	3.0
1012.3988209542237	0.07862569999997504	epochs	2.0
1012.3988209542237	0.0394907999999532	epochs	3.0
1012.4383117542236	0.039134900000021844	epochs	3.0
1012.4774466542236	0.07722760000001472	epochs	2.0
1012.4774466542236	0.038785400000051595	epochs	3.0
1012.5162320542237	0.03844219999996312	epochs	3.0
1012.5546742542236	0.07587820000003376	epochs	2.0
1012.5546742542236	0.038104800000041905	epochs	3.0
1012.5927790542237	0.03777339999999185	epochs	3.0
1012.6305524542237	0.07457519999991291	epochs	2.0
1012.6305524542237	0.03744769999991604	epochs	3.0
1012.6680001542236	0.03712749999999687	epochs	3.0
1012.7051276542236	0.07331629999998768	epochs	2.0
1012.7051276542236	0.0368129000000863	epochs	3.0
1012.7419405542237	0.036503399999901376	epochs	3.0
1012.7784439542236	0.07209900000009384	epochs	2.0
1012.7784439542236	0.03619910000008986	epochs	3.0
1012.8146430542237	0.03589990000000398	epochs	3.0
1012.8505429542237	0.07092169999998532	epochs	2.0
1012.8505429542237	0.03560559999993984	epochs	3.0
1012.8861485542236	0.03531610000004548	epochs	3.0
1012.9214646542237	0.06978200000003199	epochs	2.0
1012.9214646542237	0.03503119999993487	epochs	3.0
1012.9564958542236	0.034750800000097115	epochs	3.0
1012.9912466542237	0.06867859999999837	epochs	2.0
1012.9912466542237	0.034475099999895065	epochs	3.0
1013.0257217542236	0.034203500000103304	epochs	3.0
1013.0599252542237	0.06760929999995824	epochs	2.0
1013.0599252542237	0.033936199999970995	epochs	3.0
1013.0938614542237	0.033673099999987244	epochs	3.0
1013.1275345542236	0.06657289999998284	epochs	2.0
1013.1275345542236	0.03341399999999339	epochs	3.0
1013.1609485542236	0.033158899999989444	epochs	3.0
1013.1941074542236	0.06556780000005347	epochs	2.0
1013.1941074542236	0.032907700000009754	epochs	3.0
1013.2270151542236	0.03266010000004371	epochs	3.0
1013.2596752542237	0.06459259999996902	epochs	2.0
1013.2596752542237	0.032416399999988244	epochs	3.0
1013.2920916542237	0.03217619999998078	epochs	3.0
1013.3242678542236	0.0636459999999488	epochs	2.0
1013.3242678542236	0.03193959999998697	epochs	3.0
1013.3562074542236	0.03170639999996183	epochs	3.0
1013.3879138542236	0.0627266999999847	epochs	2.0
1013.3879138542236	0.03147660000001906	epochs	3.0
1013.4193904542236	0.03125009999996564	epochs	3.0
1013.4506405542236	0.06183359999999993	epochs	2.0
1013.4506405542236	0.031026900000028945	epochs	3.0
1013.4816674542236	0.030806699999970988	epochs	3.0
1013.5124741542236	0.06096560000003137	epochs	2.0
1013.5124741542236	0.030589800000029754	epochs	3.0
1013.5430639542236	0.030375800000001618	epochs	3.0
1013.5734397542236	0.06012160000000222	epochs	2.0
1013.5734397542236	0.030164900000045236	epochs	3.0
1013.6036046542237	0.02995669999995698	epochs	3.0
1013.6335613542236	0.05930069999999432	epochs	2.0
1013.6335613542236	0.029751600000054168	epochs	3.0
1013.6633129542237	0.029549099999940154	epochs	3.0
1013.6928620542236	0.05850180000004457	epochs	2.0
1013.6928620542236	0.02934940000000097	epochs	3.0
1013.7222114542236	0.0291524000000436	epochs	3.0
1013.7513638542237	0.05772419999993872	epochs	2.0
1013.7513638542237	0.028957999999988715	epochs	3.0
1013.7803218542236	0.028766199999950004	epochs	3.0
1013.8090880542236	0.05696710000006533	epochs	2.0
1013.8090880542236	0.028577000000041153	epochs	3.0
1013.8376650542236	0.028390100000024177	epochs	3.0
1013.8660551542237	0.05622949999997218	epochs	2.0
1013.8660551542237	0.028205699999944045	epochs	3.0
1013.8942608542236	0.028023800000028132	epochs	3.0
1013.9222846542236	0.05551070000001346	epochs	2.0
1013.9222846542236	0.027843999999959124	epochs	3.0
1013.9501286542236	0.027666700000054334	epochs	3.0
1013.9777953542236	0.054810200000019904	epochs	2.0
1013.9777953542236	0.02749149999999645	epochs	3.0
1014.0052868542236	0.027318700000023455	epochs	3.0
1014.0326055542237	0.05412699999999404	epochs	2.0
1014.0326055542237	0.027147799999966082	epochs	3.0
1014.0597533542236	0.02697920000002796	epochs	3.0
1014.0867325542237	0.053460699999959616	epochs	2.0
1014.0867325542237	0.0268125999999711	epochs	3.0
1014.1135451542236	0.026648099999988517	epochs	3.0
1014.1401932542236	0.05281070000000909	epochs	2.0
1014.1401932542236	0.026485600000000886	epochs	3.0
1014.1666788542236	0.026325100000008206	epochs	3.0
1014.1930039542236	0.05217619999996259	epochs	2.0
1014.1930039542236	0.026166399999965506	epochs	3.0
1014.2191703542236	0.026009799999997085	epochs	3.0
1014.2451801542236	0.051556699999991906	epochs	2.0
1014.2451801542236	0.025854800000047362	epochs	3.0
1014.2710349542236	0.025701899999944544	epochs	3.0
1014.2967368542236	0.050951900000086425	epochs	2.0
1014.2967368542236	0.02555070000005344	epochs	3.0
1014.3222875542236	0.025401200000032986	epochs	3.0
1014.3476887542237	0.05036099999995258	epochs	2.0
1014.3476887542237	0.025253499999962514	epochs	3.0
1014.3729422542236	0.02510749999999007	epochs	3.0
1014.3980497542236	0.049783800000000156	epochs	2.0
1014.3980497542236	0.02496320000000196	epochs	3.0
1014.4230129542236	0.024820599999998194	epochs	3.0
1014.4478335542236	0.049219500000049266	epochs	2.0
1014.4478335542236	0.024679399999968155	epochs	3.0
1014.4725129542236	0.02454010000008111	epochs	3.0
1014.4970530542237	0.048667899999941255	epochs	2.0
1014.4970530542237	0.02440209999997478	epochs	3.0
1014.5214551542236	0.024265799999966475	epochs	3.0
1014.5457209542236	0.04812860000004093	epochs	2.0
1014.5457209542236	0.024131000000011227	epochs	3.0
1014.5698519542236	0.023997600000029706	epochs	3.0
1014.5938495542237	0.04760109999995166	epochs	2.0
1014.5938495542237	0.023865799999953197	epochs	3.0
1014.6177153542236	0.02373529999999846	epochs	3.0
1014.6414506542236	0.047085000000038235	epochs	2.0
1014.6414506542236	0.023606299999983094	epochs	3.0
1014.6650569542236	0.02347870000005514	epochs	3.0
1014.6885356542236	0.046579999999948996	epochs	2.0
1014.6885356542236	0.02335249999998723	epochs	3.0
1014.7118881542236	0.023227499999961765	epochs	3.0
1014.7351156542236	0.046085700000048746	epochs	2.0
1014.7351156542236	0.023103999999989355	epochs	3.0
1014.7582196542236	0.02298170000005939	epochs	3.0
1014.7812013542236	0.045601799999985815	epochs	2.0
1014.7812013542236	0.022860700000023826	epochs	3.0
1014.8040620542237	0.02274109999996199	epochs	3.0
1014.8268031542236	0.04512790000001132	epochs	2.0
1014.8268031542236	0.022622500000011314	epochs	3.0
1014.8494256542236	0.02250540000000001	epochs	3.0
1014.8719310542236	0.044663799999966614	epochs	2.0
1014.8719310542236	0.02238929999998618	epochs	3.0
1014.8943203542236	0.022274499999980435	epochs	3.0
1014.9165948542236	0.04420920000006845	epochs	2.0
1014.9165948542236	0.022160800000051495	epochs	3.0
1014.9387556542237	0.022048400000016954	epochs	3.0
1014.9608040542237	0.04376359999992019	epochs	2.0
1014.9608040542237	0.021936900000014248	epochs	3.0
1014.9827409542237	0.02182669999990594	epochs	3.0
1015.0045676542236	0.04332710000005591	epochs	2.0
1015.0045676542236	0.021717599999988124	epochs	3.0
1015.0262852542236	0.021609500000067783	epochs	3.0
1015.0478947542236	0.04289900000003399	epochs	2.0
1015.0478947542236	0.02150249999999687	epochs	3.0
1015.0693972542236	0.021396500000037122	epochs	3.0
1015.0907937542237	0.04247949999989942	epochs	2.0
1015.0907937542237	0.02129170000000613	epochs	3.0
1015.1120854542237	0.021187799999893286	epochs	3.0
1015.1332732542236	0.042067900000006375	epochs	2.0
1015.1332732542236	0.02108490000000529	epochs	3.0
1015.1543581542236	0.020983000000001084	epochs	3.0
1015.1753411542236	0.04166440000005878	epochs	2.0
1015.1753411542236	0.02088220000007368	epochs	3.0
1015.1962233542237	0.020782199999985096	epochs	3.0
1015.2170055542236	0.04126850000000104	epochs	2.0
1015.2170055542236	0.020683299999973315	epochs	3.0
1015.2376888542236	0.020585200000027726	epochs	3.0
1015.2582740542236	0.04088000000001557	epochs	2.0
1015.2582740542236	0.020488099999965925	epochs	3.0
1015.2787621542236	0.020391900000049645	epochs	3.0
1015.2991540542237	0.04049880000002304	epochs	2.0
1015.2991540542237	0.020296599999937825	epochs	3.0
1015.3194506542236	0.020202200000085213	epochs	3.0
1015.3396528542237	0.040124599999899146	epochs	2.0
1015.3396528542237	0.020108699999923374	epochs	3.0
1015.3597615542236	0.020015899999975773	epochs	3.0
1015.3797774542236	0.03975730000001931	epochs	2.0
1015.3797774542236	0.019924200000104975	epochs	3.0
1015.3997016542237	0.01983309999991434	epochs	3.0
1015.4195347542236	0.03939669999999751	epochs	2.0
1015.4195347542236	0.01974300000006224	epochs	3.0
1015.4392777542237	0.01965369999993527	epochs	3.0
1015.4589314542236	0.039042400000084854	epochs	2.0
1015.4589314542236	0.01956510000002254	epochs	3.0
1015.4784965542236	0.019477300000062314	epochs	3.0
1015.4979738542237	0.03869459999998526	epochs	2.0
1015.4979738542237	0.01939039999990655	epochs	3.0
1015.5173642542236	0.01930420000007871	epochs	3.0
1015.5366684542237	0.03835289999994984	epochs	2.0
1015.5366684542237	0.019218799999976	epochs	3.0
1015.5558872542236	0.01913409999997384	epochs	3.0
1015.5750213542236	0.03801720000001296	epochs	2.0
1015.5750213542236	0.019050200000037876	epochs	3.0
1015.5940715542237	0.018966999999975087	epochs	3.0
1015.6130385542236	0.037687200000050325	epochs	2.0
1015.6130385542236	0.01888450000001285	epochs	3.0
1015.6319230542236	0.018802700000037476	epochs	3.0
1015.6507257542237	0.03736309999999321	epochs	2.0
1015.6507257542237	0.01872169999990092	epochs	3.0
1015.6694474542236	0.01864140000009229	epochs	3.0
1015.6880888542237	0.03704429999993408	epochs	2.0
1015.6880888542237	0.01856159999999818	epochs	3.0
1015.7066504542237	0.018482699999935903	epochs	3.0
1015.7251331542236	0.0367310000000316	epochs	2.0
1015.7251331542236	0.018404300000042895	epochs	3.0
1015.7435374542237	0.018326699999988705	epochs	3.0
1015.7618641542236	0.03642289999993409	epochs	2.0
1015.7618641542236	0.018249599999990096	epochs	3.0
1015.7801137542236	0.018173299999943993	epochs	3.0
1015.7982870542236	0.03612010000006194	epochs	2.0
1015.7982870542236	0.0180976000000328	epochs	3.0
1015.8163846542236	0.01802250000002914	epochs	3.0
1015.8344071542236	0.03582210000001851	epochs	2.0
1015.8344071542236	0.017947899999967376	epochs	3.0
1015.8523550542236	0.017874200000051133	epochs	3.0
1015.8702292542237	0.03552899999999681	epochs	2.0
1015.8702292542237	0.017800800000031813	epochs	3.0
1015.8880300542237	0.017728199999965	epochs	3.0
1015.9057582542237	0.03524070000003121	epochs	2.0
1015.9057582542237	0.017656099999953767	epochs	3.0
1015.9234143542236	0.017584600000077444	epochs	3.0
1015.9409989542237	0.03495709999992869	epochs	2.0
1015.9409989542237	0.01751369999999497	epochs	3.0
1015.9585126542237	0.017443399999933717	epochs	3.0
1015.9759560542236	0.03467790000001969	epochs	2.0
1015.9759560542236	0.017373600000041733	epochs	3.0
1015.9933296542237	0.017304299999977957	epochs	3.0
1016.0106339542236	0.03440330000000813	epochs	2.0
1016.0106339542236	0.01723570000001473	epochs	3.0
1016.0278696542237	0.0171675999999934	epochs	3.0
1016.0450372542236	0.03413279999995211	epochs	2.0
1016.0450372542236	0.01709989999994832	epochs	3.0
1016.0621371542236	0.017032900000003792	epochs	3.0
1016.0791700542236	0.03386670000008962	epochs	2.0
1016.0791700542236	0.01696640000000116	epochs	3.0
1016.0961364542236	0.016900300000088464	epochs	3.0
1016.1130367542237	0.03360459999998966	epochs	2.0
1016.1130367542237	0.01683479999996962	epochs	3.0
1016.1298715542237	0.01676980000002004	epochs	3.0
1016.1466413542237	0.033346599999958926	epochs	2.0
1016.1466413542237	0.016705300000012357	epochs	3.0
1016.1633466542237	0.01664129999994657	epochs	3.0
1016.1799879542236	0.03309249999995245	epochs	2.0
1016.1799879542236	0.016577800000050047	epochs	3.0
1016.1965657542237	0.016514699999902405	epochs	3.0
1016.2130804542236	0.032842300000083924	epochs	2.0
1016.2130804542236	0.01645220000000336	epochs	3.0
1016.2295326542236	0.016390100000080565	epochs	3.0
1016.2459227542237	0.03259570000000167	epochs	2.0
1016.2459227542237	0.01632839999990665	epochs	3.0
1016.2622511542236	0.01626730000009502	epochs	3.0
1016.2785184542237	0.032352899999978035	epochs	2.0
1016.2785184542237	0.01620659999991858	epochs	3.0
1016.2947250542236	0.016146300000059455	epochs	3.0
1016.3108713542237	0.03211369999996805	epochs	2.0
1016.3108713542237	0.016086599999994178	epochs	3.0
1016.3269579542236	0.01602709999997387	epochs	3.0
1016.3429850542236	0.03187800000000607	epochs	2.0
1016.3429850542236	0.015968199999974786	epochs	3.0
1016.3589532542236	0.015909800000031282	epochs	3.0
1016.3748630542236	0.031645700000012766	epochs	2.0
1016.3748630542236	0.01585160000001906	epochs	3.0
1016.3907146542236	0.015794099999993705	epochs	3.0
1016.4065087542236	0.0314167000000225	epochs	2.0
1016.4065087542236	0.015736700000047676	epochs	3.0
1016.4222454542237	0.015679999999974825	epochs	3.0
1016.4379254542237	0.031191100000000915	epochs	2.0
1016.4379254542237	0.015623600000026272	epochs	3.0
1016.4535490542237	0.015567499999974643	epochs	3.0
1016.4691165542237	0.030968700000016725	epochs	2.0
1016.4691165542237	0.015511999999944237	epochs	3.0
1016.4846285542236	0.015456700000072487	epochs	3.0
1016.5000852542237	0.030749499999956242	epochs	2.0
1016.5000852542237	0.015401999999994587	epochs	3.0
1016.5154872542237	0.015347499999961656	epochs	3.0
1016.5308347542236	0.03053320000003623	epochs	2.0
1016.5308347542236	0.015293400000018664	epochs	3.0
1016.5461281542237	0.015239800000017567	epochs	3.0
1016.5613679542237	0.030320099999926242	epochs	2.0
1016.5613679542237	0.015186499999913394	epochs	3.0
1016.5765544542236	0.015133600000012848	epochs	3.0
1016.5916880542236	0.03010990000007041	epochs	2.0
1016.5916880542236	0.015081000000009226	epochs	3.0
1016.6067690542236	0.015028900000061185	epochs	3.0
1016.6217979542237	0.029902499999934662	epochs	2.0
1016.6217979542237	0.01497699999993074	epochs	3.0
1016.6367749542236	0.014925500000003922	epochs	3.0
1016.6517004542236	0.029698100000018712	epochs	2.0
1016.6517004542236	0.014874400000053356	epochs	3.0
1016.6665748542237	0.014823699999965356	epochs	3.0
1016.6813985542236	0.02949630000000525	epochs	2.0
1016.6813985542236	0.014773200000036013	epochs	3.0
1016.6961717542237	0.014723099999969236	epochs	3.0
1016.7108948542236	0.02929740000001857	epochs	2.0
1016.7108948542236	0.014673399999992398	epochs	3.0
1016.7255682542236	0.014624000000026172	epochs	3.0
1016.7401922542236	0.029101099999934377	epochs	2.0
1016.7401922542236	0.01457489999995687	epochs	3.0
1016.7547671542236	0.014526199999977507	epochs	3.0
1016.7692933542236	0.02890740000009373	epochs	2.0
1016.7692933542236	0.014477700000043114	epochs	3.0
1016.7837710542236	0.014429700000050616	epochs	3.0
1016.7982007542237	0.028716199999962555	epochs	2.0
1016.7982007542237	0.014381799999910072	epochs	3.0
1016.8125825542236	0.014334400000052483	epochs	3.0
1016.8269169542236	0.02852759999996124	epochs	2.0
1016.8269169542236	0.01428720000001249	epochs	3.0
1016.8412041542236	0.01424039999994875	epochs	3.0
1016.8554445542236	0.028341400000044814	epochs	2.0
1016.8554445542236	0.014193800000043666	epochs	3.0
1016.8696383542236	0.014147600000001148	epochs	3.0
1016.8837859542236	0.028157699999951546	epochs	2.0
1016.8837859542236	0.014101699999969242	epochs	3.0
1016.8978876542236	0.014055999999982305	epochs	3.0
1016.9119436542236	0.027976300000091214	epochs	2.0
1016.9119436542236	0.01401060000000598	epochs	3.0
1016.9259542542236	0.013965700000085235	epochs	3.0
1016.9399199542237	0.027797199999895383	epochs	2.0
1016.9399199542237	0.013920799999937117	epochs	3.0
1016.9538407542236	0.013876399999958267	epochs	3.0
1016.9677171542236	0.027620400000046175	epochs	2.0
1016.9677171542236	0.013832200000024386	epochs	3.0
1016.9815493542236	0.013788200000021789	epochs	3.0
1016.9953375542236	0.027445899999975154	epochs	2.0
1016.9953375542236	0.013744599999995444	epochs	3.0
1017.0090821542236	0.01370129999997971	epochs	3.0
1017.0227834542236	0.027273499999978412	epochs	2.0
1017.0227834542236	0.013658200000008947	epochs	3.0
1017.0364416542236	0.013615299999969466	epochs	3.0
1017.0500569542236	0.02710340000010092	epochs	2.0
1017.0500569542236	0.013572800000019924	epochs	3.0
1017.0636297542236	0.013530600000080995	epochs	3.0
1017.0771603542237	0.026935199999911674	epochs	2.0
1017.0771603542237	0.01348839999991469	epochs	3.0
1017.0906487542236	0.013446799999996983	epochs	3.0
1017.1040955542236	0.026769199999989723	epochs	2.0
1017.1040955542236	0.013405200000079276	epochs	3.0
1017.1175007542237	0.013363999999910448	epochs	3.0
1017.1308647542236	0.026605200000062723	epochs	2.0
1017.1308647542236	0.013322900000048321	epochs	3.0
1017.1441876542236	0.013282300000014402	epochs	3.0
1017.1574699542236	0.026443200000016986	epochs	2.0
1017.1574699542236	0.013241699999980483	epochs	3.0
1017.1707116542236	0.013201500000036503	epochs	3.0
1017.1839131542237	0.0262831999999662	epochs	2.0
1017.1839131542237	0.013161500000023807	epochs	3.0
1017.1970746542237	0.013121699999942393	epochs	3.0
1017.2101963542236	0.02612499999997908	epochs	2.0
1017.2101963542236	0.013082100000019636	epochs	3.0
1017.2232784542236	0.013042899999959445	epochs	3.0
1017.2363213542236	0.025968900000066242	epochs	2.0
1017.2363213542236	0.01300390000005791	epochs	3.0
1017.2493252542237	0.012965000000008331	epochs	3.0
1017.2622902542237	0.025814499999910367	epochs	2.0
1017.2622902542237	0.012926399999969362	epochs	3.0
1017.2752166542236	0.012888099999941005	epochs	3.0
1017.2881047542236	0.025661900000045534	epochs	2.0
1017.2881047542236	0.012849900000105663	epochs	3.0
1017.3009546542237	0.012811999999939871	epochs	3.0
1017.3137666542236	0.025511199999982637	epochs	2.0
1017.3137666542236	0.012774400000012065	epochs	3.0
1017.3265410542236	0.012736799999970572	epochs	3.0
1017.3392778542236	0.025362299999983406	epochs	2.0
1017.3392778542236	0.01269969999998466	epochs	3.0
1017.3519775542236	0.012662599999998747	epochs	3.0
1017.3646401542236	0.025215000000002874	epochs	2.0
1017.3646401542236	0.012625800000023446	epochs	3.0
1017.3772659542236	0.012589199999979428	epochs	3.0
1017.3898551542236	0.024584800000070572	epochs	2.0
1017.4136076542236	0.5	epochs	-1.0
1017.4144399542237	0.5276799999999184	epochs	1.0
1017.9421199542236	0.47224000000005617	epochs	0.0
1018.2929997444153	0.09136000000000877	epochs	0.0
1018.2929997444153	0.04068259999996826	epochs	1.0
1018.3336823444153	0.009994800000072246	epochs	1.0
1018.3436771444153	0.04068259999996826	epochs	1.0
1018.3844397444153	2.0	epochs	0.0
1020.3844074444153	0.5	epochs	-1.0
1020.3844397444153	21.50768000000005	epochs	0.0
1020.3844397444153	1.0	epochs	1.0
1020.8844074444153	19.999199999999973	epochs	-1.0
1021.3844397444153	19.999999999999886	epochs	1.0
1021.3844397444153	4.356753899999944	epochs	-1.0
1021.3844397444153	1.9745871999999736	epochs	2.0
1021.3844397444153	1.0985621999999466	epochs	3.0
1022.4830019444153	0.8760250000000269	epochs	3.0
1023.3590269444153	1.3524075000000266	epochs	2.0
1023.3590269444153	0.7286354999998821	epochs	3.0
1024.0876624444152	0.6237720000001445	epochs	3.0
1024.7114344444153	1.029759199999944	epochs	2.0
1024.7114344444153	0.5453293000000485	epochs	3.0
1025.2567637444154	0.4844298999998955	epochs	3.0
1025.7411936444153	0.8317862000001242	epochs	2.0
1025.7411936444153	0.4357763000000432	epochs	3.0
1026.1769699444153	0.39600990000008096	epochs	3.0
1026.5729798444154	0.6977969999998095	epochs	2.0
1026.5729798444154	0.36289819999979045	epochs	3.0
1026.9358780444152	0.33489880000001904	epochs	3.0
1027.2707768444152	0.601045699999986	epochs	2.0
1027.2707768444152	0.3109123000001546	epochs	3.0
1027.5816891444153	0.29013339999983145	epochs	3.0
1027.8718225444152	0.5278859000000011	epochs	2.0
1027.8718225444152	0.2719586000000618	epochs	3.0
1028.1437811444152	0.25592729999993935	epochs	3.0
1028.3997084444152	0.4706193000001804	epochs	2.0
1028.3997084444152	0.24168130000020938	epochs	3.0
1028.6413897444154	0.228937999999971	epochs	3.0
1028.8703277444154	0.42457039999999324	epochs	2.0
1028.8703277444154	0.21747140000002219	epochs	3.0
1029.0877991444154	0.20709899999997106	epochs	3.0
1029.2948981444154	0.3867353999999068	epochs	2.0
1029.2948981444154	0.19767109999997956	epochs	3.0
1029.4925692444153	0.18906429999992724	epochs	3.0
1029.6816335444153	0.35509530000013	epochs	2.0
1029.6816335444153	0.18117589999997108	epochs	3.0
1029.8628094444152	0.17391940000015893	epochs	3.0
1030.0367288444154	0.3282430999997814	epochs	2.0
1030.0367288444154	0.16722189999995862	epochs	3.0
1030.2039507444154	0.16102119999982278	epochs	3.0
1030.3649719444152	0.30516800000009425	epochs	2.0
1030.3649719444152	0.15526390000013635	epochs	3.0
1030.5202358444153	0.1499040999999579	epochs	3.0
1030.6701399444153	0.28512530000011793	epochs	2.0
1030.6701399444153	0.1449021000000812	epochs	3.0
1030.8150420444153	0.14022320000003674	epochs	3.0
1030.9552652444154	0.2675537999998596	epochs	2.0
1030.9552652444154	0.1358368999999584	epochs	3.0
1031.0911021444153	0.13171689999990122	epochs	3.0
1031.2228190444152	0.252022899999929	epochs	2.0
1031.2228190444152	0.1278393000000051	epochs	3.0
1031.3506583444153	0.1241835999999239	epochs	3.0
1031.4748419444152	0.23819650000018555	epochs	2.0
1031.4748419444152	0.12073110000005727	epochs	3.0
1031.5955730444152	0.11746540000012828	epochs	3.0
1031.7130384444154	0.22580879999986792	epochs	2.0
1031.7130384444154	0.1143718999999237	epochs	3.0
1031.8274103444153	0.11143689999994422	epochs	3.0
1031.9388472444152	0.2146460000001298	epochs	2.0
1031.9388472444152	0.10864890000016203	epochs	3.0
1032.0474961444154	0.10599709999996776	epochs	3.0
1032.1534932444154	0.2045349999998507	epochs	2.0
1032.1534932444154	0.1034714999998414	epochs	3.0
1032.2569647444152	0.1010635000000093	epochs	3.0
1032.3580282444152	0.19533400000000256	epochs	2.0
1032.3580282444152	0.09876510000003691	epochs	3.0
1032.4567933444152	0.09656889999996565	epochs	3.0
1032.5533622444152	0.18692529999998442	epochs	2.0
1032.5533622444152	0.09446830000001682	epochs	3.0
1032.6478305444152	0.09245699999996759	epochs	3.0
1032.7402875444152	0.1792107000001124	epochs	2.0
1032.7402875444152	0.0905296000000817	epochs	3.0
1032.8308171444153	0.08868110000003071	epochs	3.0
1032.9194982444153	0.17210769999996955	epochs	2.0
1032.9194982444153	0.08690630000000965	epochs	3.0
1033.0064045444153	0.0852013999999599	epochs	3.0
1033.0916059444153	0.16554640000003928	epochs	2.0
1033.0916059444153	0.08356189999994967	epochs	3.0
1033.1751678444152	0.08198450000008961	epochs	3.0
1033.2571523444153	0.15946710000002895	epochs	2.0
1033.2571523444153	0.08046539999986635	epochs	3.0
1033.3376177444152	0.0790017000001626	epochs	3.0
1033.4166194444153	0.1538183999998637	epochs	2.0
1033.4166194444153	0.07759009999995214	epochs	3.0
1033.4942095444153	0.07622829999991154	epochs	3.0
1033.5704378444152	0.14855639999996129	epochs	2.0
1033.5704378444152	0.07491330000016205	epochs	3.0
1033.6453511444154	0.07364309999979923	epochs	3.0
1033.7189942444152	0.14364240000008976	epochs	2.0
1033.7189942444152	0.07241500000009182	epochs	3.0
1033.7914092444153	0.07122739999999794	epochs	3.0
1033.8626366444153	0.13904309999998077	epochs	2.0
1033.8626366444153	0.07007799999996678	epochs	3.0
1033.9327146444152	0.06896510000001399	epochs	3.0
1034.0016797444152	0.1347293000001173	epochs	2.0
1034.0016797444152	0.0678871000000072	epochs	3.0
1034.0695668444152	0.0668422000001101	epochs	3.0
1034.1364090444154	0.13067519999981414	epochs	2.0
1034.1364090444154	0.06582909999997355	epochs	3.0
1034.2022381444153	0.06484609999984059	epochs	3.0
1034.2670842444152	0.12685780000015257	epochs	2.0
1034.2670842444152	0.06389200000012352	epochs	3.0
1034.3309762444153	0.06296580000002905	epochs	3.0
1034.3939420444153	0.12325719999989815	epochs	2.0
1034.3939420444153	0.06206580000002759	epochs	3.0
1034.4560078444154	0.061191399999870555	epochs	3.0
1034.5171992444152	0.11985540000000583	epochs	2.0
1034.5171992444152	0.060341099999959624	epochs	3.0
1034.5775403444152	0.059514300000046205	epochs	3.0
1034.6370546444152	0.11663620000012997	epochs	2.0
1034.6370546444152	0.05870960000015657	epochs	3.0
1034.6957642444154	0.057926599999973405	epochs	3.0
1034.7536908444154	0.11358559999985118	epochs	2.0
1034.7536908444154	0.05716419999998834	epochs	3.0
1034.8108550444153	0.05642139999986284	epochs	3.0
1034.8672764444152	0.11069050000014613	epochs	2.0
1034.8672764444152	0.055697900000041045	epochs	3.0
1034.9229743444153	0.054992600000105085	epochs	3.0
1034.9779669444154	0.10793909999983953	epochs	2.0
1034.9779669444154	0.05430490000003374	epochs	3.0
1035.0322718444154	0.05363419999980579	epochs	3.0
1035.0859060444152	0.10532150000017282	epochs	2.0
1035.0859060444152	0.052980000000161453	epochs	3.0
1035.1388860444154	0.052341500000011365	epochs	3.0
1035.1912275444154	0.10282759999995505	epochs	2.0
1035.1912275444154	0.05171810000001642	epochs	3.0
1035.2429456444154	0.051109499999938635	epochs	3.0
1035.2940551444153	0.10044909999987794	epochs	2.0
1035.2940551444153	0.050514900000052876	epochs	3.0
1035.3445700444154	0.04993419999982507	epochs	3.0
1035.3945042444152	0.0981782999999723	epochs	2.0
1035.3945042444152	0.04936659999998483	epochs	3.0
1035.4438708444152	0.04881169999998747	epochs	3.0
1035.4926825444152	0.09600780000005216	epochs	2.0
1035.4926825444152	0.04826920000004975	epochs	3.0
1035.5409517444152	0.04773860000000241	epochs	3.0
1035.5886903444152	0.09393120000004274	epochs	2.0
1035.5886903444152	0.04721949999998287	epochs	3.0
1035.6359098444152	0.046711700000059864	epochs	3.0
1035.6826215444153	0.09194260000003851	epochs	2.0
1035.6826215444153	0.046214599999984785	epochs	3.0
1035.7288361444153	0.045728000000053726	epochs	3.0
1035.7745641444153	0.09003630000006524	epochs	2.0
1035.7745641444153	0.045251499999949374	epochs	3.0
1035.8198156444153	0.044784800000115865	epochs	3.0
1035.8646004444154	0.0882075999998051	epochs	2.0
1035.8646004444154	0.044327800000019124	epochs	3.0
1035.9089282444154	0.04387979999978597	epochs	3.0
1035.9528080444152	0.0864516999999978	epochs	2.0
1035.9528080444152	0.04344100000002982	epochs	3.0
1035.9962490444152	0.04301069999996798	epochs	3.0
1036.0392597444152	0.08476430000018809	epochs	2.0
1036.0392597444152	0.04258900000013455	epochs	3.0
1036.0818487444153	0.04217530000005354	epochs	3.0
1036.1240240444154	0.08314150000001064	epochs	2.0
1036.1240240444154	0.04176969999980429	epochs	3.0
1036.1657937444152	0.04137180000020635	epochs	3.0
1036.2071655444154	0.08157970000002024	epochs	2.0
1036.2071655444154	0.040981399999964196	epochs	3.0
1036.2481469444153	0.04059830000005604	epochs	3.0
1036.2887452444154	0.08007549999979346	epochs	2.0
1036.2887452444154	0.04022229999986848	epochs	3.0
1036.3289675444153	0.03985319999992498	epochs	3.0
1036.3688207444152	0.07862570000020241	epochs	2.0
1036.3688207444152	0.039490800000066884	epochs	3.0
1036.4083115444153	0.03913490000013553	epochs	3.0
1036.4474464444154	0.07722759999978734	epochs	2.0
1036.4474464444154	0.03878539999982422	epochs	3.0
1036.4862318444152	0.03844219999996312	epochs	3.0
1036.5246740444152	0.07587820000003376	epochs	2.0
1036.5246740444152	0.03810480000015559	epochs	3.0
1036.5627788444153	0.037773399999878166	epochs	3.0
1036.6005522444152	0.0745752000000266	epochs	2.0
1036.6005522444152	0.03744770000002973	epochs	3.0
1036.6379999444152	0.03712749999999687	epochs	3.0
1036.6751274444152	0.07331629999998768	epochs	2.0
1036.6751274444152	0.0368129000000863	epochs	3.0
1036.7119403444153	0.036503399999901376	epochs	3.0
1036.7484437444152	0.07209899999998015	epochs	2.0
1036.7484437444152	0.03619909999997617	epochs	3.0
1036.7846428444152	0.03589990000000398	epochs	3.0
1036.8205427444152	0.07092170000009901	epochs	2.0
1036.8205427444152	0.03560560000005353	epochs	3.0
1036.8561483444153	0.03531610000004548	epochs	3.0
1036.8914644444153	0.06978200000003199	epochs	2.0
1036.8914644444153	0.03503120000004856	epochs	3.0
1036.9264956444154	0.03475079999998343	epochs	3.0
1036.9612464444153	0.06867859999988468	epochs	2.0
1036.9612464444153	0.03447510000000875	epochs	3.0
1036.9957215444153	0.03420349999987593	epochs	3.0
1037.0299250444152	0.06760929999995824	epochs	2.0
1037.0299250444152	0.033936199999970995	epochs	3.0
1037.0638612444152	0.033673099999987244	epochs	3.0
1037.0975343444152	0.06657290000021021	epochs	2.0
1037.0975343444152	0.03341399999999339	epochs	3.0
1037.1309483444152	0.03315890000021682	epochs	3.0
1037.1641072444154	0.06556779999982609	epochs	2.0
1037.1641072444154	0.03290769999989607	epochs	3.0
1037.1970149444153	0.032660099999930026	epochs	3.0
1037.2296750444152	0.06459259999996902	epochs	2.0
1037.2296750444152	0.03241640000010193	epochs	3.0
1037.2620914444153	0.032176199999867094	epochs	3.0
1037.2942676444152	0.06364600000006249	epochs	2.0
1037.2942676444152	0.03193959999998697	epochs	3.0
1037.3262072444152	0.03170640000007552	epochs	3.0
1037.3579136444152	0.0627266999999847	epochs	2.0
1037.3579136444152	0.03147660000013275	epochs	3.0
1037.3893902444154	0.031250099999851955	epochs	3.0
1037.4206403444152	0.06183359999999993	epochs	2.0
1037.4206403444152	0.031026900000142632	epochs	3.0
1037.4516672444154	0.0308066999998573	epochs	3.0
1037.4824739444152	0.06096560000014506	epochs	2.0
1037.4824739444152	0.03058980000014344	epochs	3.0
1037.5130637444154	0.030375800000001618	epochs	3.0
1037.5434395444154	0.06012160000000222	epochs	2.0
1037.5434395444154	0.030164899999817862	epochs	3.0
1037.5736044444152	0.029956700000184355	epochs	3.0
1037.6035611444154	0.05930069999999432	epochs	2.0
1037.6035611444154	0.029751599999826794	epochs	3.0
1037.6333127444152	0.029549100000167527	epochs	3.0
1037.6628618444154	0.05850179999993088	epochs	2.0
1037.6628618444154	0.02934940000000097	epochs	3.0
1037.6922112444154	0.029152399999929912	epochs	3.0
1037.7213636444153	0.05772419999993872	epochs	2.0
1037.7213636444153	0.028957999999875028	epochs	3.0
1037.7503216444152	0.02876620000006369	epochs	3.0
1037.7790878444152	0.05696710000006533	epochs	2.0
1037.7790878444152	0.028577000000041153	epochs	3.0
1037.8076648444153	0.028390100000024177	epochs	3.0
1037.8360549444153	0.05622949999997218	epochs	2.0
1037.8360549444153	0.028205699999944045	epochs	3.0
1037.8642606444153	0.028023800000028132	epochs	3.0
1037.8922844444153	0.05551070000001346	epochs	2.0
1037.8922844444153	0.027843999999959124	epochs	3.0
1037.9201284444152	0.027666700000054334	epochs	3.0
1037.9477951444153	0.054810200000019904	epochs	2.0
1037.9477951444153	0.02749149999999645	epochs	3.0
1037.9752866444153	0.027318700000023455	epochs	3.0
1038.0026053444153	0.054126999999880354	epochs	2.0
1038.0026053444153	0.027147799999966082	epochs	3.0
1038.0297531444153	0.026979199999914272	epochs	3.0
1038.0567323444152	0.05346070000018699	epochs	2.0
1038.0567323444152	0.026812600000084785	epochs	3.0
1038.0835449444153	0.026648100000102204	epochs	3.0
1038.1101930444154	0.05281070000000909	epochs	2.0
1038.1101930444154	0.0264855999998872	epochs	3.0
1038.1366786444153	0.026325100000121893	epochs	3.0
1038.1630037444154	0.052176199999848905	epochs	2.0
1038.1630037444154	0.026166399999965506	epochs	3.0
1038.1891701444154	0.0260097999998834	epochs	3.0
1038.2151799444152	0.051556699999991906	epochs	2.0
1038.2151799444152	0.025854799999933675	epochs	3.0
1038.2410347444152	0.02570190000005823	epochs	3.0
1038.2667366444152	0.05095189999997274	epochs	2.0
1038.2667366444152	0.025550699999939752	epochs	3.0
1038.2922873444152	0.025401200000032986	epochs	3.0
1038.3176885444152	0.05036100000006627	epochs	2.0
1038.3176885444152	0.025253500000189888	epochs	3.0
1038.3429420444154	0.02510749999987638	epochs	3.0
1038.3680495444153	0.04978380000011384	epochs	2.0
1038.3680495444153	0.02496320000000196	epochs	3.0
1038.3930127444153	0.02482060000011188	epochs	3.0
1038.4178333444154	0.04921949999993558	epochs	2.0
1038.4178333444154	0.024679399999968155	epochs	3.0
1038.4425127444154	0.024540099999967424	epochs	3.0
1038.4670528444153	0.04866790000005494	epochs	2.0
1038.4670528444153	0.024402099999861093	epochs	3.0
1038.4914549444152	0.02426580000019385	epochs	3.0
1038.5157207444154	0.048128599999927246	epochs	2.0
1038.5157207444154	0.02413099999989754	epochs	3.0
1038.5398517444153	0.023997600000029706	epochs	3.0
1038.5638493444153	0.047601100000065344	epochs	2.0
1038.5638493444153	0.023865800000066884	epochs	3.0
1038.5877151444154	0.02373529999999846	epochs	3.0
1038.6114504444154	0.04708499999992455	epochs	2.0
1038.6114504444154	0.023606299999983094	epochs	3.0
1038.6350567444154	0.023478699999941455	epochs	3.0
1038.6585354444153	0.046579999999948996	epochs	2.0
1038.6585354444153	0.023352500000100918	epochs	3.0
1038.6818879444154	0.023227499999848078	epochs	3.0
1038.7051154444152	0.046085700000048746	epochs	2.0
1038.7051154444152	0.023104000000103042	epochs	3.0
1038.7282194444153	0.022981699999945704	epochs	3.0
1038.7512011444153	0.045601799999985815	epochs	2.0
1038.7512011444153	0.02286069999991014	epochs	3.0
1038.7740618444152	0.022741100000075676	epochs	3.0
1038.7968029444153	0.045127899999897636	epochs	2.0
1038.7968029444153	0.022622499999897627	epochs	3.0
1038.8194254444152	0.02250540000000001	epochs	3.0
1038.8419308444152	0.0446638000000803	epochs	2.0
1038.8419308444152	0.022389300000213552	epochs	3.0
1038.8643201444154	0.022274499999866748	epochs	3.0
1038.8865946444153	0.04420920000006845	epochs	2.0
1038.8865946444153	0.022160799999937808	epochs	3.0
1038.9087554444152	0.02204840000013064	epochs	3.0
1038.9308038444153	0.04376359999992019	epochs	2.0
1038.9308038444153	0.02193689999990056	epochs	3.0
1038.9527407444152	0.021826700000019628	epochs	3.0
1038.9745674444152	0.04332709999994222	epochs	2.0
1038.9745674444152	0.02171760000010181	epochs	3.0
1038.9962850444153	0.02160949999984041	epochs	3.0
1039.0178945444152	0.04289900000003399	epochs	2.0
1039.0178945444152	0.02150249999999687	epochs	3.0
1039.0393970444152	0.021396500000037122	epochs	3.0
1039.0607935444152	0.04247950000012679	epochs	2.0
1039.0607935444152	0.021291700000119818	epochs	3.0
1039.0820852444153	0.021187800000006973	epochs	3.0
1039.1032730444153	0.04206789999989269	epochs	2.0
1039.1032730444153	0.02108490000000529	epochs	3.0
1039.1243579444154	0.020982999999887397	epochs	3.0
1039.1453409444152	0.04166439999994509	epochs	2.0
1039.1453409444152	0.020882199999959994	epochs	3.0
1039.1662231444152	0.020782199999985096	epochs	3.0
1039.1870053444152	0.04126850000011473	epochs	2.0
1039.1870053444152	0.02068330000020069	epochs	3.0
1039.2076886444154	0.02058519999991404	epochs	3.0
1039.2282738444153	0.04088000000001557	epochs	2.0
1039.2282738444153	0.020488099999965925	epochs	3.0
1039.2487619444153	0.020391900000049645	epochs	3.0
1039.2691538444153	0.04049880000002304	epochs	2.0
1039.2691538444153	0.020296599999937825	epochs	3.0
1039.2894504444153	0.020202200000085213	epochs	3.0
1039.3096526444153	0.040124599999899146	epochs	2.0
1039.3096526444153	0.02010870000003706	epochs	3.0
1039.3297613444154	0.020015899999862086	epochs	3.0
1039.3497772444152	0.03975730000001931	epochs	2.0
1039.3497772444152	0.019924200000104975	epochs	3.0
1039.3697014444153	0.01983309999991434	epochs	3.0
1039.3895345444153	0.03939669999999751	epochs	2.0
1039.3895345444153	0.01974300000006224	epochs	3.0
1039.4092775444153	0.01965369999993527	epochs	3.0
1039.4289312444153	0.03904239999997117	epochs	2.0
1039.4289312444153	0.019565100000136226	epochs	3.0
1039.4484963444154	0.01947729999983494	epochs	3.0
1039.4679736444152	0.038694600000098944	epochs	2.0
1039.4679736444152	0.019390400000020236	epochs	3.0
1039.4873640444152	0.01930420000007871	epochs	3.0
1039.5066682444153	0.03835290000006353	epochs	2.0
1039.5066682444153	0.019218799999862313	epochs	3.0
1039.5258870444152	0.019134100000201215	epochs	3.0
1039.5450211444154	0.03801719999978559	epochs	2.0
1039.5450211444154	0.019050199999810502	epochs	3.0
1039.5640713444152	0.018966999999975087	epochs	3.0
1039.5830383444152	0.03768720000016401	epochs	2.0
1039.5830383444152	0.01888450000001285	epochs	3.0
1039.6019228444152	0.018802700000151162	epochs	3.0
1039.6207255444153	0.03736309999999321	epochs	2.0
1039.6207255444153	0.018721700000014607	epochs	3.0
1039.6394472444154	0.018641399999978603	epochs	3.0
1039.6580886444153	0.03704429999993408	epochs	2.0
1039.6580886444153	0.018561599999884493	epochs	3.0
1039.6766502444152	0.01848270000004959	epochs	3.0
1039.6951329444153	0.03673099999991791	epochs	2.0
1039.6951329444153	0.018404299999929208	epochs	3.0
1039.7135372444152	0.018326699999988705	epochs	3.0
1039.7318639444152	0.03642290000016146	epochs	2.0
1039.7318639444152	0.018249599999990096	epochs	3.0
1039.7501135444152	0.018173300000171366	epochs	3.0
1039.7682868444153	0.036120099999834565	epochs	2.0
1039.7682868444153	0.01809759999991911	epochs	3.0
1039.7863844444153	0.018022499999915453	epochs	3.0
1039.8044069444152	0.035822100000132195	epochs	2.0
1039.8044069444152	0.017947900000081063	epochs	3.0
1039.8223548444153	0.017874200000051133	epochs	3.0
1039.8402290444153	0.03552899999999681	epochs	2.0
1039.8402290444153	0.017800800000031813	epochs	3.0
1039.8580298444153	0.017728199999965	epochs	3.0
1039.8757580444153	0.03524070000003121	epochs	2.0
1039.8757580444153	0.017656100000067454	epochs	3.0
1039.8934141444154	0.017584599999963757	epochs	3.0
1039.9109987444153	0.03495709999992869	epochs	2.0
1039.9109987444153	0.017513699999881283	epochs	3.0
1039.9285124444152	0.017443400000047404	epochs	3.0
1039.9459558444153	0.034677899999906	epochs	2.0
1039.9459558444153	0.017373599999928047	epochs	3.0
1039.9633294444152	0.017304299999977957	epochs	3.0
1039.9806337444152	0.03440330000012182	epochs	2.0
1039.9806337444152	0.017235700000128418	epochs	3.0
1039.9978694444153	0.0171675999999934	epochs	3.0
1040.0150370444153	0.03413279999995211	epochs	2.0
1040.0150370444153	0.01709989999994832	epochs	3.0
1040.0321369444152	0.017032900000003792	epochs	3.0
1040.0491698444152	0.03386670000008962	epochs	2.0
1040.0491698444152	0.01696640000000116	epochs	3.0
1040.0661362444152	0.016900300000088464	epochs	3.0
1040.0830365444153	0.03360459999998966	epochs	2.0
1040.0830365444153	0.01683479999996962	epochs	3.0
1040.0998713444153	0.01676980000002004	epochs	3.0
1040.1166411444153	0.033346599999958926	epochs	2.0
1040.1166411444153	0.016705300000012357	epochs	3.0
1040.1333464444153	0.01664129999994657	epochs	3.0
1040.1499877444153	0.03309250000006614	epochs	2.0
1040.1499877444153	0.016577800000050047	epochs	3.0
1040.1665655444153	0.01651470000001609	epochs	3.0
1040.1830802444154	0.03284229999985655	epochs	2.0
1040.1830802444154	0.01645220000000336	epochs	3.0
1040.1995324444154	0.01639009999985319	epochs	3.0
1040.2159225444152	0.03259570000000167	epochs	2.0
1040.2159225444152	0.016328400000020338	epochs	3.0
1040.2322509444152	0.016267299999981333	epochs	3.0
1040.2485182444152	0.032352899999978035	epochs	2.0
1040.2485182444152	0.016206600000032267	epochs	3.0
1040.2647248444152	0.016146299999945768	epochs	3.0
1040.2808711444152	0.032113700000081735	epochs	2.0
1040.2808711444152	0.016086600000107865	epochs	3.0
1040.2969577444153	0.01602709999997387	epochs	3.0
1040.3129848444153	0.03187800000000607	epochs	2.0
1040.3129848444153	0.015968200000088473	epochs	3.0
1040.3289530444154	0.015909799999917595	epochs	3.0
1040.3448628444153	0.03164569999989908	epochs	2.0
1040.3448628444153	0.015851599999905375	epochs	3.0
1040.3607144444152	0.015794099999993705	epochs	3.0
1040.3765085444152	0.03141670000013619	epochs	2.0
1040.3765085444152	0.015736700000161363	epochs	3.0
1040.3922452444153	0.015679999999974825	epochs	3.0
1040.4079252444153	0.03119109999988723	epochs	2.0
1040.4079252444153	0.015623600000026272	epochs	3.0
1040.4235488444153	0.015567499999860956	epochs	3.0
1040.4391163444152	0.03096870000013041	epochs	2.0
1040.4391163444152	0.01551200000017161	epochs	3.0
1040.4546283444154	0.0154566999999588	epochs	3.0
1040.4700850444153	0.030749499999956242	epochs	2.0
1040.4700850444153	0.015401999999994587	epochs	3.0
1040.4854870444153	0.015347499999961656	epochs	3.0
1040.5008345444153	0.03053320000003623	epochs	2.0
1040.5008345444153	0.015293400000018664	epochs	3.0
1040.5161279444153	0.015239800000017567	epochs	3.0
1040.5313677444153	0.030320099999926242	epochs	2.0
1040.5313677444153	0.015186500000027081	epochs	3.0
1040.5465542444153	0.015133599999899161	epochs	3.0
1040.5616878444152	0.03010990000007041	epochs	2.0
1040.5616878444152	0.015081000000009226	epochs	3.0
1040.5767688444153	0.015028900000061185	epochs	3.0
1040.5917977444153	0.029902499999934662	epochs	2.0
1040.5917977444153	0.014977000000044427	epochs	3.0
1040.6067747444154	0.014925499999890235	epochs	3.0
1040.6217002444153	0.0296981000001324	epochs	2.0
1040.6217002444153	0.014874400000053356	epochs	3.0
1040.6365746444153	0.014823700000079043	epochs	3.0
1040.6513983444154	0.029496299999891562	epochs	2.0
1040.6513983444154	0.01477319999980864	epochs	3.0
1040.6661715444152	0.014723100000082923	epochs	3.0
1040.6808946444153	0.029297399999904883	epochs	2.0
1040.6808946444153	0.014673399999992398	epochs	3.0
1040.6955680444153	0.014623999999912485	epochs	3.0
1040.7101920444152	0.02910110000016175	epochs	2.0
1040.7101920444152	0.014574900000070556	epochs	3.0
1040.7247669444153	0.014526200000091194	epochs	3.0
1040.7392931444153	0.028907399999980044	epochs	2.0
1040.7392931444153	0.014477700000043114	epochs	3.0
1040.7537708444154	0.014429699999936929	epochs	3.0
1040.7682005444153	0.028716199999962555	epochs	2.0
1040.7682005444153	0.014381799999910072	epochs	3.0
1040.7825823444152	0.014334400000052483	epochs	3.0
1040.7969167444153	0.02852759999996124	epochs	2.0
1040.7969167444153	0.014287199999898803	epochs	3.0
1040.8112039444152	0.014240400000062436	epochs	3.0
1040.8254443444152	0.028341400000044814	epochs	2.0
1040.8254443444152	0.014193799999929979	epochs	3.0
1040.8396381444152	0.014147600000114835	epochs	3.0
1040.8537857444153	0.028157700000065233	epochs	2.0
1040.8537857444153	0.014101700000082928	epochs	3.0
1040.8678874444154	0.014055999999982305	epochs	3.0
1040.8819434444154	0.02797629999986384	epochs	2.0
1040.8819434444154	0.014010599999892293	epochs	3.0
1040.8959540444152	0.013965699999971548	epochs	3.0
1040.9099197444152	0.027797200000122757	epochs	2.0
1040.9099197444152	0.013920800000050804	epochs	3.0
1040.9238405444153	0.013876400000071953	epochs	3.0
1040.9377169444153	0.027620399999932488	epochs	2.0
1040.9377169444153	0.013832200000024386	epochs	3.0
1040.9515491444154	0.013788199999908102	epochs	3.0
1040.9653373444153	0.027445899999975154	epochs	2.0
1040.9653373444153	0.01374460000010913	epochs	3.0
1040.9790819444154	0.013701299999866023	epochs	3.0
1040.9927832444153	0.0272735000000921	epochs	2.0
1040.9927832444153	0.013658200000008947	epochs	3.0
1041.0064414444153	0.013615300000083153	epochs	3.0
1041.0200567444153	0.027103399999987232	epochs	2.0
1041.0200567444153	0.013572800000019924	epochs	3.0
1041.0336295444154	0.013530599999967308	epochs	3.0
1041.0471601444153	0.02693520000002536	epochs	2.0
1041.0471601444153	0.01348839999991469	epochs	3.0
1041.0606485444152	0.01344680000011067	epochs	3.0
1041.0740953444154	0.026769199999989723	epochs	2.0
1041.0740953444154	0.013405199999851902	epochs	3.0
1041.0875005444152	0.013364000000137821	epochs	3.0
1041.1008645444153	0.026605199999949036	epochs	2.0
1041.1008645444153	0.013322900000048321	epochs	3.0
1041.1141874444154	0.013282299999900715	epochs	3.0
1041.1274697444153	0.0264431999999033	epochs	2.0
1041.1274697444153	0.013241699999980483	epochs	3.0
1041.1407114444153	0.013201499999922817	epochs	3.0
1041.1539129444152	0.026283200000079887	epochs	2.0
1041.1539129444152	0.013161500000023807	epochs	3.0
1041.1670744444152	0.01312170000005608	epochs	3.0
1041.1801961444153	0.02612500000009277	epochs	2.0
1041.1801961444153	0.013082100000019636	epochs	3.0
1041.1932782444153	0.013042900000073132	epochs	3.0
1041.2063211444154	0.025968899999952555	epochs	2.0
1041.2063211444154	0.013003899999830537	epochs	3.0
1041.2193250444152	0.012965000000122018	epochs	3.0
1041.2322900444153	0.025814500000024054	epochs	2.0
1041.2322900444153	0.012926399999969362	epochs	3.0
1041.2452164444153	0.012888100000054692	epochs	3.0
1041.2581045444153	0.025661899999931848	epochs	2.0
1041.2581045444153	0.012849899999991976	epochs	3.0
1041.2709544444153	0.012811999999939871	epochs	3.0
1041.2837664444153	0.025511199999982637	epochs	2.0
1041.2837664444153	0.012774399999898378	epochs	3.0
1041.2965408444152	0.012736800000084258	epochs	3.0
1041.3092776444153	0.025362300000097093	epochs	2.0
1041.3092776444153	0.01269969999998466	epochs	3.0
1041.3219773444152	0.012662600000112434	epochs	3.0
1041.3346399444154	0.025214999999889187	epochs	2.0
1041.3346399444154	0.012625800000023446	epochs	3.0
1041.3472657444154	0.012589199999865741	epochs	3.0
1041.3598549444152	0.024584799999956886	epochs	2.0
1041.3836074444152	0.5	epochs	-1.0
1041.3844397444152	0.507680000000164	epochs	1.0
1041.8921197444154	0.4922399999998106	epochs	0.0
1042.2579998970032	0.09135999999989508	epochs	0.0
1042.2579998970032	0.04068260000008195	epochs	1.0
1042.2986824970033	0.009994799999958559	epochs	1.0
1042.3086772970032	0.040682599999854574	epochs	1.0
1042.349439897003	2.0	epochs	0.0
1044.3494075970032	0.5	epochs	-1.0
1044.349439897003	21.548000000000002	epochs	0.0
1044.349439897003	1.0	epochs	1.0
1044.8494075970032	19.999199999999973	epochs	-1.0
1045.349439897003	20.0	epochs	1.0
1045.349439897003	4.356753900000058	epochs	-1.0
1045.349439897003	1.9745872000000873	epochs	2.0
1045.349439897003	1.0985622000000603	epochs	3.0
1046.4480020970032	0.8760250000000269	epochs	3.0
1047.3240270970032	1.3524075000000266	epochs	2.0
1047.3240270970032	0.7286354999998821	epochs	3.0
1048.052662597003	0.6237720000001445	epochs	3.0
1048.6764345970032	1.029759199999944	epochs	2.0
1048.6764345970032	0.5453293000000485	epochs	3.0
1049.2217638970033	0.4844298999998955	epochs	3.0
1049.7061937970032	0.8317862000001242	epochs	2.0
1049.7061937970032	0.4357763000000432	epochs	3.0
1050.1419700970032	0.39600990000008096	epochs	3.0
1050.5379799970033	0.6977969999998095	epochs	2.0
1050.5379799970033	0.36289819999979045	epochs	3.0
1050.900878197003	0.33489880000001904	epochs	3.0
1051.235776997003	0.601045699999986	epochs	2.0
1051.235776997003	0.3109123000001546	epochs	3.0
1051.5466892970032	0.29013339999983145	epochs	3.0
1051.836822697003	0.5278859000000011	epochs	2.0
1051.836822697003	0.2719586000000618	epochs	3.0
1052.1087812970031	0.25592729999993935	epochs	3.0
1052.364708597003	0.4706193000001804	epochs	2.0
1052.364708597003	0.24168130000020938	epochs	3.0
1052.6063898970033	0.228937999999971	epochs	3.0
1052.8353278970033	0.42457039999999324	epochs	2.0
1052.8353278970033	0.21747140000002219	epochs	3.0
1053.0527992970033	0.20709899999997106	epochs	3.0
1053.2598982970032	0.3867353999999068	epochs	2.0
1053.2598982970032	0.19767109999997956	epochs	3.0
1053.4575693970032	0.18906429999992724	epochs	3.0
1053.6466336970032	0.35509530000013	epochs	2.0
1053.6466336970032	0.18117589999997108	epochs	3.0
1053.8278095970031	0.17391940000015893	epochs	3.0
1054.0017289970033	0.3282430999997814	epochs	2.0
1054.0017289970033	0.16722189999995862	epochs	3.0
1054.1689508970032	0.16102119999982278	epochs	3.0
1054.329972097003	0.30516800000009425	epochs	2.0
1054.329972097003	0.15526390000013635	epochs	3.0
1054.4852359970032	0.1499040999999579	epochs	3.0
1054.6351400970032	0.28512530000011793	epochs	2.0
1054.6351400970032	0.1449021000000812	epochs	3.0
1054.7800421970032	0.14022320000003674	epochs	3.0
1054.9202653970033	0.2675537999998596	epochs	2.0
1054.9202653970033	0.1358368999999584	epochs	3.0
1055.0561022970032	0.13171689999990122	epochs	3.0
1055.1878191970031	0.252022899999929	epochs	2.0
1055.1878191970031	0.1278393000000051	epochs	3.0
1055.3156584970031	0.1241835999999239	epochs	3.0
1055.439842097003	0.23819650000018555	epochs	2.0
1055.439842097003	0.12073110000005727	epochs	3.0
1055.5605731970031	0.11746540000012828	epochs	3.0
1055.6780385970033	0.22580879999986792	epochs	2.0
1055.6780385970033	0.1143718999999237	epochs	3.0
1055.7924104970032	0.11143689999994422	epochs	3.0
1055.9038473970031	0.2146460000001298	epochs	2.0
1055.9038473970031	0.10864890000016203	epochs	3.0
1056.0124962970033	0.10599709999996776	epochs	3.0
1056.1184933970032	0.2045349999998507	epochs	2.0
1056.1184933970032	0.1034714999998414	epochs	3.0
1056.221964897003	0.1010635000000093	epochs	3.0
1056.323028397003	0.19533400000000256	epochs	2.0
1056.323028397003	0.09876510000003691	epochs	3.0
1056.4217934970031	0.09656889999996565	epochs	3.0
1056.518362397003	0.18692529999998442	epochs	2.0
1056.518362397003	0.09446830000001682	epochs	3.0
1056.6128306970031	0.09245699999996759	epochs	3.0
1056.705287697003	0.1792107000001124	epochs	2.0
1056.705287697003	0.0905296000000817	epochs	3.0
1056.7958172970032	0.08868110000003071	epochs	3.0
1056.8844983970032	0.17210769999996955	epochs	2.0
1056.8844983970032	0.08690630000000965	epochs	3.0
1056.9714046970032	0.0852013999999599	epochs	3.0
1057.0566060970032	0.16554640000003928	epochs	2.0
1057.0566060970032	0.08356189999994967	epochs	3.0
1057.1401679970031	0.08198450000008961	epochs	3.0
1057.2221524970032	0.15946710000002895	epochs	2.0
1057.2221524970032	0.08046539999986635	epochs	3.0
1057.302617897003	0.0790017000001626	epochs	3.0
1057.3816195970032	0.1538183999998637	epochs	2.0
1057.3816195970032	0.07759009999995214	epochs	3.0
1057.4592096970032	0.07622829999991154	epochs	3.0
1057.535437997003	0.14855639999996129	epochs	2.0
1057.535437997003	0.07491330000016205	epochs	3.0
1057.6103512970033	0.07364309999979923	epochs	3.0
1057.683994397003	0.14364240000008976	epochs	2.0
1057.683994397003	0.07241500000009182	epochs	3.0
1057.7564093970032	0.07122739999999794	epochs	3.0
1057.8276367970032	0.13904309999998077	epochs	2.0
1057.8276367970032	0.07007799999996678	epochs	3.0
1057.8977147970031	0.06896510000001399	epochs	3.0
1057.9666798970031	0.1347293000001173	epochs	2.0
1057.9666798970031	0.0678871000000072	epochs	3.0
1058.0345669970031	0.0668422000001101	epochs	3.0
1058.1014091970032	0.13067519999981414	epochs	2.0
1058.1014091970032	0.06582909999997355	epochs	3.0
1058.1672382970032	0.06484609999984059	epochs	3.0
1058.232084397003	0.12685780000015257	epochs	2.0
1058.232084397003	0.06389200000012352	epochs	3.0
1058.2959763970032	0.06296580000002905	epochs	3.0
1058.3589421970032	0.12325719999989815	epochs	2.0
1058.3589421970032	0.06206580000002759	epochs	3.0
1058.4210079970032	0.061191399999870555	epochs	3.0
1058.4821993970031	0.11985540000000583	epochs	2.0
1058.4821993970031	0.060341099999959624	epochs	3.0
1058.542540497003	0.059514300000046205	epochs	3.0
1058.6020547970031	0.11663620000012997	epochs	2.0
1058.6020547970031	0.05870960000015657	epochs	3.0
1058.6607643970033	0.057926599999973405	epochs	3.0
1058.7186909970033	0.11358559999985118	epochs	2.0
1058.7186909970033	0.05716419999998834	epochs	3.0
1058.7758551970032	0.05642139999986284	epochs	3.0
1058.832276597003	0.11069050000014613	epochs	2.0
1058.832276597003	0.055697900000041045	epochs	3.0
1058.8879744970031	0.054992600000105085	epochs	3.0
1058.9429670970032	0.10793909999983953	epochs	2.0
1058.9429670970032	0.05430490000003374	epochs	3.0
1058.9972719970033	0.05363419999980579	epochs	3.0
1059.050906197003	0.10532150000017282	epochs	2.0
1059.050906197003	0.052980000000161453	epochs	3.0
1059.1038861970032	0.052341500000011365	epochs	3.0
1059.1562276970033	0.10282759999995505	epochs	2.0
1059.1562276970033	0.05171810000001642	epochs	3.0
1059.2079457970033	0.051109499999938635	epochs	3.0
1059.2590552970032	0.10044909999987794	epochs	2.0
1059.2590552970032	0.050514900000052876	epochs	3.0
1059.3095701970033	0.04993419999982507	epochs	3.0
1059.359504397003	0.0981782999999723	epochs	2.0
1059.359504397003	0.04936659999998483	epochs	3.0
1059.408870997003	0.04881169999998747	epochs	3.0
1059.457682697003	0.09600780000005216	epochs	2.0
1059.457682697003	0.04826920000004975	epochs	3.0
1059.5059518970031	0.04773860000000241	epochs	3.0
1059.5536904970031	0.09393120000004274	epochs	2.0
1059.5536904970031	0.04721949999998287	epochs	3.0
1059.600909997003	0.046711700000059864	epochs	3.0
1059.6476216970032	0.09194260000003851	epochs	2.0
1059.6476216970032	0.046214599999984785	epochs	3.0
1059.6938362970031	0.045728000000053726	epochs	3.0
1059.7395642970032	0.09003630000006524	epochs	2.0
1059.7395642970032	0.045251499999949374	epochs	3.0
1059.7848157970031	0.044784800000115865	epochs	3.0
1059.8296005970033	0.0882075999998051	epochs	2.0
1059.8296005970033	0.044327800000019124	epochs	3.0
1059.8739283970033	0.04387979999978597	epochs	3.0
1059.917808197003	0.0864516999999978	epochs	2.0
1059.917808197003	0.04344100000002982	epochs	3.0
1059.961249197003	0.04301069999996798	epochs	3.0
1060.004259897003	0.08476430000018809	epochs	2.0
1060.004259897003	0.04258900000013455	epochs	3.0
1060.0468488970032	0.04217530000005354	epochs	3.0
1060.0890241970033	0.08314150000001064	epochs	2.0
1060.0890241970033	0.04176969999980429	epochs	3.0
1060.130793897003	0.04137180000020635	epochs	3.0
1060.1721656970033	0.08157970000002024	epochs	2.0
1060.1721656970033	0.040981399999964196	epochs	3.0
1060.2131470970032	0.04059830000005604	epochs	3.0
1060.2537453970033	0.08007549999979346	epochs	2.0
1060.2537453970033	0.04022229999986848	epochs	3.0
1060.2939676970032	0.03985319999992498	epochs	3.0
1060.333820897003	0.07862570000020241	epochs	2.0
1060.333820897003	0.039490800000066884	epochs	3.0
1060.3733116970031	0.03913490000013553	epochs	3.0
1060.4124465970033	0.07722759999978734	epochs	2.0
1060.4124465970033	0.03878539999982422	epochs	3.0
1060.451231997003	0.03844219999996312	epochs	3.0
1060.489674197003	0.07587820000003376	epochs	2.0
1060.489674197003	0.03810480000015559	epochs	3.0
1060.5277789970032	0.037773399999878166	epochs	3.0
1060.565552397003	0.0745752000000266	epochs	2.0
1060.565552397003	0.03744770000002973	epochs	3.0
1060.6030000970031	0.03712749999999687	epochs	3.0
1060.6401275970031	0.07331629999998768	epochs	2.0
1060.6401275970031	0.0368129000000863	epochs	3.0
1060.6769404970032	0.036503399999901376	epochs	3.0
1060.7134438970031	0.07209899999998015	epochs	2.0
1060.7134438970031	0.03619909999997617	epochs	3.0
1060.749642997003	0.03589990000000398	epochs	3.0
1060.785542897003	0.07092170000009901	epochs	2.0
1060.785542897003	0.03560560000005353	epochs	3.0
1060.8211484970032	0.03531610000004548	epochs	3.0
1060.8564645970032	0.06978200000003199	epochs	2.0
1060.8564645970032	0.03503120000004856	epochs	3.0
1060.8914957970032	0.03475079999998343	epochs	3.0
1060.9262465970032	0.06867859999988468	epochs	2.0
1060.9262465970032	0.03447510000000875	epochs	3.0
1060.9607216970032	0.03420349999987593	epochs	3.0
1060.994925197003	0.06760929999995824	epochs	2.0
1060.994925197003	0.033936199999970995	epochs	3.0
1061.028861397003	0.033673099999987244	epochs	3.0
1061.062534497003	0.06657290000021021	epochs	2.0
1061.062534497003	0.03341399999999339	epochs	3.0
1061.095948497003	0.03315890000021682	epochs	3.0
1061.1291073970033	0.06556779999982609	epochs	2.0
1061.1291073970033	0.03290769999989607	epochs	3.0
1061.1620150970032	0.032660099999930026	epochs	3.0
1061.194675197003	0.06459259999996902	epochs	2.0
1061.194675197003	0.03241640000010193	epochs	3.0
1061.2270915970032	0.032176199999867094	epochs	3.0
1061.259267797003	0.06364600000006249	epochs	2.0
1061.259267797003	0.03193959999998697	epochs	3.0
1061.291207397003	0.03170640000007552	epochs	3.0
1061.3229137970031	0.0627266999999847	epochs	2.0
1061.3229137970031	0.03147660000013275	epochs	3.0
1061.3543903970033	0.031250099999851955	epochs	3.0
1061.3856404970031	0.06183359999999993	epochs	2.0
1061.3856404970031	0.031026900000142632	epochs	3.0
1061.4166673970033	0.0308066999998573	epochs	3.0
1061.4474740970031	0.06096560000014506	epochs	2.0
1061.4474740970031	0.03058980000014344	epochs	3.0
1061.4780638970033	0.030375800000001618	epochs	3.0
1061.5084396970033	0.06012160000000222	epochs	2.0
1061.5084396970033	0.030164899999817862	epochs	3.0
1061.538604597003	0.029956700000184355	epochs	3.0
1061.5685612970033	0.05930069999999432	epochs	2.0
1061.5685612970033	0.029751599999826794	epochs	3.0
1061.598312897003	0.029549100000167527	epochs	3.0
1061.6278619970033	0.05850179999993088	epochs	2.0
1061.6278619970033	0.02934940000000097	epochs	3.0
1061.6572113970033	0.029152399999929912	epochs	3.0
1061.6863637970032	0.05772419999993872	epochs	2.0
1061.6863637970032	0.028957999999875028	epochs	3.0
1061.715321797003	0.02876620000006369	epochs	3.0
1061.7440879970031	0.05696710000006533	epochs	2.0
1061.7440879970031	0.028577000000041153	epochs	3.0
1061.7726649970032	0.028390100000024177	epochs	3.0
1061.8010550970032	0.05622949999997218	epochs	2.0
1061.8010550970032	0.028205699999944045	epochs	3.0
1061.8292607970031	0.028023800000028132	epochs	3.0
1061.8572845970032	0.05551070000001346	epochs	2.0
1061.8572845970032	0.027843999999959124	epochs	3.0
1061.8851285970031	0.027666700000054334	epochs	3.0
1061.9127952970032	0.054810200000019904	epochs	2.0
1061.9127952970032	0.02749149999999645	epochs	3.0
1061.9402867970032	0.027318700000023455	epochs	3.0
1061.9676054970032	0.054126999999880354	epochs	2.0
1061.9676054970032	0.027147799999966082	epochs	3.0
1061.9947532970032	0.026979199999914272	epochs	3.0
1062.021732497003	0.05346070000018699	epochs	2.0
1062.021732497003	0.026812600000084785	epochs	3.0
1062.0485450970032	0.026648100000102204	epochs	3.0
1062.0751931970033	0.05281070000000909	epochs	2.0
1062.0751931970033	0.0264855999998872	epochs	3.0
1062.1016787970032	0.026325100000121893	epochs	3.0
1062.1280038970033	0.052176199999848905	epochs	2.0
1062.1280038970033	0.026166399999965506	epochs	3.0
1062.1541702970032	0.0260097999998834	epochs	3.0
1062.1801800970031	0.051556699999991906	epochs	2.0
1062.1801800970031	0.025854799999933675	epochs	3.0
1062.206034897003	0.02570190000005823	epochs	3.0
1062.2317367970031	0.05095189999997274	epochs	2.0
1062.2317367970031	0.025550699999939752	epochs	3.0
1062.257287497003	0.025401200000032986	epochs	3.0
1062.282688697003	0.05036100000006627	epochs	2.0
1062.282688697003	0.025253500000189888	epochs	3.0
1062.3079421970033	0.02510749999987638	epochs	3.0
1062.3330496970032	0.04978380000011384	epochs	2.0
1062.3330496970032	0.02496320000000196	epochs	3.0
1062.3580128970032	0.02482060000011188	epochs	3.0
1062.3828334970033	0.04921949999993558	epochs	2.0
1062.3828334970033	0.024679399999968155	epochs	3.0
1062.4075128970032	0.024540099999967424	epochs	3.0
1062.4320529970032	0.04866790000005494	epochs	2.0
1062.4320529970032	0.024402099999861093	epochs	3.0
1062.456455097003	0.02426580000019385	epochs	3.0
1062.4807208970033	0.048128599999927246	epochs	2.0
1062.4807208970033	0.02413099999989754	epochs	3.0
1062.5048518970032	0.023997600000029706	epochs	3.0
1062.5288494970032	0.047601100000065344	epochs	2.0
1062.5288494970032	0.023865800000066884	epochs	3.0
1062.5527152970033	0.02373529999999846	epochs	3.0
1062.5764505970033	0.04708499999992455	epochs	2.0
1062.5764505970033	0.023606299999983094	epochs	3.0
1062.6000568970032	0.023478699999941455	epochs	3.0
1062.6235355970032	0.046579999999948996	epochs	2.0
1062.6235355970032	0.023352500000100918	epochs	3.0
1062.6468880970033	0.023227499999848078	epochs	3.0
1062.6701155970031	0.046085700000048746	epochs	2.0
1062.6701155970031	0.023104000000103042	epochs	3.0
1062.6932195970032	0.022981699999945704	epochs	3.0
1062.7162012970032	0.045601799999985815	epochs	2.0
1062.7162012970032	0.02286069999991014	epochs	3.0
1062.739061997003	0.022741100000075676	epochs	3.0
1062.7618030970032	0.045127899999897636	epochs	2.0
1062.7618030970032	0.022622499999897627	epochs	3.0
1062.784425597003	0.02250540000000001	epochs	3.0
1062.806930997003	0.0446638000000803	epochs	2.0
1062.806930997003	0.022389300000213552	epochs	3.0
1062.8293202970033	0.022274499999866748	epochs	3.0
1062.8515947970031	0.04420920000006845	epochs	2.0
1062.8515947970031	0.022160799999937808	epochs	3.0
1062.873755597003	0.02204840000013064	epochs	3.0
1062.8958039970032	0.04376359999992019	epochs	2.0
1062.8958039970032	0.02193689999990056	epochs	3.0
1062.9177408970031	0.021826700000019628	epochs	3.0
1062.9395675970031	0.04332709999994222	epochs	2.0
1062.9395675970031	0.02171760000010181	epochs	3.0
1062.9612851970032	0.02160949999984041	epochs	3.0
1062.982894697003	0.04289900000003399	epochs	2.0
1062.982894697003	0.02150249999999687	epochs	3.0
1063.004397197003	0.021396500000037122	epochs	3.0
1063.025793697003	0.04247950000012679	epochs	2.0
1063.025793697003	0.021291700000119818	epochs	3.0
1063.0470853970032	0.021187800000006973	epochs	3.0
1063.0682731970032	0.04206789999989269	epochs	2.0
1063.0682731970032	0.02108490000000529	epochs	3.0
1063.0893580970032	0.020982999999887397	epochs	3.0
1063.1103410970031	0.04166439999994509	epochs	2.0
1063.1103410970031	0.020882199999959994	epochs	3.0
1063.131223297003	0.020782199999985096	epochs	3.0
1063.152005497003	0.04126850000011473	epochs	2.0
1063.152005497003	0.02068330000020069	epochs	3.0
1063.1726887970033	0.02058519999991404	epochs	3.0
1063.1932739970032	0.04088000000001557	epochs	2.0
1063.1932739970032	0.020488099999965925	epochs	3.0
1063.2137620970032	0.020391900000049645	epochs	3.0
1063.2341539970032	0.04049880000002304	epochs	2.0
1063.2341539970032	0.020296599999937825	epochs	3.0
1063.2544505970031	0.020202200000085213	epochs	3.0
1063.2746527970032	0.040124599999899146	epochs	2.0
1063.2746527970032	0.02010870000003706	epochs	3.0
1063.2947614970033	0.020015899999862086	epochs	3.0
1063.3147773970031	0.03975730000001931	epochs	2.0
1063.3147773970031	0.019924200000104975	epochs	3.0
1063.3347015970032	0.01983309999991434	epochs	3.0
1063.3545346970031	0.03939669999999751	epochs	2.0
1063.3545346970031	0.01974300000006224	epochs	3.0
1063.3742776970032	0.01965369999993527	epochs	3.0
1063.3939313970031	0.03904239999997117	epochs	2.0
1063.3939313970031	0.019565100000136226	epochs	3.0
1063.4134964970033	0.01947729999983494	epochs	3.0
1063.4329737970031	0.038694600000098944	epochs	2.0
1063.4329737970031	0.019390400000020236	epochs	3.0
1063.4523641970031	0.01930420000007871	epochs	3.0
1063.4716683970032	0.03835290000006353	epochs	2.0
1063.4716683970032	0.019218799999862313	epochs	3.0
1063.490887197003	0.019134100000201215	epochs	3.0
1063.5100212970033	0.03801719999978559	epochs	2.0
1063.5100212970033	0.019050199999810502	epochs	3.0
1063.529071497003	0.018966999999975087	epochs	3.0
1063.548038497003	0.03768720000016401	epochs	2.0
1063.548038497003	0.01888450000001285	epochs	3.0
1063.566922997003	0.018802700000151162	epochs	3.0
1063.5857256970032	0.03736309999999321	epochs	2.0
1063.5857256970032	0.018721700000014607	epochs	3.0
1063.6044473970032	0.018641399999978603	epochs	3.0
1063.6230887970032	0.03704429999993408	epochs	2.0
1063.6230887970032	0.018561599999884493	epochs	3.0
1063.641650397003	0.01848270000004959	epochs	3.0
1063.6601330970032	0.03673099999991791	epochs	2.0
1063.6601330970032	0.018404299999929208	epochs	3.0
1063.678537397003	0.018326699999988705	epochs	3.0
1063.696864097003	0.03642290000016146	epochs	2.0
1063.696864097003	0.018249599999990096	epochs	3.0
1063.715113697003	0.018173300000171366	epochs	3.0
1063.7332869970032	0.036120099999834565	epochs	2.0
1063.7332869970032	0.01809759999991911	epochs	3.0
1063.7513845970032	0.018022499999915453	epochs	3.0
1063.769407097003	0.035822100000132195	epochs	2.0
1063.769407097003	0.017947900000081063	epochs	3.0
1063.7873549970031	0.017874200000051133	epochs	3.0
1063.8052291970032	0.03552899999999681	epochs	2.0
1063.8052291970032	0.017800800000031813	epochs	3.0
1063.8230299970032	0.017728199999965	epochs	3.0
1063.8407581970032	0.03524070000003121	epochs	2.0
1063.8407581970032	0.017656100000067454	epochs	3.0
1063.8584142970033	0.017584599999963757	epochs	3.0
1063.8759988970032	0.03495709999992869	epochs	2.0
1063.8759988970032	0.017513699999881283	epochs	3.0
1063.893512597003	0.017443400000047404	epochs	3.0
1063.9109559970032	0.034677899999906	epochs	2.0
1063.9109559970032	0.017373599999928047	epochs	3.0
1063.928329597003	0.017304299999977957	epochs	3.0
1063.945633897003	0.03440330000012182	epochs	2.0
1063.945633897003	0.017235700000128418	epochs	3.0
1063.9628695970032	0.0171675999999934	epochs	3.0
1063.9800371970032	0.03413279999995211	epochs	2.0
1063.9800371970032	0.01709989999994832	epochs	3.0
1063.9971370970031	0.017032900000003792	epochs	3.0
1064.0141699970031	0.03386670000008962	epochs	2.0
1064.0141699970031	0.01696640000000116	epochs	3.0
1064.0311363970031	0.016900300000088464	epochs	3.0
1064.0480366970032	0.03360459999998966	epochs	2.0
1064.0480366970032	0.01683479999996962	epochs	3.0
1064.0648714970032	0.01676980000002004	epochs	3.0
1064.0816412970032	0.033346599999958926	epochs	2.0
1064.0816412970032	0.016705300000012357	epochs	3.0
1064.0983465970032	0.01664129999994657	epochs	3.0
1064.1149878970032	0.03309250000006614	epochs	2.0
1064.1149878970032	0.016577800000050047	epochs	3.0
1064.1315656970032	0.01651470000001609	epochs	3.0
1064.1480803970032	0.03284229999985655	epochs	2.0
1064.1480803970032	0.01645220000000336	epochs	3.0
1064.1645325970032	0.01639009999985319	epochs	3.0
1064.180922697003	0.03259570000000167	epochs	2.0
1064.180922697003	0.016328400000020338	epochs	3.0
1064.1972510970031	0.016267299999981333	epochs	3.0
1064.213518397003	0.032352899999978035	epochs	2.0
1064.213518397003	0.016206600000032267	epochs	3.0
1064.2297249970031	0.016146299999945768	epochs	3.0
1064.245871297003	0.032113700000081735	epochs	2.0
1064.245871297003	0.016086600000107865	epochs	3.0
1064.2619578970032	0.01602709999997387	epochs	3.0
1064.2779849970032	0.03187800000000607	epochs	2.0
1064.2779849970032	0.015968200000088473	epochs	3.0
1064.2939531970032	0.015909799999917595	epochs	3.0
1064.3098629970032	0.03164569999989908	epochs	2.0
1064.3098629970032	0.015851599999905375	epochs	3.0
1064.325714597003	0.015794099999993705	epochs	3.0
1064.341508697003	0.03141670000013619	epochs	2.0
1064.341508697003	0.015736700000161363	epochs	3.0
1064.3572453970032	0.015679999999974825	epochs	3.0
1064.3729253970032	0.03119109999988723	epochs	2.0
1064.3729253970032	0.015623600000026272	epochs	3.0
1064.3885489970032	0.015567499999860956	epochs	3.0
1064.404116497003	0.03096870000013041	epochs	2.0
1064.404116497003	0.01551200000017161	epochs	3.0
1064.4196284970033	0.0154566999999588	epochs	3.0
1064.4350851970032	0.030749499999956242	epochs	2.0
1064.4350851970032	0.015401999999994587	epochs	3.0
1064.4504871970032	0.015347499999961656	epochs	3.0
1064.4658346970032	0.03053320000003623	epochs	2.0
1064.4658346970032	0.015293400000018664	epochs	3.0
1064.4811280970032	0.015239800000017567	epochs	3.0
1064.4963678970032	0.030320099999926242	epochs	2.0
1064.4963678970032	0.015186500000027081	epochs	3.0
1064.5115543970032	0.015133599999899161	epochs	3.0
1064.5266879970031	0.03010990000007041	epochs	2.0
1064.5266879970031	0.015081000000009226	epochs	3.0
1064.5417689970031	0.015028900000061185	epochs	3.0
1064.5567978970032	0.029902499999934662	epochs	2.0
1064.5567978970032	0.014977000000044427	epochs	3.0
1064.5717748970033	0.014925499999890235	epochs	3.0
1064.5867003970031	0.0296981000001324	epochs	2.0
1064.5867003970031	0.014874400000053356	epochs	3.0
1064.6015747970032	0.014823700000079043	epochs	3.0
1064.6163984970033	0.029496299999891562	epochs	2.0
1064.6163984970033	0.01477319999980864	epochs	3.0
1064.631171697003	0.014723100000082923	epochs	3.0
1064.6458947970032	0.029297399999904883	epochs	2.0
1064.6458947970032	0.014673399999992398	epochs	3.0
1064.6605681970032	0.014623999999912485	epochs	3.0
1064.675192197003	0.02910110000016175	epochs	2.0
1064.675192197003	0.014574900000070556	epochs	3.0
1064.6897670970031	0.014526200000091194	epochs	3.0
1064.7042932970032	0.028907399999980044	epochs	2.0
1064.7042932970032	0.014477700000043114	epochs	3.0
1064.7187709970033	0.014429699999936929	epochs	3.0
1064.7332006970032	0.028716199999962555	epochs	2.0
1064.7332006970032	0.014381799999910072	epochs	3.0
1064.7475824970031	0.014334400000052483	epochs	3.0
1064.7619168970032	0.02852759999996124	epochs	2.0
1064.7619168970032	0.014287199999898803	epochs	3.0
1064.776204097003	0.014240400000062436	epochs	3.0
1064.7904444970031	0.028341400000044814	epochs	2.0
1064.7904444970031	0.014193799999929979	epochs	3.0
1064.804638297003	0.014147600000114835	epochs	3.0
1064.8187858970032	0.028157700000065233	epochs	2.0
1064.8187858970032	0.014101700000082928	epochs	3.0
1064.8328875970033	0.014055999999982305	epochs	3.0
1064.8469435970032	0.02797629999986384	epochs	2.0
1064.8469435970032	0.014010599999892293	epochs	3.0
1064.8609541970031	0.013965699999971548	epochs	3.0
1064.874919897003	0.027797200000122757	epochs	2.0
1064.874919897003	0.013920800000050804	epochs	3.0
1064.8888406970032	0.013876400000071953	epochs	3.0
1064.9027170970032	0.027620399999932488	epochs	2.0
1064.9027170970032	0.013832200000024386	epochs	3.0
1064.9165492970033	0.013788199999908102	epochs	3.0
1064.9303374970032	0.027445899999975154	epochs	2.0
1064.9303374970032	0.01374460000010913	epochs	3.0
1064.9440820970033	0.013701299999866023	epochs	3.0
1064.9577833970031	0.0272735000000921	epochs	2.0
1064.9577833970031	0.013658200000008947	epochs	3.0
1064.9714415970031	0.013615300000083153	epochs	3.0
1064.9850568970032	0.027103399999987232	epochs	2.0
1064.9850568970032	0.013572800000019924	epochs	3.0
1064.9986296970033	0.013530599999967308	epochs	3.0
1065.0121602970032	0.02693520000002536	epochs	2.0
1065.0121602970032	0.01348839999991469	epochs	3.0
1065.0256486970031	0.01344680000011067	epochs	3.0
1065.0390954970032	0.026769199999989723	epochs	2.0
1065.0390954970032	0.013405199999851902	epochs	3.0
1065.052500697003	0.013364000000137821	epochs	3.0
1065.0658646970032	0.026605199999949036	epochs	2.0
1065.0658646970032	0.013322900000048321	epochs	3.0
1065.0791875970033	0.013282299999900715	epochs	3.0
1065.0924698970032	0.0264431999999033	epochs	2.0
1065.0924698970032	0.013241699999980483	epochs	3.0
1065.1057115970032	0.013201499999922817	epochs	3.0
1065.118913097003	0.026283200000079887	epochs	2.0
1065.118913097003	0.013161500000023807	epochs	3.0
1065.132074597003	0.01312170000005608	epochs	3.0
1065.1451962970032	0.02612500000009277	epochs	2.0
1065.1451962970032	0.013082100000019636	epochs	3.0
1065.1582783970032	0.013042900000073132	epochs	3.0
1065.1713212970033	0.025968899999952555	epochs	2.0
1065.1713212970033	0.013003899999830537	epochs	3.0
1065.184325197003	0.012965000000122018	epochs	3.0
1065.1972901970032	0.025814500000024054	epochs	2.0
1065.1972901970032	0.012926399999969362	epochs	3.0
1065.2102165970032	0.012888100000054692	epochs	3.0
1065.2231046970032	0.025661899999931848	epochs	2.0
1065.2231046970032	0.012849899999991976	epochs	3.0
1065.2359545970032	0.012811999999939871	epochs	3.0
1065.2487665970032	0.025511199999982637	epochs	2.0
1065.2487665970032	0.012774399999898378	epochs	3.0
1065.261540997003	0.012736800000084258	epochs	3.0
1065.2742777970032	0.025362300000097093	epochs	2.0
1065.2742777970032	0.01269969999998466	epochs	3.0
1065.2869774970031	0.012662600000112434	epochs	3.0
1065.2996400970032	0.025214999999889187	epochs	2.0
1065.2996400970032	0.012625800000023446	epochs	3.0
1065.3122658970033	0.012589199999865741	epochs	3.0
1065.3248550970031	0.024584799999956886	epochs	2.0
1065.3486075970031	0.5	epochs	-1.0
1065.349439897003	0.5480000000000018	epochs	1.0
1065.897439897003	0.4519199999999728	epochs	0.0
1101.1089997291565	0.09135999999989508	epochs	0.0
1101.1089997291565	0.04068260000008195	epochs	1.0
1101.1496823291566	0.009994799999958559	epochs	1.0
1101.1596771291565	0.040682599999854574	epochs	1.0
1101.2004397291564	2.0	epochs	0.0
1103.2004074291565	0.5	epochs	-1.0
1103.2004397291564	5.4085600000000795	epochs	0.0
1103.2004397291564	1.0	epochs	1.0
1103.7004074291565	4.908592300000009	epochs	-1.0
1104.2004397291564	4.4085600000000795	epochs	1.0
1104.2004397291564	4.356753900000058	epochs	-1.0
1104.2004397291564	1.9745872000000873	epochs	2.0
1104.2004397291564	1.0985622000000603	epochs	3.0
1105.2990019291565	0.8760250000000269	epochs	3.0
1106.1750269291565	1.3524075000000266	epochs	2.0
1106.1750269291565	0.7286354999998821	epochs	3.0
1106.9036624291564	0.6237720000001445	epochs	3.0
1107.5274344291565	1.029759199999944	epochs	2.0
1107.5274344291565	0.5453293000000485	epochs	3.0
1108.0727637291566	0.4844298999998955	epochs	3.0
1108.5571936291565	0.051806100000021615	epochs	2.0
1108.5571936291565	0.051806100000021615	epochs	3.0
1108.6089997291565	16.591359999999895	epochs	0.0
1108.96399974823	0.09135999999989508	epochs	0.0
1108.96399974823	0.04068260000008195	epochs	1.0
1109.00468234823	0.009994799999958559	epochs	1.0
1109.01467714823	0.040682599999854574	epochs	1.0
1109.05543974823	2.0	epochs	0.0
1111.05540744823	0.5	epochs	-1.0
1111.05543974823	0.507680000000164	epochs	0.0
1111.05543974823	0.507680000000164	epochs	1.0
1111.55540744823	0.007712300000093819	epochs	-1.0
1111.56311974823	21.49223999999981	epochs	0.0
1112.843999862671	0.09135999999989508	epochs	0.0
1112.843999862671	0.04068260000008195	epochs	1.0
1112.884682462671	0.009994799999958559	epochs	1.0
1112.894677262671	0.040682599999854574	epochs	1.0
1112.9354398626708	2.0	epochs	0.0
1114.935407562671	0.5	epochs	-1.0
1114.9354398626708	0.5083200000001398	epochs	0.0
1114.9354398626708	0.5083200000001398	epochs	1.0
1115.435407562671	0.00835230000006959	epochs	-1.0
1115.443759862671	21.491599999999835	epochs	0.0
1116.7279996871948	0.09135999999989508	epochs	0.0
1116.7279996871948	0.04068260000008195	epochs	1.0
1116.768682287195	0.009994799999958559	epochs	1.0
1116.7786770871949	0.040682599999854574	epochs	1.0
1116.8194396871947	2.0	epochs	0.0
1118.8194073871948	0.5	epochs	-1.0
1118.8194396871947	21.999919999999975	epochs	0.0
1118.8194396871947	1.0	epochs	1.0
1119.3194073871948	19.999119999999948	epochs	-1.0
1119.8194396871947	20.0	epochs	1.0
1119.8194396871947	4.356753900000058	epochs	-1.0
1119.8194396871947	1.9745872000000873	epochs	2.0
1119.8194396871947	1.0985622000000603	epochs	3.0
1120.9180018871948	0.8760250000000269	epochs	3.0
1121.7940268871948	1.3524075000000266	epochs	2.0
1121.7940268871948	0.7286354999998821	epochs	3.0
1122.5226623871947	0.6237720000001445	epochs	3.0
1123.1464343871949	1.029759199999944	epochs	2.0
1123.1464343871949	0.5453293000000485	epochs	3.0
1123.691763687195	0.4844298999998955	epochs	3.0
1124.1761935871948	0.8317862000001242	epochs	2.0
1124.1761935871948	0.4357763000000432	epochs	3.0
1124.6119698871948	0.39600990000008096	epochs	3.0
1125.007979787195	0.6977969999998095	epochs	2.0
1125.007979787195	0.36289819999979045	epochs	3.0
1125.3708779871947	0.33489880000001904	epochs	3.0
1125.7057767871947	0.601045699999986	epochs	2.0
1125.7057767871947	0.3109123000001546	epochs	3.0
1126.016689087195	0.29013339999983145	epochs	3.0
1126.3068224871947	0.5278859000000011	epochs	2.0
1126.3068224871947	0.2719586000000618	epochs	3.0
1126.5787810871948	0.25592729999993935	epochs	3.0
1126.8347083871947	0.4706193000001804	epochs	2.0
1126.8347083871947	0.24168130000020938	epochs	3.0
1127.076389687195	0.228937999999971	epochs	3.0
1127.305327687195	0.42457039999999324	epochs	2.0
1127.305327687195	0.21747140000002219	epochs	3.0
1127.522799087195	0.20709899999997106	epochs	3.0
1127.729898087195	0.3867353999999068	epochs	2.0
1127.729898087195	0.19767109999997956	epochs	3.0
1127.9275691871949	0.18906429999992724	epochs	3.0
1128.1166334871948	0.35509530000013	epochs	2.0
1128.1166334871948	0.18117589999997108	epochs	3.0
1128.2978093871948	0.17391940000015893	epochs	3.0
1128.471728787195	0.3282430999997814	epochs	2.0
1128.471728787195	0.16722189999995862	epochs	3.0
1128.638950687195	0.16102119999982278	epochs	3.0
1128.7999718871947	0.30516800000009425	epochs	2.0
1128.7999718871947	0.15526390000013635	epochs	3.0
1128.9552357871949	0.1499040999999579	epochs	3.0
1129.1051398871948	0.28512530000011793	epochs	2.0
1129.1051398871948	0.1449021000000812	epochs	3.0
1129.250041987195	0.14022320000003674	epochs	3.0
1129.390265187195	0.2675537999998596	epochs	2.0
1129.390265187195	0.1358368999999584	epochs	3.0
1129.5261020871949	0.13171689999990122	epochs	3.0
1129.6578189871948	0.252022899999929	epochs	2.0
1129.6578189871948	0.1278393000000051	epochs	3.0
1129.7856582871948	0.1241835999999239	epochs	3.0
1129.9098418871947	0.23819650000018555	epochs	2.0
1129.9098418871947	0.12073110000005727	epochs	3.0
1130.0305729871948	0.11746540000012828	epochs	3.0
1130.148038387195	0.22580879999986792	epochs	2.0
1130.148038387195	0.1143718999999237	epochs	3.0
1130.2624102871948	0.11143689999994422	epochs	3.0
1130.3738471871948	0.2146460000001298	epochs	2.0
1130.3738471871948	0.10864890000016203	epochs	3.0
1130.482496087195	0.10599709999996776	epochs	3.0
1130.588493187195	0.2045349999998507	epochs	2.0
1130.588493187195	0.1034714999998414	epochs	3.0
1130.6919646871947	0.1010635000000093	epochs	3.0
1130.7930281871947	0.19533400000000256	epochs	2.0
1130.7930281871947	0.09876510000003691	epochs	3.0
1130.8917932871948	0.09656889999996565	epochs	3.0
1130.9883621871948	0.18692529999998442	epochs	2.0
1130.9883621871948	0.09446830000001682	epochs	3.0
1131.0828304871948	0.09245699999996759	epochs	3.0
1131.1752874871947	0.1792107000001124	epochs	2.0
1131.1752874871947	0.0905296000000817	epochs	3.0
1131.2658170871948	0.08868110000003071	epochs	3.0
1131.3544981871948	0.17210769999996955	epochs	2.0
1131.3544981871948	0.08690630000000965	epochs	3.0
1131.4414044871949	0.0852013999999599	epochs	3.0
1131.5266058871948	0.16554640000003928	epochs	2.0
1131.5266058871948	0.08356189999994967	epochs	3.0
1131.6101677871948	0.08198450000008961	epochs	3.0
1131.6921522871949	0.15946710000002895	epochs	2.0
1131.6921522871949	0.08046539999986635	epochs	3.0
1131.7726176871947	0.0790017000001626	epochs	3.0
1131.851619387195	0.1538183999998637	epochs	2.0
1131.851619387195	0.07759009999995214	epochs	3.0
1131.9292094871948	0.07622829999991154	epochs	3.0
1132.0054377871948	0.14855639999996129	epochs	2.0
1132.0054377871948	0.07491330000016205	epochs	3.0
1132.080351087195	0.07364309999979923	epochs	3.0
1132.1539941871947	0.14364240000008976	epochs	2.0
1132.1539941871947	0.07241500000009182	epochs	3.0
1132.2264091871948	0.07122739999999794	epochs	3.0
1132.2976365871948	0.13904309999998077	epochs	2.0
1132.2976365871948	0.07007799999996678	epochs	3.0
1132.3677145871948	0.06896510000001399	epochs	3.0
1132.4366796871948	0.1347293000001173	epochs	2.0
1132.4366796871948	0.0678871000000072	epochs	3.0
1132.5045667871948	0.0668422000001101	epochs	3.0
1132.571408987195	0.13067519999981414	epochs	2.0
1132.571408987195	0.06582909999997355	epochs	3.0
1132.6372380871949	0.06484609999984059	epochs	3.0
1132.7020841871947	0.12685780000015257	epochs	2.0
1132.7020841871947	0.06389200000012352	epochs	3.0
1132.7659761871948	0.06296580000002905	epochs	3.0
1132.8289419871949	0.12325719999989815	epochs	2.0
1132.8289419871949	0.06206580000002759	epochs	3.0
1132.891007787195	0.061191399999870555	epochs	3.0
1132.9521991871948	0.11985540000000583	epochs	2.0
1132.9521991871948	0.060341099999959624	epochs	3.0
1133.0125402871947	0.059514300000046205	epochs	3.0
1133.0720545871948	0.11663620000012997	epochs	2.0
1133.0720545871948	0.05870960000015657	epochs	3.0
1133.130764187195	0.057926599999973405	epochs	3.0
1133.188690787195	0.11358559999985118	epochs	2.0
1133.188690787195	0.05716419999998834	epochs	3.0
1133.245854987195	0.05642139999986284	epochs	3.0
1133.3022763871948	0.11069050000014613	epochs	2.0
1133.3022763871948	0.055697900000041045	epochs	3.0
1133.3579742871948	0.054992600000105085	epochs	3.0
1133.412966887195	0.10793909999983953	epochs	2.0
1133.412966887195	0.05430490000003374	epochs	3.0
1133.467271787195	0.05363419999980579	epochs	3.0
1133.5209059871947	0.10532150000017282	epochs	2.0
1133.5209059871947	0.052980000000161453	epochs	3.0
1133.573885987195	0.052341500000011365	epochs	3.0
1133.626227487195	0.10282759999995505	epochs	2.0
1133.626227487195	0.05171810000001642	epochs	3.0
1133.677945587195	0.051109499999938635	epochs	3.0
1133.7290550871949	0.10044909999987794	epochs	2.0
1133.7290550871949	0.050514900000052876	epochs	3.0
1133.779569987195	0.04993419999982507	epochs	3.0
1133.8295041871947	0.0981782999999723	epochs	2.0
1133.8295041871947	0.04936659999998483	epochs	3.0
1133.8788707871947	0.04881169999998747	epochs	3.0
1133.9276824871947	0.09600780000005216	epochs	2.0
1133.9276824871947	0.04826920000004975	epochs	3.0
1133.9759516871948	0.04773860000000241	epochs	3.0
1134.0236902871948	0.09393120000004274	epochs	2.0
1134.0236902871948	0.04721949999998287	epochs	3.0
1134.0709097871948	0.046711700000059864	epochs	3.0
1134.1176214871948	0.09194260000003851	epochs	2.0
1134.1176214871948	0.046214599999984785	epochs	3.0
1134.1638360871948	0.045728000000053726	epochs	3.0
1134.2095640871948	0.09003630000006524	epochs	2.0
1134.2095640871948	0.045251499999949374	epochs	3.0
1134.2548155871948	0.044784800000115865	epochs	3.0
1134.299600387195	0.0882075999998051	epochs	2.0
1134.299600387195	0.044327800000019124	epochs	3.0
1134.343928187195	0.04387979999978597	epochs	3.0
1134.3878079871947	0.0864516999999978	epochs	2.0
1134.3878079871947	0.04344100000002982	epochs	3.0
1134.4312489871947	0.04301069999996798	epochs	3.0
1134.4742596871947	0.08476430000018809	epochs	2.0
1134.4742596871947	0.04258900000013455	epochs	3.0
1134.5168486871949	0.04217530000005354	epochs	3.0
1134.559023987195	0.08314150000001064	epochs	2.0
1134.559023987195	0.04176969999980429	epochs	3.0
1134.6007936871947	0.04137180000020635	epochs	3.0
1134.642165487195	0.08157970000002024	epochs	2.0
1134.642165487195	0.040981399999964196	epochs	3.0
1134.6831468871949	0.04059830000005604	epochs	3.0
1134.723745187195	0.08007549999979346	epochs	2.0
1134.723745187195	0.04022229999986848	epochs	3.0
1134.7639674871948	0.03985319999992498	epochs	3.0
1134.8038206871947	0.07862570000020241	epochs	2.0
1134.8038206871947	0.039490800000066884	epochs	3.0
1134.8433114871948	0.03913490000013553	epochs	3.0
1134.882446387195	0.07722759999978734	epochs	2.0
1134.882446387195	0.03878539999982422	epochs	3.0
1134.9212317871948	0.03844219999996312	epochs	3.0
1134.9596739871947	0.07587820000003376	epochs	2.0
1134.9596739871947	0.03810480000015559	epochs	3.0
1134.9977787871949	0.037773399999878166	epochs	3.0
1135.0355521871948	0.0745752000000266	epochs	2.0
1135.0355521871948	0.03744770000002973	epochs	3.0
1135.0729998871948	0.03712749999999687	epochs	3.0
1135.1101273871948	0.07331629999998768	epochs	2.0
1135.1101273871948	0.0368129000000863	epochs	3.0
1135.1469402871949	0.036503399999901376	epochs	3.0
1135.1834436871948	0.07209899999998015	epochs	2.0
1135.1834436871948	0.03619909999997617	epochs	3.0
1135.2196427871947	0.03589990000000398	epochs	3.0
1135.2555426871947	0.07092170000009901	epochs	2.0
1135.2555426871947	0.03560560000005353	epochs	3.0
1135.2911482871948	0.03531610000004548	epochs	3.0
1135.3264643871948	0.06978200000003199	epochs	2.0
1135.3264643871948	0.03503120000004856	epochs	3.0
1135.361495587195	0.03475079999998343	epochs	3.0
1135.3962463871949	0.06867859999988468	epochs	2.0
1135.3962463871949	0.03447510000000875	epochs	3.0
1135.430721487195	0.03420349999987593	epochs	3.0
1135.4649249871948	0.06760929999995824	epochs	2.0
1135.4649249871948	0.033936199999970995	epochs	3.0
1135.4988611871947	0.033673099999987244	epochs	3.0
1135.5325342871947	0.06657290000021021	epochs	2.0
1135.5325342871947	0.03341399999999339	epochs	3.0
1135.5659482871947	0.03315890000021682	epochs	3.0
1135.599107187195	0.06556779999982609	epochs	2.0
1135.599107187195	0.03290769999989607	epochs	3.0
1135.6320148871948	0.032660099999930026	epochs	3.0
1135.6646749871948	0.06459259999996902	epochs	2.0
1135.6646749871948	0.03241640000010193	epochs	3.0
1135.6970913871949	0.032176199999867094	epochs	3.0
1135.7292675871947	0.06364600000006249	epochs	2.0
1135.7292675871947	0.03193959999998697	epochs	3.0
1135.7612071871947	0.03170640000007552	epochs	3.0
1135.7929135871948	0.0627266999999847	epochs	2.0
1135.7929135871948	0.03147660000013275	epochs	3.0
1135.824390187195	0.031250099999851955	epochs	3.0
1135.8556402871948	0.06183359999999993	epochs	2.0
1135.8556402871948	0.031026900000142632	epochs	3.0
1135.886667187195	0.0308066999998573	epochs	3.0
1135.9174738871948	0.06096560000014506	epochs	2.0
1135.9174738871948	0.03058980000014344	epochs	3.0
1135.948063687195	0.030375800000001618	epochs	3.0
1135.978439487195	0.06012160000000222	epochs	2.0
1135.978439487195	0.030164899999817862	epochs	3.0
1136.0086043871947	0.029956700000184355	epochs	3.0
1136.038561087195	0.05930069999999432	epochs	2.0
1136.038561087195	0.029751599999826794	epochs	3.0
1136.0683126871947	0.029549100000167527	epochs	3.0
1136.097861787195	0.05850179999993088	epochs	2.0
1136.097861787195	0.02934940000000097	epochs	3.0
1136.127211187195	0.029152399999929912	epochs	3.0
1136.1563635871948	0.05772419999993872	epochs	2.0
1136.1563635871948	0.028957999999875028	epochs	3.0
1136.1853215871947	0.02876620000006369	epochs	3.0
1136.2140877871948	0.05696710000006533	epochs	2.0
1136.2140877871948	0.028577000000041153	epochs	3.0
1136.2426647871948	0.028390100000024177	epochs	3.0
1136.2710548871949	0.05622949999997218	epochs	2.0
1136.2710548871949	0.028205699999944045	epochs	3.0
1136.2992605871948	0.028023800000028132	epochs	3.0
1136.3272843871948	0.05551070000001346	epochs	2.0
1136.3272843871948	0.027843999999959124	epochs	3.0
1136.3551283871948	0.027666700000054334	epochs	3.0
1136.3827950871948	0.054810200000019904	epochs	2.0
1136.3827950871948	0.02749149999999645	epochs	3.0
1136.4102865871948	0.027318700000023455	epochs	3.0
1136.4376052871949	0.054126999999880354	epochs	2.0
1136.4376052871949	0.027147799999966082	epochs	3.0
1136.4647530871948	0.026979199999914272	epochs	3.0
1136.4917322871947	0.05346070000018699	epochs	2.0
1136.4917322871947	0.026812600000084785	epochs	3.0
1136.5185448871948	0.026648100000102204	epochs	3.0
1136.545192987195	0.05281070000000909	epochs	2.0
1136.545192987195	0.0264855999998872	epochs	3.0
1136.5716785871948	0.026325100000121893	epochs	3.0
1136.598003687195	0.052176199999848905	epochs	2.0
1136.598003687195	0.026166399999965506	epochs	3.0
1136.624170087195	0.0260097999998834	epochs	3.0
1136.6501798871948	0.051556699999991906	epochs	2.0
1136.6501798871948	0.025854799999933675	epochs	3.0
1136.6760346871947	0.02570190000005823	epochs	3.0
1136.7017365871948	0.05095189999997274	epochs	2.0
1136.7017365871948	0.025550699999939752	epochs	3.0
1136.7272872871947	0.025401200000032986	epochs	3.0
1136.7526884871947	0.05036100000006627	epochs	2.0
1136.7526884871947	0.025253500000189888	epochs	3.0
1136.777941987195	0.02510749999987638	epochs	3.0
1136.8030494871948	0.04978380000011384	epochs	2.0
1136.8030494871948	0.02496320000000196	epochs	3.0
1136.8280126871948	0.02482060000011188	epochs	3.0
1136.852833287195	0.04921949999993558	epochs	2.0
1136.852833287195	0.024679399999968155	epochs	3.0
1136.877512687195	0.024540099999967424	epochs	3.0
1136.9020527871949	0.04866790000005494	epochs	2.0
1136.9020527871949	0.024402099999861093	epochs	3.0
1136.9264548871947	0.02426580000019385	epochs	3.0
1136.950720687195	0.048128599999927246	epochs	2.0
1136.950720687195	0.02413099999989754	epochs	3.0
1136.9748516871948	0.023997600000029706	epochs	3.0
1136.9988492871948	0.047601100000065344	epochs	2.0
1136.9988492871948	0.023865800000066884	epochs	3.0
1137.022715087195	0.02373529999999846	epochs	3.0
1137.046450387195	0.04708499999992455	epochs	2.0
1137.046450387195	0.023606299999983094	epochs	3.0
1137.070056687195	0.023478699999941455	epochs	3.0
1137.0935353871948	0.046579999999948996	epochs	2.0
1137.0935353871948	0.023352500000100918	epochs	3.0
1137.116887887195	0.023227499999848078	epochs	3.0
1137.1401153871948	0.046085700000048746	epochs	2.0
1137.1401153871948	0.023104000000103042	epochs	3.0
1137.1632193871949	0.022981699999945704	epochs	3.0
1137.1862010871948	0.045601799999985815	epochs	2.0
1137.1862010871948	0.02286069999991014	epochs	3.0
1137.2090617871947	0.022741100000075676	epochs	3.0
1137.2318028871948	0.045127899999897636	epochs	2.0
1137.2318028871948	0.022622499999897627	epochs	3.0
1137.2544253871947	0.02250540000000001	epochs	3.0
1137.2769307871947	0.0446638000000803	epochs	2.0
1137.2769307871947	0.022389300000213552	epochs	3.0
1137.299320087195	0.022274499999866748	epochs	3.0
1137.3215945871948	0.04420920000006845	epochs	2.0
1137.3215945871948	0.022160799999937808	epochs	3.0
1137.3437553871947	0.02204840000013064	epochs	3.0
1137.3658037871949	0.04376359999992019	epochs	2.0
1137.3658037871949	0.02193689999990056	epochs	3.0
1137.3877406871948	0.021826700000019628	epochs	3.0
1137.4095673871948	0.04332709999994222	epochs	2.0
1137.4095673871948	0.02171760000010181	epochs	3.0
1137.4312849871949	0.02160949999984041	epochs	3.0
1137.4528944871947	0.04289900000003399	epochs	2.0
1137.4528944871947	0.02150249999999687	epochs	3.0
1137.4743969871947	0.021396500000037122	epochs	3.0
1137.4957934871948	0.04247950000012679	epochs	2.0
1137.4957934871948	0.021291700000119818	epochs	3.0
1137.5170851871949	0.021187800000006973	epochs	3.0
1137.538272987195	0.04206789999989269	epochs	2.0
1137.538272987195	0.02108490000000529	epochs	3.0
1137.559357887195	0.020982999999887397	epochs	3.0
1137.5803408871948	0.04166439999994509	epochs	2.0
1137.5803408871948	0.020882199999959994	epochs	3.0
1137.6012230871947	0.020782199999985096	epochs	3.0
1137.6220052871947	0.04126850000011473	epochs	2.0
1137.6220052871947	0.02068330000020069	epochs	3.0
1137.642688587195	0.02058519999991404	epochs	3.0
1137.6632737871948	0.04088000000001557	epochs	2.0
1137.6632737871948	0.020488099999965925	epochs	3.0
1137.6837618871948	0.020391900000049645	epochs	3.0
1137.7041537871949	0.04049880000002304	epochs	2.0
1137.7041537871949	0.020296599999937825	epochs	3.0
1137.7244503871948	0.020202200000085213	epochs	3.0
1137.7446525871949	0.040124599999899146	epochs	2.0
1137.7446525871949	0.02010870000003706	epochs	3.0
1137.764761287195	0.020015899999862086	epochs	3.0
1137.7847771871948	0.03975730000001931	epochs	2.0
1137.7847771871948	0.019924200000104975	epochs	3.0
1137.8047013871949	0.01983309999991434	epochs	3.0
1137.8245344871948	0.03939669999999751	epochs	2.0
1137.8245344871948	0.01974300000006224	epochs	3.0
1137.8442774871949	0.01965369999993527	epochs	3.0
1137.8639311871948	0.03904239999997117	epochs	2.0
1137.8639311871948	0.019565100000136226	epochs	3.0
1137.883496287195	0.01947729999983494	epochs	3.0
1137.9029735871948	0.038694600000098944	epochs	2.0
1137.9029735871948	0.019390400000020236	epochs	3.0
1137.9223639871948	0.01930420000007871	epochs	3.0
1137.9416681871949	0.03835290000006353	epochs	2.0
1137.9416681871949	0.019218799999862313	epochs	3.0
1137.9608869871947	0.019134100000201215	epochs	3.0
1137.980021087195	0.03801719999978559	epochs	2.0
1137.980021087195	0.019050199999810502	epochs	3.0
1137.9990712871947	0.018966999999975087	epochs	3.0
1138.0180382871947	0.03768720000016401	epochs	2.0
1138.0180382871947	0.01888450000001285	epochs	3.0
1138.0369227871947	0.018802700000151162	epochs	3.0
1138.0557254871949	0.03736309999999321	epochs	2.0
1138.0557254871949	0.018721700000014607	epochs	3.0
1138.074447187195	0.018641399999978603	epochs	3.0
1138.0930885871949	0.03704429999993408	epochs	2.0
1138.0930885871949	0.018561599999884493	epochs	3.0
1138.1116501871948	0.01848270000004959	epochs	3.0
1138.1301328871948	0.03673099999991791	epochs	2.0
1138.1301328871948	0.018404299999929208	epochs	3.0
1138.1485371871947	0.018326699999988705	epochs	3.0
1138.1668638871947	0.03642290000016146	epochs	2.0
1138.1668638871947	0.018249599999990096	epochs	3.0
1138.1851134871947	0.018173300000171366	epochs	3.0
1138.2032867871949	0.036120099999834565	epochs	2.0
1138.2032867871949	0.01809759999991911	epochs	3.0
1138.2213843871948	0.018022499999915453	epochs	3.0
1138.2394068871947	0.035822100000132195	epochs	2.0
1138.2394068871947	0.017947900000081063	epochs	3.0
1138.2573547871948	0.017874200000051133	epochs	3.0
1138.2752289871949	0.03552899999999681	epochs	2.0
1138.2752289871949	0.017800800000031813	epochs	3.0
1138.2930297871949	0.017728199999965	epochs	3.0
1138.3107579871948	0.03524070000003121	epochs	2.0
1138.3107579871948	0.017656100000067454	epochs	3.0
1138.328414087195	0.017584599999963757	epochs	3.0
1138.3459986871949	0.03495709999992869	epochs	2.0
1138.3459986871949	0.017513699999881283	epochs	3.0
1138.3635123871948	0.017443400000047404	epochs	3.0
1138.3809557871948	0.034677899999906	epochs	2.0
1138.3809557871948	0.017373599999928047	epochs	3.0
1138.3983293871947	0.017304299999977957	epochs	3.0
1138.4156336871947	0.03440330000012182	epochs	2.0
1138.4156336871947	0.017235700000128418	epochs	3.0
1138.4328693871948	0.0171675999999934	epochs	3.0
1138.4500369871948	0.03413279999995211	epochs	2.0
1138.4500369871948	0.01709989999994832	epochs	3.0
1138.4671368871948	0.017032900000003792	epochs	3.0
1138.4841697871948	0.03386670000008962	epochs	2.0
1138.4841697871948	0.01696640000000116	epochs	3.0
1138.5011361871948	0.016900300000088464	epochs	3.0
1138.5180364871949	0.03360459999998966	epochs	2.0
1138.5180364871949	0.01683479999996962	epochs	3.0
1138.5348712871948	0.01676980000002004	epochs	3.0
1138.5516410871949	0.033346599999958926	epochs	2.0
1138.5516410871949	0.016705300000012357	epochs	3.0
1138.5683463871949	0.01664129999994657	epochs	3.0
1138.5849876871948	0.03309250000006614	epochs	2.0
1138.5849876871948	0.016577800000050047	epochs	3.0
1138.6015654871949	0.01651470000001609	epochs	3.0
1138.618080187195	0.03284229999985655	epochs	2.0
1138.618080187195	0.01645220000000336	epochs	3.0
1138.634532387195	0.01639009999985319	epochs	3.0
1138.6509224871947	0.03259570000000167	epochs	2.0
1138.6509224871947	0.016328400000020338	epochs	3.0
1138.6672508871948	0.016267299999981333	epochs	3.0
1138.6835181871947	0.032352899999978035	epochs	2.0
1138.6835181871947	0.016206600000032267	epochs	3.0
1138.6997247871948	0.016146299999945768	epochs	3.0
1138.7158710871947	0.032113700000081735	epochs	2.0
1138.7158710871947	0.016086600000107865	epochs	3.0
1138.7319576871948	0.01602709999997387	epochs	3.0
1138.7479847871948	0.03187800000000607	epochs	2.0
1138.7479847871948	0.015968200000088473	epochs	3.0
1138.763952987195	0.015909799999917595	epochs	3.0
1138.7798627871948	0.03164569999989908	epochs	2.0
1138.7798627871948	0.015851599999905375	epochs	3.0
1138.7957143871947	0.015794099999993705	epochs	3.0
1138.8115084871947	0.03141670000013619	epochs	2.0
1138.8115084871947	0.015736700000161363	epochs	3.0
1138.8272451871949	0.015679999999974825	epochs	3.0
1138.8429251871949	0.03119109999988723	epochs	2.0
1138.8429251871949	0.015623600000026272	epochs	3.0
1138.8585487871949	0.015567499999860956	epochs	3.0
1138.8741162871947	0.03096870000013041	epochs	2.0
1138.8741162871947	0.01551200000017161	epochs	3.0
1138.889628287195	0.0154566999999588	epochs	3.0
1138.9050849871949	0.030749499999956242	epochs	2.0
1138.9050849871949	0.015401999999994587	epochs	3.0
1138.9204869871949	0.015347499999961656	epochs	3.0
1138.9358344871948	0.03053320000003623	epochs	2.0
1138.9358344871948	0.015293400000018664	epochs	3.0
1138.9511278871948	0.015239800000017567	epochs	3.0
1138.9663676871949	0.030320099999926242	epochs	2.0
1138.9663676871949	0.015186500000027081	epochs	3.0
1138.981554187195	0.015133599999899161	epochs	3.0
1138.9966877871948	0.03010990000007041	epochs	2.0
1138.9966877871948	0.015081000000009226	epochs	3.0
1139.0117687871948	0.015028900000061185	epochs	3.0
1139.0267976871949	0.029902499999934662	epochs	2.0
1139.0267976871949	0.014977000000044427	epochs	3.0
1139.041774687195	0.014925499999890235	epochs	3.0
1139.0567001871948	0.0296981000001324	epochs	2.0
1139.0567001871948	0.014874400000053356	epochs	3.0
1139.0715745871948	0.014823700000079043	epochs	3.0
1139.086398287195	0.029496299999891562	epochs	2.0
1139.086398287195	0.01477319999980864	epochs	3.0
1139.1011714871947	0.014723100000082923	epochs	3.0
1139.1158945871948	0.029297399999904883	epochs	2.0
1139.1158945871948	0.014673399999992398	epochs	3.0
1139.1305679871948	0.014623999999912485	epochs	3.0
1139.1451919871947	0.02910110000016175	epochs	2.0
1139.1451919871947	0.014574900000070556	epochs	3.0
1139.1597668871948	0.014526200000091194	epochs	3.0
1139.1742930871949	0.028907399999980044	epochs	2.0
1139.1742930871949	0.014477700000043114	epochs	3.0
1139.188770787195	0.014429699999936929	epochs	3.0
1139.2032004871949	0.028716199999962555	epochs	2.0
1139.2032004871949	0.014381799999910072	epochs	3.0
1139.2175822871948	0.014334400000052483	epochs	3.0
1139.2319166871948	0.02852759999996124	epochs	2.0
1139.2319166871948	0.014287199999898803	epochs	3.0
1139.2462038871947	0.014240400000062436	epochs	3.0
1139.2604442871948	0.028341400000044814	epochs	2.0
1139.2604442871948	0.014193799999929979	epochs	3.0
1139.2746380871947	0.014147600000114835	epochs	3.0
1139.2887856871948	0.028157700000065233	epochs	2.0
1139.2887856871948	0.014101700000082928	epochs	3.0
1139.302887387195	0.014055999999982305	epochs	3.0
1139.316943387195	0.02797629999986384	epochs	2.0
1139.316943387195	0.014010599999892293	epochs	3.0
1139.3309539871948	0.013965699999971548	epochs	3.0
1139.3449196871948	0.027797200000122757	epochs	2.0
1139.3449196871948	0.013920800000050804	epochs	3.0
1139.3588404871948	0.013876400000071953	epochs	3.0
1139.3727168871949	0.027620399999932488	epochs	2.0
1139.3727168871949	0.013832200000024386	epochs	3.0
1139.386549087195	0.013788199999908102	epochs	3.0
1139.4003372871948	0.027445899999975154	epochs	2.0
1139.4003372871948	0.01374460000010913	epochs	3.0
1139.414081887195	0.013701299999866023	epochs	3.0
1139.4277831871948	0.0272735000000921	epochs	2.0
1139.4277831871948	0.013658200000008947	epochs	3.0
1139.4414413871948	0.013615300000083153	epochs	3.0
1139.4550566871949	0.027103399999987232	epochs	2.0
1139.4550566871949	0.013572800000019924	epochs	3.0
1139.468629487195	0.013530599999967308	epochs	3.0
1139.4821600871949	0.02693520000002536	epochs	2.0
1139.4821600871949	0.01348839999991469	epochs	3.0
1139.4956484871948	0.01344680000011067	epochs	3.0
1139.509095287195	0.026769199999989723	epochs	2.0
1139.509095287195	0.013405199999851902	epochs	3.0
1139.5225004871947	0.013364000000137821	epochs	3.0
1139.5358644871949	0.026605199999949036	epochs	2.0
1139.5358644871949	0.013322900000048321	epochs	3.0
1139.549187387195	0.013282299999900715	epochs	3.0
1139.5624696871948	0.0264431999999033	epochs	2.0
1139.5624696871948	0.013241699999980483	epochs	3.0
1139.5757113871948	0.013201499999922817	epochs	3.0
1139.5889128871947	0.026283200000079887	epochs	2.0
1139.5889128871947	0.013161500000023807	epochs	3.0
1139.6020743871948	0.01312170000005608	epochs	3.0
1139.6151960871948	0.02612500000009277	epochs	2.0
1139.6151960871948	0.013082100000019636	epochs	3.0
1139.6282781871948	0.013042900000073132	epochs	3.0
1139.641321087195	0.025968899999952555	epochs	2.0
1139.641321087195	0.013003899999830537	epochs	3.0
1139.6543249871947	0.012965000000122018	epochs	3.0
1139.6672899871949	0.025814500000024054	epochs	2.0
1139.6672899871949	0.012926399999969362	epochs	3.0
1139.6802163871948	0.012888100000054692	epochs	3.0
1139.693104487195	0.025661899999931848	epochs	2.0
1139.693104487195	0.012849899999991976	epochs	3.0
1139.7059543871949	0.012811999999939871	epochs	3.0
1139.7187663871948	0.025511199999982637	epochs	2.0
1139.7187663871948	0.012774399999898378	epochs	3.0
1139.7315407871947	0.012736800000084258	epochs	3.0
1139.7442775871948	0.025362300000097093	epochs	2.0
1139.7442775871948	0.01269969999998466	epochs	3.0
1139.7569772871948	0.012662600000112434	epochs	3.0
1139.769639887195	0.025214999999889187	epochs	2.0
1139.769639887195	0.012625800000023446	epochs	3.0
1139.782265687195	0.012589199999865741	epochs	3.0
1139.7948548871948	0.024584799999956886	epochs	2.0
1139.8185273871948	0.5	epochs	-1.0
1139.8194396871947	0.9999199999999746	epochs	1.0
1140.3185273871948	0.5	epochs	-1.0
1141.266999721527	0.09135999999989508	epochs	0.0
1141.266999721527	0.04068260000008195	epochs	1.0
1141.3076823215272	0.009994799999958559	epochs	1.0
1141.3176771215271	0.040682599999854574	epochs	1.0
1141.358439721527	2.0	epochs	0.0
1143.358407421527	0.5	epochs	-1.0
1143.358439721527	0.5280800000000454	epochs	0.0
1143.358439721527	0.5280800000000454	epochs	1.0
1143.858407421527	0.02811229999997522	epochs	-1.0
1143.886519721527	21.47183999999993	epochs	0.0
1145.034999847412	0.09135999999989508	epochs	0.0
1145.034999847412	0.04068260000008195	epochs	1.0
1145.0756824474122	0.009994799999958559	epochs	1.0
1145.0856772474121	0.040682599999854574	epochs	1.0
1145.126439847412	2.0	epochs	0.0
1147.126407547412	0.5	epochs	-1.0
1147.126439847412	21.999919999999975	epochs	0.0
1147.126439847412	1.0	epochs	1.0
1147.626407547412	19.999119999999948	epochs	-1.0
1148.126439847412	20.0	epochs	1.0
1148.126439847412	4.356753900000058	epochs	-1.0
1148.126439847412	1.9745872000000873	epochs	2.0
1148.126439847412	1.0985622000000603	epochs	3.0
1149.225002047412	0.8760250000000269	epochs	3.0
1150.1010270474121	1.3524075000000266	epochs	2.0
1150.1010270474121	0.7286354999998821	epochs	3.0
1150.829662547412	0.6237720000001445	epochs	3.0
1151.4534345474121	1.029759199999944	epochs	2.0
1151.4534345474121	0.5453293000000485	epochs	3.0
1151.9987638474122	0.4844298999998955	epochs	3.0
1152.483193747412	0.8317862000001242	epochs	2.0
1152.483193747412	0.4357763000000432	epochs	3.0
1152.9189700474121	0.39600990000008096	epochs	3.0
1153.3149799474122	0.6977969999998095	epochs	2.0
1153.3149799474122	0.36289819999979045	epochs	3.0
1153.677878147412	0.33489880000001904	epochs	3.0
1154.012776947412	0.601045699999986	epochs	2.0
1154.012776947412	0.3109123000001546	epochs	3.0
1154.3236892474122	0.29013339999983145	epochs	3.0
1154.613822647412	0.5278859000000011	epochs	2.0
1154.613822647412	0.2719586000000618	epochs	3.0
1154.885781247412	0.25592729999993935	epochs	3.0
1155.141708547412	0.4706193000001804	epochs	2.0
1155.141708547412	0.24168130000020938	epochs	3.0
1155.3833898474122	0.228937999999971	epochs	3.0
1155.6123278474122	0.42457039999999324	epochs	2.0
1155.6123278474122	0.21747140000002219	epochs	3.0
1155.8297992474122	0.20709899999997106	epochs	3.0
1156.0368982474122	0.3867353999999068	epochs	2.0
1156.0368982474122	0.19767109999997956	epochs	3.0
1156.2345693474122	0.18906429999992724	epochs	3.0
1156.423633647412	0.35509530000013	epochs	2.0
1156.423633647412	0.18117589999997108	epochs	3.0
1156.604809547412	0.17391940000015893	epochs	3.0
1156.7787289474122	0.3282430999997814	epochs	2.0
1156.7787289474122	0.16722189999995862	epochs	3.0
1156.9459508474122	0.16102119999982278	epochs	3.0
1157.106972047412	0.30516800000009425	epochs	2.0
1157.106972047412	0.15526390000013635	epochs	3.0
1157.2622359474121	0.1499040999999579	epochs	3.0
1157.412140047412	0.28512530000011793	epochs	2.0
1157.412140047412	0.1449021000000812	epochs	3.0
1157.5570421474122	0.14022320000003674	epochs	3.0
1157.6972653474122	0.2675537999998596	epochs	2.0
1157.6972653474122	0.1358368999999584	epochs	3.0
1157.8331022474122	0.13171689999990122	epochs	3.0
1157.964819147412	0.252022899999929	epochs	2.0
1157.964819147412	0.1278393000000051	epochs	3.0
1158.092658447412	0.1241835999999239	epochs	3.0
1158.216842047412	0.23819650000018555	epochs	2.0
1158.216842047412	0.12073110000005727	epochs	3.0
1158.337573147412	0.11746540000012828	epochs	3.0
1158.4550385474122	0.22580879999986792	epochs	2.0
1158.4550385474122	0.1143718999999237	epochs	3.0
1158.569410447412	0.11143689999994422	epochs	3.0
1158.680847347412	0.2146460000001298	epochs	2.0
1158.680847347412	0.10864890000016203	epochs	3.0
1158.7894962474122	0.10599709999996776	epochs	3.0
1158.8954933474122	0.2045349999998507	epochs	2.0
1158.8954933474122	0.1034714999998414	epochs	3.0
1158.998964847412	0.1010635000000093	epochs	3.0
1159.100028347412	0.19533400000000256	epochs	2.0
1159.100028347412	0.09876510000003691	epochs	3.0
1159.198793447412	0.09656889999996565	epochs	3.0
1159.295362347412	0.18692529999998442	epochs	2.0
1159.295362347412	0.09446830000001682	epochs	3.0
1159.389830647412	0.09245699999996759	epochs	3.0
1159.482287647412	0.1792107000001124	epochs	2.0
1159.482287647412	0.0905296000000817	epochs	3.0
1159.572817247412	0.08868110000003071	epochs	3.0
1159.6614983474121	0.17210769999996955	epochs	2.0
1159.6614983474121	0.08690630000000965	epochs	3.0
1159.7484046474121	0.0852013999999599	epochs	3.0
1159.833606047412	0.16554640000003928	epochs	2.0
1159.833606047412	0.08356189999994967	epochs	3.0
1159.917167947412	0.08198450000008961	epochs	3.0
1159.9991524474121	0.15946710000002895	epochs	2.0
1159.9991524474121	0.08046539999986635	epochs	3.0
1160.079617847412	0.0790017000001626	epochs	3.0
1160.1586195474122	0.1538183999998637	epochs	2.0
1160.1586195474122	0.07759009999995214	epochs	3.0
1160.2362096474121	0.07622829999991154	epochs	3.0
1160.312437947412	0.14855639999996129	epochs	2.0
1160.312437947412	0.07491330000016205	epochs	3.0
1160.3873512474122	0.07364309999979923	epochs	3.0
1160.460994347412	0.14364240000008976	epochs	2.0
1160.460994347412	0.07241500000009182	epochs	3.0
1160.533409347412	0.07122739999999794	epochs	3.0
1160.604636747412	0.13904309999998077	epochs	2.0
1160.604636747412	0.07007799999996678	epochs	3.0
1160.674714747412	0.06896510000001399	epochs	3.0
1160.743679847412	0.1347293000001173	epochs	2.0
1160.743679847412	0.0678871000000072	epochs	3.0
1160.811566947412	0.0668422000001101	epochs	3.0
1160.8784091474122	0.13067519999981414	epochs	2.0
1160.8784091474122	0.06582909999997355	epochs	3.0
1160.9442382474122	0.06484609999984059	epochs	3.0
1161.009084347412	0.12685780000015257	epochs	2.0
1161.009084347412	0.06389200000012352	epochs	3.0
1161.0729763474121	0.06296580000002905	epochs	3.0
1161.1359421474122	0.12325719999989815	epochs	2.0
1161.1359421474122	0.06206580000002759	epochs	3.0
1161.1980079474122	0.061191399999870555	epochs	3.0
1161.259199347412	0.11985540000000583	epochs	2.0
1161.259199347412	0.060341099999959624	epochs	3.0
1161.319540447412	0.059514300000046205	epochs	3.0
1161.379054747412	0.11663620000012997	epochs	2.0
1161.379054747412	0.05870960000015657	epochs	3.0
1161.4377643474122	0.057926599999973405	epochs	3.0
1161.4956909474122	0.11358559999985118	epochs	2.0
1161.4956909474122	0.05716419999998834	epochs	3.0
1161.5528551474122	0.05642139999986284	epochs	3.0
1161.609276547412	0.11069050000014613	epochs	2.0
1161.609276547412	0.055697900000041045	epochs	3.0
1161.664974447412	0.054992600000105085	epochs	3.0
1161.7199670474122	0.10793909999983953	epochs	2.0
1161.7199670474122	0.05430490000003374	epochs	3.0
1161.7742719474122	0.05363419999980579	epochs	3.0
1161.827906147412	0.10532150000017282	epochs	2.0
1161.827906147412	0.052980000000161453	epochs	3.0
1161.8808861474122	0.052341500000011365	epochs	3.0
1161.9332276474122	0.10282759999995505	epochs	2.0
1161.9332276474122	0.05171810000001642	epochs	3.0
1161.9849457474122	0.051109499999938635	epochs	3.0
1162.0360552474122	0.10044909999987794	epochs	2.0
1162.0360552474122	0.050514900000052876	epochs	3.0
1162.0865701474122	0.04993419999982507	epochs	3.0
1162.136504347412	0.0981782999999723	epochs	2.0
1162.136504347412	0.04936659999998483	epochs	3.0
1162.185870947412	0.04881169999998747	epochs	3.0
1162.234682647412	0.09600780000005216	epochs	2.0
1162.234682647412	0.04826920000004975	epochs	3.0
1162.282951847412	0.04773860000000241	epochs	3.0
1162.330690447412	0.09393120000004274	epochs	2.0
1162.330690447412	0.04721949999998287	epochs	3.0
1162.377909947412	0.046711700000059864	epochs	3.0
1162.424621647412	0.09194260000003851	epochs	2.0
1162.424621647412	0.046214599999984785	epochs	3.0
1162.470836247412	0.045728000000053726	epochs	3.0
1162.5165642474121	0.09003630000006524	epochs	2.0
1162.5165642474121	0.045251499999949374	epochs	3.0
1162.561815747412	0.044784800000115865	epochs	3.0
1162.6066005474122	0.0882075999998051	epochs	2.0
1162.6066005474122	0.044327800000019124	epochs	3.0
1162.6509283474122	0.04387979999978597	epochs	3.0
1162.694808147412	0.0864516999999978	epochs	2.0
1162.694808147412	0.04344100000002982	epochs	3.0
1162.738249147412	0.04301069999996798	epochs	3.0
1162.781259847412	0.08476430000018809	epochs	2.0
1162.781259847412	0.04258900000013455	epochs	3.0
1162.8238488474121	0.04217530000005354	epochs	3.0
1162.8660241474122	0.08314150000001064	epochs	2.0
1162.8660241474122	0.04176969999980429	epochs	3.0
1162.907793847412	0.04137180000020635	epochs	3.0
1162.9491656474122	0.08157970000002024	epochs	2.0
1162.9491656474122	0.040981399999964196	epochs	3.0
1162.9901470474122	0.04059830000005604	epochs	3.0
1163.0307453474122	0.08007549999979346	epochs	2.0
1163.0307453474122	0.04022229999986848	epochs	3.0
1163.070967647412	0.03985319999992498	epochs	3.0
1163.110820847412	0.07862570000020241	epochs	2.0
1163.110820847412	0.039490800000066884	epochs	3.0
1163.150311647412	0.03913490000013553	epochs	3.0
1163.1894465474122	0.07722759999978734	epochs	2.0
1163.1894465474122	0.03878539999982422	epochs	3.0
1163.228231947412	0.03844219999996312	epochs	3.0
1163.266674147412	0.07587820000003376	epochs	2.0
1163.266674147412	0.03810480000015559	epochs	3.0
1163.3047789474122	0.037773399999878166	epochs	3.0
1163.342552347412	0.0745752000000266	epochs	2.0
1163.342552347412	0.03744770000002973	epochs	3.0
1163.380000047412	0.03712749999999687	epochs	3.0
1163.417127547412	0.07331629999998768	epochs	2.0
1163.417127547412	0.0368129000000863	epochs	3.0
1163.4539404474122	0.036503399999901376	epochs	3.0
1163.490443847412	0.07209899999998015	epochs	2.0
1163.490443847412	0.03619909999997617	epochs	3.0
1163.526642947412	0.03589990000000398	epochs	3.0
1163.562542847412	0.07092170000009901	epochs	2.0
1163.562542847412	0.03560560000005353	epochs	3.0
1163.598148447412	0.03531610000004548	epochs	3.0
1163.6334645474121	0.06978200000003199	epochs	2.0
1163.6334645474121	0.03503120000004856	epochs	3.0
1163.6684957474122	0.03475079999998343	epochs	3.0
1163.7032465474122	0.06867859999988468	epochs	2.0
1163.7032465474122	0.03447510000000875	epochs	3.0
1163.7377216474122	0.03420349999987593	epochs	3.0
1163.771925147412	0.06760929999995824	epochs	2.0
1163.771925147412	0.033936199999970995	epochs	3.0
1163.805861347412	0.033673099999987244	epochs	3.0
1163.839534447412	0.06657290000021021	epochs	2.0
1163.839534447412	0.03341399999999339	epochs	3.0
1163.872948447412	0.03315890000021682	epochs	3.0
1163.9061073474122	0.06556779999982609	epochs	2.0
1163.9061073474122	0.03290769999989607	epochs	3.0
1163.939015047412	0.032660099999930026	epochs	3.0
1163.971675147412	0.06459259999996902	epochs	2.0
1163.971675147412	0.03241640000010193	epochs	3.0
1164.0040915474121	0.032176199999867094	epochs	3.0
1164.036267747412	0.06364600000006249	epochs	2.0
1164.036267747412	0.03193959999998697	epochs	3.0
1164.068207347412	0.03170640000007552	epochs	3.0
1164.099913747412	0.0627266999999847	epochs	2.0
1164.099913747412	0.03147660000013275	epochs	3.0
1164.1313903474122	0.031250099999851955	epochs	3.0
1164.162640447412	0.06183359999999993	epochs	2.0
1164.162640447412	0.031026900000142632	epochs	3.0
1164.1936673474122	0.0308066999998573	epochs	3.0
1164.224474047412	0.06096560000014506	epochs	2.0
1164.224474047412	0.03058980000014344	epochs	3.0
1164.2550638474122	0.030375800000001618	epochs	3.0
1164.2854396474122	0.06012160000000222	epochs	2.0
1164.2854396474122	0.030164899999817862	epochs	3.0
1164.315604547412	0.029956700000184355	epochs	3.0
1164.3455612474122	0.05930069999999432	epochs	2.0
1164.3455612474122	0.029751599999826794	epochs	3.0
1164.375312847412	0.029549100000167527	epochs	3.0
1164.4048619474122	0.05850179999993088	epochs	2.0
1164.4048619474122	0.02934940000000097	epochs	3.0
1164.4342113474122	0.029152399999929912	epochs	3.0
1164.4633637474121	0.05772419999993872	epochs	2.0
1164.4633637474121	0.028957999999875028	epochs	3.0
1164.492321747412	0.02876620000006369	epochs	3.0
1164.521087947412	0.05696710000006533	epochs	2.0
1164.521087947412	0.028577000000041153	epochs	3.0
1164.549664947412	0.028390100000024177	epochs	3.0
1164.5780550474121	0.05622949999997218	epochs	2.0
1164.5780550474121	0.028205699999944045	epochs	3.0
1164.606260747412	0.028023800000028132	epochs	3.0
1164.634284547412	0.05551070000001346	epochs	2.0
1164.634284547412	0.027843999999959124	epochs	3.0
1164.662128547412	0.027666700000054334	epochs	3.0
1164.6897952474121	0.054810200000019904	epochs	2.0
1164.6897952474121	0.02749149999999645	epochs	3.0
1164.7172867474121	0.027318700000023455	epochs	3.0
1164.7446054474121	0.054126999999880354	epochs	2.0
1164.7446054474121	0.027147799999966082	epochs	3.0
1164.771753247412	0.026979199999914272	epochs	3.0
1164.798732447412	0.05346070000018699	epochs	2.0
1164.798732447412	0.026812600000084785	epochs	3.0
1164.825545047412	0.026648100000102204	epochs	3.0
1164.8521931474122	0.05281070000000909	epochs	2.0
1164.8521931474122	0.0264855999998872	epochs	3.0
1164.878678747412	0.026325100000121893	epochs	3.0
1164.9050038474122	0.052176199999848905	epochs	2.0
1164.9050038474122	0.026166399999965506	epochs	3.0
1164.9311702474122	0.0260097999998834	epochs	3.0
1164.957180047412	0.051556699999991906	epochs	2.0
1164.957180047412	0.025854799999933675	epochs	3.0
1164.983034847412	0.02570190000005823	epochs	3.0
1165.008736747412	0.05095189999997274	epochs	2.0
1165.008736747412	0.025550699999939752	epochs	3.0
1165.034287447412	0.025401200000032986	epochs	3.0
1165.059688647412	0.05036100000006627	epochs	2.0
1165.059688647412	0.025253500000189888	epochs	3.0
1165.0849421474122	0.02510749999987638	epochs	3.0
1165.110049647412	0.04978380000011384	epochs	2.0
1165.110049647412	0.02496320000000196	epochs	3.0
1165.135012847412	0.02482060000011188	epochs	3.0
1165.1598334474122	0.04921949999993558	epochs	2.0
1165.1598334474122	0.024679399999968155	epochs	3.0
1165.1845128474122	0.024540099999967424	epochs	3.0
1165.2090529474121	0.04866790000005494	epochs	2.0
1165.2090529474121	0.024402099999861093	epochs	3.0
1165.233455047412	0.02426580000019385	epochs	3.0
1165.2577208474122	0.048128599999927246	epochs	2.0
1165.2577208474122	0.02413099999989754	epochs	3.0
1165.281851847412	0.023997600000029706	epochs	3.0
1165.3058494474121	0.047601100000065344	epochs	2.0
1165.3058494474121	0.023865800000066884	epochs	3.0
1165.3297152474122	0.02373529999999846	epochs	3.0
1165.3534505474122	0.04708499999992455	epochs	2.0
1165.3534505474122	0.023606299999983094	epochs	3.0
1165.3770568474122	0.023478699999941455	epochs	3.0
1165.4005355474121	0.046579999999948996	epochs	2.0
1165.4005355474121	0.023352500000100918	epochs	3.0
1165.4238880474122	0.023227499999848078	epochs	3.0
1165.447115547412	0.046085700000048746	epochs	2.0
1165.447115547412	0.023104000000103042	epochs	3.0
1165.4702195474122	0.022981699999945704	epochs	3.0
1165.4932012474121	0.045601799999985815	epochs	2.0
1165.4932012474121	0.02286069999991014	epochs	3.0
1165.516061947412	0.022741100000075676	epochs	3.0
1165.538803047412	0.045127899999897636	epochs	2.0
1165.538803047412	0.022622499999897627	epochs	3.0
1165.561425547412	0.02250540000000001	epochs	3.0
1165.583930947412	0.0446638000000803	epochs	2.0
1165.583930947412	0.022389300000213552	epochs	3.0
1165.6063202474122	0.022274499999866748	epochs	3.0
1165.628594747412	0.04420920000006845	epochs	2.0
1165.628594747412	0.022160799999937808	epochs	3.0
1165.650755547412	0.02204840000013064	epochs	3.0
1165.6728039474121	0.04376359999992019	epochs	2.0
1165.6728039474121	0.02193689999990056	epochs	3.0
1165.694740847412	0.021826700000019628	epochs	3.0
1165.716567547412	0.04332709999994222	epochs	2.0
1165.716567547412	0.02171760000010181	epochs	3.0
1165.7382851474122	0.02160949999984041	epochs	3.0
1165.759894647412	0.04289900000003399	epochs	2.0
1165.759894647412	0.02150249999999687	epochs	3.0
1165.781397147412	0.021396500000037122	epochs	3.0
1165.802793647412	0.04247950000012679	epochs	2.0
1165.802793647412	0.021291700000119818	epochs	3.0
1165.8240853474122	0.021187800000006973	epochs	3.0
1165.8452731474122	0.04206789999989269	epochs	2.0
1165.8452731474122	0.02108490000000529	epochs	3.0
1165.8663580474122	0.020982999999887397	epochs	3.0
1165.887341047412	0.04166439999994509	epochs	2.0
1165.887341047412	0.020882199999959994	epochs	3.0
1165.908223247412	0.020782199999985096	epochs	3.0
1165.929005447412	0.04126850000011473	epochs	2.0
1165.929005447412	0.02068330000020069	epochs	3.0
1165.9496887474122	0.02058519999991404	epochs	3.0
1165.9702739474121	0.04088000000001557	epochs	2.0
1165.9702739474121	0.020488099999965925	epochs	3.0
1165.990762047412	0.020391900000049645	epochs	3.0
1166.0111539474121	0.04049880000002304	epochs	2.0
1166.0111539474121	0.020296599999937825	epochs	3.0
1166.031450547412	0.020202200000085213	epochs	3.0
1166.0516527474122	0.040124599999899146	epochs	2.0
1166.0516527474122	0.02010870000003706	epochs	3.0
1166.0717614474122	0.020015899999862086	epochs	3.0
1166.091777347412	0.03975730000001931	epochs	2.0
1166.091777347412	0.019924200000104975	epochs	3.0
1166.1117015474122	0.01983309999991434	epochs	3.0
1166.131534647412	0.03939669999999751	epochs	2.0
1166.131534647412	0.01974300000006224	epochs	3.0
1166.1512776474121	0.01965369999993527	epochs	3.0
1166.170931347412	0.03904239999997117	epochs	2.0
1166.170931347412	0.019565100000136226	epochs	3.0
1166.1904964474122	0.01947729999983494	epochs	3.0
1166.209973747412	0.038694600000098944	epochs	2.0
1166.209973747412	0.019390400000020236	epochs	3.0
1166.229364147412	0.01930420000007871	epochs	3.0
1166.2486683474121	0.03835290000006353	epochs	2.0
1166.2486683474121	0.019218799999862313	epochs	3.0
1166.267887147412	0.019134100000201215	epochs	3.0
1166.2870212474122	0.03801719999978559	epochs	2.0
1166.2870212474122	0.019050199999810502	epochs	3.0
1166.306071447412	0.018966999999975087	epochs	3.0
1166.325038447412	0.03768720000016401	epochs	2.0
1166.325038447412	0.01888450000001285	epochs	3.0
1166.343922947412	0.018802700000151162	epochs	3.0
1166.3627256474122	0.03736309999999321	epochs	2.0
1166.3627256474122	0.018721700000014607	epochs	3.0
1166.3814473474122	0.018641399999978603	epochs	3.0
1166.4000887474122	0.03704429999993408	epochs	2.0
1166.4000887474122	0.018561599999884493	epochs	3.0
1166.418650347412	0.01848270000004959	epochs	3.0
1166.437133047412	0.03673099999991791	epochs	2.0
1166.437133047412	0.018404299999929208	epochs	3.0
1166.455537347412	0.018326699999988705	epochs	3.0
1166.473864047412	0.03642290000016146	epochs	2.0
1166.473864047412	0.018249599999990096	epochs	3.0
1166.492113647412	0.018173300000171366	epochs	3.0
1166.5102869474122	0.036120099999834565	epochs	2.0
1166.5102869474122	0.01809759999991911	epochs	3.0
1166.528384547412	0.018022499999915453	epochs	3.0
1166.546407047412	0.035822100000132195	epochs	2.0
1166.546407047412	0.017947900000081063	epochs	3.0
1166.564354947412	0.017874200000051133	epochs	3.0
1166.5822291474121	0.03552899999999681	epochs	2.0
1166.5822291474121	0.017800800000031813	epochs	3.0
1166.6000299474122	0.017728199999965	epochs	3.0
1166.6177581474121	0.03524070000003121	epochs	2.0
1166.6177581474121	0.017656100000067454	epochs	3.0
1166.6354142474122	0.017584599999963757	epochs	3.0
1166.6529988474122	0.03495709999992869	epochs	2.0
1166.6529988474122	0.017513699999881283	epochs	3.0
1166.670512547412	0.017443400000047404	epochs	3.0
1166.687955947412	0.034677899999906	epochs	2.0
1166.687955947412	0.017373599999928047	epochs	3.0
1166.705329547412	0.017304299999977957	epochs	3.0
1166.722633847412	0.03440330000012182	epochs	2.0
1166.722633847412	0.017235700000128418	epochs	3.0
1166.7398695474121	0.0171675999999934	epochs	3.0
1166.7570371474121	0.03413279999995211	epochs	2.0
1166.7570371474121	0.01709989999994832	epochs	3.0
1166.774137047412	0.017032900000003792	epochs	3.0
1166.791169947412	0.03386670000008962	epochs	2.0
1166.791169947412	0.01696640000000116	epochs	3.0
1166.808136347412	0.016900300000088464	epochs	3.0
1166.8250366474122	0.03360459999998966	epochs	2.0
1166.8250366474122	0.01683479999996962	epochs	3.0
1166.8418714474121	0.01676980000002004	epochs	3.0
1166.8586412474122	0.033346599999958926	epochs	2.0
1166.8586412474122	0.016705300000012357	epochs	3.0
1166.8753465474122	0.01664129999994657	epochs	3.0
1166.891987847412	0.03309250000006614	epochs	2.0
1166.891987847412	0.016577800000050047	epochs	3.0
1166.9085656474122	0.01651470000001609	epochs	3.0
1166.9250803474122	0.03284229999985655	epochs	2.0
1166.9250803474122	0.01645220000000336	epochs	3.0
1166.9415325474122	0.01639009999985319	epochs	3.0
1166.957922647412	0.03259570000000167	epochs	2.0
1166.957922647412	0.016328400000020338	epochs	3.0
1166.974251047412	0.016267299999981333	epochs	3.0
1166.990518347412	0.032352899999978035	epochs	2.0
1166.990518347412	0.016206600000032267	epochs	3.0
1167.006724947412	0.016146299999945768	epochs	3.0
1167.022871247412	0.032113700000081735	epochs	2.0
1167.022871247412	0.016086600000107865	epochs	3.0
1167.0389578474121	0.01602709999997387	epochs	3.0
1167.054984947412	0.03187800000000607	epochs	2.0
1167.054984947412	0.015968200000088473	epochs	3.0
1167.0709531474122	0.015909799999917595	epochs	3.0
1167.086862947412	0.03164569999989908	epochs	2.0
1167.086862947412	0.015851599999905375	epochs	3.0
1167.102714547412	0.015794099999993705	epochs	3.0
1167.118508647412	0.03141670000013619	epochs	2.0
1167.118508647412	0.015736700000161363	epochs	3.0
1167.1342453474122	0.015679999999974825	epochs	3.0
1167.1499253474121	0.03119109999988723	epochs	2.0
1167.1499253474121	0.015623600000026272	epochs	3.0
1167.1655489474122	0.015567499999860956	epochs	3.0
1167.181116447412	0.03096870000013041	epochs	2.0
1167.181116447412	0.01551200000017161	epochs	3.0
1167.1966284474122	0.0154566999999588	epochs	3.0
1167.2120851474122	0.030749499999956242	epochs	2.0
1167.2120851474122	0.015401999999994587	epochs	3.0
1167.2274871474121	0.015347499999961656	epochs	3.0
1167.242834647412	0.03053320000003623	epochs	2.0
1167.242834647412	0.015293400000018664	epochs	3.0
1167.2581280474121	0.015239800000017567	epochs	3.0
1167.2733678474121	0.030320099999926242	epochs	2.0
1167.2733678474121	0.015186500000027081	epochs	3.0
1167.2885543474122	0.015133599999899161	epochs	3.0
1167.303687947412	0.03010990000007041	epochs	2.0
1167.303687947412	0.015081000000009226	epochs	3.0
1167.318768947412	0.015028900000061185	epochs	3.0
1167.3337978474121	0.029902499999934662	epochs	2.0
1167.3337978474121	0.014977000000044427	epochs	3.0
1167.3487748474122	0.014925499999890235	epochs	3.0
1167.363700347412	0.0296981000001324	epochs	2.0
1167.363700347412	0.014874400000053356	epochs	3.0
1167.3785747474121	0.014823700000079043	epochs	3.0
1167.3933984474122	0.029496299999891562	epochs	2.0
1167.3933984474122	0.01477319999980864	epochs	3.0
1167.408171647412	0.014723100000082923	epochs	3.0
1167.422894747412	0.029297399999904883	epochs	2.0
1167.422894747412	0.014673399999992398	epochs	3.0
1167.437568147412	0.014623999999912485	epochs	3.0
1167.452192147412	0.02910110000016175	epochs	2.0
1167.452192147412	0.014574900000070556	epochs	3.0
1167.466767047412	0.014526200000091194	epochs	3.0
1167.4812932474122	0.028907399999980044	epochs	2.0
1167.4812932474122	0.014477700000043114	epochs	3.0
1167.4957709474122	0.014429699999936929	epochs	3.0
1167.5102006474121	0.028716199999962555	epochs	2.0
1167.5102006474121	0.014381799999910072	epochs	3.0
1167.524582447412	0.014334400000052483	epochs	3.0
1167.538916847412	0.02852759999996124	epochs	2.0
1167.538916847412	0.014287199999898803	epochs	3.0
1167.553204047412	0.014240400000062436	epochs	3.0
1167.567444447412	0.028341400000044814	epochs	2.0
1167.567444447412	0.014193799999929979	epochs	3.0
1167.581638247412	0.014147600000114835	epochs	3.0
1167.5957858474121	0.028157700000065233	epochs	2.0
1167.5957858474121	0.014101700000082928	epochs	3.0
1167.6098875474122	0.014055999999982305	epochs	3.0
1167.6239435474122	0.02797629999986384	epochs	2.0
1167.6239435474122	0.014010599999892293	epochs	3.0
1167.637954147412	0.013965699999971548	epochs	3.0
1167.651919847412	0.027797200000122757	epochs	2.0
1167.651919847412	0.013920800000050804	epochs	3.0
1167.665840647412	0.013876400000071953	epochs	3.0
1167.6797170474122	0.027620399999932488	epochs	2.0
1167.6797170474122	0.013832200000024386	epochs	3.0
1167.6935492474122	0.013788199999908102	epochs	3.0
1167.707337447412	0.027445899999975154	epochs	2.0
1167.707337447412	0.01374460000010913	epochs	3.0
1167.7210820474122	0.013701299999866023	epochs	3.0
1167.734783347412	0.0272735000000921	epochs	2.0
1167.734783347412	0.013658200000008947	epochs	3.0
1167.748441547412	0.013615300000083153	epochs	3.0
1167.7620568474122	0.027103399999987232	epochs	2.0
1167.7620568474122	0.013572800000019924	epochs	3.0
1167.7756296474122	0.013530599999967308	epochs	3.0
1167.7891602474122	0.02693520000002536	epochs	2.0
1167.7891602474122	0.01348839999991469	epochs	3.0
1167.802648647412	0.01344680000011067	epochs	3.0
1167.8160954474122	0.026769199999989723	epochs	2.0
1167.8160954474122	0.013405199999851902	epochs	3.0
1167.829500647412	0.013364000000137821	epochs	3.0
1167.8428646474122	0.026605199999949036	epochs	2.0
1167.8428646474122	0.013322900000048321	epochs	3.0
1167.8561875474122	0.013282299999900715	epochs	3.0
1167.8694698474121	0.0264431999999033	epochs	2.0
1167.8694698474121	0.013241699999980483	epochs	3.0
1167.882711547412	0.013201499999922817	epochs	3.0
1167.895913047412	0.026283200000079887	epochs	2.0
1167.895913047412	0.013161500000023807	epochs	3.0
1167.909074547412	0.01312170000005608	epochs	3.0
1167.922196247412	0.02612500000009277	epochs	2.0
1167.922196247412	0.013082100000019636	epochs	3.0
1167.9352783474121	0.013042900000073132	epochs	3.0
1167.9483212474122	0.025968899999952555	epochs	2.0
1167.9483212474122	0.013003899999830537	epochs	3.0
1167.961325147412	0.012965000000122018	epochs	3.0
1167.9742901474121	0.025814500000024054	epochs	2.0
1167.9742901474121	0.012926399999969362	epochs	3.0
1167.9872165474121	0.012888100000054692	epochs	3.0
1168.0001046474122	0.025661899999931848	epochs	2.0
1168.0001046474122	0.012849899999991976	epochs	3.0
1168.0129545474122	0.012811999999939871	epochs	3.0
1168.025766547412	0.025511199999982637	epochs	2.0
1168.025766547412	0.012774399999898378	epochs	3.0
1168.038540947412	0.012736800000084258	epochs	3.0
1168.051277747412	0.025362300000097093	epochs	2.0
1168.051277747412	0.01269969999998466	epochs	3.0
1168.063977447412	0.012662600000112434	epochs	3.0
1168.0766400474122	0.025214999999889187	epochs	2.0
1168.0766400474122	0.012625800000023446	epochs	3.0
1168.0892658474122	0.012589199999865741	epochs	3.0
1168.101855047412	0.024584799999956886	epochs	2.0
1168.125527547412	0.5	epochs	-1.0
1168.126439847412	0.9999199999999746	epochs	1.0
1168.625527547412	0.5	epochs	-1.0
1169.5329999923706	0.09135999999989508	epochs	0.0
1169.5329999923706	0.04068260000008195	epochs	1.0
1169.5736825923707	0.009994799999958559	epochs	1.0
1169.5836773923706	0.040682599999854574	epochs	1.0
1169.6244399923705	2.0	epochs	0.0
1171.6244076923706	0.5	epochs	-1.0
1171.6244399923705	21.528400000000147	epochs	0.0
1171.6244399923705	1.0	epochs	1.0
1172.1244076923706	19.999119999999948	epochs	-1.0
1172.6244399923705	20.0	epochs	1.0
1172.6244399923705	4.356753900000058	epochs	-1.0
1172.6244399923705	1.9745872000000873	epochs	2.0
1172.6244399923705	1.0985622000000603	epochs	3.0
1173.7230021923706	0.8760250000000269	epochs	3.0
1174.5990271923706	1.3524075000000266	epochs	2.0
1174.5990271923706	0.7286354999998821	epochs	3.0
1175.3276626923705	0.6237720000001445	epochs	3.0
1175.9514346923706	1.029759199999944	epochs	2.0
1175.9514346923706	0.5453293000000485	epochs	3.0
1176.4967639923707	0.4844298999998955	epochs	3.0
1176.9811938923706	0.8317862000001242	epochs	2.0
1176.9811938923706	0.4357763000000432	epochs	3.0
1177.4169701923706	0.39600990000008096	epochs	3.0
1177.8129800923707	0.6977969999998095	epochs	2.0
1177.8129800923707	0.36289819999979045	epochs	3.0
1178.1758782923705	0.33489880000001904	epochs	3.0
1178.5107770923705	0.601045699999986	epochs	2.0
1178.5107770923705	0.3109123000001546	epochs	3.0
1178.8216893923707	0.29013339999983145	epochs	3.0
1179.1118227923705	0.5278859000000011	epochs	2.0
1179.1118227923705	0.2719586000000618	epochs	3.0
1179.3837813923706	0.25592729999993935	epochs	3.0
1179.6397086923705	0.4706193000001804	epochs	2.0
1179.6397086923705	0.24168130000020938	epochs	3.0
1179.8813899923707	0.228937999999971	epochs	3.0
1180.1103279923707	0.42457039999999324	epochs	2.0
1180.1103279923707	0.21747140000002219	epochs	3.0
1180.3277993923707	0.20709899999997106	epochs	3.0
1180.5348983923707	0.3867353999999068	epochs	2.0
1180.5348983923707	0.19767109999997956	epochs	3.0
1180.7325694923707	0.18906429999992724	epochs	3.0
1180.9216337923706	0.35509530000013	epochs	2.0
1180.9216337923706	0.18117589999997108	epochs	3.0
1181.1028096923706	0.17391940000015893	epochs	3.0
1181.2767290923707	0.3282430999997814	epochs	2.0
1181.2767290923707	0.16722189999995862	epochs	3.0
1181.4439509923707	0.16102119999982278	epochs	3.0
1181.6049721923705	0.30516800000009425	epochs	2.0
1181.6049721923705	0.15526390000013635	epochs	3.0
1181.7602360923706	0.1499040999999579	epochs	3.0
1181.9101401923706	0.28512530000011793	epochs	2.0
1181.9101401923706	0.1449021000000812	epochs	3.0
1182.0550422923707	0.14022320000003674	epochs	3.0
1182.1952654923707	0.2675537999998596	epochs	2.0
1182.1952654923707	0.1358368999999584	epochs	3.0
1182.3311023923707	0.13171689999990122	epochs	3.0
1182.4628192923706	0.252022899999929	epochs	2.0
1182.4628192923706	0.1278393000000051	epochs	3.0
1182.5906585923706	0.1241835999999239	epochs	3.0
1182.7148421923705	0.23819650000018555	epochs	2.0
1182.7148421923705	0.12073110000005727	epochs	3.0
1182.8355732923706	0.11746540000012828	epochs	3.0
1182.9530386923707	0.22580879999986792	epochs	2.0
1182.9530386923707	0.1143718999999237	epochs	3.0
1183.0674105923706	0.11143689999994422	epochs	3.0
1183.1788474923706	0.2146460000001298	epochs	2.0
1183.1788474923706	0.10864890000016203	epochs	3.0
1183.2874963923707	0.10599709999996776	epochs	3.0
1183.3934934923707	0.2045349999998507	epochs	2.0
1183.3934934923707	0.1034714999998414	epochs	3.0
1183.4969649923705	0.1010635000000093	epochs	3.0
1183.5980284923705	0.19533400000000256	epochs	2.0
1183.5980284923705	0.09876510000003691	epochs	3.0
1183.6967935923706	0.09656889999996565	epochs	3.0
1183.7933624923705	0.18692529999998442	epochs	2.0
1183.7933624923705	0.09446830000001682	epochs	3.0
1183.8878307923706	0.09245699999996759	epochs	3.0
1183.9802877923705	0.1792107000001124	epochs	2.0
1183.9802877923705	0.0905296000000817	epochs	3.0
1184.0708173923706	0.08868110000003071	epochs	3.0
1184.1594984923706	0.17210769999996955	epochs	2.0
1184.1594984923706	0.08690630000000965	epochs	3.0
1184.2464047923706	0.0852013999999599	epochs	3.0
1184.3316061923706	0.16554640000003928	epochs	2.0
1184.3316061923706	0.08356189999994967	epochs	3.0
1184.4151680923705	0.08198450000008961	epochs	3.0
1184.4971525923706	0.15946710000002895	epochs	2.0
1184.4971525923706	0.08046539999986635	epochs	3.0
1184.5776179923705	0.0790017000001626	epochs	3.0
1184.6566196923707	0.1538183999998637	epochs	2.0
1184.6566196923707	0.07759009999995214	epochs	3.0
1184.7342097923706	0.07622829999991154	epochs	3.0
1184.8104380923705	0.14855639999996129	epochs	2.0
1184.8104380923705	0.07491330000016205	epochs	3.0
1184.8853513923707	0.07364309999979923	epochs	3.0
1184.9589944923705	0.14364240000008976	epochs	2.0
1184.9589944923705	0.07241500000009182	epochs	3.0
1185.0314094923706	0.07122739999999794	epochs	3.0
1185.1026368923706	0.13904309999998077	epochs	2.0
1185.1026368923706	0.07007799999996678	epochs	3.0
1185.1727148923705	0.06896510000001399	epochs	3.0
1185.2416799923706	0.1347293000001173	epochs	2.0
1185.2416799923706	0.0678871000000072	epochs	3.0
1185.3095670923706	0.0668422000001101	epochs	3.0
1185.3764092923707	0.13067519999981414	epochs	2.0
1185.3764092923707	0.06582909999997355	epochs	3.0
1185.4422383923707	0.06484609999984059	epochs	3.0
1185.5070844923705	0.12685780000015257	epochs	2.0
1185.5070844923705	0.06389200000012352	epochs	3.0
1185.5709764923706	0.06296580000002905	epochs	3.0
1185.6339422923706	0.12325719999989815	epochs	2.0
1185.6339422923706	0.06206580000002759	epochs	3.0
1185.6960080923707	0.061191399999870555	epochs	3.0
1185.7571994923705	0.11985540000000583	epochs	2.0
1185.7571994923705	0.060341099999959624	epochs	3.0
1185.8175405923705	0.059514300000046205	epochs	3.0
1185.8770548923706	0.11663620000012997	epochs	2.0
1185.8770548923706	0.05870960000015657	epochs	3.0
1185.9357644923707	0.057926599999973405	epochs	3.0
1185.9936910923707	0.11358559999985118	epochs	2.0
1185.9936910923707	0.05716419999998834	epochs	3.0
1186.0508552923707	0.05642139999986284	epochs	3.0
1186.1072766923705	0.11069050000014613	epochs	2.0
1186.1072766923705	0.055697900000041045	epochs	3.0
1186.1629745923706	0.054992600000105085	epochs	3.0
1186.2179671923707	0.10793909999983953	epochs	2.0
1186.2179671923707	0.05430490000003374	epochs	3.0
1186.2722720923707	0.05363419999980579	epochs	3.0
1186.3259062923705	0.10532150000017282	epochs	2.0
1186.3259062923705	0.052980000000161453	epochs	3.0
1186.3788862923707	0.052341500000011365	epochs	3.0
1186.4312277923707	0.10282759999995505	epochs	2.0
1186.4312277923707	0.05171810000001642	epochs	3.0
1186.4829458923707	0.051109499999938635	epochs	3.0
1186.5340553923706	0.10044909999987794	epochs	2.0
1186.5340553923706	0.050514900000052876	epochs	3.0
1186.5845702923707	0.04993419999982507	epochs	3.0
1186.6345044923705	0.0981782999999723	epochs	2.0
1186.6345044923705	0.04936659999998483	epochs	3.0
1186.6838710923705	0.04881169999998747	epochs	3.0
1186.7326827923705	0.09600780000005216	epochs	2.0
1186.7326827923705	0.04826920000004975	epochs	3.0
1186.7809519923705	0.04773860000000241	epochs	3.0
1186.8286905923705	0.09393120000004274	epochs	2.0
1186.8286905923705	0.04721949999998287	epochs	3.0
1186.8759100923705	0.046711700000059864	epochs	3.0
1186.9226217923706	0.09194260000003851	epochs	2.0
1186.9226217923706	0.046214599999984785	epochs	3.0
1186.9688363923706	0.045728000000053726	epochs	3.0
1187.0145643923706	0.09003630000006524	epochs	2.0
1187.0145643923706	0.045251499999949374	epochs	3.0
1187.0598158923706	0.044784800000115865	epochs	3.0
1187.1046006923707	0.0882075999998051	epochs	2.0
1187.1046006923707	0.044327800000019124	epochs	3.0
1187.1489284923707	0.04387979999978597	epochs	3.0
1187.1928082923705	0.0864516999999978	epochs	2.0
1187.1928082923705	0.04344100000002982	epochs	3.0
1187.2362492923705	0.04301069999996798	epochs	3.0
1187.2792599923705	0.08476430000018809	epochs	2.0
1187.2792599923705	0.04258900000013455	epochs	3.0
1187.3218489923706	0.04217530000005354	epochs	3.0
1187.3640242923707	0.08314150000001064	epochs	2.0
1187.3640242923707	0.04176969999980429	epochs	3.0
1187.4057939923705	0.04137180000020635	epochs	3.0
1187.4471657923707	0.08157970000002024	epochs	2.0
1187.4471657923707	0.040981399999964196	epochs	3.0
1187.4881471923707	0.04059830000005604	epochs	3.0
1187.5287454923707	0.08007549999979346	epochs	2.0
1187.5287454923707	0.04022229999986848	epochs	3.0
1187.5689677923706	0.03985319999992498	epochs	3.0
1187.6088209923705	0.07862570000020241	epochs	2.0
1187.6088209923705	0.039490800000066884	epochs	3.0
1187.6483117923706	0.03913490000013553	epochs	3.0
1187.6874466923707	0.07722759999978734	epochs	2.0
1187.6874466923707	0.03878539999982422	epochs	3.0
1187.7262320923705	0.03844219999996312	epochs	3.0
1187.7646742923705	0.07587820000003376	epochs	2.0
1187.7646742923705	0.03810480000015559	epochs	3.0
1187.8027790923707	0.037773399999878166	epochs	3.0
1187.8405524923705	0.0745752000000266	epochs	2.0
1187.8405524923705	0.03744770000002973	epochs	3.0
1187.8780001923706	0.03712749999999687	epochs	3.0
1187.9151276923706	0.07331629999998768	epochs	2.0
1187.9151276923706	0.0368129000000863	epochs	3.0
1187.9519405923706	0.036503399999901376	epochs	3.0
1187.9884439923705	0.07209899999998015	epochs	2.0
1187.9884439923705	0.03619909999997617	epochs	3.0
1188.0246430923705	0.03589990000000398	epochs	3.0
1188.0605429923705	0.07092170000009901	epochs	2.0
1188.0605429923705	0.03560560000005353	epochs	3.0
1188.0961485923706	0.03531610000004548	epochs	3.0
1188.1314646923706	0.06978200000003199	epochs	2.0
1188.1314646923706	0.03503120000004856	epochs	3.0
1188.1664958923707	0.03475079999998343	epochs	3.0
1188.2012466923707	0.06867859999988468	epochs	2.0
1188.2012466923707	0.03447510000000875	epochs	3.0
1188.2357217923707	0.03420349999987593	epochs	3.0
1188.2699252923705	0.06760929999995824	epochs	2.0
1188.2699252923705	0.033936199999970995	epochs	3.0
1188.3038614923705	0.033673099999987244	epochs	3.0
1188.3375345923705	0.06657290000021021	epochs	2.0
1188.3375345923705	0.03341399999999339	epochs	3.0
1188.3709485923705	0.03315890000021682	epochs	3.0
1188.4041074923707	0.06556779999982609	epochs	2.0
1188.4041074923707	0.03290769999989607	epochs	3.0
1188.4370151923706	0.032660099999930026	epochs	3.0
1188.4696752923705	0.06459259999996902	epochs	2.0
1188.4696752923705	0.03241640000010193	epochs	3.0
1188.5020916923706	0.032176199999867094	epochs	3.0
1188.5342678923705	0.06364600000006249	epochs	2.0
1188.5342678923705	0.03193959999998697	epochs	3.0
1188.5662074923705	0.03170640000007552	epochs	3.0
1188.5979138923706	0.0627266999999847	epochs	2.0
1188.5979138923706	0.03147660000013275	epochs	3.0
1188.6293904923707	0.031250099999851955	epochs	3.0
1188.6606405923706	0.06183359999999993	epochs	2.0
1188.6606405923706	0.031026900000142632	epochs	3.0
1188.6916674923707	0.0308066999998573	epochs	3.0
1188.7224741923706	0.06096560000014506	epochs	2.0
1188.7224741923706	0.03058980000014344	epochs	3.0
1188.7530639923707	0.030375800000001618	epochs	3.0
1188.7834397923707	0.06012160000000222	epochs	2.0
1188.7834397923707	0.030164899999817862	epochs	3.0
1188.8136046923705	0.029956700000184355	epochs	3.0
1188.8435613923707	0.05930069999999432	epochs	2.0
1188.8435613923707	0.029751599999826794	epochs	3.0
1188.8733129923705	0.029549100000167527	epochs	3.0
1188.9028620923707	0.05850179999993088	epochs	2.0
1188.9028620923707	0.02934940000000097	epochs	3.0
1188.9322114923707	0.029152399999929912	epochs	3.0
1188.9613638923706	0.05772419999993872	epochs	2.0
1188.9613638923706	0.028957999999875028	epochs	3.0
1188.9903218923705	0.02876620000006369	epochs	3.0
1189.0190880923706	0.05696710000006533	epochs	2.0
1189.0190880923706	0.028577000000041153	epochs	3.0
1189.0476650923706	0.028390100000024177	epochs	3.0
1189.0760551923706	0.05622949999997218	epochs	2.0
1189.0760551923706	0.028205699999944045	epochs	3.0
1189.1042608923706	0.028023800000028132	epochs	3.0
1189.1322846923706	0.05551070000001346	epochs	2.0
1189.1322846923706	0.027843999999959124	epochs	3.0
1189.1601286923706	0.027666700000054334	epochs	3.0
1189.1877953923706	0.054810200000019904	epochs	2.0
1189.1877953923706	0.02749149999999645	epochs	3.0
1189.2152868923706	0.027318700000023455	epochs	3.0
1189.2426055923706	0.054126999999880354	epochs	2.0
1189.2426055923706	0.027147799999966082	epochs	3.0
1189.2697533923706	0.026979199999914272	epochs	3.0
1189.2967325923705	0.05346070000018699	epochs	2.0
1189.2967325923705	0.026812600000084785	epochs	3.0
1189.3235451923706	0.026648100000102204	epochs	3.0
1189.3501932923707	0.05281070000000909	epochs	2.0
1189.3501932923707	0.0264855999998872	epochs	3.0
1189.3766788923706	0.026325100000121893	epochs	3.0
1189.4030039923707	0.052176199999848905	epochs	2.0
1189.4030039923707	0.026166399999965506	epochs	3.0
1189.4291703923707	0.0260097999998834	epochs	3.0
1189.4551801923706	0.051556699999991906	epochs	2.0
1189.4551801923706	0.025854799999933675	epochs	3.0
1189.4810349923705	0.02570190000005823	epochs	3.0
1189.5067368923706	0.05095189999997274	epochs	2.0
1189.5067368923706	0.025550699999939752	epochs	3.0
1189.5322875923705	0.025401200000032986	epochs	3.0
1189.5576887923705	0.05036100000006627	epochs	2.0
1189.5576887923705	0.025253500000189888	epochs	3.0
1189.5829422923707	0.02510749999987638	epochs	3.0
1189.6080497923706	0.04978380000011384	epochs	2.0
1189.6080497923706	0.02496320000000196	epochs	3.0
1189.6330129923706	0.02482060000011188	epochs	3.0
1189.6578335923707	0.04921949999993558	epochs	2.0
1189.6578335923707	0.024679399999968155	epochs	3.0
1189.6825129923707	0.024540099999967424	epochs	3.0
1189.7070530923706	0.04866790000005494	epochs	2.0
1189.7070530923706	0.024402099999861093	epochs	3.0
1189.7314551923705	0.02426580000019385	epochs	3.0
1189.7557209923707	0.048128599999927246	epochs	2.0
1189.7557209923707	0.02413099999989754	epochs	3.0
1189.7798519923706	0.023997600000029706	epochs	3.0
1189.8038495923706	0.047601100000065344	epochs	2.0
1189.8038495923706	0.023865800000066884	epochs	3.0
1189.8277153923707	0.02373529999999846	epochs	3.0
1189.8514506923707	0.04708499999992455	epochs	2.0
1189.8514506923707	0.023606299999983094	epochs	3.0
1189.8750569923707	0.023478699999941455	epochs	3.0
1189.8985356923706	0.046579999999948996	epochs	2.0
1189.8985356923706	0.023352500000100918	epochs	3.0
1189.9218881923707	0.023227499999848078	epochs	3.0
1189.9451156923706	0.046085700000048746	epochs	2.0
1189.9451156923706	0.023104000000103042	epochs	3.0
1189.9682196923707	0.022981699999945704	epochs	3.0
1189.9912013923706	0.045601799999985815	epochs	2.0
1189.9912013923706	0.02286069999991014	epochs	3.0
1190.0140620923705	0.022741100000075676	epochs	3.0
1190.0368031923706	0.045127899999897636	epochs	2.0
1190.0368031923706	0.022622499999897627	epochs	3.0
1190.0594256923705	0.02250540000000001	epochs	3.0
1190.0819310923705	0.0446638000000803	epochs	2.0
1190.0819310923705	0.022389300000213552	epochs	3.0
1190.1043203923707	0.022274499999866748	epochs	3.0
1190.1265948923706	0.04420920000006845	epochs	2.0
1190.1265948923706	0.022160799999937808	epochs	3.0
1190.1487556923705	0.02204840000013064	epochs	3.0
1190.1708040923706	0.04376359999992019	epochs	2.0
1190.1708040923706	0.02193689999990056	epochs	3.0
1190.1927409923705	0.021826700000019628	epochs	3.0
1190.2145676923706	0.04332709999994222	epochs	2.0
1190.2145676923706	0.02171760000010181	epochs	3.0
1190.2362852923707	0.02160949999984041	epochs	3.0
1190.2578947923705	0.04289900000003399	epochs	2.0
1190.2578947923705	0.02150249999999687	epochs	3.0
1190.2793972923705	0.021396500000037122	epochs	3.0
1190.3007937923705	0.04247950000012679	epochs	2.0
1190.3007937923705	0.021291700000119818	epochs	3.0
1190.3220854923707	0.021187800000006973	epochs	3.0
1190.3432732923707	0.04206789999989269	epochs	2.0
1190.3432732923707	0.02108490000000529	epochs	3.0
1190.3643581923707	0.020982999999887397	epochs	3.0
1190.3853411923706	0.04166439999994509	epochs	2.0
1190.3853411923706	0.020882199999959994	epochs	3.0
1190.4062233923705	0.020782199999985096	epochs	3.0
1190.4270055923705	0.04126850000011473	epochs	2.0
1190.4270055923705	0.02068330000020069	epochs	3.0
1190.4476888923707	0.02058519999991404	epochs	3.0
1190.4682740923706	0.04088000000001557	epochs	2.0
1190.4682740923706	0.020488099999965925	epochs	3.0
1190.4887621923706	0.020391900000049645	epochs	3.0
1190.5091540923706	0.04049880000002304	epochs	2.0
1190.5091540923706	0.020296599999937825	epochs	3.0
1190.5294506923706	0.020202200000085213	epochs	3.0
1190.5496528923707	0.040124599999899146	epochs	2.0
1190.5496528923707	0.02010870000003706	epochs	3.0
1190.5697615923707	0.020015899999862086	epochs	3.0
1190.5897774923706	0.03975730000001931	epochs	2.0
1190.5897774923706	0.019924200000104975	epochs	3.0
1190.6097016923707	0.01983309999991434	epochs	3.0
1190.6295347923706	0.03939669999999751	epochs	2.0
1190.6295347923706	0.01974300000006224	epochs	3.0
1190.6492777923706	0.01965369999993527	epochs	3.0
1190.6689314923706	0.03904239999997117	epochs	2.0
1190.6689314923706	0.019565100000136226	epochs	3.0
1190.6884965923707	0.01947729999983494	epochs	3.0
1190.7079738923705	0.038694600000098944	epochs	2.0
1190.7079738923705	0.019390400000020236	epochs	3.0
1190.7273642923706	0.01930420000007871	epochs	3.0
1190.7466684923706	0.03835290000006353	epochs	2.0
1190.7466684923706	0.019218799999862313	epochs	3.0
1190.7658872923705	0.019134100000201215	epochs	3.0
1190.7850213923707	0.03801719999978559	epochs	2.0
1190.7850213923707	0.019050199999810502	epochs	3.0
1190.8040715923705	0.018966999999975087	epochs	3.0
1190.8230385923705	0.03768720000016401	epochs	2.0
1190.8230385923705	0.01888450000001285	epochs	3.0
1190.8419230923705	0.018802700000151162	epochs	3.0
1190.8607257923707	0.03736309999999321	epochs	2.0
1190.8607257923707	0.018721700000014607	epochs	3.0
1190.8794474923707	0.018641399999978603	epochs	3.0
1190.8980888923707	0.03704429999993408	epochs	2.0
1190.8980888923707	0.018561599999884493	epochs	3.0
1190.9166504923705	0.01848270000004959	epochs	3.0
1190.9351331923706	0.03673099999991791	epochs	2.0
1190.9351331923706	0.018404299999929208	epochs	3.0
1190.9535374923705	0.018326699999988705	epochs	3.0
1190.9718641923705	0.03642290000016146	epochs	2.0
1190.9718641923705	0.018249599999990096	epochs	3.0
1190.9901137923705	0.018173300000171366	epochs	3.0
1191.0082870923707	0.036120099999834565	epochs	2.0
1191.0082870923707	0.01809759999991911	epochs	3.0
1191.0263846923706	0.018022499999915453	epochs	3.0
1191.0444071923705	0.035822100000132195	epochs	2.0
1191.0444071923705	0.017947900000081063	epochs	3.0
1191.0623550923706	0.017874200000051133	epochs	3.0
1191.0802292923706	0.03552899999999681	epochs	2.0
1191.0802292923706	0.017800800000031813	epochs	3.0
1191.0980300923707	0.017728199999965	epochs	3.0
1191.1157582923706	0.03524070000003121	epochs	2.0
1191.1157582923706	0.017656100000067454	epochs	3.0
1191.1334143923707	0.017584599999963757	epochs	3.0
1191.1509989923707	0.03495709999992869	epochs	2.0
1191.1509989923707	0.017513699999881283	epochs	3.0
1191.1685126923705	0.017443400000047404	epochs	3.0
1191.1859560923706	0.034677899999906	epochs	2.0
1191.1859560923706	0.017373599999928047	epochs	3.0
1191.2033296923705	0.017304299999977957	epochs	3.0
1191.2206339923705	0.03440330000012182	epochs	2.0
1191.2206339923705	0.017235700000128418	epochs	3.0
1191.2378696923706	0.0171675999999934	epochs	3.0
1191.2550372923706	0.03413279999995211	epochs	2.0
1191.2550372923706	0.01709989999994832	epochs	3.0
1191.2721371923706	0.017032900000003792	epochs	3.0
1191.2891700923706	0.03386670000008962	epochs	2.0
1191.2891700923706	0.01696640000000116	epochs	3.0
1191.3061364923706	0.016900300000088464	epochs	3.0
1191.3230367923707	0.03360459999998966	epochs	2.0
1191.3230367923707	0.01683479999996962	epochs	3.0
1191.3398715923706	0.01676980000002004	epochs	3.0
1191.3566413923706	0.033346599999958926	epochs	2.0
1191.3566413923706	0.016705300000012357	epochs	3.0
1191.3733466923707	0.01664129999994657	epochs	3.0
1191.3899879923706	0.03309250000006614	epochs	2.0
1191.3899879923706	0.016577800000050047	epochs	3.0
1191.4065657923707	0.01651470000001609	epochs	3.0
1191.4230804923707	0.03284229999985655	epochs	2.0
1191.4230804923707	0.01645220000000336	epochs	3.0
1191.4395326923707	0.01639009999985319	epochs	3.0
1191.4559227923705	0.03259570000000167	epochs	2.0
1191.4559227923705	0.016328400000020338	epochs	3.0
1191.4722511923705	0.016267299999981333	epochs	3.0
1191.4885184923705	0.032352899999978035	epochs	2.0
1191.4885184923705	0.016206600000032267	epochs	3.0
1191.5047250923706	0.016146299999945768	epochs	3.0
1191.5208713923705	0.032113700000081735	epochs	2.0
1191.5208713923705	0.016086600000107865	epochs	3.0
1191.5369579923706	0.01602709999997387	epochs	3.0
1191.5529850923706	0.03187800000000607	epochs	2.0
1191.5529850923706	0.015968200000088473	epochs	3.0
1191.5689532923707	0.015909799999917595	epochs	3.0
1191.5848630923706	0.03164569999989908	epochs	2.0
1191.5848630923706	0.015851599999905375	epochs	3.0
1191.6007146923705	0.015794099999993705	epochs	3.0
1191.6165087923705	0.03141670000013619	epochs	2.0
1191.6165087923705	0.015736700000161363	epochs	3.0
1191.6322454923707	0.015679999999974825	epochs	3.0
1191.6479254923706	0.03119109999988723	epochs	2.0
1191.6479254923706	0.015623600000026272	epochs	3.0
1191.6635490923707	0.015567499999860956	epochs	3.0
1191.6791165923705	0.03096870000013041	epochs	2.0
1191.6791165923705	0.01551200000017161	epochs	3.0
1191.6946285923707	0.0154566999999588	epochs	3.0
1191.7100852923706	0.030749499999956242	epochs	2.0
1191.7100852923706	0.015401999999994587	epochs	3.0
1191.7254872923706	0.015347499999961656	epochs	3.0
1191.7408347923706	0.03053320000003623	epochs	2.0
1191.7408347923706	0.015293400000018664	epochs	3.0
1191.7561281923706	0.015239800000017567	epochs	3.0
1191.7713679923706	0.030320099999926242	epochs	2.0
1191.7713679923706	0.015186500000027081	epochs	3.0
1191.7865544923707	0.015133599999899161	epochs	3.0
1191.8016880923706	0.03010990000007041	epochs	2.0
1191.8016880923706	0.015081000000009226	epochs	3.0
1191.8167690923706	0.015028900000061185	epochs	3.0
1191.8317979923706	0.029902499999934662	epochs	2.0
1191.8317979923706	0.014977000000044427	epochs	3.0
1191.8467749923707	0.014925499999890235	epochs	3.0
1191.8617004923706	0.0296981000001324	epochs	2.0
1191.8617004923706	0.014874400000053356	epochs	3.0
1191.8765748923706	0.014823700000079043	epochs	3.0
1191.8913985923707	0.029496299999891562	epochs	2.0
1191.8913985923707	0.01477319999980864	epochs	3.0
1191.9061717923705	0.014723100000082923	epochs	3.0
1191.9208948923706	0.029297399999904883	epochs	2.0
1191.9208948923706	0.014673399999992398	epochs	3.0
1191.9355682923706	0.014623999999912485	epochs	3.0
1191.9501922923705	0.02910110000016175	epochs	2.0
1191.9501922923705	0.014574900000070556	epochs	3.0
1191.9647671923706	0.014526200000091194	epochs	3.0
1191.9792933923707	0.028907399999980044	epochs	2.0
1191.9792933923707	0.014477700000043114	epochs	3.0
1191.9937710923707	0.014429699999936929	epochs	3.0
1192.0082007923706	0.028716199999962555	epochs	2.0
1192.0082007923706	0.014381799999910072	epochs	3.0
1192.0225825923706	0.014334400000052483	epochs	3.0
1192.0369169923706	0.02852759999996124	epochs	2.0
1192.0369169923706	0.014287199999898803	epochs	3.0
1192.0512041923705	0.014240400000062436	epochs	3.0
1192.0654445923706	0.028341400000044814	epochs	2.0
1192.0654445923706	0.014193799999929979	epochs	3.0
1192.0796383923705	0.014147600000114835	epochs	3.0
1192.0937859923706	0.028157700000065233	epochs	2.0
1192.0937859923706	0.014101700000082928	epochs	3.0
1192.1078876923707	0.014055999999982305	epochs	3.0
1192.1219436923707	0.02797629999986384	epochs	2.0
1192.1219436923707	0.014010599999892293	epochs	3.0
1192.1359542923706	0.013965699999971548	epochs	3.0
1192.1499199923705	0.027797200000122757	epochs	2.0
1192.1499199923705	0.013920800000050804	epochs	3.0
1192.1638407923706	0.013876400000071953	epochs	3.0
1192.1777171923707	0.027620399999932488	epochs	2.0
1192.1777171923707	0.013832200000024386	epochs	3.0
1192.1915493923707	0.013788199999908102	epochs	3.0
1192.2053375923706	0.027445899999975154	epochs	2.0
1192.2053375923706	0.01374460000010913	epochs	3.0
1192.2190821923707	0.013701299999866023	epochs	3.0
1192.2327834923706	0.0272735000000921	epochs	2.0
1192.2327834923706	0.013658200000008947	epochs	3.0
1192.2464416923706	0.013615300000083153	epochs	3.0
1192.2600569923707	0.027103399999987232	epochs	2.0
1192.2600569923707	0.013572800000019924	epochs	3.0
1192.2736297923707	0.013530599999967308	epochs	3.0
1192.2871603923707	0.02693520000002536	epochs	2.0
1192.2871603923707	0.01348839999991469	epochs	3.0
1192.3006487923706	0.01344680000011067	epochs	3.0
1192.3140955923707	0.026769199999989723	epochs	2.0
1192.3140955923707	0.013405199999851902	epochs	3.0
1192.3275007923705	0.013364000000137821	epochs	3.0
1192.3408647923707	0.026605199999949036	epochs	2.0
1192.3408647923707	0.013322900000048321	epochs	3.0
1192.3541876923707	0.013282299999900715	epochs	3.0
1192.3674699923706	0.0264431999999033	epochs	2.0
1192.3674699923706	0.013241699999980483	epochs	3.0
1192.3807116923706	0.013201499999922817	epochs	3.0
1192.3939131923705	0.026283200000079887	epochs	2.0
1192.3939131923705	0.013161500000023807	epochs	3.0
1192.4070746923705	0.01312170000005608	epochs	3.0
1192.4201963923706	0.02612500000009277	epochs	2.0
1192.4201963923706	0.013082100000019636	epochs	3.0
1192.4332784923706	0.013042900000073132	epochs	3.0
1192.4463213923707	0.025968899999952555	epochs	2.0
1192.4463213923707	0.013003899999830537	epochs	3.0
1192.4593252923705	0.012965000000122018	epochs	3.0
1192.4722902923706	0.025814500000024054	epochs	2.0
1192.4722902923706	0.012926399999969362	epochs	3.0
1192.4852166923706	0.012888100000054692	epochs	3.0
1192.4981047923707	0.025661899999931848	epochs	2.0
1192.4981047923707	0.012849899999991976	epochs	3.0
1192.5109546923707	0.012811999999939871	epochs	3.0
1192.5237666923706	0.025511199999982637	epochs	2.0
1192.5237666923706	0.012774399999898378	epochs	3.0
1192.5365410923705	0.012736800000084258	epochs	3.0
1192.5492778923706	0.025362300000097093	epochs	2.0
1192.5492778923706	0.01269969999998466	epochs	3.0
1192.5619775923706	0.012662600000112434	epochs	3.0
1192.5746401923707	0.025214999999889187	epochs	2.0
1192.5746401923707	0.012625800000023446	epochs	3.0
1192.5872659923707	0.012589199999865741	epochs	3.0
1192.5998551923706	0.024584799999956886	epochs	2.0
1192.6235276923705	0.5	epochs	-1.0
1192.6244399923705	0.528400000000147	epochs	1.0
1193.1528399923707	0.47151999999982763	epochs	0.0
1193.539999961853	0.09135999999989508	epochs	0.0
1193.539999961853	0.04068260000008195	epochs	1.0
1193.580682561853	0.009994799999958559	epochs	1.0
1193.590677361853	0.040682599999854574	epochs	1.0
1193.631439961853	2.0	epochs	0.0
1195.631407661853	0.5	epochs	-1.0
1195.631439961853	21.999919999999975	epochs	0.0
1195.631439961853	1.0	epochs	1.0
1196.131407661853	19.999119999999948	epochs	-1.0
1196.631439961853	20.0	epochs	1.0
1196.631439961853	4.356753900000058	epochs	-1.0
1196.631439961853	1.9745872000000873	epochs	2.0
1196.631439961853	1.0985622000000603	epochs	3.0
1197.730002161853	0.8760250000000269	epochs	3.0
1198.606027161853	1.3524075000000266	epochs	2.0
1198.606027161853	0.7286354999998821	epochs	3.0
1199.334662661853	0.6237720000001445	epochs	3.0
1199.958434661853	1.029759199999944	epochs	2.0
1199.958434661853	0.5453293000000485	epochs	3.0
1200.503763961853	0.4844298999998955	epochs	3.0
1200.988193861853	0.8317862000001242	epochs	2.0
1200.988193861853	0.4357763000000432	epochs	3.0
1201.423970161853	0.39600990000008096	epochs	3.0
1201.8199800618531	0.6977969999998095	epochs	2.0
1201.8199800618531	0.36289819999979045	epochs	3.0
1202.182878261853	0.33489880000001904	epochs	3.0
1202.517777061853	0.601045699999986	epochs	2.0
1202.517777061853	0.3109123000001546	epochs	3.0
1202.828689361853	0.29013339999983145	epochs	3.0
1203.118822761853	0.5278859000000011	epochs	2.0
1203.118822761853	0.2719586000000618	epochs	3.0
1203.390781361853	0.25592729999993935	epochs	3.0
1203.646708661853	0.4706193000001804	epochs	2.0
1203.646708661853	0.24168130000020938	epochs	3.0
1203.8883899618531	0.228937999999971	epochs	3.0
1204.117327961853	0.42457039999999324	epochs	2.0
1204.117327961853	0.21747140000002219	epochs	3.0
1204.3347993618531	0.20709899999997106	epochs	3.0
1204.541898361853	0.3867353999999068	epochs	2.0
1204.541898361853	0.19767109999997956	epochs	3.0
1204.739569461853	0.18906429999992724	epochs	3.0
1204.928633761853	0.35509530000013	epochs	2.0
1204.928633761853	0.18117589999997108	epochs	3.0
1205.109809661853	0.17391940000015893	epochs	3.0
1205.2837290618531	0.3282430999997814	epochs	2.0
1205.2837290618531	0.16722189999995862	epochs	3.0
1205.450950961853	0.16102119999982278	epochs	3.0
1205.611972161853	0.30516800000009425	epochs	2.0
1205.611972161853	0.15526390000013635	epochs	3.0
1205.767236061853	0.1499040999999579	epochs	3.0
1205.917140161853	0.28512530000011793	epochs	2.0
1205.917140161853	0.1449021000000812	epochs	3.0
1206.062042261853	0.14022320000003674	epochs	3.0
1206.2022654618531	0.2675537999998596	epochs	2.0
1206.2022654618531	0.1358368999999584	epochs	3.0
1206.338102361853	0.13171689999990122	epochs	3.0
1206.469819261853	0.252022899999929	epochs	2.0
1206.469819261853	0.1278393000000051	epochs	3.0
1206.597658561853	0.1241835999999239	epochs	3.0
1206.721842161853	0.23819650000018555	epochs	2.0
1206.721842161853	0.12073110000005727	epochs	3.0
1206.842573261853	0.11746540000012828	epochs	3.0
1206.960038661853	0.22580879999986792	epochs	2.0
1206.960038661853	0.1143718999999237	epochs	3.0
1207.074410561853	0.11143689999994422	epochs	3.0
1207.185847461853	0.2146460000001298	epochs	2.0
1207.185847461853	0.10864890000016203	epochs	3.0
1207.2944963618531	0.10599709999996776	epochs	3.0
1207.400493461853	0.2045349999998507	epochs	2.0
1207.400493461853	0.1034714999998414	epochs	3.0
1207.503964961853	0.1010635000000093	epochs	3.0
1207.605028461853	0.19533400000000256	epochs	2.0
1207.605028461853	0.09876510000003691	epochs	3.0
1207.703793561853	0.09656889999996565	epochs	3.0
1207.800362461853	0.18692529999998442	epochs	2.0
1207.800362461853	0.09446830000001682	epochs	3.0
1207.894830761853	0.09245699999996759	epochs	3.0
1207.987287761853	0.1792107000001124	epochs	2.0
1207.987287761853	0.0905296000000817	epochs	3.0
1208.077817361853	0.08868110000003071	epochs	3.0
1208.166498461853	0.17210769999996955	epochs	2.0
1208.166498461853	0.08690630000000965	epochs	3.0
1208.253404761853	0.0852013999999599	epochs	3.0
1208.338606161853	0.16554640000003928	epochs	2.0
1208.338606161853	0.08356189999994967	epochs	3.0
1208.422168061853	0.08198450000008961	epochs	3.0
1208.504152561853	0.15946710000002895	epochs	2.0
1208.504152561853	0.08046539999986635	epochs	3.0
1208.584617961853	0.0790017000001626	epochs	3.0
1208.663619661853	0.1538183999998637	epochs	2.0
1208.663619661853	0.07759009999995214	epochs	3.0
1208.741209761853	0.07622829999991154	epochs	3.0
1208.817438061853	0.14855639999996129	epochs	2.0
1208.817438061853	0.07491330000016205	epochs	3.0
1208.8923513618531	0.07364309999979923	epochs	3.0
1208.965994461853	0.14364240000008976	epochs	2.0
1208.965994461853	0.07241500000009182	epochs	3.0
1209.038409461853	0.07122739999999794	epochs	3.0
1209.109636861853	0.13904309999998077	epochs	2.0
1209.109636861853	0.07007799999996678	epochs	3.0
1209.179714861853	0.06896510000001399	epochs	3.0
1209.248679961853	0.1347293000001173	epochs	2.0
1209.248679961853	0.0678871000000072	epochs	3.0
1209.316567061853	0.0668422000001101	epochs	3.0
1209.383409261853	0.13067519999981414	epochs	2.0
1209.383409261853	0.06582909999997355	epochs	3.0
1209.449238361853	0.06484609999984059	epochs	3.0
1209.514084461853	0.12685780000015257	epochs	2.0
1209.514084461853	0.06389200000012352	epochs	3.0
1209.577976461853	0.06296580000002905	epochs	3.0
1209.640942261853	0.12325719999989815	epochs	2.0
1209.640942261853	0.06206580000002759	epochs	3.0
1209.703008061853	0.061191399999870555	epochs	3.0
1209.764199461853	0.11985540000000583	epochs	2.0
1209.764199461853	0.060341099999959624	epochs	3.0
1209.824540561853	0.059514300000046205	epochs	3.0
1209.884054861853	0.11663620000012997	epochs	2.0
1209.884054861853	0.05870960000015657	epochs	3.0
1209.9427644618531	0.057926599999973405	epochs	3.0
1210.000691061853	0.11358559999985118	epochs	2.0
1210.000691061853	0.05716419999998834	epochs	3.0
1210.057855261853	0.05642139999986284	epochs	3.0
1210.114276661853	0.11069050000014613	epochs	2.0
1210.114276661853	0.055697900000041045	epochs	3.0
1210.169974561853	0.054992600000105085	epochs	3.0
1210.224967161853	0.10793909999983953	epochs	2.0
1210.224967161853	0.05430490000003374	epochs	3.0
1210.2792720618531	0.05363419999980579	epochs	3.0
1210.332906261853	0.10532150000017282	epochs	2.0
1210.332906261853	0.052980000000161453	epochs	3.0
1210.385886261853	0.052341500000011365	epochs	3.0
1210.438227761853	0.10282759999995505	epochs	2.0
1210.438227761853	0.05171810000001642	epochs	3.0
1210.4899458618531	0.051109499999938635	epochs	3.0
1210.541055361853	0.10044909999987794	epochs	2.0
1210.541055361853	0.050514900000052876	epochs	3.0
1210.5915702618531	0.04993419999982507	epochs	3.0
1210.641504461853	0.0981782999999723	epochs	2.0
1210.641504461853	0.04936659999998483	epochs	3.0
1210.690871061853	0.04881169999998747	epochs	3.0
1210.739682761853	0.09600780000005216	epochs	2.0
1210.739682761853	0.04826920000004975	epochs	3.0
1210.787951961853	0.04773860000000241	epochs	3.0
1210.835690561853	0.09393120000004274	epochs	2.0
1210.835690561853	0.04721949999998287	epochs	3.0
1210.882910061853	0.046711700000059864	epochs	3.0
1210.929621761853	0.09194260000003851	epochs	2.0
1210.929621761853	0.046214599999984785	epochs	3.0
1210.975836361853	0.045728000000053726	epochs	3.0
1211.021564361853	0.09003630000006524	epochs	2.0
1211.021564361853	0.045251499999949374	epochs	3.0
1211.066815861853	0.044784800000115865	epochs	3.0
1211.1116006618531	0.0882075999998051	epochs	2.0
1211.1116006618531	0.044327800000019124	epochs	3.0
1211.1559284618531	0.04387979999978597	epochs	3.0
1211.199808261853	0.0864516999999978	epochs	2.0
1211.199808261853	0.04344100000002982	epochs	3.0
1211.243249261853	0.04301069999996798	epochs	3.0
1211.286259961853	0.08476430000018809	epochs	2.0
1211.286259961853	0.04258900000013455	epochs	3.0
1211.328848961853	0.04217530000005354	epochs	3.0
1211.371024261853	0.08314150000001064	epochs	2.0
1211.371024261853	0.04176969999980429	epochs	3.0
1211.412793961853	0.04137180000020635	epochs	3.0
1211.4541657618531	0.08157970000002024	epochs	2.0
1211.4541657618531	0.040981399999964196	epochs	3.0
1211.495147161853	0.04059830000005604	epochs	3.0
1211.5357454618531	0.08007549999979346	epochs	2.0
1211.5357454618531	0.04022229999986848	epochs	3.0
1211.575967761853	0.03985319999992498	epochs	3.0
1211.615820961853	0.07862570000020241	epochs	2.0
1211.615820961853	0.039490800000066884	epochs	3.0
1211.655311761853	0.03913490000013553	epochs	3.0
1211.6944466618531	0.07722759999978734	epochs	2.0
1211.6944466618531	0.03878539999982422	epochs	3.0
1211.733232061853	0.03844219999996312	epochs	3.0
1211.771674261853	0.07587820000003376	epochs	2.0
1211.771674261853	0.03810480000015559	epochs	3.0
1211.809779061853	0.037773399999878166	epochs	3.0
1211.847552461853	0.0745752000000266	epochs	2.0
1211.847552461853	0.03744770000002973	epochs	3.0
1211.885000161853	0.03712749999999687	epochs	3.0
1211.922127661853	0.07331629999998768	epochs	2.0
1211.922127661853	0.0368129000000863	epochs	3.0
1211.958940561853	0.036503399999901376	epochs	3.0
1211.995443961853	0.07209899999998015	epochs	2.0
1211.995443961853	0.03619909999997617	epochs	3.0
1212.031643061853	0.03589990000000398	epochs	3.0
1212.067542961853	0.07092170000009901	epochs	2.0
1212.067542961853	0.03560560000005353	epochs	3.0
1212.103148561853	0.03531610000004548	epochs	3.0
1212.138464661853	0.06978200000003199	epochs	2.0
1212.138464661853	0.03503120000004856	epochs	3.0
1212.173495861853	0.03475079999998343	epochs	3.0
1212.208246661853	0.06867859999988468	epochs	2.0
1212.208246661853	0.03447510000000875	epochs	3.0
1212.242721761853	0.03420349999987593	epochs	3.0
1212.276925261853	0.06760929999995824	epochs	2.0
1212.276925261853	0.033936199999970995	epochs	3.0
1212.310861461853	0.033673099999987244	epochs	3.0
1212.344534561853	0.06657290000021021	epochs	2.0
1212.344534561853	0.03341399999999339	epochs	3.0
1212.377948561853	0.03315890000021682	epochs	3.0
1212.4111074618531	0.06556779999982609	epochs	2.0
1212.4111074618531	0.03290769999989607	epochs	3.0
1212.444015161853	0.032660099999930026	epochs	3.0
1212.476675261853	0.06459259999996902	epochs	2.0
1212.476675261853	0.03241640000010193	epochs	3.0
1212.509091661853	0.032176199999867094	epochs	3.0
1212.541267861853	0.06364600000006249	epochs	2.0
1212.541267861853	0.03193959999998697	epochs	3.0
1212.573207461853	0.03170640000007552	epochs	3.0
1212.604913861853	0.0627266999999847	epochs	2.0
1212.604913861853	0.03147660000013275	epochs	3.0
1212.6363904618531	0.031250099999851955	epochs	3.0
1212.667640561853	0.06183359999999993	epochs	2.0
1212.667640561853	0.031026900000142632	epochs	3.0
1212.6986674618531	0.0308066999998573	epochs	3.0
1212.729474161853	0.06096560000014506	epochs	2.0
1212.729474161853	0.03058980000014344	epochs	3.0
1212.7600639618531	0.030375800000001618	epochs	3.0
1212.7904397618531	0.06012160000000222	epochs	2.0
1212.7904397618531	0.030164899999817862	epochs	3.0
1212.820604661853	0.029956700000184355	epochs	3.0
1212.8505613618531	0.05930069999999432	epochs	2.0
1212.8505613618531	0.029751599999826794	epochs	3.0
1212.880312961853	0.029549100000167527	epochs	3.0
1212.9098620618531	0.05850179999993088	epochs	2.0
1212.9098620618531	0.02934940000000097	epochs	3.0
1212.9392114618531	0.029152399999929912	epochs	3.0
1212.968363861853	0.05772419999993872	epochs	2.0
1212.968363861853	0.028957999999875028	epochs	3.0
1212.997321861853	0.02876620000006369	epochs	3.0
1213.026088061853	0.05696710000006533	epochs	2.0
1213.026088061853	0.028577000000041153	epochs	3.0
1213.054665061853	0.028390100000024177	epochs	3.0
1213.083055161853	0.05622949999997218	epochs	2.0
1213.083055161853	0.028205699999944045	epochs	3.0
1213.111260861853	0.028023800000028132	epochs	3.0
1213.139284661853	0.05551070000001346	epochs	2.0
1213.139284661853	0.027843999999959124	epochs	3.0
1213.167128661853	0.027666700000054334	epochs	3.0
1213.194795361853	0.054810200000019904	epochs	2.0
1213.194795361853	0.02749149999999645	epochs	3.0
1213.222286861853	0.027318700000023455	epochs	3.0
1213.249605561853	0.054126999999880354	epochs	2.0
1213.249605561853	0.027147799999966082	epochs	3.0
1213.276753361853	0.026979199999914272	epochs	3.0
1213.303732561853	0.05346070000018699	epochs	2.0
1213.303732561853	0.026812600000084785	epochs	3.0
1213.330545161853	0.026648100000102204	epochs	3.0
1213.3571932618531	0.05281070000000909	epochs	2.0
1213.3571932618531	0.0264855999998872	epochs	3.0
1213.383678861853	0.026325100000121893	epochs	3.0
1213.4100039618531	0.052176199999848905	epochs	2.0
1213.4100039618531	0.026166399999965506	epochs	3.0
1213.436170361853	0.0260097999998834	epochs	3.0
1213.462180161853	0.051556699999991906	epochs	2.0
1213.462180161853	0.025854799999933675	epochs	3.0
1213.488034961853	0.02570190000005823	epochs	3.0
1213.513736861853	0.05095189999997274	epochs	2.0
1213.513736861853	0.025550699999939752	epochs	3.0
1213.539287561853	0.025401200000032986	epochs	3.0
1213.564688761853	0.05036100000006627	epochs	2.0
1213.564688761853	0.025253500000189888	epochs	3.0
1213.5899422618531	0.02510749999987638	epochs	3.0
1213.615049761853	0.04978380000011384	epochs	2.0
1213.615049761853	0.02496320000000196	epochs	3.0
1213.640012961853	0.02482060000011188	epochs	3.0
1213.6648335618531	0.04921949999993558	epochs	2.0
1213.6648335618531	0.024679399999968155	epochs	3.0
1213.689512961853	0.024540099999967424	epochs	3.0
1213.714053061853	0.04866790000005494	epochs	2.0
1213.714053061853	0.024402099999861093	epochs	3.0
1213.738455161853	0.02426580000019385	epochs	3.0
1213.7627209618531	0.048128599999927246	epochs	2.0
1213.7627209618531	0.02413099999989754	epochs	3.0
1213.786851961853	0.023997600000029706	epochs	3.0
1213.810849561853	0.047601100000065344	epochs	2.0
1213.810849561853	0.023865800000066884	epochs	3.0
1213.8347153618531	0.02373529999999846	epochs	3.0
1213.858450661853	0.04708499999992455	epochs	2.0
1213.858450661853	0.023606299999983094	epochs	3.0
1213.882056961853	0.023478699999941455	epochs	3.0
1213.905535661853	0.046579999999948996	epochs	2.0
1213.905535661853	0.023352500000100918	epochs	3.0
1213.9288881618531	0.023227499999848078	epochs	3.0
1213.952115661853	0.046085700000048746	epochs	2.0
1213.952115661853	0.023104000000103042	epochs	3.0
1213.975219661853	0.022981699999945704	epochs	3.0
1213.998201361853	0.045601799999985815	epochs	2.0
1213.998201361853	0.02286069999991014	epochs	3.0
1214.021062061853	0.022741100000075676	epochs	3.0
1214.043803161853	0.045127899999897636	epochs	2.0
1214.043803161853	0.022622499999897627	epochs	3.0
1214.066425661853	0.02250540000000001	epochs	3.0
1214.088931061853	0.0446638000000803	epochs	2.0
1214.088931061853	0.022389300000213552	epochs	3.0
1214.1113203618531	0.022274499999866748	epochs	3.0
1214.133594861853	0.04420920000006845	epochs	2.0
1214.133594861853	0.022160799999937808	epochs	3.0
1214.155755661853	0.02204840000013064	epochs	3.0
1214.177804061853	0.04376359999992019	epochs	2.0
1214.177804061853	0.02193689999990056	epochs	3.0
1214.199740961853	0.021826700000019628	epochs	3.0
1214.221567661853	0.04332709999994222	epochs	2.0
1214.221567661853	0.02171760000010181	epochs	3.0
1214.243285261853	0.02160949999984041	epochs	3.0
1214.264894761853	0.04289900000003399	epochs	2.0
1214.264894761853	0.02150249999999687	epochs	3.0
1214.286397261853	0.021396500000037122	epochs	3.0
1214.307793761853	0.04247950000012679	epochs	2.0
1214.307793761853	0.021291700000119818	epochs	3.0
1214.329085461853	0.021187800000006973	epochs	3.0
1214.350273261853	0.04206789999989269	epochs	2.0
1214.350273261853	0.02108490000000529	epochs	3.0
1214.371358161853	0.020982999999887397	epochs	3.0
1214.392341161853	0.04166439999994509	epochs	2.0
1214.392341161853	0.020882199999959994	epochs	3.0
1214.413223361853	0.020782199999985096	epochs	3.0
1214.434005561853	0.04126850000011473	epochs	2.0
1214.434005561853	0.02068330000020069	epochs	3.0
1214.4546888618531	0.02058519999991404	epochs	3.0
1214.475274061853	0.04088000000001557	epochs	2.0
1214.475274061853	0.020488099999965925	epochs	3.0
1214.495762161853	0.020391900000049645	epochs	3.0
1214.516154061853	0.04049880000002304	epochs	2.0
1214.516154061853	0.020296599999937825	epochs	3.0
1214.536450661853	0.020202200000085213	epochs	3.0
1214.556652861853	0.040124599999899146	epochs	2.0
1214.556652861853	0.02010870000003706	epochs	3.0
1214.5767615618531	0.020015899999862086	epochs	3.0
1214.596777461853	0.03975730000001931	epochs	2.0
1214.596777461853	0.019924200000104975	epochs	3.0
1214.616701661853	0.01983309999991434	epochs	3.0
1214.636534761853	0.03939669999999751	epochs	2.0
1214.636534761853	0.01974300000006224	epochs	3.0
1214.656277761853	0.01965369999993527	epochs	3.0
1214.675931461853	0.03904239999997117	epochs	2.0
1214.675931461853	0.019565100000136226	epochs	3.0
1214.6954965618531	0.01947729999983494	epochs	3.0
1214.714973861853	0.038694600000098944	epochs	2.0
1214.714973861853	0.019390400000020236	epochs	3.0
1214.734364261853	0.01930420000007871	epochs	3.0
1214.753668461853	0.03835290000006353	epochs	2.0
1214.753668461853	0.019218799999862313	epochs	3.0
1214.772887261853	0.019134100000201215	epochs	3.0
1214.7920213618531	0.03801719999978559	epochs	2.0
1214.7920213618531	0.019050199999810502	epochs	3.0
1214.811071561853	0.018966999999975087	epochs	3.0
1214.830038561853	0.03768720000016401	epochs	2.0
1214.830038561853	0.01888450000001285	epochs	3.0
1214.848923061853	0.018802700000151162	epochs	3.0
1214.867725761853	0.03736309999999321	epochs	2.0
1214.867725761853	0.018721700000014607	epochs	3.0
1214.886447461853	0.018641399999978603	epochs	3.0
1214.905088861853	0.03704429999993408	epochs	2.0
1214.905088861853	0.018561599999884493	epochs	3.0
1214.923650461853	0.01848270000004959	epochs	3.0
1214.942133161853	0.03673099999991791	epochs	2.0
1214.942133161853	0.018404299999929208	epochs	3.0
1214.960537461853	0.018326699999988705	epochs	3.0
1214.978864161853	0.03642290000016146	epochs	2.0
1214.978864161853	0.018249599999990096	epochs	3.0
1214.997113761853	0.018173300000171366	epochs	3.0
1215.015287061853	0.036120099999834565	epochs	2.0
1215.015287061853	0.01809759999991911	epochs	3.0
1215.033384661853	0.018022499999915453	epochs	3.0
1215.051407161853	0.035822100000132195	epochs	2.0
1215.051407161853	0.017947900000081063	epochs	3.0
1215.069355061853	0.017874200000051133	epochs	3.0
1215.087229261853	0.03552899999999681	epochs	2.0
1215.087229261853	0.017800800000031813	epochs	3.0
1215.105030061853	0.017728199999965	epochs	3.0
1215.122758261853	0.03524070000003121	epochs	2.0
1215.122758261853	0.017656100000067454	epochs	3.0
1215.1404143618531	0.017584599999963757	epochs	3.0
1215.157998961853	0.03495709999992869	epochs	2.0
1215.157998961853	0.017513699999881283	epochs	3.0
1215.175512661853	0.017443400000047404	epochs	3.0
1215.192956061853	0.034677899999906	epochs	2.0
1215.192956061853	0.017373599999928047	epochs	3.0
1215.210329661853	0.017304299999977957	epochs	3.0
1215.227633961853	0.03440330000012182	epochs	2.0
1215.227633961853	0.017235700000128418	epochs	3.0
1215.244869661853	0.0171675999999934	epochs	3.0
1215.262037261853	0.03413279999995211	epochs	2.0
1215.262037261853	0.01709989999994832	epochs	3.0
1215.279137161853	0.017032900000003792	epochs	3.0
1215.296170061853	0.03386670000008962	epochs	2.0
1215.296170061853	0.01696640000000116	epochs	3.0
1215.313136461853	0.016900300000088464	epochs	3.0
1215.330036761853	0.03360459999998966	epochs	2.0
1215.330036761853	0.01683479999996962	epochs	3.0
1215.346871561853	0.01676980000002004	epochs	3.0
1215.363641361853	0.033346599999958926	epochs	2.0
1215.363641361853	0.016705300000012357	epochs	3.0
1215.380346661853	0.01664129999994657	epochs	3.0
1215.396987961853	0.03309250000006614	epochs	2.0
1215.396987961853	0.016577800000050047	epochs	3.0
1215.413565761853	0.01651470000001609	epochs	3.0
1215.430080461853	0.03284229999985655	epochs	2.0
1215.430080461853	0.01645220000000336	epochs	3.0
1215.446532661853	0.01639009999985319	epochs	3.0
1215.462922761853	0.03259570000000167	epochs	2.0
1215.462922761853	0.016328400000020338	epochs	3.0
1215.479251161853	0.016267299999981333	epochs	3.0
1215.495518461853	0.032352899999978035	epochs	2.0
1215.495518461853	0.016206600000032267	epochs	3.0
1215.511725061853	0.016146299999945768	epochs	3.0
1215.527871361853	0.032113700000081735	epochs	2.0
1215.527871361853	0.016086600000107865	epochs	3.0
1215.543957961853	0.01602709999997387	epochs	3.0
1215.559985061853	0.03187800000000607	epochs	2.0
1215.559985061853	0.015968200000088473	epochs	3.0
1215.575953261853	0.015909799999917595	epochs	3.0
1215.591863061853	0.03164569999989908	epochs	2.0
1215.591863061853	0.015851599999905375	epochs	3.0
1215.607714661853	0.015794099999993705	epochs	3.0
1215.623508761853	0.03141670000013619	epochs	2.0
1215.623508761853	0.015736700000161363	epochs	3.0
1215.639245461853	0.015679999999974825	epochs	3.0
1215.654925461853	0.03119109999988723	epochs	2.0
1215.654925461853	0.015623600000026272	epochs	3.0
1215.670549061853	0.015567499999860956	epochs	3.0
1215.686116561853	0.03096870000013041	epochs	2.0
1215.686116561853	0.01551200000017161	epochs	3.0
1215.701628561853	0.0154566999999588	epochs	3.0
1215.717085261853	0.030749499999956242	epochs	2.0
1215.717085261853	0.015401999999994587	epochs	3.0
1215.732487261853	0.015347499999961656	epochs	3.0
1215.747834761853	0.03053320000003623	epochs	2.0
1215.747834761853	0.015293400000018664	epochs	3.0
1215.763128161853	0.015239800000017567	epochs	3.0
1215.778367961853	0.030320099999926242	epochs	2.0
1215.778367961853	0.015186500000027081	epochs	3.0
1215.793554461853	0.015133599999899161	epochs	3.0
1215.808688061853	0.03010990000007041	epochs	2.0
1215.808688061853	0.015081000000009226	epochs	3.0
1215.823769061853	0.015028900000061185	epochs	3.0
1215.838797961853	0.029902499999934662	epochs	2.0
1215.838797961853	0.014977000000044427	epochs	3.0
1215.853774961853	0.014925499999890235	epochs	3.0
1215.868700461853	0.0296981000001324	epochs	2.0
1215.868700461853	0.014874400000053356	epochs	3.0
1215.883574861853	0.014823700000079043	epochs	3.0
1215.8983985618531	0.029496299999891562	epochs	2.0
1215.8983985618531	0.01477319999980864	epochs	3.0
1215.913171761853	0.014723100000082923	epochs	3.0
1215.927894861853	0.029297399999904883	epochs	2.0
1215.927894861853	0.014673399999992398	epochs	3.0
1215.942568261853	0.014623999999912485	epochs	3.0
1215.957192261853	0.02910110000016175	epochs	2.0
1215.957192261853	0.014574900000070556	epochs	3.0
1215.971767161853	0.014526200000091194	epochs	3.0
1215.986293361853	0.028907399999980044	epochs	2.0
1215.986293361853	0.014477700000043114	epochs	3.0
1216.0007710618531	0.014429699999936929	epochs	3.0
1216.015200761853	0.028716199999962555	epochs	2.0
1216.015200761853	0.014381799999910072	epochs	3.0
1216.029582561853	0.014334400000052483	epochs	3.0
1216.043916961853	0.02852759999996124	epochs	2.0
1216.043916961853	0.014287199999898803	epochs	3.0
1216.058204161853	0.014240400000062436	epochs	3.0
1216.072444561853	0.028341400000044814	epochs	2.0
1216.072444561853	0.014193799999929979	epochs	3.0
1216.086638361853	0.014147600000114835	epochs	3.0
1216.100785961853	0.028157700000065233	epochs	2.0
1216.100785961853	0.014101700000082928	epochs	3.0
1216.1148876618531	0.014055999999982305	epochs	3.0
1216.128943661853	0.02797629999986384	epochs	2.0
1216.128943661853	0.014010599999892293	epochs	3.0
1216.142954261853	0.013965699999971548	epochs	3.0
1216.156919961853	0.027797200000122757	epochs	2.0
1216.156919961853	0.013920800000050804	epochs	3.0
1216.170840761853	0.013876400000071953	epochs	3.0
1216.184717161853	0.027620399999932488	epochs	2.0
1216.184717161853	0.013832200000024386	epochs	3.0
1216.198549361853	0.013788199999908102	epochs	3.0
1216.212337561853	0.027445899999975154	epochs	2.0
1216.212337561853	0.01374460000010913	epochs	3.0
1216.2260821618531	0.013701299999866023	epochs	3.0
1216.239783461853	0.0272735000000921	epochs	2.0
1216.239783461853	0.013658200000008947	epochs	3.0
1216.253441661853	0.013615300000083153	epochs	3.0
1216.267056961853	0.027103399999987232	epochs	2.0
1216.267056961853	0.013572800000019924	epochs	3.0
1216.280629761853	0.013530599999967308	epochs	3.0
1216.294160361853	0.02693520000002536	epochs	2.0
1216.294160361853	0.01348839999991469	epochs	3.0
1216.307648761853	0.01344680000011067	epochs	3.0
1216.321095561853	0.026769199999989723	epochs	2.0
1216.321095561853	0.013405199999851902	epochs	3.0
1216.334500761853	0.013364000000137821	epochs	3.0
1216.347864761853	0.026605199999949036	epochs	2.0
1216.347864761853	0.013322900000048321	epochs	3.0
1216.3611876618531	0.013282299999900715	epochs	3.0
1216.374469961853	0.0264431999999033	epochs	2.0
1216.374469961853	0.013241699999980483	epochs	3.0
1216.387711661853	0.013201499999922817	epochs	3.0
1216.400913161853	0.026283200000079887	epochs	2.0
1216.400913161853	0.013161500000023807	epochs	3.0
1216.414074661853	0.01312170000005608	epochs	3.0
1216.427196361853	0.02612500000009277	epochs	2.0
1216.427196361853	0.013082100000019636	epochs	3.0
1216.440278461853	0.013042900000073132	epochs	3.0
1216.453321361853	0.025968899999952555	epochs	2.0
1216.453321361853	0.013003899999830537	epochs	3.0
1216.466325261853	0.012965000000122018	epochs	3.0
1216.479290261853	0.025814500000024054	epochs	2.0
1216.479290261853	0.012926399999969362	epochs	3.0
1216.492216661853	0.012888100000054692	epochs	3.0
1216.505104761853	0.025661899999931848	epochs	2.0
1216.505104761853	0.012849899999991976	epochs	3.0
1216.517954661853	0.012811999999939871	epochs	3.0
1216.530766661853	0.025511199999982637	epochs	2.0
1216.530766661853	0.012774399999898378	epochs	3.0
1216.543541061853	0.012736800000084258	epochs	3.0
1216.556277861853	0.025362300000097093	epochs	2.0
1216.556277861853	0.01269969999998466	epochs	3.0
1216.568977561853	0.012662600000112434	epochs	3.0
1216.581640161853	0.025214999999889187	epochs	2.0
1216.581640161853	0.012625800000023446	epochs	3.0
1216.5942659618531	0.012589199999865741	epochs	3.0
1216.606855161853	0.024584799999956886	epochs	2.0
1216.630527661853	0.5	epochs	-1.0
1216.631439961853	0.9999199999999746	epochs	1.0
1217.130527661853	0.5	epochs	-1.0
1218.0929999351501	0.09135999999989508	epochs	0.0
1218.0929999351501	0.04068260000008195	epochs	1.0
1218.1336825351502	0.009994799999958559	epochs	1.0
1218.1436773351502	0.040682599999854574	epochs	1.0
1218.18443993515	2.0	epochs	0.0
1220.1844076351501	0.5	epochs	-1.0
1220.18443993515	0.52800000000002	epochs	0.0
1220.18443993515	0.52800000000002	epochs	1.0
1220.6844076351501	0.028032299999949828	epochs	-1.0
1220.71243993515	21.471919999999955	epochs	0.0
1221.9139995574951	0.09135999999989508	epochs	0.0
1221.9139995574951	0.04068260000008195	epochs	1.0
1221.9546821574952	0.009994799999958559	epochs	1.0
1221.9646769574952	0.040682599999854574	epochs	1.0
1222.005439557495	2.0	epochs	0.0
1224.005407257495	0.5	epochs	-1.0
1224.005439557495	0.5278399999999692	epochs	0.0
1224.005439557495	0.5278399999999692	epochs	1.0
1224.505407257495	0.02787229999989904	epochs	-1.0
1224.533279557495	21.472080000000005	epochs	0.0
1225.6889996528625	0.09135999999989508	epochs	0.0
1225.6889996528625	0.04068260000008195	epochs	1.0
1225.7296822528626	0.009994799999958559	epochs	1.0
1225.7396770528626	0.040682599999854574	epochs	1.0
1225.7804396528625	2.0	epochs	0.0
1227.7804073528625	0.5	epochs	-1.0
1227.7804396528625	0.508640000000014	epochs	0.0
1227.7804396528625	0.508640000000014	epochs	1.0
1228.2804073528625	0.008672299999943789	epochs	-1.0
1228.2890796528625	21.49127999999996	epochs	0.0
1238.8159999847412	0.09135999999989508	epochs	0.0
1238.8159999847412	0.04068260000008195	epochs	1.0
1238.8566825847413	0.009994799999958559	epochs	1.0
1238.8666773847413	0.040682599999854574	epochs	1.0
1238.9074399847411	0.2299199999999928	epochs	0.0
1238.9074399847411	0.0500000000001819	epochs	1.0
1238.9574399847413	0.009999999999990905	epochs	1.0
1238.9674399847413	0.049999999999954525	epochs	1.0
1239.0174399847413	0.009999999999990905	epochs	1.0
1239.0274399847412	0.049999999999954525	epochs	1.0
1239.0774399847412	0.009999999999990905	epochs	1.0
1239.0874399847412	0.04991999999992913	epochs	1.0
