onset	duration	nwb_table	treelevel
10.513000011444092	0.09999999999999964	epochs	0.0
10.513000011444092	0.04499999999999993	epochs	1.0
10.558000011444092	0.009999999999999787	epochs	1.0
10.568000011444092	0.04499999999999993	epochs	1.0
10.613000011444091	0.5001899999999999	epochs	0.0
10.613000011444091	0.5	epochs	-1.0
10.613000011444091	0.5	epochs	-1.0
10.613000011444091	0.5	epochs	1.0
11.113000011444091	0.00018999999999991246	epochs	-1.0
11.113000011444091	0.00018999999999991246	epochs	-1.0
11.113000011444091	0.00018999999999991246	epochs	1.0
11.113190011444091	0.20480500000000035	epochs	0.0
11.286999702453613	0.09999999999999964	epochs	0.0
11.286999702453613	0.04499999999999993	epochs	1.0
11.331999702453613	0.009999999999999787	epochs	1.0
11.341999702453613	0.04499999999999993	epochs	1.0
11.386999702453613	0.5403099999999998	epochs	0.0
11.386999702453613	0.5	epochs	-1.0
11.386999702453613	0.5	epochs	-1.0
11.386999702453613	0.5	epochs	1.0
11.886999702453613	0.040309999999999846	epochs	-1.0
11.886999702453613	0.025000000000000355	epochs	-1.0
11.886999702453613	0.025000000000000355	epochs	1.0
11.911999702453613	0.009999999999999787	epochs	-1.0
11.911999702453613	0.009999999999999787	epochs	1.0
11.921999702453613	0.005309999999999704	epochs	-1.0
11.921999702453613	0.005309999999999704	epochs	1.0
11.927309702453613	0.16468500000000041	epochs	0.0
12.10699987411499	0.09999999999999964	epochs	0.0
12.10699987411499	0.04499999999999993	epochs	1.0
12.15199987411499	0.009999999999999787	epochs	1.0
12.16199987411499	0.04499999999999993	epochs	1.0
12.20699987411499	0.53993	epochs	0.0
12.20699987411499	0.5	epochs	-1.0
12.20699987411499	0.5	epochs	-1.0
12.20699987411499	0.5	epochs	1.0
12.70699987411499	0.03993000000000002	epochs	-1.0
12.70699987411499	0.025000000000000355	epochs	-1.0
12.70699987411499	0.025000000000000355	epochs	1.0
12.73199987411499	0.009999999999999787	epochs	-1.0
12.73199987411499	0.009999999999999787	epochs	1.0
12.74199987411499	0.004929999999999879	epochs	-1.0
12.74199987411499	0.004929999999999879	epochs	1.0
12.74692987411499	0.16506500000000024	epochs	0.0
645.4129996299744	0.10000000000002274	epochs	0.0
645.4129996299744	0.04499999999995907	epochs	1.0
645.4579996299743	0.009999999999990905	epochs	1.0
645.4679996299743	0.04500000000007276	epochs	1.0
645.5129996299744	0.500189999999975	epochs	0.0
645.5129996299744	0.5	epochs	-1.0
645.5129996299744	0.5	epochs	1.0
646.0129996299744	0.00018999999997504347	epochs	-1.0
646.0129996299744	0.00018999999997504347	epochs	-1.0
646.0129996299744	0.00018999999997504347	epochs	1.0
646.0131896299744	0.20480499999996482	epochs	0.0
658.0499997138977	0.10000000000002274	epochs	0.0
658.0499997138977	0.04499999999995907	epochs	1.0
658.0949997138977	0.009999999999990905	epochs	1.0
658.1049997138977	0.04500000000007276	epochs	1.0
658.1499997138977	0.7049949999999399	epochs	0.0
658.1499997138977	0.5	epochs	-1.0
658.1499997138977	0.5	epochs	1.0
658.6499997138977	0.05999999999994543	epochs	-1.0
658.6499997138977	0.024999999999977263	epochs	-1.0
658.6499997138977	0.024999999999977263	epochs	1.0
658.6749997138977	0.009999999999990905	epochs	-1.0
658.6749997138977	0.009999999999990905	epochs	1.0
658.6849997138977	0.024999999999977263	epochs	-1.0
658.6849997138977	0.024999999999977263	epochs	1.0
658.7099997138977	0.06000000000005912	epochs	-1.0
658.7099997138977	0.024999999999977263	epochs	-1.0
658.7099997138977	0.024999999999977263	epochs	1.0
658.7349997138977	0.010000000000104592	epochs	-1.0
658.7349997138977	0.010000000000104592	epochs	1.0
658.7449997138978	0.024999999999977263	epochs	-1.0
658.7449997138978	0.024999999999977263	epochs	1.0
658.7699997138977	0.05999999999994543	epochs	-1.0
658.7699997138977	0.024999999999977263	epochs	-1.0
658.7699997138977	0.024999999999977263	epochs	1.0
658.7949997138977	0.009999999999990905	epochs	-1.0
658.7949997138977	0.009999999999990905	epochs	1.0
658.8049997138977	0.024999999999977263	epochs	-1.0
658.8049997138977	0.024999999999977263	epochs	1.0
658.8299997138977	0.024994999999989886	epochs	1.0
961.0479998588562	0.10000000000002274	epochs	0.0
961.0479998588562	0.04499999999995907	epochs	1.0
961.0929998588562	0.009999999999990905	epochs	1.0
961.1029998588562	0.04500000000007276	epochs	1.0
961.1479998588562	61.384995	epochs	0.0
961.1479998588562	0.5	epochs	-1.0
961.1479998588562	0.5	epochs	-1.0
961.1479998588562	0.5	epochs	1.0
961.6479998588562	0.05999999999994543	epochs	-1.0
961.6479998588562	0.024999999999977263	epochs	-1.0
961.6479998588562	0.024999999999977263	epochs	1.0
961.6729998588562	0.009999999999990905	epochs	-1.0
961.6729998588562	0.009999999999990905	epochs	1.0
961.6829998588562	0.024999999999977263	epochs	-1.0
961.6829998588562	0.024999999999977263	epochs	1.0
961.7079998588562	0.06000000000005912	epochs	-1.0
961.7079998588562	0.024999999999977263	epochs	-1.0
961.7079998588562	0.024999999999977263	epochs	1.0
961.7329998588561	0.010000000000104592	epochs	-1.0
961.7329998588561	0.010000000000104592	epochs	1.0
961.7429998588563	0.024999999999977263	epochs	-1.0
961.7429998588563	0.024999999999977263	epochs	1.0
961.7679998588562	0.05999999999994543	epochs	-1.0
961.7679998588562	0.024999999999977263	epochs	-1.0
961.7679998588562	0.024999999999977263	epochs	1.0
961.7929998588562	0.009999999999990905	epochs	-1.0
961.7929998588562	0.009999999999990905	epochs	1.0
961.8029998588562	0.024999999999977263	epochs	-1.0
961.8029998588562	0.024999999999977263	epochs	1.0
961.8279998588562	60.0	epochs	1.0
1021.8279998588562	0.5	epochs	-1.0
1021.8279998588562	0.5	epochs	-1.0
1021.8279998588562	0.5	epochs	1.0
1022.3279998588562	0.06000000000005912	epochs	-1.0
1022.3279998588562	0.024999999999977263	epochs	-1.0
1022.3279998588562	0.024999999999977263	epochs	1.0
1022.3529998588562	0.010000000000104592	epochs	-1.0
1022.3529998588562	0.010000000000104592	epochs	1.0
1022.3629998588563	0.024999999999977263	epochs	-1.0
1022.3629998588563	0.024999999999977263	epochs	1.0
1022.3879998588562	0.05999999999994543	epochs	-1.0
1022.3879998588562	0.024999999999977263	epochs	-1.0
1022.3879998588562	0.024999999999977263	epochs	1.0
1022.4129998588562	0.009999999999990905	epochs	-1.0
1022.4129998588562	0.009999999999990905	epochs	1.0
1022.4229998588562	0.024999999999977263	epochs	-1.0
1022.4229998588562	0.024999999999977263	epochs	1.0
1022.4479998588562	0.06000000000005912	epochs	-1.0
1022.4479998588562	0.024999999999977263	epochs	-1.0
1022.4479998588562	0.024999999999977263	epochs	1.0
1022.4729998588562	0.009999999999990905	epochs	-1.0
1022.4729998588562	0.009999999999990905	epochs	1.0
1022.4829998588561	0.02500000000009095	epochs	-1.0
1022.4829998588561	0.02500000000009095	epochs	1.0
1022.5079998588562	0.024994999999989886	epochs	1.0
1062.2019996643066	0.09999999999990905	epochs	0.0
1062.2019996643066	0.04500000000007276	epochs	1.0
1062.2469996643067	0.009999999999990905	epochs	1.0
1062.2569996643067	0.044999999999845386	epochs	1.0
1062.3019996643065	0.7049950000000536	epochs	0.0
1062.3019996643065	0.5	epochs	-1.0
1062.3019996643065	0.5	epochs	-1.0
1062.3019996643065	0.5	epochs	1.0
1062.8019996643065	0.060000000000172804	epochs	-1.0
1062.8019996643065	0.02500000000009095	epochs	-1.0
1062.8019996643065	0.02500000000009095	epochs	1.0
1062.8269996643066	0.009999999999990905	epochs	-1.0
1062.8269996643066	0.009999999999990905	epochs	1.0
1062.8369996643066	0.02500000000009095	epochs	-1.0
1062.8369996643066	0.02500000000009095	epochs	1.0
1062.8619996643067	0.05999999999994543	epochs	-1.0
1062.8619996643067	0.024999999999863576	epochs	-1.0
1062.8619996643067	0.024999999999863576	epochs	1.0
1062.8869996643066	0.009999999999990905	epochs	-1.0
1062.8869996643066	0.009999999999990905	epochs	1.0
1062.8969996643066	0.02500000000009095	epochs	-1.0
1062.8969996643066	0.02500000000009095	epochs	1.0
1062.9219996643067	0.05999999999994543	epochs	-1.0
1062.9219996643067	0.024999999999863576	epochs	-1.0
1062.9219996643067	0.024999999999863576	epochs	1.0
1062.9469996643065	0.010000000000218279	epochs	-1.0
1062.9469996643065	0.010000000000218279	epochs	1.0
1062.9569996643067	0.024999999999863576	epochs	-1.0
1062.9569996643067	0.024999999999863576	epochs	1.0
1062.9819996643066	0.024994999999989886	epochs	1.0
1081.3069996833801	0.03755999999998494	epochs	0.0
1081.3069996833801	0.013780799999949522	epochs	1.0
1081.32078048338	0.009998400000085894	epochs	1.0
1081.3307788833802	0.013780799999949522	epochs	1.0
1081.34455968338	5.9999800000000505	epochs	0.0
1081.34455968338	0.5	epochs	1.0
1081.34456538338	0.5	epochs	-1.0
1081.34456538338	0.5	epochs	-1.0
1081.84455968338	5.0	epochs	1.0
1086.84455968338	0.4999800000000505	epochs	1.0
1086.84456538338	0.49997430000007625	epochs	-1.0
1100.3229999542236	0.06745999999998276	epochs	0.0
1100.3229999542236	0.02873120000003837	epochs	1.0
1100.3517311542237	0.009997599999906015	epochs	1.0
1100.3617287542236	0.02873120000003837	epochs	1.0
1100.3904599542236	2.532259999999951	epochs	0.0
1100.3904599542236	0.5	epochs	1.0
1100.3904763542237	0.5	epochs	-1.0
1100.8904599542236	1.0	epochs	1.0
1101.8904599542236	1.032259999999951	epochs	1.0
1102.3904763542237	0.5	epochs	-1.0
1102.9227199542236	0.9677200000000994	epochs	0.0
1103.2820000648499	0.06745999999998276	epochs	0.0
1103.2820000648499	0.02873120000003837	epochs	1.0
1103.31073126485	0.009997599999906015	epochs	1.0
1103.3207288648498	0.02873120000003837	epochs	1.0
1103.3494600648498	0.5326600000000781	epochs	0.0
1103.3494600648498	0.5	epochs	1.0
1103.3494764648499	0.5	epochs	-1.0
1103.8494600648498	0.03266000000007807	epochs	1.0
1103.88212006485	2.9673199999999724	epochs	0.0
1116.4499998092651	0.06745999999998276	epochs	0.0
1116.4499998092651	0.02873120000003837	epochs	1.0
1116.4787310092652	0.009997599999906015	epochs	1.0
1116.488728609265	0.02873120000003837	epochs	1.0
1116.5174598092651	0.5321599999999762	epochs	0.0
1116.5174598092651	0.5	epochs	1.0
1116.5174762092652	0.5	epochs	-1.0
1117.0174598092651	0.03215999999997621	epochs	1.0
1117.049619809265	2.9678200000000743	epochs	0.0
1129.5599999427795	0.06745999999998276	epochs	0.0
1129.5599999427795	0.02873120000003837	epochs	1.0
1129.5887311427796	0.009997599999906015	epochs	1.0
1129.5987287427795	0.02873120000003837	epochs	1.0
1129.6274599427795	0.5326600000000781	epochs	0.0
1129.6274599427795	0.5	epochs	1.0
1129.6274763427796	0.5	epochs	-1.0
1130.1274599427795	0.03266000000007807	epochs	1.0
1130.1601199427796	2.9673199999999724	epochs	0.0
1142.6949996948242	0.06745999999998276	epochs	0.0
1142.6949996948242	0.02873120000003837	epochs	1.0
1142.7237308948243	0.009997599999906015	epochs	1.0
1142.7337284948242	0.02873120000003837	epochs	1.0
1142.7624596948242	2.532480000000078	epochs	0.0
1142.7624596948242	0.5	epochs	1.0
1142.7624760948243	0.5	epochs	-1.0
1143.2624596948242	1.0	epochs	1.0
1144.2624596948242	1.0324800000000778	epochs	1.0
1144.7624760948243	0.5	epochs	-1.0
1145.2949396948243	0.9674999999999727	epochs	0.0
1145.6570000648499	0.06745999999998276	epochs	0.0
1145.6570000648499	0.02873120000003837	epochs	1.0
1145.68573126485	0.009997599999906015	epochs	1.0
1145.6957288648498	0.02873120000003837	epochs	1.0
1145.7244600648498	2.5327400000001035	epochs	0.0
1145.7244600648498	0.5	epochs	1.0
1145.7244764648499	0.5	epochs	-1.0
1146.2244600648498	1.0	epochs	1.0
1147.2244600648498	1.0327400000001035	epochs	1.0
1147.7244764648499	0.5	epochs	-1.0
1148.25720006485	0.967239999999947	epochs	0.0
1148.611999988556	0.06745999999998276	epochs	0.0
1148.611999988556	0.02873120000003837	epochs	1.0
1148.640731188556	0.009997599999906015	epochs	1.0
1148.6507287885559	0.02873120000003837	epochs	1.0
1148.679459988556	2.532120000000077	epochs	0.0
1148.679459988556	0.5	epochs	1.0
1148.679476388556	0.5	epochs	-1.0
1149.179459988556	1.0	epochs	1.0
1150.179459988556	1.0321200000000772	epochs	1.0
1150.679476388556	0.5	epochs	-1.0
1151.211579988556	0.9678599999999733	epochs	0.0
1151.5920000076294	0.06745999999998276	epochs	0.0
1151.5920000076294	0.02873120000003837	epochs	1.0
1151.6207312076294	0.009997599999906015	epochs	1.0
1151.6307288076293	0.02873120000003837	epochs	1.0
1151.6594600076294	2.5526199999999335	epochs	0.0
1151.6594600076294	0.5	epochs	1.0
1151.6594764076294	0.5	epochs	-1.0
1152.1594600076294	1.0	epochs	1.0
1153.1594600076294	1.0526199999999335	epochs	1.0
1153.6594764076294	0.5	epochs	-1.0
1154.2120800076293	0.947360000000117	epochs	0.0
1154.6149997711182	0.6499799999999141	epochs	0.0
1154.6149997711182	0.049999999999954525	epochs	1.0
1154.6649997711181	0.5	epochs	1.0
1155.1649997711181	0.09997999999995955	epochs	1.0
1155.673999786377	0.6499799999999141	epochs	0.0
1155.673999786377	0.049999999999954525	epochs	1.0
1155.723999786377	0.5	epochs	1.0
1156.223999786377	0.09997999999995955	epochs	1.0
1156.7459998130798	0.6499799999999141	epochs	0.0
1156.7459998130798	0.049999999999954525	epochs	1.0
1156.7959998130798	0.5	epochs	1.0
1157.2959998130798	0.09997999999995955	epochs	1.0
1157.8069996833801	0.6499799999999141	epochs	0.0
1157.8069996833801	0.049999999999954525	epochs	1.0
1157.85699968338	0.5	epochs	1.0
1158.35699968338	0.09997999999995955	epochs	1.0
1158.878999710083	0.6499799999999141	epochs	0.0
1158.878999710083	0.049999999999954525	epochs	1.0
1158.928999710083	0.5	epochs	1.0
1159.428999710083	0.09997999999995955	epochs	1.0
1159.9569997787476	0.6499799999999141	epochs	0.0
1159.9569997787476	0.049999999999954525	epochs	1.0
1160.0069997787475	0.5	epochs	1.0
1160.5069997787475	0.09997999999995955	epochs	1.0
1161.0590000152588	0.06745999999998276	epochs	0.0
1161.0590000152588	0.02873120000003837	epochs	1.0
1161.0877312152588	0.009997599999906015	epochs	1.0
1161.0977288152587	0.02873120000003837	epochs	1.0
1161.1264600152588	0.5329200000001038	epochs	0.0
1161.1264600152588	0.5	epochs	1.0
1161.1264764152588	0.5	epochs	-1.0
1161.6264600152588	0.032920000000103755	epochs	1.0
1161.6593800152589	4.967059999999947	epochs	0.0
1181.2529997825623	0.06745999999998276	epochs	0.0
1181.2529997825623	0.02873120000003837	epochs	1.0
1181.2817309825623	0.009997599999906015	epochs	1.0
1181.2917285825622	0.02873120000003837	epochs	1.0
1181.3204597825622	2.552359999999908	epochs	0.0
1181.3204597825622	0.5	epochs	1.0
1181.3204761825623	0.5	epochs	-1.0
1181.8204597825622	1.0	epochs	1.0
1182.8204597825622	1.0523599999999078	epochs	1.0
1183.3204759825624	0.5	epochs	-1.0
1183.8728197825621	2.9476200000001427	epochs	0.0
1186.4789996147156	0.06745999999998276	epochs	0.0
1186.4789996147156	0.02873120000003837	epochs	1.0
1186.5077308147156	0.009997599999906015	epochs	1.0
1186.5177284147155	0.02873120000003837	epochs	1.0
1186.5464596147156	3.0520799999999326	epochs	0.0
1186.5464596147156	0.5	epochs	1.0
1186.5464760147156	0.5	epochs	-1.0
1187.0464596147156	1.0	epochs	1.0
1188.0464596147156	1.5520799999999326	epochs	1.0
1188.5464757147156	0.5	epochs	-1.0
1189.0464757147156	0.5	epochs	-1.0
1189.5985396147155	2.447900000000118	epochs	0.0
1191.7389998435974	0.06745999999998276	epochs	0.0
1191.7389998435974	0.02873120000003837	epochs	1.0
1191.7677310435975	0.009997599999906015	epochs	1.0
1191.7777286435974	0.02873120000003837	epochs	1.0
1191.8064598435974	2.533140000000003	epochs	0.0
1191.8064598435974	0.5	epochs	1.0
1191.8064762435974	0.5	epochs	-1.0
1192.3064598435974	1.0	epochs	1.0
1193.3064598435974	1.033140000000003	epochs	1.0
1193.8064760435975	0.5	epochs	-1.0
1194.3395998435974	2.9668400000000474	epochs	0.0
1196.9470000267029	0.06745999999998276	epochs	0.0
1196.9470000267029	0.02873120000003837	epochs	1.0
1196.975731226703	0.009997599999906015	epochs	1.0
1196.9857288267028	0.02873120000003837	epochs	1.0
1197.0144600267029	2.5526199999999335	epochs	0.0
1197.0144600267029	0.5	epochs	1.0
1197.014476426703	0.5	epochs	-1.0
1197.5144600267029	1.0	epochs	1.0
1198.5144600267029	1.0526199999999335	epochs	1.0
1199.014476226703	0.5	epochs	-1.0
1199.5670800267028	2.947360000000117	epochs	0.0
1202.191999912262	0.06745999999998276	epochs	0.0
1202.191999912262	0.02873120000003837	epochs	1.0
1202.220731112262	0.009997599999906015	epochs	1.0
1202.230728712262	0.02873120000003837	epochs	1.0
1202.259459912262	2.532359999999926	epochs	0.0
1202.259459912262	0.5	epochs	1.0
1202.259476312262	0.5	epochs	-1.0
1202.759459912262	1.0	epochs	1.0
1203.759459912262	1.032359999999926	epochs	1.0
1204.259476112262	0.5	epochs	-1.0
1204.7918199122619	2.9676200000001245	epochs	0.0
1207.4299998283386	0.06745999999998276	epochs	0.0
1207.4299998283386	0.02873120000003837	epochs	1.0
1207.4587310283387	0.009997599999906015	epochs	1.0
1207.4687286283386	0.02873120000003837	epochs	1.0
1207.4974598283386	0.5328999999999269	epochs	0.0
1207.4974598283386	0.5	epochs	1.0
1207.4974762283387	0.5	epochs	-1.0
1207.9974598283386	0.03289999999992688	epochs	1.0
1208.0303598283385	4.967080000000124	epochs	0.0
1227.6319999694824	0.06745999999998276	epochs	0.0
1227.6319999694824	0.02873120000003837	epochs	1.0
1227.6607311694825	0.009997599999906015	epochs	1.0
1227.6707287694824	0.02873120000003837	epochs	1.0
1227.6994599694824	2.532860000000028	epochs	0.0
1227.6994599694824	0.5	epochs	1.0
1227.6994763694825	0.5	epochs	-1.0
1228.1994599694824	1.0	epochs	1.0
1229.1994599694824	1.0328600000000279	epochs	1.0
1229.6994761694825	0.5	epochs	-1.0
1230.2323199694824	2.9671200000000226	epochs	0.0
1232.8680000305176	0.06745999999998276	epochs	0.0
1232.8680000305176	0.02873120000003837	epochs	1.0
1232.8967312305176	0.009997599999906015	epochs	1.0
1232.9067288305175	0.02873120000003837	epochs	1.0
1232.9354600305176	2.552120000000059	epochs	0.0
1232.9354600305176	0.5	epochs	1.0
1232.9354764305176	0.5	epochs	-1.0
1233.4354600305176	1.0	epochs	1.0
1234.4354600305176	1.052120000000059	epochs	1.0
1234.9354762305177	0.5	epochs	-1.0
1235.4875800305176	2.9478599999999915	epochs	0.0
1238.1029996871948	0.06745999999998276	epochs	0.0
1238.1029996871948	0.02873120000003837	epochs	1.0
1238.1317308871949	0.009997599999906015	epochs	1.0
1238.1417284871948	0.02873120000003837	epochs	1.0
1238.1704596871948	2.5328799999999774	epochs	0.0
1238.1704596871948	0.5	epochs	1.0
1238.1704760871949	0.5	epochs	-1.0
1238.6704596871948	1.0	epochs	1.0
1239.6704596871948	1.0328799999999774	epochs	1.0
1240.1704760871949	0.5	epochs	-1.0
1240.7033396871948	3.967100000000073	epochs	0.0
1241.2789998054504	0.06745999999998276	epochs	0.0
1241.2789998054504	0.02873120000003837	epochs	1.0
1241.3077310054505	0.009997599999906015	epochs	1.0
1241.3177286054504	0.02873120000003837	epochs	1.0
1241.3464598054504	2.532860000000028	epochs	0.0
1241.3464598054504	0.5	epochs	1.0
1241.3464762054505	0.5	epochs	-1.0
1241.8464598054504	1.0	epochs	1.0
1242.8464598054504	1.0328600000000279	epochs	1.0
1243.3464762054505	0.5	epochs	-1.0
1243.8793198054505	3.9671200000000226	epochs	0.0
1244.4089999198914	0.06745999999998276	epochs	0.0
1244.4089999198914	0.02873120000003837	epochs	1.0
1244.4377311198914	0.009997599999906015	epochs	1.0
1244.4477287198913	0.02873120000003837	epochs	1.0
1244.4764599198913	2.5527400000000853	epochs	0.0
1244.4764599198913	0.5	epochs	1.0
1244.4764763198914	0.5	epochs	-1.0
1244.9764599198913	1.0	epochs	1.0
1245.9764599198913	1.0527400000000853	epochs	1.0
1246.4764763198914	0.5	epochs	-1.0
1247.0291999198914	3.947239999999965	epochs	0.0
1247.5469999313354	0.06745999999998276	epochs	0.0
1247.5469999313354	0.02873120000003837	epochs	1.0
1247.5757311313355	0.009997599999906015	epochs	1.0
1247.5857287313354	0.02873120000003837	epochs	1.0
1247.6144599313354	2.532359999999926	epochs	0.0
1247.6144599313354	0.5	epochs	1.0
1247.6144763313355	0.5	epochs	-1.0
1248.1144599313354	1.0	epochs	1.0
1249.1144599313354	1.032359999999926	epochs	1.0
1249.6144763313355	0.5	epochs	-1.0
1250.1468199313354	3.9676200000001245	epochs	0.0
1250.700999736786	0.06745999999998276	epochs	0.0
1250.700999736786	0.02873120000003837	epochs	1.0
1250.729730936786	0.009997599999906015	epochs	1.0
1250.7397285367858	0.02873120000003837	epochs	1.0
1250.7684597367859	0.5321599999999762	epochs	0.0
1250.7684597367859	0.5	epochs	1.0
1250.768476136786	0.5	epochs	-1.0
1251.2684597367859	0.03215999999997621	epochs	1.0
1251.3006197367858	5.967820000000074	epochs	0.0
1266.8709998130798	0.06745999999998276	epochs	0.0
1266.8709998130798	0.02873120000003837	epochs	1.0
1266.8997310130799	0.009997599999906015	epochs	1.0
1266.9097286130798	0.02873120000003837	epochs	1.0
1266.9384598130798	2.532120000000077	epochs	0.0
1266.9384598130798	0.5	epochs	1.0
1266.9384762130799	0.5	epochs	-1.0
1267.4384598130798	1.0	epochs	1.0
1268.4384598130798	1.0321200000000772	epochs	1.0
1268.9384762130799	0.5	epochs	-1.0
1269.47057981308	3.9678599999999733	epochs	0.0
1270.0959997177124	0.06745999999998276	epochs	0.0
1270.0959997177124	0.02873120000003837	epochs	1.0
1270.1247309177124	0.009997599999906015	epochs	1.0
1270.1347285177123	0.02873120000003837	epochs	1.0
1270.1634597177124	3.0522000000000844	epochs	0.0
1270.1634597177124	0.5	epochs	1.0
1270.1634761177124	0.5	epochs	-1.0
1270.6634597177124	1.0	epochs	1.0
1271.6634597177124	1.5522000000000844	epochs	1.0
1272.1634761177124	0.5	epochs	-1.0
1272.6634761177124	0.5	epochs	-1.0
1273.2156597177125	3.447779999999966	epochs	0.0
1273.981999874115	0.1529800000000705	epochs	0.0
1273.981999874115	0.049999999999954525	epochs	1.0
1274.031999874115	0.003000000000156433	epochs	1.0
1274.034999874115	0.09997999999995955	epochs	1.0
1274.7619996070862	0.1529800000000705	epochs	0.0
1274.7619996070862	0.049999999999954525	epochs	1.0
1274.8119996070861	0.003000000000156433	epochs	1.0
1274.8149996070863	0.09997999999995955	epochs	1.0
1275.516999721527	0.1529800000000705	epochs	0.0
1275.516999721527	0.049999999999954525	epochs	1.0
1275.566999721527	0.003000000000156433	epochs	1.0
1275.5699997215272	0.09997999999995955	epochs	1.0
1276.2749996185303	0.1529800000000705	epochs	0.0
1276.2749996185303	0.049999999999954525	epochs	1.0
1276.3249996185302	0.003000000000156433	epochs	1.0
1276.3279996185304	0.09997999999995955	epochs	1.0
1277.0520000457764	0.1529800000000705	epochs	0.0
1277.0520000457764	0.049999999999954525	epochs	1.0
1277.1020000457763	0.003000000000156433	epochs	1.0
1277.1050000457765	0.09997999999995955	epochs	1.0
1277.8279995918274	0.1529800000000705	epochs	0.0
1277.8279995918274	0.049999999999954525	epochs	1.0
1277.8779995918273	0.003000000000156433	epochs	1.0
1277.8809995918275	0.09997999999995955	epochs	1.0
1278.6499996185303	0.1529800000000705	epochs	0.0
1278.6499996185303	0.049999999999954525	epochs	1.0
1278.6999996185302	0.003000000000156433	epochs	1.0
1278.7029996185304	0.09997999999995955	epochs	1.0
1279.4449996948242	0.1529800000000705	epochs	0.0
1279.4449996948242	0.049999999999954525	epochs	1.0
1279.4949996948242	0.003000000000156433	epochs	1.0
1279.4979996948243	0.09997999999995955	epochs	1.0
1280.3059997558594	0.06745999999998276	epochs	0.0
1280.3059997558594	0.02873120000003837	epochs	1.0
1280.3347309558594	0.009997599999906015	epochs	1.0
1280.3447285558593	0.02873120000003837	epochs	1.0
1280.3734597558594	1.5329400000000533	epochs	0.0
1280.3734597558594	0.5	epochs	1.0
1280.3734761558594	0.5	epochs	-1.0
1280.8734597558594	0.0029999999999290594	epochs	1.0
1280.8764597558593	1.0299400000001242	epochs	1.0
1281.3764760558595	0.5	epochs	-1.0
1281.9063997558594	0.07004000000006272	epochs	0.0
1282.5060000419617	0.06745999999998276	epochs	0.0
1282.5060000419617	0.02873120000003837	epochs	1.0
1282.5347312419617	0.009997599999906015	epochs	1.0
1282.5447288419616	0.02873120000003837	epochs	1.0
1282.5734600419617	1.5329400000000533	epochs	0.0
1282.5734600419617	0.5	epochs	1.0
1282.5734764419617	0.5	epochs	-1.0
1283.0734600419617	0.0029999999999290594	epochs	1.0
1283.0764600419616	1.0299400000001242	epochs	1.0
1283.5764763419618	0.5	epochs	-1.0
1284.1064000419617	0.07004000000006272	epochs	0.0
1284.8079996109009	0.06745999999998276	epochs	0.0
1284.8079996109009	0.02873120000003837	epochs	1.0
1284.836730810901	0.009997599999906015	epochs	1.0
1284.8467284109008	0.02873120000003837	epochs	1.0
1284.8754596109009	3.0321400000000267	epochs	0.0
1284.8754596109009	0.5	epochs	1.0
1284.875476010901	0.5	epochs	-1.0
1285.3754596109009	2.5321400000000267	epochs	1.0
1286.907759610901	0.9998399999999492	epochs	-1.0
1286.907759610901	0.03993999999988773	epochs	-1.0
1287.405255910901	0.5	epochs	-1.0
1287.907599610901	16.467840000000024	epochs	0.0
1288.825999736786	0.06745999999998276	epochs	0.0
1288.825999736786	0.02873120000003837	epochs	1.0
1288.854730936786	0.009997599999906015	epochs	1.0
1288.8647285367858	0.02873120000003837	epochs	1.0
1288.8934597367859	3.033040000000028	epochs	0.0
1288.8934597367859	0.5	epochs	1.0
1288.893476136786	0.5	epochs	-1.0
1289.3934597367859	2.533040000000028	epochs	1.0
1290.926399736786	1.000099999999975	epochs	-1.0
1290.926399736786	0.039559999999937645	epochs	-1.0
1291.423896036786	0.5	epochs	-1.0
1291.926499736786	16.466940000000022	epochs	0.0
1292.623999595642	0.06745999999998276	epochs	0.0
1292.623999595642	0.02873120000003837	epochs	1.0
1292.6527307956421	0.009997599999906015	epochs	1.0
1292.662728395642	0.02873120000003837	epochs	1.0
1292.691459595642	3.0732600000001185	epochs	0.0
1292.691459595642	0.5	epochs	1.0
1292.6914759956421	0.5	epochs	-1.0
1293.191459595642	2.5732600000001185	epochs	1.0
1294.764399595642	1.0003200000001016	epochs	-1.0
1294.764399595642	0.03968000000008942	epochs	-1.0
1295.261895895642	0.5	epochs	-1.0
1295.7647195956422	16.426719999999932	epochs	0.0
1321.936999797821	0.06744000000003325	epochs	0.0
1321.936999797821	0.0287226999998893	epochs	1.0
1321.965722497821	0.009994600000027276	epochs	1.0
1321.975717097821	0.028722700000116674	epochs	1.0
1322.004439797821	2.0	epochs	0.0
1324.004439797821	5.372479999999996	epochs	0.0
1324.004439797821	1.0	epochs	1.0
1324.004476197821	0.5	epochs	-1.0
1324.504476197821	4.872443599999997	epochs	-1.0
1325.004439797821	4.372479999999996	epochs	1.0
1325.004439797821	4.356753900000058	epochs	-1.0
1325.004439797821	1.9745871999998599	epochs	2.0
1325.004439797821	1.0985622000000603	epochs	3.0
1326.1030019978211	0.8760249999997995	epochs	3.0
1326.979026997821	1.3524075000000266	epochs	2.0
1326.979026997821	0.7286355000001095	epochs	3.0
1327.707662497821	0.6237719999999172	epochs	3.0
1328.331434497821	1.0297592000001714	epochs	2.0
1328.331434497821	0.5453293000000485	epochs	3.0
1328.876763797821	0.48442990000012287	epochs	3.0
1329.3611936978211	0.015726099999938015	epochs	2.0
1329.3611936978211	0.015726099999938015	epochs	3.0
1329.376919797821	16.62743999999998	epochs	0.0
1330.3049998283386	0.06744000000003325	epochs	0.0
1330.3049998283386	0.0287226999998893	epochs	1.0
1330.3337225283385	0.009994600000027276	epochs	1.0
1330.3437171283385	0.028722700000116674	epochs	1.0
1330.3724398283387	2.0	epochs	0.0
1332.3724398283387	21.532320000000027	epochs	0.0
1332.3724398283387	1.0	epochs	1.0
1332.3724762283387	0.5	epochs	-1.0
1332.8724762283387	19.997920000000022	epochs	-1.0
1333.3724398283387	20.0	epochs	1.0
1333.3724398283387	4.356753900000058	epochs	-1.0
1333.3724398283387	1.9745871999998599	epochs	2.0
1333.3724398283387	1.0985622000000603	epochs	3.0
1334.4710020283387	0.8760249999997995	epochs	3.0
1335.3470270283385	1.3524075000000266	epochs	2.0
1335.3470270283385	0.7286355000001095	epochs	3.0
1336.0756625283386	0.6237719999999172	epochs	3.0
1336.6994345283385	1.0297592000001714	epochs	2.0
1336.6994345283385	0.5453293000000485	epochs	3.0
1337.2447638283386	0.48442990000012287	epochs	3.0
1337.7291937283387	0.8317861999998968	epochs	2.0
1337.7291937283387	0.4357762999998158	epochs	3.0
1338.1649700283385	0.39600990000008096	epochs	3.0
1338.5609799283386	0.6977970000000369	epochs	2.0
1338.5609799283386	0.3628982000000178	epochs	3.0
1338.9238781283386	0.33489880000001904	epochs	3.0
1339.2587769283386	0.601045699999986	epochs	2.0
1339.2587769283386	0.3109122999999272	epochs	3.0
1339.5696892283386	0.2901334000000588	epochs	3.0
1339.8598226283386	0.5278859000000011	epochs	2.0
1339.8598226283386	0.2719586000000618	epochs	3.0
1340.1317812283387	0.25592729999993935	epochs	3.0
1340.3877085283386	0.470619299999953	epochs	2.0
1340.3877085283386	0.241681299999982	epochs	3.0
1340.6293898283386	0.228937999999971	epochs	3.0
1340.8583278283386	0.42457039999999324	epochs	2.0
1340.8583278283386	0.21747140000002219	epochs	3.0
1341.0757992283386	0.20709899999997106	epochs	3.0
1341.2828982283386	0.3867354000001342	epochs	2.0
1341.2828982283386	0.19767109999997956	epochs	3.0
1341.4805693283386	0.18906430000015462	epochs	3.0
1341.6696336283387	0.35509529999990264	epochs	2.0
1341.6696336283387	0.18117589999997108	epochs	3.0
1341.8508095283387	0.17391939999993156	epochs	3.0
1342.0247289283386	0.3282431000000088	epochs	2.0
1342.0247289283386	0.16722189999995862	epochs	3.0
1342.1919508283386	0.16102120000005016	epochs	3.0
1342.3529720283386	0.30516800000009425	epochs	2.0
1342.3529720283386	0.15526389999990897	epochs	3.0
1342.5082359283385	0.14990410000018528	epochs	3.0
1342.6581400283387	0.28512529999989056	epochs	2.0
1342.6581400283387	0.14490209999985382	epochs	3.0
1342.8030421283386	0.14022320000003674	epochs	3.0
1342.9432653283386	0.267553800000087	epochs	2.0
1342.9432653283386	0.1358368999999584	epochs	3.0
1343.0791022283386	0.1317169000001286	epochs	3.0
1343.2108191283387	0.252022899999929	epochs	2.0
1343.2108191283387	0.1278393000000051	epochs	3.0
1343.3386584283387	0.1241835999999239	epochs	3.0
1343.4628420283386	0.23819649999995818	epochs	2.0
1343.4628420283386	0.12073110000005727	epochs	3.0
1343.5835731283387	0.11746539999990091	epochs	3.0
1343.7010385283386	0.2258088000000953	epochs	2.0
1343.7010385283386	0.1143718999999237	epochs	3.0
1343.8154104283385	0.11143690000017159	epochs	3.0
1343.9268473283387	0.21464599999990241	epochs	2.0
1343.9268473283387	0.10864889999993466	epochs	3.0
1344.0354962283386	0.10599709999996776	epochs	3.0
1344.1414933283386	0.20453500000007807	epochs	2.0
1344.1414933283386	0.10347150000006877	epochs	3.0
1344.2449648283387	0.1010635000000093	epochs	3.0
1344.3460283283387	0.19533400000000256	epochs	2.0
1344.3460283283387	0.09876510000003691	epochs	3.0
1344.4447934283387	0.09656889999996565	epochs	3.0
1344.5413623283387	0.18692529999998442	epochs	2.0
1344.5413623283387	0.09446830000001682	epochs	3.0
1344.6358306283387	0.09245699999996759	epochs	3.0
1344.7282876283386	0.17921069999988504	epochs	2.0
1344.7282876283386	0.0905296000000817	epochs	3.0
1344.8188172283387	0.08868109999980334	epochs	3.0
1344.9074983283385	0.17210770000019693	epochs	2.0
1344.9074983283385	0.08690630000000965	epochs	3.0
1344.9944046283385	0.08520140000018728	epochs	3.0
1345.0796060283387	0.1655463999998119	epochs	2.0
1345.0796060283387	0.08356189999994967	epochs	3.0
1345.1631679283387	0.08198449999986224	epochs	3.0
1345.2451524283385	0.15946710000002895	epochs	2.0
1345.2451524283385	0.08046540000009372	epochs	3.0
1345.3256178283386	0.07900169999993523	epochs	3.0
1345.4046195283386	0.15381840000009106	epochs	2.0
1345.4046195283386	0.07759009999995214	epochs	3.0
1345.4822096283385	0.07622830000013892	epochs	3.0
1345.5584379283387	0.14855639999996129	epochs	2.0
1345.5584379283387	0.07491329999993468	epochs	3.0
1345.6333512283386	0.0736431000000266	epochs	3.0
1345.7069943283386	0.14364240000008976	epochs	2.0
1345.7069943283386	0.07241500000009182	epochs	3.0
1345.7794093283387	0.07122739999999794	epochs	3.0
1345.8506367283387	0.13904309999998077	epochs	2.0
1345.8506367283387	0.07007799999996678	epochs	3.0
1345.9207147283387	0.06896510000001399	epochs	3.0
1345.9896798283387	0.13472929999988992	epochs	2.0
1345.9896798283387	0.0678871000000072	epochs	3.0
1346.0575669283387	0.06684219999988272	epochs	3.0
1346.1244091283386	0.1306752000000415	epochs	2.0
1346.1244091283386	0.06582909999997355	epochs	3.0
1346.1902382283386	0.06484610000006796	epochs	3.0
1346.2550843283386	0.1268577999999252	epochs	2.0
1346.2550843283386	0.06389199999989614	epochs	3.0
1346.3189763283385	0.06296580000002905	epochs	3.0
1346.3819421283386	0.12325720000012552	epochs	2.0
1346.3819421283386	0.06206580000002759	epochs	3.0
1346.4440079283386	0.06119140000009793	epochs	3.0
1346.5051993283387	0.11985540000000583	epochs	2.0
1346.5051993283387	0.060341099999959624	epochs	3.0
1346.5655404283386	0.059514300000046205	epochs	3.0
1346.6250547283387	0.1166361999999026	epochs	2.0
1346.6250547283387	0.058709599999929196	epochs	3.0
1346.6837643283386	0.057926599999973405	epochs	3.0
1346.7416909283386	0.11358560000007856	epochs	2.0
1346.7416909283386	0.05716419999998834	epochs	3.0
1346.7988551283386	0.056421400000090216	epochs	3.0
1346.8552765283387	0.11069049999991876	epochs	2.0
1346.8552765283387	0.055697900000041045	epochs	3.0
1346.9109744283387	0.05499259999987771	epochs	3.0
1346.9659670283386	0.1079391000000669	epochs	2.0
1346.9659670283386	0.05430490000003374	epochs	3.0
1347.0202719283386	0.05363420000003316	epochs	3.0
1347.0739061283386	0.10532149999994544	epochs	2.0
1347.0739061283386	0.05297999999993408	epochs	3.0
1347.1268861283386	0.052341500000011365	epochs	3.0
1347.1792276283386	0.10282759999995505	epochs	2.0
1347.1792276283386	0.05171810000001642	epochs	3.0
1347.2309457283386	0.051109499999938635	epochs	3.0
1347.2820552283385	0.10044910000010532	epochs	2.0
1347.2820552283385	0.050514900000052876	epochs	3.0
1347.3325701283386	0.04993420000005244	epochs	3.0
1347.3825043283387	0.0981782999999723	epochs	2.0
1347.3825043283387	0.04936659999998483	epochs	3.0
1347.4318709283386	0.04881169999998747	epochs	3.0
1347.4806826283386	0.09600780000005216	epochs	2.0
1347.4806826283386	0.04826920000004975	epochs	3.0
1347.5289518283387	0.04773860000000241	epochs	3.0
1347.5766904283387	0.09393120000004274	epochs	2.0
1347.5766904283387	0.04721949999998287	epochs	3.0
1347.6239099283387	0.046711700000059864	epochs	3.0
1347.6706216283387	0.09194259999981114	epochs	2.0
1347.6706216283387	0.046214599999984785	epochs	3.0
1347.7168362283387	0.04572799999982635	epochs	3.0
1347.7625642283385	0.09003630000006524	epochs	2.0
1347.7625642283385	0.04525150000017675	epochs	3.0
1347.8078157283387	0.04478479999988849	epochs	3.0
1347.8526005283386	0.08820760000003247	epochs	2.0
1347.8526005283386	0.044327800000019124	epochs	3.0
1347.8969283283386	0.04387980000001335	epochs	3.0
1347.9408081283386	0.0864516999999978	epochs	2.0
1347.9408081283386	0.04344100000002982	epochs	3.0
1347.9842491283387	0.04301069999996798	epochs	3.0
1348.0272598283386	0.08476429999996071	epochs	2.0
1348.0272598283386	0.04258899999990717	epochs	3.0
1348.0698488283385	0.04217530000005354	epochs	3.0
1348.1120241283386	0.08314150000001064	epochs	2.0
1348.1120241283386	0.04176970000003166	epochs	3.0
1348.1537938283386	0.041371799999978975	epochs	3.0
1348.1951656283386	0.08157970000002024	epochs	2.0
1348.1951656283386	0.040981399999964196	epochs	3.0
1348.2361470283386	0.04059830000005604	epochs	3.0
1348.2767453283386	0.08007550000002084	epochs	2.0
1348.2767453283386	0.040222300000095856	epochs	3.0
1348.3169676283387	0.03985319999992498	epochs	3.0
1348.3568208283386	0.07862569999997504	epochs	2.0
1348.3568208283386	0.039490800000066884	epochs	3.0
1348.3963116283387	0.03913489999990816	epochs	3.0
1348.4354465283386	0.07722760000001472	epochs	2.0
1348.4354465283386	0.038785400000051595	epochs	3.0
1348.4742319283387	0.03844219999996312	epochs	3.0
1348.5126741283386	0.07587820000003376	epochs	2.0
1348.5126741283386	0.03810479999992822	epochs	3.0
1348.5507789283386	0.03777340000010554	epochs	3.0
1348.5885523283387	0.0745752000000266	epochs	2.0
1348.5885523283387	0.03744770000002973	epochs	3.0
1348.6260000283387	0.03712749999999687	epochs	3.0
1348.6631275283387	0.07331629999998768	epochs	2.0
1348.6631275283387	0.03681289999985893	epochs	3.0
1348.6999404283386	0.03650340000012875	epochs	3.0
1348.7364438283387	0.07209899999998015	epochs	2.0
1348.7364438283387	0.03619909999997617	epochs	3.0
1348.7726429283387	0.03589990000000398	epochs	3.0
1348.8085428283387	0.07092169999987163	epochs	2.0
1348.8085428283387	0.03560560000005353	epochs	3.0
1348.8441484283387	0.03531609999981811	epochs	3.0
1348.8794645283385	0.06978200000003199	epochs	2.0
1348.8794645283385	0.03503120000004856	epochs	3.0
1348.9144957283386	0.03475079999998343	epochs	3.0
1348.9492465283386	0.06867860000011206	epochs	2.0
1348.9492465283386	0.03447510000000875	epochs	3.0
1348.9837216283386	0.034203500000103304	epochs	3.0
1349.0179251283387	0.06760929999995824	epochs	2.0
1349.0179251283387	0.033936199999970995	epochs	3.0
1349.0518613283386	0.033673099999987244	epochs	3.0
1349.0855344283386	0.06657289999998284	epochs	2.0
1349.0855344283386	0.03341399999999339	epochs	3.0
1349.1189484283386	0.033158899999989444	epochs	3.0
1349.1521073283386	0.06556780000005347	epochs	2.0
1349.1521073283386	0.03290769999989607	epochs	3.0
1349.1850150283385	0.0326601000001574	epochs	3.0
1349.2176751283387	0.06459259999996902	epochs	2.0
1349.2176751283387	0.03241639999987456	epochs	3.0
1349.2500915283385	0.03217620000009447	epochs	3.0
1349.2822677283386	0.06364600000006249	epochs	2.0
1349.2822677283386	0.03193959999998697	epochs	3.0
1349.3142073283386	0.03170640000007552	epochs	3.0
1349.3459137283387	0.0627266999999847	epochs	2.0
1349.3459137283387	0.031476599999905375	epochs	3.0
1349.3773903283386	0.03125010000007933	epochs	3.0
1349.4086404283387	0.06183359999999993	epochs	2.0
1349.4086404283387	0.03102689999991526	epochs	3.0
1349.4396673283386	0.030806700000084675	epochs	3.0
1349.4704740283387	0.060965599999917686	epochs	2.0
1349.4704740283387	0.030589799999916067	epochs	3.0
1349.5010638283386	0.030375800000001618	epochs	3.0
1349.5314396283386	0.06012160000000222	epochs	2.0
1349.5314396283386	0.030164900000045236	epochs	3.0
1349.5616045283386	0.02995669999995698	epochs	3.0
1349.5915612283386	0.05930069999999432	epochs	2.0
1349.5915612283386	0.029751600000054168	epochs	3.0
1349.6213128283387	0.029549099999940154	epochs	3.0
1349.6508619283386	0.05850179999993088	epochs	2.0
1349.6508619283386	0.02934940000000097	epochs	3.0
1349.6802113283386	0.029152399999929912	epochs	3.0
1349.7093637283385	0.05772420000016609	epochs	2.0
1349.7093637283385	0.028958000000102402	epochs	3.0
1349.7383217283386	0.02876620000006369	epochs	3.0
1349.7670879283387	0.056967099999837956	epochs	2.0
1349.7670879283387	0.028577000000041153	epochs	3.0
1349.7956649283387	0.028390099999796803	epochs	3.0
1349.8240550283385	0.05622950000019955	epochs	2.0
1349.8240550283385	0.02820570000017142	epochs	3.0
1349.8522607283387	0.028023800000028132	epochs	3.0
1349.8802845283387	0.055510699999786084	epochs	2.0
1349.8802845283387	0.027843999999959124	epochs	3.0
1349.9081285283387	0.02766669999982696	epochs	3.0
1349.9357952283385	0.054810200000019904	epochs	2.0
1349.9357952283385	0.02749149999999645	epochs	3.0
1349.9632867283385	0.027318700000023455	epochs	3.0
1349.9906054283385	0.05412700000010773	epochs	2.0
1349.9906054283385	0.027147800000193456	epochs	3.0
1350.0177532283387	0.026979199999914272	epochs	3.0
1350.0447324283386	0.053460699999959616	epochs	2.0
1350.0447324283386	0.026812600000084785	epochs	3.0
1350.0715450283387	0.02664809999987483	epochs	3.0
1350.0981931283386	0.05281070000000909	epochs	2.0
1350.0981931283386	0.026485600000114573	epochs	3.0
1350.1246787283387	0.02632509999989452	epochs	3.0
1350.1510038283386	0.05217620000007628	epochs	2.0
1350.1510038283386	0.026166399999965506	epochs	3.0
1350.1771702283386	0.026009800000110772	epochs	3.0
1350.2031800283387	0.051556699999991906	epochs	2.0
1350.2031800283387	0.025854799999933675	epochs	3.0
1350.2290348283386	0.02570190000005823	epochs	3.0
1350.2547367283387	0.05095189999997274	epochs	2.0
1350.2547367283387	0.025550699999939752	epochs	3.0
1350.2802874283386	0.025401200000032986	epochs	3.0
1350.3056886283387	0.05036100000006627	epochs	2.0
1350.3056886283387	0.025253499999962514	epochs	3.0
1350.3309421283386	0.025107500000103755	epochs	3.0
1350.3560496283387	0.04978379999988647	epochs	2.0
1350.3560496283387	0.02496320000000196	epochs	3.0
1350.3810128283387	0.024820599999884507	epochs	3.0
1350.4058334283386	0.04921949999993558	epochs	2.0
1350.4058334283386	0.024679399999968155	epochs	3.0
1350.4305128283386	0.024540099999967424	epochs	3.0
1350.4550529283385	0.04866790000005494	epochs	2.0
1350.4550529283385	0.024402100000088467	epochs	3.0
1350.4794550283386	0.024265799999966475	epochs	3.0
1350.5037208283386	0.048128599999927246	epochs	2.0
1350.5037208283386	0.024131000000124914	epochs	3.0
1350.5278518283387	0.023997599999802333	epochs	3.0
1350.5518494283385	0.047601100000065344	epochs	2.0
1350.5518494283385	0.023865800000066884	epochs	3.0
1350.5757152283386	0.02373529999999846	epochs	3.0
1350.5994505283386	0.04708499999992455	epochs	2.0
1350.5994505283386	0.023606299999983094	epochs	3.0
1350.6230568283386	0.023478699999941455	epochs	3.0
1350.6465355283385	0.04658000000017637	epochs	2.0
1350.6465355283385	0.023352500000100918	epochs	3.0
1350.6698880283386	0.02322750000007545	epochs	3.0
1350.6931155283387	0.04608569999982137	epochs	2.0
1350.6931155283387	0.02310399999987567	epochs	3.0
1350.7162195283386	0.022981699999945704	epochs	3.0
1350.7392012283385	0.04560180000021319	epochs	2.0
1350.7392012283385	0.022860700000137513	epochs	3.0
1350.7620619283387	0.022741100000075676	epochs	3.0
1350.7848030283387	0.045127899999897636	epochs	2.0
1350.7848030283387	0.022622499999897627	epochs	3.0
1350.8074255283386	0.02250540000000001	epochs	3.0
1350.8299309283386	0.0446638000000803	epochs	2.0
1350.8299309283386	0.02238929999998618	epochs	3.0
1350.8523202283386	0.022274500000094122	epochs	3.0
1350.8745947283387	0.044209199999841076	epochs	2.0
1350.8745947283387	0.022160799999937808	epochs	3.0
1350.8967555283386	0.022048399999903268	epochs	3.0
1350.9188039283385	0.04376360000014756	epochs	2.0
1350.9188039283385	0.021936900000127935	epochs	3.0
1350.9407408283387	0.021826700000019628	epochs	3.0
1350.9625675283387	0.04332709999994222	epochs	2.0
1350.9625675283387	0.021717599999874437	epochs	3.0
1350.9842851283386	0.021609500000067783	epochs	3.0
1351.0058946283386	0.04289900000003399	epochs	2.0
1351.0058946283386	0.02150249999999687	epochs	3.0
1351.0273971283386	0.021396500000037122	epochs	3.0
1351.0487936283387	0.04247949999989942	epochs	2.0
1351.0487936283387	0.021291699999892444	epochs	3.0
1351.0700853283386	0.021187800000006973	epochs	3.0
1351.0912731283386	0.04206790000012006	epochs	2.0
1351.0912731283386	0.02108490000000529	epochs	3.0
1351.1123580283386	0.02098300000011477	epochs	3.0
1351.1333410283387	0.04166439999994509	epochs	2.0
1351.1333410283387	0.020882199999959994	epochs	3.0
1351.1542232283387	0.020782199999985096	epochs	3.0
1351.1750054283386	0.041268499999887354	epochs	2.0
1351.1750054283386	0.020683299999973315	epochs	3.0
1351.1956887283386	0.02058519999991404	epochs	3.0
1351.2162739283385	0.04088000000001557	epochs	2.0
1351.2162739283385	0.0204881000001933	epochs	3.0
1351.2367620283387	0.02039189999982227	epochs	3.0
1351.2571539283385	0.04049880000002304	epochs	2.0
1351.2571539283385	0.0202966000001652	epochs	3.0
1351.2774505283387	0.02020219999985784	epochs	3.0
1351.2976527283386	0.04012460000012652	epochs	2.0
1351.2976527283386	0.02010870000003706	epochs	3.0
1351.3177614283386	0.02001590000008946	epochs	3.0
1351.3377773283387	0.03975730000001931	epochs	2.0
1351.3377773283387	0.0199241999998776	epochs	3.0
1351.3577015283386	0.019833100000141712	epochs	3.0
1351.3775346283387	0.03939669999999751	epochs	2.0
1351.3775346283387	0.019742999999834865	epochs	3.0
1351.3972776283385	0.019653700000162644	epochs	3.0
1351.4169313283387	0.03904239999997117	epochs	2.0
1351.4169313283387	0.019565099999908853	epochs	3.0
1351.4364964283386	0.019477300000062314	epochs	3.0
1351.4559737283387	0.03869459999987157	epochs	2.0
1351.4559737283387	0.019390400000020236	epochs	3.0
1351.4753641283387	0.019304199999851335	epochs	3.0
1351.4946683283385	0.03835290000006353	epochs	2.0
1351.4946683283385	0.019218800000089686	epochs	3.0
1351.5138871283386	0.01913409999997384	epochs	3.0
1351.5330212283386	0.03801720000001296	epochs	2.0
1351.5330212283386	0.019050200000037876	epochs	3.0
1351.5520714283386	0.018966999999975087	epochs	3.0
1351.5710384283386	0.03768719999993664	epochs	2.0
1351.5710384283386	0.01888450000001285	epochs	3.0
1351.5899229283386	0.01880269999992379	epochs	3.0
1351.6087256283386	0.03736309999999321	epochs	2.0
1351.6087256283386	0.018721700000014607	epochs	3.0
1351.6274473283386	0.018641399999978603	epochs	3.0
1351.6460887283386	0.037044300000161456	epochs	2.0
1351.6460887283386	0.018561600000111866	epochs	3.0
1351.6646503283387	0.01848270000004959	epochs	3.0
1351.6831330283387	0.03673099999991791	epochs	2.0
1351.6831330283387	0.018404299999929208	epochs	3.0
1351.7015373283386	0.018326699999988705	epochs	3.0
1351.7198640283386	0.03642289999993409	epochs	2.0
1351.7198640283386	0.018249599999990096	epochs	3.0
1351.7381136283386	0.018173299999943993	epochs	3.0
1351.7562869283386	0.03612010000006194	epochs	2.0
1351.7562869283386	0.018097600000146485	epochs	3.0
1351.7743845283387	0.018022499999915453	epochs	3.0
1351.7924070283386	0.03582209999990482	epochs	2.0
1351.7924070283386	0.017947900000081063	epochs	3.0
1351.8103549283387	0.01787419999982376	epochs	3.0
1351.8282291283385	0.03552899999999681	epochs	2.0
1351.8282291283385	0.017800800000031813	epochs	3.0
1351.8460299283386	0.017728199999965	epochs	3.0
1351.8637581283385	0.03524070000003121	epochs	2.0
1351.8637581283385	0.017656100000067454	epochs	3.0
1351.8814142283386	0.017584599999963757	epochs	3.0
1351.8989988283386	0.03495710000015606	epochs	2.0
1351.8989988283386	0.017513700000108656	epochs	3.0
1351.9165125283387	0.017443400000047404	epochs	3.0
1351.9339559283387	0.034677899999906	epochs	2.0
1351.9339559283387	0.017373599999928047	epochs	3.0
1351.9513295283386	0.017304299999977957	epochs	3.0
1351.9686338283386	0.03440329999989444	epochs	2.0
1351.9686338283386	0.017235699999901044	epochs	3.0
1351.9858695283385	0.0171675999999934	epochs	3.0
1352.0030371283385	0.034132800000179486	epochs	2.0
1352.0030371283385	0.017099900000175694	epochs	3.0
1352.0201370283387	0.017032900000003792	epochs	3.0
1352.0371699283387	0.03386669999986225	epochs	2.0
1352.0371699283387	0.01696640000000116	epochs	3.0
1352.0541363283387	0.01690029999986109	epochs	3.0
1352.0710366283386	0.03360459999998966	epochs	2.0
1352.0710366283386	0.01683479999996962	epochs	3.0
1352.0878714283385	0.01676980000002004	epochs	3.0
1352.1046412283386	0.0333466000001863	epochs	2.0
1352.1046412283386	0.016705300000012357	epochs	3.0
1352.1213465283386	0.016641300000173942	epochs	3.0
1352.1379878283387	0.033092499999838765	epochs	2.0
1352.1379878283387	0.016577799999822673	epochs	3.0
1352.1545656283386	0.01651470000001609	epochs	3.0
1352.1710803283386	0.032842300000083924	epochs	2.0
1352.1710803283386	0.01645220000000336	epochs	3.0
1352.1875325283386	0.016390100000080565	epochs	3.0
1352.2039226283387	0.03259570000000167	epochs	2.0
1352.2039226283387	0.016328400000020338	epochs	3.0
1352.2202510283387	0.016267299999981333	epochs	3.0
1352.2365183283387	0.032352899999978035	epochs	2.0
1352.2365183283387	0.016206600000032267	epochs	3.0
1352.2527249283387	0.016146299999945768	epochs	3.0
1352.2688712283386	0.032113700000081735	epochs	2.0
1352.2688712283386	0.01608659999988049	epochs	3.0
1352.2849578283385	0.016027100000201244	epochs	3.0
1352.3009849283387	0.03187800000000607	epochs	2.0
1352.3009849283387	0.0159681999998611	epochs	3.0
1352.3169531283386	0.01590980000014497	epochs	3.0
1352.3328629283387	0.03164569999989908	epochs	2.0
1352.3328629283387	0.015851599999905375	epochs	3.0
1352.3487145283386	0.015794099999993705	epochs	3.0
1352.3645086283386	0.031416699999908815	epochs	2.0
1352.3645086283386	0.01573669999993399	epochs	3.0
1352.3802453283386	0.015679999999974825	epochs	3.0
1352.3959253283385	0.031191100000114602	epochs	2.0
1352.3959253283385	0.015623600000026272	epochs	3.0
1352.4115489283386	0.01556750000008833	epochs	3.0
1352.4271164283386	0.030968699999903038	epochs	2.0
1352.4271164283386	0.015511999999944237	epochs	3.0
1352.4426284283386	0.0154566999999588	epochs	3.0
1352.4580851283386	0.030749500000183616	epochs	2.0
1352.4580851283386	0.015401999999994587	epochs	3.0
1352.4734871283385	0.01534750000018903	epochs	3.0
1352.4888346283387	0.030533199999808858	epochs	2.0
1352.4888346283387	0.01529339999979129	epochs	3.0
1352.5041280283385	0.015239800000017567	epochs	3.0
1352.5193678283385	0.030320100000153616	epochs	2.0
1352.5193678283385	0.015186500000027081	epochs	3.0
1352.5345543283386	0.015133600000126535	epochs	3.0
1352.5496879283387	0.030109899999843037	epochs	2.0
1352.5496879283387	0.015081000000009226	epochs	3.0
1352.5647689283387	0.015028899999833811	epochs	3.0
1352.5797978283385	0.029902500000162036	epochs	2.0
1352.5797978283385	0.014977000000044427	epochs	3.0
1352.5947748283386	0.014925500000117609	epochs	3.0
1352.6097003283387	0.029698099999905025	epochs	2.0
1352.6097003283387	0.014874399999825982	epochs	3.0
1352.6245747283385	0.014823700000079043	epochs	3.0
1352.6393984283386	0.029496300000118936	epochs	2.0
1352.6393984283386	0.014773200000036013	epochs	3.0
1352.6541716283386	0.014723100000082923	epochs	3.0
1352.6688947283387	0.029297399999904883	epochs	2.0
1352.6688947283387	0.014673399999992398	epochs	3.0
1352.6835681283387	0.014623999999912485	epochs	3.0
1352.6981921283386	0.029101099999934377	epochs	2.0
1352.6981921283386	0.014574900000070556	epochs	3.0
1352.7127670283387	0.01452619999986382	epochs	3.0
1352.7272932283386	0.028907399999980044	epochs	2.0
1352.7272932283386	0.014477700000043114	epochs	3.0
1352.7417709283386	0.014429699999936929	epochs	3.0
1352.7562006283385	0.02871620000018993	epochs	2.0
1352.7562006283385	0.014381800000137446	epochs	3.0
1352.7705824283387	0.014334400000052483	epochs	3.0
1352.7849168283387	0.02852759999996124	epochs	2.0
1352.7849168283387	0.014287199999898803	epochs	3.0
1352.7992040283386	0.014240400000062436	epochs	3.0
1352.8134444283387	0.02834139999981744	epochs	2.0
1352.8134444283387	0.014193799999929979	epochs	3.0
1352.8276382283386	0.014147599999887461	epochs	3.0
1352.8417858283385	0.028157700000065233	epochs	2.0
1352.8417858283385	0.014101700000082928	epochs	3.0
1352.8558875283386	0.014055999999982305	epochs	3.0
1352.8699435283386	0.027976300000091214	epochs	2.0
1352.8699435283386	0.014010600000119666	epochs	3.0
1352.8839541283387	0.013965699999971548	epochs	3.0
1352.8979198283387	0.027797199999895383	epochs	2.0
1352.8979198283387	0.013920800000050804	epochs	3.0
1352.9118406283387	0.01387639999984458	epochs	3.0
1352.9257170283386	0.02762040000015986	epochs	2.0
1352.9257170283386	0.013832200000024386	epochs	3.0
1352.9395492283386	0.013788200000135475	epochs	3.0
1352.9533374283387	0.027445899999975154	epochs	2.0
1352.9533374283387	0.013744599999881757	epochs	3.0
1352.9670820283386	0.013701300000093397	epochs	3.0
1352.9807833283387	0.027273499999864725	epochs	2.0
1352.9807833283387	0.013658200000008947	epochs	3.0
1352.9944415283387	0.013615299999855779	epochs	3.0
1353.0080568283386	0.027103399999987232	epochs	2.0
1353.0080568283386	0.013572800000019924	epochs	3.0
1353.0216296283386	0.013530599999967308	epochs	3.0
1353.0351602283386	0.02693520000002536	epochs	2.0
1353.0351602283386	0.013488400000142065	epochs	3.0
1353.0486486283387	0.013446799999883297	epochs	3.0
1353.0620954283386	0.026769199999989723	epochs	2.0
1353.0620954283386	0.013405200000079276	epochs	3.0
1353.0755006283387	0.013363999999910448	epochs	3.0
1353.0888646283386	0.026605199999949036	epochs	2.0
1353.0888646283386	0.013322900000048321	epochs	3.0
1353.1021875283386	0.013282299999900715	epochs	3.0
1353.1154698283385	0.026443200000130673	epochs	2.0
1353.1154698283385	0.013241700000207857	epochs	3.0
1353.1287115283387	0.013201499999922817	epochs	3.0
1353.1419130283386	0.026283200000079887	epochs	2.0
1353.1419130283386	0.013161500000023807	epochs	3.0
1353.1550745283387	0.01312170000005608	epochs	3.0
1353.1681962283387	0.026124999999865395	epochs	2.0
1353.1681962283387	0.013082099999792263	epochs	3.0
1353.1812783283385	0.013042900000073132	epochs	3.0
1353.1943212283386	0.025968899999952555	epochs	2.0
1353.1943212283386	0.01300390000005791	epochs	3.0
1353.2073251283387	0.012964999999894644	epochs	3.0
1353.2202901283385	0.025814500000024054	epochs	2.0
1353.2202901283385	0.012926399999969362	epochs	3.0
1353.2332165283385	0.012888100000054692	epochs	3.0
1353.2461046283386	0.02566190000015922	epochs	2.0
1353.2461046283386	0.012849899999991976	epochs	3.0
1353.2589545283386	0.012812000000167245	epochs	3.0
1353.2717665283387	0.025511199999982637	epochs	2.0
1353.2717665283387	0.012774399999898378	epochs	3.0
1353.2845409283386	0.012736800000084258	epochs	3.0
1353.2972777283387	0.02536229999986972	epochs	2.0
1353.2972777283387	0.01269969999998466	epochs	3.0
1353.3099774283387	0.01266259999988506	epochs	3.0
1353.3226400283386	0.02521500000011656	epochs	2.0
1353.3226400283386	0.012625800000023446	epochs	3.0
1353.3352658283386	0.012589200000093115	epochs	3.0
1353.3478550283387	0.024584799999956886	epochs	2.0
1353.3703962283387	0.5	epochs	-1.0
1353.3724398283387	0.532320000000027	epochs	1.0
1353.9047598283387	0.4675999999999476	epochs	0.0
1354.8719997406006	0.06744000000003325	epochs	0.0
1354.8719997406006	0.0287226999998893	epochs	1.0
1354.9007224406005	0.009994600000027276	epochs	1.0
1354.9107170406005	0.028722700000116674	epochs	1.0
1354.9394397406006	2.0	epochs	0.0
1356.9394397406006	21.999919999999975	epochs	0.0
1356.9394397406006	1.0	epochs	1.0
1356.9394761406006	0.5	epochs	-1.0
1357.4394761406006	19.997920000000022	epochs	-1.0
1357.9394397406006	20.0	epochs	1.0
1357.9394397406006	4.356753900000058	epochs	-1.0
1357.9394397406006	1.9745871999998599	epochs	2.0
1357.9394397406006	1.0985622000000603	epochs	3.0
1359.0380019406007	0.8760249999997995	epochs	3.0
1359.9140269406005	1.3524075000000266	epochs	2.0
1359.9140269406005	0.7286355000001095	epochs	3.0
1360.6426624406006	0.6237719999999172	epochs	3.0
1361.2664344406005	1.0297592000001714	epochs	2.0
1361.2664344406005	0.5453293000000485	epochs	3.0
1361.8117637406006	0.48442990000012287	epochs	3.0
1362.2961936406007	0.8317861999998968	epochs	2.0
1362.2961936406007	0.4357762999998158	epochs	3.0
1362.7319699406005	0.39600990000008096	epochs	3.0
1363.1279798406006	0.6977970000000369	epochs	2.0
1363.1279798406006	0.3628982000000178	epochs	3.0
1363.4908780406006	0.33489880000001904	epochs	3.0
1363.8257768406006	0.601045699999986	epochs	2.0
1363.8257768406006	0.3109122999999272	epochs	3.0
1364.1366891406005	0.2901334000000588	epochs	3.0
1364.4268225406006	0.5278859000000011	epochs	2.0
1364.4268225406006	0.2719586000000618	epochs	3.0
1364.6987811406007	0.25592729999993935	epochs	3.0
1364.9547084406006	0.470619299999953	epochs	2.0
1364.9547084406006	0.241681299999982	epochs	3.0
1365.1963897406006	0.228937999999971	epochs	3.0
1365.4253277406006	0.42457039999999324	epochs	2.0
1365.4253277406006	0.21747140000002219	epochs	3.0
1365.6427991406006	0.20709899999997106	epochs	3.0
1365.8498981406005	0.3867354000001342	epochs	2.0
1365.8498981406005	0.19767109999997956	epochs	3.0
1366.0475692406005	0.18906430000015462	epochs	3.0
1366.2366335406007	0.35509529999990264	epochs	2.0
1366.2366335406007	0.18117589999997108	epochs	3.0
1366.4178094406006	0.17391939999993156	epochs	3.0
1366.5917288406006	0.3282431000000088	epochs	2.0
1366.5917288406006	0.16722189999995862	epochs	3.0
1366.7589507406005	0.16102120000005016	epochs	3.0
1366.9199719406006	0.30516800000009425	epochs	2.0
1366.9199719406006	0.15526389999990897	epochs	3.0
1367.0752358406005	0.14990410000018528	epochs	3.0
1367.2251399406007	0.28512529999989056	epochs	2.0
1367.2251399406007	0.14490209999985382	epochs	3.0
1367.3700420406005	0.14022320000003674	epochs	3.0
1367.5102652406006	0.267553800000087	epochs	2.0
1367.5102652406006	0.1358368999999584	epochs	3.0
1367.6461021406005	0.1317169000001286	epochs	3.0
1367.7778190406007	0.252022899999929	epochs	2.0
1367.7778190406007	0.1278393000000051	epochs	3.0
1367.9056583406007	0.1241835999999239	epochs	3.0
1368.0298419406006	0.23819649999995818	epochs	2.0
1368.0298419406006	0.12073110000005727	epochs	3.0
1368.1505730406006	0.11746539999990091	epochs	3.0
1368.2680384406005	0.2258088000000953	epochs	2.0
1368.2680384406005	0.1143718999999237	epochs	3.0
1368.3824103406005	0.11143690000017159	epochs	3.0
1368.4938472406006	0.21464599999990241	epochs	2.0
1368.4938472406006	0.10864889999993466	epochs	3.0
1368.6024961406006	0.10599709999996776	epochs	3.0
1368.7084932406005	0.20453500000007807	epochs	2.0
1368.7084932406005	0.10347150000006877	epochs	3.0
1368.8119647406006	0.1010635000000093	epochs	3.0
1368.9130282406006	0.19533400000000256	epochs	2.0
1368.9130282406006	0.09876510000003691	epochs	3.0
1369.0117933406007	0.09656889999996565	epochs	3.0
1369.1083622406006	0.18692529999998442	epochs	2.0
1369.1083622406006	0.09446830000001682	epochs	3.0
1369.2028305406006	0.09245699999996759	epochs	3.0
1369.2952875406006	0.17921069999988504	epochs	2.0
1369.2952875406006	0.0905296000000817	epochs	3.0
1369.3858171406007	0.08868109999980334	epochs	3.0
1369.4744982406005	0.17210770000019693	epochs	2.0
1369.4744982406005	0.08690630000000965	epochs	3.0
1369.5614045406005	0.08520140000018728	epochs	3.0
1369.6466059406007	0.1655463999998119	epochs	2.0
1369.6466059406007	0.08356189999994967	epochs	3.0
1369.7301678406006	0.08198449999986224	epochs	3.0
1369.8121523406005	0.15946710000002895	epochs	2.0
1369.8121523406005	0.08046540000009372	epochs	3.0
1369.8926177406006	0.07900169999993523	epochs	3.0
1369.9716194406005	0.15381840000009106	epochs	2.0
1369.9716194406005	0.07759009999995214	epochs	3.0
1370.0492095406005	0.07622830000013892	epochs	3.0
1370.1254378406006	0.14855639999996129	epochs	2.0
1370.1254378406006	0.07491329999993468	epochs	3.0
1370.2003511406006	0.0736431000000266	epochs	3.0
1370.2739942406006	0.14364240000008976	epochs	2.0
1370.2739942406006	0.07241500000009182	epochs	3.0
1370.3464092406007	0.07122739999999794	epochs	3.0
1370.4176366406007	0.13904309999998077	epochs	2.0
1370.4176366406007	0.07007799999996678	epochs	3.0
1370.4877146406006	0.06896510000001399	epochs	3.0
1370.5566797406007	0.13472929999988992	epochs	2.0
1370.5566797406007	0.0678871000000072	epochs	3.0
1370.6245668406007	0.06684219999988272	epochs	3.0
1370.6914090406005	0.1306752000000415	epochs	2.0
1370.6914090406005	0.06582909999997355	epochs	3.0
1370.7572381406005	0.06484610000006796	epochs	3.0
1370.8220842406006	0.1268577999999252	epochs	2.0
1370.8220842406006	0.06389199999989614	epochs	3.0
1370.8859762406005	0.06296580000002905	epochs	3.0
1370.9489420406005	0.12325720000012552	epochs	2.0
1370.9489420406005	0.06206580000002759	epochs	3.0
1371.0110078406005	0.06119140000009793	epochs	3.0
1371.0721992406006	0.11985540000000583	epochs	2.0
1371.0721992406006	0.060341099999959624	epochs	3.0
1371.1325403406006	0.059514300000046205	epochs	3.0
1371.1920546406006	0.1166361999999026	epochs	2.0
1371.1920546406006	0.058709599999929196	epochs	3.0
1371.2507642406006	0.057926599999973405	epochs	3.0
1371.3086908406005	0.11358560000007856	epochs	2.0
1371.3086908406005	0.05716419999998834	epochs	3.0
1371.3658550406005	0.056421400000090216	epochs	3.0
1371.4222764406006	0.11069049999991876	epochs	2.0
1371.4222764406006	0.055697900000041045	epochs	3.0
1371.4779743406007	0.05499259999987771	epochs	3.0
1371.5329669406005	0.1079391000000669	epochs	2.0
1371.5329669406005	0.05430490000003374	epochs	3.0
1371.5872718406006	0.05363420000003316	epochs	3.0
1371.6409060406006	0.10532149999994544	epochs	2.0
1371.6409060406006	0.05297999999993408	epochs	3.0
1371.6938860406005	0.052341500000011365	epochs	3.0
1371.7462275406006	0.10282759999995505	epochs	2.0
1371.7462275406006	0.05171810000001642	epochs	3.0
1371.7979456406006	0.051109499999938635	epochs	3.0
1371.8490551406005	0.10044910000010532	epochs	2.0
1371.8490551406005	0.050514900000052876	epochs	3.0
1371.8995700406006	0.04993420000005244	epochs	3.0
1371.9495042406006	0.0981782999999723	epochs	2.0
1371.9495042406006	0.04936659999998483	epochs	3.0
1371.9988708406006	0.04881169999998747	epochs	3.0
1372.0476825406006	0.09600780000005216	epochs	2.0
1372.0476825406006	0.04826920000004975	epochs	3.0
1372.0959517406006	0.04773860000000241	epochs	3.0
1372.1436903406006	0.09393120000004274	epochs	2.0
1372.1436903406006	0.04721949999998287	epochs	3.0
1372.1909098406006	0.046711700000059864	epochs	3.0
1372.2376215406007	0.09194259999981114	epochs	2.0
1372.2376215406007	0.046214599999984785	epochs	3.0
1372.2838361406007	0.04572799999982635	epochs	3.0
1372.3295641406005	0.09003630000006524	epochs	2.0
1372.3295641406005	0.04525150000017675	epochs	3.0
1372.3748156406007	0.04478479999988849	epochs	3.0
1372.4196004406006	0.08820760000003247	epochs	2.0
1372.4196004406006	0.044327800000019124	epochs	3.0
1372.4639282406006	0.04387980000001335	epochs	3.0
1372.5078080406006	0.0864516999999978	epochs	2.0
1372.5078080406006	0.04344100000002982	epochs	3.0
1372.5512490406006	0.04301069999996798	epochs	3.0
1372.5942597406006	0.08476429999996071	epochs	2.0
1372.5942597406006	0.04258899999990717	epochs	3.0
1372.6368487406005	0.04217530000005354	epochs	3.0
1372.6790240406006	0.08314150000001064	epochs	2.0
1372.6790240406006	0.04176970000003166	epochs	3.0
1372.7207937406006	0.041371799999978975	epochs	3.0
1372.7621655406006	0.08157970000002024	epochs	2.0
1372.7621655406006	0.040981399999964196	epochs	3.0
1372.8031469406005	0.04059830000005604	epochs	3.0
1372.8437452406006	0.08007550000002084	epochs	2.0
1372.8437452406006	0.040222300000095856	epochs	3.0
1372.8839675406007	0.03985319999992498	epochs	3.0
1372.9238207406006	0.07862569999997504	epochs	2.0
1372.9238207406006	0.039490800000066884	epochs	3.0
1372.9633115406007	0.03913489999990816	epochs	3.0
1373.0024464406006	0.07722760000001472	epochs	2.0
1373.0024464406006	0.038785400000051595	epochs	3.0
1373.0412318406006	0.03844219999996312	epochs	3.0
1373.0796740406006	0.07587820000003376	epochs	2.0
1373.0796740406006	0.03810479999992822	epochs	3.0
1373.1177788406005	0.03777340000010554	epochs	3.0
1373.1555522406006	0.0745752000000266	epochs	2.0
1373.1555522406006	0.03744770000002973	epochs	3.0
1373.1929999406007	0.03712749999999687	epochs	3.0
1373.2301274406007	0.07331629999998768	epochs	2.0
1373.2301274406007	0.03681289999985893	epochs	3.0
1373.2669403406005	0.03650340000012875	epochs	3.0
1373.3034437406006	0.07209899999998015	epochs	2.0
1373.3034437406006	0.03619909999997617	epochs	3.0
1373.3396428406006	0.03589990000000398	epochs	3.0
1373.3755427406006	0.07092169999987163	epochs	2.0
1373.3755427406006	0.03560560000005353	epochs	3.0
1373.4111483406007	0.03531609999981811	epochs	3.0
1373.4464644406005	0.06978200000003199	epochs	2.0
1373.4464644406005	0.03503120000004856	epochs	3.0
1373.4814956406005	0.03475079999998343	epochs	3.0
1373.5162464406005	0.06867860000011206	epochs	2.0
1373.5162464406005	0.03447510000000875	epochs	3.0
1373.5507215406005	0.034203500000103304	epochs	3.0
1373.5849250406006	0.06760929999995824	epochs	2.0
1373.5849250406006	0.033936199999970995	epochs	3.0
1373.6188612406006	0.033673099999987244	epochs	3.0
1373.6525343406006	0.06657289999998284	epochs	2.0
1373.6525343406006	0.03341399999999339	epochs	3.0
1373.6859483406006	0.033158899999989444	epochs	3.0
1373.7191072406006	0.06556780000005347	epochs	2.0
1373.7191072406006	0.03290769999989607	epochs	3.0
1373.7520149406005	0.0326601000001574	epochs	3.0
1373.7846750406006	0.06459259999996902	epochs	2.0
1373.7846750406006	0.03241639999987456	epochs	3.0
1373.8170914406005	0.03217620000009447	epochs	3.0
1373.8492676406006	0.06364600000006249	epochs	2.0
1373.8492676406006	0.03193959999998697	epochs	3.0
1373.8812072406006	0.03170640000007552	epochs	3.0
1373.9129136406007	0.0627266999999847	epochs	2.0
1373.9129136406007	0.031476599999905375	epochs	3.0
1373.9443902406006	0.03125010000007933	epochs	3.0
1373.9756403406006	0.06183359999999993	epochs	2.0
1373.9756403406006	0.03102689999991526	epochs	3.0
1374.0066672406006	0.030806700000084675	epochs	3.0
1374.0374739406006	0.060965599999917686	epochs	2.0
1374.0374739406006	0.030589799999916067	epochs	3.0
1374.0680637406006	0.030375800000001618	epochs	3.0
1374.0984395406006	0.06012160000000222	epochs	2.0
1374.0984395406006	0.030164900000045236	epochs	3.0
1374.1286044406006	0.02995669999995698	epochs	3.0
1374.1585611406006	0.05930069999999432	epochs	2.0
1374.1585611406006	0.029751600000054168	epochs	3.0
1374.1883127406006	0.029549099999940154	epochs	3.0
1374.2178618406006	0.05850179999993088	epochs	2.0
1374.2178618406006	0.02934940000000097	epochs	3.0
1374.2472112406006	0.029152399999929912	epochs	3.0
1374.2763636406005	0.05772420000016609	epochs	2.0
1374.2763636406005	0.028958000000102402	epochs	3.0
1374.3053216406006	0.02876620000006369	epochs	3.0
1374.3340878406007	0.056967099999837956	epochs	2.0
1374.3340878406007	0.028577000000041153	epochs	3.0
1374.3626648406007	0.028390099999796803	epochs	3.0
1374.3910549406005	0.05622950000019955	epochs	2.0
1374.3910549406005	0.02820570000017142	epochs	3.0
1374.4192606406007	0.028023800000028132	epochs	3.0
1374.4472844406007	0.055510699999786084	epochs	2.0
1374.4472844406007	0.027843999999959124	epochs	3.0
1374.4751284406007	0.02766669999982696	epochs	3.0
1374.5027951406005	0.054810200000019904	epochs	2.0
1374.5027951406005	0.02749149999999645	epochs	3.0
1374.5302866406005	0.027318700000023455	epochs	3.0
1374.5576053406005	0.05412700000010773	epochs	2.0
1374.5576053406005	0.027147800000193456	epochs	3.0
1374.5847531406007	0.026979199999914272	epochs	3.0
1374.6117323406006	0.053460699999959616	epochs	2.0
1374.6117323406006	0.026812600000084785	epochs	3.0
1374.6385449406007	0.02664809999987483	epochs	3.0
1374.6651930406006	0.05281070000000909	epochs	2.0
1374.6651930406006	0.026485600000114573	epochs	3.0
1374.6916786406007	0.02632509999989452	epochs	3.0
1374.7180037406006	0.05217620000007628	epochs	2.0
1374.7180037406006	0.026166399999965506	epochs	3.0
1374.7441701406005	0.026009800000110772	epochs	3.0
1374.7701799406007	0.051556699999991906	epochs	2.0
1374.7701799406007	0.025854799999933675	epochs	3.0
1374.7960347406006	0.02570190000005823	epochs	3.0
1374.8217366406006	0.05095189999997274	epochs	2.0
1374.8217366406006	0.025550699999939752	epochs	3.0
1374.8472873406006	0.025401200000032986	epochs	3.0
1374.8726885406006	0.05036100000006627	epochs	2.0
1374.8726885406006	0.025253499999962514	epochs	3.0
1374.8979420406006	0.025107500000103755	epochs	3.0
1374.9230495406007	0.04978379999988647	epochs	2.0
1374.9230495406007	0.02496320000000196	epochs	3.0
1374.9480127406007	0.024820599999884507	epochs	3.0
1374.9728333406006	0.04921949999993558	epochs	2.0
1374.9728333406006	0.024679399999968155	epochs	3.0
1374.9975127406005	0.024540099999967424	epochs	3.0
1375.0220528406005	0.04866790000005494	epochs	2.0
1375.0220528406005	0.024402100000088467	epochs	3.0
1375.0464549406006	0.024265799999966475	epochs	3.0
1375.0707207406006	0.048128599999927246	epochs	2.0
1375.0707207406006	0.024131000000124914	epochs	3.0
1375.0948517406007	0.023997599999802333	epochs	3.0
1375.1188493406005	0.047601100000065344	epochs	2.0
1375.1188493406005	0.023865800000066884	epochs	3.0
1375.1427151406006	0.02373529999999846	epochs	3.0
1375.1664504406006	0.04708499999992455	epochs	2.0
1375.1664504406006	0.023606299999983094	epochs	3.0
1375.1900567406005	0.023478699999941455	epochs	3.0
1375.2135354406005	0.04658000000017637	epochs	2.0
1375.2135354406005	0.023352500000100918	epochs	3.0
1375.2368879406006	0.02322750000007545	epochs	3.0
1375.2601154406007	0.04608569999982137	epochs	2.0
1375.2601154406007	0.02310399999987567	epochs	3.0
1375.2832194406005	0.022981699999945704	epochs	3.0
1375.3062011406005	0.04560180000021319	epochs	2.0
1375.3062011406005	0.022860700000137513	epochs	3.0
1375.3290618406006	0.022741100000075676	epochs	3.0
1375.3518029406007	0.045127899999897636	epochs	2.0
1375.3518029406007	0.022622499999897627	epochs	3.0
1375.3744254406006	0.02250540000000001	epochs	3.0
1375.3969308406006	0.0446638000000803	epochs	2.0
1375.3969308406006	0.02238929999998618	epochs	3.0
1375.4193201406006	0.022274500000094122	epochs	3.0
1375.4415946406007	0.044209199999841076	epochs	2.0
1375.4415946406007	0.022160799999937808	epochs	3.0
1375.4637554406006	0.022048399999903268	epochs	3.0
1375.4858038406005	0.04376360000014756	epochs	2.0
1375.4858038406005	0.021936900000127935	epochs	3.0
1375.5077407406006	0.021826700000019628	epochs	3.0
1375.5295674406007	0.04332709999994222	epochs	2.0
1375.5295674406007	0.021717599999874437	epochs	3.0
1375.5512850406005	0.021609500000067783	epochs	3.0
1375.5728945406006	0.04289900000003399	epochs	2.0
1375.5728945406006	0.02150249999999687	epochs	3.0
1375.5943970406006	0.021396500000037122	epochs	3.0
1375.6157935406006	0.04247949999989942	epochs	2.0
1375.6157935406006	0.021291699999892444	epochs	3.0
1375.6370852406005	0.021187800000006973	epochs	3.0
1375.6582730406005	0.04206790000012006	epochs	2.0
1375.6582730406005	0.02108490000000529	epochs	3.0
1375.6793579406005	0.02098300000011477	epochs	3.0
1375.7003409406007	0.04166439999994509	epochs	2.0
1375.7003409406007	0.020882199999959994	epochs	3.0
1375.7212231406006	0.020782199999985096	epochs	3.0
1375.7420053406006	0.041268499999887354	epochs	2.0
1375.7420053406006	0.020683299999973315	epochs	3.0
1375.7626886406006	0.02058519999991404	epochs	3.0
1375.7832738406005	0.04088000000001557	epochs	2.0
1375.7832738406005	0.0204881000001933	epochs	3.0
1375.8037619406007	0.02039189999982227	epochs	3.0
1375.8241538406005	0.04049880000002304	epochs	2.0
1375.8241538406005	0.0202966000001652	epochs	3.0
1375.8444504406007	0.02020219999985784	epochs	3.0
1375.8646526406005	0.04012460000012652	epochs	2.0
1375.8646526406005	0.02010870000003706	epochs	3.0
1375.8847613406006	0.02001590000008946	epochs	3.0
1375.9047772406007	0.03975730000001931	epochs	2.0
1375.9047772406007	0.0199241999998776	epochs	3.0
1375.9247014406005	0.019833100000141712	epochs	3.0
1375.9445345406007	0.03939669999999751	epochs	2.0
1375.9445345406007	0.019742999999834865	epochs	3.0
1375.9642775406005	0.019653700000162644	epochs	3.0
1375.9839312406007	0.03904239999997117	epochs	2.0
1375.9839312406007	0.019565099999908853	epochs	3.0
1376.0034963406006	0.019477300000062314	epochs	3.0
1376.0229736406006	0.03869459999987157	epochs	2.0
1376.0229736406006	0.019390400000020236	epochs	3.0
1376.0423640406007	0.019304199999851335	epochs	3.0
1376.0616682406005	0.03835290000006353	epochs	2.0
1376.0616682406005	0.019218800000089686	epochs	3.0
1376.0808870406006	0.01913409999997384	epochs	3.0
1376.1000211406006	0.03801720000001296	epochs	2.0
1376.1000211406006	0.019050200000037876	epochs	3.0
1376.1190713406006	0.018966999999975087	epochs	3.0
1376.1380383406006	0.03768719999993664	epochs	2.0
1376.1380383406006	0.01888450000001285	epochs	3.0
1376.1569228406006	0.01880269999992379	epochs	3.0
1376.1757255406005	0.03736309999999321	epochs	2.0
1376.1757255406005	0.018721700000014607	epochs	3.0
1376.1944472406005	0.018641399999978603	epochs	3.0
1376.2130886406005	0.037044300000161456	epochs	2.0
1376.2130886406005	0.018561600000111866	epochs	3.0
1376.2316502406006	0.01848270000004959	epochs	3.0
1376.2501329406007	0.03673099999991791	epochs	2.0
1376.2501329406007	0.018404299999929208	epochs	3.0
1376.2685372406006	0.018326699999988705	epochs	3.0
1376.2868639406006	0.03642289999993409	epochs	2.0
1376.2868639406006	0.018249599999990096	epochs	3.0
1376.3051135406006	0.018173299999943993	epochs	3.0
1376.3232868406005	0.03612010000006194	epochs	2.0
1376.3232868406005	0.018097600000146485	epochs	3.0
1376.3413844406007	0.018022499999915453	epochs	3.0
1376.3594069406006	0.03582209999990482	epochs	2.0
1376.3594069406006	0.017947900000081063	epochs	3.0
1376.3773548406007	0.01787419999982376	epochs	3.0
1376.3952290406005	0.03552899999999681	epochs	2.0
1376.3952290406005	0.017800800000031813	epochs	3.0
1376.4130298406005	0.017728199999965	epochs	3.0
1376.4307580406005	0.03524070000003121	epochs	2.0
1376.4307580406005	0.017656100000067454	epochs	3.0
1376.4484141406006	0.017584599999963757	epochs	3.0
1376.4659987406005	0.03495710000015606	epochs	2.0
1376.4659987406005	0.017513700000108656	epochs	3.0
1376.4835124406006	0.017443400000047404	epochs	3.0
1376.5009558406007	0.034677899999906	epochs	2.0
1376.5009558406007	0.017373599999928047	epochs	3.0
1376.5183294406006	0.017304299999977957	epochs	3.0
1376.5356337406006	0.03440329999989444	epochs	2.0
1376.5356337406006	0.017235699999901044	epochs	3.0
1376.5528694406005	0.0171675999999934	epochs	3.0
1376.5700370406005	0.034132800000179486	epochs	2.0
1376.5700370406005	0.017099900000175694	epochs	3.0
1376.5871369406007	0.017032900000003792	epochs	3.0
1376.6041698406007	0.03386669999986225	epochs	2.0
1376.6041698406007	0.01696640000000116	epochs	3.0
1376.6211362406007	0.01690029999986109	epochs	3.0
1376.6380365406005	0.03360459999998966	epochs	2.0
1376.6380365406005	0.01683479999996962	epochs	3.0
1376.6548713406005	0.01676980000002004	epochs	3.0
1376.6716411406005	0.0333466000001863	epochs	2.0
1376.6716411406005	0.016705300000012357	epochs	3.0
1376.6883464406005	0.016641300000173942	epochs	3.0
1376.7049877406007	0.033092499999838765	epochs	2.0
1376.7049877406007	0.016577799999822673	epochs	3.0
1376.7215655406005	0.01651470000001609	epochs	3.0
1376.7380802406005	0.032842300000083924	epochs	2.0
1376.7380802406005	0.01645220000000336	epochs	3.0
1376.7545324406005	0.016390100000080565	epochs	3.0
1376.7709225406006	0.03259570000000167	epochs	2.0
1376.7709225406006	0.016328400000020338	epochs	3.0
1376.7872509406006	0.016267299999981333	epochs	3.0
1376.8035182406006	0.032352899999978035	epochs	2.0
1376.8035182406006	0.016206600000032267	epochs	3.0
1376.8197248406007	0.016146299999945768	epochs	3.0
1376.8358711406006	0.032113700000081735	epochs	2.0
1376.8358711406006	0.01608659999988049	epochs	3.0
1376.8519577406005	0.016027100000201244	epochs	3.0
1376.8679848406007	0.03187800000000607	epochs	2.0
1376.8679848406007	0.0159681999998611	epochs	3.0
1376.8839530406005	0.01590980000014497	epochs	3.0
1376.8998628406007	0.03164569999989908	epochs	2.0
1376.8998628406007	0.015851599999905375	epochs	3.0
1376.9157144406006	0.015794099999993705	epochs	3.0
1376.9315085406006	0.031416699999908815	epochs	2.0
1376.9315085406006	0.01573669999993399	epochs	3.0
1376.9472452406005	0.015679999999974825	epochs	3.0
1376.9629252406005	0.031191100000114602	epochs	2.0
1376.9629252406005	0.015623600000026272	epochs	3.0
1376.9785488406005	0.01556750000008833	epochs	3.0
1376.9941163406006	0.030968699999903038	epochs	2.0
1376.9941163406006	0.015511999999944237	epochs	3.0
1377.0096283406006	0.0154566999999588	epochs	3.0
1377.0250850406005	0.030749500000183616	epochs	2.0
1377.0250850406005	0.015401999999994587	epochs	3.0
1377.0404870406005	0.01534750000018903	epochs	3.0
1377.0558345406007	0.030533199999808858	epochs	2.0
1377.0558345406007	0.01529339999979129	epochs	3.0
1377.0711279406005	0.015239800000017567	epochs	3.0
1377.0863677406005	0.030320100000153616	epochs	2.0
1377.0863677406005	0.015186500000027081	epochs	3.0
1377.1015542406005	0.015133600000126535	epochs	3.0
1377.1166878406007	0.030109899999843037	epochs	2.0
1377.1166878406007	0.015081000000009226	epochs	3.0
1377.1317688406007	0.015028899999833811	epochs	3.0
1377.1467977406005	0.029902500000162036	epochs	2.0
1377.1467977406005	0.014977000000044427	epochs	3.0
1377.1617747406005	0.014925500000117609	epochs	3.0
1377.1767002406007	0.029698099999905025	epochs	2.0
1377.1767002406007	0.014874399999825982	epochs	3.0
1377.1915746406005	0.014823700000079043	epochs	3.0
1377.2063983406006	0.029496300000118936	epochs	2.0
1377.2063983406006	0.014773200000036013	epochs	3.0
1377.2211715406006	0.014723100000082923	epochs	3.0
1377.2358946406007	0.029297399999904883	epochs	2.0
1377.2358946406007	0.014673399999992398	epochs	3.0
1377.2505680406007	0.014623999999912485	epochs	3.0
1377.2651920406006	0.029101099999934377	epochs	2.0
1377.2651920406006	0.014574900000070556	epochs	3.0
1377.2797669406007	0.01452619999986382	epochs	3.0
1377.2942931406005	0.028907399999980044	epochs	2.0
1377.2942931406005	0.014477700000043114	epochs	3.0
1377.3087708406006	0.014429699999936929	epochs	3.0
1377.3232005406005	0.02871620000018993	epochs	2.0
1377.3232005406005	0.014381800000137446	epochs	3.0
1377.3375823406006	0.014334400000052483	epochs	3.0
1377.3519167406007	0.02852759999996124	epochs	2.0
1377.3519167406007	0.014287199999898803	epochs	3.0
1377.3662039406006	0.014240400000062436	epochs	3.0
1377.3804443406007	0.02834139999981744	epochs	2.0
1377.3804443406007	0.014193799999929979	epochs	3.0
1377.3946381406006	0.014147599999887461	epochs	3.0
1377.4087857406005	0.028157700000065233	epochs	2.0
1377.4087857406005	0.014101700000082928	epochs	3.0
1377.4228874406006	0.014055999999982305	epochs	3.0
1377.4369434406005	0.027976300000091214	epochs	2.0
1377.4369434406005	0.014010600000119666	epochs	3.0
1377.4509540406007	0.013965699999971548	epochs	3.0
1377.4649197406006	0.027797199999895383	epochs	2.0
1377.4649197406006	0.013920800000050804	epochs	3.0
1377.4788405406007	0.01387639999984458	epochs	3.0
1377.4927169406005	0.02762040000015986	epochs	2.0
1377.4927169406005	0.013832200000024386	epochs	3.0
1377.5065491406006	0.013788200000135475	epochs	3.0
1377.5203373406007	0.027445899999975154	epochs	2.0
1377.5203373406007	0.013744599999881757	epochs	3.0
1377.5340819406006	0.013701300000093397	epochs	3.0
1377.5477832406007	0.027273499999864725	epochs	2.0
1377.5477832406007	0.013658200000008947	epochs	3.0
1377.5614414406007	0.013615299999855779	epochs	3.0
1377.5750567406005	0.027103399999987232	epochs	2.0
1377.5750567406005	0.013572800000019924	epochs	3.0
1377.5886295406006	0.013530599999967308	epochs	3.0
1377.6021601406005	0.02693520000002536	epochs	2.0
1377.6021601406005	0.013488400000142065	epochs	3.0
1377.6156485406007	0.013446799999883297	epochs	3.0
1377.6290953406005	0.026769199999989723	epochs	2.0
1377.6290953406005	0.013405200000079276	epochs	3.0
1377.6425005406006	0.013363999999910448	epochs	3.0
1377.6558645406005	0.026605199999949036	epochs	2.0
1377.6558645406005	0.013322900000048321	epochs	3.0
1377.6691874406006	0.013282299999900715	epochs	3.0
1377.6824697406005	0.026443200000130673	epochs	2.0
1377.6824697406005	0.013241700000207857	epochs	3.0
1377.6957114406007	0.013201499999922817	epochs	3.0
1377.7089129406006	0.026283200000079887	epochs	2.0
1377.7089129406006	0.013161500000023807	epochs	3.0
1377.7220744406006	0.01312170000005608	epochs	3.0
1377.7351961406007	0.026124999999865395	epochs	2.0
1377.7351961406007	0.013082099999792263	epochs	3.0
1377.7482782406005	0.013042900000073132	epochs	3.0
1377.7613211406006	0.025968899999952555	epochs	2.0
1377.7613211406006	0.01300390000005791	epochs	3.0
1377.7743250406006	0.012964999999894644	epochs	3.0
1377.7872900406005	0.025814500000024054	epochs	2.0
1377.7872900406005	0.012926399999969362	epochs	3.0
1377.8002164406005	0.012888100000054692	epochs	3.0
1377.8131045406005	0.02566190000015922	epochs	2.0
1377.8131045406005	0.012849899999991976	epochs	3.0
1377.8259544406005	0.012812000000167245	epochs	3.0
1377.8387664406007	0.025511199999982637	epochs	2.0
1377.8387664406007	0.012774399999898378	epochs	3.0
1377.8515408406006	0.012736800000084258	epochs	3.0
1377.8642776406007	0.02536229999986972	epochs	2.0
1377.8642776406007	0.01269969999998466	epochs	3.0
1377.8769773406007	0.01266259999988506	epochs	3.0
1377.8896399406005	0.02521500000011656	epochs	2.0
1377.8896399406005	0.012625800000023446	epochs	3.0
1377.9022657406006	0.012589200000093115	epochs	3.0
1377.9148549406007	0.024584799999956886	epochs	2.0
1377.9373961406006	0.5	epochs	-1.0
1377.9394397406006	0.9999199999999746	epochs	1.0
1378.4373961406006	0.5	epochs	-1.0
1380.0139999389648	0.06744000000003325	epochs	0.0
1380.0139999389648	0.0287226999998893	epochs	1.0
1380.0427226389647	0.009994600000027276	epochs	1.0
1380.0527172389648	0.028722700000116674	epochs	1.0
1380.0814399389649	2.0	epochs	0.0
1382.0814399389649	0.5324800000000778	epochs	0.0
1382.0814399389649	0.5324800000000778	epochs	1.0
1382.0814763389649	0.5	epochs	-1.0
1382.5814763389649	0.03244360000007873	epochs	-1.0
1382.613919938965	21.467439999999897	epochs	0.0
1383.8599996566772	0.06744000000003325	epochs	0.0
1383.8599996566772	0.0287226999998893	epochs	1.0
1383.8887223566771	0.009994600000027276	epochs	1.0
1383.8987169566772	0.028722700000116674	epochs	1.0
1383.9274396566773	2.0	epochs	0.0
1385.9274396566773	21.999919999999975	epochs	0.0
1385.9274396566773	1.0	epochs	1.0
1385.9274760566773	0.5	epochs	-1.0
1386.4274760566773	19.997920000000022	epochs	-1.0
1386.9274396566773	20.0	epochs	1.0
1386.9274396566773	4.356753900000058	epochs	-1.0
1386.9274396566773	1.9745871999998599	epochs	2.0
1386.9274396566773	1.0985622000000603	epochs	3.0
1388.0260018566773	0.8760249999997995	epochs	3.0
1388.9020268566771	1.3524075000000266	epochs	2.0
1388.9020268566771	0.7286355000001095	epochs	3.0
1389.6306623566772	0.6237719999999172	epochs	3.0
1390.2544343566772	1.0297592000001714	epochs	2.0
1390.2544343566772	0.5453293000000485	epochs	3.0
1390.7997636566772	0.48442990000012287	epochs	3.0
1391.2841935566773	0.8317861999998968	epochs	2.0
1391.2841935566773	0.4357762999998158	epochs	3.0
1391.7199698566772	0.39600990000008096	epochs	3.0
1392.1159797566772	0.6977970000000369	epochs	2.0
1392.1159797566772	0.3628982000000178	epochs	3.0
1392.4788779566773	0.33489880000001904	epochs	3.0
1392.8137767566773	0.601045699999986	epochs	2.0
1392.8137767566773	0.3109122999999272	epochs	3.0
1393.1246890566772	0.2901334000000588	epochs	3.0
1393.4148224566773	0.5278859000000011	epochs	2.0
1393.4148224566773	0.2719586000000618	epochs	3.0
1393.6867810566773	0.25592729999993935	epochs	3.0
1393.9427083566773	0.470619299999953	epochs	2.0
1393.9427083566773	0.241681299999982	epochs	3.0
1394.1843896566772	0.228937999999971	epochs	3.0
1394.4133276566772	0.42457039999999324	epochs	2.0
1394.4133276566772	0.21747140000002219	epochs	3.0
1394.6307990566772	0.20709899999997106	epochs	3.0
1394.8378980566772	0.3867354000001342	epochs	2.0
1394.8378980566772	0.19767109999997956	epochs	3.0
1395.0355691566772	0.18906430000015462	epochs	3.0
1395.2246334566773	0.35509529999990264	epochs	2.0
1395.2246334566773	0.18117589999997108	epochs	3.0
1395.4058093566773	0.17391939999993156	epochs	3.0
1395.5797287566772	0.3282431000000088	epochs	2.0
1395.5797287566772	0.16722189999995862	epochs	3.0
1395.7469506566772	0.16102120000005016	epochs	3.0
1395.9079718566772	0.30516800000009425	epochs	2.0
1395.9079718566772	0.15526389999990897	epochs	3.0
1396.0632357566772	0.14990410000018528	epochs	3.0
1396.2131398566773	0.28512529999989056	epochs	2.0
1396.2131398566773	0.14490209999985382	epochs	3.0
1396.3580419566772	0.14022320000003674	epochs	3.0
1396.4982651566772	0.267553800000087	epochs	2.0
1396.4982651566772	0.1358368999999584	epochs	3.0
1396.6341020566772	0.1317169000001286	epochs	3.0
1396.7658189566773	0.252022899999929	epochs	2.0
1396.7658189566773	0.1278393000000051	epochs	3.0
1396.8936582566773	0.1241835999999239	epochs	3.0
1397.0178418566773	0.23819649999995818	epochs	2.0
1397.0178418566773	0.12073110000005727	epochs	3.0
1397.1385729566773	0.11746539999990091	epochs	3.0
1397.2560383566772	0.2258088000000953	epochs	2.0
1397.2560383566772	0.1143718999999237	epochs	3.0
1397.3704102566771	0.11143690000017159	epochs	3.0
1397.4818471566773	0.21464599999990241	epochs	2.0
1397.4818471566773	0.10864889999993466	epochs	3.0
1397.5904960566772	0.10599709999996776	epochs	3.0
1397.6964931566772	0.20453500000007807	epochs	2.0
1397.6964931566772	0.10347150000006877	epochs	3.0
1397.7999646566773	0.1010635000000093	epochs	3.0
1397.9010281566773	0.19533400000000256	epochs	2.0
1397.9010281566773	0.09876510000003691	epochs	3.0
1397.9997932566773	0.09656889999996565	epochs	3.0
1398.0963621566773	0.18692529999998442	epochs	2.0
1398.0963621566773	0.09446830000001682	epochs	3.0
1398.1908304566773	0.09245699999996759	epochs	3.0
1398.2832874566773	0.17921069999988504	epochs	2.0
1398.2832874566773	0.0905296000000817	epochs	3.0
1398.3738170566774	0.08868109999980334	epochs	3.0
1398.4624981566772	0.17210770000019693	epochs	2.0
1398.4624981566772	0.08690630000000965	epochs	3.0
1398.5494044566772	0.08520140000018728	epochs	3.0
1398.6346058566774	0.1655463999998119	epochs	2.0
1398.6346058566774	0.08356189999994967	epochs	3.0
1398.7181677566773	0.08198449999986224	epochs	3.0
1398.8001522566772	0.15946710000002895	epochs	2.0
1398.8001522566772	0.08046540000009372	epochs	3.0
1398.8806176566773	0.07900169999993523	epochs	3.0
1398.9596193566772	0.15381840000009106	epochs	2.0
1398.9596193566772	0.07759009999995214	epochs	3.0
1399.0372094566771	0.07622830000013892	epochs	3.0
1399.1134377566773	0.14855639999996129	epochs	2.0
1399.1134377566773	0.07491329999993468	epochs	3.0
1399.1883510566772	0.0736431000000266	epochs	3.0
1399.2619941566772	0.14364240000008976	epochs	2.0
1399.2619941566772	0.07241500000009182	epochs	3.0
1399.3344091566773	0.07122739999999794	epochs	3.0
1399.4056365566773	0.13904309999998077	epochs	2.0
1399.4056365566773	0.07007799999996678	epochs	3.0
1399.4757145566773	0.06896510000001399	epochs	3.0
1399.5446796566773	0.13472929999988992	epochs	2.0
1399.5446796566773	0.0678871000000072	epochs	3.0
1399.6125667566773	0.06684219999988272	epochs	3.0
1399.6794089566772	0.1306752000000415	epochs	2.0
1399.6794089566772	0.06582909999997355	epochs	3.0
1399.7452380566772	0.06484610000006796	epochs	3.0
1399.8100841566772	0.1268577999999252	epochs	2.0
1399.8100841566772	0.06389199999989614	epochs	3.0
1399.8739761566771	0.06296580000002905	epochs	3.0
1399.9369419566772	0.12325720000012552	epochs	2.0
1399.9369419566772	0.06206580000002759	epochs	3.0
1399.9990077566772	0.06119140000009793	epochs	3.0
1400.0601991566773	0.11985540000000583	epochs	2.0
1400.0601991566773	0.060341099999959624	epochs	3.0
1400.1205402566773	0.059514300000046205	epochs	3.0
1400.1800545566773	0.1166361999999026	epochs	2.0
1400.1800545566773	0.058709599999929196	epochs	3.0
1400.2387641566772	0.057926599999973405	epochs	3.0
1400.2966907566772	0.11358560000007856	epochs	2.0
1400.2966907566772	0.05716419999998834	epochs	3.0
1400.3538549566772	0.056421400000090216	epochs	3.0
1400.4102763566773	0.11069049999991876	epochs	2.0
1400.4102763566773	0.055697900000041045	epochs	3.0
1400.4659742566773	0.05499259999987771	epochs	3.0
1400.5209668566772	0.1079391000000669	epochs	2.0
1400.5209668566772	0.05430490000003374	epochs	3.0
1400.5752717566772	0.05363420000003316	epochs	3.0
1400.6289059566773	0.10532149999994544	epochs	2.0
1400.6289059566773	0.05297999999993408	epochs	3.0
1400.6818859566772	0.052341500000011365	epochs	3.0
1400.7342274566772	0.10282759999995505	epochs	2.0
1400.7342274566772	0.05171810000001642	epochs	3.0
1400.7859455566772	0.051109499999938635	epochs	3.0
1400.8370550566772	0.10044910000010532	epochs	2.0
1400.8370550566772	0.050514900000052876	epochs	3.0
1400.8875699566772	0.04993420000005244	epochs	3.0
1400.9375041566773	0.0981782999999723	epochs	2.0
1400.9375041566773	0.04936659999998483	epochs	3.0
1400.9868707566773	0.04881169999998747	epochs	3.0
1401.0356824566773	0.09600780000005216	epochs	2.0
1401.0356824566773	0.04826920000004975	epochs	3.0
1401.0839516566773	0.04773860000000241	epochs	3.0
1401.1316902566773	0.09393120000004274	epochs	2.0
1401.1316902566773	0.04721949999998287	epochs	3.0
1401.1789097566773	0.046711700000059864	epochs	3.0
1401.2256214566773	0.09194259999981114	epochs	2.0
1401.2256214566773	0.046214599999984785	epochs	3.0
1401.2718360566773	0.04572799999982635	epochs	3.0
1401.3175640566772	0.09003630000006524	epochs	2.0
1401.3175640566772	0.04525150000017675	epochs	3.0
1401.3628155566773	0.04478479999988849	epochs	3.0
1401.4076003566772	0.08820760000003247	epochs	2.0
1401.4076003566772	0.044327800000019124	epochs	3.0
1401.4519281566772	0.04387980000001335	epochs	3.0
1401.4958079566773	0.0864516999999978	epochs	2.0
1401.4958079566773	0.04344100000002982	epochs	3.0
1401.5392489566773	0.04301069999996798	epochs	3.0
1401.5822596566773	0.08476429999996071	epochs	2.0
1401.5822596566773	0.04258899999990717	epochs	3.0
1401.6248486566772	0.04217530000005354	epochs	3.0
1401.6670239566772	0.08314150000001064	epochs	2.0
1401.6670239566772	0.04176970000003166	epochs	3.0
1401.7087936566772	0.041371799999978975	epochs	3.0
1401.7501654566772	0.08157970000002024	epochs	2.0
1401.7501654566772	0.040981399999964196	epochs	3.0
1401.7911468566772	0.04059830000005604	epochs	3.0
1401.8317451566772	0.08007550000002084	epochs	2.0
1401.8317451566772	0.040222300000095856	epochs	3.0
1401.8719674566773	0.03985319999992498	epochs	3.0
1401.9118206566773	0.07862569999997504	epochs	2.0
1401.9118206566773	0.039490800000066884	epochs	3.0
1401.9513114566773	0.03913489999990816	epochs	3.0
1401.9904463566772	0.07722760000001472	epochs	2.0
1401.9904463566772	0.038785400000051595	epochs	3.0
1402.0292317566773	0.03844219999996312	epochs	3.0
1402.0676739566773	0.07587820000003376	epochs	2.0
1402.0676739566773	0.03810479999992822	epochs	3.0
1402.1057787566772	0.03777340000010554	epochs	3.0
1402.1435521566773	0.0745752000000266	epochs	2.0
1402.1435521566773	0.03744770000002973	epochs	3.0
1402.1809998566773	0.03712749999999687	epochs	3.0
1402.2181273566773	0.07331629999998768	epochs	2.0
1402.2181273566773	0.03681289999985893	epochs	3.0
1402.2549402566772	0.03650340000012875	epochs	3.0
1402.2914436566773	0.07209899999998015	epochs	2.0
1402.2914436566773	0.03619909999997617	epochs	3.0
1402.3276427566773	0.03589990000000398	epochs	3.0
1402.3635426566773	0.07092169999987163	epochs	2.0
1402.3635426566773	0.03560560000005353	epochs	3.0
1402.3991482566773	0.03531609999981811	epochs	3.0
1402.4344643566772	0.06978200000003199	epochs	2.0
1402.4344643566772	0.03503120000004856	epochs	3.0
1402.4694955566772	0.03475079999998343	epochs	3.0
1402.5042463566772	0.06867860000011206	epochs	2.0
1402.5042463566772	0.03447510000000875	epochs	3.0
1402.5387214566772	0.034203500000103304	epochs	3.0
1402.5729249566773	0.06760929999995824	epochs	2.0
1402.5729249566773	0.033936199999970995	epochs	3.0
1402.6068611566773	0.033673099999987244	epochs	3.0
1402.6405342566773	0.06657289999998284	epochs	2.0
1402.6405342566773	0.03341399999999339	epochs	3.0
1402.6739482566772	0.033158899999989444	epochs	3.0
1402.7071071566772	0.06556780000005347	epochs	2.0
1402.7071071566772	0.03290769999989607	epochs	3.0
1402.7400148566771	0.0326601000001574	epochs	3.0
1402.7726749566773	0.06459259999996902	epochs	2.0
1402.7726749566773	0.03241639999987456	epochs	3.0
1402.8050913566772	0.03217620000009447	epochs	3.0
1402.8372675566773	0.06364600000006249	epochs	2.0
1402.8372675566773	0.03193959999998697	epochs	3.0
1402.8692071566772	0.03170640000007552	epochs	3.0
1402.9009135566773	0.0627266999999847	epochs	2.0
1402.9009135566773	0.031476599999905375	epochs	3.0
1402.9323901566772	0.03125010000007933	epochs	3.0
1402.9636402566773	0.06183359999999993	epochs	2.0
1402.9636402566773	0.03102689999991526	epochs	3.0
1402.9946671566772	0.030806700000084675	epochs	3.0
1403.0254738566773	0.060965599999917686	epochs	2.0
1403.0254738566773	0.030589799999916067	epochs	3.0
1403.0560636566772	0.030375800000001618	epochs	3.0
1403.0864394566772	0.06012160000000222	epochs	2.0
1403.0864394566772	0.030164900000045236	epochs	3.0
1403.1166043566773	0.02995669999995698	epochs	3.0
1403.1465610566772	0.05930069999999432	epochs	2.0
1403.1465610566772	0.029751600000054168	epochs	3.0
1403.1763126566773	0.029549099999940154	epochs	3.0
1403.2058617566772	0.05850179999993088	epochs	2.0
1403.2058617566772	0.02934940000000097	epochs	3.0
1403.2352111566772	0.029152399999929912	epochs	3.0
1403.2643635566772	0.05772420000016609	epochs	2.0
1403.2643635566772	0.028958000000102402	epochs	3.0
1403.2933215566773	0.02876620000006369	epochs	3.0
1403.3220877566773	0.056967099999837956	epochs	2.0
1403.3220877566773	0.028577000000041153	epochs	3.0
1403.3506647566774	0.028390099999796803	epochs	3.0
1403.3790548566772	0.05622950000019955	epochs	2.0
1403.3790548566772	0.02820570000017142	epochs	3.0
1403.4072605566773	0.028023800000028132	epochs	3.0
1403.4352843566774	0.055510699999786084	epochs	2.0
1403.4352843566774	0.027843999999959124	epochs	3.0
1403.4631283566773	0.02766669999982696	epochs	3.0
1403.4907950566771	0.054810200000019904	epochs	2.0
1403.4907950566771	0.02749149999999645	epochs	3.0
1403.5182865566771	0.027318700000023455	epochs	3.0
1403.5456052566772	0.05412700000010773	epochs	2.0
1403.5456052566772	0.027147800000193456	epochs	3.0
1403.5727530566774	0.026979199999914272	epochs	3.0
1403.5997322566773	0.053460699999959616	epochs	2.0
1403.5997322566773	0.026812600000084785	epochs	3.0
1403.6265448566774	0.02664809999987483	epochs	3.0
1403.6531929566772	0.05281070000000909	epochs	2.0
1403.6531929566772	0.026485600000114573	epochs	3.0
1403.6796785566773	0.02632509999989452	epochs	3.0
1403.7060036566772	0.05217620000007628	epochs	2.0
1403.7060036566772	0.026166399999965506	epochs	3.0
1403.7321700566772	0.026009800000110772	epochs	3.0
1403.7581798566773	0.051556699999991906	epochs	2.0
1403.7581798566773	0.025854799999933675	epochs	3.0
1403.7840346566772	0.02570190000005823	epochs	3.0
1403.8097365566773	0.05095189999997274	epochs	2.0
1403.8097365566773	0.025550699999939752	epochs	3.0
1403.8352872566772	0.025401200000032986	epochs	3.0
1403.8606884566773	0.05036100000006627	epochs	2.0
1403.8606884566773	0.025253499999962514	epochs	3.0
1403.8859419566772	0.025107500000103755	epochs	3.0
1403.9110494566773	0.04978379999988647	epochs	2.0
1403.9110494566773	0.02496320000000196	epochs	3.0
1403.9360126566773	0.024820599999884507	epochs	3.0
1403.9608332566772	0.04921949999993558	epochs	2.0
1403.9608332566772	0.024679399999968155	epochs	3.0
1403.9855126566772	0.024540099999967424	epochs	3.0
1404.0100527566772	0.04866790000005494	epochs	2.0
1404.0100527566772	0.024402100000088467	epochs	3.0
1404.0344548566773	0.024265799999966475	epochs	3.0
1404.0587206566772	0.048128599999927246	epochs	2.0
1404.0587206566772	0.024131000000124914	epochs	3.0
1404.0828516566773	0.023997599999802333	epochs	3.0
1404.1068492566772	0.047601100000065344	epochs	2.0
1404.1068492566772	0.023865800000066884	epochs	3.0
1404.1307150566772	0.02373529999999846	epochs	3.0
1404.1544503566772	0.04708499999992455	epochs	2.0
1404.1544503566772	0.023606299999983094	epochs	3.0
1404.1780566566772	0.023478699999941455	epochs	3.0
1404.2015353566771	0.04658000000017637	epochs	2.0
1404.2015353566771	0.023352500000100918	epochs	3.0
1404.2248878566772	0.02322750000007545	epochs	3.0
1404.2481153566773	0.04608569999982137	epochs	2.0
1404.2481153566773	0.02310399999987567	epochs	3.0
1404.2712193566772	0.022981699999945704	epochs	3.0
1404.2942010566771	0.04560180000021319	epochs	2.0
1404.2942010566771	0.022860700000137513	epochs	3.0
1404.3170617566773	0.022741100000075676	epochs	3.0
1404.3398028566774	0.045127899999897636	epochs	2.0
1404.3398028566774	0.022622499999897627	epochs	3.0
1404.3624253566772	0.02250540000000001	epochs	3.0
1404.3849307566772	0.0446638000000803	epochs	2.0
1404.3849307566772	0.02238929999998618	epochs	3.0
1404.4073200566772	0.022274500000094122	epochs	3.0
1404.4295945566773	0.044209199999841076	epochs	2.0
1404.4295945566773	0.022160799999937808	epochs	3.0
1404.4517553566773	0.022048399999903268	epochs	3.0
1404.4738037566772	0.04376360000014756	epochs	2.0
1404.4738037566772	0.021936900000127935	epochs	3.0
1404.4957406566773	0.021826700000019628	epochs	3.0
1404.5175673566773	0.04332709999994222	epochs	2.0
1404.5175673566773	0.021717599999874437	epochs	3.0
1404.5392849566772	0.021609500000067783	epochs	3.0
1404.5608944566773	0.04289900000003399	epochs	2.0
1404.5608944566773	0.02150249999999687	epochs	3.0
1404.5823969566773	0.021396500000037122	epochs	3.0
1404.6037934566773	0.04247949999989942	epochs	2.0
1404.6037934566773	0.021291699999892444	epochs	3.0
1404.6250851566772	0.021187800000006973	epochs	3.0
1404.6462729566772	0.04206790000012006	epochs	2.0
1404.6462729566772	0.02108490000000529	epochs	3.0
1404.6673578566772	0.02098300000011477	epochs	3.0
1404.6883408566773	0.04166439999994509	epochs	2.0
1404.6883408566773	0.020882199999959994	epochs	3.0
1404.7092230566773	0.020782199999985096	epochs	3.0
1404.7300052566773	0.041268499999887354	epochs	2.0
1404.7300052566773	0.020683299999973315	epochs	3.0
1404.7506885566772	0.02058519999991404	epochs	3.0
1404.7712737566771	0.04088000000001557	epochs	2.0
1404.7712737566771	0.0204881000001933	epochs	3.0
1404.7917618566773	0.02039189999982227	epochs	3.0
1404.8121537566772	0.04049880000002304	epochs	2.0
1404.8121537566772	0.0202966000001652	epochs	3.0
1404.8324503566773	0.02020219999985784	epochs	3.0
1404.8526525566772	0.04012460000012652	epochs	2.0
1404.8526525566772	0.02010870000003706	epochs	3.0
1404.8727612566772	0.02001590000008946	epochs	3.0
1404.8927771566773	0.03975730000001931	epochs	2.0
1404.8927771566773	0.0199241999998776	epochs	3.0
1404.9127013566772	0.019833100000141712	epochs	3.0
1404.9325344566773	0.03939669999999751	epochs	2.0
1404.9325344566773	0.019742999999834865	epochs	3.0
1404.9522774566772	0.019653700000162644	epochs	3.0
1404.9719311566773	0.03904239999997117	epochs	2.0
1404.9719311566773	0.019565099999908853	epochs	3.0
1404.9914962566772	0.019477300000062314	epochs	3.0
1405.0109735566773	0.03869459999987157	epochs	2.0
1405.0109735566773	0.019390400000020236	epochs	3.0
1405.0303639566773	0.019304199999851335	epochs	3.0
1405.0496681566772	0.03835290000006353	epochs	2.0
1405.0496681566772	0.019218800000089686	epochs	3.0
1405.0688869566773	0.01913409999997384	epochs	3.0
1405.0880210566772	0.03801720000001296	epochs	2.0
1405.0880210566772	0.019050200000037876	epochs	3.0
1405.1070712566773	0.018966999999975087	epochs	3.0
1405.1260382566772	0.03768719999993664	epochs	2.0
1405.1260382566772	0.01888450000001285	epochs	3.0
1405.1449227566773	0.01880269999992379	epochs	3.0
1405.1637254566772	0.03736309999999321	epochs	2.0
1405.1637254566772	0.018721700000014607	epochs	3.0
1405.1824471566772	0.018641399999978603	epochs	3.0
1405.2010885566772	0.037044300000161456	epochs	2.0
1405.2010885566772	0.018561600000111866	epochs	3.0
1405.2196501566773	0.01848270000004959	epochs	3.0
1405.2381328566773	0.03673099999991791	epochs	2.0
1405.2381328566773	0.018404299999929208	epochs	3.0
1405.2565371566773	0.018326699999988705	epochs	3.0
1405.2748638566773	0.03642289999993409	epochs	2.0
1405.2748638566773	0.018249599999990096	epochs	3.0
1405.2931134566772	0.018173299999943993	epochs	3.0
1405.3112867566772	0.03612010000006194	epochs	2.0
1405.3112867566772	0.018097600000146485	epochs	3.0
1405.3293843566773	0.018022499999915453	epochs	3.0
1405.3474068566773	0.03582209999990482	epochs	2.0
1405.3474068566773	0.017947900000081063	epochs	3.0
1405.3653547566773	0.01787419999982376	epochs	3.0
1405.3832289566772	0.03552899999999681	epochs	2.0
1405.3832289566772	0.017800800000031813	epochs	3.0
1405.4010297566772	0.017728199999965	epochs	3.0
1405.4187579566772	0.03524070000003121	epochs	2.0
1405.4187579566772	0.017656100000067454	epochs	3.0
1405.4364140566772	0.017584599999963757	epochs	3.0
1405.4539986566772	0.03495710000015606	epochs	2.0
1405.4539986566772	0.017513700000108656	epochs	3.0
1405.4715123566773	0.017443400000047404	epochs	3.0
1405.4889557566773	0.034677899999906	epochs	2.0
1405.4889557566773	0.017373599999928047	epochs	3.0
1405.5063293566773	0.017304299999977957	epochs	3.0
1405.5236336566772	0.03440329999989444	epochs	2.0
1405.5236336566772	0.017235699999901044	epochs	3.0
1405.5408693566771	0.0171675999999934	epochs	3.0
1405.5580369566771	0.034132800000179486	epochs	2.0
1405.5580369566771	0.017099900000175694	epochs	3.0
1405.5751368566773	0.017032900000003792	epochs	3.0
1405.5921697566773	0.03386669999986225	epochs	2.0
1405.5921697566773	0.01696640000000116	epochs	3.0
1405.6091361566773	0.01690029999986109	epochs	3.0
1405.6260364566772	0.03360459999998966	epochs	2.0
1405.6260364566772	0.01683479999996962	epochs	3.0
1405.6428712566772	0.01676980000002004	epochs	3.0
1405.6596410566772	0.0333466000001863	epochs	2.0
1405.6596410566772	0.016705300000012357	epochs	3.0
1405.6763463566772	0.016641300000173942	epochs	3.0
1405.6929876566774	0.033092499999838765	epochs	2.0
1405.6929876566774	0.016577799999822673	epochs	3.0
1405.7095654566772	0.01651470000001609	epochs	3.0
1405.7260801566772	0.032842300000083924	epochs	2.0
1405.7260801566772	0.01645220000000336	epochs	3.0
1405.7425323566772	0.016390100000080565	epochs	3.0
1405.7589224566773	0.03259570000000167	epochs	2.0
1405.7589224566773	0.016328400000020338	epochs	3.0
1405.7752508566773	0.016267299999981333	epochs	3.0
1405.7915181566773	0.032352899999978035	epochs	2.0
1405.7915181566773	0.016206600000032267	epochs	3.0
1405.8077247566773	0.016146299999945768	epochs	3.0
1405.8238710566773	0.032113700000081735	epochs	2.0
1405.8238710566773	0.01608659999988049	epochs	3.0
1405.8399576566771	0.016027100000201244	epochs	3.0
1405.8559847566773	0.03187800000000607	epochs	2.0
1405.8559847566773	0.0159681999998611	epochs	3.0
1405.8719529566772	0.01590980000014497	epochs	3.0
1405.8878627566774	0.03164569999989908	epochs	2.0
1405.8878627566774	0.015851599999905375	epochs	3.0
1405.9037143566773	0.015794099999993705	epochs	3.0
1405.9195084566772	0.031416699999908815	epochs	2.0
1405.9195084566772	0.01573669999993399	epochs	3.0
1405.9352451566772	0.015679999999974825	epochs	3.0
1405.9509251566772	0.031191100000114602	epochs	2.0
1405.9509251566772	0.015623600000026272	epochs	3.0
1405.9665487566772	0.01556750000008833	epochs	3.0
1405.9821162566773	0.030968699999903038	epochs	2.0
1405.9821162566773	0.015511999999944237	epochs	3.0
1405.9976282566772	0.0154566999999588	epochs	3.0
1406.0130849566772	0.030749500000183616	epochs	2.0
1406.0130849566772	0.015401999999994587	epochs	3.0
1406.0284869566772	0.01534750000018903	epochs	3.0
1406.0438344566774	0.030533199999808858	epochs	2.0
1406.0438344566774	0.01529339999979129	epochs	3.0
1406.0591278566772	0.015239800000017567	epochs	3.0
1406.0743676566772	0.030320100000153616	epochs	2.0
1406.0743676566772	0.015186500000027081	epochs	3.0
1406.0895541566772	0.015133600000126535	epochs	3.0
1406.1046877566773	0.030109899999843037	epochs	2.0
1406.1046877566773	0.015081000000009226	epochs	3.0
1406.1197687566773	0.015028899999833811	epochs	3.0
1406.1347976566772	0.029902500000162036	epochs	2.0
1406.1347976566772	0.014977000000044427	epochs	3.0
1406.1497746566772	0.014925500000117609	epochs	3.0
1406.1647001566773	0.029698099999905025	epochs	2.0
1406.1647001566773	0.014874399999825982	epochs	3.0
1406.1795745566772	0.014823700000079043	epochs	3.0
1406.1943982566772	0.029496300000118936	epochs	2.0
1406.1943982566772	0.014773200000036013	epochs	3.0
1406.2091714566773	0.014723100000082923	epochs	3.0
1406.2238945566774	0.029297399999904883	epochs	2.0
1406.2238945566774	0.014673399999992398	epochs	3.0
1406.2385679566773	0.014623999999912485	epochs	3.0
1406.2531919566773	0.029101099999934377	epochs	2.0
1406.2531919566773	0.014574900000070556	epochs	3.0
1406.2677668566773	0.01452619999986382	epochs	3.0
1406.2822930566772	0.028907399999980044	epochs	2.0
1406.2822930566772	0.014477700000043114	epochs	3.0
1406.2967707566772	0.014429699999936929	epochs	3.0
1406.3112004566772	0.02871620000018993	epochs	2.0
1406.3112004566772	0.014381800000137446	epochs	3.0
1406.3255822566773	0.014334400000052483	epochs	3.0
1406.3399166566774	0.02852759999996124	epochs	2.0
1406.3399166566774	0.014287199999898803	epochs	3.0
1406.3542038566773	0.014240400000062436	epochs	3.0
1406.3684442566773	0.02834139999981744	epochs	2.0
1406.3684442566773	0.014193799999929979	epochs	3.0
1406.3826380566773	0.014147599999887461	epochs	3.0
1406.3967856566771	0.028157700000065233	epochs	2.0
1406.3967856566771	0.014101700000082928	epochs	3.0
1406.4108873566772	0.014055999999982305	epochs	3.0
1406.4249433566772	0.027976300000091214	epochs	2.0
1406.4249433566772	0.014010600000119666	epochs	3.0
1406.4389539566773	0.013965699999971548	epochs	3.0
1406.4529196566773	0.027797199999895383	epochs	2.0
1406.4529196566773	0.013920800000050804	epochs	3.0
1406.4668404566773	0.01387639999984458	epochs	3.0
1406.4807168566772	0.02762040000015986	epochs	2.0
1406.4807168566772	0.013832200000024386	epochs	3.0
1406.4945490566772	0.013788200000135475	epochs	3.0
1406.5083372566774	0.027445899999975154	epochs	2.0
1406.5083372566774	0.013744599999881757	epochs	3.0
1406.5220818566772	0.013701300000093397	epochs	3.0
1406.5357831566773	0.027273499999864725	epochs	2.0
1406.5357831566773	0.013658200000008947	epochs	3.0
1406.5494413566773	0.013615299999855779	epochs	3.0
1406.5630566566772	0.027103399999987232	epochs	2.0
1406.5630566566772	0.013572800000019924	epochs	3.0
1406.5766294566772	0.013530599999967308	epochs	3.0
1406.5901600566772	0.02693520000002536	epochs	2.0
1406.5901600566772	0.013488400000142065	epochs	3.0
1406.6036484566773	0.013446799999883297	epochs	3.0
1406.6170952566772	0.026769199999989723	epochs	2.0
1406.6170952566772	0.013405200000079276	epochs	3.0
1406.6305004566773	0.013363999999910448	epochs	3.0
1406.6438644566772	0.026605199999949036	epochs	2.0
1406.6438644566772	0.013322900000048321	epochs	3.0
1406.6571873566772	0.013282299999900715	epochs	3.0
1406.6704696566771	0.026443200000130673	epochs	2.0
1406.6704696566771	0.013241700000207857	epochs	3.0
1406.6837113566773	0.013201499999922817	epochs	3.0
1406.6969128566773	0.026283200000079887	epochs	2.0
1406.6969128566773	0.013161500000023807	epochs	3.0
1406.7100743566773	0.01312170000005608	epochs	3.0
1406.7231960566774	0.026124999999865395	epochs	2.0
1406.7231960566774	0.013082099999792263	epochs	3.0
1406.7362781566771	0.013042900000073132	epochs	3.0
1406.7493210566772	0.025968899999952555	epochs	2.0
1406.7493210566772	0.01300390000005791	epochs	3.0
1406.7623249566773	0.012964999999894644	epochs	3.0
1406.7752899566772	0.025814500000024054	epochs	2.0
1406.7752899566772	0.012926399999969362	epochs	3.0
1406.7882163566771	0.012888100000054692	epochs	3.0
1406.8011044566772	0.02566190000015922	epochs	2.0
1406.8011044566772	0.012849899999991976	epochs	3.0
1406.8139543566772	0.012812000000167245	epochs	3.0
1406.8267663566774	0.025511199999982637	epochs	2.0
1406.8267663566774	0.012774399999898378	epochs	3.0
1406.8395407566773	0.012736800000084258	epochs	3.0
1406.8522775566773	0.02536229999986972	epochs	2.0
1406.8522775566773	0.01269969999998466	epochs	3.0
1406.8649772566773	0.01266259999988506	epochs	3.0
1406.8776398566772	0.02521500000011656	epochs	2.0
1406.8776398566772	0.012625800000023446	epochs	3.0
1406.8902656566772	0.012589200000093115	epochs	3.0
1406.9028548566773	0.024584799999956886	epochs	2.0
1406.9253960566773	0.5	epochs	-1.0
1406.9274396566773	0.9999199999999746	epochs	1.0
1407.4253960566773	0.5	epochs	-1.0
1408.8099999427795	0.06744000000003325	epochs	0.0
1408.8099999427795	0.0287226999998893	epochs	1.0
1408.8387226427794	0.009994600000027276	epochs	1.0
1408.8487172427795	0.028722700000116674	epochs	1.0
1408.8774399427796	2.0	epochs	0.0
1410.8774399427796	0.5324800000000778	epochs	0.0
1410.8774399427796	0.5324800000000778	epochs	1.0
1410.8774763427796	0.5	epochs	-1.0
1411.3774763427796	0.03244360000007873	epochs	-1.0
1411.4099199427797	21.467439999999897	epochs	0.0
1412.6989998817444	0.06744000000003325	epochs	0.0
1412.6989998817444	0.0287226999998893	epochs	1.0
1412.7277225817443	0.009994600000027276	epochs	1.0
1412.7377171817443	0.028722700000116674	epochs	1.0
1412.7664398817444	2.0	epochs	0.0
1414.7664398817444	21.999919999999975	epochs	0.0
1414.7664398817444	1.0	epochs	1.0
1414.7664762817444	0.5	epochs	-1.0
1415.2664762817444	19.997920000000022	epochs	-1.0
1415.7664398817444	20.0	epochs	1.0
1415.7664398817444	4.356753900000058	epochs	-1.0
1415.7664398817444	1.9745871999998599	epochs	2.0
1415.7664398817444	1.0985622000000603	epochs	3.0
1416.8650020817445	0.8760249999997995	epochs	3.0
1417.7410270817443	1.3524075000000266	epochs	2.0
1417.7410270817443	0.7286355000001095	epochs	3.0
1418.4696625817444	0.6237719999999172	epochs	3.0
1419.0934345817443	1.0297592000001714	epochs	2.0
1419.0934345817443	0.5453293000000485	epochs	3.0
1419.6387638817444	0.48442990000012287	epochs	3.0
1420.1231937817445	0.8317861999998968	epochs	2.0
1420.1231937817445	0.4357762999998158	epochs	3.0
1420.5589700817443	0.39600990000008096	epochs	3.0
1420.9549799817444	0.6977970000000369	epochs	2.0
1420.9549799817444	0.3628982000000178	epochs	3.0
1421.3178781817444	0.33489880000001904	epochs	3.0
1421.6527769817444	0.601045699999986	epochs	2.0
1421.6527769817444	0.3109122999999272	epochs	3.0
1421.9636892817443	0.2901334000000588	epochs	3.0
1422.2538226817444	0.5278859000000011	epochs	2.0
1422.2538226817444	0.2719586000000618	epochs	3.0
1422.5257812817445	0.25592729999993935	epochs	3.0
1422.7817085817444	0.470619299999953	epochs	2.0
1422.7817085817444	0.241681299999982	epochs	3.0
1423.0233898817444	0.228937999999971	epochs	3.0
1423.2523278817443	0.42457039999999324	epochs	2.0
1423.2523278817443	0.21747140000002219	epochs	3.0
1423.4697992817444	0.20709899999997106	epochs	3.0
1423.6768982817443	0.3867354000001342	epochs	2.0
1423.6768982817443	0.19767109999997956	epochs	3.0
1423.8745693817443	0.18906430000015462	epochs	3.0
1424.0636336817445	0.35509529999990264	epochs	2.0
1424.0636336817445	0.18117589999997108	epochs	3.0
1424.2448095817444	0.17391939999993156	epochs	3.0
1424.4187289817444	0.3282431000000088	epochs	2.0
1424.4187289817444	0.16722189999995862	epochs	3.0
1424.5859508817443	0.16102120000005016	epochs	3.0
1424.7469720817444	0.30516800000009425	epochs	2.0
1424.7469720817444	0.15526389999990897	epochs	3.0
1424.9022359817443	0.14990410000018528	epochs	3.0
1425.0521400817445	0.28512529999989056	epochs	2.0
1425.0521400817445	0.14490209999985382	epochs	3.0
1425.1970421817443	0.14022320000003674	epochs	3.0
1425.3372653817444	0.267553800000087	epochs	2.0
1425.3372653817444	0.1358368999999584	epochs	3.0
1425.4731022817443	0.1317169000001286	epochs	3.0
1425.6048191817445	0.252022899999929	epochs	2.0
1425.6048191817445	0.1278393000000051	epochs	3.0
1425.7326584817445	0.1241835999999239	epochs	3.0
1425.8568420817444	0.23819649999995818	epochs	2.0
1425.8568420817444	0.12073110000005727	epochs	3.0
1425.9775731817444	0.11746539999990091	epochs	3.0
1426.0950385817443	0.2258088000000953	epochs	2.0
1426.0950385817443	0.1143718999999237	epochs	3.0
1426.2094104817443	0.11143690000017159	epochs	3.0
1426.3208473817444	0.21464599999990241	epochs	2.0
1426.3208473817444	0.10864889999993466	epochs	3.0
1426.4294962817444	0.10599709999996776	epochs	3.0
1426.5354933817443	0.20453500000007807	epochs	2.0
1426.5354933817443	0.10347150000006877	epochs	3.0
1426.6389648817444	0.1010635000000093	epochs	3.0
1426.7400283817444	0.19533400000000256	epochs	2.0
1426.7400283817444	0.09876510000003691	epochs	3.0
1426.8387934817445	0.09656889999996565	epochs	3.0
1426.9353623817444	0.18692529999998442	epochs	2.0
1426.9353623817444	0.09446830000001682	epochs	3.0
1427.0298306817444	0.09245699999996759	epochs	3.0
1427.1222876817444	0.17921069999988504	epochs	2.0
1427.1222876817444	0.0905296000000817	epochs	3.0
1427.2128172817445	0.08868109999980334	epochs	3.0
1427.3014983817443	0.17210770000019693	epochs	2.0
1427.3014983817443	0.08690630000000965	epochs	3.0
1427.3884046817443	0.08520140000018728	epochs	3.0
1427.4736060817445	0.1655463999998119	epochs	2.0
1427.4736060817445	0.08356189999994967	epochs	3.0
1427.5571679817444	0.08198449999986224	epochs	3.0
1427.6391524817443	0.15946710000002895	epochs	2.0
1427.6391524817443	0.08046540000009372	epochs	3.0
1427.7196178817444	0.07900169999993523	epochs	3.0
1427.7986195817443	0.15381840000009106	epochs	2.0
1427.7986195817443	0.07759009999995214	epochs	3.0
1427.8762096817443	0.07622830000013892	epochs	3.0
1427.9524379817444	0.14855639999996129	epochs	2.0
1427.9524379817444	0.07491329999993468	epochs	3.0
1428.0273512817444	0.0736431000000266	epochs	3.0
1428.1009943817444	0.14364240000008976	epochs	2.0
1428.1009943817444	0.07241500000009182	epochs	3.0
1428.1734093817445	0.07122739999999794	epochs	3.0
1428.2446367817445	0.13904309999998077	epochs	2.0
1428.2446367817445	0.07007799999996678	epochs	3.0
1428.3147147817444	0.06896510000001399	epochs	3.0
1428.3836798817445	0.13472929999988992	epochs	2.0
1428.3836798817445	0.0678871000000072	epochs	3.0
1428.4515669817445	0.06684219999988272	epochs	3.0
1428.5184091817443	0.1306752000000415	epochs	2.0
1428.5184091817443	0.06582909999997355	epochs	3.0
1428.5842382817443	0.06484610000006796	epochs	3.0
1428.6490843817444	0.1268577999999252	epochs	2.0
1428.6490843817444	0.06389199999989614	epochs	3.0
1428.7129763817443	0.06296580000002905	epochs	3.0
1428.7759421817443	0.12325720000012552	epochs	2.0
1428.7759421817443	0.06206580000002759	epochs	3.0
1428.8380079817443	0.06119140000009793	epochs	3.0
1428.8991993817444	0.11985540000000583	epochs	2.0
1428.8991993817444	0.060341099999959624	epochs	3.0
1428.9595404817444	0.059514300000046205	epochs	3.0
1429.0190547817444	0.1166361999999026	epochs	2.0
1429.0190547817444	0.058709599999929196	epochs	3.0
1429.0777643817444	0.057926599999973405	epochs	3.0
1429.1356909817443	0.11358560000007856	epochs	2.0
1429.1356909817443	0.05716419999998834	epochs	3.0
1429.1928551817443	0.056421400000090216	epochs	3.0
1429.2492765817444	0.11069049999991876	epochs	2.0
1429.2492765817444	0.055697900000041045	epochs	3.0
1429.3049744817445	0.05499259999987771	epochs	3.0
1429.3599670817443	0.1079391000000669	epochs	2.0
1429.3599670817443	0.05430490000003374	epochs	3.0
1429.4142719817444	0.05363420000003316	epochs	3.0
1429.4679061817444	0.10532149999994544	epochs	2.0
1429.4679061817444	0.05297999999993408	epochs	3.0
1429.5208861817443	0.052341500000011365	epochs	3.0
1429.5732276817444	0.10282759999995505	epochs	2.0
1429.5732276817444	0.05171810000001642	epochs	3.0
1429.6249457817444	0.051109499999938635	epochs	3.0
1429.6760552817443	0.10044910000010532	epochs	2.0
1429.6760552817443	0.050514900000052876	epochs	3.0
1429.7265701817444	0.04993420000005244	epochs	3.0
1429.7765043817444	0.0981782999999723	epochs	2.0
1429.7765043817444	0.04936659999998483	epochs	3.0
1429.8258709817444	0.04881169999998747	epochs	3.0
1429.8746826817444	0.09600780000005216	epochs	2.0
1429.8746826817444	0.04826920000004975	epochs	3.0
1429.9229518817444	0.04773860000000241	epochs	3.0
1429.9706904817444	0.09393120000004274	epochs	2.0
1429.9706904817444	0.04721949999998287	epochs	3.0
1430.0179099817444	0.046711700000059864	epochs	3.0
1430.0646216817445	0.09194259999981114	epochs	2.0
1430.0646216817445	0.046214599999984785	epochs	3.0
1430.1108362817445	0.04572799999982635	epochs	3.0
1430.1565642817443	0.09003630000006524	epochs	2.0
1430.1565642817443	0.04525150000017675	epochs	3.0
1430.2018157817445	0.04478479999988849	epochs	3.0
1430.2466005817444	0.08820760000003247	epochs	2.0
1430.2466005817444	0.044327800000019124	epochs	3.0
1430.2909283817444	0.04387980000001335	epochs	3.0
1430.3348081817444	0.0864516999999978	epochs	2.0
1430.3348081817444	0.04344100000002982	epochs	3.0
1430.3782491817444	0.04301069999996798	epochs	3.0
1430.4212598817444	0.08476429999996071	epochs	2.0
1430.4212598817444	0.04258899999990717	epochs	3.0
1430.4638488817443	0.04217530000005354	epochs	3.0
1430.5060241817444	0.08314150000001064	epochs	2.0
1430.5060241817444	0.04176970000003166	epochs	3.0
1430.5477938817444	0.041371799999978975	epochs	3.0
1430.5891656817444	0.08157970000002024	epochs	2.0
1430.5891656817444	0.040981399999964196	epochs	3.0
1430.6301470817443	0.04059830000005604	epochs	3.0
1430.6707453817444	0.08007550000002084	epochs	2.0
1430.6707453817444	0.040222300000095856	epochs	3.0
1430.7109676817445	0.03985319999992498	epochs	3.0
1430.7508208817444	0.07862569999997504	epochs	2.0
1430.7508208817444	0.039490800000066884	epochs	3.0
1430.7903116817445	0.03913489999990816	epochs	3.0
1430.8294465817444	0.07722760000001472	epochs	2.0
1430.8294465817444	0.038785400000051595	epochs	3.0
1430.8682319817444	0.03844219999996312	epochs	3.0
1430.9066741817444	0.07587820000003376	epochs	2.0
1430.9066741817444	0.03810479999992822	epochs	3.0
1430.9447789817443	0.03777340000010554	epochs	3.0
1430.9825523817444	0.0745752000000266	epochs	2.0
1430.9825523817444	0.03744770000002973	epochs	3.0
1431.0200000817445	0.03712749999999687	epochs	3.0
1431.0571275817445	0.07331629999998768	epochs	2.0
1431.0571275817445	0.03681289999985893	epochs	3.0
1431.0939404817443	0.03650340000012875	epochs	3.0
1431.1304438817444	0.07209899999998015	epochs	2.0
1431.1304438817444	0.03619909999997617	epochs	3.0
1431.1666429817444	0.03589990000000398	epochs	3.0
1431.2025428817444	0.07092169999987163	epochs	2.0
1431.2025428817444	0.03560560000005353	epochs	3.0
1431.2381484817445	0.03531609999981811	epochs	3.0
1431.2734645817443	0.06978200000003199	epochs	2.0
1431.2734645817443	0.03503120000004856	epochs	3.0
1431.3084957817443	0.03475079999998343	epochs	3.0
1431.3432465817443	0.06867860000011206	epochs	2.0
1431.3432465817443	0.03447510000000875	epochs	3.0
1431.3777216817443	0.034203500000103304	epochs	3.0
1431.4119251817444	0.06760929999995824	epochs	2.0
1431.4119251817444	0.033936199999970995	epochs	3.0
1431.4458613817444	0.033673099999987244	epochs	3.0
1431.4795344817444	0.06657289999998284	epochs	2.0
1431.4795344817444	0.03341399999999339	epochs	3.0
1431.5129484817444	0.033158899999989444	epochs	3.0
1431.5461073817444	0.06556780000005347	epochs	2.0
1431.5461073817444	0.03290769999989607	epochs	3.0
1431.5790150817443	0.0326601000001574	epochs	3.0
1431.6116751817444	0.06459259999996902	epochs	2.0
1431.6116751817444	0.03241639999987456	epochs	3.0
1431.6440915817443	0.03217620000009447	epochs	3.0
1431.6762677817444	0.06364600000006249	epochs	2.0
1431.6762677817444	0.03193959999998697	epochs	3.0
1431.7082073817444	0.03170640000007552	epochs	3.0
1431.7399137817445	0.0627266999999847	epochs	2.0
1431.7399137817445	0.031476599999905375	epochs	3.0
1431.7713903817444	0.03125010000007933	epochs	3.0
1431.8026404817444	0.06183359999999993	epochs	2.0
1431.8026404817444	0.03102689999991526	epochs	3.0
1431.8336673817444	0.030806700000084675	epochs	3.0
1431.8644740817444	0.060965599999917686	epochs	2.0
1431.8644740817444	0.030589799999916067	epochs	3.0
1431.8950638817444	0.030375800000001618	epochs	3.0
1431.9254396817444	0.06012160000000222	epochs	2.0
1431.9254396817444	0.030164900000045236	epochs	3.0
1431.9556045817444	0.02995669999995698	epochs	3.0
1431.9855612817444	0.05930069999999432	epochs	2.0
1431.9855612817444	0.029751600000054168	epochs	3.0
1432.0153128817444	0.029549099999940154	epochs	3.0
1432.0448619817444	0.05850179999993088	epochs	2.0
1432.0448619817444	0.02934940000000097	epochs	3.0
1432.0742113817444	0.029152399999929912	epochs	3.0
1432.1033637817443	0.05772420000016609	epochs	2.0
1432.1033637817443	0.028958000000102402	epochs	3.0
1432.1323217817444	0.02876620000006369	epochs	3.0
1432.1610879817445	0.056967099999837956	epochs	2.0
1432.1610879817445	0.028577000000041153	epochs	3.0
1432.1896649817445	0.028390099999796803	epochs	3.0
1432.2180550817443	0.05622950000019955	epochs	2.0
1432.2180550817443	0.02820570000017142	epochs	3.0
1432.2462607817445	0.028023800000028132	epochs	3.0
1432.2742845817445	0.055510699999786084	epochs	2.0
1432.2742845817445	0.027843999999959124	epochs	3.0
1432.3021285817445	0.02766669999982696	epochs	3.0
1432.3297952817443	0.054810200000019904	epochs	2.0
1432.3297952817443	0.02749149999999645	epochs	3.0
1432.3572867817443	0.027318700000023455	epochs	3.0
1432.3846054817443	0.05412700000010773	epochs	2.0
1432.3846054817443	0.027147800000193456	epochs	3.0
1432.4117532817445	0.026979199999914272	epochs	3.0
1432.4387324817444	0.053460699999959616	epochs	2.0
1432.4387324817444	0.026812600000084785	epochs	3.0
1432.4655450817445	0.02664809999987483	epochs	3.0
1432.4921931817444	0.05281070000000909	epochs	2.0
1432.4921931817444	0.026485600000114573	epochs	3.0
1432.5186787817445	0.02632509999989452	epochs	3.0
1432.5450038817444	0.05217620000007628	epochs	2.0
1432.5450038817444	0.026166399999965506	epochs	3.0
1432.5711702817443	0.026009800000110772	epochs	3.0
1432.5971800817445	0.051556699999991906	epochs	2.0
1432.5971800817445	0.025854799999933675	epochs	3.0
1432.6230348817444	0.02570190000005823	epochs	3.0
1432.6487367817444	0.05095189999997274	epochs	2.0
1432.6487367817444	0.025550699999939752	epochs	3.0
1432.6742874817444	0.025401200000032986	epochs	3.0
1432.6996886817444	0.05036100000006627	epochs	2.0
1432.6996886817444	0.025253499999962514	epochs	3.0
1432.7249421817444	0.025107500000103755	epochs	3.0
1432.7500496817445	0.04978379999988647	epochs	2.0
1432.7500496817445	0.02496320000000196	epochs	3.0
1432.7750128817445	0.024820599999884507	epochs	3.0
1432.7998334817444	0.04921949999993558	epochs	2.0
1432.7998334817444	0.024679399999968155	epochs	3.0
1432.8245128817443	0.024540099999967424	epochs	3.0
1432.8490529817443	0.04866790000005494	epochs	2.0
1432.8490529817443	0.024402100000088467	epochs	3.0
1432.8734550817444	0.024265799999966475	epochs	3.0
1432.8977208817444	0.048128599999927246	epochs	2.0
1432.8977208817444	0.024131000000124914	epochs	3.0
1432.9218518817445	0.023997599999802333	epochs	3.0
1432.9458494817443	0.047601100000065344	epochs	2.0
1432.9458494817443	0.023865800000066884	epochs	3.0
1432.9697152817444	0.02373529999999846	epochs	3.0
1432.9934505817444	0.04708499999992455	epochs	2.0
1432.9934505817444	0.023606299999983094	epochs	3.0
1433.0170568817443	0.023478699999941455	epochs	3.0
1433.0405355817443	0.04658000000017637	epochs	2.0
1433.0405355817443	0.023352500000100918	epochs	3.0
1433.0638880817444	0.02322750000007545	epochs	3.0
1433.0871155817445	0.04608569999982137	epochs	2.0
1433.0871155817445	0.02310399999987567	epochs	3.0
1433.1102195817443	0.022981699999945704	epochs	3.0
1433.1332012817443	0.04560180000021319	epochs	2.0
1433.1332012817443	0.022860700000137513	epochs	3.0
1433.1560619817444	0.022741100000075676	epochs	3.0
1433.1788030817445	0.045127899999897636	epochs	2.0
1433.1788030817445	0.022622499999897627	epochs	3.0
1433.2014255817444	0.02250540000000001	epochs	3.0
1433.2239309817444	0.0446638000000803	epochs	2.0
1433.2239309817444	0.02238929999998618	epochs	3.0
1433.2463202817444	0.022274500000094122	epochs	3.0
1433.2685947817445	0.044209199999841076	epochs	2.0
1433.2685947817445	0.022160799999937808	epochs	3.0
1433.2907555817444	0.022048399999903268	epochs	3.0
1433.3128039817443	0.04376360000014756	epochs	2.0
1433.3128039817443	0.021936900000127935	epochs	3.0
1433.3347408817444	0.021826700000019628	epochs	3.0
1433.3565675817445	0.04332709999994222	epochs	2.0
1433.3565675817445	0.021717599999874437	epochs	3.0
1433.3782851817443	0.021609500000067783	epochs	3.0
1433.3998946817444	0.04289900000003399	epochs	2.0
1433.3998946817444	0.02150249999999687	epochs	3.0
1433.4213971817444	0.021396500000037122	epochs	3.0
1433.4427936817444	0.04247949999989942	epochs	2.0
1433.4427936817444	0.021291699999892444	epochs	3.0
1433.4640853817443	0.021187800000006973	epochs	3.0
1433.4852731817443	0.04206790000012006	epochs	2.0
1433.4852731817443	0.02108490000000529	epochs	3.0
1433.5063580817443	0.02098300000011477	epochs	3.0
1433.5273410817445	0.04166439999994509	epochs	2.0
1433.5273410817445	0.020882199999959994	epochs	3.0
1433.5482232817444	0.020782199999985096	epochs	3.0
1433.5690054817444	0.041268499999887354	epochs	2.0
1433.5690054817444	0.020683299999973315	epochs	3.0
1433.5896887817444	0.02058519999991404	epochs	3.0
1433.6102739817443	0.04088000000001557	epochs	2.0
1433.6102739817443	0.0204881000001933	epochs	3.0
1433.6307620817445	0.02039189999982227	epochs	3.0
1433.6511539817443	0.04049880000002304	epochs	2.0
1433.6511539817443	0.0202966000001652	epochs	3.0
1433.6714505817445	0.02020219999985784	epochs	3.0
1433.6916527817443	0.04012460000012652	epochs	2.0
1433.6916527817443	0.02010870000003706	epochs	3.0
1433.7117614817444	0.02001590000008946	epochs	3.0
1433.7317773817445	0.03975730000001931	epochs	2.0
1433.7317773817445	0.0199241999998776	epochs	3.0
1433.7517015817443	0.019833100000141712	epochs	3.0
1433.7715346817445	0.03939669999999751	epochs	2.0
1433.7715346817445	0.019742999999834865	epochs	3.0
1433.7912776817443	0.019653700000162644	epochs	3.0
1433.8109313817445	0.03904239999997117	epochs	2.0
1433.8109313817445	0.019565099999908853	epochs	3.0
1433.8304964817444	0.019477300000062314	epochs	3.0
1433.8499737817444	0.03869459999987157	epochs	2.0
1433.8499737817444	0.019390400000020236	epochs	3.0
1433.8693641817445	0.019304199999851335	epochs	3.0
1433.8886683817443	0.03835290000006353	epochs	2.0
1433.8886683817443	0.019218800000089686	epochs	3.0
1433.9078871817444	0.01913409999997384	epochs	3.0
1433.9270212817444	0.03801720000001296	epochs	2.0
1433.9270212817444	0.019050200000037876	epochs	3.0
1433.9460714817444	0.018966999999975087	epochs	3.0
1433.9650384817444	0.03768719999993664	epochs	2.0
1433.9650384817444	0.01888450000001285	epochs	3.0
1433.9839229817444	0.01880269999992379	epochs	3.0
1434.0027256817443	0.03736309999999321	epochs	2.0
1434.0027256817443	0.018721700000014607	epochs	3.0
1434.0214473817443	0.018641399999978603	epochs	3.0
1434.0400887817443	0.037044300000161456	epochs	2.0
1434.0400887817443	0.018561600000111866	epochs	3.0
1434.0586503817444	0.01848270000004959	epochs	3.0
1434.0771330817445	0.03673099999991791	epochs	2.0
1434.0771330817445	0.018404299999929208	epochs	3.0
1434.0955373817444	0.018326699999988705	epochs	3.0
1434.1138640817444	0.03642289999993409	epochs	2.0
1434.1138640817444	0.018249599999990096	epochs	3.0
1434.1321136817444	0.018173299999943993	epochs	3.0
1434.1502869817443	0.03612010000006194	epochs	2.0
1434.1502869817443	0.018097600000146485	epochs	3.0
1434.1683845817445	0.018022499999915453	epochs	3.0
1434.1864070817444	0.03582209999990482	epochs	2.0
1434.1864070817444	0.017947900000081063	epochs	3.0
1434.2043549817445	0.01787419999982376	epochs	3.0
1434.2222291817443	0.03552899999999681	epochs	2.0
1434.2222291817443	0.017800800000031813	epochs	3.0
1434.2400299817443	0.017728199999965	epochs	3.0
1434.2577581817443	0.03524070000003121	epochs	2.0
1434.2577581817443	0.017656100000067454	epochs	3.0
1434.2754142817444	0.017584599999963757	epochs	3.0
1434.2929988817443	0.03495710000015606	epochs	2.0
1434.2929988817443	0.017513700000108656	epochs	3.0
1434.3105125817444	0.017443400000047404	epochs	3.0
1434.3279559817445	0.034677899999906	epochs	2.0
1434.3279559817445	0.017373599999928047	epochs	3.0
1434.3453295817444	0.017304299999977957	epochs	3.0
1434.3626338817444	0.03440329999989444	epochs	2.0
1434.3626338817444	0.017235699999901044	epochs	3.0
1434.3798695817443	0.0171675999999934	epochs	3.0
1434.3970371817443	0.034132800000179486	epochs	2.0
1434.3970371817443	0.017099900000175694	epochs	3.0
1434.4141370817445	0.017032900000003792	epochs	3.0
1434.4311699817445	0.03386669999986225	epochs	2.0
1434.4311699817445	0.01696640000000116	epochs	3.0
1434.4481363817445	0.01690029999986109	epochs	3.0
1434.4650366817443	0.03360459999998966	epochs	2.0
1434.4650366817443	0.01683479999996962	epochs	3.0
1434.4818714817443	0.01676980000002004	epochs	3.0
1434.4986412817443	0.0333466000001863	epochs	2.0
1434.4986412817443	0.016705300000012357	epochs	3.0
1434.5153465817443	0.016641300000173942	epochs	3.0
1434.5319878817445	0.033092499999838765	epochs	2.0
1434.5319878817445	0.016577799999822673	epochs	3.0
1434.5485656817443	0.01651470000001609	epochs	3.0
1434.5650803817443	0.032842300000083924	epochs	2.0
1434.5650803817443	0.01645220000000336	epochs	3.0
1434.5815325817443	0.016390100000080565	epochs	3.0
1434.5979226817444	0.03259570000000167	epochs	2.0
1434.5979226817444	0.016328400000020338	epochs	3.0
1434.6142510817444	0.016267299999981333	epochs	3.0
1434.6305183817444	0.032352899999978035	epochs	2.0
1434.6305183817444	0.016206600000032267	epochs	3.0
1434.6467249817445	0.016146299999945768	epochs	3.0
1434.6628712817444	0.032113700000081735	epochs	2.0
1434.6628712817444	0.01608659999988049	epochs	3.0
1434.6789578817443	0.016027100000201244	epochs	3.0
1434.6949849817445	0.03187800000000607	epochs	2.0
1434.6949849817445	0.0159681999998611	epochs	3.0
1434.7109531817443	0.01590980000014497	epochs	3.0
1434.7268629817445	0.03164569999989908	epochs	2.0
1434.7268629817445	0.015851599999905375	epochs	3.0
1434.7427145817444	0.015794099999993705	epochs	3.0
1434.7585086817444	0.031416699999908815	epochs	2.0
1434.7585086817444	0.01573669999993399	epochs	3.0
1434.7742453817443	0.015679999999974825	epochs	3.0
1434.7899253817443	0.031191100000114602	epochs	2.0
1434.7899253817443	0.015623600000026272	epochs	3.0
1434.8055489817443	0.01556750000008833	epochs	3.0
1434.8211164817444	0.030968699999903038	epochs	2.0
1434.8211164817444	0.015511999999944237	epochs	3.0
1434.8366284817444	0.0154566999999588	epochs	3.0
1434.8520851817443	0.030749500000183616	epochs	2.0
1434.8520851817443	0.015401999999994587	epochs	3.0
1434.8674871817443	0.01534750000018903	epochs	3.0
1434.8828346817445	0.030533199999808858	epochs	2.0
1434.8828346817445	0.01529339999979129	epochs	3.0
1434.8981280817443	0.015239800000017567	epochs	3.0
1434.9133678817443	0.030320100000153616	epochs	2.0
1434.9133678817443	0.015186500000027081	epochs	3.0
1434.9285543817443	0.015133600000126535	epochs	3.0
1434.9436879817445	0.030109899999843037	epochs	2.0
1434.9436879817445	0.015081000000009226	epochs	3.0
1434.9587689817445	0.015028899999833811	epochs	3.0
1434.9737978817443	0.029902500000162036	epochs	2.0
1434.9737978817443	0.014977000000044427	epochs	3.0
1434.9887748817443	0.014925500000117609	epochs	3.0
1435.0037003817445	0.029698099999905025	epochs	2.0
1435.0037003817445	0.014874399999825982	epochs	3.0
1435.0185747817443	0.014823700000079043	epochs	3.0
1435.0333984817444	0.029496300000118936	epochs	2.0
1435.0333984817444	0.014773200000036013	epochs	3.0
1435.0481716817444	0.014723100000082923	epochs	3.0
1435.0628947817445	0.029297399999904883	epochs	2.0
1435.0628947817445	0.014673399999992398	epochs	3.0
1435.0775681817445	0.014623999999912485	epochs	3.0
1435.0921921817444	0.029101099999934377	epochs	2.0
1435.0921921817444	0.014574900000070556	epochs	3.0
1435.1067670817445	0.01452619999986382	epochs	3.0
1435.1212932817443	0.028907399999980044	epochs	2.0
1435.1212932817443	0.014477700000043114	epochs	3.0
1435.1357709817444	0.014429699999936929	epochs	3.0
1435.1502006817443	0.02871620000018993	epochs	2.0
1435.1502006817443	0.014381800000137446	epochs	3.0
1435.1645824817444	0.014334400000052483	epochs	3.0
1435.1789168817445	0.02852759999996124	epochs	2.0
1435.1789168817445	0.014287199999898803	epochs	3.0
1435.1932040817444	0.014240400000062436	epochs	3.0
1435.2074444817445	0.02834139999981744	epochs	2.0
1435.2074444817445	0.014193799999929979	epochs	3.0
1435.2216382817444	0.014147599999887461	epochs	3.0
1435.2357858817443	0.028157700000065233	epochs	2.0
1435.2357858817443	0.014101700000082928	epochs	3.0
1435.2498875817444	0.014055999999982305	epochs	3.0
1435.2639435817443	0.027976300000091214	epochs	2.0
1435.2639435817443	0.014010600000119666	epochs	3.0
1435.2779541817445	0.013965699999971548	epochs	3.0
1435.2919198817444	0.027797199999895383	epochs	2.0
1435.2919198817444	0.013920800000050804	epochs	3.0
1435.3058406817445	0.01387639999984458	epochs	3.0
1435.3197170817443	0.02762040000015986	epochs	2.0
1435.3197170817443	0.013832200000024386	epochs	3.0
1435.3335492817444	0.013788200000135475	epochs	3.0
1435.3473374817445	0.027445899999975154	epochs	2.0
1435.3473374817445	0.013744599999881757	epochs	3.0
1435.3610820817444	0.013701300000093397	epochs	3.0
1435.3747833817445	0.027273499999864725	epochs	2.0
1435.3747833817445	0.013658200000008947	epochs	3.0
1435.3884415817445	0.013615299999855779	epochs	3.0
1435.4020568817443	0.027103399999987232	epochs	2.0
1435.4020568817443	0.013572800000019924	epochs	3.0
1435.4156296817443	0.013530599999967308	epochs	3.0
1435.4291602817443	0.02693520000002536	epochs	2.0
1435.4291602817443	0.013488400000142065	epochs	3.0
1435.4426486817445	0.013446799999883297	epochs	3.0
1435.4560954817443	0.026769199999989723	epochs	2.0
1435.4560954817443	0.013405200000079276	epochs	3.0
1435.4695006817444	0.013363999999910448	epochs	3.0
1435.4828646817443	0.026605199999949036	epochs	2.0
1435.4828646817443	0.013322900000048321	epochs	3.0
1435.4961875817444	0.013282299999900715	epochs	3.0
1435.5094698817443	0.026443200000130673	epochs	2.0
1435.5094698817443	0.013241700000207857	epochs	3.0
1435.5227115817445	0.013201499999922817	epochs	3.0
1435.5359130817444	0.026283200000079887	epochs	2.0
1435.5359130817444	0.013161500000023807	epochs	3.0
1435.5490745817444	0.01312170000005608	epochs	3.0
1435.5621962817445	0.026124999999865395	epochs	2.0
1435.5621962817445	0.013082099999792263	epochs	3.0
1435.5752783817443	0.013042900000073132	epochs	3.0
1435.5883212817444	0.025968899999952555	epochs	2.0
1435.5883212817444	0.01300390000005791	epochs	3.0
1435.6013251817444	0.012964999999894644	epochs	3.0
1435.6142901817443	0.025814500000024054	epochs	2.0
1435.6142901817443	0.012926399999969362	epochs	3.0
1435.6272165817443	0.012888100000054692	epochs	3.0
1435.6401046817443	0.02566190000015922	epochs	2.0
1435.6401046817443	0.012849899999991976	epochs	3.0
1435.6529545817443	0.012812000000167245	epochs	3.0
1435.6657665817445	0.025511199999982637	epochs	2.0
1435.6657665817445	0.012774399999898378	epochs	3.0
1435.6785409817444	0.012736800000084258	epochs	3.0
1435.6912777817445	0.02536229999986972	epochs	2.0
1435.6912777817445	0.01269969999998466	epochs	3.0
1435.7039774817445	0.01266259999988506	epochs	3.0
1435.7166400817443	0.02521500000011656	epochs	2.0
1435.7166400817443	0.012625800000023446	epochs	3.0
1435.7292658817444	0.012589200000093115	epochs	3.0
1435.7418550817445	0.024584799999956886	epochs	2.0
1435.7643962817444	0.5	epochs	-1.0
1435.7664398817444	0.9999199999999746	epochs	1.0
1436.2643962817444	0.5	epochs	-1.0
1437.7159996032715	0.06744000000003325	epochs	0.0
1437.7159996032715	0.0287226999998893	epochs	1.0
1437.7447223032714	0.009994600000027276	epochs	1.0
1437.7547169032714	0.028722700000116674	epochs	1.0
1437.7834396032715	2.0	epochs	0.0
1439.7834396032715	0.5318399999998746	epochs	0.0
1439.7834396032715	0.5318399999998746	epochs	1.0
1439.7834760032715	0.5	epochs	-1.0
1440.2834760032715	0.03180359999987559	epochs	-1.0
1440.3152796032714	21.4680800000001	epochs	0.0
1441.6449999809265	0.06744000000003325	epochs	0.0
1441.6449999809265	0.0287226999998893	epochs	1.0
1441.6737226809264	0.009994600000027276	epochs	1.0
1441.6837172809264	0.028722700000116674	epochs	1.0
1441.7124399809265	2.0	epochs	0.0
1443.7124399809265	21.512159999999994	epochs	0.0
1443.7124399809265	1.0	epochs	1.0
1443.7124763809265	0.5	epochs	-1.0
1444.2124763809265	19.997920000000022	epochs	-1.0
1444.7124399809265	20.0	epochs	1.0
1444.7124399809265	4.356753900000058	epochs	-1.0
1444.7124399809265	1.9745871999998599	epochs	2.0
1444.7124399809265	1.0985622000000603	epochs	3.0
1445.8110021809266	0.8760249999997995	epochs	3.0
1446.6870271809264	1.3524075000000266	epochs	2.0
1446.6870271809264	0.7286355000001095	epochs	3.0
1447.4156626809265	0.6237719999999172	epochs	3.0
1448.0394346809264	1.0297592000001714	epochs	2.0
1448.0394346809264	0.5453293000000485	epochs	3.0
1448.5847639809265	0.48442990000012287	epochs	3.0
1449.0691938809266	0.8317861999998968	epochs	2.0
1449.0691938809266	0.4357762999998158	epochs	3.0
1449.5049701809264	0.39600990000008096	epochs	3.0
1449.9009800809265	0.6977970000000369	epochs	2.0
1449.9009800809265	0.3628982000000178	epochs	3.0
1450.2638782809265	0.33489880000001904	epochs	3.0
1450.5987770809265	0.601045699999986	epochs	2.0
1450.5987770809265	0.3109122999999272	epochs	3.0
1450.9096893809265	0.2901334000000588	epochs	3.0
1451.1998227809265	0.5278859000000011	epochs	2.0
1451.1998227809265	0.2719586000000618	epochs	3.0
1451.4717813809266	0.25592729999993935	epochs	3.0
1451.7277086809265	0.470619299999953	epochs	2.0
1451.7277086809265	0.241681299999982	epochs	3.0
1451.9693899809265	0.228937999999971	epochs	3.0
1452.1983279809265	0.42457039999999324	epochs	2.0
1452.1983279809265	0.21747140000002219	epochs	3.0
1452.4157993809265	0.20709899999997106	epochs	3.0
1452.6228983809265	0.3867354000001342	epochs	2.0
1452.6228983809265	0.19767109999997956	epochs	3.0
1452.8205694809265	0.18906430000015462	epochs	3.0
1453.0096337809266	0.35509529999990264	epochs	2.0
1453.0096337809266	0.18117589999997108	epochs	3.0
1453.1908096809266	0.17391939999993156	epochs	3.0
1453.3647290809265	0.3282431000000088	epochs	2.0
1453.3647290809265	0.16722189999995862	epochs	3.0
1453.5319509809265	0.16102120000005016	epochs	3.0
1453.6929721809265	0.30516800000009425	epochs	2.0
1453.6929721809265	0.15526389999990897	epochs	3.0
1453.8482360809264	0.14990410000018528	epochs	3.0
1453.9981401809266	0.28512529999989056	epochs	2.0
1453.9981401809266	0.14490209999985382	epochs	3.0
1454.1430422809265	0.14022320000003674	epochs	3.0
1454.2832654809265	0.267553800000087	epochs	2.0
1454.2832654809265	0.1358368999999584	epochs	3.0
1454.4191023809265	0.1317169000001286	epochs	3.0
1454.5508192809266	0.252022899999929	epochs	2.0
1454.5508192809266	0.1278393000000051	epochs	3.0
1454.6786585809266	0.1241835999999239	epochs	3.0
1454.8028421809265	0.23819649999995818	epochs	2.0
1454.8028421809265	0.12073110000005727	epochs	3.0
1454.9235732809266	0.11746539999990091	epochs	3.0
1455.0410386809265	0.2258088000000953	epochs	2.0
1455.0410386809265	0.1143718999999237	epochs	3.0
1455.1554105809264	0.11143690000017159	epochs	3.0
1455.2668474809266	0.21464599999990241	epochs	2.0
1455.2668474809266	0.10864889999993466	epochs	3.0
1455.3754963809265	0.10599709999996776	epochs	3.0
1455.4814934809265	0.20453500000007807	epochs	2.0
1455.4814934809265	0.10347150000006877	epochs	3.0
1455.5849649809265	0.1010635000000093	epochs	3.0
1455.6860284809266	0.19533400000000256	epochs	2.0
1455.6860284809266	0.09876510000003691	epochs	3.0
1455.7847935809266	0.09656889999996565	epochs	3.0
1455.8813624809266	0.18692529999998442	epochs	2.0
1455.8813624809266	0.09446830000001682	epochs	3.0
1455.9758307809266	0.09245699999996759	epochs	3.0
1456.0682877809265	0.17921069999988504	epochs	2.0
1456.0682877809265	0.0905296000000817	epochs	3.0
1456.1588173809266	0.08868109999980334	epochs	3.0
1456.2474984809264	0.17210770000019693	epochs	2.0
1456.2474984809264	0.08690630000000965	epochs	3.0
1456.3344047809264	0.08520140000018728	epochs	3.0
1456.4196061809266	0.1655463999998119	epochs	2.0
1456.4196061809266	0.08356189999994967	epochs	3.0
1456.5031680809266	0.08198449999986224	epochs	3.0
1456.5851525809264	0.15946710000002895	epochs	2.0
1456.5851525809264	0.08046540000009372	epochs	3.0
1456.6656179809265	0.07900169999993523	epochs	3.0
1456.7446196809265	0.15381840000009106	epochs	2.0
1456.7446196809265	0.07759009999995214	epochs	3.0
1456.8222097809264	0.07622830000013892	epochs	3.0
1456.8984380809266	0.14855639999996129	epochs	2.0
1456.8984380809266	0.07491329999993468	epochs	3.0
1456.9733513809265	0.0736431000000266	epochs	3.0
1457.0469944809265	0.14364240000008976	epochs	2.0
1457.0469944809265	0.07241500000009182	epochs	3.0
1457.1194094809266	0.07122739999999794	epochs	3.0
1457.1906368809266	0.13904309999998077	epochs	2.0
1457.1906368809266	0.07007799999996678	epochs	3.0
1457.2607148809266	0.06896510000001399	epochs	3.0
1457.3296799809266	0.13472929999988992	epochs	2.0
1457.3296799809266	0.0678871000000072	epochs	3.0
1457.3975670809266	0.06684219999988272	epochs	3.0
1457.4644092809265	0.1306752000000415	epochs	2.0
1457.4644092809265	0.06582909999997355	epochs	3.0
1457.5302383809264	0.06484610000006796	epochs	3.0
1457.5950844809265	0.1268577999999252	epochs	2.0
1457.5950844809265	0.06389199999989614	epochs	3.0
1457.6589764809264	0.06296580000002905	epochs	3.0
1457.7219422809264	0.12325720000012552	epochs	2.0
1457.7219422809264	0.06206580000002759	epochs	3.0
1457.7840080809265	0.06119140000009793	epochs	3.0
1457.8451994809266	0.11985540000000583	epochs	2.0
1457.8451994809266	0.060341099999959624	epochs	3.0
1457.9055405809265	0.059514300000046205	epochs	3.0
1457.9650548809266	0.1166361999999026	epochs	2.0
1457.9650548809266	0.058709599999929196	epochs	3.0
1458.0237644809265	0.057926599999973405	epochs	3.0
1458.0816910809265	0.11358560000007856	epochs	2.0
1458.0816910809265	0.05716419999998834	epochs	3.0
1458.1388552809265	0.056421400000090216	epochs	3.0
1458.1952766809266	0.11069049999991876	epochs	2.0
1458.1952766809266	0.055697900000041045	epochs	3.0
1458.2509745809266	0.05499259999987771	epochs	3.0
1458.3059671809265	0.1079391000000669	epochs	2.0
1458.3059671809265	0.05430490000003374	epochs	3.0
1458.3602720809265	0.05363420000003316	epochs	3.0
1458.4139062809265	0.10532149999994544	epochs	2.0
1458.4139062809265	0.05297999999993408	epochs	3.0
1458.4668862809265	0.052341500000011365	epochs	3.0
1458.5192277809265	0.10282759999995505	epochs	2.0
1458.5192277809265	0.05171810000001642	epochs	3.0
1458.5709458809265	0.051109499999938635	epochs	3.0
1458.6220553809264	0.10044910000010532	epochs	2.0
1458.6220553809264	0.050514900000052876	epochs	3.0
1458.6725702809265	0.04993420000005244	epochs	3.0
1458.7225044809265	0.0981782999999723	epochs	2.0
1458.7225044809265	0.04936659999998483	epochs	3.0
1458.7718710809265	0.04881169999998747	epochs	3.0
1458.8206827809265	0.09600780000005216	epochs	2.0
1458.8206827809265	0.04826920000004975	epochs	3.0
1458.8689519809266	0.04773860000000241	epochs	3.0
1458.9166905809266	0.09393120000004274	epochs	2.0
1458.9166905809266	0.04721949999998287	epochs	3.0
1458.9639100809266	0.046711700000059864	epochs	3.0
1459.0106217809266	0.09194259999981114	epochs	2.0
1459.0106217809266	0.046214599999984785	epochs	3.0
1459.0568363809266	0.04572799999982635	epochs	3.0
1459.1025643809264	0.09003630000006524	epochs	2.0
1459.1025643809264	0.04525150000017675	epochs	3.0
1459.1478158809266	0.04478479999988849	epochs	3.0
1459.1926006809265	0.08820760000003247	epochs	2.0
1459.1926006809265	0.044327800000019124	epochs	3.0
1459.2369284809265	0.04387980000001335	epochs	3.0
1459.2808082809265	0.0864516999999978	epochs	2.0
1459.2808082809265	0.04344100000002982	epochs	3.0
1459.3242492809266	0.04301069999996798	epochs	3.0
1459.3672599809265	0.08476429999996071	epochs	2.0
1459.3672599809265	0.04258899999990717	epochs	3.0
1459.4098489809264	0.04217530000005354	epochs	3.0
1459.4520242809265	0.08314150000001064	epochs	2.0
1459.4520242809265	0.04176970000003166	epochs	3.0
1459.4937939809265	0.041371799999978975	epochs	3.0
1459.5351657809265	0.08157970000002024	epochs	2.0
1459.5351657809265	0.040981399999964196	epochs	3.0
1459.5761471809265	0.04059830000005604	epochs	3.0
1459.6167454809265	0.08007550000002084	epochs	2.0
1459.6167454809265	0.040222300000095856	epochs	3.0
1459.6569677809266	0.03985319999992498	epochs	3.0
1459.6968209809265	0.07862569999997504	epochs	2.0
1459.6968209809265	0.039490800000066884	epochs	3.0
1459.7363117809266	0.03913489999990816	epochs	3.0
1459.7754466809265	0.07722760000001472	epochs	2.0
1459.7754466809265	0.038785400000051595	epochs	3.0
1459.8142320809266	0.03844219999996312	epochs	3.0
1459.8526742809265	0.07587820000003376	epochs	2.0
1459.8526742809265	0.03810479999992822	epochs	3.0
1459.8907790809264	0.03777340000010554	epochs	3.0
1459.9285524809266	0.0745752000000266	epochs	2.0
1459.9285524809266	0.03744770000002973	epochs	3.0
1459.9660001809266	0.03712749999999687	epochs	3.0
1460.0031276809266	0.07331629999998768	epochs	2.0
1460.0031276809266	0.03681289999985893	epochs	3.0
1460.0399405809264	0.03650340000012875	epochs	3.0
1460.0764439809266	0.07209899999998015	epochs	2.0
1460.0764439809266	0.03619909999997617	epochs	3.0
1460.1126430809265	0.03589990000000398	epochs	3.0
1460.1485429809265	0.07092169999987163	epochs	2.0
1460.1485429809265	0.03560560000005353	epochs	3.0
1460.1841485809266	0.03531609999981811	epochs	3.0
1460.2194646809264	0.06978200000003199	epochs	2.0
1460.2194646809264	0.03503120000004856	epochs	3.0
1460.2544958809265	0.03475079999998343	epochs	3.0
1460.2892466809265	0.06867860000011206	epochs	2.0
1460.2892466809265	0.03447510000000875	epochs	3.0
1460.3237217809265	0.034203500000103304	epochs	3.0
1460.3579252809266	0.06760929999995824	epochs	2.0
1460.3579252809266	0.033936199999970995	epochs	3.0
1460.3918614809265	0.033673099999987244	epochs	3.0
1460.4255345809265	0.06657289999998284	epochs	2.0
1460.4255345809265	0.03341399999999339	epochs	3.0
1460.4589485809265	0.033158899999989444	epochs	3.0
1460.4921074809265	0.06556780000005347	epochs	2.0
1460.4921074809265	0.03290769999989607	epochs	3.0
1460.5250151809264	0.0326601000001574	epochs	3.0
1460.5576752809266	0.06459259999996902	epochs	2.0
1460.5576752809266	0.03241639999987456	epochs	3.0
1460.5900916809264	0.03217620000009447	epochs	3.0
1460.6222678809265	0.06364600000006249	epochs	2.0
1460.6222678809265	0.03193959999998697	epochs	3.0
1460.6542074809265	0.03170640000007552	epochs	3.0
1460.6859138809266	0.0627266999999847	epochs	2.0
1460.6859138809266	0.031476599999905375	epochs	3.0
1460.7173904809265	0.03125010000007933	epochs	3.0
1460.7486405809266	0.06183359999999993	epochs	2.0
1460.7486405809266	0.03102689999991526	epochs	3.0
1460.7796674809265	0.030806700000084675	epochs	3.0
1460.8104741809266	0.060965599999917686	epochs	2.0
1460.8104741809266	0.030589799999916067	epochs	3.0
1460.8410639809265	0.030375800000001618	epochs	3.0
1460.8714397809265	0.06012160000000222	epochs	2.0
1460.8714397809265	0.030164900000045236	epochs	3.0
1460.9016046809265	0.02995669999995698	epochs	3.0
1460.9315613809265	0.05930069999999432	epochs	2.0
1460.9315613809265	0.029751600000054168	epochs	3.0
1460.9613129809266	0.029549099999940154	epochs	3.0
1460.9908620809265	0.05850179999993088	epochs	2.0
1460.9908620809265	0.02934940000000097	epochs	3.0
1461.0202114809265	0.029152399999929912	epochs	3.0
1461.0493638809264	0.05772420000016609	epochs	2.0
1461.0493638809264	0.028958000000102402	epochs	3.0
1461.0783218809265	0.02876620000006369	epochs	3.0
1461.1070880809266	0.056967099999837956	epochs	2.0
1461.1070880809266	0.028577000000041153	epochs	3.0
1461.1356650809266	0.028390099999796803	epochs	3.0
1461.1640551809264	0.05622950000019955	epochs	2.0
1461.1640551809264	0.02820570000017142	epochs	3.0
1461.1922608809266	0.028023800000028132	epochs	3.0
1461.2202846809266	0.055510699999786084	epochs	2.0
1461.2202846809266	0.027843999999959124	epochs	3.0
1461.2481286809266	0.02766669999982696	epochs	3.0
1461.2757953809264	0.054810200000019904	epochs	2.0
1461.2757953809264	0.02749149999999645	epochs	3.0
1461.3032868809264	0.027318700000023455	epochs	3.0
1461.3306055809264	0.05412700000010773	epochs	2.0
1461.3306055809264	0.027147800000193456	epochs	3.0
1461.3577533809266	0.026979199999914272	epochs	3.0
1461.3847325809265	0.053460699999959616	epochs	2.0
1461.3847325809265	0.026812600000084785	epochs	3.0
1461.4115451809266	0.02664809999987483	epochs	3.0
1461.4381932809265	0.05281070000000909	epochs	2.0
1461.4381932809265	0.026485600000114573	epochs	3.0
1461.4646788809266	0.02632509999989452	epochs	3.0
1461.4910039809265	0.05217620000007628	epochs	2.0
1461.4910039809265	0.026166399999965506	epochs	3.0
1461.5171703809265	0.026009800000110772	epochs	3.0
1461.5431801809266	0.051556699999991906	epochs	2.0
1461.5431801809266	0.025854799999933675	epochs	3.0
1461.5690349809265	0.02570190000005823	epochs	3.0
1461.5947368809266	0.05095189999997274	epochs	2.0
1461.5947368809266	0.025550699999939752	epochs	3.0
1461.6202875809265	0.025401200000032986	epochs	3.0
1461.6456887809265	0.05036100000006627	epochs	2.0
1461.6456887809265	0.025253499999962514	epochs	3.0
1461.6709422809265	0.025107500000103755	epochs	3.0
1461.6960497809266	0.04978379999988647	epochs	2.0
1461.6960497809266	0.02496320000000196	epochs	3.0
1461.7210129809266	0.024820599999884507	epochs	3.0
1461.7458335809265	0.04921949999993558	epochs	2.0
1461.7458335809265	0.024679399999968155	epochs	3.0
1461.7705129809265	0.024540099999967424	epochs	3.0
1461.7950530809264	0.04866790000005494	epochs	2.0
1461.7950530809264	0.024402100000088467	epochs	3.0
1461.8194551809265	0.024265799999966475	epochs	3.0
1461.8437209809265	0.048128599999927246	epochs	2.0
1461.8437209809265	0.024131000000124914	epochs	3.0
1461.8678519809266	0.023997599999802333	epochs	3.0
1461.8918495809264	0.047601100000065344	epochs	2.0
1461.8918495809264	0.023865800000066884	epochs	3.0
1461.9157153809265	0.02373529999999846	epochs	3.0
1461.9394506809265	0.04708499999992455	epochs	2.0
1461.9394506809265	0.023606299999983094	epochs	3.0
1461.9630569809265	0.023478699999941455	epochs	3.0
1461.9865356809264	0.04658000000017637	epochs	2.0
1461.9865356809264	0.023352500000100918	epochs	3.0
1462.0098881809265	0.02322750000007545	epochs	3.0
1462.0331156809266	0.04608569999982137	epochs	2.0
1462.0331156809266	0.02310399999987567	epochs	3.0
1462.0562196809265	0.022981699999945704	epochs	3.0
1462.0792013809264	0.04560180000021319	epochs	2.0
1462.0792013809264	0.022860700000137513	epochs	3.0
1462.1020620809265	0.022741100000075676	epochs	3.0
1462.1248031809266	0.045127899999897636	epochs	2.0
1462.1248031809266	0.022622499999897627	epochs	3.0
1462.1474256809265	0.02250540000000001	epochs	3.0
1462.1699310809265	0.0446638000000803	epochs	2.0
1462.1699310809265	0.02238929999998618	epochs	3.0
1462.1923203809265	0.022274500000094122	epochs	3.0
1462.2145948809266	0.044209199999841076	epochs	2.0
1462.2145948809266	0.022160799999937808	epochs	3.0
1462.2367556809265	0.022048399999903268	epochs	3.0
1462.2588040809264	0.04376360000014756	epochs	2.0
1462.2588040809264	0.021936900000127935	epochs	3.0
1462.2807409809266	0.021826700000019628	epochs	3.0
1462.3025676809266	0.04332709999994222	epochs	2.0
1462.3025676809266	0.021717599999874437	epochs	3.0
1462.3242852809265	0.021609500000067783	epochs	3.0
1462.3458947809265	0.04289900000003399	epochs	2.0
1462.3458947809265	0.02150249999999687	epochs	3.0
1462.3673972809265	0.021396500000037122	epochs	3.0
1462.3887937809266	0.04247949999989942	epochs	2.0
1462.3887937809266	0.021291699999892444	epochs	3.0
1462.4100854809265	0.021187800000006973	epochs	3.0
1462.4312732809265	0.04206790000012006	epochs	2.0
1462.4312732809265	0.02108490000000529	epochs	3.0
1462.4523581809265	0.02098300000011477	epochs	3.0
1462.4733411809266	0.04166439999994509	epochs	2.0
1462.4733411809266	0.020882199999959994	epochs	3.0
1462.4942233809265	0.020782199999985096	epochs	3.0
1462.5150055809265	0.041268499999887354	epochs	2.0
1462.5150055809265	0.020683299999973315	epochs	3.0
1462.5356888809265	0.02058519999991404	epochs	3.0
1462.5562740809264	0.04088000000001557	epochs	2.0
1462.5562740809264	0.0204881000001933	epochs	3.0
1462.5767621809266	0.02039189999982227	epochs	3.0
1462.5971540809264	0.04049880000002304	epochs	2.0
1462.5971540809264	0.0202966000001652	epochs	3.0
1462.6174506809266	0.02020219999985784	epochs	3.0
1462.6376528809265	0.04012460000012652	epochs	2.0
1462.6376528809265	0.02010870000003706	epochs	3.0
1462.6577615809265	0.02001590000008946	epochs	3.0
1462.6777774809266	0.03975730000001931	epochs	2.0
1462.6777774809266	0.0199241999998776	epochs	3.0
1462.6977016809265	0.019833100000141712	epochs	3.0
1462.7175347809266	0.03939669999999751	epochs	2.0
1462.7175347809266	0.019742999999834865	epochs	3.0
1462.7372777809264	0.019653700000162644	epochs	3.0
1462.7569314809266	0.03904239999997117	epochs	2.0
1462.7569314809266	0.019565099999908853	epochs	3.0
1462.7764965809265	0.019477300000062314	epochs	3.0
1462.7959738809266	0.03869459999987157	epochs	2.0
1462.7959738809266	0.019390400000020236	epochs	3.0
1462.8153642809266	0.019304199999851335	epochs	3.0
1462.8346684809264	0.03835290000006353	epochs	2.0
1462.8346684809264	0.019218800000089686	epochs	3.0
1462.8538872809265	0.01913409999997384	epochs	3.0
1462.8730213809265	0.03801720000001296	epochs	2.0
1462.8730213809265	0.019050200000037876	epochs	3.0
1462.8920715809265	0.018966999999975087	epochs	3.0
1462.9110385809265	0.03768719999993664	epochs	2.0
1462.9110385809265	0.01888450000001285	epochs	3.0
1462.9299230809265	0.01880269999992379	epochs	3.0
1462.9487257809265	0.03736309999999321	epochs	2.0
1462.9487257809265	0.018721700000014607	epochs	3.0
1462.9674474809265	0.018641399999978603	epochs	3.0
1462.9860888809264	0.037044300000161456	epochs	2.0
1462.9860888809264	0.018561600000111866	epochs	3.0
1463.0046504809266	0.01848270000004959	epochs	3.0
1463.0231331809266	0.03673099999991791	epochs	2.0
1463.0231331809266	0.018404299999929208	epochs	3.0
1463.0415374809265	0.018326699999988705	epochs	3.0
1463.0598641809265	0.03642289999993409	epochs	2.0
1463.0598641809265	0.018249599999990096	epochs	3.0
1463.0781137809265	0.018173299999943993	epochs	3.0
1463.0962870809265	0.03612010000006194	epochs	2.0
1463.0962870809265	0.018097600000146485	epochs	3.0
1463.1143846809266	0.018022499999915453	epochs	3.0
1463.1324071809265	0.03582209999990482	epochs	2.0
1463.1324071809265	0.017947900000081063	epochs	3.0
1463.1503550809266	0.01787419999982376	epochs	3.0
1463.1682292809264	0.03552899999999681	epochs	2.0
1463.1682292809264	0.017800800000031813	epochs	3.0
1463.1860300809265	0.017728199999965	epochs	3.0
1463.2037582809264	0.03524070000003121	epochs	2.0
1463.2037582809264	0.017656100000067454	epochs	3.0
1463.2214143809265	0.017584599999963757	epochs	3.0
1463.2389989809265	0.03495710000015606	epochs	2.0
1463.2389989809265	0.017513700000108656	epochs	3.0
1463.2565126809266	0.017443400000047404	epochs	3.0
1463.2739560809266	0.034677899999906	epochs	2.0
1463.2739560809266	0.017373599999928047	epochs	3.0
1463.2913296809265	0.017304299999977957	epochs	3.0
1463.3086339809265	0.03440329999989444	epochs	2.0
1463.3086339809265	0.017235699999901044	epochs	3.0
1463.3258696809264	0.0171675999999934	epochs	3.0
1463.3430372809264	0.034132800000179486	epochs	2.0
1463.3430372809264	0.017099900000175694	epochs	3.0
1463.3601371809266	0.017032900000003792	epochs	3.0
1463.3771700809266	0.03386669999986225	epochs	2.0
1463.3771700809266	0.01696640000000116	epochs	3.0
1463.3941364809266	0.01690029999986109	epochs	3.0
1463.4110367809265	0.03360459999998966	epochs	2.0
1463.4110367809265	0.01683479999996962	epochs	3.0
1463.4278715809264	0.01676980000002004	epochs	3.0
1463.4446413809264	0.0333466000001863	epochs	2.0
1463.4446413809264	0.016705300000012357	epochs	3.0
1463.4613466809265	0.016641300000173942	epochs	3.0
1463.4779879809266	0.033092499999838765	epochs	2.0
1463.4779879809266	0.016577799999822673	epochs	3.0
1463.4945657809265	0.01651470000001609	epochs	3.0
1463.5110804809265	0.032842300000083924	epochs	2.0
1463.5110804809265	0.01645220000000336	epochs	3.0
1463.5275326809265	0.016390100000080565	epochs	3.0
1463.5439227809266	0.03259570000000167	epochs	2.0
1463.5439227809266	0.016328400000020338	epochs	3.0
1463.5602511809266	0.016267299999981333	epochs	3.0
1463.5765184809266	0.032352899999978035	epochs	2.0
1463.5765184809266	0.016206600000032267	epochs	3.0
1463.5927250809266	0.016146299999945768	epochs	3.0
1463.6088713809265	0.032113700000081735	epochs	2.0
1463.6088713809265	0.01608659999988049	epochs	3.0
1463.6249579809264	0.016027100000201244	epochs	3.0
1463.6409850809266	0.03187800000000607	epochs	2.0
1463.6409850809266	0.0159681999998611	epochs	3.0
1463.6569532809265	0.01590980000014497	epochs	3.0
1463.6728630809266	0.03164569999989908	epochs	2.0
1463.6728630809266	0.015851599999905375	epochs	3.0
1463.6887146809265	0.015794099999993705	epochs	3.0
1463.7045087809265	0.031416699999908815	epochs	2.0
1463.7045087809265	0.01573669999993399	epochs	3.0
1463.7202454809265	0.015679999999974825	epochs	3.0
1463.7359254809264	0.031191100000114602	epochs	2.0
1463.7359254809264	0.015623600000026272	epochs	3.0
1463.7515490809265	0.01556750000008833	epochs	3.0
1463.7671165809265	0.030968699999903038	epochs	2.0
1463.7671165809265	0.015511999999944237	epochs	3.0
1463.7826285809265	0.0154566999999588	epochs	3.0
1463.7980852809264	0.030749500000183616	epochs	2.0
1463.7980852809264	0.015401999999994587	epochs	3.0
1463.8134872809264	0.01534750000018903	epochs	3.0
1463.8288347809266	0.030533199999808858	epochs	2.0
1463.8288347809266	0.01529339999979129	epochs	3.0
1463.8441281809264	0.015239800000017567	epochs	3.0
1463.8593679809264	0.030320100000153616	epochs	2.0
1463.8593679809264	0.015186500000027081	epochs	3.0
1463.8745544809265	0.015133600000126535	epochs	3.0
1463.8896880809266	0.030109899999843037	epochs	2.0
1463.8896880809266	0.015081000000009226	epochs	3.0
1463.9047690809266	0.015028899999833811	epochs	3.0
1463.9197979809264	0.029902500000162036	epochs	2.0
1463.9197979809264	0.014977000000044427	epochs	3.0
1463.9347749809265	0.014925500000117609	epochs	3.0
1463.9497004809266	0.029698099999905025	epochs	2.0
1463.9497004809266	0.014874399999825982	epochs	3.0
1463.9645748809264	0.014823700000079043	epochs	3.0
1463.9793985809265	0.029496300000118936	epochs	2.0
1463.9793985809265	0.014773200000036013	epochs	3.0
1463.9941717809265	0.014723100000082923	epochs	3.0
1464.0088948809266	0.029297399999904883	epochs	2.0
1464.0088948809266	0.014673399999992398	epochs	3.0
1464.0235682809266	0.014623999999912485	epochs	3.0
1464.0381922809265	0.029101099999934377	epochs	2.0
1464.0381922809265	0.014574900000070556	epochs	3.0
1464.0527671809266	0.01452619999986382	epochs	3.0
1464.0672933809265	0.028907399999980044	epochs	2.0
1464.0672933809265	0.014477700000043114	epochs	3.0
1464.0817710809265	0.014429699999936929	epochs	3.0
1464.0962007809264	0.02871620000018993	epochs	2.0
1464.0962007809264	0.014381800000137446	epochs	3.0
1464.1105825809266	0.014334400000052483	epochs	3.0
1464.1249169809266	0.02852759999996124	epochs	2.0
1464.1249169809266	0.014287199999898803	epochs	3.0
1464.1392041809265	0.014240400000062436	epochs	3.0
1464.1534445809266	0.02834139999981744	epochs	2.0
1464.1534445809266	0.014193799999929979	epochs	3.0
1464.1676383809265	0.014147599999887461	epochs	3.0
1464.1817859809264	0.028157700000065233	epochs	2.0
1464.1817859809264	0.014101700000082928	epochs	3.0
1464.1958876809265	0.014055999999982305	epochs	3.0
1464.2099436809265	0.027976300000091214	epochs	2.0
1464.2099436809265	0.014010600000119666	epochs	3.0
1464.2239542809266	0.013965699999971548	epochs	3.0
1464.2379199809266	0.027797199999895383	epochs	2.0
1464.2379199809266	0.013920800000050804	epochs	3.0
1464.2518407809266	0.01387639999984458	epochs	3.0
1464.2657171809265	0.02762040000015986	epochs	2.0
1464.2657171809265	0.013832200000024386	epochs	3.0
1464.2795493809265	0.013788200000135475	epochs	3.0
1464.2933375809266	0.027445899999975154	epochs	2.0
1464.2933375809266	0.013744599999881757	epochs	3.0
1464.3070821809265	0.013701300000093397	epochs	3.0
1464.3207834809266	0.027273499999864725	epochs	2.0
1464.3207834809266	0.013658200000008947	epochs	3.0
1464.3344416809266	0.013615299999855779	epochs	3.0
1464.3480569809265	0.027103399999987232	epochs	2.0
1464.3480569809265	0.013572800000019924	epochs	3.0
1464.3616297809265	0.013530599999967308	epochs	3.0
1464.3751603809264	0.02693520000002536	epochs	2.0
1464.3751603809264	0.013488400000142065	epochs	3.0
1464.3886487809266	0.013446799999883297	epochs	3.0
1464.4020955809265	0.026769199999989723	epochs	2.0
1464.4020955809265	0.013405200000079276	epochs	3.0
1464.4155007809265	0.013363999999910448	epochs	3.0
1464.4288647809265	0.026605199999949036	epochs	2.0
1464.4288647809265	0.013322900000048321	epochs	3.0
1464.4421876809265	0.013282299999900715	epochs	3.0
1464.4554699809264	0.026443200000130673	epochs	2.0
1464.4554699809264	0.013241700000207857	epochs	3.0
1464.4687116809266	0.013201499999922817	epochs	3.0
1464.4819131809265	0.026283200000079887	epochs	2.0
1464.4819131809265	0.013161500000023807	epochs	3.0
1464.4950746809266	0.01312170000005608	epochs	3.0
1464.5081963809266	0.026124999999865395	epochs	2.0
1464.5081963809266	0.013082099999792263	epochs	3.0
1464.5212784809264	0.013042900000073132	epochs	3.0
1464.5343213809265	0.025968899999952555	epochs	2.0
1464.5343213809265	0.01300390000005791	epochs	3.0
1464.5473252809265	0.012964999999894644	epochs	3.0
1464.5602902809264	0.025814500000024054	epochs	2.0
1464.5602902809264	0.012926399999969362	epochs	3.0
1464.5732166809264	0.012888100000054692	epochs	3.0
1464.5861047809265	0.02566190000015922	epochs	2.0
1464.5861047809265	0.012849899999991976	epochs	3.0
1464.5989546809265	0.012812000000167245	epochs	3.0
1464.6117666809266	0.025511199999982637	epochs	2.0
1464.6117666809266	0.012774399999898378	epochs	3.0
1464.6245410809265	0.012736800000084258	epochs	3.0
1464.6372778809266	0.02536229999986972	epochs	2.0
1464.6372778809266	0.01269969999998466	epochs	3.0
1464.6499775809266	0.01266259999988506	epochs	3.0
1464.6626401809265	0.02521500000011656	epochs	2.0
1464.6626401809265	0.012625800000023446	epochs	3.0
1464.6752659809265	0.012589200000093115	epochs	3.0
1464.6878551809266	0.024584799999956886	epochs	2.0
1464.7103963809266	0.5	epochs	-1.0
1464.7124399809265	0.5121599999999944	epochs	1.0
1465.2245999809265	0.4877599999999802	epochs	0.0
1482.2919998168945	0.06744000000003325	epochs	0.0
1482.2919998168945	0.0287226999998893	epochs	1.0
1482.3207225168944	0.009994600000027276	epochs	1.0
1482.3307171168944	0.028722700000116674	epochs	1.0
1482.3594398168946	2.0	epochs	0.0
1484.3594398168946	5.372000000000071	epochs	0.0
1484.3594398168946	1.0	epochs	1.0
1484.3594762168946	0.5	epochs	-1.0
1484.8594762168946	4.871963600000072	epochs	-1.0
1485.3594398168946	4.372000000000071	epochs	1.0
1485.3594398168946	4.356753900000058	epochs	-1.0
1485.3594398168946	1.9745871999998599	epochs	2.0
1485.3594398168946	1.0985622000000603	epochs	3.0
1486.4580020168946	0.8760249999997995	epochs	3.0
1487.3340270168944	1.3524075000000266	epochs	2.0
1487.3340270168944	0.7286355000001095	epochs	3.0
1488.0626625168945	0.6237719999999172	epochs	3.0
1488.6864345168945	1.0297592000001714	epochs	2.0
1488.6864345168945	0.5453293000000485	epochs	3.0
1489.2317638168945	0.48442990000012287	epochs	3.0
1489.7161937168946	0.01524610000001303	epochs	2.0
1489.7161937168946	0.01524610000001303	epochs	3.0
1489.7314398168946	16.627919999999904	epochs	0.0
1490.6279997825623	0.06744000000003325	epochs	0.0
1490.6279997825623	0.0287226999998893	epochs	1.0
1490.6567224825621	0.009994600000027276	epochs	1.0
1490.6667170825622	0.028722700000116674	epochs	1.0
1490.6954397825623	2.0	epochs	0.0
1492.6954397825623	21.532719999999927	epochs	0.0
1492.6954397825623	1.0	epochs	1.0
1492.6954761825623	0.5	epochs	-1.0
1493.1954761825623	19.99815999999987	epochs	-1.0
1493.6954397825623	20.0	epochs	1.0
1493.6954397825623	4.356753900000058	epochs	-1.0
1493.6954397825623	1.9745871999998599	epochs	2.0
1493.6954397825623	1.0985622000000603	epochs	3.0
1494.7940019825623	0.8760249999997995	epochs	3.0
1495.6700269825621	1.3524075000000266	epochs	2.0
1495.6700269825621	0.7286355000001095	epochs	3.0
1496.3986624825623	0.6237719999999172	epochs	3.0
1497.0224344825622	1.0297592000001714	epochs	2.0
1497.0224344825622	0.5453293000000485	epochs	3.0
1497.5677637825622	0.48442990000012287	epochs	3.0
1498.0521936825623	0.8317861999998968	epochs	2.0
1498.0521936825623	0.4357762999998158	epochs	3.0
1498.4879699825622	0.39600990000008096	epochs	3.0
1498.8839798825622	0.6977970000000369	epochs	2.0
1498.8839798825622	0.3628982000000178	epochs	3.0
1499.2468780825623	0.33489880000001904	epochs	3.0
1499.5817768825623	0.601045699999986	epochs	2.0
1499.5817768825623	0.3109122999999272	epochs	3.0
1499.8926891825622	0.2901334000000588	epochs	3.0
1500.1828225825623	0.5278859000000011	epochs	2.0
1500.1828225825623	0.2719586000000618	epochs	3.0
1500.4547811825623	0.25592729999993935	epochs	3.0
1500.7107084825623	0.470619299999953	epochs	2.0
1500.7107084825623	0.241681299999982	epochs	3.0
1500.9523897825622	0.228937999999971	epochs	3.0
1501.1813277825622	0.42457039999999324	epochs	2.0
1501.1813277825622	0.21747140000002219	epochs	3.0
1501.3987991825622	0.20709899999997106	epochs	3.0
1501.6058981825622	0.3867354000001342	epochs	2.0
1501.6058981825622	0.19767109999997956	epochs	3.0
1501.8035692825622	0.18906430000015462	epochs	3.0
1501.9926335825623	0.35509529999990264	epochs	2.0
1501.9926335825623	0.18117589999997108	epochs	3.0
1502.1738094825623	0.17391939999993156	epochs	3.0
1502.3477288825623	0.3282431000000088	epochs	2.0
1502.3477288825623	0.16722189999995862	epochs	3.0
1502.5149507825622	0.16102120000005016	epochs	3.0
1502.6759719825623	0.30516800000009425	epochs	2.0
1502.6759719825623	0.15526389999990897	epochs	3.0
1502.8312358825622	0.14990410000018528	epochs	3.0
1502.9811399825624	0.28512529999989056	epochs	2.0
1502.9811399825624	0.14490209999985382	epochs	3.0
1503.1260420825622	0.14022320000003674	epochs	3.0
1503.2662652825622	0.267553800000087	epochs	2.0
1503.2662652825622	0.1358368999999584	epochs	3.0
1503.4021021825622	0.1317169000001286	epochs	3.0
1503.5338190825623	0.252022899999929	epochs	2.0
1503.5338190825623	0.1278393000000051	epochs	3.0
1503.6616583825623	0.1241835999999239	epochs	3.0
1503.7858419825623	0.23819649999995818	epochs	2.0
1503.7858419825623	0.12073110000005727	epochs	3.0
1503.9065730825623	0.11746539999990091	epochs	3.0
1504.0240384825622	0.2258088000000953	epochs	2.0
1504.0240384825622	0.1143718999999237	epochs	3.0
1504.1384103825621	0.11143690000017159	epochs	3.0
1504.2498472825623	0.21464599999990241	epochs	2.0
1504.2498472825623	0.10864889999993466	epochs	3.0
1504.3584961825622	0.10599709999996776	epochs	3.0
1504.4644932825622	0.20453500000007807	epochs	2.0
1504.4644932825622	0.10347150000006877	epochs	3.0
1504.5679647825623	0.1010635000000093	epochs	3.0
1504.6690282825623	0.19533400000000256	epochs	2.0
1504.6690282825623	0.09876510000003691	epochs	3.0
1504.7677933825623	0.09656889999996565	epochs	3.0
1504.8643622825623	0.18692529999998442	epochs	2.0
1504.8643622825623	0.09446830000001682	epochs	3.0
1504.9588305825623	0.09245699999996759	epochs	3.0
1505.0512875825623	0.17921069999988504	epochs	2.0
1505.0512875825623	0.0905296000000817	epochs	3.0
1505.1418171825624	0.08868109999980334	epochs	3.0
1505.2304982825622	0.17210770000019693	epochs	2.0
1505.2304982825622	0.08690630000000965	epochs	3.0
1505.3174045825622	0.08520140000018728	epochs	3.0
1505.4026059825624	0.1655463999998119	epochs	2.0
1505.4026059825624	0.08356189999994967	epochs	3.0
1505.4861678825623	0.08198449999986224	epochs	3.0
1505.5681523825622	0.15946710000002895	epochs	2.0
1505.5681523825622	0.08046540000009372	epochs	3.0
1505.6486177825623	0.07900169999993523	epochs	3.0
1505.7276194825622	0.15381840000009106	epochs	2.0
1505.7276194825622	0.07759009999995214	epochs	3.0
1505.8052095825622	0.07622830000013892	epochs	3.0
1505.8814378825623	0.14855639999996129	epochs	2.0
1505.8814378825623	0.07491329999993468	epochs	3.0
1505.9563511825622	0.0736431000000266	epochs	3.0
1506.0299942825623	0.14364240000008976	epochs	2.0
1506.0299942825623	0.07241500000009182	epochs	3.0
1506.1024092825623	0.07122739999999794	epochs	3.0
1506.1736366825623	0.13904309999998077	epochs	2.0
1506.1736366825623	0.07007799999996678	epochs	3.0
1506.2437146825623	0.06896510000001399	epochs	3.0
1506.3126797825623	0.13472929999988992	epochs	2.0
1506.3126797825623	0.0678871000000072	epochs	3.0
1506.3805668825623	0.06684219999988272	epochs	3.0
1506.4474090825622	0.1306752000000415	epochs	2.0
1506.4474090825622	0.06582909999997355	epochs	3.0
1506.5132381825622	0.06484610000006796	epochs	3.0
1506.5780842825623	0.1268577999999252	epochs	2.0
1506.5780842825623	0.06389199999989614	epochs	3.0
1506.6419762825622	0.06296580000002905	epochs	3.0
1506.7049420825622	0.12325720000012552	epochs	2.0
1506.7049420825622	0.06206580000002759	epochs	3.0
1506.7670078825622	0.06119140000009793	epochs	3.0
1506.8281992825623	0.11985540000000583	epochs	2.0
1506.8281992825623	0.060341099999959624	epochs	3.0
1506.8885403825623	0.059514300000046205	epochs	3.0
1506.9480546825623	0.1166361999999026	epochs	2.0
1506.9480546825623	0.058709599999929196	epochs	3.0
1507.0067642825622	0.057926599999973405	epochs	3.0
1507.0646908825622	0.11358560000007856	epochs	2.0
1507.0646908825622	0.05716419999998834	epochs	3.0
1507.1218550825622	0.056421400000090216	epochs	3.0
1507.1782764825623	0.11069049999991876	epochs	2.0
1507.1782764825623	0.055697900000041045	epochs	3.0
1507.2339743825623	0.05499259999987771	epochs	3.0
1507.2889669825622	0.1079391000000669	epochs	2.0
1507.2889669825622	0.05430490000003374	epochs	3.0
1507.3432718825622	0.05363420000003316	epochs	3.0
1507.3969060825623	0.10532149999994544	epochs	2.0
1507.3969060825623	0.05297999999993408	epochs	3.0
1507.4498860825622	0.052341500000011365	epochs	3.0
1507.5022275825622	0.10282759999995505	epochs	2.0
1507.5022275825622	0.05171810000001642	epochs	3.0
1507.5539456825622	0.051109499999938635	epochs	3.0
1507.6050551825622	0.10044910000010532	epochs	2.0
1507.6050551825622	0.050514900000052876	epochs	3.0
1507.6555700825622	0.04993420000005244	epochs	3.0
1507.7055042825623	0.0981782999999723	epochs	2.0
1507.7055042825623	0.04936659999998483	epochs	3.0
1507.7548708825623	0.04881169999998747	epochs	3.0
1507.8036825825623	0.09600780000005216	epochs	2.0
1507.8036825825623	0.04826920000004975	epochs	3.0
1507.8519517825623	0.04773860000000241	epochs	3.0
1507.8996903825623	0.09393120000004274	epochs	2.0
1507.8996903825623	0.04721949999998287	epochs	3.0
1507.9469098825623	0.046711700000059864	epochs	3.0
1507.9936215825624	0.09194259999981114	epochs	2.0
1507.9936215825624	0.046214599999984785	epochs	3.0
1508.0398361825623	0.04572799999982635	epochs	3.0
1508.0855641825622	0.09003630000006524	epochs	2.0
1508.0855641825622	0.04525150000017675	epochs	3.0
1508.1308156825623	0.04478479999988849	epochs	3.0
1508.1756004825622	0.08820760000003247	epochs	2.0
1508.1756004825622	0.044327800000019124	epochs	3.0
1508.2199282825623	0.04387980000001335	epochs	3.0
1508.2638080825623	0.0864516999999978	epochs	2.0
1508.2638080825623	0.04344100000002982	epochs	3.0
1508.3072490825623	0.04301069999996798	epochs	3.0
1508.3502597825623	0.08476429999996071	epochs	2.0
1508.3502597825623	0.04258899999990717	epochs	3.0
1508.3928487825622	0.04217530000005354	epochs	3.0
1508.4350240825622	0.08314150000001064	epochs	2.0
1508.4350240825622	0.04176970000003166	epochs	3.0
1508.4767937825623	0.041371799999978975	epochs	3.0
1508.5181655825622	0.08157970000002024	epochs	2.0
1508.5181655825622	0.040981399999964196	epochs	3.0
1508.5591469825622	0.04059830000005604	epochs	3.0
1508.5997452825623	0.08007550000002084	epochs	2.0
1508.5997452825623	0.040222300000095856	epochs	3.0
1508.6399675825623	0.03985319999992498	epochs	3.0
1508.6798207825623	0.07862569999997504	epochs	2.0
1508.6798207825623	0.039490800000066884	epochs	3.0
1508.7193115825623	0.03913489999990816	epochs	3.0
1508.7584464825622	0.07722760000001472	epochs	2.0
1508.7584464825622	0.038785400000051595	epochs	3.0
1508.7972318825623	0.03844219999996312	epochs	3.0
1508.8356740825623	0.07587820000003376	epochs	2.0
1508.8356740825623	0.03810479999992822	epochs	3.0
1508.8737788825622	0.03777340000010554	epochs	3.0
1508.9115522825623	0.0745752000000266	epochs	2.0
1508.9115522825623	0.03744770000002973	epochs	3.0
1508.9489999825623	0.03712749999999687	epochs	3.0
1508.9861274825623	0.07331629999998768	epochs	2.0
1508.9861274825623	0.03681289999985893	epochs	3.0
1509.0229403825622	0.03650340000012875	epochs	3.0
1509.0594437825623	0.07209899999998015	epochs	2.0
1509.0594437825623	0.03619909999997617	epochs	3.0
1509.0956428825623	0.03589990000000398	epochs	3.0
1509.1315427825623	0.07092169999987163	epochs	2.0
1509.1315427825623	0.03560560000005353	epochs	3.0
1509.1671483825623	0.03531609999981811	epochs	3.0
1509.2024644825622	0.06978200000003199	epochs	2.0
1509.2024644825622	0.03503120000004856	epochs	3.0
1509.2374956825622	0.03475079999998343	epochs	3.0
1509.2722464825622	0.06867860000011206	epochs	2.0
1509.2722464825622	0.03447510000000875	epochs	3.0
1509.3067215825622	0.034203500000103304	epochs	3.0
1509.3409250825623	0.06760929999995824	epochs	2.0
1509.3409250825623	0.033936199999970995	epochs	3.0
1509.3748612825623	0.033673099999987244	epochs	3.0
1509.4085343825623	0.06657289999998284	epochs	2.0
1509.4085343825623	0.03341399999999339	epochs	3.0
1509.4419483825623	0.033158899999989444	epochs	3.0
1509.4751072825622	0.06556780000005347	epochs	2.0
1509.4751072825622	0.03290769999989607	epochs	3.0
1509.5080149825621	0.0326601000001574	epochs	3.0
1509.5406750825623	0.06459259999996902	epochs	2.0
1509.5406750825623	0.03241639999987456	epochs	3.0
1509.5730914825622	0.03217620000009447	epochs	3.0
1509.6052676825623	0.06364600000006249	epochs	2.0
1509.6052676825623	0.03193959999998697	epochs	3.0
1509.6372072825623	0.03170640000007552	epochs	3.0
1509.6689136825623	0.0627266999999847	epochs	2.0
1509.6689136825623	0.031476599999905375	epochs	3.0
1509.7003902825622	0.03125010000007933	epochs	3.0
1509.7316403825623	0.06183359999999993	epochs	2.0
1509.7316403825623	0.03102689999991526	epochs	3.0
1509.7626672825622	0.030806700000084675	epochs	3.0
1509.7934739825623	0.060965599999917686	epochs	2.0
1509.7934739825623	0.030589799999916067	epochs	3.0
1509.8240637825622	0.030375800000001618	epochs	3.0
1509.8544395825622	0.06012160000000222	epochs	2.0
1509.8544395825622	0.030164900000045236	epochs	3.0
1509.8846044825623	0.02995669999995698	epochs	3.0
1509.9145611825622	0.05930069999999432	epochs	2.0
1509.9145611825622	0.029751600000054168	epochs	3.0
1509.9443127825623	0.029549099999940154	epochs	3.0
1509.9738618825622	0.05850179999993088	epochs	2.0
1509.9738618825622	0.02934940000000097	epochs	3.0
1510.0032112825622	0.029152399999929912	epochs	3.0
1510.0323636825622	0.05772420000016609	epochs	2.0
1510.0323636825622	0.028958000000102402	epochs	3.0
1510.0613216825623	0.02876620000006369	epochs	3.0
1510.0900878825623	0.056967099999837956	epochs	2.0
1510.0900878825623	0.028577000000041153	epochs	3.0
1510.1186648825624	0.028390099999796803	epochs	3.0
1510.1470549825622	0.05622950000019955	epochs	2.0
1510.1470549825622	0.02820570000017142	epochs	3.0
1510.1752606825623	0.028023800000028132	epochs	3.0
1510.2032844825624	0.055510699999786084	epochs	2.0
1510.2032844825624	0.027843999999959124	epochs	3.0
1510.2311284825623	0.02766669999982696	epochs	3.0
1510.2587951825622	0.054810200000019904	epochs	2.0
1510.2587951825622	0.02749149999999645	epochs	3.0
1510.2862866825621	0.027318700000023455	epochs	3.0
1510.3136053825622	0.05412700000010773	epochs	2.0
1510.3136053825622	0.027147800000193456	epochs	3.0
1510.3407531825624	0.026979199999914272	epochs	3.0
1510.3677323825623	0.053460699999959616	epochs	2.0
1510.3677323825623	0.026812600000084785	epochs	3.0
1510.3945449825624	0.02664809999987483	epochs	3.0
1510.4211930825622	0.05281070000000909	epochs	2.0
1510.4211930825622	0.026485600000114573	epochs	3.0
1510.4476786825624	0.02632509999989452	epochs	3.0
1510.4740037825622	0.05217620000007628	epochs	2.0
1510.4740037825622	0.026166399999965506	epochs	3.0
1510.5001701825622	0.026009800000110772	epochs	3.0
1510.5261799825623	0.051556699999991906	epochs	2.0
1510.5261799825623	0.025854799999933675	epochs	3.0
1510.5520347825623	0.02570190000005823	epochs	3.0
1510.5777366825623	0.05095189999997274	epochs	2.0
1510.5777366825623	0.025550699999939752	epochs	3.0
1510.6032873825623	0.025401200000032986	epochs	3.0
1510.6286885825623	0.05036100000006627	epochs	2.0
1510.6286885825623	0.025253499999962514	epochs	3.0
1510.6539420825623	0.025107500000103755	epochs	3.0
1510.6790495825624	0.04978379999988647	epochs	2.0
1510.6790495825624	0.02496320000000196	epochs	3.0
1510.7040127825624	0.024820599999884507	epochs	3.0
1510.7288333825622	0.04921949999993558	epochs	2.0
1510.7288333825622	0.024679399999968155	epochs	3.0
1510.7535127825622	0.024540099999967424	epochs	3.0
1510.7780528825622	0.04866790000005494	epochs	2.0
1510.7780528825622	0.024402100000088467	epochs	3.0
1510.8024549825623	0.024265799999966475	epochs	3.0
1510.8267207825622	0.048128599999927246	epochs	2.0
1510.8267207825622	0.024131000000124914	epochs	3.0
1510.8508517825624	0.023997599999802333	epochs	3.0
1510.8748493825622	0.047601100000065344	epochs	2.0
1510.8748493825622	0.023865800000066884	epochs	3.0
1510.8987151825622	0.02373529999999846	epochs	3.0
1510.9224504825622	0.04708499999992455	epochs	2.0
1510.9224504825622	0.023606299999983094	epochs	3.0
1510.9460567825622	0.023478699999941455	epochs	3.0
1510.9695354825622	0.04658000000017637	epochs	2.0
1510.9695354825622	0.023352500000100918	epochs	3.0
1510.9928879825623	0.02322750000007545	epochs	3.0
1511.0161154825623	0.04608569999982137	epochs	2.0
1511.0161154825623	0.02310399999987567	epochs	3.0
1511.0392194825622	0.022981699999945704	epochs	3.0
1511.0622011825621	0.04560180000021319	epochs	2.0
1511.0622011825621	0.022860700000137513	epochs	3.0
1511.0850618825623	0.022741100000075676	epochs	3.0
1511.1078029825624	0.045127899999897636	epochs	2.0
1511.1078029825624	0.022622499999897627	epochs	3.0
1511.1304254825623	0.02250540000000001	epochs	3.0
1511.1529308825623	0.0446638000000803	epochs	2.0
1511.1529308825623	0.02238929999998618	epochs	3.0
1511.1753201825622	0.022274500000094122	epochs	3.0
1511.1975946825623	0.044209199999841076	epochs	2.0
1511.1975946825623	0.022160799999937808	epochs	3.0
1511.2197554825623	0.022048399999903268	epochs	3.0
1511.2418038825622	0.04376360000014756	epochs	2.0
1511.2418038825622	0.021936900000127935	epochs	3.0
1511.2637407825623	0.021826700000019628	epochs	3.0
1511.2855674825623	0.04332709999994222	epochs	2.0
1511.2855674825623	0.021717599999874437	epochs	3.0
1511.3072850825622	0.021609500000067783	epochs	3.0
1511.3288945825623	0.04289900000003399	epochs	2.0
1511.3288945825623	0.02150249999999687	epochs	3.0
1511.3503970825623	0.021396500000037122	epochs	3.0
1511.3717935825623	0.04247949999989942	epochs	2.0
1511.3717935825623	0.021291699999892444	epochs	3.0
1511.3930852825622	0.021187800000006973	epochs	3.0
1511.4142730825622	0.04206790000012006	epochs	2.0
1511.4142730825622	0.02108490000000529	epochs	3.0
1511.4353579825622	0.02098300000011477	epochs	3.0
1511.4563409825623	0.04166439999994509	epochs	2.0
1511.4563409825623	0.020882199999959994	epochs	3.0
1511.4772231825623	0.020782199999985096	epochs	3.0
1511.4980053825623	0.041268499999887354	epochs	2.0
1511.4980053825623	0.020683299999973315	epochs	3.0
1511.5186886825622	0.02058519999991404	epochs	3.0
1511.5392738825622	0.04088000000001557	epochs	2.0
1511.5392738825622	0.0204881000001933	epochs	3.0
1511.5597619825623	0.02039189999982227	epochs	3.0
1511.5801538825622	0.04049880000002304	epochs	2.0
1511.5801538825622	0.0202966000001652	epochs	3.0
1511.6004504825623	0.02020219999985784	epochs	3.0
1511.6206526825622	0.04012460000012652	epochs	2.0
1511.6206526825622	0.02010870000003706	epochs	3.0
1511.6407613825622	0.02001590000008946	epochs	3.0
1511.6607772825623	0.03975730000001931	epochs	2.0
1511.6607772825623	0.0199241999998776	epochs	3.0
1511.6807014825622	0.019833100000141712	epochs	3.0
1511.7005345825623	0.03939669999999751	epochs	2.0
1511.7005345825623	0.019742999999834865	epochs	3.0
1511.7202775825622	0.019653700000162644	epochs	3.0
1511.7399312825623	0.03904239999997117	epochs	2.0
1511.7399312825623	0.019565099999908853	epochs	3.0
1511.7594963825622	0.019477300000062314	epochs	3.0
1511.7789736825623	0.03869459999987157	epochs	2.0
1511.7789736825623	0.019390400000020236	epochs	3.0
1511.7983640825623	0.019304199999851335	epochs	3.0
1511.8176682825622	0.03835290000006353	epochs	2.0
1511.8176682825622	0.019218800000089686	epochs	3.0
1511.8368870825623	0.01913409999997384	epochs	3.0
1511.8560211825622	0.03801720000001296	epochs	2.0
1511.8560211825622	0.019050200000037876	epochs	3.0
1511.8750713825623	0.018966999999975087	epochs	3.0
1511.8940383825623	0.03768719999993664	epochs	2.0
1511.8940383825623	0.01888450000001285	epochs	3.0
1511.9129228825623	0.01880269999992379	epochs	3.0
1511.9317255825622	0.03736309999999321	epochs	2.0
1511.9317255825622	0.018721700000014607	epochs	3.0
1511.9504472825622	0.018641399999978603	epochs	3.0
1511.9690886825622	0.037044300000161456	epochs	2.0
1511.9690886825622	0.018561600000111866	epochs	3.0
1511.9876502825623	0.01848270000004959	epochs	3.0
1512.0061329825623	0.03673099999991791	epochs	2.0
1512.0061329825623	0.018404299999929208	epochs	3.0
1512.0245372825623	0.018326699999988705	epochs	3.0
1512.0428639825623	0.03642289999993409	epochs	2.0
1512.0428639825623	0.018249599999990096	epochs	3.0
1512.0611135825623	0.018173299999943993	epochs	3.0
1512.0792868825622	0.03612010000006194	epochs	2.0
1512.0792868825622	0.018097600000146485	epochs	3.0
1512.0973844825623	0.018022499999915453	epochs	3.0
1512.1154069825623	0.03582209999990482	epochs	2.0
1512.1154069825623	0.017947900000081063	epochs	3.0
1512.1333548825623	0.01787419999982376	epochs	3.0
1512.1512290825622	0.03552899999999681	epochs	2.0
1512.1512290825622	0.017800800000031813	epochs	3.0
1512.1690298825622	0.017728199999965	epochs	3.0
1512.1867580825622	0.03524070000003121	epochs	2.0
1512.1867580825622	0.017656100000067454	epochs	3.0
1512.2044141825622	0.017584599999963757	epochs	3.0
1512.2219987825622	0.03495710000015606	epochs	2.0
1512.2219987825622	0.017513700000108656	epochs	3.0
1512.2395124825623	0.017443400000047404	epochs	3.0
1512.2569558825624	0.034677899999906	epochs	2.0
1512.2569558825624	0.017373599999928047	epochs	3.0
1512.2743294825623	0.017304299999977957	epochs	3.0
1512.2916337825623	0.03440329999989444	epochs	2.0
1512.2916337825623	0.017235699999901044	epochs	3.0
1512.3088694825622	0.0171675999999934	epochs	3.0
1512.3260370825622	0.034132800000179486	epochs	2.0
1512.3260370825622	0.017099900000175694	epochs	3.0
1512.3431369825623	0.017032900000003792	epochs	3.0
1512.3601698825623	0.03386669999986225	epochs	2.0
1512.3601698825623	0.01696640000000116	epochs	3.0
1512.3771362825623	0.01690029999986109	epochs	3.0
1512.3940365825622	0.03360459999998966	epochs	2.0
1512.3940365825622	0.01683479999996962	epochs	3.0
1512.4108713825622	0.01676980000002004	epochs	3.0
1512.4276411825622	0.0333466000001863	epochs	2.0
1512.4276411825622	0.016705300000012357	epochs	3.0
1512.4443464825622	0.016641300000173942	epochs	3.0
1512.4609877825624	0.033092499999838765	epochs	2.0
1512.4609877825624	0.016577799999822673	epochs	3.0
1512.4775655825622	0.01651470000001609	epochs	3.0
1512.4940802825622	0.032842300000083924	epochs	2.0
1512.4940802825622	0.01645220000000336	epochs	3.0
1512.5105324825622	0.016390100000080565	epochs	3.0
1512.5269225825623	0.03259570000000167	epochs	2.0
1512.5269225825623	0.016328400000020338	epochs	3.0
1512.5432509825623	0.016267299999981333	epochs	3.0
1512.5595182825623	0.032352899999978035	epochs	2.0
1512.5595182825623	0.016206600000032267	epochs	3.0
1512.5757248825623	0.016146299999945768	epochs	3.0
1512.5918711825623	0.032113700000081735	epochs	2.0
1512.5918711825623	0.01608659999988049	epochs	3.0
1512.6079577825622	0.016027100000201244	epochs	3.0
1512.6239848825624	0.03187800000000607	epochs	2.0
1512.6239848825624	0.0159681999998611	epochs	3.0
1512.6399530825622	0.01590980000014497	epochs	3.0
1512.6558628825624	0.03164569999989908	epochs	2.0
1512.6558628825624	0.015851599999905375	epochs	3.0
1512.6717144825623	0.015794099999993705	epochs	3.0
1512.6875085825623	0.031416699999908815	epochs	2.0
1512.6875085825623	0.01573669999993399	epochs	3.0
1512.7032452825622	0.015679999999974825	epochs	3.0
1512.7189252825622	0.031191100000114602	epochs	2.0
1512.7189252825622	0.015623600000026272	epochs	3.0
1512.7345488825622	0.01556750000008833	epochs	3.0
1512.7501163825623	0.030968699999903038	epochs	2.0
1512.7501163825623	0.015511999999944237	epochs	3.0
1512.7656283825622	0.0154566999999588	epochs	3.0
1512.7810850825622	0.030749500000183616	epochs	2.0
1512.7810850825622	0.015401999999994587	epochs	3.0
1512.7964870825622	0.01534750000018903	epochs	3.0
1512.8118345825624	0.030533199999808858	epochs	2.0
1512.8118345825624	0.01529339999979129	epochs	3.0
1512.8271279825622	0.015239800000017567	epochs	3.0
1512.8423677825622	0.030320100000153616	epochs	2.0
1512.8423677825622	0.015186500000027081	epochs	3.0
1512.8575542825622	0.015133600000126535	epochs	3.0
1512.8726878825623	0.030109899999843037	epochs	2.0
1512.8726878825623	0.015081000000009226	epochs	3.0
1512.8877688825623	0.015028899999833811	epochs	3.0
1512.9027977825622	0.029902500000162036	epochs	2.0
1512.9027977825622	0.014977000000044427	epochs	3.0
1512.9177747825622	0.014925500000117609	epochs	3.0
1512.9327002825623	0.029698099999905025	epochs	2.0
1512.9327002825623	0.014874399999825982	epochs	3.0
1512.9475746825622	0.014823700000079043	epochs	3.0
1512.9623983825622	0.029496300000118936	epochs	2.0
1512.9623983825622	0.014773200000036013	epochs	3.0
1512.9771715825623	0.014723100000082923	epochs	3.0
1512.9918946825624	0.029297399999904883	epochs	2.0
1512.9918946825624	0.014673399999992398	epochs	3.0
1513.0065680825624	0.014623999999912485	epochs	3.0
1513.0211920825623	0.029101099999934377	epochs	2.0
1513.0211920825623	0.014574900000070556	epochs	3.0
1513.0357669825623	0.01452619999986382	epochs	3.0
1513.0502931825622	0.028907399999980044	epochs	2.0
1513.0502931825622	0.014477700000043114	epochs	3.0
1513.0647708825622	0.014429699999936929	epochs	3.0
1513.0792005825622	0.02871620000018993	epochs	2.0
1513.0792005825622	0.014381800000137446	epochs	3.0
1513.0935823825623	0.014334400000052483	epochs	3.0
1513.1079167825624	0.02852759999996124	epochs	2.0
1513.1079167825624	0.014287199999898803	epochs	3.0
1513.1222039825623	0.014240400000062436	epochs	3.0
1513.1364443825623	0.02834139999981744	epochs	2.0
1513.1364443825623	0.014193799999929979	epochs	3.0
1513.1506381825623	0.014147599999887461	epochs	3.0
1513.1647857825621	0.028157700000065233	epochs	2.0
1513.1647857825621	0.014101700000082928	epochs	3.0
1513.1788874825622	0.014055999999982305	epochs	3.0
1513.1929434825622	0.027976300000091214	epochs	2.0
1513.1929434825622	0.014010600000119666	epochs	3.0
1513.2069540825623	0.013965699999971548	epochs	3.0
1513.2209197825623	0.027797199999895383	epochs	2.0
1513.2209197825623	0.013920800000050804	epochs	3.0
1513.2348405825624	0.01387639999984458	epochs	3.0
1513.2487169825622	0.02762040000015986	epochs	2.0
1513.2487169825622	0.013832200000024386	epochs	3.0
1513.2625491825622	0.013788200000135475	epochs	3.0
1513.2763373825624	0.027445899999975154	epochs	2.0
1513.2763373825624	0.013744599999881757	epochs	3.0
1513.2900819825622	0.013701300000093397	epochs	3.0
1513.3037832825623	0.027273499999864725	epochs	2.0
1513.3037832825623	0.013658200000008947	epochs	3.0
1513.3174414825623	0.013615299999855779	epochs	3.0
1513.3310567825622	0.027103399999987232	epochs	2.0
1513.3310567825622	0.013572800000019924	epochs	3.0
1513.3446295825622	0.013530599999967308	epochs	3.0
1513.3581601825622	0.02693520000002536	epochs	2.0
1513.3581601825622	0.013488400000142065	epochs	3.0
1513.3716485825623	0.013446799999883297	epochs	3.0
1513.3850953825622	0.026769199999989723	epochs	2.0
1513.3850953825622	0.013405200000079276	epochs	3.0
1513.3985005825623	0.013363999999910448	epochs	3.0
1513.4118645825622	0.026605199999949036	epochs	2.0
1513.4118645825622	0.013322900000048321	epochs	3.0
1513.4251874825623	0.013282299999900715	epochs	3.0
1513.4384697825622	0.026443200000130673	epochs	2.0
1513.4384697825622	0.013241700000207857	epochs	3.0
1513.4517114825624	0.013201499999922817	epochs	3.0
1513.4649129825623	0.026283200000079887	epochs	2.0
1513.4649129825623	0.013161500000023807	epochs	3.0
1513.4780744825623	0.01312170000005608	epochs	3.0
1513.4911961825624	0.026124999999865395	epochs	2.0
1513.4911961825624	0.013082099999792263	epochs	3.0
1513.5042782825622	0.013042900000073132	epochs	3.0
1513.5173211825622	0.025968899999952555	epochs	2.0
1513.5173211825622	0.01300390000005791	epochs	3.0
1513.5303250825623	0.012964999999894644	epochs	3.0
1513.5432900825622	0.025814500000024054	epochs	2.0
1513.5432900825622	0.012926399999969362	epochs	3.0
1513.5562164825621	0.012888100000054692	epochs	3.0
1513.5691045825622	0.02566190000015922	epochs	2.0
1513.5691045825622	0.012849899999991976	epochs	3.0
1513.5819544825622	0.012812000000167245	epochs	3.0
1513.5947664825624	0.025511199999982637	epochs	2.0
1513.5947664825624	0.012774399999898378	epochs	3.0
1513.6075408825623	0.012736800000084258	epochs	3.0
1513.6202776825623	0.02536229999986972	epochs	2.0
1513.6202776825623	0.01269969999998466	epochs	3.0
1513.6329773825623	0.01266259999988506	epochs	3.0
1513.6456399825622	0.02521500000011656	epochs	2.0
1513.6456399825622	0.012625800000023446	epochs	3.0
1513.6582657825622	0.012589200000093115	epochs	3.0
1513.6708549825623	0.024584799999956886	epochs	2.0
1513.6936361825622	0.5	epochs	-1.0
1513.6954397825623	0.5327199999999266	epochs	1.0
1514.2281597825622	0.467200000000048	epochs	0.0
1515.2059998512268	0.06744000000003325	epochs	0.0
1515.2059998512268	0.0287226999998893	epochs	1.0
1515.2347225512267	0.009994600000027276	epochs	1.0
1515.2447171512267	0.028722700000116674	epochs	1.0
1515.2734398512268	2.0	epochs	0.0
1517.2734398512268	21.51207999999997	epochs	0.0
1517.2734398512268	1.0	epochs	1.0
1517.2734762512268	0.5	epochs	-1.0
1517.7734762512268	19.99815999999987	epochs	-1.0
1518.2734398512268	20.0	epochs	1.0
1518.2734398512268	4.356753900000058	epochs	-1.0
1518.2734398512268	1.9745871999998599	epochs	2.0
1518.2734398512268	1.0985622000000603	epochs	3.0
1519.372002051227	0.8760249999997995	epochs	3.0
1520.2480270512267	1.3524075000000266	epochs	2.0
1520.2480270512267	0.7286355000001095	epochs	3.0
1520.9766625512268	0.6237719999999172	epochs	3.0
1521.6004345512267	1.0297592000001714	epochs	2.0
1521.6004345512267	0.5453293000000485	epochs	3.0
1522.1457638512268	0.48442990000012287	epochs	3.0
1522.630193751227	0.8317861999998968	epochs	2.0
1522.630193751227	0.4357762999998158	epochs	3.0
1523.0659700512267	0.39600990000008096	epochs	3.0
1523.4619799512268	0.6977970000000369	epochs	2.0
1523.4619799512268	0.3628982000000178	epochs	3.0
1523.8248781512268	0.33489880000001904	epochs	3.0
1524.1597769512268	0.601045699999986	epochs	2.0
1524.1597769512268	0.3109122999999272	epochs	3.0
1524.4706892512268	0.2901334000000588	epochs	3.0
1524.7608226512268	0.5278859000000011	epochs	2.0
1524.7608226512268	0.2719586000000618	epochs	3.0
1525.0327812512269	0.25592729999993935	epochs	3.0
1525.2887085512268	0.470619299999953	epochs	2.0
1525.2887085512268	0.241681299999982	epochs	3.0
1525.5303898512268	0.228937999999971	epochs	3.0
1525.7593278512268	0.42457039999999324	epochs	2.0
1525.7593278512268	0.21747140000002219	epochs	3.0
1525.9767992512268	0.20709899999997106	epochs	3.0
1526.1838982512268	0.3867354000001342	epochs	2.0
1526.1838982512268	0.19767109999997956	epochs	3.0
1526.3815693512267	0.18906430000015462	epochs	3.0
1526.570633651227	0.35509529999990264	epochs	2.0
1526.570633651227	0.18117589999997108	epochs	3.0
1526.7518095512269	0.17391939999993156	epochs	3.0
1526.9257289512268	0.3282431000000088	epochs	2.0
1526.9257289512268	0.16722189999995862	epochs	3.0
1527.0929508512268	0.16102120000005016	epochs	3.0
1527.2539720512268	0.30516800000009425	epochs	2.0
1527.2539720512268	0.15526389999990897	epochs	3.0
1527.4092359512267	0.14990410000018528	epochs	3.0
1527.559140051227	0.28512529999989056	epochs	2.0
1527.559140051227	0.14490209999985382	epochs	3.0
1527.7040421512268	0.14022320000003674	epochs	3.0
1527.8442653512268	0.267553800000087	epochs	2.0
1527.8442653512268	0.1358368999999584	epochs	3.0
1527.9801022512268	0.1317169000001286	epochs	3.0
1528.1118191512269	0.252022899999929	epochs	2.0
1528.1118191512269	0.1278393000000051	epochs	3.0
1528.239658451227	0.1241835999999239	epochs	3.0
1528.3638420512268	0.23819649999995818	epochs	2.0
1528.3638420512268	0.12073110000005727	epochs	3.0
1528.4845731512269	0.11746539999990091	epochs	3.0
1528.6020385512268	0.2258088000000953	epochs	2.0
1528.6020385512268	0.1143718999999237	epochs	3.0
1528.7164104512267	0.11143690000017159	epochs	3.0
1528.8278473512269	0.21464599999990241	epochs	2.0
1528.8278473512269	0.10864889999993466	epochs	3.0
1528.9364962512268	0.10599709999996776	epochs	3.0
1529.0424933512268	0.20453500000007807	epochs	2.0
1529.0424933512268	0.10347150000006877	epochs	3.0
1529.1459648512268	0.1010635000000093	epochs	3.0
1529.2470283512268	0.19533400000000256	epochs	2.0
1529.2470283512268	0.09876510000003691	epochs	3.0
1529.3457934512269	0.09656889999996565	epochs	3.0
1529.4423623512268	0.18692529999998442	epochs	2.0
1529.4423623512268	0.09446830000001682	epochs	3.0
1529.5368306512269	0.09245699999996759	epochs	3.0
1529.6292876512268	0.17921069999988504	epochs	2.0
1529.6292876512268	0.0905296000000817	epochs	3.0
1529.719817251227	0.08868109999980334	epochs	3.0
1529.8084983512267	0.17210770000019693	epochs	2.0
1529.8084983512267	0.08690630000000965	epochs	3.0
1529.8954046512267	0.08520140000018728	epochs	3.0
1529.980606051227	0.1655463999998119	epochs	2.0
1529.980606051227	0.08356189999994967	epochs	3.0
1530.0641679512269	0.08198449999986224	epochs	3.0
1530.1461524512267	0.15946710000002895	epochs	2.0
1530.1461524512267	0.08046540000009372	epochs	3.0
1530.2266178512268	0.07900169999993523	epochs	3.0
1530.3056195512268	0.15381840000009106	epochs	2.0
1530.3056195512268	0.07759009999995214	epochs	3.0
1530.3832096512267	0.07622830000013892	epochs	3.0
1530.4594379512268	0.14855639999996129	epochs	2.0
1530.4594379512268	0.07491329999993468	epochs	3.0
1530.5343512512268	0.0736431000000266	epochs	3.0
1530.6079943512268	0.14364240000008976	epochs	2.0
1530.6079943512268	0.07241500000009182	epochs	3.0
1530.680409351227	0.07122739999999794	epochs	3.0
1530.751636751227	0.13904309999998077	epochs	2.0
1530.751636751227	0.07007799999996678	epochs	3.0
1530.8217147512269	0.06896510000001399	epochs	3.0
1530.8906798512269	0.13472929999988992	epochs	2.0
1530.8906798512269	0.0678871000000072	epochs	3.0
1530.9585669512269	0.06684219999988272	epochs	3.0
1531.0254091512268	0.1306752000000415	epochs	2.0
1531.0254091512268	0.06582909999997355	epochs	3.0
1531.0912382512267	0.06484610000006796	epochs	3.0
1531.1560843512268	0.1268577999999252	epochs	2.0
1531.1560843512268	0.06389199999989614	epochs	3.0
1531.2199763512267	0.06296580000002905	epochs	3.0
1531.2829421512267	0.12325720000012552	epochs	2.0
1531.2829421512267	0.06206580000002759	epochs	3.0
1531.3450079512268	0.06119140000009793	epochs	3.0
1531.4061993512269	0.11985540000000583	epochs	2.0
1531.4061993512269	0.060341099999959624	epochs	3.0
1531.4665404512268	0.059514300000046205	epochs	3.0
1531.5260547512269	0.1166361999999026	epochs	2.0
1531.5260547512269	0.058709599999929196	epochs	3.0
1531.5847643512268	0.057926599999973405	epochs	3.0
1531.6426909512268	0.11358560000007856	epochs	2.0
1531.6426909512268	0.05716419999998834	epochs	3.0
1531.6998551512268	0.056421400000090216	epochs	3.0
1531.7562765512268	0.11069049999991876	epochs	2.0
1531.7562765512268	0.055697900000041045	epochs	3.0
1531.811974451227	0.05499259999987771	epochs	3.0
1531.8669670512268	0.1079391000000669	epochs	2.0
1531.8669670512268	0.05430490000003374	epochs	3.0
1531.9212719512268	0.05363420000003316	epochs	3.0
1531.9749061512268	0.10532149999994544	epochs	2.0
1531.9749061512268	0.05297999999993408	epochs	3.0
1532.0278861512268	0.052341500000011365	epochs	3.0
1532.0802276512268	0.10282759999995505	epochs	2.0
1532.0802276512268	0.05171810000001642	epochs	3.0
1532.1319457512268	0.051109499999938635	epochs	3.0
1532.1830552512267	0.10044910000010532	epochs	2.0
1532.1830552512267	0.050514900000052876	epochs	3.0
1532.2335701512268	0.04993420000005244	epochs	3.0
1532.2835043512268	0.0981782999999723	epochs	2.0
1532.2835043512268	0.04936659999998483	epochs	3.0
1532.3328709512268	0.04881169999998747	epochs	3.0
1532.3816826512268	0.09600780000005216	epochs	2.0
1532.3816826512268	0.04826920000004975	epochs	3.0
1532.4299518512269	0.04773860000000241	epochs	3.0
1532.4776904512269	0.09393120000004274	epochs	2.0
1532.4776904512269	0.04721949999998287	epochs	3.0
1532.5249099512268	0.046711700000059864	epochs	3.0
1532.571621651227	0.09194259999981114	epochs	2.0
1532.571621651227	0.046214599999984785	epochs	3.0
1532.617836251227	0.04572799999982635	epochs	3.0
1532.6635642512267	0.09003630000006524	epochs	2.0
1532.6635642512267	0.04525150000017675	epochs	3.0
1532.708815751227	0.04478479999988849	epochs	3.0
1532.7536005512268	0.08820760000003247	epochs	2.0
1532.7536005512268	0.044327800000019124	epochs	3.0
1532.7979283512268	0.04387980000001335	epochs	3.0
1532.8418081512268	0.0864516999999978	epochs	2.0
1532.8418081512268	0.04344100000002982	epochs	3.0
1532.8852491512268	0.04301069999996798	epochs	3.0
1532.9282598512268	0.08476429999996071	epochs	2.0
1532.9282598512268	0.04258899999990717	epochs	3.0
1532.9708488512267	0.04217530000005354	epochs	3.0
1533.0130241512268	0.08314150000001064	epochs	2.0
1533.0130241512268	0.04176970000003166	epochs	3.0
1533.0547938512268	0.041371799999978975	epochs	3.0
1533.0961656512268	0.08157970000002024	epochs	2.0
1533.0961656512268	0.040981399999964196	epochs	3.0
1533.1371470512267	0.04059830000005604	epochs	3.0
1533.1777453512268	0.08007550000002084	epochs	2.0
1533.1777453512268	0.040222300000095856	epochs	3.0
1533.217967651227	0.03985319999992498	epochs	3.0
1533.2578208512268	0.07862569999997504	epochs	2.0
1533.2578208512268	0.039490800000066884	epochs	3.0
1533.297311651227	0.03913489999990816	epochs	3.0
1533.3364465512268	0.07722760000001472	epochs	2.0
1533.3364465512268	0.038785400000051595	epochs	3.0
1533.3752319512269	0.03844219999996312	epochs	3.0
1533.4136741512268	0.07587820000003376	epochs	2.0
1533.4136741512268	0.03810479999992822	epochs	3.0
1533.4517789512267	0.03777340000010554	epochs	3.0
1533.4895523512268	0.0745752000000266	epochs	2.0
1533.4895523512268	0.03744770000002973	epochs	3.0
1533.5270000512269	0.03712749999999687	epochs	3.0
1533.5641275512269	0.07331629999998768	epochs	2.0
1533.5641275512269	0.03681289999985893	epochs	3.0
1533.6009404512267	0.03650340000012875	epochs	3.0
1533.6374438512269	0.07209899999998015	epochs	2.0
1533.6374438512269	0.03619909999997617	epochs	3.0
1533.6736429512268	0.03589990000000398	epochs	3.0
1533.7095428512268	0.07092169999987163	epochs	2.0
1533.7095428512268	0.03560560000005353	epochs	3.0
1533.745148451227	0.03531609999981811	epochs	3.0
1533.7804645512267	0.06978200000003199	epochs	2.0
1533.7804645512267	0.03503120000004856	epochs	3.0
1533.8154957512268	0.03475079999998343	epochs	3.0
1533.8502465512267	0.06867860000011206	epochs	2.0
1533.8502465512267	0.03447510000000875	epochs	3.0
1533.8847216512268	0.034203500000103304	epochs	3.0
1533.9189251512269	0.06760929999995824	epochs	2.0
1533.9189251512269	0.033936199999970995	epochs	3.0
1533.9528613512268	0.033673099999987244	epochs	3.0
1533.9865344512268	0.06657289999998284	epochs	2.0
1533.9865344512268	0.03341399999999339	epochs	3.0
1534.0199484512268	0.033158899999989444	epochs	3.0
1534.0531073512268	0.06556780000005347	epochs	2.0
1534.0531073512268	0.03290769999989607	epochs	3.0
1534.0860150512267	0.0326601000001574	epochs	3.0
1534.1186751512269	0.06459259999996902	epochs	2.0
1534.1186751512269	0.03241639999987456	epochs	3.0
1534.1510915512267	0.03217620000009447	epochs	3.0
1534.1832677512268	0.06364600000006249	epochs	2.0
1534.1832677512268	0.03193959999998697	epochs	3.0
1534.2152073512268	0.03170640000007552	epochs	3.0
1534.2469137512269	0.0627266999999847	epochs	2.0
1534.2469137512269	0.031476599999905375	epochs	3.0
1534.2783903512268	0.03125010000007933	epochs	3.0
1534.3096404512269	0.06183359999999993	epochs	2.0
1534.3096404512269	0.03102689999991526	epochs	3.0
1534.3406673512268	0.030806700000084675	epochs	3.0
1534.3714740512269	0.060965599999917686	epochs	2.0
1534.3714740512269	0.030589799999916067	epochs	3.0
1534.4020638512268	0.030375800000001618	epochs	3.0
1534.4324396512268	0.06012160000000222	epochs	2.0
1534.4324396512268	0.030164900000045236	epochs	3.0
1534.4626045512268	0.02995669999995698	epochs	3.0
1534.4925612512268	0.05930069999999432	epochs	2.0
1534.4925612512268	0.029751600000054168	epochs	3.0
1534.5223128512268	0.029549099999940154	epochs	3.0
1534.5518619512268	0.05850179999993088	epochs	2.0
1534.5518619512268	0.02934940000000097	epochs	3.0
1534.5812113512268	0.029152399999929912	epochs	3.0
1534.6103637512267	0.05772420000016609	epochs	2.0
1534.6103637512267	0.028958000000102402	epochs	3.0
1534.6393217512268	0.02876620000006369	epochs	3.0
1534.6680879512269	0.056967099999837956	epochs	2.0
1534.6680879512269	0.028577000000041153	epochs	3.0
1534.696664951227	0.028390099999796803	epochs	3.0
1534.7250550512267	0.05622950000019955	epochs	2.0
1534.7250550512267	0.02820570000017142	epochs	3.0
1534.753260751227	0.028023800000028132	epochs	3.0
1534.781284551227	0.055510699999786084	epochs	2.0
1534.781284551227	0.027843999999959124	epochs	3.0
1534.8091285512269	0.02766669999982696	epochs	3.0
1534.8367952512267	0.054810200000019904	epochs	2.0
1534.8367952512267	0.02749149999999645	epochs	3.0
1534.8642867512267	0.027318700000023455	epochs	3.0
1534.8916054512267	0.05412700000010773	epochs	2.0
1534.8916054512267	0.027147800000193456	epochs	3.0
1534.918753251227	0.026979199999914272	epochs	3.0
1534.9457324512268	0.053460699999959616	epochs	2.0
1534.9457324512268	0.026812600000084785	epochs	3.0
1534.972545051227	0.02664809999987483	epochs	3.0
1534.9991931512268	0.05281070000000909	epochs	2.0
1534.9991931512268	0.026485600000114573	epochs	3.0
1535.025678751227	0.02632509999989452	epochs	3.0
1535.0520038512268	0.05217620000007628	epochs	2.0
1535.0520038512268	0.026166399999965506	epochs	3.0
1535.0781702512268	0.026009800000110772	epochs	3.0
1535.1041800512269	0.051556699999991906	epochs	2.0
1535.1041800512269	0.025854799999933675	epochs	3.0
1535.1300348512268	0.02570190000005823	epochs	3.0
1535.1557367512269	0.05095189999997274	epochs	2.0
1535.1557367512269	0.025550699999939752	epochs	3.0
1535.1812874512268	0.025401200000032986	epochs	3.0
1535.2066886512268	0.05036100000006627	epochs	2.0
1535.2066886512268	0.025253499999962514	epochs	3.0
1535.2319421512268	0.025107500000103755	epochs	3.0
1535.257049651227	0.04978379999988647	epochs	2.0
1535.257049651227	0.02496320000000196	epochs	3.0
1535.282012851227	0.024820599999884507	epochs	3.0
1535.3068334512268	0.04921949999993558	epochs	2.0
1535.3068334512268	0.024679399999968155	epochs	3.0
1535.3315128512268	0.024540099999967424	epochs	3.0
1535.3560529512267	0.04866790000005494	epochs	2.0
1535.3560529512267	0.024402100000088467	epochs	3.0
1535.3804550512268	0.024265799999966475	epochs	3.0
1535.4047208512268	0.048128599999927246	epochs	2.0
1535.4047208512268	0.024131000000124914	epochs	3.0
1535.428851851227	0.023997599999802333	epochs	3.0
1535.4528494512267	0.047601100000065344	epochs	2.0
1535.4528494512267	0.023865800000066884	epochs	3.0
1535.4767152512268	0.02373529999999846	epochs	3.0
1535.5004505512268	0.04708499999992455	epochs	2.0
1535.5004505512268	0.023606299999983094	epochs	3.0
1535.5240568512268	0.023478699999941455	epochs	3.0
1535.5475355512267	0.04658000000017637	epochs	2.0
1535.5475355512267	0.023352500000100918	epochs	3.0
1535.5708880512268	0.02322750000007545	epochs	3.0
1535.5941155512269	0.04608569999982137	epochs	2.0
1535.5941155512269	0.02310399999987567	epochs	3.0
1535.6172195512268	0.022981699999945704	epochs	3.0
1535.6402012512267	0.04560180000021319	epochs	2.0
1535.6402012512267	0.022860700000137513	epochs	3.0
1535.6630619512268	0.022741100000075676	epochs	3.0
1535.685803051227	0.045127899999897636	epochs	2.0
1535.685803051227	0.022622499999897627	epochs	3.0
1535.7084255512268	0.02250540000000001	epochs	3.0
1535.7309309512268	0.0446638000000803	epochs	2.0
1535.7309309512268	0.02238929999998618	epochs	3.0
1535.7533202512268	0.022274500000094122	epochs	3.0
1535.775594751227	0.044209199999841076	epochs	2.0
1535.775594751227	0.022160799999937808	epochs	3.0
1535.7977555512268	0.022048399999903268	epochs	3.0
1535.8198039512267	0.04376360000014756	epochs	2.0
1535.8198039512267	0.021936900000127935	epochs	3.0
1535.8417408512269	0.021826700000019628	epochs	3.0
1535.8635675512269	0.04332709999994222	epochs	2.0
1535.8635675512269	0.021717599999874437	epochs	3.0
1535.8852851512268	0.021609500000067783	epochs	3.0
1535.9068946512268	0.04289900000003399	epochs	2.0
1535.9068946512268	0.02150249999999687	epochs	3.0
1535.9283971512268	0.021396500000037122	epochs	3.0
1535.9497936512269	0.04247949999989942	epochs	2.0
1535.9497936512269	0.021291699999892444	epochs	3.0
1535.9710853512267	0.021187800000006973	epochs	3.0
1535.9922731512268	0.04206790000012006	epochs	2.0
1535.9922731512268	0.02108490000000529	epochs	3.0
1536.0133580512268	0.02098300000011477	epochs	3.0
1536.0343410512269	0.04166439999994509	epochs	2.0
1536.0343410512269	0.020882199999959994	epochs	3.0
1536.0552232512268	0.020782199999985096	epochs	3.0
1536.0760054512268	0.041268499999887354	epochs	2.0
1536.0760054512268	0.020683299999973315	epochs	3.0
1536.0966887512268	0.02058519999991404	epochs	3.0
1536.1172739512267	0.04088000000001557	epochs	2.0
1536.1172739512267	0.0204881000001933	epochs	3.0
1536.137762051227	0.02039189999982227	epochs	3.0
1536.1581539512267	0.04049880000002304	epochs	2.0
1536.1581539512267	0.0202966000001652	epochs	3.0
1536.178450551227	0.02020219999985784	epochs	3.0
1536.1986527512267	0.04012460000012652	epochs	2.0
1536.1986527512267	0.02010870000003706	epochs	3.0
1536.2187614512268	0.02001590000008946	epochs	3.0
1536.2387773512269	0.03975730000001931	epochs	2.0
1536.2387773512269	0.0199241999998776	epochs	3.0
1536.2587015512267	0.019833100000141712	epochs	3.0
1536.278534651227	0.03939669999999751	epochs	2.0
1536.278534651227	0.019742999999834865	epochs	3.0
1536.2982776512267	0.019653700000162644	epochs	3.0
1536.317931351227	0.03904239999997117	epochs	2.0
1536.317931351227	0.019565099999908853	epochs	3.0
1536.3374964512268	0.019477300000062314	epochs	3.0
1536.3569737512269	0.03869459999987157	epochs	2.0
1536.3569737512269	0.019390400000020236	epochs	3.0
1536.3763641512269	0.019304199999851335	epochs	3.0
1536.3956683512267	0.03835290000006353	epochs	2.0
1536.3956683512267	0.019218800000089686	epochs	3.0
1536.4148871512268	0.01913409999997384	epochs	3.0
1536.4340212512268	0.03801720000001296	epochs	2.0
1536.4340212512268	0.019050200000037876	epochs	3.0
1536.4530714512268	0.018966999999975087	epochs	3.0
1536.4720384512268	0.03768719999993664	epochs	2.0
1536.4720384512268	0.01888450000001285	epochs	3.0
1536.4909229512268	0.01880269999992379	epochs	3.0
1536.5097256512267	0.03736309999999321	epochs	2.0
1536.5097256512267	0.018721700000014607	epochs	3.0
1536.5284473512268	0.018641399999978603	epochs	3.0
1536.5470887512267	0.037044300000161456	epochs	2.0
1536.5470887512267	0.018561600000111866	epochs	3.0
1536.5656503512269	0.01848270000004959	epochs	3.0
1536.584133051227	0.03673099999991791	epochs	2.0
1536.584133051227	0.018404299999929208	epochs	3.0
1536.6025373512268	0.018326699999988705	epochs	3.0
1536.6208640512268	0.03642289999993409	epochs	2.0
1536.6208640512268	0.018249599999990096	epochs	3.0
1536.6391136512268	0.018173299999943993	epochs	3.0
1536.6572869512268	0.03612010000006194	epochs	2.0
1536.6572869512268	0.018097600000146485	epochs	3.0
1536.675384551227	0.018022499999915453	epochs	3.0
1536.6934070512268	0.03582209999990482	epochs	2.0
1536.6934070512268	0.017947900000081063	epochs	3.0
1536.711354951227	0.01787419999982376	epochs	3.0
1536.7292291512267	0.03552899999999681	epochs	2.0
1536.7292291512267	0.017800800000031813	epochs	3.0
1536.7470299512268	0.017728199999965	epochs	3.0
1536.7647581512267	0.03524070000003121	epochs	2.0
1536.7647581512267	0.017656100000067454	epochs	3.0
1536.7824142512268	0.017584599999963757	epochs	3.0
1536.7999988512267	0.03495710000015606	epochs	2.0
1536.7999988512267	0.017513700000108656	epochs	3.0
1536.8175125512269	0.017443400000047404	epochs	3.0
1536.834955951227	0.034677899999906	epochs	2.0
1536.834955951227	0.017373599999928047	epochs	3.0
1536.8523295512268	0.017304299999977957	epochs	3.0
1536.8696338512268	0.03440329999989444	epochs	2.0
1536.8696338512268	0.017235699999901044	epochs	3.0
1536.8868695512267	0.0171675999999934	epochs	3.0
1536.9040371512267	0.034132800000179486	epochs	2.0
1536.9040371512267	0.017099900000175694	epochs	3.0
1536.9211370512269	0.017032900000003792	epochs	3.0
1536.9381699512269	0.03386669999986225	epochs	2.0
1536.9381699512269	0.01696640000000116	epochs	3.0
1536.9551363512269	0.01690029999986109	epochs	3.0
1536.9720366512267	0.03360459999998966	epochs	2.0
1536.9720366512267	0.01683479999996962	epochs	3.0
1536.9888714512267	0.01676980000002004	epochs	3.0
1537.0056412512267	0.0333466000001863	epochs	2.0
1537.0056412512267	0.016705300000012357	epochs	3.0
1537.0223465512267	0.016641300000173942	epochs	3.0
1537.038987851227	0.033092499999838765	epochs	2.0
1537.038987851227	0.016577799999822673	epochs	3.0
1537.0555656512267	0.01651470000001609	epochs	3.0
1537.0720803512268	0.032842300000083924	epochs	2.0
1537.0720803512268	0.01645220000000336	epochs	3.0
1537.0885325512268	0.016390100000080565	epochs	3.0
1537.1049226512268	0.03259570000000167	epochs	2.0
1537.1049226512268	0.016328400000020338	epochs	3.0
1537.1212510512269	0.016267299999981333	epochs	3.0
1537.1375183512268	0.032352899999978035	epochs	2.0
1537.1375183512268	0.016206600000032267	epochs	3.0
1537.1537249512269	0.016146299999945768	epochs	3.0
1537.1698712512268	0.032113700000081735	epochs	2.0
1537.1698712512268	0.01608659999988049	epochs	3.0
1537.1859578512267	0.016027100000201244	epochs	3.0
1537.201984951227	0.03187800000000607	epochs	2.0
1537.201984951227	0.0159681999998611	epochs	3.0
1537.2179531512268	0.01590980000014497	epochs	3.0
1537.233862951227	0.03164569999989908	epochs	2.0
1537.233862951227	0.015851599999905375	epochs	3.0
1537.2497145512268	0.015794099999993705	epochs	3.0
1537.2655086512268	0.031416699999908815	epochs	2.0
1537.2655086512268	0.01573669999993399	epochs	3.0
1537.2812453512267	0.015679999999974825	epochs	3.0
1537.2969253512267	0.031191100000114602	epochs	2.0
1537.2969253512267	0.015623600000026272	epochs	3.0
1537.3125489512267	0.01556750000008833	epochs	3.0
1537.3281164512268	0.030968699999903038	epochs	2.0
1537.3281164512268	0.015511999999944237	epochs	3.0
1537.3436284512268	0.0154566999999588	epochs	3.0
1537.3590851512267	0.030749500000183616	epochs	2.0
1537.3590851512267	0.015401999999994587	epochs	3.0
1537.3744871512267	0.01534750000018903	epochs	3.0
1537.389834651227	0.030533199999808858	epochs	2.0
1537.389834651227	0.01529339999979129	epochs	3.0
1537.4051280512267	0.015239800000017567	epochs	3.0
1537.4203678512267	0.030320100000153616	epochs	2.0
1537.4203678512267	0.015186500000027081	epochs	3.0
1537.4355543512268	0.015133600000126535	epochs	3.0
1537.4506879512269	0.030109899999843037	epochs	2.0
1537.4506879512269	0.015081000000009226	epochs	3.0
1537.465768951227	0.015028899999833811	epochs	3.0
1537.4807978512267	0.029902500000162036	epochs	2.0
1537.4807978512267	0.014977000000044427	epochs	3.0
1537.4957748512268	0.014925500000117609	epochs	3.0
1537.510700351227	0.029698099999905025	epochs	2.0
1537.510700351227	0.014874399999825982	epochs	3.0
1537.5255747512267	0.014823700000079043	epochs	3.0
1537.5403984512268	0.029496300000118936	epochs	2.0
1537.5403984512268	0.014773200000036013	epochs	3.0
1537.5551716512268	0.014723100000082923	epochs	3.0
1537.569894751227	0.029297399999904883	epochs	2.0
1537.569894751227	0.014673399999992398	epochs	3.0
1537.584568151227	0.014623999999912485	epochs	3.0
1537.5991921512268	0.029101099999934377	epochs	2.0
1537.5991921512268	0.014574900000070556	epochs	3.0
1537.613767051227	0.01452619999986382	epochs	3.0
1537.6282932512268	0.028907399999980044	epochs	2.0
1537.6282932512268	0.014477700000043114	epochs	3.0
1537.6427709512268	0.014429699999936929	epochs	3.0
1537.6572006512267	0.02871620000018993	epochs	2.0
1537.6572006512267	0.014381800000137446	epochs	3.0
1537.6715824512269	0.014334400000052483	epochs	3.0
1537.685916851227	0.02852759999996124	epochs	2.0
1537.685916851227	0.014287199999898803	epochs	3.0
1537.7002040512268	0.014240400000062436	epochs	3.0
1537.7144444512269	0.02834139999981744	epochs	2.0
1537.7144444512269	0.014193799999929979	epochs	3.0
1537.7286382512268	0.014147599999887461	epochs	3.0
1537.7427858512267	0.028157700000065233	epochs	2.0
1537.7427858512267	0.014101700000082928	epochs	3.0
1537.7568875512268	0.014055999999982305	epochs	3.0
1537.7709435512268	0.027976300000091214	epochs	2.0
1537.7709435512268	0.014010600000119666	epochs	3.0
1537.7849541512269	0.013965699999971548	epochs	3.0
1537.7989198512269	0.027797199999895383	epochs	2.0
1537.7989198512269	0.013920800000050804	epochs	3.0
1537.812840651227	0.01387639999984458	epochs	3.0
1537.8267170512268	0.02762040000015986	epochs	2.0
1537.8267170512268	0.013832200000024386	epochs	3.0
1537.8405492512268	0.013788200000135475	epochs	3.0
1537.854337451227	0.027445899999975154	epochs	2.0
1537.854337451227	0.013744599999881757	epochs	3.0
1537.8680820512268	0.013701300000093397	epochs	3.0
1537.8817833512269	0.027273499999864725	epochs	2.0
1537.8817833512269	0.013658200000008947	epochs	3.0
1537.895441551227	0.013615299999855779	epochs	3.0
1537.9090568512268	0.027103399999987232	epochs	2.0
1537.9090568512268	0.013572800000019924	epochs	3.0
1537.9226296512268	0.013530599999967308	epochs	3.0
1537.9361602512267	0.02693520000002536	epochs	2.0
1537.9361602512267	0.013488400000142065	epochs	3.0
1537.9496486512269	0.013446799999883297	epochs	3.0
1537.9630954512268	0.026769199999989723	epochs	2.0
1537.9630954512268	0.013405200000079276	epochs	3.0
1537.9765006512268	0.013363999999910448	epochs	3.0
1537.9898646512268	0.026605199999949036	epochs	2.0
1537.9898646512268	0.013322900000048321	epochs	3.0
1538.0031875512268	0.013282299999900715	epochs	3.0
1538.0164698512267	0.026443200000130673	epochs	2.0
1538.0164698512267	0.013241700000207857	epochs	3.0
1538.029711551227	0.013201499999922817	epochs	3.0
1538.0429130512268	0.026283200000079887	epochs	2.0
1538.0429130512268	0.013161500000023807	epochs	3.0
1538.0560745512269	0.01312170000005608	epochs	3.0
1538.069196251227	0.026124999999865395	epochs	2.0
1538.069196251227	0.013082099999792263	epochs	3.0
1538.0822783512267	0.013042900000073132	epochs	3.0
1538.0953212512268	0.025968899999952555	epochs	2.0
1538.0953212512268	0.01300390000005791	epochs	3.0
1538.1083251512268	0.012964999999894644	epochs	3.0
1538.1212901512267	0.025814500000024054	epochs	2.0
1538.1212901512267	0.012926399999969362	epochs	3.0
1538.1342165512267	0.012888100000054692	epochs	3.0
1538.1471046512268	0.02566190000015922	epochs	2.0
1538.1471046512268	0.012849899999991976	epochs	3.0
1538.1599545512267	0.012812000000167245	epochs	3.0
1538.172766551227	0.025511199999982637	epochs	2.0
1538.172766551227	0.012774399999898378	epochs	3.0
1538.1855409512268	0.012736800000084258	epochs	3.0
1538.198277751227	0.02536229999986972	epochs	2.0
1538.198277751227	0.01269969999998466	epochs	3.0
1538.2109774512269	0.01266259999988506	epochs	3.0
1538.2236400512268	0.02521500000011656	epochs	2.0
1538.2236400512268	0.012625800000023446	epochs	3.0
1538.2362658512268	0.012589200000093115	epochs	3.0
1538.2488550512269	0.024584799999956886	epochs	2.0
1538.2716362512267	0.5	epochs	-1.0
1538.2734398512268	0.512079999999969	epochs	1.0
1538.7855198512268	0.4878400000000056	epochs	0.0
1539.7709999084473	0.06744000000003325	epochs	0.0
1539.7709999084473	0.0287226999998893	epochs	1.0
1539.7997226084472	0.009994600000027276	epochs	1.0
1539.8097172084472	0.028722700000116674	epochs	1.0
1539.8384399084473	2.0	epochs	0.0
1541.8384399084473	21.512559999999894	epochs	0.0
1541.8384399084473	1.0	epochs	1.0
1541.8384763084473	0.5	epochs	-1.0
1542.3384763084473	19.99815999999987	epochs	-1.0
1542.8384399084473	20.0	epochs	1.0
1542.8384399084473	4.356753900000058	epochs	-1.0
1542.8384399084473	1.9745871999998599	epochs	2.0
1542.8384399084473	1.0985622000000603	epochs	3.0
1543.9370021084474	0.8760249999997995	epochs	3.0
1544.8130271084472	1.3524075000000266	epochs	2.0
1544.8130271084472	0.7286355000001095	epochs	3.0
1545.5416626084473	0.6237719999999172	epochs	3.0
1546.1654346084472	1.0297592000001714	epochs	2.0
1546.1654346084472	0.5453293000000485	epochs	3.0
1546.7107639084472	0.48442990000012287	epochs	3.0
1547.1951938084474	0.8317861999998968	epochs	2.0
1547.1951938084474	0.4357762999998158	epochs	3.0
1547.6309701084472	0.39600990000008096	epochs	3.0
1548.0269800084473	0.6977970000000369	epochs	2.0
1548.0269800084473	0.3628982000000178	epochs	3.0
1548.3898782084473	0.33489880000001904	epochs	3.0
1548.7247770084473	0.601045699999986	epochs	2.0
1548.7247770084473	0.3109122999999272	epochs	3.0
1549.0356893084472	0.2901334000000588	epochs	3.0
1549.3258227084473	0.5278859000000011	epochs	2.0
1549.3258227084473	0.2719586000000618	epochs	3.0
1549.5977813084473	0.25592729999993935	epochs	3.0
1549.8537086084473	0.470619299999953	epochs	2.0
1549.8537086084473	0.241681299999982	epochs	3.0
1550.0953899084473	0.228937999999971	epochs	3.0
1550.3243279084472	0.42457039999999324	epochs	2.0
1550.3243279084472	0.21747140000002219	epochs	3.0
1550.5417993084473	0.20709899999997106	epochs	3.0
1550.7488983084472	0.3867354000001342	epochs	2.0
1550.7488983084472	0.19767109999997956	epochs	3.0
1550.9465694084472	0.18906430000015462	epochs	3.0
1551.1356337084474	0.35509529999990264	epochs	2.0
1551.1356337084474	0.18117589999997108	epochs	3.0
1551.3168096084473	0.17391939999993156	epochs	3.0
1551.4907290084473	0.3282431000000088	epochs	2.0
1551.4907290084473	0.16722189999995862	epochs	3.0
1551.6579509084472	0.16102120000005016	epochs	3.0
1551.8189721084473	0.30516800000009425	epochs	2.0
1551.8189721084473	0.15526389999990897	epochs	3.0
1551.9742360084472	0.14990410000018528	epochs	3.0
1552.1241401084474	0.28512529999989056	epochs	2.0
1552.1241401084474	0.14490209999985382	epochs	3.0
1552.2690422084472	0.14022320000003674	epochs	3.0
1552.4092654084473	0.267553800000087	epochs	2.0
1552.4092654084473	0.1358368999999584	epochs	3.0
1552.5451023084472	0.1317169000001286	epochs	3.0
1552.6768192084473	0.252022899999929	epochs	2.0
1552.6768192084473	0.1278393000000051	epochs	3.0
1552.8046585084473	0.1241835999999239	epochs	3.0
1552.9288421084473	0.23819649999995818	epochs	2.0
1552.9288421084473	0.12073110000005727	epochs	3.0
1553.0495732084473	0.11746539999990091	epochs	3.0
1553.1670386084472	0.2258088000000953	epochs	2.0
1553.1670386084472	0.1143718999999237	epochs	3.0
1553.2814105084472	0.11143690000017159	epochs	3.0
1553.3928474084473	0.21464599999990241	epochs	2.0
1553.3928474084473	0.10864889999993466	epochs	3.0
1553.5014963084473	0.10599709999996776	epochs	3.0
1553.6074934084472	0.20453500000007807	epochs	2.0
1553.6074934084472	0.10347150000006877	epochs	3.0
1553.7109649084473	0.1010635000000093	epochs	3.0
1553.8120284084473	0.19533400000000256	epochs	2.0
1553.8120284084473	0.09876510000003691	epochs	3.0
1553.9107935084473	0.09656889999996565	epochs	3.0
1554.0073624084473	0.18692529999998442	epochs	2.0
1554.0073624084473	0.09446830000001682	epochs	3.0
1554.1018307084473	0.09245699999996759	epochs	3.0
1554.1942877084473	0.17921069999988504	epochs	2.0
1554.1942877084473	0.0905296000000817	epochs	3.0
1554.2848173084474	0.08868109999980334	epochs	3.0
1554.3734984084472	0.17210770000019693	epochs	2.0
1554.3734984084472	0.08690630000000965	epochs	3.0
1554.4604047084472	0.08520140000018728	epochs	3.0
1554.5456061084474	0.1655463999998119	epochs	2.0
1554.5456061084474	0.08356189999994967	epochs	3.0
1554.6291680084473	0.08198449999986224	epochs	3.0
1554.7111525084472	0.15946710000002895	epochs	2.0
1554.7111525084472	0.08046540000009372	epochs	3.0
1554.7916179084473	0.07900169999993523	epochs	3.0
1554.8706196084472	0.15381840000009106	epochs	2.0
1554.8706196084472	0.07759009999995214	epochs	3.0
1554.9482097084472	0.07622830000013892	epochs	3.0
1555.0244380084473	0.14855639999996129	epochs	2.0
1555.0244380084473	0.07491329999993468	epochs	3.0
1555.0993513084472	0.0736431000000266	epochs	3.0
1555.1729944084473	0.14364240000008976	epochs	2.0
1555.1729944084473	0.07241500000009182	epochs	3.0
1555.2454094084474	0.07122739999999794	epochs	3.0
1555.3166368084474	0.13904309999998077	epochs	2.0
1555.3166368084474	0.07007799999996678	epochs	3.0
1555.3867148084473	0.06896510000001399	epochs	3.0
1555.4556799084473	0.13472929999988992	epochs	2.0
1555.4556799084473	0.0678871000000072	epochs	3.0
1555.5235670084473	0.06684219999988272	epochs	3.0
1555.5904092084472	0.1306752000000415	epochs	2.0
1555.5904092084472	0.06582909999997355	epochs	3.0
1555.6562383084472	0.06484610000006796	epochs	3.0
1555.7210844084473	0.1268577999999252	epochs	2.0
1555.7210844084473	0.06389199999989614	epochs	3.0
1555.7849764084472	0.06296580000002905	epochs	3.0
1555.8479422084472	0.12325720000012552	epochs	2.0
1555.8479422084472	0.06206580000002759	epochs	3.0
1555.9100080084472	0.06119140000009793	epochs	3.0
1555.9711994084473	0.11985540000000583	epochs	2.0
1555.9711994084473	0.060341099999959624	epochs	3.0
1556.0315405084473	0.059514300000046205	epochs	3.0
1556.0910548084473	0.1166361999999026	epochs	2.0
1556.0910548084473	0.058709599999929196	epochs	3.0
1556.1497644084473	0.057926599999973405	epochs	3.0
1556.2076910084472	0.11358560000007856	epochs	2.0
1556.2076910084472	0.05716419999998834	epochs	3.0
1556.2648552084472	0.056421400000090216	epochs	3.0
1556.3212766084473	0.11069049999991876	epochs	2.0
1556.3212766084473	0.055697900000041045	epochs	3.0
1556.3769745084473	0.05499259999987771	epochs	3.0
1556.4319671084472	0.1079391000000669	epochs	2.0
1556.4319671084472	0.05430490000003374	epochs	3.0
1556.4862720084473	0.05363420000003316	epochs	3.0
1556.5399062084473	0.10532149999994544	epochs	2.0
1556.5399062084473	0.05297999999993408	epochs	3.0
1556.5928862084472	0.052341500000011365	epochs	3.0
1556.6452277084472	0.10282759999995505	epochs	2.0
1556.6452277084472	0.05171810000001642	epochs	3.0
1556.6969458084473	0.051109499999938635	epochs	3.0
1556.7480553084472	0.10044910000010532	epochs	2.0
1556.7480553084472	0.050514900000052876	epochs	3.0
1556.7985702084472	0.04993420000005244	epochs	3.0
1556.8485044084473	0.0981782999999723	epochs	2.0
1556.8485044084473	0.04936659999998483	epochs	3.0
1556.8978710084473	0.04881169999998747	epochs	3.0
1556.9466827084473	0.09600780000005216	epochs	2.0
1556.9466827084473	0.04826920000004975	epochs	3.0
1556.9949519084473	0.04773860000000241	epochs	3.0
1557.0426905084473	0.09393120000004274	epochs	2.0
1557.0426905084473	0.04721949999998287	epochs	3.0
1557.0899100084473	0.046711700000059864	epochs	3.0
1557.1366217084474	0.09194259999981114	epochs	2.0
1557.1366217084474	0.046214599999984785	epochs	3.0
1557.1828363084473	0.04572799999982635	epochs	3.0
1557.2285643084472	0.09003630000006524	epochs	2.0
1557.2285643084472	0.04525150000017675	epochs	3.0
1557.2738158084474	0.04478479999988849	epochs	3.0
1557.3186006084472	0.08820760000003247	epochs	2.0
1557.3186006084472	0.044327800000019124	epochs	3.0
1557.3629284084473	0.04387980000001335	epochs	3.0
1557.4068082084473	0.0864516999999978	epochs	2.0
1557.4068082084473	0.04344100000002982	epochs	3.0
1557.4502492084473	0.04301069999996798	epochs	3.0
1557.4932599084473	0.08476429999996071	epochs	2.0
1557.4932599084473	0.04258899999990717	epochs	3.0
1557.5358489084472	0.04217530000005354	epochs	3.0
1557.5780242084472	0.08314150000001064	epochs	2.0
1557.5780242084472	0.04176970000003166	epochs	3.0
1557.6197939084473	0.041371799999978975	epochs	3.0
1557.6611657084472	0.08157970000002024	epochs	2.0
1557.6611657084472	0.040981399999964196	epochs	3.0
1557.7021471084472	0.04059830000005604	epochs	3.0
1557.7427454084473	0.08007550000002084	epochs	2.0
1557.7427454084473	0.040222300000095856	epochs	3.0
1557.7829677084474	0.03985319999992498	epochs	3.0
1557.8228209084473	0.07862569999997504	epochs	2.0
1557.8228209084473	0.039490800000066884	epochs	3.0
1557.8623117084474	0.03913489999990816	epochs	3.0
1557.9014466084473	0.07722760000001472	epochs	2.0
1557.9014466084473	0.038785400000051595	epochs	3.0
1557.9402320084473	0.03844219999996312	epochs	3.0
1557.9786742084473	0.07587820000003376	epochs	2.0
1557.9786742084473	0.03810479999992822	epochs	3.0
1558.0167790084472	0.03777340000010554	epochs	3.0
1558.0545524084473	0.0745752000000266	epochs	2.0
1558.0545524084473	0.03744770000002973	epochs	3.0
1558.0920001084473	0.03712749999999687	epochs	3.0
1558.1291276084473	0.07331629999998768	epochs	2.0
1558.1291276084473	0.03681289999985893	epochs	3.0
1558.1659405084472	0.03650340000012875	epochs	3.0
1558.2024439084473	0.07209899999998015	epochs	2.0
1558.2024439084473	0.03619909999997617	epochs	3.0
1558.2386430084473	0.03589990000000398	epochs	3.0
1558.2745429084473	0.07092169999987163	epochs	2.0
1558.2745429084473	0.03560560000005353	epochs	3.0
1558.3101485084474	0.03531609999981811	epochs	3.0
1558.3454646084472	0.06978200000003199	epochs	2.0
1558.3454646084472	0.03503120000004856	epochs	3.0
1558.3804958084472	0.03475079999998343	epochs	3.0
1558.4152466084472	0.06867860000011206	epochs	2.0
1558.4152466084472	0.03447510000000875	epochs	3.0
1558.4497217084472	0.034203500000103304	epochs	3.0
1558.4839252084473	0.06760929999995824	epochs	2.0
1558.4839252084473	0.033936199999970995	epochs	3.0
1558.5178614084473	0.033673099999987244	epochs	3.0
1558.5515345084473	0.06657289999998284	epochs	2.0
1558.5515345084473	0.03341399999999339	epochs	3.0
1558.5849485084473	0.033158899999989444	epochs	3.0
1558.6181074084473	0.06556780000005347	epochs	2.0
1558.6181074084473	0.03290769999989607	epochs	3.0
1558.6510151084472	0.0326601000001574	epochs	3.0
1558.6836752084473	0.06459259999996902	epochs	2.0
1558.6836752084473	0.03241639999987456	epochs	3.0
1558.7160916084472	0.03217620000009447	epochs	3.0
1558.7482678084473	0.06364600000006249	epochs	2.0
1558.7482678084473	0.03193959999998697	epochs	3.0
1558.7802074084473	0.03170640000007552	epochs	3.0
1558.8119138084473	0.0627266999999847	epochs	2.0
1558.8119138084473	0.031476599999905375	epochs	3.0
1558.8433904084472	0.03125010000007933	epochs	3.0
1558.8746405084473	0.06183359999999993	epochs	2.0
1558.8746405084473	0.03102689999991526	epochs	3.0
1558.9056674084472	0.030806700000084675	epochs	3.0
1558.9364741084473	0.060965599999917686	epochs	2.0
1558.9364741084473	0.030589799999916067	epochs	3.0
1558.9670639084472	0.030375800000001618	epochs	3.0
1558.9974397084472	0.06012160000000222	epochs	2.0
1558.9974397084472	0.030164900000045236	epochs	3.0
1559.0276046084473	0.02995669999995698	epochs	3.0
1559.0575613084472	0.05930069999999432	epochs	2.0
1559.0575613084472	0.029751600000054168	epochs	3.0
1559.0873129084473	0.029549099999940154	epochs	3.0
1559.1168620084472	0.05850179999993088	epochs	2.0
1559.1168620084472	0.02934940000000097	epochs	3.0
1559.1462114084472	0.029152399999929912	epochs	3.0
1559.1753638084472	0.05772420000016609	epochs	2.0
1559.1753638084472	0.028958000000102402	epochs	3.0
1559.2043218084473	0.02876620000006369	epochs	3.0
1559.2330880084473	0.056967099999837956	epochs	2.0
1559.2330880084473	0.028577000000041153	epochs	3.0
1559.2616650084474	0.028390099999796803	epochs	3.0
1559.2900551084472	0.05622950000019955	epochs	2.0
1559.2900551084472	0.02820570000017142	epochs	3.0
1559.3182608084473	0.028023800000028132	epochs	3.0
1559.3462846084474	0.055510699999786084	epochs	2.0
1559.3462846084474	0.027843999999959124	epochs	3.0
1559.3741286084473	0.02766669999982696	epochs	3.0
1559.4017953084472	0.054810200000019904	epochs	2.0
1559.4017953084472	0.02749149999999645	epochs	3.0
1559.4292868084472	0.027318700000023455	epochs	3.0
1559.4566055084472	0.05412700000010773	epochs	2.0
1559.4566055084472	0.027147800000193456	epochs	3.0
1559.4837533084474	0.026979199999914272	epochs	3.0
1559.5107325084473	0.053460699999959616	epochs	2.0
1559.5107325084473	0.026812600000084785	epochs	3.0
1559.5375451084474	0.02664809999987483	epochs	3.0
1559.5641932084473	0.05281070000000909	epochs	2.0
1559.5641932084473	0.026485600000114573	epochs	3.0
1559.5906788084474	0.02632509999989452	epochs	3.0
1559.6170039084473	0.05217620000007628	epochs	2.0
1559.6170039084473	0.026166399999965506	epochs	3.0
1559.6431703084472	0.026009800000110772	epochs	3.0
1559.6691801084473	0.051556699999991906	epochs	2.0
1559.6691801084473	0.025854799999933675	epochs	3.0
1559.6950349084473	0.02570190000005823	epochs	3.0
1559.7207368084473	0.05095189999997274	epochs	2.0
1559.7207368084473	0.025550699999939752	epochs	3.0
1559.7462875084473	0.025401200000032986	epochs	3.0
1559.7716887084473	0.05036100000006627	epochs	2.0
1559.7716887084473	0.025253499999962514	epochs	3.0
1559.7969422084473	0.025107500000103755	epochs	3.0
1559.8220497084474	0.04978379999988647	epochs	2.0
1559.8220497084474	0.02496320000000196	epochs	3.0
1559.8470129084474	0.024820599999884507	epochs	3.0
1559.8718335084473	0.04921949999993558	epochs	2.0
1559.8718335084473	0.024679399999968155	epochs	3.0
1559.8965129084472	0.024540099999967424	epochs	3.0
1559.9210530084472	0.04866790000005494	epochs	2.0
1559.9210530084472	0.024402100000088467	epochs	3.0
1559.9454551084473	0.024265799999966475	epochs	3.0
1559.9697209084472	0.048128599999927246	epochs	2.0
1559.9697209084472	0.024131000000124914	epochs	3.0
1559.9938519084474	0.023997599999802333	epochs	3.0
1560.0178495084472	0.047601100000065344	epochs	2.0
1560.0178495084472	0.023865800000066884	epochs	3.0
1560.0417153084472	0.02373529999999846	epochs	3.0
1560.0654506084472	0.04708499999992455	epochs	2.0
1560.0654506084472	0.023606299999983094	epochs	3.0
1560.0890569084472	0.023478699999941455	epochs	3.0
1560.1125356084472	0.04658000000017637	epochs	2.0
1560.1125356084472	0.023352500000100918	epochs	3.0
1560.1358881084473	0.02322750000007545	epochs	3.0
1560.1591156084473	0.04608569999982137	epochs	2.0
1560.1591156084473	0.02310399999987567	epochs	3.0
1560.1822196084472	0.022981699999945704	epochs	3.0
1560.2052013084472	0.04560180000021319	epochs	2.0
1560.2052013084472	0.022860700000137513	epochs	3.0
1560.2280620084473	0.022741100000075676	epochs	3.0
1560.2508031084474	0.045127899999897636	epochs	2.0
1560.2508031084474	0.022622499999897627	epochs	3.0
1560.2734256084473	0.02250540000000001	epochs	3.0
1560.2959310084473	0.0446638000000803	epochs	2.0
1560.2959310084473	0.02238929999998618	epochs	3.0
1560.3183203084473	0.022274500000094122	epochs	3.0
1560.3405948084473	0.044209199999841076	epochs	2.0
1560.3405948084473	0.022160799999937808	epochs	3.0
1560.3627556084473	0.022048399999903268	epochs	3.0
1560.3848040084472	0.04376360000014756	epochs	2.0
1560.3848040084472	0.021936900000127935	epochs	3.0
1560.4067409084473	0.021826700000019628	epochs	3.0
1560.4285676084473	0.04332709999994222	epochs	2.0
1560.4285676084473	0.021717599999874437	epochs	3.0
1560.4502852084472	0.021609500000067783	epochs	3.0
1560.4718947084473	0.04289900000003399	epochs	2.0
1560.4718947084473	0.02150249999999687	epochs	3.0
1560.4933972084473	0.021396500000037122	epochs	3.0
1560.5147937084473	0.04247949999989942	epochs	2.0
1560.5147937084473	0.021291699999892444	epochs	3.0
1560.5360854084472	0.021187800000006973	epochs	3.0
1560.5572732084472	0.04206790000012006	epochs	2.0
1560.5572732084472	0.02108490000000529	epochs	3.0
1560.5783581084472	0.02098300000011477	epochs	3.0
1560.5993411084473	0.04166439999994509	epochs	2.0
1560.5993411084473	0.020882199999959994	epochs	3.0
1560.6202233084473	0.020782199999985096	epochs	3.0
1560.6410055084473	0.041268499999887354	epochs	2.0
1560.6410055084473	0.020683299999973315	epochs	3.0
1560.6616888084473	0.02058519999991404	epochs	3.0
1560.6822740084472	0.04088000000001557	epochs	2.0
1560.6822740084472	0.0204881000001933	epochs	3.0
1560.7027621084474	0.02039189999982227	epochs	3.0
1560.7231540084472	0.04049880000002304	epochs	2.0
1560.7231540084472	0.0202966000001652	epochs	3.0
1560.7434506084473	0.02020219999985784	epochs	3.0
1560.7636528084472	0.04012460000012652	epochs	2.0
1560.7636528084472	0.02010870000003706	epochs	3.0
1560.7837615084472	0.02001590000008946	epochs	3.0
1560.8037774084473	0.03975730000001931	epochs	2.0
1560.8037774084473	0.0199241999998776	epochs	3.0
1560.8237016084472	0.019833100000141712	epochs	3.0
1560.8435347084474	0.03939669999999751	epochs	2.0
1560.8435347084474	0.019742999999834865	epochs	3.0
1560.8632777084472	0.019653700000162644	epochs	3.0
1560.8829314084473	0.03904239999997117	epochs	2.0
1560.8829314084473	0.019565099999908853	epochs	3.0
1560.9024965084473	0.019477300000062314	epochs	3.0
1560.9219738084473	0.03869459999987157	epochs	2.0
1560.9219738084473	0.019390400000020236	epochs	3.0
1560.9413642084473	0.019304199999851335	epochs	3.0
1560.9606684084472	0.03835290000006353	epochs	2.0
1560.9606684084472	0.019218800000089686	epochs	3.0
1560.9798872084473	0.01913409999997384	epochs	3.0
1560.9990213084473	0.03801720000001296	epochs	2.0
1560.9990213084473	0.019050200000037876	epochs	3.0
1561.0180715084473	0.018966999999975087	epochs	3.0
1561.0370385084473	0.03768719999993664	epochs	2.0
1561.0370385084473	0.01888450000001285	epochs	3.0
1561.0559230084473	0.01880269999992379	epochs	3.0
1561.0747257084472	0.03736309999999321	epochs	2.0
1561.0747257084472	0.018721700000014607	epochs	3.0
1561.0934474084472	0.018641399999978603	epochs	3.0
1561.1120888084472	0.037044300000161456	epochs	2.0
1561.1120888084472	0.018561600000111866	epochs	3.0
1561.1306504084473	0.01848270000004959	epochs	3.0
1561.1491331084474	0.03673099999991791	epochs	2.0
1561.1491331084474	0.018404299999929208	epochs	3.0
1561.1675374084473	0.018326699999988705	epochs	3.0
1561.1858641084473	0.03642289999993409	epochs	2.0
1561.1858641084473	0.018249599999990096	epochs	3.0
1561.2041137084473	0.018173299999943993	epochs	3.0
1561.2222870084472	0.03612010000006194	epochs	2.0
1561.2222870084472	0.018097600000146485	epochs	3.0
1561.2403846084474	0.018022499999915453	epochs	3.0
1561.2584071084473	0.03582209999990482	epochs	2.0
1561.2584071084473	0.017947900000081063	epochs	3.0
1561.2763550084474	0.01787419999982376	epochs	3.0
1561.2942292084472	0.03552899999999681	epochs	2.0
1561.2942292084472	0.017800800000031813	epochs	3.0
1561.3120300084472	0.017728199999965	epochs	3.0
1561.3297582084472	0.03524070000003121	epochs	2.0
1561.3297582084472	0.017656100000067454	epochs	3.0
1561.3474143084472	0.017584599999963757	epochs	3.0
1561.3649989084472	0.03495710000015606	epochs	2.0
1561.3649989084472	0.017513700000108656	epochs	3.0
1561.3825126084473	0.017443400000047404	epochs	3.0
1561.3999560084474	0.034677899999906	epochs	2.0
1561.3999560084474	0.017373599999928047	epochs	3.0
1561.4173296084473	0.017304299999977957	epochs	3.0
1561.4346339084473	0.03440329999989444	epochs	2.0
1561.4346339084473	0.017235699999901044	epochs	3.0
1561.4518696084472	0.0171675999999934	epochs	3.0
1561.4690372084472	0.034132800000179486	epochs	2.0
1561.4690372084472	0.017099900000175694	epochs	3.0
1561.4861371084473	0.017032900000003792	epochs	3.0
1561.5031700084473	0.03386669999986225	epochs	2.0
1561.5031700084473	0.01696640000000116	epochs	3.0
1561.5201364084473	0.01690029999986109	epochs	3.0
1561.5370367084472	0.03360459999998966	epochs	2.0
1561.5370367084472	0.01683479999996962	epochs	3.0
1561.5538715084472	0.01676980000002004	epochs	3.0
1561.5706413084472	0.0333466000001863	epochs	2.0
1561.5706413084472	0.016705300000012357	epochs	3.0
1561.5873466084472	0.016641300000173942	epochs	3.0
1561.6039879084474	0.033092499999838765	epochs	2.0
1561.6039879084474	0.016577799999822673	epochs	3.0
1561.6205657084472	0.01651470000001609	epochs	3.0
1561.6370804084472	0.032842300000083924	epochs	2.0
1561.6370804084472	0.01645220000000336	epochs	3.0
1561.6535326084472	0.016390100000080565	epochs	3.0
1561.6699227084473	0.03259570000000167	epochs	2.0
1561.6699227084473	0.016328400000020338	epochs	3.0
1561.6862511084473	0.016267299999981333	epochs	3.0
1561.7025184084473	0.032352899999978035	epochs	2.0
1561.7025184084473	0.016206600000032267	epochs	3.0
1561.7187250084473	0.016146299999945768	epochs	3.0
1561.7348713084473	0.032113700000081735	epochs	2.0
1561.7348713084473	0.01608659999988049	epochs	3.0
1561.7509579084472	0.016027100000201244	epochs	3.0
1561.7669850084474	0.03187800000000607	epochs	2.0
1561.7669850084474	0.0159681999998611	epochs	3.0
1561.7829532084472	0.01590980000014497	epochs	3.0
1561.7988630084474	0.03164569999989908	epochs	2.0
1561.7988630084474	0.015851599999905375	epochs	3.0
1561.8147146084473	0.015794099999993705	epochs	3.0
1561.8305087084473	0.031416699999908815	epochs	2.0
1561.8305087084473	0.01573669999993399	epochs	3.0
1561.8462454084472	0.015679999999974825	epochs	3.0
1561.8619254084472	0.031191100000114602	epochs	2.0
1561.8619254084472	0.015623600000026272	epochs	3.0
1561.8775490084472	0.01556750000008833	epochs	3.0
1561.8931165084473	0.030968699999903038	epochs	2.0
1561.8931165084473	0.015511999999944237	epochs	3.0
1561.9086285084472	0.0154566999999588	epochs	3.0
1561.9240852084472	0.030749500000183616	epochs	2.0
1561.9240852084472	0.015401999999994587	epochs	3.0
1561.9394872084472	0.01534750000018903	epochs	3.0
1561.9548347084474	0.030533199999808858	epochs	2.0
1561.9548347084474	0.01529339999979129	epochs	3.0
1561.9701281084472	0.015239800000017567	epochs	3.0
1561.9853679084472	0.030320100000153616	epochs	2.0
1561.9853679084472	0.015186500000027081	epochs	3.0
1562.0005544084472	0.015133600000126535	epochs	3.0
1562.0156880084473	0.030109899999843037	epochs	2.0
1562.0156880084473	0.015081000000009226	epochs	3.0
1562.0307690084474	0.015028899999833811	epochs	3.0
1562.0457979084472	0.029902500000162036	epochs	2.0
1562.0457979084472	0.014977000000044427	epochs	3.0
1562.0607749084472	0.014925500000117609	epochs	3.0
1562.0757004084473	0.029698099999905025	epochs	2.0
1562.0757004084473	0.014874399999825982	epochs	3.0
1562.0905748084472	0.014823700000079043	epochs	3.0
1562.1053985084473	0.029496300000118936	epochs	2.0
1562.1053985084473	0.014773200000036013	epochs	3.0
1562.1201717084473	0.014723100000082923	epochs	3.0
1562.1348948084474	0.029297399999904883	epochs	2.0
1562.1348948084474	0.014673399999992398	epochs	3.0
1562.1495682084474	0.014623999999912485	epochs	3.0
1562.1641922084473	0.029101099999934377	epochs	2.0
1562.1641922084473	0.014574900000070556	epochs	3.0
1562.1787671084473	0.01452619999986382	epochs	3.0
1562.1932933084472	0.028907399999980044	epochs	2.0
1562.1932933084472	0.014477700000043114	epochs	3.0
1562.2077710084473	0.014429699999936929	epochs	3.0
1562.2222007084472	0.02871620000018993	epochs	2.0
1562.2222007084472	0.014381800000137446	epochs	3.0
1562.2365825084473	0.014334400000052483	epochs	3.0
1562.2509169084474	0.02852759999996124	epochs	2.0
1562.2509169084474	0.014287199999898803	epochs	3.0
1562.2652041084473	0.014240400000062436	epochs	3.0
1562.2794445084473	0.02834139999981744	epochs	2.0
1562.2794445084473	0.014193799999929979	epochs	3.0
1562.2936383084473	0.014147599999887461	epochs	3.0
1562.3077859084472	0.028157700000065233	epochs	2.0
1562.3077859084472	0.014101700000082928	epochs	3.0
1562.3218876084472	0.014055999999982305	epochs	3.0
1562.3359436084472	0.027976300000091214	epochs	2.0
1562.3359436084472	0.014010600000119666	epochs	3.0
1562.3499542084473	0.013965699999971548	epochs	3.0
1562.3639199084473	0.027797199999895383	epochs	2.0
1562.3639199084473	0.013920800000050804	epochs	3.0
1562.3778407084474	0.01387639999984458	epochs	3.0
1562.3917171084472	0.02762040000015986	epochs	2.0
1562.3917171084472	0.013832200000024386	epochs	3.0
1562.4055493084472	0.013788200000135475	epochs	3.0
1562.4193375084474	0.027445899999975154	epochs	2.0
1562.4193375084474	0.013744599999881757	epochs	3.0
1562.4330821084473	0.013701300000093397	epochs	3.0
1562.4467834084473	0.027273499999864725	epochs	2.0
1562.4467834084473	0.013658200000008947	epochs	3.0
1562.4604416084474	0.013615299999855779	epochs	3.0
1562.4740569084472	0.027103399999987232	epochs	2.0
1562.4740569084472	0.013572800000019924	epochs	3.0
1562.4876297084472	0.013530599999967308	epochs	3.0
1562.5011603084472	0.02693520000002536	epochs	2.0
1562.5011603084472	0.013488400000142065	epochs	3.0
1562.5146487084473	0.013446799999883297	epochs	3.0
1562.5280955084472	0.026769199999989723	epochs	2.0
1562.5280955084472	0.013405200000079276	epochs	3.0
1562.5415007084473	0.013363999999910448	epochs	3.0
1562.5548647084472	0.026605199999949036	epochs	2.0
1562.5548647084472	0.013322900000048321	epochs	3.0
1562.5681876084473	0.013282299999900715	epochs	3.0
1562.5814699084472	0.026443200000130673	epochs	2.0
1562.5814699084472	0.013241700000207857	epochs	3.0
1562.5947116084474	0.013201499999922817	epochs	3.0
1562.6079131084473	0.026283200000079887	epochs	2.0
1562.6079131084473	0.013161500000023807	epochs	3.0
1562.6210746084473	0.01312170000005608	epochs	3.0
1562.6341963084474	0.026124999999865395	epochs	2.0
1562.6341963084474	0.013082099999792263	epochs	3.0
1562.6472784084472	0.013042900000073132	epochs	3.0
1562.6603213084472	0.025968899999952555	epochs	2.0
1562.6603213084472	0.01300390000005791	epochs	3.0
1562.6733252084473	0.012964999999894644	epochs	3.0
1562.6862902084472	0.025814500000024054	epochs	2.0
1562.6862902084472	0.012926399999969362	epochs	3.0
1562.6992166084472	0.012888100000054692	epochs	3.0
1562.7121047084472	0.02566190000015922	epochs	2.0
1562.7121047084472	0.012849899999991976	epochs	3.0
1562.7249546084472	0.012812000000167245	epochs	3.0
1562.7377666084474	0.025511199999982637	epochs	2.0
1562.7377666084474	0.012774399999898378	epochs	3.0
1562.7505410084473	0.012736800000084258	epochs	3.0
1562.7632778084474	0.02536229999986972	epochs	2.0
1562.7632778084474	0.01269969999998466	epochs	3.0
1562.7759775084473	0.01266259999988506	epochs	3.0
1562.7886401084472	0.02521500000011656	epochs	2.0
1562.7886401084472	0.012625800000023446	epochs	3.0
1562.8012659084472	0.012589200000093115	epochs	3.0
1562.8138551084473	0.024584799999956886	epochs	2.0
1562.8366363084472	0.5	epochs	-1.0
1562.8384399084473	0.512559999999894	epochs	1.0
1563.3509999084472	0.4873600000000806	epochs	0.0
1582.5369997024536	0.06744000000003325	epochs	0.0
1582.5369997024536	0.0287226999998893	epochs	1.0
1582.5657224024535	0.009994600000027276	epochs	1.0
1582.5757170024535	0.028722700000116674	epochs	1.0
1582.6044397024536	0.2299199999999928	epochs	0.0
1582.6044397024536	0.049999999999954525	epochs	1.0
1582.6544397024536	0.009999999999990905	epochs	1.0
1582.6644397024536	0.049999999999954525	epochs	1.0
1582.7144397024535	0.009999999999990905	epochs	1.0
1582.7244397024535	0.0500000000001819	epochs	1.0
1582.7744397024537	0.009999999999990905	epochs	1.0
1582.7844397024537	0.04991999999992913	epochs	1.0
2308.7529997825623	0.06743999999980588	epochs	0.0
2308.7529997825623	0.0287226999998893	epochs	1.0
2308.781722482562	0.009994600000027276	epochs	1.0
2308.791717082562	0.0287226999998893	epochs	1.0
2308.820439782562	2.999920000000202	epochs	0.0
2308.820439782562	1.0	epochs	1.0
2309.820439782562	1.0	epochs	1.0
2310.820439782562	0.999920000000202	epochs	1.0
2313.079999923706	0.06743999999980588	epochs	0.0
2313.079999923706	0.0287226999998893	epochs	1.0
2313.108722623706	0.009994600000027276	epochs	1.0
2313.118717223706	0.0287226999998893	epochs	1.0
2313.147439923706	2.999920000000202	epochs	0.0
2313.147439923706	1.0	epochs	1.0
2314.147439923706	1.0	epochs	1.0
2315.147439923706	0.999920000000202	epochs	1.0
2317.383999824524	0.06743999999980588	epochs	0.0
2317.383999824524	0.0287226999998893	epochs	1.0
2317.412722524524	0.009994600000027276	epochs	1.0
2317.422717124524	0.0287226999998893	epochs	1.0
2317.4514398245237	2.999920000000202	epochs	0.0
2317.4514398245237	1.0	epochs	1.0
2318.4514398245237	1.0	epochs	1.0
2319.4514398245237	0.999920000000202	epochs	1.0
2321.686999797821	0.06743999999980588	epochs	0.0
2321.686999797821	0.0287226999998893	epochs	1.0
2321.715722497821	0.009994600000027276	epochs	1.0
2321.725717097821	0.0287226999998893	epochs	1.0
2321.754439797821	2.999920000000202	epochs	0.0
2321.754439797821	1.0	epochs	1.0
2322.754439797821	1.0	epochs	1.0
2323.754439797821	0.999920000000202	epochs	1.0
2326.0029997825623	0.06743999999980588	epochs	0.0
2326.0029997825623	0.0287226999998893	epochs	1.0
2326.031722482562	0.009994600000027276	epochs	1.0
2326.041717082562	0.0287226999998893	epochs	1.0
2326.070439782562	2.999920000000202	epochs	0.0
2326.070439782562	1.0	epochs	1.0
2327.070439782562	1.0	epochs	1.0
2328.070439782562	0.999920000000202	epochs	1.0
2330.34299993515	0.06743999999980588	epochs	0.0
2330.34299993515	0.0287226999998893	epochs	1.0
2330.37172263515	0.009994600000027276	epochs	1.0
2330.38171723515	0.0287226999998893	epochs	1.0
2330.41043993515	2.999920000000202	epochs	0.0
2330.41043993515	1.0	epochs	1.0
2331.41043993515	1.0	epochs	1.0
2332.41043993515	0.999920000000202	epochs	1.0
2334.659999847412	0.06743999999980588	epochs	0.0
2334.659999847412	0.0287226999998893	epochs	1.0
2334.688722547412	0.009994600000027276	epochs	1.0
2334.698717147412	0.0287226999998893	epochs	1.0
2334.727439847412	2.999920000000202	epochs	0.0
2334.727439847412	1.0	epochs	1.0
2335.727439847412	1.0	epochs	1.0
2336.727439847412	0.999920000000202	epochs	1.0
2338.7699999809265	0.06743999999980588	epochs	0.0
2338.7699999809265	0.0287226999998893	epochs	1.0
2338.7987226809264	0.009994600000027276	epochs	1.0
2338.8087172809264	0.0287226999998893	epochs	1.0
2338.8374399809263	2.999920000000202	epochs	0.0
2338.8374399809263	1.0	epochs	1.0
2339.8374399809263	1.0	epochs	1.0
2340.8374399809263	0.999920000000202	epochs	1.0
2343.09299993515	0.06743999999980588	epochs	0.0
2343.09299993515	0.0287226999998893	epochs	1.0
2343.12172263515	0.009994600000027276	epochs	1.0
2343.13171723515	0.0287226999998893	epochs	1.0
2343.16043993515	2.999920000000202	epochs	0.0
2343.16043993515	1.0	epochs	1.0
2344.16043993515	1.0	epochs	1.0
2345.16043993515	0.999920000000202	epochs	1.0
2347.210000038147	0.06743999999980588	epochs	0.0
2347.210000038147	0.0287226999998893	epochs	1.0
2347.238722738147	0.009994600000027276	epochs	1.0
2347.248717338147	0.0287226999998893	epochs	1.0
2347.277440038147	2.999920000000202	epochs	0.0
2347.277440038147	1.0	epochs	1.0
2348.277440038147	1.0	epochs	1.0
2349.277440038147	0.999920000000202	epochs	1.0
2351.508999824524	0.06743999999980588	epochs	0.0
2351.508999824524	0.0287226999998893	epochs	1.0
2351.537722524524	0.009994600000027276	epochs	1.0
2351.547717124524	0.0287226999998893	epochs	1.0
2351.5764398245237	2.999920000000202	epochs	0.0
2351.5764398245237	1.0	epochs	1.0
2352.5764398245237	1.0	epochs	1.0
2353.5764398245237	0.999920000000202	epochs	1.0
2355.8409996032715	0.06743999999980588	epochs	0.0
2355.8409996032715	0.0287226999998893	epochs	1.0
2355.8697223032714	0.009994600000027276	epochs	1.0
2355.8797169032714	0.0287226999998893	epochs	1.0
2355.9084396032713	2.999920000000202	epochs	0.0
2355.9084396032713	1.0	epochs	1.0
2356.9084396032713	1.0	epochs	1.0
2357.9084396032713	0.999920000000202	epochs	1.0
2359.9479999542236	0.06743999999980588	epochs	0.0
2359.9479999542236	0.0287226999998893	epochs	1.0
2359.9767226542235	0.009994600000027276	epochs	1.0
2359.9867172542235	0.0287226999998893	epochs	1.0
2360.0154399542234	2.999920000000202	epochs	0.0
2360.0154399542234	1.0	epochs	1.0
2361.0154399542234	1.0	epochs	1.0
2362.0154399542234	0.999920000000202	epochs	1.0
2364.2749996185303	0.06743999999980588	epochs	0.0
2364.2749996185303	0.0287226999998893	epochs	1.0
2364.30372231853	0.009994600000027276	epochs	1.0
2364.31371691853	0.0287226999998893	epochs	1.0
2364.34243961853	2.999920000000202	epochs	0.0
2364.34243961853	1.0	epochs	1.0
2365.34243961853	1.0	epochs	1.0
2366.34243961853	0.999920000000202	epochs	1.0
2368.6009998321533	0.06743999999980588	epochs	0.0
2368.6009998321533	0.0287226999998893	epochs	1.0
2368.629722532153	0.009994600000027276	epochs	1.0
2368.6397171321532	0.0287226999998893	epochs	1.0
2368.668439832153	2.999920000000202	epochs	0.0
2368.668439832153	1.0	epochs	1.0
2369.668439832153	1.0	epochs	1.0
2370.668439832153	0.999920000000202	epochs	1.0
2372.9140000343323	0.06743999999980588	epochs	0.0
2372.9140000343323	0.0287226999998893	epochs	1.0
2372.942722734332	0.009994600000027276	epochs	1.0
2372.952717334332	0.0287226999998893	epochs	1.0
2372.981440034332	2.999920000000202	epochs	0.0
2372.981440034332	1.0	epochs	1.0
2373.981440034332	1.0	epochs	1.0
2374.981440034332	0.999920000000202	epochs	1.0
2377.2439999580383	0.06743999999980588	epochs	0.0
2377.2439999580383	0.0287226999998893	epochs	1.0
2377.272722658038	0.009994600000027276	epochs	1.0
2377.2827172580382	0.0287226999998893	epochs	1.0
2377.311439958038	2.999920000000202	epochs	0.0
2377.311439958038	1.0	epochs	1.0
2378.311439958038	1.0	epochs	1.0
2379.311439958038	0.999920000000202	epochs	1.0
2381.3680000305176	0.06743999999980588	epochs	0.0
2381.3680000305176	0.0287226999998893	epochs	1.0
2381.3967227305175	0.009994600000027276	epochs	1.0
2381.4067173305175	0.0287226999998893	epochs	1.0
2381.4354400305174	2.999920000000202	epochs	0.0
2381.4354400305174	1.0	epochs	1.0
2382.4354400305174	1.0	epochs	1.0
2383.4354400305174	0.999920000000202	epochs	1.0
2385.477999687195	0.06743999999980588	epochs	0.0
2385.477999687195	0.0287226999998893	epochs	1.0
2385.5067223871947	0.009994600000027276	epochs	1.0
2385.5167169871947	0.0287226999998893	epochs	1.0
2385.5454396871946	2.999920000000202	epochs	0.0
2385.5454396871946	1.0	epochs	1.0
2386.5454396871946	1.0	epochs	1.0
2387.5454396871946	0.999920000000202	epochs	1.0
2389.8369998931885	0.06743999999980588	epochs	0.0
2389.8369998931885	0.0287226999998893	epochs	1.0
2389.8657225931884	0.009994600000027276	epochs	1.0
2389.8757171931884	0.0287226999998893	epochs	1.0
2389.9044398931883	2.999920000000202	epochs	0.0
2389.9044398931883	0.900000000000091	epochs	1.0
2390.8044398931884	0.09999999999990905	epochs	1.0
2390.9044398931883	1.0	epochs	1.0
2391.9044398931883	0.999920000000202	epochs	1.0
2394.1399998664856	0.06743999999980588	epochs	0.0
2394.1399998664856	0.0287226999998893	epochs	1.0
2394.1687225664855	0.009994600000027276	epochs	1.0
2394.1787171664855	0.0287226999998893	epochs	1.0
2394.2074398664854	2.999920000000202	epochs	0.0
2394.2074398664854	0.900000000000091	epochs	1.0
2395.1074398664855	0.09999999999990905	epochs	1.0
2395.2074398664854	1.0	epochs	1.0
2396.2074398664854	0.999920000000202	epochs	1.0
2398.450999736786	0.06743999999980588	epochs	0.0
2398.450999736786	0.0287226999998893	epochs	1.0
2398.479722436786	0.009994600000027276	epochs	1.0
2398.489717036786	0.0287226999998893	epochs	1.0
2398.5184397367857	2.999920000000202	epochs	0.0
2398.5184397367857	0.900000000000091	epochs	1.0
2399.418439736786	0.09999999999990905	epochs	1.0
2399.5184397367857	1.0	epochs	1.0
2400.5184397367857	0.999920000000202	epochs	1.0
2402.7829999923706	0.06743999999980588	epochs	0.0
2402.7829999923706	0.0287226999998893	epochs	1.0
2402.8117226923705	0.009994600000027276	epochs	1.0
2402.8217172923705	0.0287226999998893	epochs	1.0
2402.8504399923704	2.999920000000202	epochs	0.0
2402.8504399923704	0.900000000000091	epochs	1.0
2403.7504399923705	0.09999999999990905	epochs	1.0
2403.8504399923704	1.0	epochs	1.0
2404.8504399923704	0.999920000000202	epochs	1.0
2406.9029998779297	0.06743999999980588	epochs	0.0
2406.9029998779297	0.0287226999998893	epochs	1.0
2406.9317225779296	0.009994600000027276	epochs	1.0
2406.9417171779296	0.0287226999998893	epochs	1.0
2406.9704398779295	2.999920000000202	epochs	0.0
2406.9704398779295	0.900000000000091	epochs	1.0
2407.8704398779296	0.09999999999990905	epochs	1.0
2407.9704398779295	1.0	epochs	1.0
2408.9704398779295	0.999920000000202	epochs	1.0
2411.021999835968	0.06743999999980588	epochs	0.0
2411.021999835968	0.0287226999998893	epochs	1.0
2411.050722535968	0.009994600000027276	epochs	1.0
2411.060717135968	0.0287226999998893	epochs	1.0
2411.089439835968	2.999920000000202	epochs	0.0
2411.089439835968	0.900000000000091	epochs	1.0
2411.989439835968	0.09999999999990905	epochs	1.0
2412.089439835968	1.0	epochs	1.0
2413.089439835968	0.999920000000202	epochs	1.0
2415.3849997520447	0.06743999999980588	epochs	0.0
2415.3849997520447	0.0287226999998893	epochs	1.0
2415.4137224520446	0.009994600000027276	epochs	1.0
2415.4237170520446	0.0287226999998893	epochs	1.0
2415.4524397520445	2.999920000000202	epochs	0.0
2415.4524397520445	0.900000000000091	epochs	1.0
2416.3524397520446	0.09999999999990905	epochs	1.0
2416.4524397520445	1.0	epochs	1.0
2417.4524397520445	0.999920000000202	epochs	1.0
2419.736000061035	0.06743999999980588	epochs	0.0
2419.736000061035	0.0287226999998893	epochs	1.0
2419.764722761035	0.009994600000027276	epochs	1.0
2419.774717361035	0.0287226999998893	epochs	1.0
2419.803440061035	2.999920000000202	epochs	0.0
2419.803440061035	0.900000000000091	epochs	1.0
2420.703440061035	0.09999999999990905	epochs	1.0
2420.803440061035	1.0	epochs	1.0
2421.803440061035	0.999920000000202	epochs	1.0
2424.0509996414185	0.06743999999980588	epochs	0.0
2424.0509996414185	0.0287226999998893	epochs	1.0
2424.0797223414183	0.009994600000027276	epochs	1.0
2424.0897169414184	0.0287226999998893	epochs	1.0
2424.1184396414183	2.999920000000202	epochs	0.0
2424.1184396414183	0.900000000000091	epochs	1.0
2425.0184396414184	0.09999999999990905	epochs	1.0
2425.1184396414183	1.0	epochs	1.0
2426.1184396414183	0.999920000000202	epochs	1.0
2428.3719997406006	0.06743999999980588	epochs	0.0
2428.3719997406006	0.0287226999998893	epochs	1.0
2428.4007224406005	0.009994600000027276	epochs	1.0
2428.4107170406005	0.0287226999998893	epochs	1.0
2428.4394397406004	2.999920000000202	epochs	0.0
2428.4394397406004	1.0	epochs	1.0
2429.4394397406004	1.0	epochs	1.0
2430.4394397406004	0.999920000000202	epochs	1.0
2432.4759998321533	0.06743999999980588	epochs	0.0
2432.4759998321533	0.0287226999998893	epochs	1.0
2432.504722532153	0.009994600000027276	epochs	1.0
2432.5147171321532	0.0287226999998893	epochs	1.0
2432.543439832153	2.999920000000202	epochs	0.0
2432.543439832153	1.0	epochs	1.0
2433.543439832153	1.0	epochs	1.0
2434.543439832153	0.999920000000202	epochs	1.0
2436.794999599457	0.06743999999980588	epochs	0.0
2436.794999599457	0.0287226999998893	epochs	1.0
2436.8237222994567	0.009994600000027276	epochs	1.0
2436.8337168994567	0.0287226999998893	epochs	1.0
2436.8624395994566	2.999920000000202	epochs	0.0
2436.8624395994566	1.0	epochs	1.0
2437.8624395994566	1.0	epochs	1.0
2438.8624395994566	0.999920000000202	epochs	1.0
2440.9219999313354	0.06743999999980588	epochs	0.0
2440.9219999313354	0.0287226999998893	epochs	1.0
2440.9507226313353	0.009994600000027276	epochs	1.0
2440.9607172313354	0.0287226999998893	epochs	1.0
2440.9894399313353	2.999920000000202	epochs	0.0
2440.9894399313353	1.0	epochs	1.0
2441.9894399313353	1.0	epochs	1.0
2442.9894399313353	0.999920000000202	epochs	1.0
2445.0920000076294	0.06743999999980588	epochs	0.0
2445.0920000076294	0.0287226999998893	epochs	1.0
2445.1207227076293	0.009994600000027276	epochs	1.0
2445.1307173076293	0.0287226999998893	epochs	1.0
2445.159440007629	2.999920000000202	epochs	0.0
2445.159440007629	1.0	epochs	1.0
2446.159440007629	1.0	epochs	1.0
2447.159440007629	0.999920000000202	epochs	1.0
2449.257999897003	0.06743999999980588	epochs	0.0
2449.257999897003	0.0287226999998893	epochs	1.0
2449.286722597003	0.009994600000027276	epochs	1.0
2449.296717197003	0.0287226999998893	epochs	1.0
2449.325439897003	2.999920000000202	epochs	0.0
2449.325439897003	1.0	epochs	1.0
2450.325439897003	1.0	epochs	1.0
2451.325439897003	0.999920000000202	epochs	1.0
2453.414999961853	0.06743999999980588	epochs	0.0
2453.414999961853	0.0287226999998893	epochs	1.0
2453.443722661853	0.009994600000027276	epochs	1.0
2453.453717261853	0.0287226999998893	epochs	1.0
2453.482439961853	2.999920000000202	epochs	0.0
2453.482439961853	1.0	epochs	1.0
2454.482439961853	1.0	epochs	1.0
2455.482439961853	0.999920000000202	epochs	1.0
2457.6089997291565	0.06743999999980588	epochs	0.0
2457.6089997291565	0.0287226999998893	epochs	1.0
2457.6377224291564	0.009994600000027276	epochs	1.0
2457.6477170291564	0.0287226999998893	epochs	1.0
2457.6764397291563	2.999920000000202	epochs	0.0
2457.6764397291563	1.0	epochs	1.0
2458.6764397291563	1.0	epochs	1.0
2459.6764397291563	0.999920000000202	epochs	1.0
2461.7690000534058	0.06743999999980588	epochs	0.0
2461.7690000534058	0.0287226999998893	epochs	1.0
2461.7977227534057	0.009994600000027276	epochs	1.0
2461.8077173534057	0.0287226999998893	epochs	1.0
2461.8364400534056	2.999920000000202	epochs	0.0
2461.8364400534056	1.0	epochs	1.0
2462.8364400534056	1.0	epochs	1.0
2463.8364400534056	0.999920000000202	epochs	1.0
2465.941999912262	0.06743999999980588	epochs	0.0
2465.941999912262	0.0287226999998893	epochs	1.0
2465.970722612262	0.009994600000027276	epochs	1.0
2465.980717212262	0.0287226999998893	epochs	1.0
2466.0094399122618	2.999920000000202	epochs	0.0
2466.0094399122618	1.0	epochs	1.0
2467.0094399122618	1.0	epochs	1.0
2468.0094399122618	0.999920000000202	epochs	1.0
2470.1180000305176	0.06743999999980588	epochs	0.0
2470.1180000305176	0.0287226999998893	epochs	1.0
2470.1467227305175	0.009994600000027276	epochs	1.0
2470.1567173305175	0.0287226999998893	epochs	1.0
2470.1854400305174	2.999920000000202	epochs	0.0
2470.1854400305174	1.0	epochs	1.0
2471.1854400305174	1.0	epochs	1.0
2472.1854400305174	0.999920000000202	epochs	1.0
2474.3059997558594	0.06743999999980588	epochs	0.0
2474.3059997558594	0.0287226999998893	epochs	1.0
2474.3347224558593	0.009994600000027276	epochs	1.0
2474.3447170558593	0.0287226999998893	epochs	1.0
2474.373439755859	2.999920000000202	epochs	0.0
2474.373439755859	1.0	epochs	1.0
2475.373439755859	1.0	epochs	1.0
2476.373439755859	0.999920000000202	epochs	1.0
2478.460000038147	0.06743999999980588	epochs	0.0
2478.460000038147	0.0287226999998893	epochs	1.0
2478.488722738147	0.009994600000027276	epochs	1.0
2478.498717338147	0.0287226999998893	epochs	1.0
2478.527440038147	2.999920000000202	epochs	0.0
2478.527440038147	1.0	epochs	1.0
2479.527440038147	1.0	epochs	1.0
2480.527440038147	0.999920000000202	epochs	1.0
2482.6259999275208	0.06743999999980588	epochs	0.0
2482.6259999275208	0.0287226999998893	epochs	1.0
2482.6547226275206	0.009994600000027276	epochs	1.0
2482.6647172275207	0.0287226999998893	epochs	1.0
2482.6934399275206	2.999920000000202	epochs	0.0
2482.6934399275206	1.0	epochs	1.0
2483.6934399275206	1.0	epochs	1.0
2484.6934399275206	0.999920000000202	epochs	1.0
2486.790999889374	0.06743999999980588	epochs	0.0
2486.790999889374	0.0287226999998893	epochs	1.0
2486.8197225893737	0.009994600000027276	epochs	1.0
2486.8297171893737	0.0287226999998893	epochs	1.0
2486.8584398893736	2.999920000000202	epochs	0.0
2486.8584398893736	1.0	epochs	1.0
2487.8584398893736	1.0	epochs	1.0
2488.8584398893736	0.999920000000202	epochs	1.0
2491.008999824524	0.06743999999980588	epochs	0.0
2491.008999824524	0.0287226999998893	epochs	1.0
2491.037722524524	0.009994600000027276	epochs	1.0
2491.047717124524	0.0287226999998893	epochs	1.0
2491.0764398245237	2.999920000000202	epochs	0.0
2491.0764398245237	1.0	epochs	1.0
2492.0764398245237	1.0	epochs	1.0
2493.0764398245237	0.999920000000202	epochs	1.0
2495.2129998207092	0.06743999999980588	epochs	0.0
2495.2129998207092	0.0287226999998893	epochs	1.0
2495.241722520709	0.009994600000027276	epochs	1.0
2495.251717120709	0.0287226999998893	epochs	1.0
2495.280439820709	2.999920000000202	epochs	0.0
2495.280439820709	1.0	epochs	1.0
2496.280439820709	1.0	epochs	1.0
2497.280439820709	0.999920000000202	epochs	1.0
2499.378999710083	0.06743999999980588	epochs	0.0
2499.378999710083	0.0287226999998893	epochs	1.0
2499.407722410083	0.009994600000027276	epochs	1.0
2499.417717010083	0.0287226999998893	epochs	1.0
2499.446439710083	2.999920000000202	epochs	0.0
2499.446439710083	1.0	epochs	1.0
2500.446439710083	1.0	epochs	1.0
2501.446439710083	0.999920000000202	epochs	1.0
2503.5419998168945	0.06743999999980588	epochs	0.0
2503.5419998168945	0.0287226999998893	epochs	1.0
2503.5707225168944	0.009994600000027276	epochs	1.0
2503.5807171168944	0.0287226999998893	epochs	1.0
2503.6094398168943	2.999920000000202	epochs	0.0
2503.6094398168943	1.0	epochs	1.0
2504.6094398168943	1.0	epochs	1.0
2505.6094398168943	0.999920000000202	epochs	1.0
2507.7389998435974	0.06743999999980588	epochs	0.0
2507.7389998435974	0.0287226999998893	epochs	1.0
2507.7677225435973	0.009994600000027276	epochs	1.0
2507.7777171435973	0.0287226999998893	epochs	1.0
2507.806439843597	3.604880000000321	epochs	0.0
2507.806439843597	2.0	epochs	1.0
2509.806439843597	0.3000000000001819	epochs	1.0
2510.1064398435974	0.005000000000109139	epochs	1.0
2510.1114398435975	0.29999999999972715	epochs	1.0
2510.4114398435972	0.999880000000303	epochs	1.0
2512.736000061035	0.06743999999980588	epochs	0.0
2512.736000061035	0.0287226999998893	epochs	1.0
2512.764722761035	0.009994600000027276	epochs	1.0
2512.774717361035	0.0287226999998893	epochs	1.0
2512.803440061035	3.604880000000321	epochs	0.0
2512.803440061035	2.0	epochs	1.0
2514.803440061035	0.3000000000001819	epochs	1.0
2515.103440061035	0.010000000000218279	epochs	1.0
2515.1134400610354	0.29999999999972715	epochs	1.0
2515.413440061035	0.9948800000001938	epochs	1.0
2517.731999874115	0.06743999999980588	epochs	0.0
2517.731999874115	0.0287226999998893	epochs	1.0
2517.760722574115	0.009994600000027276	epochs	1.0
2517.770717174115	0.0287226999998893	epochs	1.0
2517.799439874115	3.604880000000321	epochs	0.0
2517.799439874115	2.0	epochs	1.0
2519.799439874115	0.3000000000001819	epochs	1.0
2520.099439874115	0.01499999999987267	epochs	1.0
2520.114439874115	0.3000000000001819	epochs	1.0
2520.414439874115	0.9898800000000847	epochs	1.0
2522.753999710083	0.06743999999980588	epochs	0.0
2522.753999710083	0.0287226999998893	epochs	1.0
2522.782722410083	0.009994600000027276	epochs	1.0
2522.792717010083	0.0287226999998893	epochs	1.0
2522.821439710083	3.604880000000321	epochs	0.0
2522.821439710083	2.0	epochs	1.0
2524.821439710083	0.3000000000001819	epochs	1.0
2525.121439710083	0.01999999999998181	epochs	1.0
2525.141439710083	0.3000000000001819	epochs	1.0
2525.441439710083	0.9848799999999756	epochs	1.0
2527.7549996376038	0.06743999999980588	epochs	0.0
2527.7549996376038	0.0287226999998893	epochs	1.0
2527.7837223376036	0.009994600000027276	epochs	1.0
2527.7937169376037	0.0287226999998893	epochs	1.0
2527.8224396376036	3.604880000000321	epochs	0.0
2527.8224396376036	2.0	epochs	1.0
2529.8224396376036	0.3000000000001819	epochs	1.0
2530.1224396376037	0.02500000000009095	epochs	1.0
2530.147439637604	0.29999999999972715	epochs	1.0
2530.4474396376036	0.9798800000003212	epochs	1.0
2532.7659997940063	0.06743999999980588	epochs	0.0
2532.7659997940063	0.0287226999998893	epochs	1.0
2532.7947224940062	0.009994600000027276	epochs	1.0
2532.8047170940063	0.0287226999998893	epochs	1.0
2532.833439794006	3.604880000000321	epochs	0.0
2532.833439794006	2.0	epochs	1.0
2534.833439794006	0.3000000000001819	epochs	1.0
2535.1334397940063	0.03000000000020009	epochs	1.0
2535.1634397940065	0.29999999999972715	epochs	1.0
2535.4634397940063	0.974880000000212	epochs	1.0
2537.7699999809265	0.06743999999980588	epochs	0.0
2537.7699999809265	0.0287226999998893	epochs	1.0
2537.7987226809264	0.009994600000027276	epochs	1.0
2537.8087172809264	0.0287226999998893	epochs	1.0
2537.8374399809263	3.604880000000321	epochs	0.0
2537.8374399809263	2.0	epochs	1.0
2539.8374399809263	0.3000000000001819	epochs	1.0
2540.1374399809265	0.03499999999985448	epochs	1.0
2540.1724399809264	0.3000000000001819	epochs	1.0
2540.4724399809265	0.9698800000001029	epochs	1.0
2542.7839999198914	0.06743999999980588	epochs	0.0
2542.7839999198914	0.0287226999998893	epochs	1.0
2542.8127226198912	0.009994600000027276	epochs	1.0
2542.8227172198913	0.0287226999998893	epochs	1.0
2542.851439919891	3.604880000000321	epochs	0.0
2542.851439919891	2.0	epochs	1.0
2544.851439919891	0.3000000000001819	epochs	1.0
2545.1514399198913	0.03999999999996362	epochs	1.0
2545.1914399198913	0.3000000000001819	epochs	1.0
2545.4914399198915	0.9648799999999937	epochs	1.0
2547.8269996643066	0.06743999999980588	epochs	0.0
2547.8269996643066	0.0287226999998893	epochs	1.0
2547.8557223643065	0.009994600000027276	epochs	1.0
2547.8657169643066	0.0287226999998893	epochs	1.0
2547.8944396643064	3.604880000000321	epochs	0.0
2547.8944396643064	2.0	epochs	1.0
2549.8944396643064	0.3000000000001819	epochs	1.0
2550.1944396643066	0.04500000000007276	epochs	1.0
2550.2394396643067	0.29999999999972715	epochs	1.0
2550.5394396643064	0.9598800000003394	epochs	1.0
2552.848000049591	0.06743999999980588	epochs	0.0
2552.848000049591	0.0287226999998893	epochs	1.0
2552.876722749591	0.009994600000027276	epochs	1.0
2552.886717349591	0.0287226999998893	epochs	1.0
2552.915440049591	3.604880000000321	epochs	0.0
2552.915440049591	2.0	epochs	1.0
2554.915440049591	0.3000000000001819	epochs	1.0
2555.215440049591	0.0500000000001819	epochs	1.0
2555.2654400495912	0.29999999999972715	epochs	1.0
2555.565440049591	0.9548800000002302	epochs	1.0
2557.9089999198914	0.06743999999980588	epochs	0.0
2557.9089999198914	0.0287226999998893	epochs	1.0
2557.9377226198912	0.009994600000027276	epochs	1.0
2557.9477172198913	0.0287226999998893	epochs	1.0
2557.976439919891	3.69992000000002	epochs	0.0
2557.976439919891	2.0	epochs	1.0
2559.976439919891	0.3000000000001819	epochs	1.0
2560.2764399198913	0.09999999999990905	epochs	1.0
2560.3764399198913	0.3000000000001819	epochs	1.0
2560.6764399198914	0.9999199999997472	epochs	1.0
2565.194999694824	0.06743999999980588	epochs	0.0
2565.194999694824	0.0287226999998893	epochs	1.0
2565.223722394824	0.009994600000027276	epochs	1.0
2565.233716994824	0.0287226999998893	epochs	1.0
2565.262439694824	3.69992000000002	epochs	0.0
2565.262439694824	2.0	epochs	1.0
2567.262439694824	0.3000000000001819	epochs	1.0
2567.562439694824	0.1999999999998181	epochs	1.0
2567.762439694824	0.3000000000001819	epochs	1.0
2568.062439694824	0.8999199999998382	epochs	1.0
2572.4619998931885	0.06743999999980588	epochs	0.0
2572.4619998931885	0.0287226999998893	epochs	1.0
2572.4907225931884	0.009994600000027276	epochs	1.0
2572.5007171931884	0.0287226999998893	epochs	1.0
2572.5294398931883	3.69992000000002	epochs	0.0
2572.5294398931883	2.0	epochs	1.0
2574.5294398931883	0.3000000000001819	epochs	1.0
2574.8294398931885	0.3000000000001819	epochs	1.0
2575.1294398931886	0.29999999999972715	epochs	1.0
2575.4294398931884	0.7999199999999291	epochs	1.0
2579.757999897003	0.06743999999980588	epochs	0.0
2579.757999897003	0.0287226999998893	epochs	1.0
2579.786722597003	0.009994600000027276	epochs	1.0
2579.796717197003	0.0287226999998893	epochs	1.0
2579.825439897003	3.69992000000002	epochs	0.0
2579.825439897003	2.0	epochs	1.0
2581.825439897003	0.3000000000001819	epochs	1.0
2582.125439897003	0.40000000000009095	epochs	1.0
2582.5254398970033	0.29999999999972715	epochs	1.0
2582.825439897003	0.6999200000000201	epochs	1.0
2587.0419998168945	0.06743999999980588	epochs	0.0
2587.0419998168945	0.0287226999998893	epochs	1.0
2587.0707225168944	0.009994600000027276	epochs	1.0
2587.0807171168944	0.0287226999998893	epochs	1.0
2587.1094398168943	3.69992000000002	epochs	0.0
2587.1094398168943	2.0	epochs	1.0
2589.1094398168943	0.3000000000001819	epochs	1.0
2589.4094398168945	0.5	epochs	1.0
2589.9094398168945	0.3000000000001819	epochs	1.0
2590.2094398168947	0.5999199999996563	epochs	1.0
2594.3399996757507	0.06743999999980588	epochs	0.0
2594.3399996757507	0.0287226999998893	epochs	1.0
2594.3687223757506	0.009994600000027276	epochs	1.0
2594.3787169757506	0.0287226999998893	epochs	1.0
2594.4074396757505	7.599920000000111	epochs	0.0
2594.4074396757505	2.0	epochs	1.0
2596.4074396757505	0.3000000000001819	epochs	1.0
2596.7074396757507	1.0	epochs	1.0
2597.7074396757507	0.3000000000001819	epochs	1.0
2598.007439675751	1.0	epochs	1.0
2599.007439675751	2.9999199999997472	epochs	1.0
2605.1770000457764	0.06743999999980588	epochs	0.0
2605.1770000457764	0.0287226999998893	epochs	1.0
2605.2057227457763	0.009994600000027276	epochs	1.0
2605.2157173457763	0.0287226999998893	epochs	1.0
2605.244440045776	7.599920000000111	epochs	0.0
2605.244440045776	2.0	epochs	1.0
2607.244440045776	0.3000000000001819	epochs	1.0
2607.5444400457764	2.0	epochs	1.0
2609.5444400457764	0.3000000000001819	epochs	1.0
2609.8444400457765	1.0	epochs	1.0
2610.8444400457765	1.9999199999997472	epochs	1.0
2615.96399974823	0.06743999999980588	epochs	0.0
2615.96399974823	0.0287226999998893	epochs	1.0
2615.99272244823	0.009994600000027276	epochs	1.0
2616.00271704823	0.0287226999998893	epochs	1.0
2616.03143974823	7.599920000000111	epochs	0.0
2616.03143974823	2.0	epochs	1.0
2618.03143974823	0.3000000000001819	epochs	1.0
2618.33143974823	3.0	epochs	1.0
2621.33143974823	0.3000000000001819	epochs	1.0
2621.63143974823	1.0	epochs	1.0
2622.63143974823	0.9999199999997472	epochs	1.0
2626.7890000343323	0.06743999999980588	epochs	0.0
2626.7890000343323	0.0287226999998893	epochs	1.0
2626.817722734332	0.009994600000027276	epochs	1.0
2626.827717334332	0.0287226999998893	epochs	1.0
2626.856440034332	7.599920000000111	epochs	0.0
2626.856440034332	2.0	epochs	1.0
2628.856440034332	0.3000000000001819	epochs	1.0
2629.1564400343323	4.0	epochs	1.0
2633.1564400343323	0.3000000000001819	epochs	1.0
2633.4564400343324	0.9999199999997472	epochs	1.0
2650.3940000534058	0.06743999999980588	epochs	0.0
2650.3940000534058	0.0287226999998893	epochs	1.0
2650.4227227534057	0.009994600000027276	epochs	1.0
2650.4327173534057	0.0287226999998893	epochs	1.0
2650.4614400534056	0.22992000000022017	epochs	0.0
2650.4614400534056	0.0500000000001819	epochs	1.0
2650.5114400534057	0.010000000000218279	epochs	1.0
2650.521440053406	0.04999999999972715	epochs	1.0
2650.5714400534057	0.010000000000218279	epochs	1.0
2650.581440053406	0.04999999999972715	epochs	1.0
2650.6314400534056	0.010000000000218279	epochs	1.0
2650.641440053406	0.04991999999992913	epochs	1.0
