onset	duration	nwb_table	treelevel
7.937000274658203	0.09999999999999964	epochs	0.0
7.937000274658203	0.04499999999999993	epochs	1.0
7.982000274658203	0.009999999999999787	epochs	1.0
7.992000274658203	0.04499999999999993	epochs	1.0
8.037000274658203	0.5399250000000002	epochs	0.0
8.037000274658203	0.5	epochs	-1.0
8.037000274658203	0.5	epochs	-1.0
8.037000274658203	0.5	epochs	1.0
8.537000274658203	0.03992500000000021	epochs	-1.0
8.537000274658203	0.025000000000000355	epochs	-1.0
8.537000274658203	0.025000000000000355	epochs	1.0
8.562000274658203	0.009999999999999787	epochs	-1.0
8.562000274658203	0.009999999999999787	epochs	1.0
8.572000274658203	0.004925000000000068	epochs	-1.0
8.572000274658203	0.004925000000000068	epochs	1.0
8.576925274658203	0.16507000000000005	epochs	0.0
8.758999824523926	0.09999999999999964	epochs	0.0
8.758999824523926	0.04499999999999993	epochs	1.0
8.803999824523926	0.009999999999999787	epochs	1.0
8.813999824523925	0.04499999999999993	epochs	1.0
8.858999824523925	0.7049950000000003	epochs	0.0
8.858999824523925	0.5	epochs	-1.0
8.858999824523925	0.5	epochs	-1.0
8.858999824523925	0.5	epochs	1.0
9.358999824523925	0.0600000000000005	epochs	-1.0
9.358999824523925	0.025000000000000355	epochs	-1.0
9.358999824523925	0.025000000000000355	epochs	1.0
9.383999824523926	0.009999999999999787	epochs	-1.0
9.383999824523926	0.009999999999999787	epochs	1.0
9.393999824523926	0.025000000000000355	epochs	-1.0
9.393999824523926	0.025000000000000355	epochs	1.0
9.418999824523926	0.0600000000000005	epochs	-1.0
9.418999824523926	0.025000000000000355	epochs	-1.0
9.418999824523926	0.025000000000000355	epochs	1.0
9.443999824523926	0.009999999999999787	epochs	-1.0
9.443999824523926	0.009999999999999787	epochs	1.0
9.453999824523926	0.025000000000000355	epochs	-1.0
9.453999824523926	0.025000000000000355	epochs	1.0
9.478999824523926	0.05999999999999872	epochs	-1.0
9.478999824523926	0.02499999999999858	epochs	-1.0
9.478999824523926	0.02499999999999858	epochs	1.0
9.503999824523925	0.010000000000001563	epochs	-1.0
9.503999824523925	0.010000000000001563	epochs	1.0
9.513999824523927	0.02499999999999858	epochs	-1.0
9.513999824523927	0.02499999999999858	epochs	1.0
9.538999824523925	0.024995000000000545	epochs	1.0
9.97100019454956	0.09999999999999964	epochs	0.0
9.97100019454956	0.04499999999999993	epochs	1.0
10.01600019454956	0.009999999999999787	epochs	1.0
10.02600019454956	0.04499999999999993	epochs	1.0
10.07100019454956	0.7049950000000003	epochs	0.0
10.07100019454956	0.5	epochs	-1.0
10.07100019454956	0.5	epochs	-1.0
10.07100019454956	0.5	epochs	1.0
10.57100019454956	0.0600000000000005	epochs	-1.0
10.57100019454956	0.025000000000000355	epochs	-1.0
10.57100019454956	0.025000000000000355	epochs	1.0
10.59600019454956	0.009999999999999787	epochs	-1.0
10.59600019454956	0.009999999999999787	epochs	1.0
10.60600019454956	0.025000000000000355	epochs	-1.0
10.60600019454956	0.025000000000000355	epochs	1.0
10.63100019454956	0.0600000000000005	epochs	-1.0
10.63100019454956	0.025000000000000355	epochs	-1.0
10.63100019454956	0.025000000000000355	epochs	1.0
10.656000194549561	0.009999999999999787	epochs	-1.0
10.656000194549561	0.009999999999999787	epochs	1.0
10.66600019454956	0.025000000000000355	epochs	-1.0
10.66600019454956	0.025000000000000355	epochs	1.0
10.691000194549561	0.05999999999999872	epochs	-1.0
10.691000194549561	0.02499999999999858	epochs	-1.0
10.691000194549561	0.02499999999999858	epochs	1.0
10.71600019454956	0.010000000000001563	epochs	-1.0
10.71600019454956	0.010000000000001563	epochs	1.0
10.726000194549561	0.02499999999999858	epochs	-1.0
10.726000194549561	0.02499999999999858	epochs	1.0
10.75100019454956	0.024995000000000545	epochs	1.0
310.0479998588562	0.10000000000002274	epochs	0.0
310.0479998588562	0.045000000000015916	epochs	1.0
310.0929998588562	0.009999999999990905	epochs	1.0
310.1029998588562	0.045000000000015916	epochs	1.0
310.1479998588562	0.7049949999999967	epochs	0.0
310.1479998588562	0.5	epochs	-1.0
310.1479998588562	0.5	epochs	1.0
310.6479998588562	0.060000000000002274	epochs	-1.0
310.6479998588562	0.024999999999977263	epochs	-1.0
310.6479998588562	0.024999999999977263	epochs	1.0
310.6729998588562	0.009999999999990905	epochs	-1.0
310.6729998588562	0.009999999999990905	epochs	1.0
310.6829998588562	0.025000000000034106	epochs	-1.0
310.6829998588562	0.025000000000034106	epochs	1.0
310.7079998588562	0.060000000000002274	epochs	-1.0
310.7079998588562	0.024999999999977263	epochs	-1.0
310.7079998588562	0.024999999999977263	epochs	1.0
310.7329998588562	0.009999999999990905	epochs	-1.0
310.7329998588562	0.009999999999990905	epochs	1.0
310.7429998588562	0.025000000000034106	epochs	-1.0
310.7429998588562	0.025000000000034106	epochs	1.0
310.76799985885623	0.05999999999994543	epochs	-1.0
310.76799985885623	0.024999999999977263	epochs	-1.0
310.76799985885623	0.024999999999977263	epochs	1.0
310.7929998588562	0.009999999999990905	epochs	-1.0
310.7929998588562	0.009999999999990905	epochs	1.0
310.8029998588562	0.024999999999977263	epochs	-1.0
310.8029998588562	0.024999999999977263	epochs	1.0
310.8279998588562	0.02499500000004673	epochs	1.0
381.2699999809265	0.10000000000002274	epochs	0.0
381.2699999809265	0.045000000000015916	epochs	1.0
381.31499998092653	0.009999999999990905	epochs	1.0
381.3249999809265	0.045000000000015916	epochs	1.0
381.36999998092654	61.384995	epochs	0.0
381.36999998092654	0.5	epochs	-1.0
381.36999998092654	0.5	epochs	-1.0
381.36999998092654	0.5	epochs	1.0
381.86999998092654	0.060000000000002274	epochs	-1.0
381.86999998092654	0.024999999999977263	epochs	-1.0
381.86999998092654	0.024999999999977263	epochs	1.0
381.8949999809265	0.009999999999990905	epochs	-1.0
381.8949999809265	0.009999999999990905	epochs	1.0
381.9049999809265	0.025000000000034106	epochs	-1.0
381.9049999809265	0.025000000000034106	epochs	1.0
381.92999998092654	0.060000000000002274	epochs	-1.0
381.92999998092654	0.024999999999977263	epochs	-1.0
381.92999998092654	0.024999999999977263	epochs	1.0
381.9549999809265	0.009999999999990905	epochs	-1.0
381.9549999809265	0.009999999999990905	epochs	1.0
381.9649999809265	0.025000000000034106	epochs	-1.0
381.9649999809265	0.025000000000034106	epochs	1.0
381.98999998092654	0.05999999999994543	epochs	-1.0
381.98999998092654	0.024999999999977263	epochs	-1.0
381.98999998092654	0.024999999999977263	epochs	1.0
382.0149999809265	0.009999999999990905	epochs	-1.0
382.0149999809265	0.009999999999990905	epochs	1.0
382.0249999809265	0.024999999999977263	epochs	-1.0
382.0249999809265	0.024999999999977263	epochs	1.0
382.0499999809265	60.0	epochs	1.0
442.0499999809265	0.5	epochs	-1.0
442.0499999809265	0.5	epochs	-1.0
442.0499999809265	0.5	epochs	1.0
442.5499999809265	0.06000000000005912	epochs	-1.0
442.5499999809265	0.025000000000034106	epochs	-1.0
442.5499999809265	0.025000000000034106	epochs	1.0
442.5749999809265	0.009999999999990905	epochs	-1.0
442.5749999809265	0.009999999999990905	epochs	1.0
442.5849999809265	0.025000000000034106	epochs	-1.0
442.5849999809265	0.025000000000034106	epochs	1.0
442.60999998092655	0.05999999999994543	epochs	-1.0
442.60999998092655	0.024999999999977263	epochs	-1.0
442.60999998092655	0.024999999999977263	epochs	1.0
442.6349999809265	0.009999999999990905	epochs	-1.0
442.6349999809265	0.009999999999990905	epochs	1.0
442.6449999809265	0.024999999999977263	epochs	-1.0
442.6449999809265	0.024999999999977263	epochs	1.0
442.6699999809265	0.060000000000002274	epochs	-1.0
442.6699999809265	0.025000000000034106	epochs	-1.0
442.6699999809265	0.025000000000034106	epochs	1.0
442.6949999809265	0.009999999999990905	epochs	-1.0
442.6949999809265	0.009999999999990905	epochs	1.0
442.7049999809265	0.024999999999977263	epochs	-1.0
442.7049999809265	0.024999999999977263	epochs	1.0
442.7299999809265	0.02499500000004673	epochs	1.0
491.79300022125244	0.10000000000002274	epochs	0.0
491.79300022125244	0.045000000000015916	epochs	1.0
491.83800022125246	0.009999999999990905	epochs	1.0
491.84800022125245	0.045000000000015916	epochs	1.0
491.89300022125246	0.7049949999999967	epochs	0.0
491.89300022125246	0.5	epochs	-1.0
491.89300022125246	0.5	epochs	-1.0
491.89300022125246	0.5	epochs	1.0
492.39300022125246	0.060000000000002274	epochs	-1.0
492.39300022125246	0.024999999999977263	epochs	-1.0
492.39300022125246	0.024999999999977263	epochs	1.0
492.41800022125244	0.009999999999990905	epochs	-1.0
492.41800022125244	0.009999999999990905	epochs	1.0
492.42800022125243	0.025000000000034106	epochs	-1.0
492.42800022125243	0.025000000000034106	epochs	1.0
492.45300022125247	0.060000000000002274	epochs	-1.0
492.45300022125247	0.024999999999977263	epochs	-1.0
492.45300022125247	0.024999999999977263	epochs	1.0
492.47800022125244	0.009999999999990905	epochs	-1.0
492.47800022125244	0.009999999999990905	epochs	1.0
492.48800022125243	0.025000000000034106	epochs	-1.0
492.48800022125243	0.025000000000034106	epochs	1.0
492.51300022125247	0.05999999999994543	epochs	-1.0
492.51300022125247	0.024999999999977263	epochs	-1.0
492.51300022125247	0.024999999999977263	epochs	1.0
492.53800022125245	0.009999999999990905	epochs	-1.0
492.53800022125245	0.009999999999990905	epochs	1.0
492.54800022125244	0.024999999999977263	epochs	-1.0
492.54800022125244	0.024999999999977263	epochs	1.0
492.5730002212524	0.02499500000004673	epochs	1.0
554.6280002593994	0.20241999999996096	epochs	0.0
554.6280002593994	0.09621019999997316	epochs	1.0
554.7242104593994	0.009999600000014652	epochs	1.0
554.7342100593994	0.09621019999997316	epochs	1.0
554.8304202593994	5.9999800000000505	epochs	0.0
554.8304202593994	0.5	epochs	1.0
554.8304293593994	0.5	epochs	-1.0
554.8304293593994	0.5	epochs	-1.0
555.3304202593994	5.0	epochs	1.0
560.3304202593994	0.4999800000000505	epochs	1.0
560.3304293593994	0.4999708999999939	epochs	-1.0
563.4039998054504	0.20241999999996096	epochs	0.0
563.4039998054504	0.09621019999997316	epochs	1.0
563.5002100054504	0.009999600000014652	epochs	1.0
563.5102096054504	0.09621019999997316	epochs	1.0
563.6064198054504	2.5573400000000674	epochs	0.0
563.6064198054504	0.5	epochs	1.0
563.6064289054505	0.5	epochs	-1.0
564.1064198054504	1.0	epochs	1.0
565.1064198054504	1.0573400000000674	epochs	1.0
565.6064289054505	0.5	epochs	-1.0
566.1637598054505	0.942639999999983	epochs	0.0
566.4900002479553	0.20241999999996096	epochs	0.0
566.4900002479553	0.09621019999997316	epochs	1.0
566.5862104479553	0.009999600000014652	epochs	1.0
566.5962100479553	0.09621019999997316	epochs	1.0
566.6924202479553	2.5174200000000155	epochs	0.0
566.6924202479553	0.5	epochs	1.0
566.6924293479553	0.5	epochs	-1.0
567.1924202479553	1.0	epochs	1.0
568.1924202479553	1.0174200000000155	epochs	1.0
568.6924293479553	0.5	epochs	-1.0
569.2098402479553	0.982560000000035	epochs	0.0
569.5269999504089	0.20241999999996096	epochs	0.0
569.5269999504089	0.09621019999997316	epochs	1.0
569.6232101504089	0.009999600000014652	epochs	1.0
569.6332097504089	0.09621019999997316	epochs	1.0
569.7294199504089	2.5577400000000807	epochs	0.0
569.7294199504089	0.5	epochs	1.0
569.729429050409	0.5	epochs	-1.0
570.2294199504089	1.0	epochs	1.0
571.2294199504089	1.0577400000000807	epochs	1.0
571.729429050409	0.5	epochs	-1.0
572.287159950409	0.9422399999999698	epochs	0.0
572.6139998435974	0.20241999999996096	epochs	0.0
572.6139998435974	0.09621019999997316	epochs	1.0
572.7102100435974	0.009999600000014652	epochs	1.0
572.7202096435974	0.09621019999997316	epochs	1.0
572.8164198435974	2.5575000000000045	epochs	0.0
572.8164198435974	0.5	epochs	1.0
572.8164289435974	0.5	epochs	-1.0
573.3164198435974	1.0	epochs	1.0
574.3164198435974	1.0575000000000045	epochs	1.0
574.8164289435974	0.5	epochs	-1.0
575.3739198435974	0.942480000000046	epochs	0.0
575.701000213623	0.20241999999996096	epochs	0.0
575.701000213623	0.09621019999997316	epochs	1.0
575.797210413623	0.009999600000014652	epochs	1.0
575.807210013623	0.09621019999997316	epochs	1.0
575.903420213623	2.5575000000000045	epochs	0.0
575.903420213623	0.5	epochs	1.0
575.9034293136231	0.5	epochs	-1.0
576.403420213623	1.0	epochs	1.0
577.403420213623	1.0575000000000045	epochs	1.0
577.9034293136231	0.5	epochs	-1.0
578.460920213623	0.942480000000046	epochs	0.0
578.8289999961853	0.6499800000000278	epochs	0.0
578.8289999961853	0.049999999999954525	epochs	1.0
578.8789999961853	0.5	epochs	1.0
579.3789999961853	0.09998000000007323	epochs	1.0
579.8850002288818	0.6499800000000278	epochs	0.0
579.8850002288818	0.049999999999954525	epochs	1.0
579.9350002288818	0.5	epochs	1.0
580.4350002288818	0.09998000000007323	epochs	1.0
580.9299998283386	0.6499800000000278	epochs	0.0
580.9299998283386	0.049999999999954525	epochs	1.0
580.9799998283386	0.5	epochs	1.0
581.4799998283386	0.09998000000007323	epochs	1.0
581.9720001220703	0.6499800000000278	epochs	0.0
581.9720001220703	0.049999999999954525	epochs	1.0
582.0220001220703	0.5	epochs	1.0
582.5220001220703	0.09998000000007323	epochs	1.0
583.0430002212524	0.6499800000000278	epochs	0.0
583.0430002212524	0.049999999999954525	epochs	1.0
583.0930002212524	0.5	epochs	1.0
583.5930002212524	0.09998000000007323	epochs	1.0
584.103000164032	0.6499800000000278	epochs	0.0
584.103000164032	0.049999999999954525	epochs	1.0
584.1530001640319	0.5	epochs	1.0
584.6530001640319	0.09998000000007323	epochs	1.0
585.1740002632141	0.6499800000000278	epochs	0.0
585.1740002632141	0.049999999999954525	epochs	1.0
585.2240002632141	0.5	epochs	1.0
585.7240002632141	0.09998000000007323	epochs	1.0
586.2670001983643	0.20241999999996096	epochs	0.0
586.2670001983643	0.09621019999997316	epochs	1.0
586.3632103983642	0.009999600000014652	epochs	1.0
586.3732099983642	0.09621019999997316	epochs	1.0
586.4694201983642	2.517300000000091	epochs	0.0
586.4694201983642	0.5	epochs	1.0
586.4694292983643	0.5	epochs	-1.0
586.9694201983642	1.0	epochs	1.0
587.9694201983642	1.0173000000000911	epochs	1.0
588.4694291983643	0.5	epochs	-1.0
588.9867201983643	2.9826799999999594	epochs	0.0
591.4219999313354	0.20241999999996096	epochs	0.0
591.4219999313354	0.09621019999997316	epochs	1.0
591.5182101313354	0.009999600000014652	epochs	1.0
591.5282097313354	0.09621019999997316	epochs	1.0
591.6244199313354	2.558120000000031	epochs	0.0
591.6244199313354	0.5	epochs	1.0
591.6244290313355	0.5	epochs	-1.0
592.1244199313354	1.0	epochs	1.0
593.1244199313354	1.0581200000000308	epochs	1.0
593.6244289313355	0.5	epochs	-1.0
594.1825399313354	2.9418600000000197	epochs	0.0
596.579999923706	0.20241999999996096	epochs	0.0
596.579999923706	0.09621019999997316	epochs	1.0
596.676210123706	0.009999600000014652	epochs	1.0
596.686209723706	0.09621019999997316	epochs	1.0
596.782419923706	2.5572400000000926	epochs	0.0
596.782419923706	0.5	epochs	1.0
596.7824290237061	0.5	epochs	-1.0
597.282419923706	1.0	epochs	1.0
598.282419923706	1.0572400000000926	epochs	1.0
598.7824289237061	0.5	epochs	-1.0
599.3396599237061	2.942739999999958	epochs	0.0
601.7600002288818	0.20241999999996096	epochs	0.0
601.7600002288818	0.09621019999997316	epochs	1.0
601.8562104288818	0.009999600000014652	epochs	1.0
601.8662100288818	0.09621019999997316	epochs	1.0
601.9624202288818	2.5571200000000545	epochs	0.0
601.9624202288818	0.5	epochs	1.0
601.9624293288819	0.5	epochs	-1.0
602.4624202288818	1.0	epochs	1.0
603.4624202288818	1.0571200000000545	epochs	1.0
603.9624292288819	0.5	epochs	-1.0
604.5195402288819	2.942859999999996	epochs	0.0
606.9349999427795	0.20241999999996096	epochs	0.0
606.9349999427795	0.09621019999997316	epochs	1.0
607.0312101427795	0.009999600000014652	epochs	1.0
607.0412097427795	0.09621019999997316	epochs	1.0
607.1374199427795	2.558080000000018	epochs	0.0
607.1374199427795	0.5	epochs	1.0
607.1374290427796	0.5	epochs	-1.0
607.6374199427795	1.0	epochs	1.0
608.6374199427795	1.0580800000000181	epochs	1.0
609.1374289427796	0.5	epochs	-1.0
609.6954999427795	2.9419000000000324	epochs	0.0
612.2259998321533	0.20241999999996096	epochs	0.0
612.2259998321533	0.09621019999997316	epochs	1.0
612.3222100321533	0.009999600000014652	epochs	1.0
612.3322096321533	0.09621019999997316	epochs	1.0
612.4284198321533	2.5572799999999916	epochs	0.0
612.4284198321533	0.5	epochs	1.0
612.4284289321533	0.5	epochs	-1.0
612.9284198321533	1.0	epochs	1.0
613.9284198321533	1.0572799999999916	epochs	1.0
614.4284289321533	0.5	epochs	-1.0
614.9856998321533	3.942700000000059	epochs	0.0
615.4869999885559	0.20241999999996096	epochs	0.0
615.4869999885559	0.09621019999997316	epochs	1.0
615.5832101885559	0.009999600000014652	epochs	1.0
615.5932097885559	0.09621019999997316	epochs	1.0
615.6894199885559	3.016619999999989	epochs	0.0
615.6894199885559	0.5	epochs	1.0
615.6894290885559	0.5	epochs	-1.0
616.1894199885559	1.0	epochs	1.0
617.1894199885559	1.516619999999989	epochs	1.0
617.6894290885559	0.5	epochs	-1.0
618.1894290885559	0.5	epochs	-1.0
618.7060399885559	3.4833600000000615	epochs	0.0
619.231999874115	0.20241999999996096	epochs	0.0
619.231999874115	0.09621019999997316	epochs	1.0
619.328210074115	0.009999600000014652	epochs	1.0
619.338209674115	0.09621019999997316	epochs	1.0
619.434419874115	3.0575400000000172	epochs	0.0
619.434419874115	0.5	epochs	1.0
619.434428974115	0.5	epochs	-1.0
619.934419874115	1.0	epochs	1.0
620.934419874115	1.5575400000000172	epochs	1.0
621.434428974115	0.5	epochs	-1.0
621.934428974115	0.5	epochs	-1.0
622.491959874115	3.4424400000000333	epochs	0.0
622.9879999160767	0.20241999999996096	epochs	0.0
622.9879999160767	0.09621019999997316	epochs	1.0
623.0842101160766	0.009999600000014652	epochs	1.0
623.0942097160766	0.09621019999997316	epochs	1.0
623.1904199160766	3.0175800000000663	epochs	0.0
623.1904199160766	0.5	epochs	1.0
623.1904290160767	0.5	epochs	-1.0
623.6904199160766	1.0	epochs	1.0
624.6904199160766	1.5175800000000663	epochs	1.0
625.1904290160767	0.5	epochs	-1.0
625.6904290160767	0.5	epochs	-1.0
626.2079999160767	3.482399999999984	epochs	0.0
626.7030000686646	0.20241999999996096	epochs	0.0
626.7030000686646	0.09621019999997316	epochs	1.0
626.7992102686645	0.009999600000014652	epochs	1.0
626.8092098686645	0.09621019999997316	epochs	1.0
626.9054200686645	3.5171400000000403	epochs	0.0
626.9054200686645	0.5	epochs	1.0
626.9054291686646	0.5	epochs	-1.0
627.4054200686645	1.0	epochs	1.0
628.4054200686645	2.0171400000000403	epochs	1.0
628.9054291686646	0.5	epochs	-1.0
629.4054291686646	0.5	epochs	-1.0
629.9054291686646	0.5	epochs	-1.0
630.4225600686646	2.98284000000001	epochs	0.0
631.0050001144409	0.20241999999996096	epochs	0.0
631.0050001144409	0.09621019999997316	epochs	1.0
631.1012103144409	0.009999600000014652	epochs	1.0
631.1112099144409	0.09621019999997316	epochs	1.0
631.2074201144409	4.517180000000053	epochs	0.0
631.2074201144409	0.5	epochs	1.0
631.2074292144409	0.5	epochs	-1.0
631.7074201144409	1.0	epochs	1.0
632.7074201144409	3.017180000000053	epochs	1.0
633.2074292144409	0.5	epochs	-1.0
633.7074292144409	0.5	epochs	-1.0
634.2074292144409	0.5	epochs	-1.0
634.7074292144409	0.5	epochs	-1.0
635.2074292144409	0.5	epochs	-1.0
635.7246001144409	1.9827999999999975	epochs	0.0
636.3990001678467	0.15297999999995682	epochs	0.0
636.3990001678467	0.049999999999954525	epochs	1.0
636.4490001678466	0.0030000000000427463	epochs	1.0
636.4520001678467	0.09997999999995955	epochs	1.0
637.1059999465942	0.15297999999995682	epochs	0.0
637.1059999465942	0.049999999999954525	epochs	1.0
637.1559999465942	0.0030000000000427463	epochs	1.0
637.1589999465942	0.09997999999995955	epochs	1.0
637.7930002212524	0.15297999999995682	epochs	0.0
637.7930002212524	0.049999999999954525	epochs	1.0
637.8430002212524	0.0030000000000427463	epochs	1.0
637.8460002212524	0.09997999999995955	epochs	1.0
638.4889998435974	0.15297999999995682	epochs	0.0
638.4889998435974	0.049999999999954525	epochs	1.0
638.5389998435974	0.0030000000000427463	epochs	1.0
638.5419998435974	0.09997999999995955	epochs	1.0
639.1929998397827	0.15297999999995682	epochs	0.0
639.1929998397827	0.049999999999954525	epochs	1.0
639.2429998397827	0.0030000000000427463	epochs	1.0
639.2459998397827	0.09997999999995955	epochs	1.0
639.9099998474121	0.15297999999995682	epochs	0.0
639.9099998474121	0.049999999999954525	epochs	1.0
639.9599998474121	0.0030000000000427463	epochs	1.0
639.9629998474121	0.09997999999995955	epochs	1.0
640.6199998855591	0.15297999999995682	epochs	0.0
640.6199998855591	0.049999999999954525	epochs	1.0
640.669999885559	0.0030000000000427463	epochs	1.0
640.6729998855591	0.09997999999995955	epochs	1.0
641.356999874115	0.15297999999995682	epochs	0.0
641.356999874115	0.049999999999954525	epochs	1.0
641.406999874115	0.0030000000000427463	epochs	1.0
641.409999874115	0.09997999999995955	epochs	1.0
642.0590000152588	0.15297999999995682	epochs	0.0
642.0590000152588	0.049999999999954525	epochs	1.0
642.1090000152587	0.0030000000000427463	epochs	1.0
642.1120000152588	0.09997999999995955	epochs	1.0
642.7979998588562	0.15297999999995682	epochs	0.0
642.7979998588562	0.049999999999954525	epochs	1.0
642.8479998588562	0.0030000000000427463	epochs	1.0
642.8509998588562	0.09997999999995955	epochs	1.0
643.5300002098083	0.15297999999995682	epochs	0.0
643.5300002098083	0.049999999999954525	epochs	1.0
643.5800002098083	0.0030000000000427463	epochs	1.0
643.5830002098083	0.09997999999995955	epochs	1.0
644.3390002250671	0.15297999999995682	epochs	0.0
644.3390002250671	0.049999999999954525	epochs	1.0
644.3890002250671	0.0030000000000427463	epochs	1.0
644.3920002250671	0.09997999999995955	epochs	1.0
645.1119999885559	0.15297999999995682	epochs	0.0
645.1119999885559	0.049999999999954525	epochs	1.0
645.1619999885559	0.0030000000000427463	epochs	1.0
645.1649999885559	0.09997999999995955	epochs	1.0
645.8940000534058	0.15297999999995682	epochs	0.0
645.8940000534058	0.049999999999954525	epochs	1.0
645.9440000534057	0.0030000000000427463	epochs	1.0
645.9470000534058	0.09997999999995955	epochs	1.0
646.7090001106262	0.15297999999995682	epochs	0.0
646.7090001106262	0.049999999999954525	epochs	1.0
646.7590001106262	0.0030000000000427463	epochs	1.0
646.7620001106262	0.09997999999995955	epochs	1.0
647.5590000152588	0.20241999999996096	epochs	0.0
647.5590000152588	0.09621019999997316	epochs	1.0
647.6552102152588	0.009999600000014652	epochs	1.0
647.6652098152588	0.09621019999997316	epochs	1.0
647.7614200152588	1.557700000000068	epochs	0.0
647.7614200152588	0.5	epochs	1.0
647.7614291152588	0.5	epochs	-1.0
648.2614200152588	0.0030000000000427463	epochs	1.0
648.2644200152588	1.0547000000000253	epochs	1.0
648.7644291152587	0.5	epochs	-1.0
649.3191200152588	0.04527999999993426	epochs	0.0
649.8839998245239	0.20241999999996096	epochs	0.0
649.8839998245239	0.09621019999997316	epochs	1.0
649.9802100245239	0.009999600000014652	epochs	1.0
649.9902096245239	0.09621019999997316	epochs	1.0
650.0864198245239	1.5574400000000423	epochs	0.0
650.0864198245239	0.5	epochs	1.0
650.086428924524	0.5	epochs	-1.0
650.5864198245239	0.0030000000000427463	epochs	1.0
650.5894198245239	1.0544399999999996	epochs	1.0
651.0894289245239	0.5	epochs	-1.0
651.6438598245239	0.045539999999959946	epochs	0.0
652.231999874115	0.20241999999996096	epochs	0.0
652.231999874115	0.09621019999997316	epochs	1.0
652.328210074115	0.009999600000014652	epochs	1.0
652.338209674115	0.09621019999997316	epochs	1.0
652.434419874115	1.5376200000000608	epochs	0.0
652.434419874115	0.5	epochs	1.0
652.434428974115	0.5	epochs	-1.0
652.934419874115	0.0030000000000427463	epochs	1.0
652.937419874115	1.034620000000018	epochs	1.0
653.4374289741149	0.5	epochs	-1.0
653.972039874115	0.06535999999994146	epochs	0.0
654.6579999923706	0.20241999999996096	epochs	0.0
654.6579999923706	0.09621019999997316	epochs	1.0
654.7542101923706	0.009999600000014652	epochs	1.0
654.7642097923706	0.09621019999997316	epochs	1.0
654.8604199923706	4.317100000000096	epochs	0.0
654.8604199923706	0.5	epochs	1.0
654.8604290923706	0.5	epochs	-1.0
655.3604199923706	3.817100000000096	epochs	1.0
658.1776999923705	0.9998200000001134	epochs	-1.0
658.1776999923705	0.04032000000006519	epochs	-1.0
658.6751890923706	0.5	epochs	-1.0
659.1775199923707	15.182879999999955	epochs	0.0
660.0690002441406	0.20241999999996096	epochs	0.0
660.0690002441406	0.09621019999997316	epochs	1.0
660.1652104441406	0.009999600000014652	epochs	1.0
660.1752100441406	0.09621019999997316	epochs	1.0
660.2714202441406	4.418260000000032	epochs	0.0
660.2714202441406	0.5	epochs	1.0
660.2714293441406	0.5	epochs	-1.0
660.7714202441406	3.918260000000032	epochs	1.0
663.6893602441406	1.0003199999999879	epochs	-1.0
663.6893602441406	0.040319999999951506	epochs	-1.0
664.1868493441406	0.5	epochs	-1.0
664.6896802441406	15.081720000000018	epochs	0.0
665.3829998970032	0.20241999999996096	epochs	0.0
665.3829998970032	0.09621019999997316	epochs	1.0
665.4792100970031	0.009999600000014652	epochs	1.0
665.4892096970032	0.09621019999997316	epochs	1.0
665.5854198970031	4.357500000000073	epochs	0.0
665.5854198970031	0.5	epochs	1.0
665.5854289970032	0.5	epochs	-1.0
666.0854198970031	3.8575000000000728	epochs	1.0
668.9428598970031	1.0000600000000759	epochs	-1.0
668.9428598970031	0.040300000000002	epochs	-1.0
669.4403489970032	0.5	epochs	-1.0
669.9429198970032	15.142479999999978	epochs	0.0
684.4660000801086	0.20241999999996096	epochs	0.0
684.4660000801086	0.09621019999997316	epochs	1.0
684.5622102801086	0.009999600000014652	epochs	1.0
684.5722098801086	0.09621019999997316	epochs	1.0
684.6684200801086	0.5375599999999849	epochs	0.0
684.6684200801086	0.5	epochs	1.0
684.6684291801087	0.5	epochs	-1.0
685.1684200801086	0.03755999999998494	epochs	1.0
685.2059800801086	2.9624200000000656	epochs	0.0
685.8540000915527	0.20241999999996096	epochs	0.0
685.8540000915527	0.09621019999997316	epochs	1.0
685.9502102915527	0.009999600000014652	epochs	1.0
685.9602098915527	0.09621019999997316	epochs	1.0
686.0564200915527	1.9972999999999956	epochs	0.0
686.0564200915527	0.5	epochs	1.0
686.0564291915528	0.5	epochs	-1.0
686.5564200915527	1.0	epochs	1.0
687.5564200915527	0.49729999999999563	epochs	1.0
688.0537200915527	1.5026800000000549	epochs	0.0
694.4079999923706	0.20241999999996096	epochs	0.0
694.4079999923706	0.09621019999997316	epochs	1.0
694.5042101923706	0.009999600000014652	epochs	1.0
694.5142097923706	0.09621019999997316	epochs	1.0
694.6104199923706	11.99998000000005	epochs	0.0
694.6104199923706	1.0	epochs	1.0
695.6104199923706	10.0	epochs	1.0
705.6104199923706	0.9999800000000505	epochs	1.0
743.3940000534058	0.20240000000001146	epochs	0.0
743.3940000534058	0.09620070000005398	epochs	1.0
743.4902007534058	0.00999859999990349	epochs	1.0
743.5001993534057	0.09620070000005398	epochs	1.0
743.5964000534058	2.0	epochs	0.0
745.5964000534058	5.37695999999994	epochs	0.0
745.5964000534058	1.0	epochs	1.0
745.5964291534058	0.5	epochs	-1.0
746.0964291534058	4.876930899999934	epochs	-1.0
746.5964000534058	4.37695999999994	epochs	1.0
746.5964000534058	4.356753899999944	epochs	-1.0
746.5964000534058	1.9745871999999736	epochs	2.0
746.5964000534058	1.0985621999999466	epochs	3.0
747.6949622534057	0.8760250000000269	epochs	3.0
748.5709872534057	1.3524075000000266	epochs	2.0
748.5709872534057	0.7286354999999958	epochs	3.0
749.2996227534057	0.6237720000000309	epochs	3.0
749.9233947534058	1.029759199999944	epochs	2.0
749.9233947534058	0.5453292999999348	epochs	3.0
750.4687240534057	0.4844299000000092	epochs	3.0
750.9531539534057	0.020206099999995786	epochs	2.0
750.9531539534057	0.020206099999995786	epochs	3.0
750.9733600534057	16.622960000000035	epochs	0.0
751.8239998817444	0.20240000000001146	epochs	0.0
751.8239998817444	0.09620070000005398	epochs	1.0
751.9202005817444	0.00999859999990349	epochs	1.0
751.9301991817443	0.09620070000005398	epochs	1.0
752.0263998817444	2.0	epochs	0.0
754.0263998817444	21.999919999999975	epochs	0.0
754.0263998817444	1.0	epochs	1.0
754.0264289817444	0.5	epochs	-1.0
754.5264289817444	19.999119999999948	epochs	-1.0
755.0263998817444	20.0	epochs	1.0
755.0263998817444	4.356753899999944	epochs	-1.0
755.0263998817444	1.9745871999999736	epochs	2.0
755.0263998817444	1.0985621999999466	epochs	3.0
756.1249620817443	0.8760250000000269	epochs	3.0
757.0009870817444	1.3524075000000266	epochs	2.0
757.0009870817444	0.7286354999999958	epochs	3.0
757.7296225817444	0.6237720000000309	epochs	3.0
758.3533945817444	1.029759199999944	epochs	2.0
758.3533945817444	0.5453292999999348	epochs	3.0
758.8987238817443	0.4844299000000092	epochs	3.0
759.3831537817443	0.8317862000000105	epochs	2.0
759.3831537817443	0.4357763000000432	epochs	3.0
759.8189300817444	0.3960098999999673	epochs	3.0
760.2149399817444	0.6977970000000369	epochs	2.0
760.2149399817444	0.3628982000000178	epochs	3.0
760.5778381817444	0.33489880000001904	epochs	3.0
760.9127369817444	0.601045699999986	epochs	2.0
760.9127369817444	0.3109123000000409	epochs	3.0
761.2236492817444	0.29013339999994514	epochs	3.0
761.5137826817444	0.5278859000000011	epochs	2.0
761.5137826817444	0.2719586000000618	epochs	3.0
761.7857412817444	0.25592729999993935	epochs	3.0
762.0416685817444	0.4706193000000667	epochs	2.0
762.0416685817444	0.241681299999982	epochs	3.0
762.2833498817444	0.22893800000008468	epochs	3.0
762.5122878817444	0.42457039999999324	epochs	2.0
762.5122878817444	0.2174713999999085	epochs	3.0
762.7297592817444	0.20709900000008474	epochs	3.0
762.9368582817444	0.3867353999999068	epochs	2.0
762.9368582817444	0.19767109999997956	epochs	3.0
763.1345293817444	0.18906429999992724	epochs	3.0
763.3235936817443	0.3550953000000163	epochs	2.0
763.3235936817443	0.18117590000008477	epochs	3.0
763.5047695817444	0.17391939999993156	epochs	3.0
763.6786889817444	0.3282431000000088	epochs	2.0
763.6786889817444	0.1672219000000723	epochs	3.0
763.8459108817444	0.16102119999993647	epochs	3.0
764.0069320817444	0.30516799999998057	epochs	2.0
764.0069320817444	0.15526390000002266	epochs	3.0
764.1621959817444	0.1499040999999579	epochs	3.0
764.3121000817443	0.28512530000000424	epochs	2.0
764.3121000817443	0.1449021000000812	epochs	3.0
764.4570021817444	0.14022319999992305	epochs	3.0
764.5972253817444	0.267553800000087	epochs	2.0
764.5972253817444	0.1358369000000721	epochs	3.0
764.7330622817444	0.1317169000000149	epochs	3.0
764.8647791817444	0.252022899999929	epochs	2.0
764.8647791817444	0.1278392999998914	epochs	3.0
764.9926184817443	0.12418360000003759	epochs	3.0
765.1168020817444	0.23819650000007186	epochs	2.0
765.1168020817444	0.12073110000005727	epochs	3.0
765.2375331817444	0.1174654000000146	epochs	3.0
765.3549985817444	0.2258087999999816	epochs	2.0
765.3549985817444	0.1143718999999237	epochs	3.0
765.4693704817444	0.1114369000000579	epochs	3.0
765.5808073817444	0.2146460000000161	epochs	2.0
765.5808073817444	0.10864889999993466	epochs	3.0
765.6894562817444	0.10599710000008145	epochs	3.0
765.7954533817444	0.20453499999996438	epochs	2.0
765.7954533817444	0.10347149999995509	epochs	3.0
765.8989248817444	0.1010635000000093	epochs	3.0
765.9999883817444	0.19533400000000256	epochs	2.0
765.9999883817444	0.09876510000003691	epochs	3.0
766.0987534817444	0.09656889999996565	epochs	3.0
766.1953223817444	0.18692529999998442	epochs	2.0
766.1953223817444	0.09446830000001682	epochs	3.0
766.2897906817444	0.09245699999996759	epochs	3.0
766.3822476817444	0.17921069999999872	epochs	2.0
766.3822476817444	0.09052959999996801	epochs	3.0
766.4727772817444	0.08868110000003071	epochs	3.0
766.5614583817444	0.17210769999996955	epochs	2.0
766.5614583817444	0.08690630000000965	epochs	3.0
766.6483646817444	0.0852013999999599	epochs	3.0
766.7335660817444	0.16554640000003928	epochs	2.0
766.7335660817444	0.08356190000006336	epochs	3.0
766.8171279817444	0.08198449999997592	epochs	3.0
766.8991124817444	0.15946710000002895	epochs	2.0
766.8991124817444	0.08046539999998004	epochs	3.0
766.9795778817444	0.07900170000004891	epochs	3.0
767.0585795817444	0.15381839999997737	epochs	2.0
767.0585795817444	0.07759009999995214	epochs	3.0
767.1361696817444	0.07622830000002523	epochs	3.0
767.2123979817444	0.14855639999996129	epochs	2.0
767.2123979817444	0.07491329999993468	epochs	3.0
767.2873112817443	0.0736431000000266	epochs	3.0
767.3609543817444	0.14364239999997608	epochs	2.0
767.3609543817444	0.07241499999997814	epochs	3.0
767.4333693817443	0.07122739999999794	epochs	3.0
767.5045967817443	0.13904310000009446	epochs	2.0
767.5045967817443	0.07007800000008046	epochs	3.0
767.5746747817444	0.06896510000001399	epochs	3.0
767.6436398817444	0.1347293000000036	epochs	2.0
767.6436398817444	0.06788709999989351	epochs	3.0
767.7115269817443	0.0668422000001101	epochs	3.0
767.7783691817444	0.13067519999992783	epochs	2.0
767.7783691817444	0.06582909999997355	epochs	3.0
767.8441982817444	0.06484609999995428	epochs	3.0
767.9090443817444	0.12685780000003888	epochs	2.0
767.9090443817444	0.06389200000000983	epochs	3.0
767.9729363817444	0.06296580000002905	epochs	3.0
768.0359021817444	0.12325720000001184	epochs	2.0
768.0359021817444	0.06206580000002759	epochs	3.0
768.0979679817444	0.06119139999998424	epochs	3.0
768.1591593817444	0.11985540000000583	epochs	2.0
768.1591593817444	0.060341099999959624	epochs	3.0
768.2195004817444	0.059514300000046205	epochs	3.0
768.2790147817444	0.11663620000001629	epochs	2.0
768.2790147817444	0.058709599999929196	epochs	3.0
768.3377243817444	0.05792660000008709	epochs	3.0
768.3956509817444	0.11358559999996487	epochs	2.0
768.3956509817444	0.05716419999998834	epochs	3.0
768.4528151817444	0.05642139999997653	epochs	3.0
768.5092365817444	0.11069050000003244	epochs	2.0
768.5092365817444	0.05569789999992736	epochs	3.0
768.5649344817443	0.054992600000105085	epochs	3.0
768.6199270817444	0.10793909999995321	epochs	2.0
768.6199270817444	0.05430489999992005	epochs	3.0
768.6742319817444	0.05363420000003316	epochs	3.0
768.7278661817444	0.10532149999994544	epochs	2.0
768.7278661817444	0.05298000000004777	epochs	3.0
768.7808461817444	0.05234149999989768	epochs	3.0
768.8331876817443	0.10282760000006874	epochs	2.0
768.8331876817443	0.05171810000001642	epochs	3.0
768.8849057817444	0.05110950000005232	epochs	3.0
768.9360152817444	0.10044909999999163	epochs	2.0
768.9360152817444	0.05051489999993919	epochs	3.0
768.9865301817443	0.04993420000005244	epochs	3.0
769.0364643817444	0.0981782999999723	epochs	2.0
769.0364643817444	0.04936659999998483	epochs	3.0
769.0858309817444	0.04881169999998747	epochs	3.0
769.1346426817444	0.09600780000005216	epochs	2.0
769.1346426817444	0.04826920000004975	epochs	3.0
769.1829118817444	0.04773860000000241	epochs	3.0
769.2306504817444	0.09393119999992905	epochs	2.0
769.2306504817444	0.04721949999998287	epochs	3.0
769.2778699817444	0.04671169999994618	epochs	3.0
769.3245816817443	0.09194260000003851	epochs	2.0
769.3245816817443	0.046214599999984785	epochs	3.0
769.3707962817443	0.045728000000053726	epochs	3.0
769.4165242817444	0.09003629999995155	epochs	2.0
769.4165242817444	0.045251499999949374	epochs	3.0
769.4617757817443	0.04478480000000218	epochs	3.0
769.5065605817443	0.08820760000003247	epochs	2.0
769.5065605817443	0.044327800000019124	epochs	3.0
769.5508883817444	0.04387980000001335	epochs	3.0
769.5947681817444	0.0864516999999978	epochs	2.0
769.5947681817444	0.04344100000002982	epochs	3.0
769.6382091817444	0.04301069999996798	epochs	3.0
769.6812198817444	0.0847643000000744	epochs	2.0
769.6812198817444	0.04258900000002086	epochs	3.0
769.7238088817444	0.04217530000005354	epochs	3.0
769.7659841817444	0.08314149999989695	epochs	2.0
769.7659841817444	0.041769699999917975	epochs	3.0
769.8077538817444	0.041371799999978975	epochs	3.0
769.8491256817443	0.08157970000002024	epochs	2.0
769.8491256817443	0.04098140000007788	epochs	3.0
769.8901070817444	0.040598299999942355	epochs	3.0
769.9307053817444	0.08007550000002084	epochs	2.0
769.9307053817444	0.04022229999998217	epochs	3.0
769.9709276817443	0.03985320000003867	epochs	3.0
770.0107808817444	0.07862569999997504	epochs	2.0
770.0107808817444	0.0394907999999532	epochs	3.0
770.0502716817443	0.039134900000021844	epochs	3.0
770.0894065817444	0.07722760000001472	epochs	2.0
770.0894065817444	0.038785400000051595	epochs	3.0
770.1281919817444	0.03844219999996312	epochs	3.0
770.1666341817444	0.07587820000003376	epochs	2.0
770.1666341817444	0.038104800000041905	epochs	3.0
770.2047389817444	0.03777339999999185	epochs	3.0
770.2425123817444	0.0745752000000266	epochs	2.0
770.2425123817444	0.03744770000002973	epochs	3.0
770.2799600817444	0.03712749999999687	epochs	3.0
770.3170875817444	0.07331629999998768	epochs	2.0
770.3170875817444	0.036812899999972615	epochs	3.0
770.3539004817444	0.03650340000001506	epochs	3.0
770.3904038817444	0.07209899999998015	epochs	2.0
770.3904038817444	0.03619909999997617	epochs	3.0
770.4266029817444	0.03589990000000398	epochs	3.0
770.4625028817444	0.07092169999998532	epochs	2.0
770.4625028817444	0.03560559999993984	epochs	3.0
770.4981084817443	0.03531610000004548	epochs	3.0
770.5334245817444	0.06978200000003199	epochs	2.0
770.5334245817444	0.03503120000004856	epochs	3.0
770.5684557817444	0.03475079999998343	epochs	3.0
770.6032065817444	0.06867859999999837	epochs	2.0
770.6032065817444	0.03447510000000875	epochs	3.0
770.6376816817444	0.03420349999998962	epochs	3.0
770.6718851817444	0.06760929999995824	epochs	2.0
770.6718851817444	0.033936199999970995	epochs	3.0
770.7058213817444	0.033673099999987244	epochs	3.0
770.7394944817444	0.06657289999998284	epochs	2.0
770.7394944817444	0.03341399999999339	epochs	3.0
770.7729084817444	0.033158899999989444	epochs	3.0
770.8060673817444	0.06556780000005347	epochs	2.0
770.8060673817444	0.032907700000009754	epochs	3.0
770.8389750817444	0.03266010000004371	epochs	3.0
770.8716351817444	0.06459259999996902	epochs	2.0
770.8716351817444	0.032416399999988244	epochs	3.0
770.9040515817444	0.03217619999998078	epochs	3.0
770.9362277817444	0.0636459999999488	epochs	2.0
770.9362277817444	0.03193959999998697	epochs	3.0
770.9681673817444	0.03170639999996183	epochs	3.0
770.9998737817443	0.06272670000009839	epochs	2.0
770.9998737817443	0.03147660000001906	epochs	3.0
771.0313503817443	0.03125010000007933	epochs	3.0
771.0626004817444	0.06183359999999993	epochs	2.0
771.0626004817444	0.03102689999991526	epochs	3.0
771.0936273817443	0.030806700000084675	epochs	3.0
771.1244340817444	0.060965599999917686	epochs	2.0
771.1244340817444	0.030589799999916067	epochs	3.0
771.1550238817443	0.030375800000001618	epochs	3.0
771.1853996817443	0.06012160000000222	epochs	2.0
771.1853996817443	0.030164900000045236	epochs	3.0
771.2155645817444	0.02995669999995698	epochs	3.0
771.2455212817443	0.05930069999999432	epochs	2.0
771.2455212817443	0.029751600000054168	epochs	3.0
771.2752728817444	0.029549099999940154	epochs	3.0
771.3048219817443	0.05850180000004457	epochs	2.0
771.3048219817443	0.02934940000000097	epochs	3.0
771.3341713817443	0.0291524000000436	epochs	3.0
771.3633237817444	0.057724200000052406	epochs	2.0
771.3633237817444	0.028957999999988715	epochs	3.0
771.3922817817444	0.02876620000006369	epochs	3.0
771.4210479817444	0.05696709999995164	epochs	2.0
771.4210479817444	0.028576999999927466	epochs	3.0
771.4496249817444	0.028390100000024177	epochs	3.0
771.4780150817444	0.05622949999997218	epochs	2.0
771.4780150817444	0.028205699999944045	epochs	3.0
771.5062207817443	0.028023800000028132	epochs	3.0
771.5342445817444	0.05551070000001346	epochs	2.0
771.5342445817444	0.02784400000007281	epochs	3.0
771.5620885817444	0.027666699999940647	epochs	3.0
771.5897552817444	0.054810200000019904	epochs	2.0
771.5897552817444	0.02749149999999645	epochs	3.0
771.6172467817444	0.027318700000023455	epochs	3.0
771.6445654817444	0.05412699999999404	epochs	2.0
771.6445654817444	0.027147799999966082	epochs	3.0
771.6717132817444	0.02697920000002796	epochs	3.0
771.6986924817444	0.053460699999959616	epochs	2.0
771.6986924817444	0.0268125999999711	epochs	3.0
771.7255050817444	0.026648099999988517	epochs	3.0
771.7521531817443	0.05281070000000909	epochs	2.0
771.7521531817443	0.026485600000000886	epochs	3.0
771.7786387817443	0.026325100000008206	epochs	3.0
771.8049638817444	0.05217620000007628	epochs	2.0
771.8049638817444	0.026166400000079193	epochs	3.0
771.8311302817444	0.026009799999997085	epochs	3.0
771.8571400817444	0.051556699999991906	epochs	2.0
771.8571400817444	0.025854799999933675	epochs	3.0
771.8829948817444	0.02570190000005823	epochs	3.0
771.9086967817444	0.05095189999997274	epochs	2.0
771.9086967817444	0.025550699999939752	epochs	3.0
771.9342474817444	0.025401200000032986	epochs	3.0
771.9596486817444	0.05036099999995258	epochs	2.0
771.9596486817444	0.025253499999962514	epochs	3.0
771.9849021817444	0.02510749999999007	epochs	3.0
772.0100096817444	0.049783800000000156	epochs	2.0
772.0100096817444	0.02496320000000196	epochs	3.0
772.0349728817444	0.024820599999998194	epochs	3.0
772.0597934817444	0.049219500000049266	epochs	2.0
772.0597934817444	0.02467940000008184	epochs	3.0
772.0844728817444	0.024540099999967424	epochs	3.0
772.1090129817444	0.048667899999941255	epochs	2.0
772.1090129817444	0.02440209999997478	epochs	3.0
772.1334150817444	0.024265799999966475	epochs	3.0
772.1576808817443	0.04812860000004093	epochs	2.0
772.1576808817443	0.024131000000011227	epochs	3.0
772.1818118817444	0.023997600000029706	epochs	3.0
772.2058094817444	0.04760109999995166	epochs	2.0
772.2058094817444	0.023865799999953197	epochs	3.0
772.2296752817443	0.02373529999999846	epochs	3.0
772.2534105817443	0.047085000000038235	epochs	2.0
772.2534105817443	0.02360630000009678	epochs	3.0
772.2770168817444	0.023478699999941455	epochs	3.0
772.3004955817444	0.04658000000006268	epochs	2.0
772.3004955817444	0.02335249999998723	epochs	3.0
772.3238480817444	0.02322750000007545	epochs	3.0
772.3470755817444	0.04608569999993506	epochs	2.0
772.3470755817444	0.023103999999989355	epochs	3.0
772.3701795817444	0.022981699999945704	epochs	3.0
772.3931612817444	0.045601799999985815	epochs	2.0
772.3931612817444	0.022860700000023826	epochs	3.0
772.4160219817444	0.02274109999996199	epochs	3.0
772.4387630817444	0.04512790000001132	epochs	2.0
772.4387630817444	0.022622500000011314	epochs	3.0
772.4613855817444	0.02250540000000001	epochs	3.0
772.4838909817444	0.044663799999966614	epochs	2.0
772.4838909817444	0.02238929999998618	epochs	3.0
772.5062802817444	0.022274499999980435	epochs	3.0
772.5285547817443	0.04420920000006845	epochs	2.0
772.5285547817443	0.022160800000051495	epochs	3.0
772.5507155817444	0.022048400000016954	epochs	3.0
772.5727639817444	0.043763600000033875	epochs	2.0
772.5727639817444	0.021936900000014248	epochs	3.0
772.5947008817444	0.021826700000019628	epochs	3.0
772.6165275817444	0.04332709999994222	epochs	2.0
772.6165275817444	0.021717599999988124	epochs	3.0
772.6382451817444	0.021609499999954096	epochs	3.0
772.6598546817444	0.04289900000003399	epochs	2.0
772.6598546817444	0.02150249999999687	epochs	3.0
772.6813571817444	0.021396500000037122	epochs	3.0
772.7027536817444	0.042479500000013104	epochs	2.0
772.7027536817444	0.02129170000000613	epochs	3.0
772.7240453817444	0.021187800000006973	epochs	3.0
772.7452331817444	0.042067900000006375	epochs	2.0
772.7452331817444	0.02108490000000529	epochs	3.0
772.7663180817444	0.020983000000001084	epochs	3.0
772.7873010817444	0.04166439999994509	epochs	2.0
772.7873010817444	0.020882199999959994	epochs	3.0
772.8081832817444	0.020782199999985096	epochs	3.0
772.8289654817444	0.04126850000000104	epochs	2.0
772.8289654817444	0.020683299999973315	epochs	3.0
772.8496487817443	0.020585200000027726	epochs	3.0
772.8702339817444	0.04088000000001557	epochs	2.0
772.8702339817444	0.020488099999965925	epochs	3.0
772.8907220817443	0.020391900000049645	epochs	3.0
772.9111139817444	0.04049880000002304	epochs	2.0
772.9111139817444	0.020296599999937825	epochs	3.0
772.9314105817443	0.020202200000085213	epochs	3.0
772.9516127817444	0.04012460000001283	epochs	2.0
772.9516127817444	0.020108699999923374	epochs	3.0
772.9717214817443	0.02001590000008946	epochs	3.0
772.9917373817444	0.039757299999905626	epochs	2.0
772.9917373817444	0.019924199999991288	epochs	3.0
773.0116615817444	0.01983309999991434	epochs	3.0
773.0314946817443	0.03939669999999751	epochs	2.0
773.0314946817443	0.01974300000006224	epochs	3.0
773.0512376817444	0.01965369999993527	epochs	3.0
773.0708913817443	0.039042400000084854	epochs	2.0
773.0708913817443	0.01956510000002254	epochs	3.0
773.0904564817444	0.019477300000062314	epochs	3.0
773.1099337817444	0.03869459999998526	epochs	2.0
773.1099337817444	0.019390400000020236	epochs	3.0
773.1293241817444	0.01930419999996502	epochs	3.0
773.1486283817444	0.03835289999994984	epochs	2.0
773.1486283817444	0.019218799999976	epochs	3.0
773.1678471817444	0.01913409999997384	epochs	3.0
773.1869812817444	0.03801720000001296	epochs	2.0
773.1869812817444	0.019050200000037876	epochs	3.0
773.2060314817444	0.018966999999975087	epochs	3.0
773.2249984817444	0.037687200000050325	epochs	2.0
773.2249984817444	0.01888450000001285	epochs	3.0
773.2438829817444	0.018802700000037476	epochs	3.0
773.2626856817444	0.03736309999999321	epochs	2.0
773.2626856817444	0.018721700000014607	epochs	3.0
773.2814073817444	0.018641399999978603	epochs	3.0
773.3000487817444	0.03704429999993408	epochs	2.0
773.3000487817444	0.01856159999999818	epochs	3.0
773.3186103817444	0.018482699999935903	epochs	3.0
773.3370930817443	0.0367310000000316	epochs	2.0
773.3370930817443	0.018404300000042895	epochs	3.0
773.3554973817444	0.018326699999988705	epochs	3.0
773.3738240817444	0.036422900000047775	epochs	2.0
773.3738240817444	0.018249599999990096	epochs	3.0
773.3920736817444	0.01817330000005768	epochs	3.0
773.4102469817444	0.03612009999994825	epochs	2.0
773.4102469817444	0.01809759999991911	epochs	3.0
773.4283445817443	0.01802250000002914	epochs	3.0
773.4463670817444	0.03582210000001851	epochs	2.0
773.4463670817444	0.017947899999967376	epochs	3.0
773.4643149817443	0.017874200000051133	epochs	3.0
773.4821891817444	0.03552899999999681	epochs	2.0
773.4821891817444	0.017800800000031813	epochs	3.0
773.4999899817444	0.017728199999965	epochs	3.0
773.5177181817444	0.03524070000003121	epochs	2.0
773.5177181817444	0.017656099999953767	epochs	3.0
773.5353742817443	0.017584600000077444	epochs	3.0
773.5529588817444	0.03495709999992869	epochs	2.0
773.5529588817444	0.01751369999999497	epochs	3.0
773.5704725817444	0.017443399999933717	epochs	3.0
773.5879159817443	0.03467790000001969	epochs	2.0
773.5879159817443	0.017373600000041733	epochs	3.0
773.6052895817444	0.017304299999977957	epochs	3.0
773.6225938817444	0.03440330000000813	epochs	2.0
773.6225938817444	0.01723570000001473	epochs	3.0
773.6398295817444	0.0171675999999934	epochs	3.0
773.6569971817444	0.0341328000000658	epochs	2.0
773.6569971817444	0.017099900000062007	epochs	3.0
773.6740970817444	0.017032900000003792	epochs	3.0
773.6911299817444	0.033866699999975935	epochs	2.0
773.6911299817444	0.01696639999988747	epochs	3.0
773.7080963817443	0.016900300000088464	epochs	3.0
773.7249966817444	0.03360459999998966	epochs	2.0
773.7249966817444	0.01683479999996962	epochs	3.0
773.7418314817444	0.01676980000002004	epochs	3.0
773.7586012817444	0.033346599999958926	epochs	2.0
773.7586012817444	0.016705300000012357	epochs	3.0
773.7753065817444	0.01664129999994657	epochs	3.0
773.7919478817444	0.03309250000006614	epochs	2.0
773.7919478817444	0.016577800000050047	epochs	3.0
773.8085256817444	0.01651470000001609	epochs	3.0
773.8250403817444	0.03284229999997024	epochs	2.0
773.8250403817444	0.01645220000000336	epochs	3.0
773.8414925817444	0.01639009999996688	epochs	3.0
773.8578826817444	0.03259570000000167	epochs	2.0
773.8578826817444	0.016328400000020338	epochs	3.0
773.8742110817444	0.016267299999981333	epochs	3.0
773.8904783817444	0.032352899999978035	epochs	2.0
773.8904783817444	0.016206600000032267	epochs	3.0
773.9066849817444	0.016146299999945768	epochs	3.0
773.9228312817444	0.03211369999996805	epochs	2.0
773.9228312817444	0.016086599999994178	epochs	3.0
773.9389178817444	0.01602709999997387	epochs	3.0
773.9549449817443	0.03187800000000607	epochs	2.0
773.9549449817443	0.015968200000088473	epochs	3.0
773.9709131817444	0.015909799999917595	epochs	3.0
773.9868229817444	0.031645700000012766	epochs	2.0
773.9868229817444	0.01585160000001906	epochs	3.0
774.0026745817444	0.015794099999993705	epochs	3.0
774.0184686817444	0.0314167000000225	epochs	2.0
774.0184686817444	0.015736700000047676	epochs	3.0
774.0342053817444	0.015679999999974825	epochs	3.0
774.0498853817444	0.031191100000000915	epochs	2.0
774.0498853817444	0.015623600000026272	epochs	3.0
774.0655089817444	0.015567499999974643	epochs	3.0
774.0810764817444	0.030968700000016725	epochs	2.0
774.0810764817444	0.015511999999944237	epochs	3.0
774.0965884817443	0.015456700000072487	epochs	3.0
774.1120451817444	0.030749499999956242	epochs	2.0
774.1120451817444	0.015401999999994587	epochs	3.0
774.1274471817444	0.015347499999961656	epochs	3.0
774.1427946817444	0.03053320000003623	epochs	2.0
774.1427946817444	0.015293400000018664	epochs	3.0
774.1580880817444	0.015239800000017567	epochs	3.0
774.1733278817444	0.03032010000003993	epochs	2.0
774.1733278817444	0.015186500000027081	epochs	3.0
774.1885143817444	0.015133600000012848	epochs	3.0
774.2036479817444	0.030109899999956724	epochs	2.0
774.2036479817444	0.015080999999895539	epochs	3.0
774.2187289817443	0.015028900000061185	epochs	3.0
774.2337578817444	0.029902499999934662	epochs	2.0
774.2337578817444	0.014977000000044427	epochs	3.0
774.2487348817444	0.014925499999890235	epochs	3.0
774.2636603817443	0.029698100000018712	epochs	2.0
774.2636603817443	0.014874400000053356	epochs	3.0
774.2785347817444	0.014823699999965356	epochs	3.0
774.2933584817443	0.02949630000000525	epochs	2.0
774.2933584817443	0.014773200000036013	epochs	3.0
774.3081316817444	0.014723099999969236	epochs	3.0
774.3228547817444	0.02929740000001857	epochs	2.0
774.3228547817444	0.014673399999992398	epochs	3.0
774.3375281817443	0.014624000000026172	epochs	3.0
774.3521521817444	0.029101100000048064	epochs	2.0
774.3521521817444	0.01457489999995687	epochs	3.0
774.3667270817443	0.014526200000091194	epochs	3.0
774.3812532817444	0.028907399999980044	epochs	2.0
774.3812532817444	0.014477699999929428	epochs	3.0
774.3957309817444	0.014429700000050616	epochs	3.0
774.4101606817444	0.028716199999962555	epochs	2.0
774.4101606817444	0.014381800000023759	epochs	3.0
774.4245424817444	0.014334399999938796	epochs	3.0
774.4388768817444	0.028527600000074926	epochs	2.0
774.4388768817444	0.01428720000001249	epochs	3.0
774.4531640817444	0.014240400000062436	epochs	3.0
774.4674044817444	0.028341399999931127	epochs	2.0
774.4674044817444	0.014193799999929979	epochs	3.0
774.4815982817444	0.014147600000001148	epochs	3.0
774.4957458817444	0.028157700000065233	epochs	2.0
774.4957458817444	0.014101699999969242	epochs	3.0
774.5098475817443	0.014056000000095992	epochs	3.0
774.5239035817444	0.027976299999977527	epochs	2.0
774.5239035817444	0.014010599999892293	epochs	3.0
774.5379141817443	0.013965700000085235	epochs	3.0
774.5518798817444	0.02779720000000907	epochs	2.0
774.5518798817444	0.013920799999937117	epochs	3.0
774.5658006817443	0.013876400000071953	epochs	3.0
774.5796770817444	0.027620399999932488	epochs	2.0
774.5796770817444	0.0138321999999107	epochs	3.0
774.5935092817443	0.013788200000021789	epochs	3.0
774.6072974817444	0.027445899999975154	epochs	2.0
774.6072974817444	0.013744599999995444	epochs	3.0
774.6210420817443	0.01370129999997971	epochs	3.0
774.6347433817443	0.0272735000000921	epochs	2.0
774.6347433817443	0.013658200000008947	epochs	3.0
774.6484015817443	0.013615300000083153	epochs	3.0
774.6620168817444	0.027103399999987232	epochs	2.0
774.6620168817444	0.013572800000019924	epochs	3.0
774.6755896817444	0.013530599999967308	epochs	3.0
774.6891202817444	0.02693520000002536	epochs	2.0
774.6891202817444	0.013488400000028378	epochs	3.0
774.7026086817444	0.013446799999996983	epochs	3.0
774.7160554817444	0.026769199999989723	epochs	2.0
774.7160554817444	0.013405199999965589	epochs	3.0
774.7294606817444	0.013364000000024134	epochs	3.0
774.7428246817444	0.026605199999949036	epochs	2.0
774.7428246817444	0.013322899999934634	epochs	3.0
774.7561475817444	0.013282300000014402	epochs	3.0
774.7694298817444	0.026443200000016986	epochs	2.0
774.7694298817444	0.013241699999980483	epochs	3.0
774.7826715817444	0.013201500000036503	epochs	3.0
774.7958730817444	0.0262831999999662	epochs	2.0
774.7958730817444	0.013161500000023807	epochs	3.0
774.8090345817444	0.013121699999942393	epochs	3.0
774.8221562817444	0.02612499999997908	epochs	2.0
774.8221562817444	0.013082100000019636	epochs	3.0
774.8352383817444	0.013042899999959445	epochs	3.0
774.8482812817443	0.025968900000066242	epochs	2.0
774.8482812817443	0.01300390000005791	epochs	3.0
774.8612851817444	0.012965000000008331	epochs	3.0
774.8742501817444	0.025814500000024054	epochs	2.0
774.8742501817444	0.012926399999969362	epochs	3.0
774.8871765817444	0.012888100000054692	epochs	3.0
774.9000646817444	0.025661899999931848	epochs	2.0
774.9000646817444	0.012849899999991976	epochs	3.0
774.9129145817444	0.012811999999939871	epochs	3.0
774.9257265817444	0.025511199999982637	epochs	2.0
774.9257265817444	0.012774400000012065	epochs	3.0
774.9385009817444	0.012736799999970572	epochs	3.0
774.9512377817443	0.025362300000097093	epochs	2.0
774.9512377817443	0.012699700000098346	epochs	3.0
774.9639374817444	0.012662599999998747	epochs	3.0
774.9766000817444	0.025215000000002874	epochs	2.0
774.9766000817444	0.01262579999990976	epochs	3.0
774.9892258817443	0.012589200000093115	epochs	3.0
775.0018150817444	0.024584799999956886	epochs	2.0
775.0255489817444	0.5	epochs	-1.0
775.0263998817444	0.9999199999999746	epochs	1.0
775.5255489817444	0.5	epochs	-1.0
777.0069999694824	0.20240000000001146	epochs	0.0
777.0069999694824	0.09620070000005398	epochs	1.0
777.1032006694825	0.00999859999990349	epochs	1.0
777.1131992694824	0.09620070000005398	epochs	1.0
777.2093999694824	2.0	epochs	0.0
779.2093999694824	0.5369600000000219	epochs	0.0
779.2093999694824	0.5369600000000219	epochs	1.0
779.2094290694824	0.5	epochs	-1.0
779.7094290694824	0.036930900000015754	epochs	-1.0
779.7463599694825	21.462959999999953	epochs	0.0
780.7389998435974	0.20240000000001146	epochs	0.0
780.7389998435974	0.09620070000005398	epochs	1.0
780.8352005435975	0.00999859999990349	epochs	1.0
780.8451991435974	0.09620070000005398	epochs	1.0
780.9413998435974	2.0	epochs	0.0
782.9413998435974	0.557360000000017	epochs	0.0
782.9413998435974	0.557360000000017	epochs	1.0
782.9414289435974	0.5	epochs	-1.0
783.4414289435974	0.05733090000001084	epochs	-1.0
783.4987598435974	21.442559999999958	epochs	0.0
784.4869999885559	0.20240000000001146	epochs	0.0
784.4869999885559	0.09620070000005398	epochs	1.0
784.583200688556	0.00999859999990349	epochs	1.0
784.5931992885559	0.09620070000005398	epochs	1.0
784.6893999885559	2.0	epochs	0.0
786.6893999885559	0.5176000000000158	epochs	0.0
786.6893999885559	0.5176000000000158	epochs	1.0
786.6894290885559	0.5	epochs	-1.0
787.1894290885559	0.017570900000009715	epochs	-1.0
787.2069999885559	21.48231999999996	epochs	0.0
788.2210001945496	0.20240000000001146	epochs	0.0
788.2210001945496	0.09620070000005398	epochs	1.0
788.3172008945496	0.00999859999990349	epochs	1.0
788.3271994945495	0.09620070000005398	epochs	1.0
788.4234001945496	2.0	epochs	0.0
790.4234001945496	0.5172800000000279	epochs	0.0
790.4234001945496	0.5172800000000279	epochs	1.0
790.4234292945496	0.5	epochs	-1.0
790.9234292945496	0.01725090000002183	epochs	-1.0
790.9406801945496	21.482639999999947	epochs	0.0
791.9400000572205	0.20240000000001146	epochs	0.0
791.9400000572205	0.09620070000005398	epochs	1.0
792.0362007572205	0.00999859999990349	epochs	1.0
792.0461993572204	0.09620070000005398	epochs	1.0
792.1424000572205	2.0	epochs	0.0
794.1424000572205	21.999919999999975	epochs	0.0
794.1424000572205	1.0	epochs	1.0
794.1424291572205	0.5	epochs	-1.0
794.6424291572205	19.999119999999948	epochs	-1.0
795.1424000572205	20.0	epochs	1.0
795.1424000572205	4.356753899999944	epochs	-1.0
795.1424000572205	1.9745871999999736	epochs	2.0
795.1424000572205	1.0985621999999466	epochs	3.0
796.2409622572204	0.8760250000000269	epochs	3.0
797.1169872572204	1.3524075000000266	epochs	2.0
797.1169872572204	0.7286354999999958	epochs	3.0
797.8456227572204	0.6237720000000309	epochs	3.0
798.4693947572205	1.029759199999944	epochs	2.0
798.4693947572205	0.5453292999999348	epochs	3.0
799.0147240572204	0.4844299000000092	epochs	3.0
799.4991539572204	0.8317862000000105	epochs	2.0
799.4991539572204	0.4357763000000432	epochs	3.0
799.9349302572205	0.3960098999999673	epochs	3.0
800.3309401572204	0.6977970000000369	epochs	2.0
800.3309401572204	0.3628982000000178	epochs	3.0
800.6938383572204	0.33489880000001904	epochs	3.0
801.0287371572205	0.601045699999986	epochs	2.0
801.0287371572205	0.3109123000000409	epochs	3.0
801.3396494572205	0.29013339999994514	epochs	3.0
801.6297828572204	0.5278859000000011	epochs	2.0
801.6297828572204	0.2719586000000618	epochs	3.0
801.9017414572205	0.25592729999993935	epochs	3.0
802.1576687572204	0.4706193000000667	epochs	2.0
802.1576687572204	0.241681299999982	epochs	3.0
802.3993500572204	0.22893800000008468	epochs	3.0
802.6282880572205	0.42457039999999324	epochs	2.0
802.6282880572205	0.2174713999999085	epochs	3.0
802.8457594572204	0.20709900000008474	epochs	3.0
803.0528584572205	0.3867353999999068	epochs	2.0
803.0528584572205	0.19767109999997956	epochs	3.0
803.2505295572205	0.18906429999992724	epochs	3.0
803.4395938572204	0.3550953000000163	epochs	2.0
803.4395938572204	0.18117590000008477	epochs	3.0
803.6207697572205	0.17391939999993156	epochs	3.0
803.7946891572204	0.3282431000000088	epochs	2.0
803.7946891572204	0.1672219000000723	epochs	3.0
803.9619110572205	0.16102119999993647	epochs	3.0
804.1229322572204	0.30516799999998057	epochs	2.0
804.1229322572204	0.15526390000002266	epochs	3.0
804.2781961572205	0.1499040999999579	epochs	3.0
804.4281002572204	0.28512530000000424	epochs	2.0
804.4281002572204	0.1449021000000812	epochs	3.0
804.5730023572205	0.14022319999992305	epochs	3.0
804.7132255572204	0.267553800000087	epochs	2.0
804.7132255572204	0.1358369000000721	epochs	3.0
804.8490624572205	0.1317169000000149	epochs	3.0
804.9807793572205	0.252022899999929	epochs	2.0
804.9807793572205	0.1278392999998914	epochs	3.0
805.1086186572204	0.12418360000003759	epochs	3.0
805.2328022572204	0.23819650000007186	epochs	2.0
805.2328022572204	0.12073110000005727	epochs	3.0
805.3535333572205	0.1174654000000146	epochs	3.0
805.4709987572205	0.2258087999999816	epochs	2.0
805.4709987572205	0.1143718999999237	epochs	3.0
805.5853706572204	0.1114369000000579	epochs	3.0
805.6968075572205	0.2146460000000161	epochs	2.0
805.6968075572205	0.10864889999993466	epochs	3.0
805.8054564572204	0.10599710000008145	epochs	3.0
805.9114535572205	0.20453499999996438	epochs	2.0
805.9114535572205	0.10347149999995509	epochs	3.0
806.0149250572205	0.1010635000000093	epochs	3.0
806.1159885572205	0.19533400000000256	epochs	2.0
806.1159885572205	0.09876510000003691	epochs	3.0
806.2147536572205	0.09656889999996565	epochs	3.0
806.3113225572205	0.18692529999998442	epochs	2.0
806.3113225572205	0.09446830000001682	epochs	3.0
806.4057908572205	0.09245699999996759	epochs	3.0
806.4982478572205	0.17921069999999872	epochs	2.0
806.4982478572205	0.09052959999996801	epochs	3.0
806.5887774572204	0.08868110000003071	epochs	3.0
806.6774585572205	0.17210769999996955	epochs	2.0
806.6774585572205	0.08690630000000965	epochs	3.0
806.7643648572205	0.0852013999999599	epochs	3.0
806.8495662572204	0.16554640000003928	epochs	2.0
806.8495662572204	0.08356190000006336	epochs	3.0
806.9331281572205	0.08198449999997592	epochs	3.0
807.0151126572205	0.15946710000002895	epochs	2.0
807.0151126572205	0.08046539999998004	epochs	3.0
807.0955780572205	0.07900170000004891	epochs	3.0
807.1745797572205	0.15381839999997737	epochs	2.0
807.1745797572205	0.07759009999995214	epochs	3.0
807.2521698572205	0.07622830000002523	epochs	3.0
807.3283981572205	0.14855639999996129	epochs	2.0
807.3283981572205	0.07491329999993468	epochs	3.0
807.4033114572204	0.0736431000000266	epochs	3.0
807.4769545572204	0.14364239999997608	epochs	2.0
807.4769545572204	0.07241499999997814	epochs	3.0
807.5493695572204	0.07122739999999794	epochs	3.0
807.6205969572204	0.13904310000009446	epochs	2.0
807.6205969572204	0.07007800000008046	epochs	3.0
807.6906749572205	0.06896510000001399	epochs	3.0
807.7596400572205	0.1347293000000036	epochs	2.0
807.7596400572205	0.06788709999989351	epochs	3.0
807.8275271572204	0.0668422000001101	epochs	3.0
807.8943693572205	0.13067519999992783	epochs	2.0
807.8943693572205	0.06582909999997355	epochs	3.0
807.9601984572205	0.06484609999995428	epochs	3.0
808.0250445572204	0.12685780000003888	epochs	2.0
808.0250445572204	0.06389200000000983	epochs	3.0
808.0889365572204	0.06296580000002905	epochs	3.0
808.1519023572205	0.12325720000001184	epochs	2.0
808.1519023572205	0.06206580000002759	epochs	3.0
808.2139681572205	0.06119139999998424	epochs	3.0
808.2751595572205	0.11985540000000583	epochs	2.0
808.2751595572205	0.060341099999959624	epochs	3.0
808.3355006572205	0.059514300000046205	epochs	3.0
808.3950149572205	0.11663620000001629	epochs	2.0
808.3950149572205	0.058709599999929196	epochs	3.0
808.4537245572204	0.05792660000008709	epochs	3.0
808.5116511572205	0.11358559999996487	epochs	2.0
808.5116511572205	0.05716419999998834	epochs	3.0
808.5688153572205	0.05642139999997653	epochs	3.0
808.6252367572205	0.11069050000003244	epochs	2.0
808.6252367572205	0.05569789999992736	epochs	3.0
808.6809346572204	0.054992600000105085	epochs	3.0
808.7359272572205	0.10793909999995321	epochs	2.0
808.7359272572205	0.05430489999992005	epochs	3.0
808.7902321572204	0.05363420000003316	epochs	3.0
808.8438663572205	0.10532149999994544	epochs	2.0
808.8438663572205	0.05298000000004777	epochs	3.0
808.8968463572205	0.05234149999989768	epochs	3.0
808.9491878572204	0.10282760000006874	epochs	2.0
808.9491878572204	0.05171810000001642	epochs	3.0
809.0009059572204	0.05110950000005232	epochs	3.0
809.0520154572205	0.10044909999999163	epochs	2.0
809.0520154572205	0.05051489999993919	epochs	3.0
809.1025303572204	0.04993420000005244	epochs	3.0
809.1524645572205	0.0981782999999723	epochs	2.0
809.1524645572205	0.04936659999998483	epochs	3.0
809.2018311572205	0.04881169999998747	epochs	3.0
809.2506428572204	0.09600780000005216	epochs	2.0
809.2506428572204	0.04826920000004975	epochs	3.0
809.2989120572205	0.04773860000000241	epochs	3.0
809.3466506572205	0.09393119999992905	epochs	2.0
809.3466506572205	0.04721949999998287	epochs	3.0
809.3938701572205	0.04671169999994618	epochs	3.0
809.4405818572204	0.09194260000003851	epochs	2.0
809.4405818572204	0.046214599999984785	epochs	3.0
809.4867964572204	0.045728000000053726	epochs	3.0
809.5325244572205	0.09003629999995155	epochs	2.0
809.5325244572205	0.045251499999949374	epochs	3.0
809.5777759572204	0.04478480000000218	epochs	3.0
809.6225607572204	0.08820760000003247	epochs	2.0
809.6225607572204	0.044327800000019124	epochs	3.0
809.6668885572204	0.04387980000001335	epochs	3.0
809.7107683572204	0.0864516999999978	epochs	2.0
809.7107683572204	0.04344100000002982	epochs	3.0
809.7542093572205	0.04301069999996798	epochs	3.0
809.7972200572204	0.0847643000000744	epochs	2.0
809.7972200572204	0.04258900000002086	epochs	3.0
809.8398090572205	0.04217530000005354	epochs	3.0
809.8819843572205	0.08314149999989695	epochs	2.0
809.8819843572205	0.041769699999917975	epochs	3.0
809.9237540572204	0.041371799999978975	epochs	3.0
809.9651258572204	0.08157970000002024	epochs	2.0
809.9651258572204	0.04098140000007788	epochs	3.0
810.0061072572205	0.040598299999942355	epochs	3.0
810.0467055572204	0.08007550000002084	epochs	2.0
810.0467055572204	0.04022229999998217	epochs	3.0
810.0869278572204	0.03985320000003867	epochs	3.0
810.1267810572205	0.07862569999997504	epochs	2.0
810.1267810572205	0.0394907999999532	epochs	3.0
810.1662718572204	0.039134900000021844	epochs	3.0
810.2054067572204	0.07722760000001472	epochs	2.0
810.2054067572204	0.038785400000051595	epochs	3.0
810.2441921572205	0.03844219999996312	epochs	3.0
810.2826343572204	0.07587820000003376	epochs	2.0
810.2826343572204	0.038104800000041905	epochs	3.0
810.3207391572205	0.03777339999999185	epochs	3.0
810.3585125572205	0.0745752000000266	epochs	2.0
810.3585125572205	0.03744770000002973	epochs	3.0
810.3959602572205	0.03712749999999687	epochs	3.0
810.4330877572205	0.07331629999998768	epochs	2.0
810.4330877572205	0.036812899999972615	epochs	3.0
810.4699006572205	0.03650340000001506	epochs	3.0
810.5064040572205	0.07209899999998015	epochs	2.0
810.5064040572205	0.03619909999997617	epochs	3.0
810.5426031572205	0.03589990000000398	epochs	3.0
810.5785030572205	0.07092169999998532	epochs	2.0
810.5785030572205	0.03560559999993984	epochs	3.0
810.6141086572204	0.03531610000004548	epochs	3.0
810.6494247572205	0.06978200000003199	epochs	2.0
810.6494247572205	0.03503120000004856	epochs	3.0
810.6844559572205	0.03475079999998343	epochs	3.0
810.7192067572205	0.06867859999999837	epochs	2.0
810.7192067572205	0.03447510000000875	epochs	3.0
810.7536818572205	0.03420349999998962	epochs	3.0
810.7878853572205	0.06760929999995824	epochs	2.0
810.7878853572205	0.033936199999970995	epochs	3.0
810.8218215572205	0.033673099999987244	epochs	3.0
810.8554946572204	0.06657289999998284	epochs	2.0
810.8554946572204	0.03341399999999339	epochs	3.0
810.8889086572204	0.033158899999989444	epochs	3.0
810.9220675572204	0.06556780000005347	epochs	2.0
810.9220675572204	0.032907700000009754	epochs	3.0
810.9549752572204	0.03266010000004371	epochs	3.0
810.9876353572205	0.06459259999996902	epochs	2.0
810.9876353572205	0.032416399999988244	epochs	3.0
811.0200517572205	0.03217619999998078	epochs	3.0
811.0522279572205	0.0636459999999488	epochs	2.0
811.0522279572205	0.03193959999998697	epochs	3.0
811.0841675572204	0.03170639999996183	epochs	3.0
811.1158739572204	0.06272670000009839	epochs	2.0
811.1158739572204	0.03147660000001906	epochs	3.0
811.1473505572204	0.03125010000007933	epochs	3.0
811.1786006572205	0.06183359999999993	epochs	2.0
811.1786006572205	0.03102689999991526	epochs	3.0
811.2096275572204	0.030806700000084675	epochs	3.0
811.2404342572205	0.060965599999917686	epochs	2.0
811.2404342572205	0.030589799999916067	epochs	3.0
811.2710240572204	0.030375800000001618	epochs	3.0
811.3013998572204	0.06012160000000222	epochs	2.0
811.3013998572204	0.030164900000045236	epochs	3.0
811.3315647572205	0.02995669999995698	epochs	3.0
811.3615214572204	0.05930069999999432	epochs	2.0
811.3615214572204	0.029751600000054168	epochs	3.0
811.3912730572205	0.029549099999940154	epochs	3.0
811.4208221572204	0.05850180000004457	epochs	2.0
811.4208221572204	0.02934940000000097	epochs	3.0
811.4501715572204	0.0291524000000436	epochs	3.0
811.4793239572205	0.057724200000052406	epochs	2.0
811.4793239572205	0.028957999999988715	epochs	3.0
811.5082819572204	0.02876620000006369	epochs	3.0
811.5370481572205	0.05696709999995164	epochs	2.0
811.5370481572205	0.028576999999927466	epochs	3.0
811.5656251572204	0.028390100000024177	epochs	3.0
811.5940152572205	0.05622949999997218	epochs	2.0
811.5940152572205	0.028205699999944045	epochs	3.0
811.6222209572204	0.028023800000028132	epochs	3.0
811.6502447572204	0.05551070000001346	epochs	2.0
811.6502447572204	0.02784400000007281	epochs	3.0
811.6780887572205	0.027666699999940647	epochs	3.0
811.7057554572204	0.054810200000019904	epochs	2.0
811.7057554572204	0.02749149999999645	epochs	3.0
811.7332469572204	0.027318700000023455	epochs	3.0
811.7605656572205	0.05412699999999404	epochs	2.0
811.7605656572205	0.027147799999966082	epochs	3.0
811.7877134572204	0.02697920000002796	epochs	3.0
811.8146926572205	0.053460699999959616	epochs	2.0
811.8146926572205	0.0268125999999711	epochs	3.0
811.8415052572204	0.026648099999988517	epochs	3.0
811.8681533572204	0.05281070000000909	epochs	2.0
811.8681533572204	0.026485600000000886	epochs	3.0
811.8946389572204	0.026325100000008206	epochs	3.0
811.9209640572204	0.05217620000007628	epochs	2.0
811.9209640572204	0.026166400000079193	epochs	3.0
811.9471304572205	0.026009799999997085	epochs	3.0
811.9731402572205	0.051556699999991906	epochs	2.0
811.9731402572205	0.025854799999933675	epochs	3.0
811.9989950572204	0.02570190000005823	epochs	3.0
812.0246969572205	0.05095189999997274	epochs	2.0
812.0246969572205	0.025550699999939752	epochs	3.0
812.0502476572204	0.025401200000032986	epochs	3.0
812.0756488572205	0.05036099999995258	epochs	2.0
812.0756488572205	0.025253499999962514	epochs	3.0
812.1009023572204	0.02510749999999007	epochs	3.0
812.1260098572204	0.049783800000000156	epochs	2.0
812.1260098572204	0.02496320000000196	epochs	3.0
812.1509730572204	0.024820599999998194	epochs	3.0
812.1757936572204	0.049219500000049266	epochs	2.0
812.1757936572204	0.02467940000008184	epochs	3.0
812.2004730572205	0.024540099999967424	epochs	3.0
812.2250131572205	0.048667899999941255	epochs	2.0
812.2250131572205	0.02440209999997478	epochs	3.0
812.2494152572204	0.024265799999966475	epochs	3.0
812.2736810572204	0.04812860000004093	epochs	2.0
812.2736810572204	0.024131000000011227	epochs	3.0
812.2978120572204	0.023997600000029706	epochs	3.0
812.3218096572205	0.04760109999995166	epochs	2.0
812.3218096572205	0.023865799999953197	epochs	3.0
812.3456754572204	0.02373529999999846	epochs	3.0
812.3694107572204	0.047085000000038235	epochs	2.0
812.3694107572204	0.02360630000009678	epochs	3.0
812.3930170572205	0.023478699999941455	epochs	3.0
812.4164957572204	0.04658000000006268	epochs	2.0
812.4164957572204	0.02335249999998723	epochs	3.0
812.4398482572204	0.02322750000007545	epochs	3.0
812.4630757572205	0.04608569999993506	epochs	2.0
812.4630757572205	0.023103999999989355	epochs	3.0
812.4861797572205	0.022981699999945704	epochs	3.0
812.5091614572204	0.045601799999985815	epochs	2.0
812.5091614572204	0.022860700000023826	epochs	3.0
812.5320221572205	0.02274109999996199	epochs	3.0
812.5547632572204	0.04512790000001132	epochs	2.0
812.5547632572204	0.022622500000011314	epochs	3.0
812.5773857572204	0.02250540000000001	epochs	3.0
812.5998911572204	0.044663799999966614	epochs	2.0
812.5998911572204	0.02238929999998618	epochs	3.0
812.6222804572204	0.022274499999980435	epochs	3.0
812.6445549572204	0.04420920000006845	epochs	2.0
812.6445549572204	0.022160800000051495	epochs	3.0
812.6667157572205	0.022048400000016954	epochs	3.0
812.6887641572205	0.043763600000033875	epochs	2.0
812.6887641572205	0.021936900000014248	epochs	3.0
812.7107010572205	0.021826700000019628	epochs	3.0
812.7325277572205	0.04332709999994222	epochs	2.0
812.7325277572205	0.021717599999988124	epochs	3.0
812.7542453572205	0.021609499999954096	epochs	3.0
812.7758548572205	0.04289900000003399	epochs	2.0
812.7758548572205	0.02150249999999687	epochs	3.0
812.7973573572204	0.021396500000037122	epochs	3.0
812.8187538572205	0.042479500000013104	epochs	2.0
812.8187538572205	0.02129170000000613	epochs	3.0
812.8400455572205	0.021187800000006973	epochs	3.0
812.8612333572205	0.042067900000006375	epochs	2.0
812.8612333572205	0.02108490000000529	epochs	3.0
812.8823182572205	0.020983000000001084	epochs	3.0
812.9033012572205	0.04166439999994509	epochs	2.0
812.9033012572205	0.020882199999959994	epochs	3.0
812.9241834572205	0.020782199999985096	epochs	3.0
812.9449656572205	0.04126850000000104	epochs	2.0
812.9449656572205	0.020683299999973315	epochs	3.0
812.9656489572204	0.020585200000027726	epochs	3.0
812.9862341572205	0.04088000000001557	epochs	2.0
812.9862341572205	0.020488099999965925	epochs	3.0
813.0067222572204	0.020391900000049645	epochs	3.0
813.0271141572205	0.04049880000002304	epochs	2.0
813.0271141572205	0.020296599999937825	epochs	3.0
813.0474107572204	0.020202200000085213	epochs	3.0
813.0676129572205	0.04012460000001283	epochs	2.0
813.0676129572205	0.020108699999923374	epochs	3.0
813.0877216572204	0.02001590000008946	epochs	3.0
813.1077375572205	0.039757299999905626	epochs	2.0
813.1077375572205	0.019924199999991288	epochs	3.0
813.1276617572205	0.01983309999991434	epochs	3.0
813.1474948572204	0.03939669999999751	epochs	2.0
813.1474948572204	0.01974300000006224	epochs	3.0
813.1672378572205	0.01965369999993527	epochs	3.0
813.1868915572204	0.039042400000084854	epochs	2.0
813.1868915572204	0.01956510000002254	epochs	3.0
813.2064566572204	0.019477300000062314	epochs	3.0
813.2259339572205	0.03869459999998526	epochs	2.0
813.2259339572205	0.019390400000020236	epochs	3.0
813.2453243572205	0.01930419999996502	epochs	3.0
813.2646285572205	0.03835289999994984	epochs	2.0
813.2646285572205	0.019218799999976	epochs	3.0
813.2838473572205	0.01913409999997384	epochs	3.0
813.3029814572204	0.03801720000001296	epochs	2.0
813.3029814572204	0.019050200000037876	epochs	3.0
813.3220316572205	0.018966999999975087	epochs	3.0
813.3409986572204	0.037687200000050325	epochs	2.0
813.3409986572204	0.01888450000001285	epochs	3.0
813.3598831572205	0.018802700000037476	epochs	3.0
813.3786858572205	0.03736309999999321	epochs	2.0
813.3786858572205	0.018721700000014607	epochs	3.0
813.3974075572205	0.018641399999978603	epochs	3.0
813.4160489572205	0.03704429999993408	epochs	2.0
813.4160489572205	0.01856159999999818	epochs	3.0
813.4346105572205	0.018482699999935903	epochs	3.0
813.4530932572204	0.0367310000000316	epochs	2.0
813.4530932572204	0.018404300000042895	epochs	3.0
813.4714975572205	0.018326699999988705	epochs	3.0
813.4898242572204	0.036422900000047775	epochs	2.0
813.4898242572204	0.018249599999990096	epochs	3.0
813.5080738572204	0.01817330000005768	epochs	3.0
813.5262471572205	0.03612009999994825	epochs	2.0
813.5262471572205	0.01809759999991911	epochs	3.0
813.5443447572204	0.01802250000002914	epochs	3.0
813.5623672572204	0.03582210000001851	epochs	2.0
813.5623672572204	0.017947899999967376	epochs	3.0
813.5803151572204	0.017874200000051133	epochs	3.0
813.5981893572205	0.03552899999999681	epochs	2.0
813.5981893572205	0.017800800000031813	epochs	3.0
813.6159901572205	0.017728199999965	epochs	3.0
813.6337183572205	0.03524070000003121	epochs	2.0
813.6337183572205	0.017656099999953767	epochs	3.0
813.6513744572204	0.017584600000077444	epochs	3.0
813.6689590572205	0.03495709999992869	epochs	2.0
813.6689590572205	0.01751369999999497	epochs	3.0
813.6864727572205	0.017443399999933717	epochs	3.0
813.7039161572204	0.03467790000001969	epochs	2.0
813.7039161572204	0.017373600000041733	epochs	3.0
813.7212897572205	0.017304299999977957	epochs	3.0
813.7385940572204	0.03440330000000813	epochs	2.0
813.7385940572204	0.01723570000001473	epochs	3.0
813.7558297572205	0.0171675999999934	epochs	3.0
813.7729973572204	0.0341328000000658	epochs	2.0
813.7729973572204	0.017099900000062007	epochs	3.0
813.7900972572205	0.017032900000003792	epochs	3.0
813.8071301572205	0.033866699999975935	epochs	2.0
813.8071301572205	0.01696639999988747	epochs	3.0
813.8240965572204	0.016900300000088464	epochs	3.0
813.8409968572205	0.03360459999998966	epochs	2.0
813.8409968572205	0.01683479999996962	epochs	3.0
813.8578316572205	0.01676980000002004	epochs	3.0
813.8746014572205	0.033346599999958926	epochs	2.0
813.8746014572205	0.016705300000012357	epochs	3.0
813.8913067572205	0.01664129999994657	epochs	3.0
813.9079480572204	0.03309250000006614	epochs	2.0
813.9079480572204	0.016577800000050047	epochs	3.0
813.9245258572205	0.01651470000001609	epochs	3.0
813.9410405572205	0.03284229999997024	epochs	2.0
813.9410405572205	0.01645220000000336	epochs	3.0
813.9574927572205	0.01639009999996688	epochs	3.0
813.9738828572205	0.03259570000000167	epochs	2.0
813.9738828572205	0.016328400000020338	epochs	3.0
813.9902112572205	0.016267299999981333	epochs	3.0
814.0064785572205	0.032352899999978035	epochs	2.0
814.0064785572205	0.016206600000032267	epochs	3.0
814.0226851572205	0.016146299999945768	epochs	3.0
814.0388314572205	0.03211369999996805	epochs	2.0
814.0388314572205	0.016086599999994178	epochs	3.0
814.0549180572204	0.01602709999997387	epochs	3.0
814.0709451572204	0.03187800000000607	epochs	2.0
814.0709451572204	0.015968200000088473	epochs	3.0
814.0869133572205	0.015909799999917595	epochs	3.0
814.1028231572204	0.031645700000012766	epochs	2.0
814.1028231572204	0.01585160000001906	epochs	3.0
814.1186747572204	0.015794099999993705	epochs	3.0
814.1344688572204	0.0314167000000225	epochs	2.0
814.1344688572204	0.015736700000047676	epochs	3.0
814.1502055572205	0.015679999999974825	epochs	3.0
814.1658855572205	0.031191100000000915	epochs	2.0
814.1658855572205	0.015623600000026272	epochs	3.0
814.1815091572205	0.015567499999974643	epochs	3.0
814.1970766572205	0.030968700000016725	epochs	2.0
814.1970766572205	0.015511999999944237	epochs	3.0
814.2125886572204	0.015456700000072487	epochs	3.0
814.2280453572205	0.030749499999956242	epochs	2.0
814.2280453572205	0.015401999999994587	epochs	3.0
814.2434473572205	0.015347499999961656	epochs	3.0
814.2587948572204	0.03053320000003623	epochs	2.0
814.2587948572204	0.015293400000018664	epochs	3.0
814.2740882572205	0.015239800000017567	epochs	3.0
814.2893280572205	0.03032010000003993	epochs	2.0
814.2893280572205	0.015186500000027081	epochs	3.0
814.3045145572205	0.015133600000012848	epochs	3.0
814.3196481572205	0.030109899999956724	epochs	2.0
814.3196481572205	0.015080999999895539	epochs	3.0
814.3347291572204	0.015028900000061185	epochs	3.0
814.3497580572205	0.029902499999934662	epochs	2.0
814.3497580572205	0.014977000000044427	epochs	3.0
814.3647350572205	0.014925499999890235	epochs	3.0
814.3796605572204	0.029698100000018712	epochs	2.0
814.3796605572204	0.014874400000053356	epochs	3.0
814.3945349572205	0.014823699999965356	epochs	3.0
814.4093586572204	0.02949630000000525	epochs	2.0
814.4093586572204	0.014773200000036013	epochs	3.0
814.4241318572205	0.014723099999969236	epochs	3.0
814.4388549572204	0.02929740000001857	epochs	2.0
814.4388549572204	0.014673399999992398	epochs	3.0
814.4535283572204	0.014624000000026172	epochs	3.0
814.4681523572204	0.029101100000048064	epochs	2.0
814.4681523572204	0.01457489999995687	epochs	3.0
814.4827272572204	0.014526200000091194	epochs	3.0
814.4972534572205	0.028907399999980044	epochs	2.0
814.4972534572205	0.014477699999929428	epochs	3.0
814.5117311572204	0.014429700000050616	epochs	3.0
814.5261608572205	0.028716199999962555	epochs	2.0
814.5261608572205	0.014381800000023759	epochs	3.0
814.5405426572205	0.014334399999938796	epochs	3.0
814.5548770572204	0.028527600000074926	epochs	2.0
814.5548770572204	0.01428720000001249	epochs	3.0
814.5691642572205	0.014240400000062436	epochs	3.0
814.5834046572205	0.028341399999931127	epochs	2.0
814.5834046572205	0.014193799999929979	epochs	3.0
814.5975984572204	0.014147600000001148	epochs	3.0
814.6117460572204	0.028157700000065233	epochs	2.0
814.6117460572204	0.014101699999969242	epochs	3.0
814.6258477572204	0.014056000000095992	epochs	3.0
814.6399037572205	0.027976299999977527	epochs	2.0
814.6399037572205	0.014010599999892293	epochs	3.0
814.6539143572204	0.013965700000085235	epochs	3.0
814.6678800572205	0.02779720000000907	epochs	2.0
814.6678800572205	0.013920799999937117	epochs	3.0
814.6818008572204	0.013876400000071953	epochs	3.0
814.6956772572205	0.027620399999932488	epochs	2.0
814.6956772572205	0.0138321999999107	epochs	3.0
814.7095094572204	0.013788200000021789	epochs	3.0
814.7232976572204	0.027445899999975154	epochs	2.0
814.7232976572204	0.013744599999995444	epochs	3.0
814.7370422572204	0.01370129999997971	epochs	3.0
814.7507435572204	0.0272735000000921	epochs	2.0
814.7507435572204	0.013658200000008947	epochs	3.0
814.7644017572204	0.013615300000083153	epochs	3.0
814.7780170572205	0.027103399999987232	epochs	2.0
814.7780170572205	0.013572800000019924	epochs	3.0
814.7915898572205	0.013530599999967308	epochs	3.0
814.8051204572205	0.02693520000002536	epochs	2.0
814.8051204572205	0.013488400000028378	epochs	3.0
814.8186088572205	0.013446799999996983	epochs	3.0
814.8320556572205	0.026769199999989723	epochs	2.0
814.8320556572205	0.013405199999965589	epochs	3.0
814.8454608572205	0.013364000000024134	epochs	3.0
814.8588248572205	0.026605199999949036	epochs	2.0
814.8588248572205	0.013322899999934634	epochs	3.0
814.8721477572204	0.013282300000014402	epochs	3.0
814.8854300572204	0.026443200000016986	epochs	2.0
814.8854300572204	0.013241699999980483	epochs	3.0
814.8986717572204	0.013201500000036503	epochs	3.0
814.9118732572205	0.0262831999999662	epochs	2.0
814.9118732572205	0.013161500000023807	epochs	3.0
814.9250347572205	0.013121699999942393	epochs	3.0
814.9381564572204	0.02612499999997908	epochs	2.0
814.9381564572204	0.013082100000019636	epochs	3.0
814.9512385572204	0.013042899999959445	epochs	3.0
814.9642814572204	0.025968900000066242	epochs	2.0
814.9642814572204	0.01300390000005791	epochs	3.0
814.9772853572205	0.012965000000008331	epochs	3.0
814.9902503572205	0.025814500000024054	epochs	2.0
814.9902503572205	0.012926399999969362	epochs	3.0
815.0031767572204	0.012888100000054692	epochs	3.0
815.0160648572205	0.025661899999931848	epochs	2.0
815.0160648572205	0.012849899999991976	epochs	3.0
815.0289147572205	0.012811999999939871	epochs	3.0
815.0417267572204	0.025511199999982637	epochs	2.0
815.0417267572204	0.012774400000012065	epochs	3.0
815.0545011572204	0.012736799999970572	epochs	3.0
815.0672379572204	0.025362300000097093	epochs	2.0
815.0672379572204	0.012699700000098346	epochs	3.0
815.0799376572205	0.012662599999998747	epochs	3.0
815.0926002572205	0.025215000000002874	epochs	2.0
815.0926002572205	0.01262579999990976	epochs	3.0
815.1052260572204	0.012589200000093115	epochs	3.0
815.1178152572205	0.024584799999956886	epochs	2.0
815.1415491572204	0.5	epochs	-1.0
815.1424000572205	0.9999199999999746	epochs	1.0
815.6415491572204	0.5	epochs	-1.0
817.0710000991821	0.20240000000001146	epochs	0.0
817.0710000991821	0.09620070000005398	epochs	1.0
817.1672007991822	0.00999859999990349	epochs	1.0
817.1771993991821	0.09620070000005398	epochs	1.0
817.2734000991821	2.0	epochs	0.0
819.2734000991821	0.557360000000017	epochs	0.0
819.2734000991821	0.557360000000017	epochs	1.0
819.2734291991821	0.5	epochs	-1.0
819.7734291991821	0.05733090000001084	epochs	-1.0
819.8307600991822	21.442559999999958	epochs	0.0
820.6799998283386	0.20240000000001146	epochs	0.0
820.6799998283386	0.09620070000005398	epochs	1.0
820.7762005283387	0.00999859999990349	epochs	1.0
820.7861991283386	0.09620070000005398	epochs	1.0
820.8823998283386	2.0	epochs	0.0
822.8823998283386	0.5175199999999904	epochs	0.0
822.8823998283386	0.5175199999999904	epochs	1.0
822.8824289283386	0.5	epochs	-1.0
823.3824289283386	0.017490899999984322	epochs	-1.0
823.3999198283386	21.482399999999984	epochs	0.0
824.4629998207092	0.20240000000001146	epochs	0.0
824.4629998207092	0.09620070000005398	epochs	1.0
824.5592005207093	0.00999859999990349	epochs	1.0
824.5691991207092	0.09620070000005398	epochs	1.0
824.6653998207092	2.0	epochs	0.0
826.6653998207092	0.5579999999999927	epochs	0.0
826.6653998207092	0.5579999999999927	epochs	1.0
826.6654289207092	0.5	epochs	-1.0
827.1654289207092	0.057970899999986614	epochs	-1.0
827.2233998207092	21.441919999999982	epochs	0.0
837.4710001945496	0.20240000000001146	epochs	0.0
837.4710001945496	0.09620070000005398	epochs	1.0
837.5672008945496	0.00999859999990349	epochs	1.0
837.5771994945495	0.09620070000005398	epochs	1.0
837.6734001945496	2.0	epochs	0.0
839.6734001945496	1.6575199999999768	epochs	0.0
839.6734001945496	1.0	epochs	1.0
839.6734292945496	0.5	epochs	-1.0
840.1734292945496	1.1574908999999707	epochs	-1.0
840.6734001945496	0.6575199999999768	epochs	-1.0
840.6734001945496	0.6575199999999768	epochs	1.0
840.6734001945496	0.6575199999999768	epochs	2.0
840.6734001945496	0.6575199999999768	epochs	3.0
841.3309201945495	20.342399999999998	epochs	0.0
842.188000202179	0.20240000000001146	epochs	0.0
842.188000202179	0.09620070000005398	epochs	1.0
842.284200902179	0.00999859999990349	epochs	1.0
842.2941995021789	0.09620070000005398	epochs	1.0
842.390400202179	2.0	epochs	0.0
844.390400202179	5.356800000000021	epochs	0.0
844.390400202179	1.0	epochs	1.0
844.390429302179	0.5	epochs	-1.0
844.890429302179	4.856770900000015	epochs	-1.0
845.390400202179	4.356800000000021	epochs	1.0
845.390400202179	4.356753899999944	epochs	-1.0
845.390400202179	1.9745871999999736	epochs	2.0
845.390400202179	1.0985621999999466	epochs	3.0
846.4889624021789	0.8760250000000269	epochs	3.0
847.3649874021789	1.3524075000000266	epochs	2.0
847.3649874021789	0.7286354999999958	epochs	3.0
848.0936229021789	0.6237720000000309	epochs	3.0
848.717394902179	1.029759199999944	epochs	2.0
848.717394902179	0.5453292999999348	epochs	3.0
849.2627242021789	0.4844299000000092	epochs	3.0
849.7471541021789	4.610000007687631e-05	epochs	2.0
849.7471541021789	4.610000007687631e-05	epochs	3.0
849.747200202179	16.643119999999954	epochs	0.0
850.5920000076294	0.20240000000001146	epochs	0.0
850.5920000076294	0.09620070000005398	epochs	1.0
850.6882007076294	0.00999859999990349	epochs	1.0
850.6981993076294	0.09620070000005398	epochs	1.0
850.7944000076294	2.0	epochs	0.0
852.7944000076294	21.999919999999975	epochs	0.0
852.7944000076294	1.0	epochs	1.0
852.7944291076294	0.5	epochs	-1.0
853.2944291076294	19.99896000000001	epochs	-1.0
853.7944000076294	20.0	epochs	1.0
853.7944000076294	4.356753899999944	epochs	-1.0
853.7944000076294	1.9745871999999736	epochs	2.0
853.7944000076294	1.0985621999999466	epochs	3.0
854.8929622076294	0.8760250000000269	epochs	3.0
855.7689872076294	1.3524075000000266	epochs	2.0
855.7689872076294	0.7286354999999958	epochs	3.0
856.4976227076294	0.6237720000000309	epochs	3.0
857.1213947076294	1.029759199999944	epochs	2.0
857.1213947076294	0.5453292999999348	epochs	3.0
857.6667240076293	0.4844299000000092	epochs	3.0
858.1511539076294	0.8317862000000105	epochs	2.0
858.1511539076294	0.4357763000000432	epochs	3.0
858.5869302076294	0.3960098999999673	epochs	3.0
858.9829401076294	0.6977970000000369	epochs	2.0
858.9829401076294	0.3628982000000178	epochs	3.0
859.3458383076294	0.33489880000001904	epochs	3.0
859.6807371076294	0.601045699999986	epochs	2.0
859.6807371076294	0.3109123000000409	epochs	3.0
859.9916494076294	0.29013339999994514	epochs	3.0
860.2817828076294	0.5278859000000011	epochs	2.0
860.2817828076294	0.2719586000000618	epochs	3.0
860.5537414076294	0.25592729999993935	epochs	3.0
860.8096687076294	0.4706193000000667	epochs	2.0
860.8096687076294	0.241681299999982	epochs	3.0
861.0513500076294	0.22893800000008468	epochs	3.0
861.2802880076295	0.42457039999999324	epochs	2.0
861.2802880076295	0.2174713999999085	epochs	3.0
861.4977594076294	0.20709900000008474	epochs	3.0
861.7048584076294	0.3867353999999068	epochs	2.0
861.7048584076294	0.19767109999997956	epochs	3.0
861.9025295076294	0.18906429999992724	epochs	3.0
862.0915938076294	0.3550953000000163	epochs	2.0
862.0915938076294	0.18117590000008477	epochs	3.0
862.2727697076294	0.17391939999993156	epochs	3.0
862.4466891076294	0.3282431000000088	epochs	2.0
862.4466891076294	0.1672219000000723	epochs	3.0
862.6139110076294	0.16102119999993647	epochs	3.0
862.7749322076294	0.30516799999998057	epochs	2.0
862.7749322076294	0.15526390000002266	epochs	3.0
862.9301961076294	0.1499040999999579	epochs	3.0
863.0801002076294	0.28512530000000424	epochs	2.0
863.0801002076294	0.1449021000000812	epochs	3.0
863.2250023076294	0.14022319999992305	epochs	3.0
863.3652255076294	0.267553800000087	epochs	2.0
863.3652255076294	0.1358369000000721	epochs	3.0
863.5010624076294	0.1317169000000149	epochs	3.0
863.6327793076294	0.252022899999929	epochs	2.0
863.6327793076294	0.1278392999998914	epochs	3.0
863.7606186076293	0.12418360000003759	epochs	3.0
863.8848022076294	0.23819650000007186	epochs	2.0
863.8848022076294	0.12073110000005727	epochs	3.0
864.0055333076294	0.1174654000000146	epochs	3.0
864.1229987076294	0.2258087999999816	epochs	2.0
864.1229987076294	0.1143718999999237	epochs	3.0
864.2373706076294	0.1114369000000579	epochs	3.0
864.3488075076294	0.2146460000000161	epochs	2.0
864.3488075076294	0.10864889999993466	epochs	3.0
864.4574564076294	0.10599710000008145	epochs	3.0
864.5634535076294	0.20453499999996438	epochs	2.0
864.5634535076294	0.10347149999995509	epochs	3.0
864.6669250076294	0.1010635000000093	epochs	3.0
864.7679885076294	0.19533400000000256	epochs	2.0
864.7679885076294	0.09876510000003691	epochs	3.0
864.8667536076294	0.09656889999996565	epochs	3.0
864.9633225076294	0.18692529999998442	epochs	2.0
864.9633225076294	0.09446830000001682	epochs	3.0
865.0577908076294	0.09245699999996759	epochs	3.0
865.1502478076294	0.17921069999999872	epochs	2.0
865.1502478076294	0.09052959999996801	epochs	3.0
865.2407774076294	0.08868110000003071	epochs	3.0
865.3294585076294	0.17210769999996955	epochs	2.0
865.3294585076294	0.08690630000000965	epochs	3.0
865.4163648076294	0.0852013999999599	epochs	3.0
865.5015662076294	0.16554640000003928	epochs	2.0
865.5015662076294	0.08356190000006336	epochs	3.0
865.5851281076294	0.08198449999997592	epochs	3.0
865.6671126076294	0.15946710000002895	epochs	2.0
865.6671126076294	0.08046539999998004	epochs	3.0
865.7475780076294	0.07900170000004891	epochs	3.0
865.8265797076294	0.15381839999997737	epochs	2.0
865.8265797076294	0.07759009999995214	epochs	3.0
865.9041698076294	0.07622830000002523	epochs	3.0
865.9803981076294	0.14855639999996129	epochs	2.0
865.9803981076294	0.07491329999993468	epochs	3.0
866.0553114076293	0.0736431000000266	epochs	3.0
866.1289545076294	0.14364239999997608	epochs	2.0
866.1289545076294	0.07241499999997814	epochs	3.0
866.2013695076294	0.07122739999999794	epochs	3.0
866.2725969076293	0.13904310000009446	epochs	2.0
866.2725969076293	0.07007800000008046	epochs	3.0
866.3426749076294	0.06896510000001399	epochs	3.0
866.4116400076294	0.1347293000000036	epochs	2.0
866.4116400076294	0.06788709999989351	epochs	3.0
866.4795271076293	0.0668422000001101	epochs	3.0
866.5463693076294	0.13067519999992783	epochs	2.0
866.5463693076294	0.06582909999997355	epochs	3.0
866.6121984076294	0.06484609999995428	epochs	3.0
866.6770445076294	0.12685780000003888	epochs	2.0
866.6770445076294	0.06389200000000983	epochs	3.0
866.7409365076294	0.06296580000002905	epochs	3.0
866.8039023076294	0.12325720000001184	epochs	2.0
866.8039023076294	0.06206580000002759	epochs	3.0
866.8659681076294	0.06119139999998424	epochs	3.0
866.9271595076294	0.11985540000000583	epochs	2.0
866.9271595076294	0.060341099999959624	epochs	3.0
866.9875006076294	0.059514300000046205	epochs	3.0
867.0470149076294	0.11663620000001629	epochs	2.0
867.0470149076294	0.058709599999929196	epochs	3.0
867.1057245076294	0.05792660000008709	epochs	3.0
867.1636511076294	0.11358559999996487	epochs	2.0
867.1636511076294	0.05716419999998834	epochs	3.0
867.2208153076294	0.05642139999997653	epochs	3.0
867.2772367076294	0.11069050000003244	epochs	2.0
867.2772367076294	0.05569789999992736	epochs	3.0
867.3329346076293	0.054992600000105085	epochs	3.0
867.3879272076294	0.10793909999995321	epochs	2.0
867.3879272076294	0.05430489999992005	epochs	3.0
867.4422321076294	0.05363420000003316	epochs	3.0
867.4958663076294	0.10532149999994544	epochs	2.0
867.4958663076294	0.05298000000004777	epochs	3.0
867.5488463076294	0.05234149999989768	epochs	3.0
867.6011878076293	0.10282760000006874	epochs	2.0
867.6011878076293	0.05171810000001642	epochs	3.0
867.6529059076294	0.05110950000005232	epochs	3.0
867.7040154076294	0.10044909999999163	epochs	2.0
867.7040154076294	0.05051489999993919	epochs	3.0
867.7545303076294	0.04993420000005244	epochs	3.0
867.8044645076294	0.0981782999999723	epochs	2.0
867.8044645076294	0.04936659999998483	epochs	3.0
867.8538311076294	0.04881169999998747	epochs	3.0
867.9026428076294	0.09600780000005216	epochs	2.0
867.9026428076294	0.04826920000004975	epochs	3.0
867.9509120076294	0.04773860000000241	epochs	3.0
867.9986506076294	0.09393119999992905	epochs	2.0
867.9986506076294	0.04721949999998287	epochs	3.0
868.0458701076294	0.04671169999994618	epochs	3.0
868.0925818076294	0.09194260000003851	epochs	2.0
868.0925818076294	0.046214599999984785	epochs	3.0
868.1387964076293	0.045728000000053726	epochs	3.0
868.1845244076294	0.09003629999995155	epochs	2.0
868.1845244076294	0.045251499999949374	epochs	3.0
868.2297759076293	0.04478480000000218	epochs	3.0
868.2745607076293	0.08820760000003247	epochs	2.0
868.2745607076293	0.044327800000019124	epochs	3.0
868.3188885076294	0.04387980000001335	epochs	3.0
868.3627683076294	0.0864516999999978	epochs	2.0
868.3627683076294	0.04344100000002982	epochs	3.0
868.4062093076294	0.04301069999996798	epochs	3.0
868.4492200076294	0.0847643000000744	epochs	2.0
868.4492200076294	0.04258900000002086	epochs	3.0
868.4918090076294	0.04217530000005354	epochs	3.0
868.5339843076295	0.08314149999989695	epochs	2.0
868.5339843076295	0.041769699999917975	epochs	3.0
868.5757540076294	0.041371799999978975	epochs	3.0
868.6171258076293	0.08157970000002024	epochs	2.0
868.6171258076293	0.04098140000007788	epochs	3.0
868.6581072076294	0.040598299999942355	epochs	3.0
868.6987055076294	0.08007550000002084	epochs	2.0
868.6987055076294	0.04022229999998217	epochs	3.0
868.7389278076294	0.03985320000003867	epochs	3.0
868.7787810076294	0.07862569999997504	epochs	2.0
868.7787810076294	0.0394907999999532	epochs	3.0
868.8182718076293	0.039134900000021844	epochs	3.0
868.8574067076294	0.07722760000001472	epochs	2.0
868.8574067076294	0.038785400000051595	epochs	3.0
868.8961921076294	0.03844219999996312	epochs	3.0
868.9346343076294	0.07587820000003376	epochs	2.0
868.9346343076294	0.038104800000041905	epochs	3.0
868.9727391076294	0.03777339999999185	epochs	3.0
869.0105125076294	0.0745752000000266	epochs	2.0
869.0105125076294	0.03744770000002973	epochs	3.0
869.0479602076294	0.03712749999999687	epochs	3.0
869.0850877076294	0.07331629999998768	epochs	2.0
869.0850877076294	0.036812899999972615	epochs	3.0
869.1219006076294	0.03650340000001506	epochs	3.0
869.1584040076294	0.07209899999998015	epochs	2.0
869.1584040076294	0.03619909999997617	epochs	3.0
869.1946031076294	0.03589990000000398	epochs	3.0
869.2305030076294	0.07092169999998532	epochs	2.0
869.2305030076294	0.03560559999993984	epochs	3.0
869.2661086076293	0.03531610000004548	epochs	3.0
869.3014247076294	0.06978200000003199	epochs	2.0
869.3014247076294	0.03503120000004856	epochs	3.0
869.3364559076294	0.03475079999998343	epochs	3.0
869.3712067076294	0.06867859999999837	epochs	2.0
869.3712067076294	0.03447510000000875	epochs	3.0
869.4056818076294	0.03420349999998962	epochs	3.0
869.4398853076294	0.06760929999995824	epochs	2.0
869.4398853076294	0.033936199999970995	epochs	3.0
869.4738215076294	0.033673099999987244	epochs	3.0
869.5074946076294	0.06657289999998284	epochs	2.0
869.5074946076294	0.03341399999999339	epochs	3.0
869.5409086076294	0.033158899999989444	epochs	3.0
869.5740675076294	0.06556780000005347	epochs	2.0
869.5740675076294	0.032907700000009754	epochs	3.0
869.6069752076294	0.03266010000004371	epochs	3.0
869.6396353076294	0.06459259999996902	epochs	2.0
869.6396353076294	0.032416399999988244	epochs	3.0
869.6720517076294	0.03217619999998078	epochs	3.0
869.7042279076294	0.0636459999999488	epochs	2.0
869.7042279076294	0.03193959999998697	epochs	3.0
869.7361675076294	0.03170639999996183	epochs	3.0
869.7678739076293	0.06272670000009839	epochs	2.0
869.7678739076293	0.03147660000001906	epochs	3.0
869.7993505076294	0.03125010000007933	epochs	3.0
869.8306006076294	0.06183359999999993	epochs	2.0
869.8306006076294	0.03102689999991526	epochs	3.0
869.8616275076294	0.030806700000084675	epochs	3.0
869.8924342076294	0.060965599999917686	epochs	2.0
869.8924342076294	0.030589799999916067	epochs	3.0
869.9230240076294	0.030375800000001618	epochs	3.0
869.9533998076294	0.06012160000000222	epochs	2.0
869.9533998076294	0.030164900000045236	epochs	3.0
869.9835647076294	0.02995669999995698	epochs	3.0
870.0135214076294	0.05930069999999432	epochs	2.0
870.0135214076294	0.029751600000054168	epochs	3.0
870.0432730076294	0.029549099999940154	epochs	3.0
870.0728221076293	0.05850180000004457	epochs	2.0
870.0728221076293	0.02934940000000097	epochs	3.0
870.1021715076294	0.0291524000000436	epochs	3.0
870.1313239076294	0.057724200000052406	epochs	2.0
870.1313239076294	0.028957999999988715	epochs	3.0
870.1602819076294	0.02876620000006369	epochs	3.0
870.1890481076294	0.05696709999995164	epochs	2.0
870.1890481076294	0.028576999999927466	epochs	3.0
870.2176251076294	0.028390100000024177	epochs	3.0
870.2460152076294	0.05622949999997218	epochs	2.0
870.2460152076294	0.028205699999944045	epochs	3.0
870.2742209076293	0.028023800000028132	epochs	3.0
870.3022447076294	0.05551070000001346	epochs	2.0
870.3022447076294	0.02784400000007281	epochs	3.0
870.3300887076294	0.027666699999940647	epochs	3.0
870.3577554076294	0.054810200000019904	epochs	2.0
870.3577554076294	0.02749149999999645	epochs	3.0
870.3852469076294	0.027318700000023455	epochs	3.0
870.4125656076294	0.05412699999999404	epochs	2.0
870.4125656076294	0.027147799999966082	epochs	3.0
870.4397134076294	0.02697920000002796	epochs	3.0
870.4666926076294	0.053460699999959616	epochs	2.0
870.4666926076294	0.0268125999999711	epochs	3.0
870.4935052076294	0.026648099999988517	epochs	3.0
870.5201533076294	0.05281070000000909	epochs	2.0
870.5201533076294	0.026485600000000886	epochs	3.0
870.5466389076294	0.026325100000008206	epochs	3.0
870.5729640076294	0.05217620000007628	epochs	2.0
870.5729640076294	0.026166400000079193	epochs	3.0
870.5991304076294	0.026009799999997085	epochs	3.0
870.6251402076294	0.051556699999991906	epochs	2.0
870.6251402076294	0.025854799999933675	epochs	3.0
870.6509950076294	0.02570190000005823	epochs	3.0
870.6766969076294	0.05095189999997274	epochs	2.0
870.6766969076294	0.025550699999939752	epochs	3.0
870.7022476076294	0.025401200000032986	epochs	3.0
870.7276488076294	0.05036099999995258	epochs	2.0
870.7276488076294	0.025253499999962514	epochs	3.0
870.7529023076294	0.02510749999999007	epochs	3.0
870.7780098076294	0.049783800000000156	epochs	2.0
870.7780098076294	0.02496320000000196	epochs	3.0
870.8029730076294	0.024820599999998194	epochs	3.0
870.8277936076294	0.049219500000049266	epochs	2.0
870.8277936076294	0.02467940000008184	epochs	3.0
870.8524730076294	0.024540099999967424	epochs	3.0
870.8770131076294	0.048667899999941255	epochs	2.0
870.8770131076294	0.02440209999997478	epochs	3.0
870.9014152076294	0.024265799999966475	epochs	3.0
870.9256810076294	0.04812860000004093	epochs	2.0
870.9256810076294	0.024131000000011227	epochs	3.0
870.9498120076294	0.023997600000029706	epochs	3.0
870.9738096076294	0.04760109999995166	epochs	2.0
870.9738096076294	0.023865799999953197	epochs	3.0
870.9976754076293	0.02373529999999846	epochs	3.0
871.0214107076293	0.047085000000038235	epochs	2.0
871.0214107076293	0.02360630000009678	epochs	3.0
871.0450170076294	0.023478699999941455	epochs	3.0
871.0684957076294	0.04658000000006268	epochs	2.0
871.0684957076294	0.02335249999998723	epochs	3.0
871.0918482076294	0.02322750000007545	epochs	3.0
871.1150757076294	0.04608569999993506	epochs	2.0
871.1150757076294	0.023103999999989355	epochs	3.0
871.1381797076294	0.022981699999945704	epochs	3.0
871.1611614076294	0.045601799999985815	epochs	2.0
871.1611614076294	0.022860700000023826	epochs	3.0
871.1840221076294	0.02274109999996199	epochs	3.0
871.2067632076294	0.04512790000001132	epochs	2.0
871.2067632076294	0.022622500000011314	epochs	3.0
871.2293857076294	0.02250540000000001	epochs	3.0
871.2518911076294	0.044663799999966614	epochs	2.0
871.2518911076294	0.02238929999998618	epochs	3.0
871.2742804076294	0.022274499999980435	epochs	3.0
871.2965549076293	0.04420920000006845	epochs	2.0
871.2965549076293	0.022160800000051495	epochs	3.0
871.3187157076294	0.022048400000016954	epochs	3.0
871.3407641076294	0.043763600000033875	epochs	2.0
871.3407641076294	0.021936900000014248	epochs	3.0
871.3627010076294	0.021826700000019628	epochs	3.0
871.3845277076294	0.04332709999994222	epochs	2.0
871.3845277076294	0.021717599999988124	epochs	3.0
871.4062453076294	0.021609499999954096	epochs	3.0
871.4278548076294	0.04289900000003399	epochs	2.0
871.4278548076294	0.02150249999999687	epochs	3.0
871.4493573076294	0.021396500000037122	epochs	3.0
871.4707538076294	0.042479500000013104	epochs	2.0
871.4707538076294	0.02129170000000613	epochs	3.0
871.4920455076294	0.021187800000006973	epochs	3.0
871.5132333076294	0.042067900000006375	epochs	2.0
871.5132333076294	0.02108490000000529	epochs	3.0
871.5343182076294	0.020983000000001084	epochs	3.0
871.5553012076294	0.04166439999994509	epochs	2.0
871.5553012076294	0.020882199999959994	epochs	3.0
871.5761834076294	0.020782199999985096	epochs	3.0
871.5969656076294	0.04126850000000104	epochs	2.0
871.5969656076294	0.020683299999973315	epochs	3.0
871.6176489076294	0.020585200000027726	epochs	3.0
871.6382341076294	0.04088000000001557	epochs	2.0
871.6382341076294	0.020488099999965925	epochs	3.0
871.6587222076294	0.020391900000049645	epochs	3.0
871.6791141076294	0.04049880000002304	epochs	2.0
871.6791141076294	0.020296599999937825	epochs	3.0
871.6994107076293	0.020202200000085213	epochs	3.0
871.7196129076294	0.04012460000001283	epochs	2.0
871.7196129076294	0.020108699999923374	epochs	3.0
871.7397216076293	0.02001590000008946	epochs	3.0
871.7597375076294	0.039757299999905626	epochs	2.0
871.7597375076294	0.019924199999991288	epochs	3.0
871.7796617076294	0.01983309999991434	epochs	3.0
871.7994948076293	0.03939669999999751	epochs	2.0
871.7994948076293	0.01974300000006224	epochs	3.0
871.8192378076294	0.01965369999993527	epochs	3.0
871.8388915076293	0.039042400000084854	epochs	2.0
871.8388915076293	0.01956510000002254	epochs	3.0
871.8584566076294	0.019477300000062314	epochs	3.0
871.8779339076294	0.03869459999998526	epochs	2.0
871.8779339076294	0.019390400000020236	epochs	3.0
871.8973243076294	0.01930419999996502	epochs	3.0
871.9166285076294	0.03835289999994984	epochs	2.0
871.9166285076294	0.019218799999976	epochs	3.0
871.9358473076294	0.01913409999997384	epochs	3.0
871.9549814076294	0.03801720000001296	epochs	2.0
871.9549814076294	0.019050200000037876	epochs	3.0
871.9740316076294	0.018966999999975087	epochs	3.0
871.9929986076294	0.037687200000050325	epochs	2.0
871.9929986076294	0.01888450000001285	epochs	3.0
872.0118831076294	0.018802700000037476	epochs	3.0
872.0306858076294	0.03736309999999321	epochs	2.0
872.0306858076294	0.018721700000014607	epochs	3.0
872.0494075076294	0.018641399999978603	epochs	3.0
872.0680489076294	0.03704429999993408	epochs	2.0
872.0680489076294	0.01856159999999818	epochs	3.0
872.0866105076294	0.018482699999935903	epochs	3.0
872.1050932076294	0.0367310000000316	epochs	2.0
872.1050932076294	0.018404300000042895	epochs	3.0
872.1234975076294	0.018326699999988705	epochs	3.0
872.1418242076294	0.036422900000047775	epochs	2.0
872.1418242076294	0.018249599999990096	epochs	3.0
872.1600738076294	0.01817330000005768	epochs	3.0
872.1782471076294	0.03612009999994825	epochs	2.0
872.1782471076294	0.01809759999991911	epochs	3.0
872.1963447076294	0.01802250000002914	epochs	3.0
872.2143672076294	0.03582210000001851	epochs	2.0
872.2143672076294	0.017947899999967376	epochs	3.0
872.2323151076293	0.017874200000051133	epochs	3.0
872.2501893076294	0.03552899999999681	epochs	2.0
872.2501893076294	0.017800800000031813	epochs	3.0
872.2679901076294	0.017728199999965	epochs	3.0
872.2857183076294	0.03524070000003121	epochs	2.0
872.2857183076294	0.017656099999953767	epochs	3.0
872.3033744076293	0.017584600000077444	epochs	3.0
872.3209590076294	0.03495709999992869	epochs	2.0
872.3209590076294	0.01751369999999497	epochs	3.0
872.3384727076294	0.017443399999933717	epochs	3.0
872.3559161076294	0.03467790000001969	epochs	2.0
872.3559161076294	0.017373600000041733	epochs	3.0
872.3732897076294	0.017304299999977957	epochs	3.0
872.3905940076294	0.03440330000000813	epochs	2.0
872.3905940076294	0.01723570000001473	epochs	3.0
872.4078297076294	0.0171675999999934	epochs	3.0
872.4249973076294	0.0341328000000658	epochs	2.0
872.4249973076294	0.017099900000062007	epochs	3.0
872.4420972076294	0.017032900000003792	epochs	3.0
872.4591301076294	0.033866699999975935	epochs	2.0
872.4591301076294	0.01696639999988747	epochs	3.0
872.4760965076293	0.016900300000088464	epochs	3.0
872.4929968076294	0.03360459999998966	epochs	2.0
872.4929968076294	0.01683479999996962	epochs	3.0
872.5098316076294	0.01676980000002004	epochs	3.0
872.5266014076294	0.033346599999958926	epochs	2.0
872.5266014076294	0.016705300000012357	epochs	3.0
872.5433067076294	0.01664129999994657	epochs	3.0
872.5599480076294	0.03309250000006614	epochs	2.0
872.5599480076294	0.016577800000050047	epochs	3.0
872.5765258076294	0.01651470000001609	epochs	3.0
872.5930405076294	0.03284229999997024	epochs	2.0
872.5930405076294	0.01645220000000336	epochs	3.0
872.6094927076294	0.01639009999996688	epochs	3.0
872.6258828076294	0.03259570000000167	epochs	2.0
872.6258828076294	0.016328400000020338	epochs	3.0
872.6422112076294	0.016267299999981333	epochs	3.0
872.6584785076294	0.032352899999978035	epochs	2.0
872.6584785076294	0.016206600000032267	epochs	3.0
872.6746851076294	0.016146299999945768	epochs	3.0
872.6908314076294	0.03211369999996805	epochs	2.0
872.6908314076294	0.016086599999994178	epochs	3.0
872.7069180076294	0.01602709999997387	epochs	3.0
872.7229451076294	0.03187800000000607	epochs	2.0
872.7229451076294	0.015968200000088473	epochs	3.0
872.7389133076294	0.015909799999917595	epochs	3.0
872.7548231076294	0.031645700000012766	epochs	2.0
872.7548231076294	0.01585160000001906	epochs	3.0
872.7706747076294	0.015794099999993705	epochs	3.0
872.7864688076294	0.0314167000000225	epochs	2.0
872.7864688076294	0.015736700000047676	epochs	3.0
872.8022055076294	0.015679999999974825	epochs	3.0
872.8178855076294	0.031191100000000915	epochs	2.0
872.8178855076294	0.015623600000026272	epochs	3.0
872.8335091076294	0.015567499999974643	epochs	3.0
872.8490766076294	0.030968700000016725	epochs	2.0
872.8490766076294	0.015511999999944237	epochs	3.0
872.8645886076293	0.015456700000072487	epochs	3.0
872.8800453076294	0.030749499999956242	epochs	2.0
872.8800453076294	0.015401999999994587	epochs	3.0
872.8954473076294	0.015347499999961656	epochs	3.0
872.9107948076294	0.03053320000003623	epochs	2.0
872.9107948076294	0.015293400000018664	epochs	3.0
872.9260882076294	0.015239800000017567	epochs	3.0
872.9413280076294	0.03032010000003993	epochs	2.0
872.9413280076294	0.015186500000027081	epochs	3.0
872.9565145076294	0.015133600000012848	epochs	3.0
872.9716481076294	0.030109899999956724	epochs	2.0
872.9716481076294	0.015080999999895539	epochs	3.0
872.9867291076293	0.015028900000061185	epochs	3.0
873.0017580076294	0.029902499999934662	epochs	2.0
873.0017580076294	0.014977000000044427	epochs	3.0
873.0167350076294	0.014925499999890235	epochs	3.0
873.0316605076293	0.029698100000018712	epochs	2.0
873.0316605076293	0.014874400000053356	epochs	3.0
873.0465349076294	0.014823699999965356	epochs	3.0
873.0613586076294	0.02949630000000525	epochs	2.0
873.0613586076294	0.014773200000036013	epochs	3.0
873.0761318076294	0.014723099999969236	epochs	3.0
873.0908549076294	0.02929740000001857	epochs	2.0
873.0908549076294	0.014673399999992398	epochs	3.0
873.1055283076294	0.014624000000026172	epochs	3.0
873.1201523076294	0.029101100000048064	epochs	2.0
873.1201523076294	0.01457489999995687	epochs	3.0
873.1347272076293	0.014526200000091194	epochs	3.0
873.1492534076294	0.028907399999980044	epochs	2.0
873.1492534076294	0.014477699999929428	epochs	3.0
873.1637311076294	0.014429700000050616	epochs	3.0
873.1781608076294	0.028716199999962555	epochs	2.0
873.1781608076294	0.014381800000023759	epochs	3.0
873.1925426076294	0.014334399999938796	epochs	3.0
873.2068770076294	0.028527600000074926	epochs	2.0
873.2068770076294	0.01428720000001249	epochs	3.0
873.2211642076294	0.014240400000062436	epochs	3.0
873.2354046076294	0.028341399999931127	epochs	2.0
873.2354046076294	0.014193799999929979	epochs	3.0
873.2495984076294	0.014147600000001148	epochs	3.0
873.2637460076294	0.028157700000065233	epochs	2.0
873.2637460076294	0.014101699999969242	epochs	3.0
873.2778477076293	0.014056000000095992	epochs	3.0
873.2919037076294	0.027976299999977527	epochs	2.0
873.2919037076294	0.014010599999892293	epochs	3.0
873.3059143076293	0.013965700000085235	epochs	3.0
873.3198800076294	0.02779720000000907	epochs	2.0
873.3198800076294	0.013920799999937117	epochs	3.0
873.3338008076294	0.013876400000071953	epochs	3.0
873.3476772076294	0.027620399999932488	epochs	2.0
873.3476772076294	0.0138321999999107	epochs	3.0
873.3615094076293	0.013788200000021789	epochs	3.0
873.3752976076294	0.027445899999975154	epochs	2.0
873.3752976076294	0.013744599999995444	epochs	3.0
873.3890422076294	0.01370129999997971	epochs	3.0
873.4027435076293	0.0272735000000921	epochs	2.0
873.4027435076293	0.013658200000008947	epochs	3.0
873.4164017076293	0.013615300000083153	epochs	3.0
873.4300170076294	0.027103399999987232	epochs	2.0
873.4300170076294	0.013572800000019924	epochs	3.0
873.4435898076295	0.013530599999967308	epochs	3.0
873.4571204076294	0.02693520000002536	epochs	2.0
873.4571204076294	0.013488400000028378	epochs	3.0
873.4706088076294	0.013446799999996983	epochs	3.0
873.4840556076294	0.026769199999989723	epochs	2.0
873.4840556076294	0.013405199999965589	epochs	3.0
873.4974608076294	0.013364000000024134	epochs	3.0
873.5108248076294	0.026605199999949036	epochs	2.0
873.5108248076294	0.013322899999934634	epochs	3.0
873.5241477076294	0.013282300000014402	epochs	3.0
873.5374300076294	0.026443200000016986	epochs	2.0
873.5374300076294	0.013241699999980483	epochs	3.0
873.5506717076294	0.013201500000036503	epochs	3.0
873.5638732076294	0.0262831999999662	epochs	2.0
873.5638732076294	0.013161500000023807	epochs	3.0
873.5770347076294	0.013121699999942393	epochs	3.0
873.5901564076294	0.02612499999997908	epochs	2.0
873.5901564076294	0.013082100000019636	epochs	3.0
873.6032385076294	0.013042899999959445	epochs	3.0
873.6162814076293	0.025968900000066242	epochs	2.0
873.6162814076293	0.01300390000005791	epochs	3.0
873.6292853076294	0.012965000000008331	epochs	3.0
873.6422503076294	0.025814500000024054	epochs	2.0
873.6422503076294	0.012926399999969362	epochs	3.0
873.6551767076294	0.012888100000054692	epochs	3.0
873.6680648076294	0.025661899999931848	epochs	2.0
873.6680648076294	0.012849899999991976	epochs	3.0
873.6809147076294	0.012811999999939871	epochs	3.0
873.6937267076294	0.025511199999982637	epochs	2.0
873.6937267076294	0.012774400000012065	epochs	3.0
873.7065011076294	0.012736799999970572	epochs	3.0
873.7192379076293	0.025362300000097093	epochs	2.0
873.7192379076293	0.012699700000098346	epochs	3.0
873.7319376076294	0.012662599999998747	epochs	3.0
873.7446002076294	0.025215000000002874	epochs	2.0
873.7446002076294	0.01262579999990976	epochs	3.0
873.7572260076294	0.012589200000093115	epochs	3.0
873.7698152076294	0.024584799999956886	epochs	2.0
873.7933891076294	0.5	epochs	-1.0
873.7944000076294	0.9999199999999746	epochs	1.0
874.2933891076294	0.5	epochs	-1.0
875.7699999809265	0.20240000000001146	epochs	0.0
875.7699999809265	0.09620070000005398	epochs	1.0
875.8662006809266	0.00999859999990349	epochs	1.0
875.8761992809265	0.09620070000005398	epochs	1.0
875.9723999809265	2.0	epochs	0.0
877.9723999809265	0.5177599999999529	epochs	0.0
877.9723999809265	0.5177599999999529	epochs	1.0
877.9724290809265	0.5	epochs	-1.0
878.4724290809265	0.017730899999946814	epochs	-1.0
878.4901599809265	21.48216000000002	epochs	0.0
879.5950002670288	0.20240000000001146	epochs	0.0
879.5950002670288	0.09620070000005398	epochs	1.0
879.6912009670289	0.00999859999990349	epochs	1.0
879.7011995670288	0.09620070000005398	epochs	1.0
879.7974002670288	2.0	epochs	0.0
881.7974002670288	0.5571199999999408	epochs	0.0
881.7974002670288	0.5571199999999408	epochs	1.0
881.7974293670288	0.5	epochs	-1.0
882.2974293670288	0.05709089999993466	epochs	-1.0
882.3545202670288	21.442800000000034	epochs	0.0
883.2490000724792	0.20240000000001146	epochs	0.0
883.2490000724792	0.09620070000005398	epochs	1.0
883.3452007724793	0.00999859999990349	epochs	1.0
883.3551993724792	0.09620070000005398	epochs	1.0
883.4514000724793	2.0	epochs	0.0
885.4514000724793	0.5172000000000025	epochs	0.0
885.4514000724793	0.5172000000000025	epochs	1.0
885.4514291724793	0.5	epochs	-1.0
885.9514291724793	0.017170899999996436	epochs	-1.0
885.9686000724793	21.482719999999972	epochs	0.0
886.8540000915527	0.20240000000001146	epochs	0.0
886.8540000915527	0.09620070000005398	epochs	1.0
886.9502007915528	0.00999859999990349	epochs	1.0
886.9601993915527	0.09620070000005398	epochs	1.0
887.0564000915527	2.0	epochs	0.0
889.0564000915527	0.5168800000000147	epochs	0.0
889.0564000915527	0.5168800000000147	epochs	1.0
889.0564291915528	0.5	epochs	-1.0
889.5564291915528	0.01685090000000855	epochs	-1.0
889.5732800915528	21.48303999999996	epochs	0.0
890.4629998207092	0.20240000000001146	epochs	0.0
890.4629998207092	0.09620070000005398	epochs	1.0
890.5592005207093	0.00999859999990349	epochs	1.0
890.5691991207092	0.09620070000005398	epochs	1.0
890.6653998207092	2.0	epochs	0.0
892.6653998207092	0.5575999999999794	epochs	0.0
892.6653998207092	0.5575999999999794	epochs	1.0
892.6654289207092	0.5	epochs	-1.0
893.1654289207092	0.057570899999973335	epochs	-1.0
893.2229998207092	21.442319999999995	epochs	0.0
894.1339998245239	0.20240000000001146	epochs	0.0
894.1339998245239	0.09620070000005398	epochs	1.0
894.230200524524	0.00999859999990349	epochs	1.0
894.2401991245239	0.09620070000005398	epochs	1.0
894.3363998245239	2.0	epochs	0.0
896.3363998245239	0.5168800000000147	epochs	0.0
896.3363998245239	0.5168800000000147	epochs	1.0
896.336428924524	0.5	epochs	-1.0
896.836428924524	0.01685090000000855	epochs	-1.0
896.853279824524	21.48303999999996	epochs	0.0
927.3280000686646	0.20240000000001146	epochs	0.0
927.3280000686646	0.09620070000005398	epochs	1.0
927.4242007686646	0.00999859999990349	epochs	1.0
927.4341993686645	0.09620070000005398	epochs	1.0
927.5304000686646	0.2299199999999928	epochs	0.0
927.5304000686646	0.049999999999954525	epochs	1.0
927.5804000686645	0.009999999999990905	epochs	1.0
927.5904000686645	0.05000000000006821	epochs	1.0
927.6404000686646	0.009999999999990905	epochs	1.0
927.6504000686646	0.049999999999954525	epochs	1.0
927.7004000686645	0.009999999999990905	epochs	1.0
927.7104000686645	0.04992000000004282	epochs	1.0
1763.8629999160767	0.20239999999989777	epochs	0.0
1763.8629999160767	0.09620070000005398	epochs	1.0
1763.9592006160767	0.009998600000017177	epochs	1.0
1763.9691992160767	0.09620069999982661	epochs	1.0
1764.0653999160766	0.2299199999999928	epochs	0.0
1764.0653999160766	0.0500000000001819	epochs	1.0
1764.1153999160767	0.009999999999990905	epochs	1.0
1764.1253999160767	0.049999999999954525	epochs	1.0
1764.1753999160767	0.009999999999990905	epochs	1.0
1764.1853999160767	0.049999999999954525	epochs	1.0
1764.2353999160766	0.009999999999990905	epochs	1.0
1764.2453999160766	0.04991999999992913	epochs	1.0
1788.6079998016357	0.20239999999989777	epochs	0.0
1788.6079998016357	0.09620070000005398	epochs	1.0
1788.7042005016358	0.009998600000017177	epochs	1.0
1788.7141991016358	0.09620069999982661	epochs	1.0
1788.8103998016356	2.999920000000202	epochs	0.0
1788.8103998016356	1.0	epochs	1.0
1789.8103998016356	1.0	epochs	1.0
1790.8103998016356	0.999920000000202	epochs	1.0
1792.7350001335144	0.20239999999989777	epochs	0.0
1792.7350001335144	0.09620070000005398	epochs	1.0
1792.8312008335145	0.009998600000017177	epochs	1.0
1792.8411994335145	0.09620069999982661	epochs	1.0
1792.9374001335143	2.999920000000202	epochs	0.0
1792.9374001335143	1.0	epochs	1.0
1793.9374001335143	1.0	epochs	1.0
1794.9374001335143	0.999920000000202	epochs	1.0
1796.8330001831055	0.20239999999989777	epochs	0.0
1796.8330001831055	0.09620070000005398	epochs	1.0
1796.9292008831055	0.009998600000017177	epochs	1.0
1796.9391994831055	0.09620069999982661	epochs	1.0
1797.0354001831054	2.999920000000202	epochs	0.0
1797.0354001831054	1.0	epochs	1.0
1798.0354001831054	1.0	epochs	1.0
1799.0354001831054	0.999920000000202	epochs	1.0
1800.9489998817444	0.20239999999989777	epochs	0.0
1800.9489998817444	0.09620070000005398	epochs	1.0
1801.0452005817444	0.009998600000017177	epochs	1.0
1801.0551991817445	0.09620069999982661	epochs	1.0
1801.1513998817443	2.999920000000202	epochs	0.0
1801.1513998817443	1.0	epochs	1.0
1802.1513998817443	1.0	epochs	1.0
1803.1513998817443	0.999920000000202	epochs	1.0
1805.076000213623	0.20239999999989777	epochs	0.0
1805.076000213623	0.09620070000005398	epochs	1.0
1805.172200913623	0.009998600000017177	epochs	1.0
1805.1821995136231	0.09620069999982661	epochs	1.0
1805.278400213623	2.999920000000202	epochs	0.0
1805.278400213623	1.0	epochs	1.0
1806.278400213623	1.0	epochs	1.0
1807.278400213623	0.999920000000202	epochs	1.0
1809.1909999847412	0.20239999999989777	epochs	0.0
1809.1909999847412	0.09620070000005398	epochs	1.0
1809.2872006847413	0.009998600000017177	epochs	1.0
1809.2971992847413	0.09620069999982661	epochs	1.0
1809.393399984741	2.999920000000202	epochs	0.0
1809.393399984741	1.0	epochs	1.0
1810.393399984741	1.0	epochs	1.0
1811.393399984741	0.999920000000202	epochs	1.0
1813.3280000686646	0.20239999999989777	epochs	0.0
1813.3280000686646	0.09620070000005398	epochs	1.0
1813.4242007686646	0.009998600000017177	epochs	1.0
1813.4341993686646	0.09620069999982661	epochs	1.0
1813.5304000686644	2.999920000000202	epochs	0.0
1813.5304000686644	1.0	epochs	1.0
1814.5304000686644	1.0	epochs	1.0
1815.5304000686644	0.999920000000202	epochs	1.0
1817.4720001220703	0.20239999999989777	epochs	0.0
1817.4720001220703	0.09620070000005398	epochs	1.0
1817.5682008220704	0.009998600000017177	epochs	1.0
1817.5781994220704	0.09620069999982661	epochs	1.0
1817.6744001220702	2.999920000000202	epochs	0.0
1817.6744001220702	1.0	epochs	1.0
1818.6744001220702	1.0	epochs	1.0
1819.6744001220702	0.999920000000202	epochs	1.0
1821.6449999809265	0.20239999999989777	epochs	0.0
1821.6449999809265	0.09620070000005398	epochs	1.0
1821.7412006809266	0.009998600000017177	epochs	1.0
1821.7511992809266	0.09620069999982661	epochs	1.0
1821.8473999809264	2.999920000000202	epochs	0.0
1821.8473999809264	1.0	epochs	1.0
1822.8473999809264	1.0	epochs	1.0
1823.8473999809264	0.999920000000202	epochs	1.0
1825.7540001869202	0.20239999999989777	epochs	0.0
1825.7540001869202	0.09620070000005398	epochs	1.0
1825.8502008869202	0.009998600000017177	epochs	1.0
1825.8601994869202	0.09620069999982661	epochs	1.0
1825.95640018692	2.999920000000202	epochs	0.0
1825.95640018692	1.0	epochs	1.0
1826.95640018692	1.0	epochs	1.0
1827.95640018692	0.999920000000202	epochs	1.0
1829.8689999580383	0.20239999999989777	epochs	0.0
1829.8689999580383	0.09620070000005398	epochs	1.0
1829.9652006580384	0.009998600000017177	epochs	1.0
1829.9751992580384	0.09620069999982661	epochs	1.0
1830.0713999580382	2.999920000000202	epochs	0.0
1830.0713999580382	1.0	epochs	1.0
1831.0713999580382	1.0	epochs	1.0
1832.0713999580382	0.999920000000202	epochs	1.0
1834.0500001907349	0.20239999999989777	epochs	0.0
1834.0500001907349	0.09620070000005398	epochs	1.0
1834.146200890735	0.009998600000017177	epochs	1.0
1834.156199490735	0.09620069999982661	epochs	1.0
1834.2524001907348	2.999920000000202	epochs	0.0
1834.2524001907348	1.0	epochs	1.0
1835.2524001907348	1.0	epochs	1.0
1836.2524001907348	0.999920000000202	epochs	1.0
1838.1960000991821	0.20239999999989777	epochs	0.0
1838.1960000991821	0.09620070000005398	epochs	1.0
1838.2922007991822	0.009998600000017177	epochs	1.0
1838.3021993991822	0.09620069999982661	epochs	1.0
1838.398400099182	2.999920000000202	epochs	0.0
1838.398400099182	1.0	epochs	1.0
1839.398400099182	1.0	epochs	1.0
1840.398400099182	0.999920000000202	epochs	1.0
1842.3159999847412	0.20239999999989777	epochs	0.0
1842.3159999847412	0.09620070000005398	epochs	1.0
1842.4122006847413	0.009998600000017177	epochs	1.0
1842.4221992847413	0.09620069999982661	epochs	1.0
1842.518399984741	2.999920000000202	epochs	0.0
1842.518399984741	1.0	epochs	1.0
1843.518399984741	1.0	epochs	1.0
1844.518399984741	0.999920000000202	epochs	1.0
1846.4619998931885	0.20239999999989777	epochs	0.0
1846.4619998931885	0.09620070000005398	epochs	1.0
1846.5582005931885	0.009998600000017177	epochs	1.0
1846.5681991931885	0.09620069999982661	epochs	1.0
1846.6643998931884	2.999920000000202	epochs	0.0
1846.6643998931884	1.0	epochs	1.0
1847.6643998931884	1.0	epochs	1.0
1848.6643998931884	0.999920000000202	epochs	1.0
1850.5970001220703	0.20239999999989777	epochs	0.0
1850.5970001220703	0.09620070000005398	epochs	1.0
1850.6932008220704	0.009998600000017177	epochs	1.0
1850.7031994220704	0.09620069999982661	epochs	1.0
1850.7994001220702	2.999920000000202	epochs	0.0
1850.7994001220702	1.0	epochs	1.0
1851.7994001220702	1.0	epochs	1.0
1852.7994001220702	0.999920000000202	epochs	1.0
1854.7270002365112	0.20239999999989777	epochs	0.0
1854.7270002365112	0.09620070000005398	epochs	1.0
1854.8232009365113	0.009998600000017177	epochs	1.0
1854.8331995365113	0.09620069999982661	epochs	1.0
1854.9294002365111	2.999920000000202	epochs	0.0
1854.9294002365111	1.0	epochs	1.0
1855.9294002365111	1.0	epochs	1.0
1856.9294002365111	0.999920000000202	epochs	1.0
1858.866000175476	0.20239999999989777	epochs	0.0
1858.866000175476	0.09620070000005398	epochs	1.0
1858.9622008754761	0.009998600000017177	epochs	1.0
1858.9721994754761	0.09620069999982661	epochs	1.0
1859.068400175476	2.999920000000202	epochs	0.0
1859.068400175476	1.0	epochs	1.0
1860.068400175476	1.0	epochs	1.0
1861.068400175476	0.999920000000202	epochs	1.0
1863.0209999084473	0.20239999999989777	epochs	0.0
1863.0209999084473	0.09620070000005398	epochs	1.0
1863.1172006084473	0.009998600000017177	epochs	1.0
1863.1271992084473	0.09620069999982661	epochs	1.0
1863.2233999084472	2.999920000000202	epochs	0.0
1863.2233999084472	1.0	epochs	1.0
1864.2233999084472	1.0	epochs	1.0
1865.2233999084472	0.999920000000202	epochs	1.0
1867.16100025177	0.20239999999989777	epochs	0.0
1867.16100025177	0.09620070000005398	epochs	1.0
1867.25720095177	0.009998600000017177	epochs	1.0
1867.26719955177	0.09620069999982661	epochs	1.0
1867.36340025177	2.999920000000202	epochs	0.0
1867.36340025177	0.900000000000091	epochs	1.0
1868.26340025177	0.09999999999990905	epochs	1.0
1868.36340025177	1.0	epochs	1.0
1869.36340025177	0.999920000000202	epochs	1.0
1871.2820000648499	0.20239999999989777	epochs	0.0
1871.2820000648499	0.09620070000005398	epochs	1.0
1871.37820076485	0.009998600000017177	epochs	1.0
1871.38819936485	0.09620069999982661	epochs	1.0
1871.4844000648498	2.999920000000202	epochs	0.0
1871.4844000648498	0.900000000000091	epochs	1.0
1872.3844000648498	0.09999999999990905	epochs	1.0
1872.4844000648498	1.0	epochs	1.0
1873.4844000648498	0.999920000000202	epochs	1.0
1875.4250001907349	0.20239999999989777	epochs	0.0
1875.4250001907349	0.09620070000005398	epochs	1.0
1875.521200890735	0.009998600000017177	epochs	1.0
1875.531199490735	0.09620069999982661	epochs	1.0
1875.6274001907348	2.999920000000202	epochs	0.0
1875.6274001907348	0.900000000000091	epochs	1.0
1876.5274001907349	0.09999999999990905	epochs	1.0
1876.6274001907348	1.0	epochs	1.0
1877.6274001907348	0.999920000000202	epochs	1.0
1879.558000087738	0.20239999999989777	epochs	0.0
1879.558000087738	0.09620070000005398	epochs	1.0
1879.654200787738	0.009998600000017177	epochs	1.0
1879.664199387738	0.09620069999982661	epochs	1.0
1879.760400087738	2.999920000000202	epochs	0.0
1879.760400087738	0.900000000000091	epochs	1.0
1880.660400087738	0.09999999999990905	epochs	1.0
1880.760400087738	1.0	epochs	1.0
1881.760400087738	0.999920000000202	epochs	1.0
1883.6989998817444	0.20239999999989777	epochs	0.0
1883.6989998817444	0.09620070000005398	epochs	1.0
1883.7952005817444	0.009998600000017177	epochs	1.0
1883.8051991817445	0.09620069999982661	epochs	1.0
1883.9013998817443	2.999920000000202	epochs	0.0
1883.9013998817443	0.900000000000091	epochs	1.0
1884.8013998817444	0.09999999999990905	epochs	1.0
1884.9013998817443	1.0	epochs	1.0
1885.9013998817443	0.999920000000202	epochs	1.0
1887.8920001983643	0.20239999999989777	epochs	0.0
1887.8920001983643	0.09620070000005398	epochs	1.0
1887.9882008983643	0.009998600000017177	epochs	1.0
1887.9981994983643	0.09620069999982661	epochs	1.0
1888.0944001983642	2.999920000000202	epochs	0.0
1888.0944001983642	0.900000000000091	epochs	1.0
1888.9944001983642	0.09999999999990905	epochs	1.0
1889.0944001983642	1.0	epochs	1.0
1890.0944001983642	0.999920000000202	epochs	1.0
1892.0820002555847	0.20239999999989777	epochs	0.0
1892.0820002555847	0.09620070000005398	epochs	1.0
1892.1782009555848	0.009998600000017177	epochs	1.0
1892.1881995555848	0.09620069999982661	epochs	1.0
1892.2844002555846	2.999920000000202	epochs	0.0
1892.2844002555846	0.900000000000091	epochs	1.0
1893.1844002555847	0.09999999999990905	epochs	1.0
1893.2844002555846	1.0	epochs	1.0
1894.2844002555846	0.999920000000202	epochs	1.0
1896.271999835968	0.20239999999989777	epochs	0.0
1896.271999835968	0.09620070000005398	epochs	1.0
1896.368200535968	0.009998600000017177	epochs	1.0
1896.378199135968	0.09620069999982661	epochs	1.0
1896.474399835968	2.999920000000202	epochs	0.0
1896.474399835968	0.900000000000091	epochs	1.0
1897.374399835968	0.09999999999990905	epochs	1.0
1897.474399835968	1.0	epochs	1.0
1898.474399835968	0.999920000000202	epochs	1.0
1900.491000175476	0.20239999999989777	epochs	0.0
1900.491000175476	0.09620070000005398	epochs	1.0
1900.5872008754761	0.009998600000017177	epochs	1.0
1900.5971994754761	0.09620069999982661	epochs	1.0
1900.693400175476	2.999920000000202	epochs	0.0
1900.693400175476	0.900000000000091	epochs	1.0
1901.593400175476	0.09999999999990905	epochs	1.0
1901.693400175476	1.0	epochs	1.0
1902.693400175476	0.999920000000202	epochs	1.0
1904.6950001716614	0.20239999999989777	epochs	0.0
1904.6950001716614	0.09620070000005398	epochs	1.0
1904.7912008716614	0.009998600000017177	epochs	1.0
1904.8011994716614	0.09620069999982661	epochs	1.0
1904.8974001716613	2.999920000000202	epochs	0.0
1904.8974001716613	1.0	epochs	1.0
1905.8974001716613	1.0	epochs	1.0
1906.8974001716613	0.999920000000202	epochs	1.0
1908.8949999809265	0.20239999999989777	epochs	0.0
1908.8949999809265	0.09620070000005398	epochs	1.0
1908.9912006809266	0.009998600000017177	epochs	1.0
1909.0011992809266	0.09620069999982661	epochs	1.0
1909.0973999809264	2.999920000000202	epochs	0.0
1909.0973999809264	1.0	epochs	1.0
1910.0973999809264	1.0	epochs	1.0
1911.0973999809264	0.999920000000202	epochs	1.0
1913.1150002479553	0.20239999999989777	epochs	0.0
1913.1150002479553	0.09620070000005398	epochs	1.0
1913.2112009479554	0.009998600000017177	epochs	1.0
1913.2211995479554	0.09620069999982661	epochs	1.0
1913.3174002479552	2.999920000000202	epochs	0.0
1913.3174002479552	1.0	epochs	1.0
1914.3174002479552	1.0	epochs	1.0
1915.3174002479552	0.999920000000202	epochs	1.0
1917.348000049591	0.20239999999989777	epochs	0.0
1917.348000049591	0.09620070000005398	epochs	1.0
1917.4442007495911	0.009998600000017177	epochs	1.0
1917.4541993495911	0.09620069999982661	epochs	1.0
1917.550400049591	2.999920000000202	epochs	0.0
1917.550400049591	1.0	epochs	1.0
1918.550400049591	1.0	epochs	1.0
1919.550400049591	0.999920000000202	epochs	1.0
1921.5869998931885	0.20239999999989777	epochs	0.0
1921.5869998931885	0.09620070000005398	epochs	1.0
1921.6832005931885	0.009998600000017177	epochs	1.0
1921.6931991931885	0.09620069999982661	epochs	1.0
1921.7893998931884	2.999920000000202	epochs	0.0
1921.7893998931884	1.0	epochs	1.0
1922.7893998931884	1.0	epochs	1.0
1923.7893998931884	0.999920000000202	epochs	1.0
1925.8489999771118	0.20239999999989777	epochs	0.0
1925.8489999771118	0.09620070000005398	epochs	1.0
1925.9452006771119	0.009998600000017177	epochs	1.0
1925.955199277112	0.09620069999982661	epochs	1.0
1926.0513999771117	2.999920000000202	epochs	0.0
1926.0513999771117	1.0	epochs	1.0
1927.0513999771117	1.0	epochs	1.0
1928.0513999771117	0.999920000000202	epochs	1.0
1930.0970001220703	0.20239999999989777	epochs	0.0
1930.0970001220703	0.09620070000005398	epochs	1.0
1930.1932008220704	0.009998600000017177	epochs	1.0
1930.2031994220704	0.09620069999982661	epochs	1.0
1930.2994001220702	2.999920000000202	epochs	0.0
1930.2994001220702	1.0	epochs	1.0
1931.2994001220702	1.0	epochs	1.0
1932.2994001220702	0.999920000000202	epochs	1.0
1934.2969999313354	0.20239999999989777	epochs	0.0
1934.2969999313354	0.09620070000005398	epochs	1.0
1934.3932006313355	0.009998600000017177	epochs	1.0
1934.4031992313355	0.09620069999982661	epochs	1.0
1934.4993999313353	2.999920000000202	epochs	0.0
1934.4993999313353	1.0	epochs	1.0
1935.4993999313353	1.0	epochs	1.0
1936.4993999313353	0.999920000000202	epochs	1.0
1938.518000125885	0.20239999999989777	epochs	0.0
1938.518000125885	0.09620070000005398	epochs	1.0
1938.614200825885	0.009998600000017177	epochs	1.0
1938.624199425885	0.09620069999982661	epochs	1.0
1938.720400125885	2.999920000000202	epochs	0.0
1938.720400125885	1.0	epochs	1.0
1939.720400125885	1.0	epochs	1.0
1940.720400125885	0.999920000000202	epochs	1.0
1942.7430000305176	0.20239999999989777	epochs	0.0
1942.7430000305176	0.09620070000005398	epochs	1.0
1942.8392007305176	0.009998600000017177	epochs	1.0
1942.8491993305176	0.09620069999982661	epochs	1.0
1942.9454000305175	2.999920000000202	epochs	0.0
1942.9454000305175	1.0	epochs	1.0
1943.9454000305175	1.0	epochs	1.0
1944.9454000305175	0.999920000000202	epochs	1.0
1946.9939999580383	0.20239999999989777	epochs	0.0
1946.9939999580383	0.09620070000005398	epochs	1.0
1947.0902006580384	0.009998600000017177	epochs	1.0
1947.1001992580384	0.09620069999982661	epochs	1.0
1947.1963999580382	2.999920000000202	epochs	0.0
1947.1963999580382	1.0	epochs	1.0
1948.1963999580382	1.0	epochs	1.0
1949.1963999580382	0.999920000000202	epochs	1.0
1951.2170000076294	0.20239999999989777	epochs	0.0
1951.2170000076294	0.09620070000005398	epochs	1.0
1951.3132007076294	0.009998600000017177	epochs	1.0
1951.3231993076295	0.09620069999982661	epochs	1.0
1951.4194000076293	2.999920000000202	epochs	0.0
1951.4194000076293	1.0	epochs	1.0
1952.4194000076293	1.0	epochs	1.0
1953.4194000076293	0.999920000000202	epochs	1.0
1955.4190001487732	0.20239999999989777	epochs	0.0
1955.4190001487732	0.09620070000005398	epochs	1.0
1955.5152008487732	0.009998600000017177	epochs	1.0
1955.5251994487733	0.09620069999982661	epochs	1.0
1955.621400148773	2.999920000000202	epochs	0.0
1955.621400148773	1.0	epochs	1.0
1956.621400148773	1.0	epochs	1.0
1957.621400148773	0.999920000000202	epochs	1.0
1959.6849999427795	0.20239999999989777	epochs	0.0
1959.6849999427795	0.09620070000005398	epochs	1.0
1959.7812006427796	0.009998600000017177	epochs	1.0
1959.7911992427796	0.09620069999982661	epochs	1.0
1959.8873999427794	2.999920000000202	epochs	0.0
1959.8873999427794	1.0	epochs	1.0
1960.8873999427794	1.0	epochs	1.0
1961.8873999427794	0.999920000000202	epochs	1.0
1963.8810000419617	0.20239999999989777	epochs	0.0
1963.8810000419617	0.09620070000005398	epochs	1.0
1963.9772007419617	0.009998600000017177	epochs	1.0
1963.9871993419617	0.09620069999982661	epochs	1.0
1964.0834000419616	2.999920000000202	epochs	0.0
1964.0834000419616	1.0	epochs	1.0
1965.0834000419616	1.0	epochs	1.0
1966.0834000419616	0.999920000000202	epochs	1.0
1968.1129999160767	0.20239999999989777	epochs	0.0
1968.1129999160767	0.09620070000005398	epochs	1.0
1968.2092006160767	0.009998600000017177	epochs	1.0
1968.2191992160767	0.09620069999982661	epochs	1.0
1968.3153999160766	2.999920000000202	epochs	0.0
1968.3153999160766	1.0	epochs	1.0
1969.3153999160766	1.0	epochs	1.0
1970.3153999160766	0.999920000000202	epochs	1.0
1972.3550000190735	0.20239999999989777	epochs	0.0
1972.3550000190735	0.09620070000005398	epochs	1.0
1972.4512007190735	0.009998600000017177	epochs	1.0
1972.4611993190736	0.09620069999982661	epochs	1.0
1972.5574000190734	2.999920000000202	epochs	0.0
1972.5574000190734	1.0	epochs	1.0
1973.5574000190734	1.0	epochs	1.0
1974.5574000190734	0.999920000000202	epochs	1.0
1976.5700001716614	0.20239999999989777	epochs	0.0
1976.5700001716614	0.09620070000005398	epochs	1.0
1976.6662008716614	0.009998600000017177	epochs	1.0
1976.6761994716614	0.09620069999982661	epochs	1.0
1976.7724001716613	2.999920000000202	epochs	0.0
1976.7724001716613	1.0	epochs	1.0
1977.7724001716613	1.0	epochs	1.0
1978.7724001716613	0.999920000000202	epochs	1.0
1980.8070001602173	0.20239999999989777	epochs	0.0
1980.8070001602173	0.09620070000005398	epochs	1.0
1980.9032008602173	0.009998600000017177	epochs	1.0
1980.9131994602174	0.09620069999982661	epochs	1.0
1981.0094001602172	2.999920000000202	epochs	0.0
1981.0094001602172	1.0	epochs	1.0
1982.0094001602172	1.0	epochs	1.0
1983.0094001602172	0.999920000000202	epochs	1.0
1985.0659999847412	0.20239999999989777	epochs	0.0
1985.0659999847412	0.09620070000005398	epochs	1.0
1985.1622006847413	0.009998600000017177	epochs	1.0
1985.1721992847413	0.09620069999982661	epochs	1.0
1985.268399984741	3.604880000000094	epochs	0.0
1985.268399984741	2.0	epochs	1.0
1987.268399984741	0.3000000000001819	epochs	1.0
1987.5683999847413	0.004999999999881766	epochs	1.0
1987.5733999847412	0.2999999999999545	epochs	1.0
1987.8733999847411	0.9998800000000756	epochs	1.0
1990.1389999389648	0.20239999999989777	epochs	0.0
1990.1389999389648	0.09620070000005398	epochs	1.0
1990.235200638965	0.009998600000017177	epochs	1.0
1990.245199238965	0.09620069999982661	epochs	1.0
1990.3413999389647	3.604880000000094	epochs	0.0
1990.3413999389647	2.0	epochs	1.0
1992.3413999389647	0.3000000000001819	epochs	1.0
1992.641399938965	0.009999999999990905	epochs	1.0
1992.651399938965	0.2999999999999545	epochs	1.0
1992.9513999389649	0.9948799999999665	epochs	1.0
1995.2119998931885	0.20239999999989777	epochs	0.0
1995.2119998931885	0.09620070000005398	epochs	1.0
1995.3082005931885	0.009998600000017177	epochs	1.0
1995.3181991931885	0.09620069999982661	epochs	1.0
1995.4143998931884	3.604880000000094	epochs	0.0
1995.4143998931884	2.0	epochs	1.0
1997.4143998931884	0.3000000000001819	epochs	1.0
1997.7143998931886	0.01499999999987267	epochs	1.0
1997.7293998931884	0.2999999999999545	epochs	1.0
1998.0293998931884	0.9898800000000847	epochs	1.0
2000.2779998779297	0.20239999999989777	epochs	0.0
2000.2779998779297	0.09620070000005398	epochs	1.0
2000.3742005779297	0.009998600000017177	epochs	1.0
2000.3841991779298	0.09620069999982661	epochs	1.0
2000.4803998779296	3.604880000000094	epochs	0.0
2000.4803998779296	2.0	epochs	1.0
2002.4803998779296	0.3000000000001819	epochs	1.0
2002.7803998779298	0.01999999999998181	epochs	1.0
2002.8003998779297	0.2999999999999545	epochs	1.0
2003.1003998779297	0.9848799999999756	epochs	1.0
2005.3420000076294	0.20239999999989777	epochs	0.0
2005.3420000076294	0.09620070000005398	epochs	1.0
2005.4382007076294	0.009998600000017177	epochs	1.0
2005.4481993076295	0.09620069999982661	epochs	1.0
2005.5444000076293	3.604880000000094	epochs	0.0
2005.5444000076293	2.0	epochs	1.0
2007.5444000076293	0.3000000000001819	epochs	1.0
2007.8444000076295	0.024999999999863576	epochs	1.0
2007.8694000076293	0.2999999999999545	epochs	1.0
2008.1694000076293	0.9798800000000938	epochs	1.0
2010.424000263214	0.20239999999989777	epochs	0.0
2010.424000263214	0.09620070000005398	epochs	1.0
2010.5202009632142	0.009998600000017177	epochs	1.0
2010.5301995632142	0.09620069999982661	epochs	1.0
2010.626400263214	3.604880000000094	epochs	0.0
2010.626400263214	2.0	epochs	1.0
2012.626400263214	0.3000000000001819	epochs	1.0
2012.9264002632142	0.029999999999972715	epochs	1.0
2012.9564002632142	0.2999999999999545	epochs	1.0
2013.2564002632141	0.9748799999999846	epochs	1.0
2015.5170001983643	0.20239999999989777	epochs	0.0
2015.5170001983643	0.09620070000005398	epochs	1.0
2015.6132008983643	0.009998600000017177	epochs	1.0
2015.6231994983643	0.09620069999982661	epochs	1.0
2015.7194001983642	3.604880000000094	epochs	0.0
2015.7194001983642	2.0	epochs	1.0
2017.7194001983642	0.3000000000001819	epochs	1.0
2018.0194001983643	0.03499999999985448	epochs	1.0
2018.0544001983642	0.2999999999999545	epochs	1.0
2018.3544001983641	0.9698800000001029	epochs	1.0
2020.6150002479553	0.20239999999989777	epochs	0.0
2020.6150002479553	0.09620070000005398	epochs	1.0
2020.7112009479554	0.009998600000017177	epochs	1.0
2020.7211995479554	0.09620069999982661	epochs	1.0
2020.8174002479552	3.604880000000094	epochs	0.0
2020.8174002479552	2.0	epochs	1.0
2022.8174002479552	0.3000000000001819	epochs	1.0
2023.1174002479554	0.03999999999996362	epochs	1.0
2023.1574002479554	0.2999999999999545	epochs	1.0
2023.4574002479553	0.9648799999999937	epochs	1.0
2025.7170000076294	0.20239999999989777	epochs	0.0
2025.7170000076294	0.09620070000005398	epochs	1.0
2025.8132007076294	0.009998600000017177	epochs	1.0
2025.8231993076295	0.09620069999982661	epochs	1.0
2025.9194000076293	3.604880000000094	epochs	0.0
2025.9194000076293	2.0	epochs	1.0
2027.9194000076293	0.3000000000001819	epochs	1.0
2028.2194000076295	0.044999999999845386	epochs	1.0
2028.2644000076293	0.3000000000001819	epochs	1.0
2028.5644000076295	0.9598799999998846	epochs	1.0
2030.8120002746582	0.20239999999989777	epochs	0.0
2030.8120002746582	0.09620070000005398	epochs	1.0
2030.9082009746583	0.009998600000017177	epochs	1.0
2030.9181995746583	0.09620069999982661	epochs	1.0
2031.014400274658	3.604880000000094	epochs	0.0
2031.014400274658	2.0	epochs	1.0
2033.014400274658	0.3000000000001819	epochs	1.0
2033.3144002746583	0.049999999999954525	epochs	1.0
2033.3644002746582	0.2999999999999545	epochs	1.0
2033.6644002746582	0.9548800000000028	epochs	1.0
2035.9140000343323	0.20239999999989777	epochs	0.0
2035.9140000343323	0.09620070000005398	epochs	1.0
2036.0102007343323	0.009998600000017177	epochs	1.0
2036.0201993343323	0.09620069999982661	epochs	1.0
2036.1164000343322	3.69992000000002	epochs	0.0
2036.1164000343322	2.0	epochs	1.0
2038.1164000343322	0.3000000000001819	epochs	1.0
2038.4164000343324	0.09999999999990905	epochs	1.0
2038.5164000343323	0.2999999999999545	epochs	1.0
2038.8164000343322	0.9999199999999746	epochs	1.0
2043.308000087738	0.20239999999989777	epochs	0.0
2043.308000087738	0.09620070000005398	epochs	1.0
2043.404200787738	0.009998600000017177	epochs	1.0
2043.414199387738	0.09620069999982661	epochs	1.0
2043.510400087738	3.69992000000002	epochs	0.0
2043.510400087738	2.0	epochs	1.0
2045.510400087738	0.3000000000001819	epochs	1.0
2045.8104000877381	0.1999999999998181	epochs	1.0
2046.010400087738	0.3000000000001819	epochs	1.0
2046.3104000877381	0.8999199999998382	epochs	1.0
