onset	duration	nwb_table	treelevel
10.916999816894531	0.09999999999999964	epochs	0.0
10.916999816894531	0.04499999999999993	epochs	1.0
10.961999816894531	0.009999999999999787	epochs	1.0
10.971999816894531	0.04499999999999993	epochs	1.0
11.016999816894531	0.7049950000000003	epochs	0.0
11.016999816894531	0.5	epochs	-1.0
11.016999816894531	0.5	epochs	-1.0
11.016999816894531	0.5	epochs	1.0
11.516999816894531	0.0600000000000005	epochs	-1.0
11.516999816894531	0.025000000000000355	epochs	-1.0
11.516999816894531	0.025000000000000355	epochs	1.0
11.541999816894531	0.009999999999999787	epochs	-1.0
11.541999816894531	0.009999999999999787	epochs	1.0
11.551999816894531	0.025000000000000355	epochs	-1.0
11.551999816894531	0.025000000000000355	epochs	1.0
11.576999816894531	0.0600000000000005	epochs	-1.0
11.576999816894531	0.025000000000000355	epochs	-1.0
11.576999816894531	0.025000000000000355	epochs	1.0
11.601999816894532	0.009999999999999787	epochs	-1.0
11.601999816894532	0.009999999999999787	epochs	1.0
11.611999816894532	0.025000000000000355	epochs	-1.0
11.611999816894532	0.025000000000000355	epochs	1.0
11.636999816894532	0.05999999999999872	epochs	-1.0
11.636999816894532	0.02499999999999858	epochs	-1.0
11.636999816894532	0.02499999999999858	epochs	1.0
11.66199981689453	0.010000000000001563	epochs	-1.0
11.66199981689453	0.010000000000001563	epochs	1.0
11.671999816894532	0.02499999999999858	epochs	-1.0
11.671999816894532	0.02499999999999858	epochs	1.0
11.69699981689453	0.024995000000000545	epochs	1.0
155.65100002288818	0.09999999999999432	epochs	0.0
155.65100002288818	0.044999999999987494	epochs	1.0
155.69600002288817	0.010000000000019327	epochs	1.0
155.7060000228882	0.044999999999987494	epochs	1.0
155.75100002288818	0.7049949999999967	epochs	0.0
155.75100002288818	0.5	epochs	-1.0
155.75100002288818	0.5	epochs	1.0
156.25100002288818	0.060000000000002274	epochs	-1.0
156.25100002288818	0.025000000000005684	epochs	-1.0
156.25100002288818	0.025000000000005684	epochs	1.0
156.27600002288818	0.009999999999990905	epochs	-1.0
156.27600002288818	0.009999999999990905	epochs	1.0
156.28600002288817	0.025000000000005684	epochs	-1.0
156.28600002288817	0.025000000000005684	epochs	1.0
156.31100002288818	0.060000000000002274	epochs	-1.0
156.31100002288818	0.025000000000005684	epochs	-1.0
156.31100002288818	0.025000000000005684	epochs	1.0
156.3360000228882	0.009999999999990905	epochs	-1.0
156.3360000228882	0.009999999999990905	epochs	1.0
156.34600002288818	0.025000000000005684	epochs	-1.0
156.34600002288818	0.025000000000005684	epochs	1.0
156.37100002288818	0.060000000000002274	epochs	-1.0
156.37100002288818	0.025000000000005684	epochs	-1.0
156.37100002288818	0.025000000000005684	epochs	1.0
156.3960000228882	0.009999999999990905	epochs	-1.0
156.3960000228882	0.009999999999990905	epochs	1.0
156.40600002288818	0.025000000000005684	epochs	-1.0
156.40600002288818	0.025000000000005684	epochs	1.0
156.43100002288818	0.024994999999989886	epochs	1.0
193.70699977874756	0.09999999999999432	epochs	0.0
193.70699977874756	0.044999999999987494	epochs	1.0
193.75199977874755	0.010000000000019327	epochs	1.0
193.76199977874757	0.044999999999987494	epochs	1.0
193.80699977874755	61.384995	epochs	0.0
193.80699977874755	0.5	epochs	-1.0
193.80699977874755	0.5	epochs	-1.0
193.80699977874755	0.5	epochs	1.0
194.30699977874755	0.060000000000002274	epochs	-1.0
194.30699977874755	0.025000000000005684	epochs	-1.0
194.30699977874755	0.025000000000005684	epochs	1.0
194.33199977874756	0.009999999999990905	epochs	-1.0
194.33199977874756	0.009999999999990905	epochs	1.0
194.34199977874755	0.025000000000005684	epochs	-1.0
194.34199977874755	0.025000000000005684	epochs	1.0
194.36699977874756	0.060000000000002274	epochs	-1.0
194.36699977874756	0.025000000000005684	epochs	-1.0
194.36699977874756	0.025000000000005684	epochs	1.0
194.39199977874756	0.009999999999990905	epochs	-1.0
194.39199977874756	0.009999999999990905	epochs	1.0
194.40199977874755	0.025000000000005684	epochs	-1.0
194.40199977874755	0.025000000000005684	epochs	1.0
194.42699977874756	0.060000000000002274	epochs	-1.0
194.42699977874756	0.025000000000005684	epochs	-1.0
194.42699977874756	0.025000000000005684	epochs	1.0
194.45199977874756	0.009999999999990905	epochs	-1.0
194.45199977874756	0.009999999999990905	epochs	1.0
194.46199977874755	0.025000000000005684	epochs	-1.0
194.46199977874755	0.025000000000005684	epochs	1.0
194.48699977874756	60.0	epochs	1.0
254.48699977874756	0.5	epochs	-1.0
254.48699977874756	0.5	epochs	-1.0
254.48699977874756	0.5	epochs	1.0
254.98699977874756	0.060000000000002274	epochs	-1.0
254.98699977874756	0.025000000000005684	epochs	-1.0
254.98699977874756	0.025000000000005684	epochs	1.0
255.01199977874757	0.009999999999990905	epochs	-1.0
255.01199977874757	0.009999999999990905	epochs	1.0
255.02199977874756	0.025000000000005684	epochs	-1.0
255.02199977874756	0.025000000000005684	epochs	1.0
255.04699977874756	0.060000000000002274	epochs	-1.0
255.04699977874756	0.025000000000005684	epochs	-1.0
255.04699977874756	0.025000000000005684	epochs	1.0
255.07199977874757	0.009999999999990905	epochs	-1.0
255.07199977874757	0.009999999999990905	epochs	1.0
255.08199977874756	0.025000000000005684	epochs	-1.0
255.08199977874756	0.025000000000005684	epochs	1.0
255.10699977874756	0.060000000000002274	epochs	-1.0
255.10699977874756	0.025000000000005684	epochs	-1.0
255.10699977874756	0.025000000000005684	epochs	1.0
255.13199977874757	0.009999999999990905	epochs	-1.0
255.13199977874757	0.009999999999990905	epochs	1.0
255.14199977874756	0.025000000000005684	epochs	-1.0
255.14199977874756	0.025000000000005684	epochs	1.0
255.16699977874757	0.024994999999989886	epochs	1.0
277.0099997520447	0.10000000000002274	epochs	0.0
277.0099997520447	0.045000000000015916	epochs	1.0
277.0549997520447	0.009999999999990905	epochs	1.0
277.0649997520447	0.045000000000015916	epochs	1.0
277.1099997520447	0.7049949999999967	epochs	0.0
277.1099997520447	0.5	epochs	-1.0
277.1099997520447	0.5	epochs	-1.0
277.1099997520447	0.5	epochs	1.0
277.6099997520447	0.060000000000002274	epochs	-1.0
277.6099997520447	0.024999999999977263	epochs	-1.0
277.6099997520447	0.024999999999977263	epochs	1.0
277.6349997520447	0.009999999999990905	epochs	-1.0
277.6349997520447	0.009999999999990905	epochs	1.0
277.64499975204467	0.025000000000034106	epochs	-1.0
277.64499975204467	0.025000000000034106	epochs	1.0
277.6699997520447	0.060000000000002274	epochs	-1.0
277.6699997520447	0.024999999999977263	epochs	-1.0
277.6699997520447	0.024999999999977263	epochs	1.0
277.6949997520447	0.009999999999990905	epochs	-1.0
277.6949997520447	0.009999999999990905	epochs	1.0
277.70499975204467	0.025000000000034106	epochs	-1.0
277.70499975204467	0.025000000000034106	epochs	1.0
277.7299997520447	0.05999999999994543	epochs	-1.0
277.7299997520447	0.024999999999977263	epochs	-1.0
277.7299997520447	0.024999999999977263	epochs	1.0
277.7549997520447	0.009999999999990905	epochs	-1.0
277.7549997520447	0.009999999999990905	epochs	1.0
277.7649997520447	0.024999999999977263	epochs	-1.0
277.7649997520447	0.024999999999977263	epochs	1.0
277.78999975204465	0.02499500000004673	epochs	1.0
311.2829999923706	0.1037200000000098	epochs	0.0
311.2829999923706	0.046860700000024735	epochs	1.0
311.32986069237063	0.009998599999960334	epochs	1.0
311.3398592923706	0.046860700000024735	epochs	1.0
311.3867199923706	5.999979999999994	epochs	0.0
311.3867199923706	0.5	epochs	1.0
311.3867343923706	0.5	epochs	-1.0
311.3867343923706	0.5	epochs	-1.0
311.8867199923706	5.0	epochs	1.0
316.8867199923706	0.49997999999999365	epochs	1.0
316.8867343923706	0.4999655999999959	epochs	-1.0
319.5699996948242	0.1037200000000098	epochs	0.0
319.5699996948242	0.046860700000024735	epochs	1.0
319.61686039482424	0.009998599999960334	epochs	1.0
319.6268589948242	0.046860700000024735	epochs	1.0
319.67371969482423	2.5560800000000086	epochs	0.0
319.67371969482423	0.5	epochs	1.0
319.6737340948242	0.5	epochs	-1.0
320.17371969482423	1.0	epochs	1.0
321.17371969482423	1.0560800000000086	epochs	1.0
321.6737340948242	0.5	epochs	-1.0
322.22979969482424	0.9438999999999851	epochs	0.0
322.52500009536743	0.1037200000000098	epochs	0.0
322.52500009536743	0.046860700000024735	epochs	1.0
322.57186079536746	0.009998599999960334	epochs	1.0
322.5818593953674	0.046860700000024735	epochs	1.0
322.62872009536744	2.5559599999999705	epochs	0.0
322.62872009536744	0.5	epochs	1.0
322.62873449536744	0.5	epochs	-1.0
323.12872009536744	1.0	epochs	1.0
324.12872009536744	1.0559599999999705	epochs	1.0
324.62873449536744	0.5	epochs	-1.0
325.1846800953674	0.9440200000000232	epochs	0.0
325.5079998970032	0.1037200000000098	epochs	0.0
325.5079998970032	0.046860700000024735	epochs	1.0
325.5548605970032	0.009998599999960334	epochs	1.0
325.56485919700316	0.046860700000024735	epochs	1.0
325.6117198970032	2.5565799999999967	epochs	0.0
325.6117198970032	0.5	epochs	1.0
325.6117342970032	0.5	epochs	-1.0
326.1117198970032	1.0	epochs	1.0
327.1117198970032	1.0565799999999967	epochs	1.0
327.6117342970032	0.5	epochs	-1.0
328.1682998970032	0.9433999999999969	epochs	0.0
328.47499990463257	0.1037200000000098	epochs	0.0
328.47499990463257	0.046860700000024735	epochs	1.0
328.5218606046326	0.009998599999960334	epochs	1.0
328.53185920463255	0.046860700000024735	epochs	1.0
328.5787199046326	2.556219999999996	epochs	0.0
328.5787199046326	0.5	epochs	1.0
328.5787343046326	0.5	epochs	-1.0
329.0787199046326	1.0	epochs	1.0
330.0787199046326	1.0562199999999962	epochs	1.0
330.5787343046326	0.5	epochs	-1.0
331.1349399046326	0.9437599999999975	epochs	0.0
331.4909996986389	0.1037200000000098	epochs	0.0
331.4909996986389	0.046860700000024735	epochs	1.0
331.53786039863894	0.009998599999960334	epochs	1.0
331.5478589986389	0.046860700000024735	epochs	1.0
331.5947196986389	2.5560800000000086	epochs	0.0
331.5947196986389	0.5	epochs	1.0
331.5947340986389	0.5	epochs	-1.0
332.0947196986389	1.0	epochs	1.0
333.0947196986389	1.0560800000000086	epochs	1.0
333.5947340986389	0.5	epochs	-1.0
334.15079969863893	0.9438999999999851	epochs	0.0
334.521999835968	0.6499800000000278	epochs	0.0
334.521999835968	0.05000000000001137	epochs	1.0
334.57199983596803	0.5	epochs	1.0
335.07199983596803	0.09998000000001639	epochs	1.0
335.5549998283386	0.6499800000000278	epochs	0.0
335.5549998283386	0.05000000000001137	epochs	1.0
335.60499982833863	0.5	epochs	1.0
336.10499982833863	0.09998000000001639	epochs	1.0
336.6050000190735	0.6499800000000278	epochs	0.0
336.6050000190735	0.05000000000001137	epochs	1.0
336.6550000190735	0.5	epochs	1.0
337.1550000190735	0.09998000000001639	epochs	1.0
337.67199993133545	0.6499800000000278	epochs	0.0
337.67199993133545	0.05000000000001137	epochs	1.0
337.72199993133546	0.5	epochs	1.0
338.22199993133546	0.09998000000001639	epochs	1.0
338.72199964523315	0.6499800000000278	epochs	0.0
338.72199964523315	0.05000000000001137	epochs	1.0
338.77199964523317	0.5	epochs	1.0
339.27199964523317	0.09998000000001639	epochs	1.0
339.771999835968	0.6499800000000278	epochs	0.0
339.771999835968	0.05000000000001137	epochs	1.0
339.82199983596803	0.5	epochs	1.0
340.32199983596803	0.09998000000001639	epochs	1.0
340.8719997406006	0.6499800000000278	epochs	0.0
340.8719997406006	0.05000000000001137	epochs	1.0
340.9219997406006	0.5	epochs	1.0
341.4219997406006	0.09998000000001639	epochs	1.0
342.00499963760376	0.6499800000000278	epochs	0.0
342.00499963760376	0.05000000000001137	epochs	1.0
342.05499963760377	0.5	epochs	1.0
342.55499963760377	0.09998000000001639	epochs	1.0
343.1749997138977	0.1037200000000098	epochs	0.0
343.1749997138977	0.046860700000024735	epochs	1.0
343.22186041389773	0.009998599999960334	epochs	1.0
343.2318590138977	0.046860700000024735	epochs	1.0
343.2787197138977	3.016399999999976	epochs	0.0
343.2787197138977	0.5	epochs	1.0
343.2787341138977	0.5	epochs	-1.0
343.7787197138977	1.0	epochs	1.0
344.7787197138977	1.516399999999976	epochs	1.0
345.2787341138977	0.5	epochs	-1.0
345.7787341138977	0.5	epochs	-1.0
346.2951197138977	2.4835800000000177	epochs	0.0
348.30800008773804	0.1037200000000098	epochs	0.0
348.30800008773804	0.046860700000024735	epochs	1.0
348.35486078773806	0.009998599999960334	epochs	1.0
348.364859387738	0.046860700000024735	epochs	1.0
348.41172008773805	5.016500000000008	epochs	0.0
348.41172008773805	0.5	epochs	1.0
348.41173448773804	0.5	epochs	-1.0
348.91172008773805	1.0	epochs	1.0
349.91172008773805	3.5165000000000077	epochs	1.0
350.41173448773804	0.5	epochs	-1.0
350.91173448773804	0.5	epochs	-1.0
351.41173448773804	0.5	epochs	-1.0
351.91173448773804	0.5	epochs	-1.0
352.41173448773804	0.5	epochs	-1.0
352.91173448773804	0.5	epochs	-1.0
353.42822008773805	0.4834799999999859	epochs	0.0
353.9449996948242	0.1037200000000098	epochs	0.0
353.9449996948242	0.046860700000024735	epochs	1.0
353.99186039482424	0.009998599999960334	epochs	1.0
354.0018589948242	0.046860700000024735	epochs	1.0
354.04871969482423	4.535799999999995	epochs	0.0
354.04871969482423	0.5	epochs	1.0
354.0487340948242	0.5	epochs	-1.0
354.54871969482423	1.0	epochs	1.0
355.54871969482423	3.0357999999999947	epochs	1.0
356.0487340948242	0.5	epochs	-1.0
356.5487340948242	0.5	epochs	-1.0
357.0487340948242	0.5	epochs	-1.0
357.5487340948242	0.5	epochs	-1.0
358.0487340948242	0.5	epochs	-1.0
358.5845196948242	0.9641799999999989	epochs	0.0
359.0609998703003	0.1037200000000098	epochs	0.0
359.0609998703003	0.046860700000024735	epochs	1.0
359.1078605703003	0.009998599999960334	epochs	1.0
359.1178591703003	0.046860700000024735	epochs	1.0
359.1647198703003	3.5165000000000077	epochs	0.0
359.1647198703003	0.5	epochs	1.0
359.1647342703003	0.5	epochs	-1.0
359.6647198703003	1.0	epochs	1.0
360.6647198703003	2.0165000000000077	epochs	1.0
361.1647342703003	0.5	epochs	-1.0
361.6647342703003	0.5	epochs	-1.0
362.1647342703003	0.5	epochs	-1.0
362.6812198703003	1.983479999999986	epochs	0.0
364.32999992370605	0.1037200000000098	epochs	0.0
364.32999992370605	0.046860700000024735	epochs	1.0
364.3768606237061	0.009998599999960334	epochs	1.0
364.38685922370604	0.046860700000024735	epochs	1.0
364.43371992370606	2.5563399999999774	epochs	0.0
364.43371992370606	0.5	epochs	1.0
364.43373432370606	0.5	epochs	-1.0
364.93371992370606	1.0	epochs	1.0
365.93371992370606	1.0563399999999774	epochs	1.0
366.43373432370606	0.5	epochs	-1.0
366.99005992370604	2.9436400000000162	epochs	0.0
369.59699964523315	0.1037200000000098	epochs	0.0
369.59699964523315	0.046860700000024735	epochs	1.0
369.6438603452332	0.009998599999960334	epochs	1.0
369.65385894523314	0.046860700000024735	epochs	1.0
369.70071964523316	2.5565799999999967	epochs	0.0
369.70071964523316	0.5	epochs	1.0
369.70073404523316	0.5	epochs	-1.0
370.20071964523316	1.0	epochs	1.0
371.20071964523316	1.0565799999999967	epochs	1.0
371.70073404523316	0.5	epochs	-1.0
372.25729964523316	2.943399999999997	epochs	0.0
382.8550000190735	0.15298000000001366	epochs	0.0
382.8550000190735	0.05000000000001137	epochs	1.0
382.9050000190735	0.002999999999985903	epochs	1.0
382.9080000190735	0.09998000000001639	epochs	1.0
383.52099990844727	0.15298000000001366	epochs	0.0
383.52099990844727	0.05000000000001137	epochs	1.0
383.5709999084473	0.002999999999985903	epochs	1.0
383.57399990844726	0.09998000000001639	epochs	1.0
384.1710000038147	0.15298000000001366	epochs	0.0
384.1710000038147	0.05000000000001137	epochs	1.0
384.2210000038147	0.002999999999985903	epochs	1.0
384.2240000038147	0.09998000000001639	epochs	1.0
384.87099981307983	0.15298000000001366	epochs	0.0
384.87099981307983	0.05000000000001137	epochs	1.0
384.92099981307985	0.002999999999985903	epochs	1.0
384.92399981307983	0.09998000000001639	epochs	1.0
385.5549998283386	0.15298000000001366	epochs	0.0
385.5549998283386	0.05000000000001137	epochs	1.0
385.60499982833863	0.002999999999985903	epochs	1.0
385.6079998283386	0.09998000000001639	epochs	1.0
386.27099990844727	0.15298000000001366	epochs	0.0
386.27099990844727	0.05000000000001137	epochs	1.0
386.3209999084473	0.002999999999985903	epochs	1.0
386.32399990844726	0.09998000000001639	epochs	1.0
386.98799991607666	0.15298000000001366	epochs	0.0
386.98799991607666	0.05000000000001137	epochs	1.0
387.03799991607667	0.002999999999985903	epochs	1.0
387.04099991607666	0.09998000000001639	epochs	1.0
387.6710000038147	0.15298000000001366	epochs	0.0
387.6710000038147	0.05000000000001137	epochs	1.0
387.7210000038147	0.002999999999985903	epochs	1.0
387.7240000038147	0.09998000000001639	epochs	1.0
388.4049997329712	0.15298000000001366	epochs	0.0
388.4049997329712	0.05000000000001137	epochs	1.0
388.4549997329712	0.002999999999985903	epochs	1.0
388.4579997329712	0.09998000000001639	epochs	1.0
389.1879997253418	0.15298000000001366	epochs	0.0
389.1879997253418	0.05000000000001137	epochs	1.0
389.2379997253418	0.002999999999985903	epochs	1.0
389.2409997253418	0.09998000000001639	epochs	1.0
389.9049997329712	0.15298000000001366	epochs	0.0
389.9049997329712	0.05000000000001137	epochs	1.0
389.9549997329712	0.002999999999985903	epochs	1.0
389.9579997329712	0.09998000000001639	epochs	1.0
390.6710000038147	0.15298000000001366	epochs	0.0
390.6710000038147	0.05000000000001137	epochs	1.0
390.7210000038147	0.002999999999985903	epochs	1.0
390.7240000038147	0.09998000000001639	epochs	1.0
391.4379997253418	0.15298000000001366	epochs	0.0
391.4379997253418	0.05000000000001137	epochs	1.0
391.4879997253418	0.002999999999985903	epochs	1.0
391.4909997253418	0.09998000000001639	epochs	1.0
392.2209997177124	0.15298000000001366	epochs	0.0
392.2209997177124	0.05000000000001137	epochs	1.0
392.2709997177124	0.002999999999985903	epochs	1.0
392.2739997177124	0.09998000000001639	epochs	1.0
393.00099992752075	0.15298000000001366	epochs	0.0
393.00099992752075	0.05000000000001137	epochs	1.0
393.05099992752076	0.002999999999985903	epochs	1.0
393.05399992752075	0.09998000000001639	epochs	1.0
393.80099964141846	0.1037200000000098	epochs	0.0
393.80099964141846	0.046860700000024735	epochs	1.0
393.8478603414185	0.009998599999960334	epochs	1.0
393.85785894141844	0.046860700000024735	epochs	1.0
393.90471964141847	1.5364199999999641	epochs	0.0
393.90471964141847	0.5	epochs	1.0
393.90473404141846	0.5	epochs	-1.0
394.40471964141847	0.002999999999985903	epochs	1.0
394.40771964141845	1.0334199999999782	epochs	1.0
394.90773404141845	0.5	epochs	-1.0
395.44113964141843	0.06656000000003814	epochs	0.0
396.00099992752075	0.1037200000000098	epochs	0.0
396.00099992752075	0.046860700000024735	epochs	1.0
396.0478606275208	0.009998599999960334	epochs	1.0
396.05785922752074	0.046860700000024735	epochs	1.0
396.10471992752076	1.536799999999971	epochs	0.0
396.10471992752076	0.5	epochs	1.0
396.10473432752076	0.5	epochs	-1.0
396.60471992752076	0.002999999999985903	epochs	1.0
396.60771992752075	1.0337999999999852	epochs	1.0
397.10773432752075	0.5	epochs	-1.0
397.64151992752073	0.06618000000003121	epochs	0.0
398.21799993515015	0.1037200000000098	epochs	0.0
398.21799993515015	0.046860700000024735	epochs	1.0
398.26486063515017	0.009998599999960334	epochs	1.0
398.27485923515013	0.046860700000024735	epochs	1.0
398.32171993515016	1.536799999999971	epochs	0.0
398.32171993515016	0.5	epochs	1.0
398.32173433515015	0.5	epochs	-1.0
398.82171993515016	0.002999999999985903	epochs	1.0
398.82471993515014	1.0337999999999852	epochs	1.0
399.32473433515014	0.5	epochs	-1.0
399.8585199351501	0.06618000000003121	epochs	0.0
400.4509997367859	0.1037200000000098	epochs	0.0
400.4509997367859	0.046860700000024735	epochs	1.0
400.4978604367859	0.009998599999960334	epochs	1.0
400.5078590367859	0.046860700000024735	epochs	1.0
400.5547197367859	1.535919999999976	epochs	0.0
400.5547197367859	0.5	epochs	1.0
400.5547341367859	0.5	epochs	-1.0
401.0547197367859	0.002999999999985903	epochs	1.0
401.0577197367859	1.03291999999999	epochs	1.0
401.5577341367859	0.5	epochs	-1.0
402.0906397367859	0.06706000000002632	epochs	0.0
402.6840000152588	0.1037200000000098	epochs	0.0
402.6840000152588	0.046860700000024735	epochs	1.0
402.7308607152588	0.009998599999960334	epochs	1.0
402.7408593152588	0.046860700000024735	epochs	1.0
402.7877200152588	1.5566599999999653	epochs	0.0
402.7877200152588	0.5	epochs	1.0
402.7877344152588	0.5	epochs	-1.0
403.2877200152588	0.002999999999985903	epochs	1.0
403.2907200152588	1.0536599999999794	epochs	1.0
403.7907344152588	0.5	epochs	-1.0
404.34438001525876	0.046320000000037	epochs	0.0
404.9179997444153	0.1037200000000098	epochs	0.0
404.9179997444153	0.046860700000024735	epochs	1.0
404.9648604444153	0.009998599999960334	epochs	1.0
404.97485904441527	0.046860700000024735	epochs	1.0
405.0217197444153	1.5562999999999647	epochs	0.0
405.0217197444153	0.5	epochs	1.0
405.0217341444153	0.5	epochs	-1.0
405.5217197444153	0.002999999999985903	epochs	1.0
405.5247197444153	1.0532999999999788	epochs	1.0
406.0247341444153	0.5	epochs	-1.0
406.57801974441526	0.04668000000003758	epochs	0.0
407.26799964904785	0.1037200000000098	epochs	0.0
407.26799964904785	0.046860700000024735	epochs	1.0
407.3148603490479	0.009998599999960334	epochs	1.0
407.32485894904784	0.046860700000024735	epochs	1.0
407.37171964904786	16.196259999999995	epochs	0.0
407.37171964904786	0.5	epochs	1.0
407.37173404904786	0.5	epochs	-1.0
407.87171964904786	15.696259999999995	epochs	1.0
423.56797964904786	3.3037199999999984	epochs	0.0
453.6840000152588	0.12283999999999651	epochs	0.0
453.6840000152588	0.056420399999979054	epochs	1.0
453.74042041525877	0.0099992000000384	epochs	1.0
453.7504196152588	0.056420399999979054	epochs	1.0
453.8068400152588	17.53728000000001	epochs	0.0
453.8068400152588	0.5	epochs	1.0
453.8068501152588	0.5	epochs	-1.0
454.3068400152588	16.0	epochs	1.0
470.3068400152588	1.0372800000000097	epochs	1.0
470.8043301152588	0.5	epochs	-1.0
471.3441200152588	1.962699999999984	epochs	0.0
472.22199964523315	0.12283999999999651	epochs	0.0
472.22199964523315	0.056420399999979054	epochs	1.0
472.27842004523313	0.0099992000000384	epochs	1.0
472.2884192452332	0.056420399999979054	epochs	1.0
472.34483964523315	0.5167799999999829	epochs	0.0
472.34483964523315	0.5	epochs	1.0
472.34484974523315	0.5	epochs	-1.0
472.84483964523315	0.01677999999998292	epochs	1.0
472.86161964523313	18.98320000000001	epochs	0.0
501.4449996948242	0.12283999999999651	epochs	0.0
501.4449996948242	0.056420399999979054	epochs	1.0
501.5014200948242	0.0099992000000384	epochs	1.0
501.51141929482424	0.056420399999979054	epochs	1.0
501.5678396948242	18.017240000000015	epochs	0.0
501.5678396948242	0.5	epochs	1.0
501.5678497948242	0.5	epochs	-1.0
502.0678396948242	16.0	epochs	1.0
518.0678396948242	1.5172400000000152	epochs	1.0
518.5653297948243	0.5	epochs	-1.0
519.0653297948243	0.5	epochs	-1.0
519.5850796948242	1.4827400000000353	epochs	0.0
520.4709997177124	0.12283999999999651	epochs	0.0
520.4709997177124	0.056420399999979054	epochs	1.0
520.5274201177124	0.0099992000000384	epochs	1.0
520.5374193177124	0.056420399999979054	epochs	1.0
520.5938397177124	17.537040000000047	epochs	0.0
520.5938397177124	0.5	epochs	1.0
520.5938498177125	0.5	epochs	-1.0
521.0938397177124	16.0	epochs	1.0
537.0938397177124	1.0370400000000473	epochs	1.0
537.5913298177124	0.5	epochs	-1.0
538.1308797177124	1.9629400000000032	epochs	0.0
551.1749997138977	0.6499800000000278	epochs	0.0
551.1749997138977	0.049999999999954525	epochs	1.0
551.2249997138977	0.5	epochs	1.0
551.7249997138977	0.09998000000007323	epochs	1.0
552.558000087738	0.6499800000000278	epochs	0.0
552.558000087738	0.049999999999954525	epochs	1.0
552.608000087738	0.5	epochs	1.0
553.108000087738	0.09998000000007323	epochs	1.0
553.9759998321533	0.6499800000000278	epochs	0.0
553.9759998321533	0.049999999999954525	epochs	1.0
554.0259998321533	0.5	epochs	1.0
554.5259998321533	0.09998000000007323	epochs	1.0
555.3929996490479	0.6499800000000278	epochs	0.0
555.3929996490479	0.049999999999954525	epochs	1.0
555.4429996490478	0.5	epochs	1.0
555.9429996490478	0.09998000000007323	epochs	1.0
556.8090000152588	0.6499800000000278	epochs	0.0
556.8090000152588	0.049999999999954525	epochs	1.0
556.8590000152587	0.5	epochs	1.0
557.3590000152587	0.09998000000007323	epochs	1.0
558.2760000228882	0.6499800000000278	epochs	0.0
558.2760000228882	0.049999999999954525	epochs	1.0
558.3260000228881	0.5	epochs	1.0
558.8260000228881	0.09998000000007323	epochs	1.0
559.7089996337891	0.6499800000000278	epochs	0.0
559.7089996337891	0.049999999999954525	epochs	1.0
559.758999633789	0.5	epochs	1.0
560.258999633789	0.09998000000007323	epochs	1.0
561.1929998397827	0.6499800000000278	epochs	0.0
561.1929998397827	0.049999999999954525	epochs	1.0
561.2429998397827	0.5	epochs	1.0
561.7429998397827	0.09998000000007323	epochs	1.0
562.6759996414185	0.12283999999999651	epochs	0.0
562.6759996414185	0.056420399999979054	epochs	1.0
562.7324200414184	0.0099992000000384	epochs	1.0
562.7424192414185	0.056420399999979054	epochs	1.0
562.7988396414185	3.037559999999985	epochs	0.0
562.7988396414185	0.5	epochs	1.0
562.7988497414185	0.5	epochs	-1.0
563.2988396414185	1.0	epochs	1.0
564.2988396414185	1.537559999999985	epochs	1.0
564.7988497414185	0.5	epochs	-1.0
565.2988497414185	0.5	epochs	-1.0
565.8363996414184	2.4624200000000656	epochs	0.0
567.875	0.12283999999999651	epochs	0.0
567.875	0.056420399999979054	epochs	1.0
567.9314204	0.0099992000000384	epochs	1.0
567.9414196	0.056420399999979054	epochs	1.0
567.99784	0.5171599999999899	epochs	0.0
567.99784	0.5	epochs	1.0
567.9978501	0.5	epochs	-1.0
568.49784	0.01715999999998985	epochs	1.0
568.515	4.982820000000061	epochs	0.0
573.0910000801086	0.12283999999999651	epochs	0.0
573.0910000801086	0.056420399999979054	epochs	1.0
573.1474204801086	0.0099992000000384	epochs	1.0
573.1574196801087	0.056420399999979054	epochs	1.0
573.2138400801086	3.037559999999985	epochs	0.0
573.2138400801086	0.5	epochs	1.0
573.2138501801087	0.5	epochs	-1.0
573.7138400801086	1.0	epochs	1.0
574.7138400801086	1.537559999999985	epochs	1.0
575.2138501801087	0.5	epochs	-1.0
575.7138501801087	0.5	epochs	-1.0
576.2514000801086	2.4624200000000656	epochs	0.0
578.289999961853	0.12283999999999651	epochs	0.0
578.289999961853	0.056420399999979054	epochs	1.0
578.346420361853	0.0099992000000384	epochs	1.0
578.356419561853	0.056420399999979054	epochs	1.0
578.412839961853	2.5371000000000095	epochs	0.0
578.412839961853	0.5	epochs	1.0
578.4128500618531	0.5	epochs	-1.0
578.912839961853	1.0	epochs	1.0
579.912839961853	1.0371000000000095	epochs	1.0
580.4128500618531	0.5	epochs	-1.0
580.949939961853	2.962880000000041	epochs	0.0
583.5809998512268	0.12283999999999651	epochs	0.0
583.5809998512268	0.056420399999979054	epochs	1.0
583.6374202512268	0.0099992000000384	epochs	1.0
583.6474194512268	0.056420399999979054	epochs	1.0
583.7038398512268	2.5375999999999976	epochs	0.0
583.7038398512268	0.5	epochs	1.0
583.7038499512269	0.5	epochs	-1.0
584.2038398512268	1.0	epochs	1.0
585.2038398512268	1.0375999999999976	epochs	1.0
585.7038499512269	0.5	epochs	-1.0
586.2414398512268	2.962380000000053	epochs	0.0
588.7649998664856	0.12283999999999651	epochs	0.0
588.7649998664856	0.056420399999979054	epochs	1.0
588.8214202664856	0.0099992000000384	epochs	1.0
588.8314194664856	0.056420399999979054	epochs	1.0
588.8878398664856	2.5375999999999976	epochs	0.0
588.8878398664856	0.5	epochs	1.0
588.8878499664856	0.5	epochs	-1.0
589.3878398664856	1.0	epochs	1.0
590.3878398664856	1.0375999999999976	epochs	1.0
590.8878499664856	0.5	epochs	-1.0
591.4254398664856	3.962380000000053	epochs	0.0
592.3480000495911	0.12283999999999651	epochs	0.0
592.3480000495911	0.056420399999979054	epochs	1.0
592.404420449591	0.0099992000000384	epochs	1.0
592.4144196495911	0.056420399999979054	epochs	1.0
592.4708400495911	2.536860000000047	epochs	0.0
592.4708400495911	0.5	epochs	1.0
592.4708501495911	0.5	epochs	-1.0
592.9708400495911	1.0	epochs	1.0
593.9708400495911	1.036860000000047	epochs	1.0
594.4708501495911	0.5	epochs	-1.0
595.0077000495911	3.9631200000000035	epochs	0.0
595.8740000724792	0.12283999999999651	epochs	0.0
595.8740000724792	0.056420399999979054	epochs	1.0
595.9304204724792	0.0099992000000384	epochs	1.0
595.9404196724793	0.056420399999979054	epochs	1.0
595.9968400724792	2.5372200000000475	epochs	0.0
595.9968400724792	0.5	epochs	1.0
595.9968501724793	0.5	epochs	-1.0
596.4968400724792	1.0	epochs	1.0
597.4968400724792	1.0372200000000475	epochs	1.0
597.9968501724793	0.5	epochs	-1.0
598.5340600724793	3.962760000000003	epochs	0.0
599.4070000648499	0.12283999999999651	epochs	0.0
599.4070000648499	0.056420399999979054	epochs	1.0
599.4634204648498	0.0099992000000384	epochs	1.0
599.4734196648499	0.056420399999979054	epochs	1.0
599.5298400648499	2.5368399999999838	epochs	0.0
599.5298400648499	0.5	epochs	1.0
599.5298501648499	0.5	epochs	-1.0
600.0298400648499	1.0	epochs	1.0
601.0298400648499	1.0368399999999838	epochs	1.0
601.5298501648499	0.5	epochs	-1.0
602.0666800648498	3.9631400000000667	epochs	0.0
602.923999786377	0.12283999999999651	epochs	0.0
602.923999786377	0.056420399999979054	epochs	1.0
602.9804201863769	0.0099992000000384	epochs	1.0
602.990419386377	0.056420399999979054	epochs	1.0
603.046839786377	2.5367200000000594	epochs	0.0
603.046839786377	0.5	epochs	1.0
603.046849886377	0.5	epochs	-1.0
603.546839786377	1.0	epochs	1.0
604.546839786377	1.0367200000000594	epochs	1.0
605.046849886377	0.5	epochs	-1.0
605.583559786377	3.963259999999991	epochs	0.0
606.4689998626709	0.12283999999999651	epochs	0.0
606.4689998626709	0.056420399999979054	epochs	1.0
606.5254202626709	0.0099992000000384	epochs	1.0
606.5354194626709	0.056420399999979054	epochs	1.0
606.5918398626709	2.53708000000006	epochs	0.0
606.5918398626709	0.5	epochs	1.0
606.591849962671	0.5	epochs	-1.0
607.0918398626709	1.0	epochs	1.0
608.0918398626709	1.03708000000006	epochs	1.0
608.591849962671	0.5	epochs	-1.0
609.128919862671	3.9628999999999905	epochs	0.0
619.3919997215271	0.12279999999998381	epochs	0.0
619.3919997215271	0.05640200000004825	epochs	1.0
619.4484017215271	0.009996000000001004	epochs	1.0
619.4583977215271	0.05640199999993456	epochs	1.0
619.5147997215271	2.0	epochs	0.0
621.5147997215271	5.377280000000042	epochs	0.0
621.5147997215271	1.0	epochs	1.0
621.5148498215272	0.5	epochs	-1.0
622.0148498215272	4.877229899999975	epochs	-1.0
622.5147997215271	4.377280000000042	epochs	1.0
622.5147997215271	4.356753900000058	epochs	-1.0
622.5147997215271	1.9745871999999736	epochs	2.0
622.5147997215271	1.0985622000000603	epochs	3.0
623.6133619215271	0.8760249999999132	epochs	3.0
624.4893869215271	1.3524075000000266	epochs	2.0
624.4893869215271	0.7286354999999958	epochs	3.0
625.218022421527	0.6237720000000309	epochs	3.0
625.8417944215271	1.0297592000000577	epochs	2.0
625.8417944215271	0.5453293000000485	epochs	3.0
626.3871237215271	0.4844299000000092	epochs	3.0
626.8715536215271	0.02052609999998367	epochs	2.0
626.8715536215271	0.02052609999998367	epochs	3.0
626.8920797215271	16.622639999999933	epochs	0.0
627.8989996910095	0.12279999999998381	epochs	0.0
627.8989996910095	0.05640200000004825	epochs	1.0
627.9554016910096	0.009996000000001004	epochs	1.0
627.9653976910096	0.05640199999993456	epochs	1.0
628.0217996910095	2.0	epochs	0.0
630.0217996910095	21.999919999999975	epochs	0.0
630.0217996910095	1.0	epochs	1.0
630.0218497910096	0.5	epochs	-1.0
630.5218497910096	19.99928	epochs	-1.0
631.0217996910095	20.0	epochs	1.0
631.0217996910095	4.356753900000058	epochs	-1.0
631.0217996910095	1.9745871999999736	epochs	2.0
631.0217996910095	1.0985622000000603	epochs	3.0
632.1203618910096	0.8760249999999132	epochs	3.0
632.9963868910095	1.3524075000000266	epochs	2.0
632.9963868910095	0.7286354999999958	epochs	3.0
633.7250223910095	0.6237720000000309	epochs	3.0
634.3487943910095	1.0297592000000577	epochs	2.0
634.3487943910095	0.5453293000000485	epochs	3.0
634.8941236910096	0.4844299000000092	epochs	3.0
635.3785535910096	0.8317862000000105	epochs	2.0
635.3785535910096	0.4357762999999295	epochs	3.0
635.8143298910095	0.39600990000008096	epochs	3.0
636.2103397910096	0.6977969999999232	epochs	2.0
636.2103397910096	0.36289819999990414	epochs	3.0
636.5732379910095	0.33489880000001904	epochs	3.0
636.9081367910095	0.601045699999986	epochs	2.0
636.9081367910095	0.3109123000000409	epochs	3.0
637.2190490910095	0.29013339999994514	epochs	3.0
637.5091824910095	0.5278859000000011	epochs	2.0
637.5091824910095	0.2719586000000618	epochs	3.0
637.7811410910095	0.25592729999993935	epochs	3.0
638.0370683910095	0.4706193000000667	epochs	2.0
638.0370683910095	0.241681299999982	epochs	3.0
638.2787496910095	0.22893800000008468	epochs	3.0
638.5076876910096	0.42457039999999324	epochs	2.0
638.5076876910096	0.21747140000002219	epochs	3.0
638.7251590910096	0.20709899999997106	epochs	3.0
638.9322580910095	0.3867354000000205	epochs	2.0
638.9322580910095	0.19767109999997956	epochs	3.0
639.1299291910095	0.18906430000004093	epochs	3.0
639.3189934910096	0.35509529999990264	epochs	2.0
639.3189934910096	0.18117589999997108	epochs	3.0
639.5001693910095	0.17391939999993156	epochs	3.0
639.6740887910095	0.3282431000000088	epochs	2.0
639.6740887910095	0.1672219000000723	epochs	3.0
639.8413106910095	0.16102119999993647	epochs	3.0
640.0023318910095	0.30516800000009425	epochs	2.0
640.0023318910095	0.15526390000002266	epochs	3.0
640.1575957910095	0.1499041000000716	epochs	3.0
640.3074998910096	0.28512530000000424	epochs	2.0
640.3074998910096	0.1449020999999675	epochs	3.0
640.4524019910095	0.14022320000003674	epochs	3.0
640.5926251910096	0.2675537999999733	epochs	2.0
640.5926251910096	0.1358368999999584	epochs	3.0
640.7284620910095	0.1317169000000149	epochs	3.0
640.8601789910095	0.252022899999929	epochs	2.0
640.8601789910095	0.1278393000000051	epochs	3.0
640.9880182910096	0.1241835999999239	epochs	3.0
641.1122018910095	0.23819650000007186	epochs	2.0
641.1122018910095	0.12073110000005727	epochs	3.0
641.2329329910095	0.1174654000000146	epochs	3.0
641.3503983910095	0.2258087999999816	epochs	2.0
641.3503983910095	0.1143718999999237	epochs	3.0
641.4647702910095	0.1114369000000579	epochs	3.0
641.5762071910095	0.2146460000000161	epochs	2.0
641.5762071910095	0.10864890000004834	epochs	3.0
641.6848560910096	0.10599709999996776	epochs	3.0
641.7908531910095	0.20453499999996438	epochs	2.0
641.7908531910095	0.10347149999995509	epochs	3.0
641.8943246910095	0.1010635000000093	epochs	3.0
641.9953881910095	0.19533400000000256	epochs	2.0
641.9953881910095	0.09876510000003691	epochs	3.0
642.0941532910095	0.09656889999996565	epochs	3.0
642.1907221910095	0.18692529999998442	epochs	2.0
642.1907221910095	0.09446830000001682	epochs	3.0
642.2851904910095	0.09245699999996759	epochs	3.0
642.3776474910095	0.17921069999999872	epochs	2.0
642.3776474910095	0.09052959999996801	epochs	3.0
642.4681770910095	0.08868110000003071	epochs	3.0
642.5568581910095	0.17210769999996955	epochs	2.0
642.5568581910095	0.08690630000000965	epochs	3.0
642.6437644910095	0.0852013999999599	epochs	3.0
642.7289658910095	0.16554640000003928	epochs	2.0
642.7289658910095	0.08356190000006336	epochs	3.0
642.8125277910095	0.08198449999997592	epochs	3.0
642.8945122910095	0.15946710000002895	epochs	2.0
642.8945122910095	0.08046539999998004	epochs	3.0
642.9749776910095	0.07900170000004891	epochs	3.0
643.0539793910095	0.15381839999997737	epochs	2.0
643.0539793910095	0.07759009999995214	epochs	3.0
643.1315694910095	0.07622830000002523	epochs	3.0
643.2077977910095	0.14855639999996129	epochs	2.0
643.2077977910095	0.07491330000004837	epochs	3.0
643.2827110910096	0.07364309999991292	epochs	3.0
643.3563541910095	0.14364240000008976	epochs	2.0
643.3563541910095	0.07241500000009182	epochs	3.0
643.4287691910096	0.07122739999999794	epochs	3.0
643.4999965910096	0.13904309999998077	epochs	2.0
643.4999965910096	0.07007799999996678	epochs	3.0
643.5700745910095	0.06896510000001399	epochs	3.0
643.6390396910095	0.1347293000000036	epochs	2.0
643.6390396910095	0.0678871000000072	epochs	3.0
643.7069267910096	0.06684219999999641	epochs	3.0
643.7737689910095	0.13067519999992783	epochs	2.0
643.7737689910095	0.06582909999997355	epochs	3.0
643.8395980910095	0.06484609999995428	epochs	3.0
643.9044441910095	0.12685780000003888	epochs	2.0
643.9044441910095	0.06389200000000983	epochs	3.0
643.9683361910095	0.06296580000002905	epochs	3.0
644.0313019910095	0.12325720000001184	epochs	2.0
644.0313019910095	0.06206580000002759	epochs	3.0
644.0933677910095	0.06119139999998424	epochs	3.0
644.1545591910095	0.11985540000000583	epochs	2.0
644.1545591910095	0.060341099999959624	epochs	3.0
644.2149002910095	0.059514300000046205	epochs	3.0
644.2744145910095	0.11663620000001629	epochs	2.0
644.2744145910095	0.05870960000004288	epochs	3.0
644.3331241910096	0.057926599999973405	epochs	3.0
644.3910507910095	0.11358559999996487	epochs	2.0
644.3910507910095	0.05716419999998834	epochs	3.0
644.4482149910095	0.05642139999997653	epochs	3.0
644.5046363910095	0.11069050000003244	epochs	2.0
644.5046363910095	0.055697900000041045	epochs	3.0
644.5603342910096	0.0549925999999914	epochs	3.0
644.6153268910095	0.10793909999995321	epochs	2.0
644.6153268910095	0.05430490000003374	epochs	3.0
644.6696317910096	0.053634199999919474	epochs	3.0
644.7232659910095	0.10532150000005913	epochs	2.0
644.7232659910095	0.05298000000004777	epochs	3.0
644.7762459910095	0.052341500000011365	epochs	3.0
644.8285874910096	0.10282759999995505	epochs	2.0
644.8285874910096	0.05171810000001642	epochs	3.0
644.8803055910096	0.051109499999938635	epochs	3.0
644.9314150910095	0.10044909999999163	epochs	2.0
644.9314150910095	0.050514900000052876	epochs	3.0
644.9819299910096	0.049934199999938755	epochs	3.0
645.0318641910095	0.0981782999999723	epochs	2.0
645.0318641910095	0.04936659999998483	epochs	3.0
645.0812307910095	0.04881169999998747	epochs	3.0
645.1300424910095	0.09600780000005216	epochs	2.0
645.1300424910095	0.04826920000004975	epochs	3.0
645.1783116910095	0.04773860000000241	epochs	3.0
645.2260502910095	0.09393120000004274	epochs	2.0
645.2260502910095	0.04721949999998287	epochs	3.0
645.2732697910095	0.046711700000059864	epochs	3.0
645.3199814910096	0.09194259999992482	epochs	2.0
645.3199814910096	0.046214599999984785	epochs	3.0
645.3661960910096	0.04572799999994004	epochs	3.0
645.4119240910095	0.09003630000006524	epochs	2.0
645.4119240910095	0.04525150000006306	epochs	3.0
645.4571755910096	0.04478480000000218	epochs	3.0
645.5019603910096	0.08820759999991878	epochs	2.0
645.5019603910096	0.04432779999990544	epochs	3.0
645.5462881910095	0.04387980000001335	epochs	3.0
645.5901679910095	0.0864516999999978	epochs	2.0
645.5901679910095	0.04344100000002982	epochs	3.0
645.6336089910095	0.04301069999996798	epochs	3.0
645.6766196910095	0.0847643000000744	epochs	2.0
645.6766196910095	0.04258900000002086	epochs	3.0
645.7192086910095	0.04217530000005354	epochs	3.0
645.7613839910096	0.08314150000001064	epochs	2.0
645.7613839910096	0.041769699999917975	epochs	3.0
645.8031536910095	0.04137180000009266	epochs	3.0
645.8445254910096	0.08157969999990655	epochs	2.0
645.8445254910096	0.040981399999964196	epochs	3.0
645.8855068910095	0.040598299999942355	epochs	3.0
645.9261051910095	0.08007550000002084	epochs	2.0
645.9261051910095	0.040222300000095856	epochs	3.0
645.9663274910096	0.03985319999992498	epochs	3.0
646.0061806910095	0.07862570000008873	epochs	2.0
646.0061806910095	0.039490800000066884	epochs	3.0
646.0456714910096	0.039134900000021844	epochs	3.0
646.0848063910096	0.07722759999990103	epochs	2.0
646.0848063910096	0.03878539999993791	epochs	3.0
646.1235917910095	0.03844219999996312	epochs	3.0
646.1620339910095	0.07587820000003376	epochs	2.0
646.1620339910095	0.038104800000041905	epochs	3.0
646.2001387910095	0.03777339999999185	epochs	3.0
646.2379121910095	0.0745752000000266	epochs	2.0
646.2379121910095	0.03744770000002973	epochs	3.0
646.2753598910095	0.03712749999999687	epochs	3.0
646.3124873910095	0.07331629999998768	epochs	2.0
646.3124873910095	0.036812899999972615	epochs	3.0
646.3493002910095	0.03650340000001506	epochs	3.0
646.3858036910095	0.07209899999998015	epochs	2.0
646.3858036910095	0.03619909999997617	epochs	3.0
646.4220027910095	0.03589990000000398	epochs	3.0
646.4579026910095	0.07092169999998532	epochs	2.0
646.4579026910095	0.03560560000005353	epochs	3.0
646.4935082910096	0.035316099999931794	epochs	3.0
646.5288243910095	0.06978200000003199	epochs	2.0
646.5288243910095	0.03503120000004856	epochs	3.0
646.5638555910095	0.03475079999998343	epochs	3.0
646.5986063910095	0.06867859999999837	epochs	2.0
646.5986063910095	0.03447510000000875	epochs	3.0
646.6330814910095	0.03420349999998962	epochs	3.0
646.6672849910095	0.06760929999995824	epochs	2.0
646.6672849910095	0.033936199999970995	epochs	3.0
646.7012211910095	0.033673099999987244	epochs	3.0
646.7348942910095	0.06657290000009652	epochs	2.0
646.7348942910095	0.03341399999999339	epochs	3.0
646.7683082910095	0.03315890000010313	epochs	3.0
646.8014671910096	0.06556779999993978	epochs	2.0
646.8014671910096	0.03290769999989607	epochs	3.0
646.8343748910095	0.03266010000004371	epochs	3.0
646.8670349910095	0.06459259999996902	epochs	2.0
646.8670349910095	0.032416399999988244	epochs	3.0
646.8994513910095	0.03217619999998078	epochs	3.0
646.9316275910095	0.06364600000006249	epochs	2.0
646.9316275910095	0.03193959999998697	epochs	3.0
646.9635671910095	0.03170640000007552	epochs	3.0
646.9952735910095	0.0627266999999847	epochs	2.0
646.9952735910095	0.03147660000001906	epochs	3.0
647.0267501910096	0.03125009999996564	epochs	3.0
647.0580002910095	0.06183359999999993	epochs	2.0
647.0580002910095	0.031026900000028945	epochs	3.0
647.0890271910096	0.030806699999970988	epochs	3.0
647.1198338910095	0.06096560000003137	epochs	2.0
647.1198338910095	0.030589800000029754	epochs	3.0
647.1504236910096	0.030375800000001618	epochs	3.0
647.1807994910096	0.06012160000000222	epochs	2.0
647.1807994910096	0.03016489999993155	epochs	3.0
647.2109643910095	0.02995670000007067	epochs	3.0
647.2409210910096	0.05930069999999432	epochs	2.0
647.2409210910096	0.02975159999994048	epochs	3.0
647.2706726910095	0.02954910000005384	epochs	3.0
647.3002217910096	0.05850179999993088	epochs	2.0
647.3002217910096	0.02934940000000097	epochs	3.0
647.3295711910096	0.029152399999929912	epochs	3.0
647.3587235910095	0.057724200000052406	epochs	2.0
647.3587235910095	0.028957999999988715	epochs	3.0
647.3876815910095	0.02876620000006369	epochs	3.0
647.4164477910095	0.05696709999995164	epochs	2.0
647.4164477910095	0.028576999999927466	epochs	3.0
647.4450247910095	0.028390100000024177	epochs	3.0
647.4734148910095	0.05622949999997218	epochs	2.0
647.4734148910095	0.028205700000057732	epochs	3.0
647.5016205910096	0.028023799999914445	epochs	3.0
647.5296443910095	0.05551070000001346	epochs	2.0
647.5296443910095	0.02784400000007281	epochs	3.0
647.5574883910095	0.027666699999940647	epochs	3.0
647.5851550910095	0.054810200000019904	epochs	2.0
647.5851550910095	0.02749149999999645	epochs	3.0
647.6126465910095	0.027318700000023455	epochs	3.0
647.6399652910095	0.05412699999999404	epochs	2.0
647.6399652910095	0.027147799999966082	epochs	3.0
647.6671130910095	0.02697920000002796	epochs	3.0
647.6940922910095	0.0534607000000733	epochs	2.0
647.6940922910095	0.0268125999999711	epochs	3.0
647.7209048910095	0.026648100000102204	epochs	3.0
647.7475529910096	0.05281070000000909	epochs	2.0
647.7475529910096	0.026485600000000886	epochs	3.0
647.7740385910096	0.026325100000008206	epochs	3.0
647.8003636910096	0.05217619999996259	epochs	2.0
647.8003636910096	0.026166399999965506	epochs	3.0
647.8265300910095	0.026009799999997085	epochs	3.0
647.8525398910095	0.051556699999991906	epochs	2.0
647.8525398910095	0.025854799999933675	epochs	3.0
647.8783946910095	0.02570190000005823	epochs	3.0
647.9040965910095	0.05095189999997274	epochs	2.0
647.9040965910095	0.025550699999939752	epochs	3.0
647.9296472910095	0.025401200000032986	epochs	3.0
647.9550484910095	0.05036100000006627	epochs	2.0
647.9550484910095	0.025253499999962514	epochs	3.0
647.9803019910095	0.025107500000103755	epochs	3.0
648.0054094910096	0.049783800000000156	epochs	2.0
648.0054094910096	0.02496320000000196	epochs	3.0
648.0303726910096	0.024820599999998194	epochs	3.0
648.0551932910096	0.04921949999993558	epochs	2.0
648.0551932910096	0.024679399999968155	epochs	3.0
648.0798726910095	0.024540099999967424	epochs	3.0
648.1044127910095	0.04866790000005494	epochs	2.0
648.1044127910095	0.02440209999997478	epochs	3.0
648.1288148910095	0.024265800000080162	epochs	3.0
648.1530806910096	0.048128599999927246	epochs	2.0
648.1530806910096	0.024131000000011227	epochs	3.0
648.1772116910096	0.02399759999991602	epochs	3.0
648.2012092910095	0.047601100000065344	epochs	2.0
648.2012092910095	0.023865800000066884	epochs	3.0
648.2250750910096	0.02373529999999846	epochs	3.0
648.2488103910096	0.04708499999992455	epochs	2.0
648.2488103910096	0.023606299999983094	epochs	3.0
648.2724166910095	0.023478699999941455	epochs	3.0
648.2958953910095	0.04658000000006268	epochs	2.0
648.2958953910095	0.02335249999998723	epochs	3.0
648.3192478910095	0.02322750000007545	epochs	3.0
648.3424753910095	0.04608569999993506	epochs	2.0
648.3424753910095	0.023103999999989355	epochs	3.0
648.3655793910095	0.022981699999945704	epochs	3.0
648.3885610910095	0.045601799999985815	epochs	2.0
648.3885610910095	0.022860700000023826	epochs	3.0
648.4114217910095	0.02274109999996199	epochs	3.0
648.4341628910095	0.04512790000001132	epochs	2.0
648.4341628910095	0.022622500000011314	epochs	3.0
648.4567853910095	0.02250540000000001	epochs	3.0
648.4792907910095	0.0446638000000803	epochs	2.0
648.4792907910095	0.022389300000099865	epochs	3.0
648.5016800910096	0.022274499999980435	epochs	3.0
648.5239545910096	0.04420919999995476	epochs	2.0
648.5239545910096	0.022160799999937808	epochs	3.0
648.5461153910095	0.022048400000016954	epochs	3.0
648.5681637910095	0.043763600000033875	epochs	2.0
648.5681637910095	0.021936900000014248	epochs	3.0
648.5901006910095	0.021826700000019628	epochs	3.0
648.6119273910095	0.04332709999994222	epochs	2.0
648.6119273910095	0.021717599999988124	epochs	3.0
648.6336449910095	0.021609499999954096	epochs	3.0
648.6552544910095	0.04289900000003399	epochs	2.0
648.6552544910095	0.02150249999999687	epochs	3.0
648.6767569910095	0.021396500000037122	epochs	3.0
648.6981534910095	0.042479500000013104	epochs	2.0
648.6981534910095	0.02129170000000613	epochs	3.0
648.7194451910095	0.021187800000006973	epochs	3.0
648.7406329910095	0.042067900000006375	epochs	2.0
648.7406329910095	0.02108490000000529	epochs	3.0
648.7617178910095	0.020983000000001084	epochs	3.0
648.7827008910095	0.04166439999994509	epochs	2.0
648.7827008910095	0.020882199999959994	epochs	3.0
648.8035830910095	0.020782199999985096	epochs	3.0
648.8243652910095	0.04126850000000104	epochs	2.0
648.8243652910095	0.020683300000087	epochs	3.0
648.8450485910096	0.02058519999991404	epochs	3.0
648.8656337910095	0.04088000000001557	epochs	2.0
648.8656337910095	0.020488100000079612	epochs	3.0
648.8861218910096	0.02039189999993596	epochs	3.0
648.9065137910095	0.04049880000002304	epochs	2.0
648.9065137910095	0.020296600000051512	epochs	3.0
648.9268103910096	0.020202199999971526	epochs	3.0
648.9470125910095	0.04012460000001283	epochs	2.0
648.9470125910095	0.02010870000003706	epochs	3.0
648.9671212910096	0.020015899999975773	epochs	3.0
648.9871371910095	0.03975730000001931	epochs	2.0
648.9871371910095	0.019924199999991288	epochs	3.0
649.0070613910095	0.019833100000028026	epochs	3.0
649.0268944910096	0.03939669999999751	epochs	2.0
649.0268944910096	0.01974299999994855	epochs	3.0
649.0466374910095	0.019653700000048957	epochs	3.0
649.0662911910096	0.03904239999997117	epochs	2.0
649.0662911910096	0.01956510000002254	epochs	3.0
649.0858562910096	0.019477299999948627	epochs	3.0
649.1053335910095	0.03869459999998526	epochs	2.0
649.1053335910095	0.019390400000020236	epochs	3.0
649.1247239910095	0.01930419999996502	epochs	3.0
649.1440281910095	0.03835290000006353	epochs	2.0
649.1440281910095	0.019218799999976	epochs	3.0
649.1632469910095	0.01913410000008753	epochs	3.0
649.1823810910096	0.038017199999899276	epochs	2.0
649.1823810910096	0.01905019999992419	epochs	3.0
649.2014312910095	0.018966999999975087	epochs	3.0
649.2203982910095	0.037687200000050325	epochs	2.0
649.2203982910095	0.01888450000001285	epochs	3.0
649.2392827910095	0.018802700000037476	epochs	3.0
649.2580854910095	0.03736309999999321	epochs	2.0
649.2580854910095	0.018721700000014607	epochs	3.0
649.2768071910095	0.018641399999978603	epochs	3.0
649.2954485910095	0.03704430000004777	epochs	2.0
649.2954485910095	0.01856159999999818	epochs	3.0
649.3140101910095	0.01848270000004959	epochs	3.0
649.3324928910096	0.03673099999991791	epochs	2.0
649.3324928910096	0.018404299999929208	epochs	3.0
649.3508971910095	0.018326699999988705	epochs	3.0
649.3692238910095	0.036422900000047775	epochs	2.0
649.3692238910095	0.018249599999990096	epochs	3.0
649.3874734910095	0.01817330000005768	epochs	3.0
649.4056467910095	0.03612009999994825	epochs	2.0
649.4056467910095	0.0180976000000328	epochs	3.0
649.4237443910096	0.018022499999915453	epochs	3.0
649.4417668910095	0.03582210000001851	epochs	2.0
649.4417668910095	0.017947900000081063	epochs	3.0
649.4597147910096	0.017874199999937446	epochs	3.0
649.4775889910095	0.03552899999999681	epochs	2.0
649.4775889910095	0.017800800000031813	epochs	3.0
649.4953897910095	0.017728199999965	epochs	3.0
649.5131179910095	0.03524070000003121	epochs	2.0
649.5131179910095	0.017656100000067454	epochs	3.0
649.5307740910096	0.017584599999963757	epochs	3.0
649.5483586910095	0.034957100000042374	epochs	2.0
649.5483586910095	0.01751369999999497	epochs	3.0
649.5658723910095	0.017443400000047404	epochs	3.0
649.5833157910096	0.034677899999906	epochs	2.0
649.5833157910096	0.017373599999928047	epochs	3.0
649.6006893910095	0.017304299999977957	epochs	3.0
649.6179936910095	0.03440330000000813	epochs	2.0
649.6179936910095	0.01723570000001473	epochs	3.0
649.6352293910095	0.0171675999999934	epochs	3.0
649.6523969910095	0.0341328000000658	epochs	2.0
649.6523969910095	0.017099900000062007	epochs	3.0
649.6694968910095	0.017032900000003792	epochs	3.0
649.6865297910095	0.033866699999975935	epochs	2.0
649.6865297910095	0.01696640000000116	epochs	3.0
649.7034961910095	0.016900299999974777	epochs	3.0
649.7203964910095	0.03360459999998966	epochs	2.0
649.7203964910095	0.01683479999996962	epochs	3.0
649.7372312910095	0.01676980000002004	epochs	3.0
649.7540010910095	0.033346599999958926	epochs	2.0
649.7540010910095	0.016705300000012357	epochs	3.0
649.7707063910095	0.01664129999994657	epochs	3.0
649.7873476910095	0.03309250000006614	epochs	2.0
649.7873476910095	0.016577800000050047	epochs	3.0
649.8039254910095	0.01651470000001609	epochs	3.0
649.8204401910095	0.03284229999997024	epochs	2.0
649.8204401910095	0.01645220000000336	epochs	3.0
649.8368923910095	0.01639009999996688	epochs	3.0
649.8532824910095	0.03259570000000167	epochs	2.0
649.8532824910095	0.016328400000020338	epochs	3.0
649.8696108910095	0.016267299999981333	epochs	3.0
649.8858781910095	0.032352899999978035	epochs	2.0
649.8858781910095	0.016206600000032267	epochs	3.0
649.9020847910095	0.016146299999945768	epochs	3.0
649.9182310910095	0.032113700000081735	epochs	2.0
649.9182310910095	0.016086599999994178	epochs	3.0
649.9343176910095	0.016027100000087557	epochs	3.0
649.9503447910096	0.03187800000000607	epochs	2.0
649.9503447910096	0.015968199999974786	epochs	3.0
649.9663129910095	0.015909800000031282	epochs	3.0
649.9822227910096	0.03164569999989908	epochs	2.0
649.9822227910096	0.015851599999905375	epochs	3.0
649.9980743910095	0.015794099999993705	epochs	3.0
650.0138684910095	0.0314167000000225	epochs	2.0
650.0138684910095	0.015736700000047676	epochs	3.0
650.0296051910095	0.015679999999974825	epochs	3.0
650.0452851910095	0.031191100000000915	epochs	2.0
650.0452851910095	0.015623600000026272	epochs	3.0
650.0609087910095	0.015567499999974643	epochs	3.0
650.0764762910095	0.030968700000016725	epochs	2.0
650.0764762910095	0.015512000000057924	epochs	3.0
650.0919882910096	0.0154566999999588	epochs	3.0
650.1074449910095	0.030749499999956242	epochs	2.0
650.1074449910095	0.015401999999994587	epochs	3.0
650.1228469910095	0.015347499999961656	epochs	3.0
650.1381944910095	0.03053320000003623	epochs	2.0
650.1381944910095	0.015293400000018664	epochs	3.0
650.1534878910095	0.015239800000017567	epochs	3.0
650.1687276910095	0.03032010000003993	epochs	2.0
650.1687276910095	0.015186500000027081	epochs	3.0
650.1839141910095	0.015133600000012848	epochs	3.0
650.1990477910095	0.030109899999956724	epochs	2.0
650.1990477910095	0.015081000000009226	epochs	3.0
650.2141287910096	0.015028899999947498	epochs	3.0
650.2291576910095	0.02990250000004835	epochs	2.0
650.2291576910095	0.014977000000044427	epochs	3.0
650.2441346910095	0.014925500000003922	epochs	3.0
650.2590601910096	0.029698100000018712	epochs	2.0
650.2590601910096	0.01487439999993967	epochs	3.0
650.2739345910095	0.014823700000079043	epochs	3.0
650.2887582910096	0.029496299999891562	epochs	2.0
650.2887582910096	0.014773199999922326	epochs	3.0
650.3035314910095	0.014723099999969236	epochs	3.0
650.3182545910095	0.02929740000001857	epochs	2.0
650.3182545910095	0.014673400000106085	epochs	3.0
650.3329279910096	0.014623999999912485	epochs	3.0
650.3475519910095	0.029101100000048064	epochs	2.0
650.3475519910095	0.014574900000070556	epochs	3.0
650.3621268910096	0.014526199999977507	epochs	3.0
650.3766530910095	0.028907399999980044	epochs	2.0
650.3766530910095	0.014477700000043114	epochs	3.0
650.3911307910096	0.014429699999936929	epochs	3.0
650.4055604910095	0.028716199999962555	epochs	2.0
650.4055604910095	0.014381800000023759	epochs	3.0
650.4199422910095	0.014334399999938796	epochs	3.0
650.4342766910095	0.028527600000074926	epochs	2.0
650.4342766910095	0.01428720000001249	epochs	3.0
650.4485638910095	0.014240400000062436	epochs	3.0
650.4628042910095	0.028341399999931127	epochs	2.0
650.4628042910095	0.014193799999929979	epochs	3.0
650.4769980910095	0.014147600000001148	epochs	3.0
650.4911456910095	0.028157700000065233	epochs	2.0
650.4911456910095	0.014101700000082928	epochs	3.0
650.5052473910096	0.014055999999982305	epochs	3.0
650.5193033910095	0.027976299999977527	epochs	2.0
650.5193033910095	0.01401060000000598	epochs	3.0
650.5333139910095	0.013965699999971548	epochs	3.0
650.5472796910095	0.02779720000000907	epochs	2.0
650.5472796910095	0.013920800000050804	epochs	3.0
650.5612004910096	0.013876399999958267	epochs	3.0
650.5750768910095	0.027620400000046175	epochs	2.0
650.5750768910095	0.013832200000024386	epochs	3.0
650.5889090910096	0.013788200000021789	epochs	3.0
650.6026972910096	0.027445899999975154	epochs	2.0
650.6026972910096	0.013744599999995444	epochs	3.0
650.6164418910096	0.01370129999997971	epochs	3.0
650.6301431910096	0.027273499999978412	epochs	2.0
650.6301431910096	0.013658200000008947	epochs	3.0
650.6438013910096	0.013615299999969466	epochs	3.0
650.6574166910095	0.027103399999987232	epochs	2.0
650.6574166910095	0.013572800000019924	epochs	3.0
650.6709894910095	0.013530599999967308	epochs	3.0
650.6845200910095	0.02693520000002536	epochs	2.0
650.6845200910095	0.013488400000028378	epochs	3.0
650.6980084910095	0.013446799999996983	epochs	3.0
650.7114552910095	0.026769199999989723	epochs	2.0
650.7114552910095	0.013405199999965589	epochs	3.0
650.7248604910095	0.013364000000024134	epochs	3.0
650.7382244910095	0.026605199999949036	epochs	2.0
650.7382244910095	0.013322899999934634	epochs	3.0
650.7515473910095	0.013282300000014402	epochs	3.0
650.7648296910095	0.026443200000016986	epochs	2.0
650.7648296910095	0.01324170000009417	epochs	3.0
650.7780713910096	0.013201499999922817	epochs	3.0
650.7912728910095	0.0262831999999662	epochs	2.0
650.7912728910095	0.013161500000023807	epochs	3.0
650.8044343910095	0.013121699999942393	epochs	3.0
650.8175560910095	0.02612500000009277	epochs	2.0
650.8175560910095	0.013082100000019636	epochs	3.0
650.8306381910095	0.013042900000073132	epochs	3.0
650.8436810910096	0.025968899999952555	epochs	2.0
650.8436810910096	0.013003899999944224	epochs	3.0
650.8566849910095	0.012965000000008331	epochs	3.0
650.8696499910095	0.025814500000024054	epochs	2.0
650.8696499910095	0.012926399999969362	epochs	3.0
650.8825763910095	0.012888100000054692	epochs	3.0
650.8954644910095	0.025661899999931848	epochs	2.0
650.8954644910095	0.012849899999991976	epochs	3.0
650.9083143910095	0.012811999999939871	epochs	3.0
650.9211263910095	0.025511200000096323	epochs	2.0
650.9211263910095	0.012774400000012065	epochs	3.0
650.9339007910095	0.012736800000084258	epochs	3.0
650.9466375910096	0.025362299999983406	epochs	2.0
650.9466375910096	0.01269969999998466	epochs	3.0
650.9593372910095	0.012662599999998747	epochs	3.0
650.9719998910095	0.025215000000002874	epochs	2.0
650.9719998910095	0.012625800000023446	epochs	3.0
650.9846256910096	0.012589199999979428	epochs	3.0
650.9972148910095	0.024584799999956886	epochs	2.0
651.0211297910096	0.5	epochs	-1.0
651.0217996910095	0.9999199999999746	epochs	1.0
651.5211297910096	0.5	epochs	-1.0
653.2449998855591	0.12279999999998381	epochs	0.0
653.2449998855591	0.05640200000004825	epochs	1.0
653.3014018855591	0.009996000000001004	epochs	1.0
653.3113978855591	0.05640199999993456	epochs	1.0
653.3677998855591	2.0	epochs	0.0
655.3677998855591	0.5367200000000594	epochs	0.0
655.3677998855591	0.5367200000000594	epochs	1.0
655.3678499855591	0.5	epochs	-1.0
655.8678499855591	0.036669899999992595	epochs	-1.0
655.9045198855591	21.463199999999915	epochs	0.0
657.0169997215271	0.12279999999998381	epochs	0.0
657.0169997215271	0.05640200000004825	epochs	1.0
657.0734017215271	0.009996000000001004	epochs	1.0
657.0833977215271	0.05640199999993456	epochs	1.0
657.1397997215271	2.0	epochs	0.0
659.1397997215271	0.5364799999999832	epochs	0.0
659.1397997215271	0.5364799999999832	epochs	1.0
659.1398498215272	0.5	epochs	-1.0
659.6398498215272	0.036429899999916415	epochs	-1.0
659.6762797215271	21.46343999999999	epochs	0.0
660.7669997215271	0.12279999999998381	epochs	0.0
660.7669997215271	0.05640200000004825	epochs	1.0
660.8234017215271	0.009996000000001004	epochs	1.0
660.8333977215271	0.05640199999993456	epochs	1.0
660.8897997215271	2.0	epochs	0.0
662.8897997215271	0.5373600000000351	epochs	0.0
662.8897997215271	0.5373600000000351	epochs	1.0
662.8898498215272	0.5	epochs	-1.0
663.3898498215272	0.037309899999968366	epochs	-1.0
663.4271597215271	21.46255999999994	epochs	0.0
664.6129999160767	0.12279999999998381	epochs	0.0
664.6129999160767	0.05640200000004825	epochs	1.0
664.6694019160767	0.009996000000001004	epochs	1.0
664.6793979160767	0.05640199999993456	epochs	1.0
664.7357999160766	2.0	epochs	0.0
666.7357999160766	0.5369600000000219	epochs	0.0
666.7357999160766	0.5369600000000219	epochs	1.0
666.7358500160767	0.5	epochs	-1.0
667.2358500160767	0.03690989999995509	epochs	-1.0
667.2727599160767	21.462959999999953	epochs	0.0
668.4629998207092	0.12279999999998381	epochs	0.0
668.4629998207092	0.05640200000004825	epochs	1.0
668.5194018207093	0.009996000000001004	epochs	1.0
668.5293978207093	0.05640199999993456	epochs	1.0
668.5857998207092	2.0	epochs	0.0
670.5857998207092	0.5367200000000594	epochs	0.0
670.5857998207092	0.5367200000000594	epochs	1.0
670.5858499207093	0.5	epochs	-1.0
671.0858499207093	0.036669899999992595	epochs	-1.0
671.1225198207093	21.463199999999915	epochs	0.0
672.2789998054504	0.12279999999998381	epochs	0.0
672.2789998054504	0.05640200000004825	epochs	1.0
672.3354018054505	0.009996000000001004	epochs	1.0
672.3453978054505	0.05640199999993456	epochs	1.0
672.4017998054504	2.0	epochs	0.0
674.4017998054504	21.999919999999975	epochs	0.0
674.4017998054504	1.0	epochs	1.0
674.4018499054505	0.5	epochs	-1.0
674.9018499054505	19.99928	epochs	-1.0
675.4017998054504	20.0	epochs	1.0
675.4017998054504	4.356753900000058	epochs	-1.0
675.4017998054504	1.9745871999999736	epochs	2.0
675.4017998054504	1.0985622000000603	epochs	3.0
676.5003620054505	0.8760249999999132	epochs	3.0
677.3763870054504	1.3524075000000266	epochs	2.0
677.3763870054504	0.7286354999999958	epochs	3.0
678.1050225054504	0.6237720000000309	epochs	3.0
678.7287945054504	1.0297592000000577	epochs	2.0
678.7287945054504	0.5453293000000485	epochs	3.0
679.2741238054505	0.4844299000000092	epochs	3.0
679.7585537054505	0.8317862000000105	epochs	2.0
679.7585537054505	0.4357762999999295	epochs	3.0
680.1943300054504	0.39600990000008096	epochs	3.0
680.5903399054505	0.6977969999999232	epochs	2.0
680.5903399054505	0.36289819999990414	epochs	3.0
680.9532381054504	0.33489880000001904	epochs	3.0
681.2881369054504	0.601045699999986	epochs	2.0
681.2881369054504	0.3109123000000409	epochs	3.0
681.5990492054505	0.29013339999994514	epochs	3.0
681.8891826054504	0.5278859000000011	epochs	2.0
681.8891826054504	0.2719586000000618	epochs	3.0
682.1611412054505	0.25592729999993935	epochs	3.0
682.4170685054504	0.4706193000000667	epochs	2.0
682.4170685054504	0.241681299999982	epochs	3.0
682.6587498054504	0.22893800000008468	epochs	3.0
682.8876878054505	0.42457039999999324	epochs	2.0
682.8876878054505	0.21747140000002219	epochs	3.0
683.1051592054505	0.20709899999997106	epochs	3.0
683.3122582054505	0.3867354000000205	epochs	2.0
683.3122582054505	0.19767109999997956	epochs	3.0
683.5099293054504	0.18906430000004093	epochs	3.0
683.6989936054505	0.35509529999990264	epochs	2.0
683.6989936054505	0.18117589999997108	epochs	3.0
683.8801695054505	0.17391939999993156	epochs	3.0
684.0540889054504	0.3282431000000088	epochs	2.0
684.0540889054504	0.1672219000000723	epochs	3.0
684.2213108054505	0.16102119999993647	epochs	3.0
684.3823320054504	0.30516800000009425	epochs	2.0
684.3823320054504	0.15526390000002266	epochs	3.0
684.5375959054504	0.1499041000000716	epochs	3.0
684.6875000054505	0.28512530000000424	epochs	2.0
684.6875000054505	0.1449020999999675	epochs	3.0
684.8324021054505	0.14022320000003674	epochs	3.0
684.9726253054505	0.2675537999999733	epochs	2.0
684.9726253054505	0.1358368999999584	epochs	3.0
685.1084622054505	0.1317169000000149	epochs	3.0
685.2401791054505	0.252022899999929	epochs	2.0
685.2401791054505	0.1278393000000051	epochs	3.0
685.3680184054505	0.1241835999999239	epochs	3.0
685.4922020054504	0.23819650000007186	epochs	2.0
685.4922020054504	0.12073110000005727	epochs	3.0
685.6129331054505	0.1174654000000146	epochs	3.0
685.7303985054505	0.2258087999999816	epochs	2.0
685.7303985054505	0.1143718999999237	epochs	3.0
685.8447704054504	0.1114369000000579	epochs	3.0
685.9562073054504	0.2146460000000161	epochs	2.0
685.9562073054504	0.10864890000004834	epochs	3.0
686.0648562054505	0.10599709999996776	epochs	3.0
686.1708533054505	0.20453499999996438	epochs	2.0
686.1708533054505	0.10347149999995509	epochs	3.0
686.2743248054504	0.1010635000000093	epochs	3.0
686.3753883054504	0.19533400000000256	epochs	2.0
686.3753883054504	0.09876510000003691	epochs	3.0
686.4741534054505	0.09656889999996565	epochs	3.0
686.5707223054504	0.18692529999998442	epochs	2.0
686.5707223054504	0.09446830000001682	epochs	3.0
686.6651906054504	0.09245699999996759	epochs	3.0
686.7576476054504	0.17921069999999872	epochs	2.0
686.7576476054504	0.09052959999996801	epochs	3.0
686.8481772054504	0.08868110000003071	epochs	3.0
686.9368583054504	0.17210769999996955	epochs	2.0
686.9368583054504	0.08690630000000965	epochs	3.0
687.0237646054504	0.0852013999999599	epochs	3.0
687.1089660054504	0.16554640000003928	epochs	2.0
687.1089660054504	0.08356190000006336	epochs	3.0
687.1925279054504	0.08198449999997592	epochs	3.0
687.2745124054504	0.15946710000002895	epochs	2.0
687.2745124054504	0.08046539999998004	epochs	3.0
687.3549778054504	0.07900170000004891	epochs	3.0
687.4339795054505	0.15381839999997737	epochs	2.0
687.4339795054505	0.07759009999995214	epochs	3.0
687.5115696054504	0.07622830000002523	epochs	3.0
687.5877979054504	0.14855639999996129	epochs	2.0
687.5877979054504	0.07491330000004837	epochs	3.0
687.6627112054505	0.07364309999991292	epochs	3.0
687.7363543054504	0.14364240000008976	epochs	2.0
687.7363543054504	0.07241500000009182	epochs	3.0
687.8087693054505	0.07122739999999794	epochs	3.0
687.8799967054505	0.13904309999998077	epochs	2.0
687.8799967054505	0.07007799999996678	epochs	3.0
687.9500747054504	0.06896510000001399	epochs	3.0
688.0190398054505	0.1347293000000036	epochs	2.0
688.0190398054505	0.0678871000000072	epochs	3.0
688.0869269054505	0.06684219999999641	epochs	3.0
688.1537691054505	0.13067519999992783	epochs	2.0
688.1537691054505	0.06582909999997355	epochs	3.0
688.2195982054504	0.06484609999995428	epochs	3.0
688.2844443054504	0.12685780000003888	epochs	2.0
688.2844443054504	0.06389200000000983	epochs	3.0
688.3483363054504	0.06296580000002905	epochs	3.0
688.4113021054504	0.12325720000001184	epochs	2.0
688.4113021054504	0.06206580000002759	epochs	3.0
688.4733679054505	0.06119139999998424	epochs	3.0
688.5345593054504	0.11985540000000583	epochs	2.0
688.5345593054504	0.060341099999959624	epochs	3.0
688.5949004054504	0.059514300000046205	epochs	3.0
688.6544147054504	0.11663620000001629	epochs	2.0
688.6544147054504	0.05870960000004288	epochs	3.0
688.7131243054505	0.057926599999973405	epochs	3.0
688.7710509054505	0.11358559999996487	epochs	2.0
688.7710509054505	0.05716419999998834	epochs	3.0
688.8282151054505	0.05642139999997653	epochs	3.0
688.8846365054504	0.11069050000003244	epochs	2.0
688.8846365054504	0.055697900000041045	epochs	3.0
688.9403344054505	0.0549925999999914	epochs	3.0
688.9953270054505	0.10793909999995321	epochs	2.0
688.9953270054505	0.05430490000003374	epochs	3.0
689.0496319054505	0.053634199999919474	epochs	3.0
689.1032661054504	0.10532150000005913	epochs	2.0
689.1032661054504	0.05298000000004777	epochs	3.0
689.1562461054505	0.052341500000011365	epochs	3.0
689.2085876054505	0.10282759999995505	epochs	2.0
689.2085876054505	0.05171810000001642	epochs	3.0
689.2603057054505	0.051109499999938635	epochs	3.0
689.3114152054504	0.10044909999999163	epochs	2.0
689.3114152054504	0.050514900000052876	epochs	3.0
689.3619301054505	0.049934199999938755	epochs	3.0
689.4118643054504	0.0981782999999723	epochs	2.0
689.4118643054504	0.04936659999998483	epochs	3.0
689.4612309054504	0.04881169999998747	epochs	3.0
689.5100426054504	0.09600780000005216	epochs	2.0
689.5100426054504	0.04826920000004975	epochs	3.0
689.5583118054504	0.04773860000000241	epochs	3.0
689.6060504054504	0.09393120000004274	epochs	2.0
689.6060504054504	0.04721949999998287	epochs	3.0
689.6532699054504	0.046711700000059864	epochs	3.0
689.6999816054505	0.09194259999992482	epochs	2.0
689.6999816054505	0.046214599999984785	epochs	3.0
689.7461962054505	0.04572799999994004	epochs	3.0
689.7919242054504	0.09003630000006524	epochs	2.0
689.7919242054504	0.04525150000006306	epochs	3.0
689.8371757054505	0.04478480000000218	epochs	3.0
689.8819605054505	0.08820759999991878	epochs	2.0
689.8819605054505	0.04432779999990544	epochs	3.0
689.9262883054504	0.04387980000001335	epochs	3.0
689.9701681054504	0.0864516999999978	epochs	2.0
689.9701681054504	0.04344100000002982	epochs	3.0
690.0136091054504	0.04301069999996798	epochs	3.0
690.0566198054504	0.0847643000000744	epochs	2.0
690.0566198054504	0.04258900000002086	epochs	3.0
690.0992088054504	0.04217530000005354	epochs	3.0
690.1413841054505	0.08314150000001064	epochs	2.0
690.1413841054505	0.041769699999917975	epochs	3.0
690.1831538054504	0.04137180000009266	epochs	3.0
690.2245256054505	0.08157969999990655	epochs	2.0
690.2245256054505	0.040981399999964196	epochs	3.0
690.2655070054504	0.040598299999942355	epochs	3.0
690.3061053054504	0.08007550000002084	epochs	2.0
690.3061053054504	0.040222300000095856	epochs	3.0
690.3463276054505	0.03985319999992498	epochs	3.0
690.3861808054504	0.07862570000008873	epochs	2.0
690.3861808054504	0.039490800000066884	epochs	3.0
690.4256716054505	0.039134900000021844	epochs	3.0
690.4648065054505	0.07722759999990103	epochs	2.0
690.4648065054505	0.03878539999993791	epochs	3.0
690.5035919054504	0.03844219999996312	epochs	3.0
690.5420341054504	0.07587820000003376	epochs	2.0
690.5420341054504	0.038104800000041905	epochs	3.0
690.5801389054504	0.03777339999999185	epochs	3.0
690.6179123054504	0.0745752000000266	epochs	2.0
690.6179123054504	0.03744770000002973	epochs	3.0
690.6553600054505	0.03712749999999687	epochs	3.0
690.6924875054505	0.07331629999998768	epochs	2.0
690.6924875054505	0.036812899999972615	epochs	3.0
690.7293004054504	0.03650340000001506	epochs	3.0
690.7658038054504	0.07209899999998015	epochs	2.0
690.7658038054504	0.03619909999997617	epochs	3.0
690.8020029054504	0.03589990000000398	epochs	3.0
690.8379028054504	0.07092169999998532	epochs	2.0
690.8379028054504	0.03560560000005353	epochs	3.0
690.8735084054505	0.035316099999931794	epochs	3.0
690.9088245054504	0.06978200000003199	epochs	2.0
690.9088245054504	0.03503120000004856	epochs	3.0
690.9438557054505	0.03475079999998343	epochs	3.0
690.9786065054504	0.06867859999999837	epochs	2.0
690.9786065054504	0.03447510000000875	epochs	3.0
691.0130816054505	0.03420349999998962	epochs	3.0
691.0472851054504	0.06760929999995824	epochs	2.0
691.0472851054504	0.033936199999970995	epochs	3.0
691.0812213054504	0.033673099999987244	epochs	3.0
691.1148944054504	0.06657290000009652	epochs	2.0
691.1148944054504	0.03341399999999339	epochs	3.0
691.1483084054504	0.03315890000010313	epochs	3.0
691.1814673054505	0.06556779999993978	epochs	2.0
691.1814673054505	0.03290769999989607	epochs	3.0
691.2143750054504	0.03266010000004371	epochs	3.0
691.2470351054504	0.06459259999996902	epochs	2.0
691.2470351054504	0.032416399999988244	epochs	3.0
691.2794515054504	0.03217619999998078	epochs	3.0
691.3116277054504	0.06364600000006249	epochs	2.0
691.3116277054504	0.03193959999998697	epochs	3.0
691.3435673054504	0.03170640000007552	epochs	3.0
691.3752737054505	0.0627266999999847	epochs	2.0
691.3752737054505	0.03147660000001906	epochs	3.0
691.4067503054505	0.03125009999996564	epochs	3.0
691.4380004054505	0.06183359999999993	epochs	2.0
691.4380004054505	0.031026900000028945	epochs	3.0
691.4690273054505	0.030806699999970988	epochs	3.0
691.4998340054505	0.06096560000003137	epochs	2.0
691.4998340054505	0.030589800000029754	epochs	3.0
691.5304238054505	0.030375800000001618	epochs	3.0
691.5607996054505	0.06012160000000222	epochs	2.0
691.5607996054505	0.03016489999993155	epochs	3.0
691.5909645054504	0.02995670000007067	epochs	3.0
691.6209212054505	0.05930069999999432	epochs	2.0
691.6209212054505	0.02975159999994048	epochs	3.0
691.6506728054504	0.02954910000005384	epochs	3.0
691.6802219054505	0.05850179999993088	epochs	2.0
691.6802219054505	0.02934940000000097	epochs	3.0
691.7095713054505	0.029152399999929912	epochs	3.0
691.7387237054504	0.057724200000052406	epochs	2.0
691.7387237054504	0.028957999999988715	epochs	3.0
691.7676817054504	0.02876620000006369	epochs	3.0
691.7964479054505	0.05696709999995164	epochs	2.0
691.7964479054505	0.028576999999927466	epochs	3.0
691.8250249054504	0.028390100000024177	epochs	3.0
691.8534150054504	0.05622949999997218	epochs	2.0
691.8534150054504	0.028205700000057732	epochs	3.0
691.8816207054505	0.028023799999914445	epochs	3.0
691.9096445054504	0.05551070000001346	epochs	2.0
691.9096445054504	0.02784400000007281	epochs	3.0
691.9374885054505	0.027666699999940647	epochs	3.0
691.9651552054504	0.054810200000019904	epochs	2.0
691.9651552054504	0.02749149999999645	epochs	3.0
691.9926467054504	0.027318700000023455	epochs	3.0
692.0199654054504	0.05412699999999404	epochs	2.0
692.0199654054504	0.027147799999966082	epochs	3.0
692.0471132054504	0.02697920000002796	epochs	3.0
692.0740924054504	0.0534607000000733	epochs	2.0
692.0740924054504	0.0268125999999711	epochs	3.0
692.1009050054504	0.026648100000102204	epochs	3.0
692.1275531054505	0.05281070000000909	epochs	2.0
692.1275531054505	0.026485600000000886	epochs	3.0
692.1540387054505	0.026325100000008206	epochs	3.0
692.1803638054505	0.05217619999996259	epochs	2.0
692.1803638054505	0.026166399999965506	epochs	3.0
692.2065302054505	0.026009799999997085	epochs	3.0
692.2325400054505	0.051556699999991906	epochs	2.0
692.2325400054505	0.025854799999933675	epochs	3.0
692.2583948054504	0.02570190000005823	epochs	3.0
692.2840967054505	0.05095189999997274	epochs	2.0
692.2840967054505	0.025550699999939752	epochs	3.0
692.3096474054504	0.025401200000032986	epochs	3.0
692.3350486054504	0.05036100000006627	epochs	2.0
692.3350486054504	0.025253499999962514	epochs	3.0
692.3603021054504	0.025107500000103755	epochs	3.0
692.3854096054505	0.049783800000000156	epochs	2.0
692.3854096054505	0.02496320000000196	epochs	3.0
692.4103728054505	0.024820599999998194	epochs	3.0
692.4351934054505	0.04921949999993558	epochs	2.0
692.4351934054505	0.024679399999968155	epochs	3.0
692.4598728054505	0.024540099999967424	epochs	3.0
692.4844129054504	0.04866790000005494	epochs	2.0
692.4844129054504	0.02440209999997478	epochs	3.0
692.5088150054504	0.024265800000080162	epochs	3.0
692.5330808054505	0.048128599999927246	epochs	2.0
692.5330808054505	0.024131000000011227	epochs	3.0
692.5572118054505	0.02399759999991602	epochs	3.0
692.5812094054504	0.047601100000065344	epochs	2.0
692.5812094054504	0.023865800000066884	epochs	3.0
692.6050752054505	0.02373529999999846	epochs	3.0
692.6288105054505	0.04708499999992455	epochs	2.0
692.6288105054505	0.023606299999983094	epochs	3.0
692.6524168054505	0.023478699999941455	epochs	3.0
692.6758955054504	0.04658000000006268	epochs	2.0
692.6758955054504	0.02335249999998723	epochs	3.0
692.6992480054504	0.02322750000007545	epochs	3.0
692.7224755054505	0.04608569999993506	epochs	2.0
692.7224755054505	0.023103999999989355	epochs	3.0
692.7455795054505	0.022981699999945704	epochs	3.0
692.7685612054504	0.045601799999985815	epochs	2.0
692.7685612054504	0.022860700000023826	epochs	3.0
692.7914219054504	0.02274109999996199	epochs	3.0
692.8141630054504	0.04512790000001132	epochs	2.0
692.8141630054504	0.022622500000011314	epochs	3.0
692.8367855054504	0.02250540000000001	epochs	3.0
692.8592909054504	0.0446638000000803	epochs	2.0
692.8592909054504	0.022389300000099865	epochs	3.0
692.8816802054505	0.022274499999980435	epochs	3.0
692.9039547054505	0.04420919999995476	epochs	2.0
692.9039547054505	0.022160799999937808	epochs	3.0
692.9261155054504	0.022048400000016954	epochs	3.0
692.9481639054504	0.043763600000033875	epochs	2.0
692.9481639054504	0.021936900000014248	epochs	3.0
692.9701008054504	0.021826700000019628	epochs	3.0
692.9919275054505	0.04332709999994222	epochs	2.0
692.9919275054505	0.021717599999988124	epochs	3.0
693.0136451054505	0.021609499999954096	epochs	3.0
693.0352546054504	0.04289900000003399	epochs	2.0
693.0352546054504	0.02150249999999687	epochs	3.0
693.0567571054504	0.021396500000037122	epochs	3.0
693.0781536054504	0.042479500000013104	epochs	2.0
693.0781536054504	0.02129170000000613	epochs	3.0
693.0994453054504	0.021187800000006973	epochs	3.0
693.1206331054505	0.042067900000006375	epochs	2.0
693.1206331054505	0.02108490000000529	epochs	3.0
693.1417180054505	0.020983000000001084	epochs	3.0
693.1627010054505	0.04166439999994509	epochs	2.0
693.1627010054505	0.020882199999959994	epochs	3.0
693.1835832054504	0.020782199999985096	epochs	3.0
693.2043654054504	0.04126850000000104	epochs	2.0
693.2043654054504	0.020683300000087	epochs	3.0
693.2250487054505	0.02058519999991404	epochs	3.0
693.2456339054504	0.04088000000001557	epochs	2.0
693.2456339054504	0.020488100000079612	epochs	3.0
693.2661220054505	0.02039189999993596	epochs	3.0
693.2865139054504	0.04049880000002304	epochs	2.0
693.2865139054504	0.020296600000051512	epochs	3.0
693.3068105054505	0.020202199999971526	epochs	3.0
693.3270127054504	0.04012460000001283	epochs	2.0
693.3270127054504	0.02010870000003706	epochs	3.0
693.3471214054505	0.020015899999975773	epochs	3.0
693.3671373054505	0.03975730000001931	epochs	2.0
693.3671373054505	0.019924199999991288	epochs	3.0
693.3870615054504	0.019833100000028026	epochs	3.0
693.4068946054505	0.03939669999999751	epochs	2.0
693.4068946054505	0.01974299999994855	epochs	3.0
693.4266376054504	0.019653700000048957	epochs	3.0
693.4462913054505	0.03904239999997117	epochs	2.0
693.4462913054505	0.01956510000002254	epochs	3.0
693.4658564054505	0.019477299999948627	epochs	3.0
693.4853337054504	0.03869459999998526	epochs	2.0
693.4853337054504	0.019390400000020236	epochs	3.0
693.5047241054505	0.01930419999996502	epochs	3.0
693.5240283054504	0.03835290000006353	epochs	2.0
693.5240283054504	0.019218799999976	epochs	3.0
693.5432471054504	0.01913410000008753	epochs	3.0
693.5623812054505	0.038017199999899276	epochs	2.0
693.5623812054505	0.01905019999992419	epochs	3.0
693.5814314054504	0.018966999999975087	epochs	3.0
693.6003984054504	0.037687200000050325	epochs	2.0
693.6003984054504	0.01888450000001285	epochs	3.0
693.6192829054504	0.018802700000037476	epochs	3.0
693.6380856054504	0.03736309999999321	epochs	2.0
693.6380856054504	0.018721700000014607	epochs	3.0
693.6568073054505	0.018641399999978603	epochs	3.0
693.6754487054504	0.03704430000004777	epochs	2.0
693.6754487054504	0.01856159999999818	epochs	3.0
693.6940103054504	0.01848270000004959	epochs	3.0
693.7124930054505	0.03673099999991791	epochs	2.0
693.7124930054505	0.018404299999929208	epochs	3.0
693.7308973054504	0.018326699999988705	epochs	3.0
693.7492240054504	0.036422900000047775	epochs	2.0
693.7492240054504	0.018249599999990096	epochs	3.0
693.7674736054504	0.01817330000005768	epochs	3.0
693.7856469054504	0.03612009999994825	epochs	2.0
693.7856469054504	0.0180976000000328	epochs	3.0
693.8037445054505	0.018022499999915453	epochs	3.0
693.8217670054504	0.03582210000001851	epochs	2.0
693.8217670054504	0.017947900000081063	epochs	3.0
693.8397149054505	0.017874199999937446	epochs	3.0
693.8575891054504	0.03552899999999681	epochs	2.0
693.8575891054504	0.017800800000031813	epochs	3.0
693.8753899054504	0.017728199999965	epochs	3.0
693.8931181054504	0.03524070000003121	epochs	2.0
693.8931181054504	0.017656100000067454	epochs	3.0
693.9107742054505	0.017584599999963757	epochs	3.0
693.9283588054504	0.034957100000042374	epochs	2.0
693.9283588054504	0.01751369999999497	epochs	3.0
693.9458725054504	0.017443400000047404	epochs	3.0
693.9633159054505	0.034677899999906	epochs	2.0
693.9633159054505	0.017373599999928047	epochs	3.0
693.9806895054504	0.017304299999977957	epochs	3.0
693.9979938054504	0.03440330000000813	epochs	2.0
693.9979938054504	0.01723570000001473	epochs	3.0
694.0152295054504	0.0171675999999934	epochs	3.0
694.0323971054504	0.0341328000000658	epochs	2.0
694.0323971054504	0.017099900000062007	epochs	3.0
694.0494970054505	0.017032900000003792	epochs	3.0
694.0665299054505	0.033866699999975935	epochs	2.0
694.0665299054505	0.01696640000000116	epochs	3.0
694.0834963054505	0.016900299999974777	epochs	3.0
694.1003966054504	0.03360459999998966	epochs	2.0
694.1003966054504	0.01683479999996962	epochs	3.0
694.1172314054504	0.01676980000002004	epochs	3.0
694.1340012054504	0.033346599999958926	epochs	2.0
694.1340012054504	0.016705300000012357	epochs	3.0
694.1507065054504	0.01664129999994657	epochs	3.0
694.1673478054504	0.03309250000006614	epochs	2.0
694.1673478054504	0.016577800000050047	epochs	3.0
694.1839256054504	0.01651470000001609	epochs	3.0
694.2004403054505	0.03284229999997024	epochs	2.0
694.2004403054505	0.01645220000000336	epochs	3.0
694.2168925054505	0.01639009999996688	epochs	3.0
694.2332826054504	0.03259570000000167	epochs	2.0
694.2332826054504	0.016328400000020338	epochs	3.0
694.2496110054504	0.016267299999981333	epochs	3.0
694.2658783054504	0.032352899999978035	epochs	2.0
694.2658783054504	0.016206600000032267	epochs	3.0
694.2820849054505	0.016146299999945768	epochs	3.0
694.2982312054504	0.032113700000081735	epochs	2.0
694.2982312054504	0.016086599999994178	epochs	3.0
694.3143178054504	0.016027100000087557	epochs	3.0
694.3303449054505	0.03187800000000607	epochs	2.0
694.3303449054505	0.015968199999974786	epochs	3.0
694.3463131054505	0.015909800000031282	epochs	3.0
694.3622229054505	0.03164569999989908	epochs	2.0
694.3622229054505	0.015851599999905375	epochs	3.0
694.3780745054504	0.015794099999993705	epochs	3.0
694.3938686054504	0.0314167000000225	epochs	2.0
694.3938686054504	0.015736700000047676	epochs	3.0
694.4096053054504	0.015679999999974825	epochs	3.0
694.4252853054504	0.031191100000000915	epochs	2.0
694.4252853054504	0.015623600000026272	epochs	3.0
694.4409089054504	0.015567499999974643	epochs	3.0
694.4564764054504	0.030968700000016725	epochs	2.0
694.4564764054504	0.015512000000057924	epochs	3.0
694.4719884054505	0.0154566999999588	epochs	3.0
694.4874451054504	0.030749499999956242	epochs	2.0
694.4874451054504	0.015401999999994587	epochs	3.0
694.5028471054504	0.015347499999961656	epochs	3.0
694.5181946054504	0.03053320000003623	epochs	2.0
694.5181946054504	0.015293400000018664	epochs	3.0
694.5334880054504	0.015239800000017567	epochs	3.0
694.5487278054504	0.03032010000003993	epochs	2.0
694.5487278054504	0.015186500000027081	epochs	3.0
694.5639143054505	0.015133600000012848	epochs	3.0
694.5790479054505	0.030109899999956724	epochs	2.0
694.5790479054505	0.015081000000009226	epochs	3.0
694.5941289054505	0.015028899999947498	epochs	3.0
694.6091578054504	0.02990250000004835	epochs	2.0
694.6091578054504	0.014977000000044427	epochs	3.0
694.6241348054505	0.014925500000003922	epochs	3.0
694.6390603054505	0.029698100000018712	epochs	2.0
694.6390603054505	0.01487439999993967	epochs	3.0
694.6539347054504	0.014823700000079043	epochs	3.0
694.6687584054505	0.029496299999891562	epochs	2.0
694.6687584054505	0.014773199999922326	epochs	3.0
694.6835316054504	0.014723099999969236	epochs	3.0
694.6982547054504	0.02929740000001857	epochs	2.0
694.6982547054504	0.014673400000106085	epochs	3.0
694.7129281054505	0.014623999999912485	epochs	3.0
694.7275521054504	0.029101100000048064	epochs	2.0
694.7275521054504	0.014574900000070556	epochs	3.0
694.7421270054505	0.014526199999977507	epochs	3.0
694.7566532054504	0.028907399999980044	epochs	2.0
694.7566532054504	0.014477700000043114	epochs	3.0
694.7711309054505	0.014429699999936929	epochs	3.0
694.7855606054504	0.028716199999962555	epochs	2.0
694.7855606054504	0.014381800000023759	epochs	3.0
694.7999424054505	0.014334399999938796	epochs	3.0
694.8142768054504	0.028527600000074926	epochs	2.0
694.8142768054504	0.01428720000001249	epochs	3.0
694.8285640054504	0.014240400000062436	epochs	3.0
694.8428044054505	0.028341399999931127	epochs	2.0
694.8428044054505	0.014193799999929979	epochs	3.0
694.8569982054504	0.014147600000001148	epochs	3.0
694.8711458054504	0.028157700000065233	epochs	2.0
694.8711458054504	0.014101700000082928	epochs	3.0
694.8852475054505	0.014055999999982305	epochs	3.0
694.8993035054505	0.027976299999977527	epochs	2.0
694.8993035054505	0.01401060000000598	epochs	3.0
694.9133141054505	0.013965699999971548	epochs	3.0
694.9272798054504	0.02779720000000907	epochs	2.0
694.9272798054504	0.013920800000050804	epochs	3.0
694.9412006054505	0.013876399999958267	epochs	3.0
694.9550770054504	0.027620400000046175	epochs	2.0
694.9550770054504	0.013832200000024386	epochs	3.0
694.9689092054505	0.013788200000021789	epochs	3.0
694.9826974054505	0.027445899999975154	epochs	2.0
694.9826974054505	0.013744599999995444	epochs	3.0
694.9964420054505	0.01370129999997971	epochs	3.0
695.0101433054505	0.027273499999978412	epochs	2.0
695.0101433054505	0.013658200000008947	epochs	3.0
695.0238015054505	0.013615299999969466	epochs	3.0
695.0374168054504	0.027103399999987232	epochs	2.0
695.0374168054504	0.013572800000019924	epochs	3.0
695.0509896054505	0.013530599999967308	epochs	3.0
695.0645202054504	0.02693520000002536	epochs	2.0
695.0645202054504	0.013488400000028378	epochs	3.0
695.0780086054505	0.013446799999996983	epochs	3.0
695.0914554054505	0.026769199999989723	epochs	2.0
695.0914554054505	0.013405199999965589	epochs	3.0
695.1048606054504	0.013364000000024134	epochs	3.0
695.1182246054505	0.026605199999949036	epochs	2.0
695.1182246054505	0.013322899999934634	epochs	3.0
695.1315475054504	0.013282300000014402	epochs	3.0
695.1448298054504	0.026443200000016986	epochs	2.0
695.1448298054504	0.01324170000009417	epochs	3.0
695.1580715054505	0.013201499999922817	epochs	3.0
695.1712730054504	0.0262831999999662	epochs	2.0
695.1712730054504	0.013161500000023807	epochs	3.0
695.1844345054504	0.013121699999942393	epochs	3.0
695.1975562054504	0.02612500000009277	epochs	2.0
695.1975562054504	0.013082100000019636	epochs	3.0
695.2106383054504	0.013042900000073132	epochs	3.0
695.2236812054505	0.025968899999952555	epochs	2.0
695.2236812054505	0.013003899999944224	epochs	3.0
695.2366851054504	0.012965000000008331	epochs	3.0
695.2496501054504	0.025814500000024054	epochs	2.0
695.2496501054504	0.012926399999969362	epochs	3.0
695.2625765054504	0.012888100000054692	epochs	3.0
695.2754646054505	0.025661899999931848	epochs	2.0
695.2754646054505	0.012849899999991976	epochs	3.0
695.2883145054504	0.012811999999939871	epochs	3.0
695.3011265054504	0.025511200000096323	epochs	2.0
695.3011265054504	0.012774400000012065	epochs	3.0
695.3139009054504	0.012736800000084258	epochs	3.0
695.3266377054505	0.025362299999983406	epochs	2.0
695.3266377054505	0.01269969999998466	epochs	3.0
695.3393374054505	0.012662599999998747	epochs	3.0
695.3520000054505	0.025215000000002874	epochs	2.0
695.3520000054505	0.012625800000023446	epochs	3.0
695.3646258054505	0.012589199999979428	epochs	3.0
695.3772150054505	0.024584799999956886	epochs	2.0
695.4011299054505	0.5	epochs	-1.0
695.4017998054504	0.9999199999999746	epochs	1.0
695.9011299054505	0.5	epochs	-1.0
697.5729999542236	0.12279999999998381	epochs	0.0
697.5729999542236	0.05640200000004825	epochs	1.0
697.6294019542237	0.009996000000001004	epochs	1.0
697.6393979542237	0.05640199999993456	epochs	1.0
697.6957999542236	2.0	epochs	0.0
699.6957999542236	0.536640000000034	epochs	0.0
699.6957999542236	0.536640000000034	epochs	1.0
699.6958500542237	0.5	epochs	-1.0
700.1958500542237	0.0365898999999672	epochs	-1.0
700.2324399542237	21.46327999999994	epochs	0.0
705.2519998550415	0.12279999999998381	epochs	0.0
705.2519998550415	0.05640200000004825	epochs	1.0
705.3084018550416	0.009996000000001004	epochs	1.0
705.3183978550416	0.05640199999993456	epochs	1.0
705.3747998550415	2.0	epochs	0.0
707.3747998550415	0.5371200000000727	epochs	0.0
707.3747998550415	0.5371200000000727	epochs	1.0
707.3748499550416	0.5	epochs	-1.0
707.8748499550416	0.03706990000000587	epochs	-1.0
707.9119198550416	21.462799999999902	epochs	0.0
708.9359998703003	0.12279999999998381	epochs	0.0
708.9359998703003	0.05640200000004825	epochs	1.0
708.9924018703003	0.009996000000001004	epochs	1.0
709.0023978703003	0.05640199999993456	epochs	1.0
709.0587998703003	2.0	epochs	0.0
711.0587998703003	5.377280000000042	epochs	0.0
711.0587998703003	1.0	epochs	1.0
711.0588499703003	0.5	epochs	-1.0
711.5588499703003	4.877229899999975	epochs	-1.0
712.0587998703003	4.377280000000042	epochs	1.0
712.0587998703003	4.356753900000058	epochs	-1.0
712.0587998703003	1.9745871999999736	epochs	2.0
712.0587998703003	1.0985622000000603	epochs	3.0
713.1573620703003	0.8760249999999132	epochs	3.0
714.0333870703003	1.3524075000000266	epochs	2.0
714.0333870703003	0.7286354999999958	epochs	3.0
714.7620225703002	0.6237720000000309	epochs	3.0
715.3857945703003	1.0297592000000577	epochs	2.0
715.3857945703003	0.5453293000000485	epochs	3.0
715.9311238703003	0.4844299000000092	epochs	3.0
716.4155537703003	0.02052609999998367	epochs	2.0
716.4155537703003	0.02052609999998367	epochs	3.0
716.4360798703003	16.622639999999933	epochs	0.0
717.4749999046326	0.12279999999998381	epochs	0.0
717.4749999046326	0.05640200000004825	epochs	1.0
717.5314019046326	0.009996000000001004	epochs	1.0
717.5413979046326	0.05640199999993456	epochs	1.0
717.5977999046326	2.0	epochs	0.0
719.5977999046326	21.537040000000047	epochs	0.0
719.5977999046326	1.0	epochs	1.0
719.5978500046326	0.5	epochs	-1.0
720.0978500046326	19.99928	epochs	-1.0
720.5977999046326	20.0	epochs	1.0
720.5977999046326	4.356753900000058	epochs	-1.0
720.5977999046326	1.9745871999999736	epochs	2.0
720.5977999046326	1.0985622000000603	epochs	3.0
721.6963621046326	0.8760249999999132	epochs	3.0
722.5723871046325	1.3524075000000266	epochs	2.0
722.5723871046325	0.7286354999999958	epochs	3.0
723.3010226046325	0.6237720000000309	epochs	3.0
723.9247946046326	1.0297592000000577	epochs	2.0
723.9247946046326	0.5453293000000485	epochs	3.0
724.4701239046326	0.4844299000000092	epochs	3.0
724.9545538046326	0.8317862000000105	epochs	2.0
724.9545538046326	0.4357762999999295	epochs	3.0
725.3903301046325	0.39600990000008096	epochs	3.0
725.7863400046326	0.6977969999999232	epochs	2.0
725.7863400046326	0.36289819999990414	epochs	3.0
726.1492382046325	0.33489880000001904	epochs	3.0
726.4841370046325	0.601045699999986	epochs	2.0
726.4841370046325	0.3109123000000409	epochs	3.0
726.7950493046326	0.29013339999994514	epochs	3.0
727.0851827046325	0.5278859000000011	epochs	2.0
727.0851827046325	0.2719586000000618	epochs	3.0
727.3571413046326	0.25592729999993935	epochs	3.0
727.6130686046325	0.4706193000000667	epochs	2.0
727.6130686046325	0.241681299999982	epochs	3.0
727.8547499046325	0.22893800000008468	epochs	3.0
728.0836879046326	0.42457039999999324	epochs	2.0
728.0836879046326	0.21747140000002219	epochs	3.0
728.3011593046326	0.20709899999997106	epochs	3.0
728.5082583046326	0.3867354000000205	epochs	2.0
728.5082583046326	0.19767109999997956	epochs	3.0
728.7059294046326	0.18906430000004093	epochs	3.0
728.8949937046326	0.35509529999990264	epochs	2.0
728.8949937046326	0.18117589999997108	epochs	3.0
729.0761696046326	0.17391939999993156	epochs	3.0
729.2500890046325	0.3282431000000088	epochs	2.0
729.2500890046325	0.1672219000000723	epochs	3.0
729.4173109046326	0.16102119999993647	epochs	3.0
729.5783321046325	0.30516800000009425	epochs	2.0
729.5783321046325	0.15526390000002266	epochs	3.0
729.7335960046325	0.1499041000000716	epochs	3.0
729.8835001046326	0.28512530000000424	epochs	2.0
729.8835001046326	0.1449020999999675	epochs	3.0
730.0284022046326	0.14022320000003674	epochs	3.0
730.1686254046326	0.2675537999999733	epochs	2.0
730.1686254046326	0.1358368999999584	epochs	3.0
730.3044623046326	0.1317169000000149	epochs	3.0
730.4361792046326	0.252022899999929	epochs	2.0
730.4361792046326	0.1278393000000051	epochs	3.0
730.5640185046326	0.1241835999999239	epochs	3.0
730.6882021046325	0.23819650000007186	epochs	2.0
730.6882021046325	0.12073110000005727	epochs	3.0
730.8089332046326	0.1174654000000146	epochs	3.0
730.9263986046326	0.2258087999999816	epochs	2.0
730.9263986046326	0.1143718999999237	epochs	3.0
731.0407705046325	0.1114369000000579	epochs	3.0
731.1522074046326	0.2146460000000161	epochs	2.0
731.1522074046326	0.10864890000004834	epochs	3.0
731.2608563046326	0.10599709999996776	epochs	3.0
731.3668534046326	0.20453499999996438	epochs	2.0
731.3668534046326	0.10347149999995509	epochs	3.0
731.4703249046325	0.1010635000000093	epochs	3.0
731.5713884046326	0.19533400000000256	epochs	2.0
731.5713884046326	0.09876510000003691	epochs	3.0
731.6701535046326	0.09656889999996565	epochs	3.0
731.7667224046326	0.18692529999998442	epochs	2.0
731.7667224046326	0.09446830000001682	epochs	3.0
731.8611907046326	0.09245699999996759	epochs	3.0
731.9536477046325	0.17921069999999872	epochs	2.0
731.9536477046325	0.09052959999996801	epochs	3.0
732.0441773046325	0.08868110000003071	epochs	3.0
732.1328584046325	0.17210769999996955	epochs	2.0
732.1328584046325	0.08690630000000965	epochs	3.0
732.2197647046326	0.0852013999999599	epochs	3.0
732.3049661046325	0.16554640000003928	epochs	2.0
732.3049661046325	0.08356190000006336	epochs	3.0
732.3885280046326	0.08198449999997592	epochs	3.0
732.4705125046326	0.15946710000002895	epochs	2.0
732.4705125046326	0.08046539999998004	epochs	3.0
732.5509779046325	0.07900170000004891	epochs	3.0
732.6299796046326	0.15381839999997737	epochs	2.0
732.6299796046326	0.07759009999995214	epochs	3.0
732.7075697046325	0.07622830000002523	epochs	3.0
732.7837980046326	0.14855639999996129	epochs	2.0
732.7837980046326	0.07491330000004837	epochs	3.0
732.8587113046326	0.07364309999991292	epochs	3.0
732.9323544046325	0.14364240000008976	epochs	2.0
732.9323544046325	0.07241500000009182	epochs	3.0
733.0047694046326	0.07122739999999794	epochs	3.0
733.0759968046326	0.13904309999998077	epochs	2.0
733.0759968046326	0.07007799999996678	epochs	3.0
733.1460748046326	0.06896510000001399	epochs	3.0
733.2150399046326	0.1347293000000036	epochs	2.0
733.2150399046326	0.0678871000000072	epochs	3.0
733.2829270046326	0.06684219999999641	epochs	3.0
733.3497692046326	0.13067519999992783	epochs	2.0
733.3497692046326	0.06582909999997355	epochs	3.0
733.4155983046326	0.06484609999995428	epochs	3.0
733.4804444046325	0.12685780000003888	epochs	2.0
733.4804444046325	0.06389200000000983	epochs	3.0
733.5443364046325	0.06296580000002905	epochs	3.0
733.6073022046326	0.12325720000001184	epochs	2.0
733.6073022046326	0.06206580000002759	epochs	3.0
733.6693680046326	0.06119139999998424	epochs	3.0
733.7305594046326	0.11985540000000583	epochs	2.0
733.7305594046326	0.060341099999959624	epochs	3.0
733.7909005046325	0.059514300000046205	epochs	3.0
733.8504148046326	0.11663620000001629	epochs	2.0
733.8504148046326	0.05870960000004288	epochs	3.0
733.9091244046326	0.057926599999973405	epochs	3.0
733.9670510046326	0.11358559999996487	epochs	2.0
733.9670510046326	0.05716419999998834	epochs	3.0
734.0242152046326	0.05642139999997653	epochs	3.0
734.0806366046326	0.11069050000003244	epochs	2.0
734.0806366046326	0.055697900000041045	epochs	3.0
734.1363345046326	0.0549925999999914	epochs	3.0
734.1913271046326	0.10793909999995321	epochs	2.0
734.1913271046326	0.05430490000003374	epochs	3.0
734.2456320046326	0.053634199999919474	epochs	3.0
734.2992662046325	0.10532150000005913	epochs	2.0
734.2992662046325	0.05298000000004777	epochs	3.0
734.3522462046326	0.052341500000011365	epochs	3.0
734.4045877046326	0.10282759999995505	epochs	2.0
734.4045877046326	0.05171810000001642	epochs	3.0
734.4563058046326	0.051109499999938635	epochs	3.0
734.5074153046326	0.10044909999999163	epochs	2.0
734.5074153046326	0.050514900000052876	epochs	3.0
734.5579302046326	0.049934199999938755	epochs	3.0
734.6078644046326	0.0981782999999723	epochs	2.0
734.6078644046326	0.04936659999998483	epochs	3.0
734.6572310046325	0.04881169999998747	epochs	3.0
734.7060427046325	0.09600780000005216	epochs	2.0
734.7060427046325	0.04826920000004975	epochs	3.0
734.7543119046326	0.04773860000000241	epochs	3.0
734.8020505046326	0.09393120000004274	epochs	2.0
734.8020505046326	0.04721949999998287	epochs	3.0
734.8492700046326	0.046711700000059864	epochs	3.0
734.8959817046326	0.09194259999992482	epochs	2.0
734.8959817046326	0.046214599999984785	epochs	3.0
734.9421963046326	0.04572799999994004	epochs	3.0
734.9879243046325	0.09003630000006524	epochs	2.0
734.9879243046325	0.04525150000006306	epochs	3.0
735.0331758046326	0.04478480000000218	epochs	3.0
735.0779606046326	0.08820759999991878	epochs	2.0
735.0779606046326	0.04432779999990544	epochs	3.0
735.1222884046325	0.04387980000001335	epochs	3.0
735.1661682046325	0.0864516999999978	epochs	2.0
735.1661682046325	0.04344100000002982	epochs	3.0
735.2096092046326	0.04301069999996798	epochs	3.0
735.2526199046325	0.0847643000000744	epochs	2.0
735.2526199046325	0.04258900000002086	epochs	3.0
735.2952089046325	0.04217530000005354	epochs	3.0
735.3373842046326	0.08314150000001064	epochs	2.0
735.3373842046326	0.041769699999917975	epochs	3.0
735.3791539046325	0.04137180000009266	epochs	3.0
735.4205257046326	0.08157969999990655	epochs	2.0
735.4205257046326	0.040981399999964196	epochs	3.0
735.4615071046326	0.040598299999942355	epochs	3.0
735.5021054046325	0.08007550000002084	epochs	2.0
735.5021054046325	0.040222300000095856	epochs	3.0
735.5423277046326	0.03985319999992498	epochs	3.0
735.5821809046325	0.07862570000008873	epochs	2.0
735.5821809046325	0.039490800000066884	epochs	3.0
735.6216717046326	0.039134900000021844	epochs	3.0
735.6608066046326	0.07722759999990103	epochs	2.0
735.6608066046326	0.03878539999993791	epochs	3.0
735.6995920046326	0.03844219999996312	epochs	3.0
735.7380342046325	0.07587820000003376	epochs	2.0
735.7380342046325	0.038104800000041905	epochs	3.0
735.7761390046326	0.03777339999999185	epochs	3.0
735.8139124046326	0.0745752000000266	epochs	2.0
735.8139124046326	0.03744770000002973	epochs	3.0
735.8513601046326	0.03712749999999687	epochs	3.0
735.8884876046326	0.07331629999998768	epochs	2.0
735.8884876046326	0.036812899999972615	epochs	3.0
735.9253005046326	0.03650340000001506	epochs	3.0
735.9618039046326	0.07209899999998015	epochs	2.0
735.9618039046326	0.03619909999997617	epochs	3.0
735.9980030046326	0.03589990000000398	epochs	3.0
736.0339029046326	0.07092169999998532	epochs	2.0
736.0339029046326	0.03560560000005353	epochs	3.0
736.0695085046326	0.035316099999931794	epochs	3.0
736.1048246046325	0.06978200000003199	epochs	2.0
736.1048246046325	0.03503120000004856	epochs	3.0
736.1398558046326	0.03475079999998343	epochs	3.0
736.1746066046326	0.06867859999999837	epochs	2.0
736.1746066046326	0.03447510000000875	epochs	3.0
736.2090817046326	0.03420349999998962	epochs	3.0
736.2432852046326	0.06760929999995824	epochs	2.0
736.2432852046326	0.033936199999970995	epochs	3.0
736.2772214046325	0.033673099999987244	epochs	3.0
736.3108945046325	0.06657290000009652	epochs	2.0
736.3108945046325	0.03341399999999339	epochs	3.0
736.3443085046325	0.03315890000010313	epochs	3.0
736.3774674046326	0.06556779999993978	epochs	2.0
736.3774674046326	0.03290769999989607	epochs	3.0
736.4103751046325	0.03266010000004371	epochs	3.0
736.4430352046326	0.06459259999996902	epochs	2.0
736.4430352046326	0.032416399999988244	epochs	3.0
736.4754516046326	0.03217619999998078	epochs	3.0
736.5076278046325	0.06364600000006249	epochs	2.0
736.5076278046325	0.03193959999998697	epochs	3.0
736.5395674046325	0.03170640000007552	epochs	3.0
736.5712738046326	0.0627266999999847	epochs	2.0
736.5712738046326	0.03147660000001906	epochs	3.0
736.6027504046326	0.03125009999996564	epochs	3.0
736.6340005046326	0.06183359999999993	epochs	2.0
736.6340005046326	0.031026900000028945	epochs	3.0
736.6650274046326	0.030806699999970988	epochs	3.0
736.6958341046326	0.06096560000003137	epochs	2.0
736.6958341046326	0.030589800000029754	epochs	3.0
736.7264239046326	0.030375800000001618	epochs	3.0
736.7567997046326	0.06012160000000222	epochs	2.0
736.7567997046326	0.03016489999993155	epochs	3.0
736.7869646046325	0.02995670000007067	epochs	3.0
736.8169213046326	0.05930069999999432	epochs	2.0
736.8169213046326	0.02975159999994048	epochs	3.0
736.8466729046326	0.02954910000005384	epochs	3.0
736.8762220046326	0.05850179999993088	epochs	2.0
736.8762220046326	0.02934940000000097	epochs	3.0
736.9055714046326	0.029152399999929912	epochs	3.0
736.9347238046325	0.057724200000052406	epochs	2.0
736.9347238046325	0.028957999999988715	epochs	3.0
736.9636818046325	0.02876620000006369	epochs	3.0
736.9924480046326	0.05696709999995164	epochs	2.0
736.9924480046326	0.028576999999927466	epochs	3.0
737.0210250046325	0.028390100000024177	epochs	3.0
737.0494151046325	0.05622949999997218	epochs	2.0
737.0494151046325	0.028205700000057732	epochs	3.0
737.0776208046326	0.028023799999914445	epochs	3.0
737.1056446046325	0.05551070000001346	epochs	2.0
737.1056446046325	0.02784400000007281	epochs	3.0
737.1334886046326	0.027666699999940647	epochs	3.0
737.1611553046325	0.054810200000019904	epochs	2.0
737.1611553046325	0.02749149999999645	epochs	3.0
737.1886468046325	0.027318700000023455	epochs	3.0
737.2159655046325	0.05412699999999404	epochs	2.0
737.2159655046325	0.027147799999966082	epochs	3.0
737.2431133046325	0.02697920000002796	epochs	3.0
737.2700925046325	0.0534607000000733	epochs	2.0
737.2700925046325	0.0268125999999711	epochs	3.0
737.2969051046325	0.026648100000102204	epochs	3.0
737.3235532046326	0.05281070000000909	epochs	2.0
737.3235532046326	0.026485600000000886	epochs	3.0
737.3500388046326	0.026325100000008206	epochs	3.0
737.3763639046326	0.05217619999996259	epochs	2.0
737.3763639046326	0.026166399999965506	epochs	3.0
737.4025303046326	0.026009799999997085	epochs	3.0
737.4285401046326	0.051556699999991906	epochs	2.0
737.4285401046326	0.025854799999933675	epochs	3.0
737.4543949046325	0.02570190000005823	epochs	3.0
737.4800968046326	0.05095189999997274	epochs	2.0
737.4800968046326	0.025550699999939752	epochs	3.0
737.5056475046325	0.025401200000032986	epochs	3.0
737.5310487046326	0.05036100000006627	epochs	2.0
737.5310487046326	0.025253499999962514	epochs	3.0
737.5563022046325	0.025107500000103755	epochs	3.0
737.5814097046326	0.049783800000000156	epochs	2.0
737.5814097046326	0.02496320000000196	epochs	3.0
737.6063729046326	0.024820599999998194	epochs	3.0
737.6311935046326	0.04921949999993558	epochs	2.0
737.6311935046326	0.024679399999968155	epochs	3.0
737.6558729046326	0.024540099999967424	epochs	3.0
737.6804130046326	0.04866790000005494	epochs	2.0
737.6804130046326	0.02440209999997478	epochs	3.0
737.7048151046325	0.024265800000080162	epochs	3.0
737.7290809046326	0.048128599999927246	epochs	2.0
737.7290809046326	0.024131000000011227	epochs	3.0
737.7532119046326	0.02399759999991602	epochs	3.0
737.7772095046325	0.047601100000065344	epochs	2.0
737.7772095046325	0.023865800000066884	epochs	3.0
737.8010753046326	0.02373529999999846	epochs	3.0
737.8248106046326	0.04708499999992455	epochs	2.0
737.8248106046326	0.023606299999983094	epochs	3.0
737.8484169046326	0.023478699999941455	epochs	3.0
737.8718956046325	0.04658000000006268	epochs	2.0
737.8718956046325	0.02335249999998723	epochs	3.0
737.8952481046325	0.02322750000007545	epochs	3.0
737.9184756046326	0.04608569999993506	epochs	2.0
737.9184756046326	0.023103999999989355	epochs	3.0
737.9415796046326	0.022981699999945704	epochs	3.0
737.9645613046325	0.045601799999985815	epochs	2.0
737.9645613046325	0.022860700000023826	epochs	3.0
737.9874220046325	0.02274109999996199	epochs	3.0
738.0101631046325	0.04512790000001132	epochs	2.0
738.0101631046325	0.022622500000011314	epochs	3.0
738.0327856046325	0.02250540000000001	epochs	3.0
738.0552910046325	0.0446638000000803	epochs	2.0
738.0552910046325	0.022389300000099865	epochs	3.0
738.0776803046326	0.022274499999980435	epochs	3.0
738.0999548046326	0.04420919999995476	epochs	2.0
738.0999548046326	0.022160799999937808	epochs	3.0
738.1221156046325	0.022048400000016954	epochs	3.0
738.1441640046326	0.043763600000033875	epochs	2.0
738.1441640046326	0.021936900000014248	epochs	3.0
738.1661009046326	0.021826700000019628	epochs	3.0
738.1879276046326	0.04332709999994222	epochs	2.0
738.1879276046326	0.021717599999988124	epochs	3.0
738.2096452046326	0.021609499999954096	epochs	3.0
738.2312547046325	0.04289900000003399	epochs	2.0
738.2312547046325	0.02150249999999687	epochs	3.0
738.2527572046325	0.021396500000037122	epochs	3.0
738.2741537046326	0.042479500000013104	epochs	2.0
738.2741537046326	0.02129170000000613	epochs	3.0
738.2954454046326	0.021187800000006973	epochs	3.0
738.3166332046326	0.042067900000006375	epochs	2.0
738.3166332046326	0.02108490000000529	epochs	3.0
738.3377181046326	0.020983000000001084	epochs	3.0
738.3587011046326	0.04166439999994509	epochs	2.0
738.3587011046326	0.020882199999959994	epochs	3.0
738.3795833046325	0.020782199999985096	epochs	3.0
738.4003655046325	0.04126850000000104	epochs	2.0
738.4003655046325	0.020683300000087	epochs	3.0
738.4210488046326	0.02058519999991404	epochs	3.0
738.4416340046325	0.04088000000001557	epochs	2.0
738.4416340046325	0.020488100000079612	epochs	3.0
738.4621221046326	0.02039189999993596	epochs	3.0
738.4825140046325	0.04049880000002304	epochs	2.0
738.4825140046325	0.020296600000051512	epochs	3.0
738.5028106046326	0.020202199999971526	epochs	3.0
738.5230128046326	0.04012460000001283	epochs	2.0
738.5230128046326	0.02010870000003706	epochs	3.0
738.5431215046326	0.020015899999975773	epochs	3.0
738.5631374046326	0.03975730000001931	epochs	2.0
738.5631374046326	0.019924199999991288	epochs	3.0
738.5830616046326	0.019833100000028026	epochs	3.0
738.6028947046326	0.03939669999999751	epochs	2.0
738.6028947046326	0.01974299999994855	epochs	3.0
738.6226377046326	0.019653700000048957	epochs	3.0
738.6422914046326	0.03904239999997117	epochs	2.0
738.6422914046326	0.01956510000002254	epochs	3.0
738.6618565046326	0.019477299999948627	epochs	3.0
738.6813338046326	0.03869459999998526	epochs	2.0
738.6813338046326	0.019390400000020236	epochs	3.0
738.7007242046326	0.01930419999996502	epochs	3.0
738.7200284046326	0.03835290000006353	epochs	2.0
738.7200284046326	0.019218799999976	epochs	3.0
738.7392472046325	0.01913410000008753	epochs	3.0
738.7583813046326	0.038017199999899276	epochs	2.0
738.7583813046326	0.01905019999992419	epochs	3.0
738.7774315046325	0.018966999999975087	epochs	3.0
738.7963985046325	0.037687200000050325	epochs	2.0
738.7963985046325	0.01888450000001285	epochs	3.0
738.8152830046325	0.018802700000037476	epochs	3.0
738.8340857046326	0.03736309999999321	epochs	2.0
738.8340857046326	0.018721700000014607	epochs	3.0
738.8528074046326	0.018641399999978603	epochs	3.0
738.8714488046326	0.03704430000004777	epochs	2.0
738.8714488046326	0.01856159999999818	epochs	3.0
738.8900104046326	0.01848270000004959	epochs	3.0
738.9084931046326	0.03673099999991791	epochs	2.0
738.9084931046326	0.018404299999929208	epochs	3.0
738.9268974046325	0.018326699999988705	epochs	3.0
738.9452241046325	0.036422900000047775	epochs	2.0
738.9452241046325	0.018249599999990096	epochs	3.0
738.9634737046325	0.01817330000005768	epochs	3.0
738.9816470046326	0.03612009999994825	epochs	2.0
738.9816470046326	0.0180976000000328	epochs	3.0
738.9997446046326	0.018022499999915453	epochs	3.0
739.0177671046325	0.03582210000001851	epochs	2.0
739.0177671046325	0.017947900000081063	epochs	3.0
739.0357150046326	0.017874199999937446	epochs	3.0
739.0535892046325	0.03552899999999681	epochs	2.0
739.0535892046325	0.017800800000031813	epochs	3.0
739.0713900046326	0.017728199999965	epochs	3.0
739.0891182046325	0.03524070000003121	epochs	2.0
739.0891182046325	0.017656100000067454	epochs	3.0
739.1067743046326	0.017584599999963757	epochs	3.0
739.1243589046326	0.034957100000042374	epochs	2.0
739.1243589046326	0.01751369999999497	epochs	3.0
739.1418726046326	0.017443400000047404	epochs	3.0
739.1593160046326	0.034677899999906	epochs	2.0
739.1593160046326	0.017373599999928047	epochs	3.0
739.1766896046325	0.017304299999977957	epochs	3.0
739.1939939046325	0.03440330000000813	epochs	2.0
739.1939939046325	0.01723570000001473	epochs	3.0
739.2112296046325	0.0171675999999934	epochs	3.0
739.2283972046325	0.0341328000000658	epochs	2.0
739.2283972046325	0.017099900000062007	epochs	3.0
739.2454971046326	0.017032900000003792	epochs	3.0
739.2625300046326	0.033866699999975935	epochs	2.0
739.2625300046326	0.01696640000000116	epochs	3.0
739.2794964046326	0.016900299999974777	epochs	3.0
739.2963967046326	0.03360459999998966	epochs	2.0
739.2963967046326	0.01683479999996962	epochs	3.0
739.3132315046325	0.01676980000002004	epochs	3.0
739.3300013046326	0.033346599999958926	epochs	2.0
739.3300013046326	0.016705300000012357	epochs	3.0
739.3467066046326	0.01664129999994657	epochs	3.0
739.3633479046325	0.03309250000006614	epochs	2.0
739.3633479046325	0.016577800000050047	epochs	3.0
739.3799257046326	0.01651470000001609	epochs	3.0
739.3964404046326	0.03284229999997024	epochs	2.0
739.3964404046326	0.01645220000000336	epochs	3.0
739.4128926046326	0.01639009999996688	epochs	3.0
739.4292827046326	0.03259570000000167	epochs	2.0
739.4292827046326	0.016328400000020338	epochs	3.0
739.4456111046326	0.016267299999981333	epochs	3.0
739.4618784046326	0.032352899999978035	epochs	2.0
739.4618784046326	0.016206600000032267	epochs	3.0
739.4780850046326	0.016146299999945768	epochs	3.0
739.4942313046325	0.032113700000081735	epochs	2.0
739.4942313046325	0.016086599999994178	epochs	3.0
739.5103179046325	0.016027100000087557	epochs	3.0
739.5263450046326	0.03187800000000607	epochs	2.0
739.5263450046326	0.015968199999974786	epochs	3.0
739.5423132046326	0.015909800000031282	epochs	3.0
739.5582230046326	0.03164569999989908	epochs	2.0
739.5582230046326	0.015851599999905375	epochs	3.0
739.5740746046325	0.015794099999993705	epochs	3.0
739.5898687046325	0.0314167000000225	epochs	2.0
739.5898687046325	0.015736700000047676	epochs	3.0
739.6056054046326	0.015679999999974825	epochs	3.0
739.6212854046325	0.031191100000000915	epochs	2.0
739.6212854046325	0.015623600000026272	epochs	3.0
739.6369090046326	0.015567499999974643	epochs	3.0
739.6524765046325	0.030968700000016725	epochs	2.0
739.6524765046325	0.015512000000057924	epochs	3.0
739.6679885046326	0.0154566999999588	epochs	3.0
739.6834452046326	0.030749499999956242	epochs	2.0
739.6834452046326	0.015401999999994587	epochs	3.0
739.6988472046326	0.015347499999961656	epochs	3.0
739.7141947046325	0.03053320000003623	epochs	2.0
739.7141947046325	0.015293400000018664	epochs	3.0
739.7294881046325	0.015239800000017567	epochs	3.0
739.7447279046326	0.03032010000003993	epochs	2.0
739.7447279046326	0.015186500000027081	epochs	3.0
739.7599144046326	0.015133600000012848	epochs	3.0
739.7750480046326	0.030109899999956724	epochs	2.0
739.7750480046326	0.015081000000009226	epochs	3.0
739.7901290046326	0.015028899999947498	epochs	3.0
739.8051579046326	0.02990250000004835	epochs	2.0
739.8051579046326	0.014977000000044427	epochs	3.0
739.8201349046326	0.014925500000003922	epochs	3.0
739.8350604046326	0.029698100000018712	epochs	2.0
739.8350604046326	0.01487439999993967	epochs	3.0
739.8499348046325	0.014823700000079043	epochs	3.0
739.8647585046326	0.029496299999891562	epochs	2.0
739.8647585046326	0.014773199999922326	epochs	3.0
739.8795317046325	0.014723099999969236	epochs	3.0
739.8942548046325	0.02929740000001857	epochs	2.0
739.8942548046325	0.014673400000106085	epochs	3.0
739.9089282046326	0.014623999999912485	epochs	3.0
739.9235522046325	0.029101100000048064	epochs	2.0
739.9235522046325	0.014574900000070556	epochs	3.0
739.9381271046326	0.014526199999977507	epochs	3.0
739.9526533046326	0.028907399999980044	epochs	2.0
739.9526533046326	0.014477700000043114	epochs	3.0
739.9671310046326	0.014429699999936929	epochs	3.0
739.9815607046326	0.028716199999962555	epochs	2.0
739.9815607046326	0.014381800000023759	epochs	3.0
739.9959425046326	0.014334399999938796	epochs	3.0
740.0102769046325	0.028527600000074926	epochs	2.0
740.0102769046325	0.01428720000001249	epochs	3.0
740.0245641046325	0.014240400000062436	epochs	3.0
740.0388045046326	0.028341399999931127	epochs	2.0
740.0388045046326	0.014193799999929979	epochs	3.0
740.0529983046325	0.014147600000001148	epochs	3.0
740.0671459046325	0.028157700000065233	epochs	2.0
740.0671459046325	0.014101700000082928	epochs	3.0
740.0812476046326	0.014055999999982305	epochs	3.0
740.0953036046326	0.027976299999977527	epochs	2.0
740.0953036046326	0.01401060000000598	epochs	3.0
740.1093142046326	0.013965699999971548	epochs	3.0
740.1232799046326	0.02779720000000907	epochs	2.0
740.1232799046326	0.013920800000050804	epochs	3.0
740.1372007046326	0.013876399999958267	epochs	3.0
740.1510771046326	0.027620400000046175	epochs	2.0
740.1510771046326	0.013832200000024386	epochs	3.0
740.1649093046326	0.013788200000021789	epochs	3.0
740.1786975046326	0.027445899999975154	epochs	2.0
740.1786975046326	0.013744599999995444	epochs	3.0
740.1924421046326	0.01370129999997971	epochs	3.0
740.2061434046326	0.027273499999978412	epochs	2.0
740.2061434046326	0.013658200000008947	epochs	3.0
740.2198016046326	0.013615299999969466	epochs	3.0
740.2334169046326	0.027103399999987232	epochs	2.0
740.2334169046326	0.013572800000019924	epochs	3.0
740.2469897046326	0.013530599999967308	epochs	3.0
740.2605203046326	0.02693520000002536	epochs	2.0
740.2605203046326	0.013488400000028378	epochs	3.0
740.2740087046326	0.013446799999996983	epochs	3.0
740.2874555046326	0.026769199999989723	epochs	2.0
740.2874555046326	0.013405199999965589	epochs	3.0
740.3008607046326	0.013364000000024134	epochs	3.0
740.3142247046326	0.026605199999949036	epochs	2.0
740.3142247046326	0.013322899999934634	epochs	3.0
740.3275476046325	0.013282300000014402	epochs	3.0
740.3408299046325	0.026443200000016986	epochs	2.0
740.3408299046325	0.01324170000009417	epochs	3.0
740.3540716046326	0.013201499999922817	epochs	3.0
740.3672731046325	0.0262831999999662	epochs	2.0
740.3672731046325	0.013161500000023807	epochs	3.0
740.3804346046326	0.013121699999942393	epochs	3.0
740.3935563046325	0.02612500000009277	epochs	2.0
740.3935563046325	0.013082100000019636	epochs	3.0
740.4066384046325	0.013042900000073132	epochs	3.0
740.4196813046326	0.025968899999952555	epochs	2.0
740.4196813046326	0.013003899999944224	epochs	3.0
740.4326852046325	0.012965000000008331	epochs	3.0
740.4456502046326	0.025814500000024054	epochs	2.0
740.4456502046326	0.012926399999969362	epochs	3.0
740.4585766046325	0.012888100000054692	epochs	3.0
740.4714647046326	0.025661899999931848	epochs	2.0
740.4714647046326	0.012849899999991976	epochs	3.0
740.4843146046326	0.012811999999939871	epochs	3.0
740.4971266046325	0.025511200000096323	epochs	2.0
740.4971266046325	0.012774400000012065	epochs	3.0
740.5099010046325	0.012736800000084258	epochs	3.0
740.5226378046326	0.025362299999983406	epochs	2.0
740.5226378046326	0.01269969999998466	epochs	3.0
740.5353375046326	0.012662599999998747	epochs	3.0
740.5480001046326	0.025215000000002874	epochs	2.0
740.5480001046326	0.012625800000023446	epochs	3.0
740.5606259046326	0.012589199999979428	epochs	3.0
740.5732151046326	0.024584799999956886	epochs	2.0
740.5971300046326	0.5	epochs	-1.0
740.5977999046326	0.5370400000000473	epochs	1.0
741.1348399046326	0.46287999999992735	epochs	0.0
742.2259998321533	0.12279999999998381	epochs	0.0
742.2259998321533	0.05640200000004825	epochs	1.0
742.2824018321534	0.009996000000001004	epochs	1.0
742.2923978321534	0.05640199999993456	epochs	1.0
742.3487998321533	2.0	epochs	0.0
744.3487998321533	21.53744000000006	epochs	0.0
744.3487998321533	1.0	epochs	1.0
744.3488499321534	0.5	epochs	-1.0
744.8488499321534	19.99928	epochs	-1.0
745.3487998321533	20.0	epochs	1.0
745.3487998321533	4.356753900000058	epochs	-1.0
745.3487998321533	1.9745871999999736	epochs	2.0
745.3487998321533	1.0985622000000603	epochs	3.0
746.4473620321534	0.8760249999999132	epochs	3.0
747.3233870321533	1.3524075000000266	epochs	2.0
747.3233870321533	0.7286354999999958	epochs	3.0
748.0520225321533	0.6237720000000309	epochs	3.0
748.6757945321533	1.0297592000000577	epochs	2.0
748.6757945321533	0.5453293000000485	epochs	3.0
749.2211238321534	0.4844299000000092	epochs	3.0
749.7055537321534	0.8317862000000105	epochs	2.0
749.7055537321534	0.4357762999999295	epochs	3.0
750.1413300321533	0.39600990000008096	epochs	3.0
750.5373399321534	0.6977969999999232	epochs	2.0
750.5373399321534	0.36289819999990414	epochs	3.0
750.9002381321533	0.33489880000001904	epochs	3.0
751.2351369321533	0.601045699999986	epochs	2.0
751.2351369321533	0.3109123000000409	epochs	3.0
751.5460492321533	0.29013339999994514	epochs	3.0
751.8361826321533	0.5278859000000011	epochs	2.0
751.8361826321533	0.2719586000000618	epochs	3.0
752.1081412321533	0.25592729999993935	epochs	3.0
752.3640685321533	0.4706193000000667	epochs	2.0
752.3640685321533	0.241681299999982	epochs	3.0
752.6057498321533	0.22893800000008468	epochs	3.0
752.8346878321533	0.42457039999999324	epochs	2.0
752.8346878321533	0.21747140000002219	epochs	3.0
753.0521592321534	0.20709899999997106	epochs	3.0
753.2592582321533	0.3867354000000205	epochs	2.0
753.2592582321533	0.19767109999997956	epochs	3.0
753.4569293321533	0.18906430000004093	epochs	3.0
753.6459936321534	0.35509529999990264	epochs	2.0
753.6459936321534	0.18117589999997108	epochs	3.0
753.8271695321533	0.17391939999993156	epochs	3.0
754.0010889321533	0.3282431000000088	epochs	2.0
754.0010889321533	0.1672219000000723	epochs	3.0
754.1683108321533	0.16102119999993647	epochs	3.0
754.3293320321533	0.30516800000009425	epochs	2.0
754.3293320321533	0.15526390000002266	epochs	3.0
754.4845959321533	0.1499041000000716	epochs	3.0
754.6345000321534	0.28512530000000424	epochs	2.0
754.6345000321534	0.1449020999999675	epochs	3.0
754.7794021321533	0.14022320000003674	epochs	3.0
754.9196253321534	0.2675537999999733	epochs	2.0
754.9196253321534	0.1358368999999584	epochs	3.0
755.0554622321533	0.1317169000000149	epochs	3.0
755.1871791321533	0.252022899999929	epochs	2.0
755.1871791321533	0.1278393000000051	epochs	3.0
755.3150184321534	0.1241835999999239	epochs	3.0
755.4392020321533	0.23819650000007186	epochs	2.0
755.4392020321533	0.12073110000005727	epochs	3.0
755.5599331321533	0.1174654000000146	epochs	3.0
755.6773985321533	0.2258087999999816	epochs	2.0
755.6773985321533	0.1143718999999237	epochs	3.0
755.7917704321533	0.1114369000000579	epochs	3.0
755.9032073321533	0.2146460000000161	epochs	2.0
755.9032073321533	0.10864890000004834	epochs	3.0
756.0118562321534	0.10599709999996776	epochs	3.0
756.1178533321533	0.20453499999996438	epochs	2.0
756.1178533321533	0.10347149999995509	epochs	3.0
756.2213248321533	0.1010635000000093	epochs	3.0
756.3223883321533	0.19533400000000256	epochs	2.0
756.3223883321533	0.09876510000003691	epochs	3.0
756.4211534321533	0.09656889999996565	epochs	3.0
756.5177223321533	0.18692529999998442	epochs	2.0
756.5177223321533	0.09446830000001682	epochs	3.0
756.6121906321533	0.09245699999996759	epochs	3.0
756.7046476321533	0.17921069999999872	epochs	2.0
756.7046476321533	0.09052959999996801	epochs	3.0
756.7951772321533	0.08868110000003071	epochs	3.0
756.8838583321533	0.17210769999996955	epochs	2.0
756.8838583321533	0.08690630000000965	epochs	3.0
756.9707646321533	0.0852013999999599	epochs	3.0
757.0559660321533	0.16554640000003928	epochs	2.0
757.0559660321533	0.08356190000006336	epochs	3.0
757.1395279321533	0.08198449999997592	epochs	3.0
757.2215124321533	0.15946710000002895	epochs	2.0
757.2215124321533	0.08046539999998004	epochs	3.0
757.3019778321533	0.07900170000004891	epochs	3.0
757.3809795321533	0.15381839999997737	epochs	2.0
757.3809795321533	0.07759009999995214	epochs	3.0
757.4585696321533	0.07622830000002523	epochs	3.0
757.5347979321533	0.14855639999996129	epochs	2.0
757.5347979321533	0.07491330000004837	epochs	3.0
757.6097112321534	0.07364309999991292	epochs	3.0
757.6833543321533	0.14364240000008976	epochs	2.0
757.6833543321533	0.07241500000009182	epochs	3.0
757.7557693321534	0.07122739999999794	epochs	3.0
757.8269967321534	0.13904309999998077	epochs	2.0
757.8269967321534	0.07007799999996678	epochs	3.0
757.8970747321533	0.06896510000001399	epochs	3.0
757.9660398321533	0.1347293000000036	epochs	2.0
757.9660398321533	0.0678871000000072	epochs	3.0
758.0339269321533	0.06684219999999641	epochs	3.0
758.1007691321533	0.13067519999992783	epochs	2.0
758.1007691321533	0.06582909999997355	epochs	3.0
758.1665982321533	0.06484609999995428	epochs	3.0
758.2314443321533	0.12685780000003888	epochs	2.0
758.2314443321533	0.06389200000000983	epochs	3.0
758.2953363321533	0.06296580000002905	epochs	3.0
758.3583021321533	0.12325720000001184	epochs	2.0
758.3583021321533	0.06206580000002759	epochs	3.0
758.4203679321533	0.06119139999998424	epochs	3.0
758.4815593321533	0.11985540000000583	epochs	2.0
758.4815593321533	0.060341099999959624	epochs	3.0
758.5419004321533	0.059514300000046205	epochs	3.0
758.6014147321533	0.11663620000001629	epochs	2.0
758.6014147321533	0.05870960000004288	epochs	3.0
758.6601243321534	0.057926599999973405	epochs	3.0
758.7180509321533	0.11358559999996487	epochs	2.0
758.7180509321533	0.05716419999998834	epochs	3.0
758.7752151321533	0.05642139999997653	epochs	3.0
758.8316365321533	0.11069050000003244	epochs	2.0
758.8316365321533	0.055697900000041045	epochs	3.0
758.8873344321534	0.0549925999999914	epochs	3.0
758.9423270321533	0.10793909999995321	epochs	2.0
758.9423270321533	0.05430490000003374	epochs	3.0
758.9966319321534	0.053634199999919474	epochs	3.0
759.0502661321533	0.10532150000005913	epochs	2.0
759.0502661321533	0.05298000000004777	epochs	3.0
759.1032461321533	0.052341500000011365	epochs	3.0
759.1555876321534	0.10282759999995505	epochs	2.0
759.1555876321534	0.05171810000001642	epochs	3.0
759.2073057321534	0.051109499999938635	epochs	3.0
759.2584152321533	0.10044909999999163	epochs	2.0
759.2584152321533	0.050514900000052876	epochs	3.0
759.3089301321534	0.049934199999938755	epochs	3.0
759.3588643321533	0.0981782999999723	epochs	2.0
759.3588643321533	0.04936659999998483	epochs	3.0
759.4082309321533	0.04881169999998747	epochs	3.0
759.4570426321533	0.09600780000005216	epochs	2.0
759.4570426321533	0.04826920000004975	epochs	3.0
759.5053118321533	0.04773860000000241	epochs	3.0
759.5530504321533	0.09393120000004274	epochs	2.0
759.5530504321533	0.04721949999998287	epochs	3.0
759.6002699321533	0.046711700000059864	epochs	3.0
759.6469816321534	0.09194259999992482	epochs	2.0
759.6469816321534	0.046214599999984785	epochs	3.0
759.6931962321534	0.04572799999994004	epochs	3.0
759.7389242321533	0.09003630000006524	epochs	2.0
759.7389242321533	0.04525150000006306	epochs	3.0
759.7841757321534	0.04478480000000218	epochs	3.0
759.8289605321534	0.08820759999991878	epochs	2.0
759.8289605321534	0.04432779999990544	epochs	3.0
759.8732883321533	0.04387980000001335	epochs	3.0
759.9171681321533	0.0864516999999978	epochs	2.0
759.9171681321533	0.04344100000002982	epochs	3.0
759.9606091321533	0.04301069999996798	epochs	3.0
760.0036198321533	0.0847643000000744	epochs	2.0
760.0036198321533	0.04258900000002086	epochs	3.0
760.0462088321533	0.04217530000005354	epochs	3.0
760.0883841321534	0.08314150000001064	epochs	2.0
760.0883841321534	0.041769699999917975	epochs	3.0
760.1301538321533	0.04137180000009266	epochs	3.0
760.1715256321534	0.08157969999990655	epochs	2.0
760.1715256321534	0.040981399999964196	epochs	3.0
760.2125070321533	0.040598299999942355	epochs	3.0
760.2531053321533	0.08007550000002084	epochs	2.0
760.2531053321533	0.040222300000095856	epochs	3.0
760.2933276321534	0.03985319999992498	epochs	3.0
760.3331808321533	0.07862570000008873	epochs	2.0
760.3331808321533	0.039490800000066884	epochs	3.0
760.3726716321534	0.039134900000021844	epochs	3.0
760.4118065321534	0.07722759999990103	epochs	2.0
760.4118065321534	0.03878539999993791	epochs	3.0
760.4505919321533	0.03844219999996312	epochs	3.0
760.4890341321533	0.07587820000003376	epochs	2.0
760.4890341321533	0.038104800000041905	epochs	3.0
760.5271389321533	0.03777339999999185	epochs	3.0
760.5649123321533	0.0745752000000266	epochs	2.0
760.5649123321533	0.03744770000002973	epochs	3.0
760.6023600321533	0.03712749999999687	epochs	3.0
760.6394875321533	0.07331629999998768	epochs	2.0
760.6394875321533	0.036812899999972615	epochs	3.0
760.6763004321533	0.03650340000001506	epochs	3.0
760.7128038321533	0.07209899999998015	epochs	2.0
760.7128038321533	0.03619909999997617	epochs	3.0
760.7490029321533	0.03589990000000398	epochs	3.0
760.7849028321533	0.07092169999998532	epochs	2.0
760.7849028321533	0.03560560000005353	epochs	3.0
760.8205084321534	0.035316099999931794	epochs	3.0
760.8558245321533	0.06978200000003199	epochs	2.0
760.8558245321533	0.03503120000004856	epochs	3.0
760.8908557321533	0.03475079999998343	epochs	3.0
760.9256065321533	0.06867859999999837	epochs	2.0
760.9256065321533	0.03447510000000875	epochs	3.0
760.9600816321533	0.03420349999998962	epochs	3.0
760.9942851321533	0.06760929999995824	epochs	2.0
760.9942851321533	0.033936199999970995	epochs	3.0
761.0282213321533	0.033673099999987244	epochs	3.0
761.0618944321533	0.06657290000009652	epochs	2.0
761.0618944321533	0.03341399999999339	epochs	3.0
761.0953084321533	0.03315890000010313	epochs	3.0
761.1284673321534	0.06556779999993978	epochs	2.0
761.1284673321534	0.03290769999989607	epochs	3.0
761.1613750321533	0.03266010000004371	epochs	3.0
761.1940351321533	0.06459259999996902	epochs	2.0
761.1940351321533	0.032416399999988244	epochs	3.0
761.2264515321533	0.03217619999998078	epochs	3.0
761.2586277321533	0.06364600000006249	epochs	2.0
761.2586277321533	0.03193959999998697	epochs	3.0
761.2905673321533	0.03170640000007552	epochs	3.0
761.3222737321533	0.0627266999999847	epochs	2.0
761.3222737321533	0.03147660000001906	epochs	3.0
761.3537503321534	0.03125009999996564	epochs	3.0
761.3850004321533	0.06183359999999993	epochs	2.0
761.3850004321533	0.031026900000028945	epochs	3.0
761.4160273321534	0.030806699999970988	epochs	3.0
761.4468340321533	0.06096560000003137	epochs	2.0
761.4468340321533	0.030589800000029754	epochs	3.0
761.4774238321534	0.030375800000001618	epochs	3.0
761.5077996321534	0.06012160000000222	epochs	2.0
761.5077996321534	0.03016489999993155	epochs	3.0
761.5379645321533	0.02995670000007067	epochs	3.0
761.5679212321534	0.05930069999999432	epochs	2.0
761.5679212321534	0.02975159999994048	epochs	3.0
761.5976728321533	0.02954910000005384	epochs	3.0
761.6272219321534	0.05850179999993088	epochs	2.0
761.6272219321534	0.02934940000000097	epochs	3.0
761.6565713321534	0.029152399999929912	epochs	3.0
761.6857237321533	0.057724200000052406	epochs	2.0
761.6857237321533	0.028957999999988715	epochs	3.0
761.7146817321533	0.02876620000006369	epochs	3.0
761.7434479321533	0.05696709999995164	epochs	2.0
761.7434479321533	0.028576999999927466	epochs	3.0
761.7720249321533	0.028390100000024177	epochs	3.0
761.8004150321533	0.05622949999997218	epochs	2.0
761.8004150321533	0.028205700000057732	epochs	3.0
761.8286207321534	0.028023799999914445	epochs	3.0
761.8566445321533	0.05551070000001346	epochs	2.0
761.8566445321533	0.02784400000007281	epochs	3.0
761.8844885321533	0.027666699999940647	epochs	3.0
761.9121552321533	0.054810200000019904	epochs	2.0
761.9121552321533	0.02749149999999645	epochs	3.0
761.9396467321533	0.027318700000023455	epochs	3.0
761.9669654321533	0.05412699999999404	epochs	2.0
761.9669654321533	0.027147799999966082	epochs	3.0
761.9941132321533	0.02697920000002796	epochs	3.0
762.0210924321533	0.0534607000000733	epochs	2.0
762.0210924321533	0.0268125999999711	epochs	3.0
762.0479050321533	0.026648100000102204	epochs	3.0
762.0745531321534	0.05281070000000909	epochs	2.0
762.0745531321534	0.026485600000000886	epochs	3.0
762.1010387321534	0.026325100000008206	epochs	3.0
762.1273638321534	0.05217619999996259	epochs	2.0
762.1273638321534	0.026166399999965506	epochs	3.0
762.1535302321533	0.026009799999997085	epochs	3.0
762.1795400321533	0.051556699999991906	epochs	2.0
762.1795400321533	0.025854799999933675	epochs	3.0
762.2053948321533	0.02570190000005823	epochs	3.0
762.2310967321533	0.05095189999997274	epochs	2.0
762.2310967321533	0.025550699999939752	epochs	3.0
762.2566474321533	0.025401200000032986	epochs	3.0
762.2820486321533	0.05036100000006627	epochs	2.0
762.2820486321533	0.025253499999962514	epochs	3.0
762.3073021321533	0.025107500000103755	epochs	3.0
762.3324096321534	0.049783800000000156	epochs	2.0
762.3324096321534	0.02496320000000196	epochs	3.0
762.3573728321534	0.024820599999998194	epochs	3.0
762.3821934321534	0.04921949999993558	epochs	2.0
762.3821934321534	0.024679399999968155	epochs	3.0
762.4068728321533	0.024540099999967424	epochs	3.0
762.4314129321533	0.04866790000005494	epochs	2.0
762.4314129321533	0.02440209999997478	epochs	3.0
762.4558150321533	0.024265800000080162	epochs	3.0
762.4800808321534	0.048128599999927246	epochs	2.0
762.4800808321534	0.024131000000011227	epochs	3.0
762.5042118321534	0.02399759999991602	epochs	3.0
762.5282094321533	0.047601100000065344	epochs	2.0
762.5282094321533	0.023865800000066884	epochs	3.0
762.5520752321534	0.02373529999999846	epochs	3.0
762.5758105321534	0.04708499999992455	epochs	2.0
762.5758105321534	0.023606299999983094	epochs	3.0
762.5994168321533	0.023478699999941455	epochs	3.0
762.6228955321533	0.04658000000006268	epochs	2.0
762.6228955321533	0.02335249999998723	epochs	3.0
762.6462480321533	0.02322750000007545	epochs	3.0
762.6694755321533	0.04608569999993506	epochs	2.0
762.6694755321533	0.023103999999989355	epochs	3.0
762.6925795321533	0.022981699999945704	epochs	3.0
762.7155612321533	0.045601799999985815	epochs	2.0
762.7155612321533	0.022860700000023826	epochs	3.0
762.7384219321533	0.02274109999996199	epochs	3.0
762.7611630321533	0.04512790000001132	epochs	2.0
762.7611630321533	0.022622500000011314	epochs	3.0
762.7837855321533	0.02250540000000001	epochs	3.0
762.8062909321533	0.0446638000000803	epochs	2.0
762.8062909321533	0.022389300000099865	epochs	3.0
762.8286802321534	0.022274499999980435	epochs	3.0
762.8509547321534	0.04420919999995476	epochs	2.0
762.8509547321534	0.022160799999937808	epochs	3.0
762.8731155321533	0.022048400000016954	epochs	3.0
762.8951639321533	0.043763600000033875	epochs	2.0
762.8951639321533	0.021936900000014248	epochs	3.0
762.9171008321533	0.021826700000019628	epochs	3.0
762.9389275321533	0.04332709999994222	epochs	2.0
762.9389275321533	0.021717599999988124	epochs	3.0
762.9606451321533	0.021609499999954096	epochs	3.0
762.9822546321533	0.04289900000003399	epochs	2.0
762.9822546321533	0.02150249999999687	epochs	3.0
763.0037571321533	0.021396500000037122	epochs	3.0
763.0251536321533	0.042479500000013104	epochs	2.0
763.0251536321533	0.02129170000000613	epochs	3.0
763.0464453321533	0.021187800000006973	epochs	3.0
763.0676331321533	0.042067900000006375	epochs	2.0
763.0676331321533	0.02108490000000529	epochs	3.0
763.0887180321533	0.020983000000001084	epochs	3.0
763.1097010321533	0.04166439999994509	epochs	2.0
763.1097010321533	0.020882199999959994	epochs	3.0
763.1305832321533	0.020782199999985096	epochs	3.0
763.1513654321533	0.04126850000000104	epochs	2.0
763.1513654321533	0.020683300000087	epochs	3.0
763.1720487321534	0.02058519999991404	epochs	3.0
763.1926339321533	0.04088000000001557	epochs	2.0
763.1926339321533	0.020488100000079612	epochs	3.0
763.2131220321534	0.02039189999993596	epochs	3.0
763.2335139321533	0.04049880000002304	epochs	2.0
763.2335139321533	0.020296600000051512	epochs	3.0
763.2538105321534	0.020202199999971526	epochs	3.0
763.2740127321533	0.04012460000001283	epochs	2.0
763.2740127321533	0.02010870000003706	epochs	3.0
763.2941214321534	0.020015899999975773	epochs	3.0
763.3141373321533	0.03975730000001931	epochs	2.0
763.3141373321533	0.019924199999991288	epochs	3.0
763.3340615321533	0.019833100000028026	epochs	3.0
763.3538946321534	0.03939669999999751	epochs	2.0
763.3538946321534	0.01974299999994855	epochs	3.0
763.3736376321533	0.019653700000048957	epochs	3.0
763.3932913321534	0.03904239999997117	epochs	2.0
763.3932913321534	0.01956510000002254	epochs	3.0
763.4128564321534	0.019477299999948627	epochs	3.0
763.4323337321533	0.03869459999998526	epochs	2.0
763.4323337321533	0.019390400000020236	epochs	3.0
763.4517241321533	0.01930419999996502	epochs	3.0
763.4710283321533	0.03835290000006353	epochs	2.0
763.4710283321533	0.019218799999976	epochs	3.0
763.4902471321533	0.01913410000008753	epochs	3.0
763.5093812321534	0.038017199999899276	epochs	2.0
763.5093812321534	0.01905019999992419	epochs	3.0
763.5284314321533	0.018966999999975087	epochs	3.0
763.5473984321533	0.037687200000050325	epochs	2.0
763.5473984321533	0.01888450000001285	epochs	3.0
763.5662829321533	0.018802700000037476	epochs	3.0
763.5850856321533	0.03736309999999321	epochs	2.0
763.5850856321533	0.018721700000014607	epochs	3.0
763.6038073321533	0.018641399999978603	epochs	3.0
763.6224487321533	0.03704430000004777	epochs	2.0
763.6224487321533	0.01856159999999818	epochs	3.0
763.6410103321533	0.01848270000004959	epochs	3.0
763.6594930321534	0.03673099999991791	epochs	2.0
763.6594930321534	0.018404299999929208	epochs	3.0
763.6778973321533	0.018326699999988705	epochs	3.0
763.6962240321533	0.036422900000047775	epochs	2.0
763.6962240321533	0.018249599999990096	epochs	3.0
763.7144736321533	0.01817330000005768	epochs	3.0
763.7326469321533	0.03612009999994825	epochs	2.0
763.7326469321533	0.0180976000000328	epochs	3.0
763.7507445321534	0.018022499999915453	epochs	3.0
763.7687670321533	0.03582210000001851	epochs	2.0
763.7687670321533	0.017947900000081063	epochs	3.0
763.7867149321534	0.017874199999937446	epochs	3.0
763.8045891321533	0.03552899999999681	epochs	2.0
763.8045891321533	0.017800800000031813	epochs	3.0
763.8223899321533	0.017728199999965	epochs	3.0
763.8401181321533	0.03524070000003121	epochs	2.0
763.8401181321533	0.017656100000067454	epochs	3.0
763.8577742321534	0.017584599999963757	epochs	3.0
763.8753588321533	0.034957100000042374	epochs	2.0
763.8753588321533	0.01751369999999497	epochs	3.0
763.8928725321533	0.017443400000047404	epochs	3.0
763.9103159321534	0.034677899999906	epochs	2.0
763.9103159321534	0.017373599999928047	epochs	3.0
763.9276895321533	0.017304299999977957	epochs	3.0
763.9449938321533	0.03440330000000813	epochs	2.0
763.9449938321533	0.01723570000001473	epochs	3.0
763.9622295321533	0.0171675999999934	epochs	3.0
763.9793971321533	0.0341328000000658	epochs	2.0
763.9793971321533	0.017099900000062007	epochs	3.0
763.9964970321533	0.017032900000003792	epochs	3.0
764.0135299321533	0.033866699999975935	epochs	2.0
764.0135299321533	0.01696640000000116	epochs	3.0
764.0304963321533	0.016900299999974777	epochs	3.0
764.0473966321533	0.03360459999998966	epochs	2.0
764.0473966321533	0.01683479999996962	epochs	3.0
764.0642314321533	0.01676980000002004	epochs	3.0
764.0810012321533	0.033346599999958926	epochs	2.0
764.0810012321533	0.016705300000012357	epochs	3.0
764.0977065321533	0.01664129999994657	epochs	3.0
764.1143478321533	0.03309250000006614	epochs	2.0
764.1143478321533	0.016577800000050047	epochs	3.0
764.1309256321533	0.01651470000001609	epochs	3.0
764.1474403321533	0.03284229999997024	epochs	2.0
764.1474403321533	0.01645220000000336	epochs	3.0
764.1638925321533	0.01639009999996688	epochs	3.0
764.1802826321533	0.03259570000000167	epochs	2.0
764.1802826321533	0.016328400000020338	epochs	3.0
764.1966110321533	0.016267299999981333	epochs	3.0
764.2128783321533	0.032352899999978035	epochs	2.0
764.2128783321533	0.016206600000032267	epochs	3.0
764.2290849321533	0.016146299999945768	epochs	3.0
764.2452312321533	0.032113700000081735	epochs	2.0
764.2452312321533	0.016086599999994178	epochs	3.0
764.2613178321533	0.016027100000087557	epochs	3.0
764.2773449321534	0.03187800000000607	epochs	2.0
764.2773449321534	0.015968199999974786	epochs	3.0
764.2933131321533	0.015909800000031282	epochs	3.0
764.3092229321534	0.03164569999989908	epochs	2.0
764.3092229321534	0.015851599999905375	epochs	3.0
764.3250745321533	0.015794099999993705	epochs	3.0
764.3408686321533	0.0314167000000225	epochs	2.0
764.3408686321533	0.015736700000047676	epochs	3.0
764.3566053321533	0.015679999999974825	epochs	3.0
764.3722853321533	0.031191100000000915	epochs	2.0
764.3722853321533	0.015623600000026272	epochs	3.0
764.3879089321533	0.015567499999974643	epochs	3.0
764.4034764321533	0.030968700000016725	epochs	2.0
764.4034764321533	0.015512000000057924	epochs	3.0
764.4189884321534	0.0154566999999588	epochs	3.0
764.4344451321533	0.030749499999956242	epochs	2.0
764.4344451321533	0.015401999999994587	epochs	3.0
764.4498471321533	0.015347499999961656	epochs	3.0
764.4651946321533	0.03053320000003623	epochs	2.0
764.4651946321533	0.015293400000018664	epochs	3.0
764.4804880321533	0.015239800000017567	epochs	3.0
764.4957278321533	0.03032010000003993	epochs	2.0
764.4957278321533	0.015186500000027081	epochs	3.0
764.5109143321533	0.015133600000012848	epochs	3.0
764.5260479321533	0.030109899999956724	epochs	2.0
764.5260479321533	0.015081000000009226	epochs	3.0
764.5411289321534	0.015028899999947498	epochs	3.0
764.5561578321533	0.02990250000004835	epochs	2.0
764.5561578321533	0.014977000000044427	epochs	3.0
764.5711348321533	0.014925500000003922	epochs	3.0
764.5860603321534	0.029698100000018712	epochs	2.0
764.5860603321534	0.01487439999993967	epochs	3.0
764.6009347321533	0.014823700000079043	epochs	3.0
764.6157584321534	0.029496299999891562	epochs	2.0
764.6157584321534	0.014773199999922326	epochs	3.0
764.6305316321533	0.014723099999969236	epochs	3.0
764.6452547321533	0.02929740000001857	epochs	2.0
764.6452547321533	0.014673400000106085	epochs	3.0
764.6599281321534	0.014623999999912485	epochs	3.0
764.6745521321533	0.029101100000048064	epochs	2.0
764.6745521321533	0.014574900000070556	epochs	3.0
764.6891270321534	0.014526199999977507	epochs	3.0
764.7036532321533	0.028907399999980044	epochs	2.0
764.7036532321533	0.014477700000043114	epochs	3.0
764.7181309321534	0.014429699999936929	epochs	3.0
764.7325606321533	0.028716199999962555	epochs	2.0
764.7325606321533	0.014381800000023759	epochs	3.0
764.7469424321533	0.014334399999938796	epochs	3.0
764.7612768321533	0.028527600000074926	epochs	2.0
764.7612768321533	0.01428720000001249	epochs	3.0
764.7755640321533	0.014240400000062436	epochs	3.0
764.7898044321533	0.028341399999931127	epochs	2.0
764.7898044321533	0.014193799999929979	epochs	3.0
764.8039982321533	0.014147600000001148	epochs	3.0
764.8181458321533	0.028157700000065233	epochs	2.0
764.8181458321533	0.014101700000082928	epochs	3.0
764.8322475321534	0.014055999999982305	epochs	3.0
764.8463035321533	0.027976299999977527	epochs	2.0
764.8463035321533	0.01401060000000598	epochs	3.0
764.8603141321533	0.013965699999971548	epochs	3.0
764.8742798321533	0.02779720000000907	epochs	2.0
764.8742798321533	0.013920800000050804	epochs	3.0
764.8882006321534	0.013876399999958267	epochs	3.0
764.9020770321533	0.027620400000046175	epochs	2.0
764.9020770321533	0.013832200000024386	epochs	3.0
764.9159092321534	0.013788200000021789	epochs	3.0
764.9296974321534	0.027445899999975154	epochs	2.0
764.9296974321534	0.013744599999995444	epochs	3.0
764.9434420321534	0.01370129999997971	epochs	3.0
764.9571433321534	0.027273499999978412	epochs	2.0
764.9571433321534	0.013658200000008947	epochs	3.0
764.9708015321534	0.013615299999969466	epochs	3.0
764.9844168321533	0.027103399999987232	epochs	2.0
764.9844168321533	0.013572800000019924	epochs	3.0
764.9979896321533	0.013530599999967308	epochs	3.0
765.0115202321533	0.02693520000002536	epochs	2.0
765.0115202321533	0.013488400000028378	epochs	3.0
765.0250086321533	0.013446799999996983	epochs	3.0
765.0384554321533	0.026769199999989723	epochs	2.0
765.0384554321533	0.013405199999965589	epochs	3.0
765.0518606321533	0.013364000000024134	epochs	3.0
765.0652246321533	0.026605199999949036	epochs	2.0
765.0652246321533	0.013322899999934634	epochs	3.0
765.0785475321533	0.013282300000014402	epochs	3.0
765.0918298321533	0.026443200000016986	epochs	2.0
765.0918298321533	0.01324170000009417	epochs	3.0
765.1050715321534	0.013201499999922817	epochs	3.0
765.1182730321533	0.0262831999999662	epochs	2.0
765.1182730321533	0.013161500000023807	epochs	3.0
765.1314345321533	0.013121699999942393	epochs	3.0
765.1445562321533	0.02612500000009277	epochs	2.0
765.1445562321533	0.013082100000019636	epochs	3.0
765.1576383321533	0.013042900000073132	epochs	3.0
765.1706812321534	0.025968899999952555	epochs	2.0
765.1706812321534	0.013003899999944224	epochs	3.0
765.1836851321533	0.012965000000008331	epochs	3.0
765.1966501321533	0.025814500000024054	epochs	2.0
765.1966501321533	0.012926399999969362	epochs	3.0
765.2095765321533	0.012888100000054692	epochs	3.0
765.2224646321533	0.025661899999931848	epochs	2.0
765.2224646321533	0.012849899999991976	epochs	3.0
765.2353145321533	0.012811999999939871	epochs	3.0
765.2481265321533	0.025511200000096323	epochs	2.0
765.2481265321533	0.012774400000012065	epochs	3.0
765.2609009321533	0.012736800000084258	epochs	3.0
765.2736377321534	0.025362299999983406	epochs	2.0
765.2736377321534	0.01269969999998466	epochs	3.0
765.2863374321533	0.012662599999998747	epochs	3.0
765.2990000321533	0.025215000000002874	epochs	2.0
765.2990000321533	0.012625800000023446	epochs	3.0
765.3116258321534	0.012589199999979428	epochs	3.0
765.3242150321533	0.024584799999956886	epochs	2.0
765.3481299321534	0.5	epochs	-1.0
765.3487998321533	0.5374400000000605	epochs	1.0
765.8862398321534	0.46247999999991407	epochs	0.0
767.0699996948242	0.12279999999998381	epochs	0.0
767.0699996948242	0.05640200000004825	epochs	1.0
767.1264016948243	0.009996000000001004	epochs	1.0
767.1363976948243	0.05640199999993456	epochs	1.0
767.1927996948242	2.0	epochs	0.0
769.1927996948242	21.55704000000003	epochs	0.0
769.1927996948242	1.0	epochs	1.0
769.1928497948243	0.5	epochs	-1.0
769.6928497948243	19.99928	epochs	-1.0
770.1927996948242	20.0	epochs	1.0
770.1927996948242	4.356753900000058	epochs	-1.0
770.1927996948242	1.9745871999999736	epochs	2.0
770.1927996948242	1.0985622000000603	epochs	3.0
771.2913618948243	0.8760249999999132	epochs	3.0
772.1673868948242	1.3524075000000266	epochs	2.0
772.1673868948242	0.7286354999999958	epochs	3.0
772.8960223948242	0.6237720000000309	epochs	3.0
773.5197943948242	1.0297592000000577	epochs	2.0
773.5197943948242	0.5453293000000485	epochs	3.0
774.0651236948243	0.4844299000000092	epochs	3.0
774.5495535948243	0.8317862000000105	epochs	2.0
774.5495535948243	0.4357762999999295	epochs	3.0
774.9853298948242	0.39600990000008096	epochs	3.0
775.3813397948243	0.6977969999999232	epochs	2.0
775.3813397948243	0.36289819999990414	epochs	3.0
775.7442379948242	0.33489880000001904	epochs	3.0
776.0791367948242	0.601045699999986	epochs	2.0
776.0791367948242	0.3109123000000409	epochs	3.0
776.3900490948242	0.29013339999994514	epochs	3.0
776.6801824948242	0.5278859000000011	epochs	2.0
776.6801824948242	0.2719586000000618	epochs	3.0
776.9521410948242	0.25592729999993935	epochs	3.0
777.2080683948242	0.4706193000000667	epochs	2.0
777.2080683948242	0.241681299999982	epochs	3.0
777.4497496948242	0.22893800000008468	epochs	3.0
777.6786876948242	0.42457039999999324	epochs	2.0
777.6786876948242	0.21747140000002219	epochs	3.0
777.8961590948243	0.20709899999997106	epochs	3.0
778.1032580948242	0.3867354000000205	epochs	2.0
778.1032580948242	0.19767109999997956	epochs	3.0
778.3009291948242	0.18906430000004093	epochs	3.0
778.4899934948243	0.35509529999990264	epochs	2.0
778.4899934948243	0.18117589999997108	epochs	3.0
778.6711693948242	0.17391939999993156	epochs	3.0
778.8450887948242	0.3282431000000088	epochs	2.0
778.8450887948242	0.1672219000000723	epochs	3.0
779.0123106948242	0.16102119999993647	epochs	3.0
779.1733318948242	0.30516800000009425	epochs	2.0
779.1733318948242	0.15526390000002266	epochs	3.0
779.3285957948242	0.1499041000000716	epochs	3.0
779.4784998948243	0.28512530000000424	epochs	2.0
779.4784998948243	0.1449020999999675	epochs	3.0
779.6234019948242	0.14022320000003674	epochs	3.0
779.7636251948243	0.2675537999999733	epochs	2.0
779.7636251948243	0.1358368999999584	epochs	3.0
779.8994620948242	0.1317169000000149	epochs	3.0
780.0311789948242	0.252022899999929	epochs	2.0
780.0311789948242	0.1278393000000051	epochs	3.0
780.1590182948243	0.1241835999999239	epochs	3.0
780.2832018948242	0.23819650000007186	epochs	2.0
780.2832018948242	0.12073110000005727	epochs	3.0
780.4039329948242	0.1174654000000146	epochs	3.0
780.5213983948242	0.2258087999999816	epochs	2.0
780.5213983948242	0.1143718999999237	epochs	3.0
780.6357702948242	0.1114369000000579	epochs	3.0
780.7472071948242	0.2146460000000161	epochs	2.0
780.7472071948242	0.10864890000004834	epochs	3.0
780.8558560948243	0.10599709999996776	epochs	3.0
780.9618531948242	0.20453499999996438	epochs	2.0
780.9618531948242	0.10347149999995509	epochs	3.0
781.0653246948242	0.1010635000000093	epochs	3.0
781.1663881948242	0.19533400000000256	epochs	2.0
781.1663881948242	0.09876510000003691	epochs	3.0
781.2651532948242	0.09656889999996565	epochs	3.0
781.3617221948242	0.18692529999998442	epochs	2.0
781.3617221948242	0.09446830000001682	epochs	3.0
781.4561904948242	0.09245699999996759	epochs	3.0
781.5486474948242	0.17921069999999872	epochs	2.0
781.5486474948242	0.09052959999996801	epochs	3.0
781.6391770948242	0.08868110000003071	epochs	3.0
781.7278581948242	0.17210769999996955	epochs	2.0
781.7278581948242	0.08690630000000965	epochs	3.0
781.8147644948242	0.0852013999999599	epochs	3.0
781.8999658948242	0.16554640000003928	epochs	2.0
781.8999658948242	0.08356190000006336	epochs	3.0
781.9835277948242	0.08198449999997592	epochs	3.0
782.0655122948242	0.15946710000002895	epochs	2.0
782.0655122948242	0.08046539999998004	epochs	3.0
782.1459776948242	0.07900170000004891	epochs	3.0
782.2249793948242	0.15381839999997737	epochs	2.0
782.2249793948242	0.07759009999995214	epochs	3.0
782.3025694948242	0.07622830000002523	epochs	3.0
782.3787977948242	0.14855639999996129	epochs	2.0
782.3787977948242	0.07491330000004837	epochs	3.0
782.4537110948243	0.07364309999991292	epochs	3.0
782.5273541948242	0.14364240000008976	epochs	2.0
782.5273541948242	0.07241500000009182	epochs	3.0
782.5997691948243	0.07122739999999794	epochs	3.0
782.6709965948243	0.13904309999998077	epochs	2.0
782.6709965948243	0.07007799999996678	epochs	3.0
782.7410745948242	0.06896510000001399	epochs	3.0
782.8100396948242	0.1347293000000036	epochs	2.0
782.8100396948242	0.0678871000000072	epochs	3.0
782.8779267948242	0.06684219999999641	epochs	3.0
782.9447689948242	0.13067519999992783	epochs	2.0
782.9447689948242	0.06582909999997355	epochs	3.0
783.0105980948242	0.06484609999995428	epochs	3.0
783.0754441948242	0.12685780000003888	epochs	2.0
783.0754441948242	0.06389200000000983	epochs	3.0
783.1393361948242	0.06296580000002905	epochs	3.0
783.2023019948242	0.12325720000001184	epochs	2.0
783.2023019948242	0.06206580000002759	epochs	3.0
783.2643677948242	0.06119139999998424	epochs	3.0
783.3255591948242	0.11985540000000583	epochs	2.0
783.3255591948242	0.060341099999959624	epochs	3.0
783.3859002948242	0.059514300000046205	epochs	3.0
783.4454145948242	0.11663620000001629	epochs	2.0
783.4454145948242	0.05870960000004288	epochs	3.0
783.5041241948243	0.057926599999973405	epochs	3.0
783.5620507948242	0.11358559999996487	epochs	2.0
783.5620507948242	0.05716419999998834	epochs	3.0
783.6192149948242	0.05642139999997653	epochs	3.0
783.6756363948242	0.11069050000003244	epochs	2.0
783.6756363948242	0.055697900000041045	epochs	3.0
783.7313342948243	0.0549925999999914	epochs	3.0
783.7863268948242	0.10793909999995321	epochs	2.0
783.7863268948242	0.05430490000003374	epochs	3.0
783.8406317948243	0.053634199999919474	epochs	3.0
783.8942659948242	0.10532150000005913	epochs	2.0
783.8942659948242	0.05298000000004777	epochs	3.0
783.9472459948242	0.052341500000011365	epochs	3.0
783.9995874948243	0.10282759999995505	epochs	2.0
783.9995874948243	0.05171810000001642	epochs	3.0
784.0513055948243	0.051109499999938635	epochs	3.0
784.1024150948242	0.10044909999999163	epochs	2.0
784.1024150948242	0.050514900000052876	epochs	3.0
784.1529299948243	0.049934199999938755	epochs	3.0
784.2028641948242	0.0981782999999723	epochs	2.0
784.2028641948242	0.04936659999998483	epochs	3.0
784.2522307948242	0.04881169999998747	epochs	3.0
784.3010424948242	0.09600780000005216	epochs	2.0
784.3010424948242	0.04826920000004975	epochs	3.0
784.3493116948242	0.04773860000000241	epochs	3.0
784.3970502948242	0.09393120000004274	epochs	2.0
784.3970502948242	0.04721949999998287	epochs	3.0
784.4442697948242	0.046711700000059864	epochs	3.0
784.4909814948243	0.09194259999992482	epochs	2.0
784.4909814948243	0.046214599999984785	epochs	3.0
784.5371960948243	0.04572799999994004	epochs	3.0
784.5829240948242	0.09003630000006524	epochs	2.0
784.5829240948242	0.04525150000006306	epochs	3.0
784.6281755948243	0.04478480000000218	epochs	3.0
784.6729603948243	0.08820759999991878	epochs	2.0
784.6729603948243	0.04432779999990544	epochs	3.0
784.7172881948242	0.04387980000001335	epochs	3.0
784.7611679948242	0.0864516999999978	epochs	2.0
784.7611679948242	0.04344100000002982	epochs	3.0
784.8046089948242	0.04301069999996798	epochs	3.0
784.8476196948242	0.0847643000000744	epochs	2.0
784.8476196948242	0.04258900000002086	epochs	3.0
784.8902086948242	0.04217530000005354	epochs	3.0
784.9323839948242	0.08314150000001064	epochs	2.0
784.9323839948242	0.041769699999917975	epochs	3.0
784.9741536948242	0.04137180000009266	epochs	3.0
785.0155254948243	0.08157969999990655	epochs	2.0
785.0155254948243	0.040981399999964196	epochs	3.0
785.0565068948242	0.040598299999942355	epochs	3.0
785.0971051948242	0.08007550000002084	epochs	2.0
785.0971051948242	0.040222300000095856	epochs	3.0
785.1373274948243	0.03985319999992498	epochs	3.0
785.1771806948242	0.07862570000008873	epochs	2.0
785.1771806948242	0.039490800000066884	epochs	3.0
785.2166714948243	0.039134900000021844	epochs	3.0
785.2558063948243	0.07722759999990103	epochs	2.0
785.2558063948243	0.03878539999993791	epochs	3.0
785.2945917948242	0.03844219999996312	epochs	3.0
785.3330339948242	0.07587820000003376	epochs	2.0
785.3330339948242	0.038104800000041905	epochs	3.0
785.3711387948242	0.03777339999999185	epochs	3.0
785.4089121948242	0.0745752000000266	epochs	2.0
785.4089121948242	0.03744770000002973	epochs	3.0
785.4463598948242	0.03712749999999687	epochs	3.0
785.4834873948242	0.07331629999998768	epochs	2.0
785.4834873948242	0.036812899999972615	epochs	3.0
785.5203002948242	0.03650340000001506	epochs	3.0
785.5568036948242	0.07209899999998015	epochs	2.0
785.5568036948242	0.03619909999997617	epochs	3.0
785.5930027948242	0.03589990000000398	epochs	3.0
785.6289026948242	0.07092169999998532	epochs	2.0
785.6289026948242	0.03560560000005353	epochs	3.0
785.6645082948243	0.035316099999931794	epochs	3.0
785.6998243948242	0.06978200000003199	epochs	2.0
785.6998243948242	0.03503120000004856	epochs	3.0
785.7348555948242	0.03475079999998343	epochs	3.0
785.7696063948242	0.06867859999999837	epochs	2.0
785.7696063948242	0.03447510000000875	epochs	3.0
785.8040814948242	0.03420349999998962	epochs	3.0
785.8382849948242	0.06760929999995824	epochs	2.0
785.8382849948242	0.033936199999970995	epochs	3.0
785.8722211948242	0.033673099999987244	epochs	3.0
785.9058942948242	0.06657290000009652	epochs	2.0
785.9058942948242	0.03341399999999339	epochs	3.0
785.9393082948242	0.03315890000010313	epochs	3.0
785.9724671948243	0.06556779999993978	epochs	2.0
785.9724671948243	0.03290769999989607	epochs	3.0
786.0053748948242	0.03266010000004371	epochs	3.0
786.0380349948242	0.06459259999996902	epochs	2.0
786.0380349948242	0.032416399999988244	epochs	3.0
786.0704513948242	0.03217619999998078	epochs	3.0
786.1026275948242	0.06364600000006249	epochs	2.0
786.1026275948242	0.03193959999998697	epochs	3.0
786.1345671948242	0.03170640000007552	epochs	3.0
786.1662735948242	0.0627266999999847	epochs	2.0
786.1662735948242	0.03147660000001906	epochs	3.0
786.1977501948243	0.03125009999996564	epochs	3.0
786.2290002948242	0.06183359999999993	epochs	2.0
786.2290002948242	0.031026900000028945	epochs	3.0
786.2600271948243	0.030806699999970988	epochs	3.0
786.2908338948242	0.06096560000003137	epochs	2.0
786.2908338948242	0.030589800000029754	epochs	3.0
786.3214236948243	0.030375800000001618	epochs	3.0
786.3517994948243	0.06012160000000222	epochs	2.0
786.3517994948243	0.03016489999993155	epochs	3.0
786.3819643948242	0.02995670000007067	epochs	3.0
786.4119210948243	0.05930069999999432	epochs	2.0
786.4119210948243	0.02975159999994048	epochs	3.0
786.4416726948242	0.02954910000005384	epochs	3.0
786.4712217948243	0.05850179999993088	epochs	2.0
786.4712217948243	0.02934940000000097	epochs	3.0
786.5005711948243	0.029152399999929912	epochs	3.0
786.5297235948242	0.057724200000052406	epochs	2.0
786.5297235948242	0.028957999999988715	epochs	3.0
786.5586815948242	0.02876620000006369	epochs	3.0
786.5874477948242	0.05696709999995164	epochs	2.0
786.5874477948242	0.028576999999927466	epochs	3.0
786.6160247948242	0.028390100000024177	epochs	3.0
786.6444148948242	0.05622949999997218	epochs	2.0
786.6444148948242	0.028205700000057732	epochs	3.0
786.6726205948243	0.028023799999914445	epochs	3.0
786.7006443948242	0.05551070000001346	epochs	2.0
786.7006443948242	0.02784400000007281	epochs	3.0
786.7284883948242	0.027666699999940647	epochs	3.0
786.7561550948242	0.054810200000019904	epochs	2.0
786.7561550948242	0.02749149999999645	epochs	3.0
786.7836465948242	0.027318700000023455	epochs	3.0
786.8109652948242	0.05412699999999404	epochs	2.0
786.8109652948242	0.027147799999966082	epochs	3.0
786.8381130948242	0.02697920000002796	epochs	3.0
786.8650922948242	0.0534607000000733	epochs	2.0
786.8650922948242	0.0268125999999711	epochs	3.0
786.8919048948242	0.026648100000102204	epochs	3.0
786.9185529948243	0.05281070000000909	epochs	2.0
786.9185529948243	0.026485600000000886	epochs	3.0
786.9450385948243	0.026325100000008206	epochs	3.0
786.9713636948243	0.05217619999996259	epochs	2.0
786.9713636948243	0.026166399999965506	epochs	3.0
786.9975300948242	0.026009799999997085	epochs	3.0
787.0235398948242	0.051556699999991906	epochs	2.0
787.0235398948242	0.025854799999933675	epochs	3.0
787.0493946948242	0.02570190000005823	epochs	3.0
787.0750965948242	0.05095189999997274	epochs	2.0
787.0750965948242	0.025550699999939752	epochs	3.0
787.1006472948242	0.025401200000032986	epochs	3.0
787.1260484948242	0.05036100000006627	epochs	2.0
787.1260484948242	0.025253499999962514	epochs	3.0
787.1513019948242	0.025107500000103755	epochs	3.0
787.1764094948243	0.049783800000000156	epochs	2.0
787.1764094948243	0.02496320000000196	epochs	3.0
787.2013726948243	0.024820599999998194	epochs	3.0
787.2261932948243	0.04921949999993558	epochs	2.0
787.2261932948243	0.024679399999968155	epochs	3.0
787.2508726948242	0.024540099999967424	epochs	3.0
787.2754127948242	0.04866790000005494	epochs	2.0
787.2754127948242	0.02440209999997478	epochs	3.0
787.2998148948242	0.024265800000080162	epochs	3.0
787.3240806948243	0.048128599999927246	epochs	2.0
787.3240806948243	0.024131000000011227	epochs	3.0
787.3482116948243	0.02399759999991602	epochs	3.0
787.3722092948242	0.047601100000065344	epochs	2.0
787.3722092948242	0.023865800000066884	epochs	3.0
787.3960750948243	0.02373529999999846	epochs	3.0
787.4198103948243	0.04708499999992455	epochs	2.0
787.4198103948243	0.023606299999983094	epochs	3.0
787.4434166948242	0.023478699999941455	epochs	3.0
787.4668953948242	0.04658000000006268	epochs	2.0
787.4668953948242	0.02335249999998723	epochs	3.0
787.4902478948242	0.02322750000007545	epochs	3.0
787.5134753948242	0.04608569999993506	epochs	2.0
787.5134753948242	0.023103999999989355	epochs	3.0
787.5365793948242	0.022981699999945704	epochs	3.0
787.5595610948242	0.045601799999985815	epochs	2.0
787.5595610948242	0.022860700000023826	epochs	3.0
787.5824217948242	0.02274109999996199	epochs	3.0
787.6051628948242	0.04512790000001132	epochs	2.0
787.6051628948242	0.022622500000011314	epochs	3.0
787.6277853948242	0.02250540000000001	epochs	3.0
787.6502907948242	0.0446638000000803	epochs	2.0
787.6502907948242	0.022389300000099865	epochs	3.0
787.6726800948243	0.022274499999980435	epochs	3.0
787.6949545948243	0.04420919999995476	epochs	2.0
787.6949545948243	0.022160799999937808	epochs	3.0
787.7171153948242	0.022048400000016954	epochs	3.0
787.7391637948242	0.043763600000033875	epochs	2.0
787.7391637948242	0.021936900000014248	epochs	3.0
787.7611006948242	0.021826700000019628	epochs	3.0
787.7829273948242	0.04332709999994222	epochs	2.0
787.7829273948242	0.021717599999988124	epochs	3.0
787.8046449948242	0.021609499999954096	epochs	3.0
787.8262544948242	0.04289900000003399	epochs	2.0
787.8262544948242	0.02150249999999687	epochs	3.0
787.8477569948242	0.021396500000037122	epochs	3.0
787.8691534948242	0.042479500000013104	epochs	2.0
787.8691534948242	0.02129170000000613	epochs	3.0
787.8904451948242	0.021187800000006973	epochs	3.0
787.9116329948242	0.042067900000006375	epochs	2.0
787.9116329948242	0.02108490000000529	epochs	3.0
787.9327178948242	0.020983000000001084	epochs	3.0
787.9537008948242	0.04166439999994509	epochs	2.0
787.9537008948242	0.020882199999959994	epochs	3.0
787.9745830948242	0.020782199999985096	epochs	3.0
787.9953652948242	0.04126850000000104	epochs	2.0
787.9953652948242	0.020683300000087	epochs	3.0
788.0160485948243	0.02058519999991404	epochs	3.0
788.0366337948242	0.04088000000001557	epochs	2.0
788.0366337948242	0.020488100000079612	epochs	3.0
788.0571218948243	0.02039189999993596	epochs	3.0
788.0775137948242	0.04049880000002304	epochs	2.0
788.0775137948242	0.020296600000051512	epochs	3.0
788.0978103948243	0.020202199999971526	epochs	3.0
788.1180125948242	0.04012460000001283	epochs	2.0
788.1180125948242	0.02010870000003706	epochs	3.0
788.1381212948243	0.020015899999975773	epochs	3.0
788.1581371948242	0.03975730000001931	epochs	2.0
788.1581371948242	0.019924199999991288	epochs	3.0
788.1780613948242	0.019833100000028026	epochs	3.0
788.1978944948243	0.03939669999999751	epochs	2.0
788.1978944948243	0.01974299999994855	epochs	3.0
788.2176374948242	0.019653700000048957	epochs	3.0
788.2372911948243	0.03904239999997117	epochs	2.0
788.2372911948243	0.01956510000002254	epochs	3.0
788.2568562948243	0.019477299999948627	epochs	3.0
788.2763335948242	0.03869459999998526	epochs	2.0
788.2763335948242	0.019390400000020236	epochs	3.0
788.2957239948242	0.01930419999996502	epochs	3.0
788.3150281948242	0.03835290000006353	epochs	2.0
788.3150281948242	0.019218799999976	epochs	3.0
788.3342469948242	0.01913410000008753	epochs	3.0
788.3533810948243	0.038017199999899276	epochs	2.0
788.3533810948243	0.01905019999992419	epochs	3.0
788.3724312948242	0.018966999999975087	epochs	3.0
788.3913982948242	0.037687200000050325	epochs	2.0
788.3913982948242	0.01888450000001285	epochs	3.0
788.4102827948242	0.018802700000037476	epochs	3.0
788.4290854948242	0.03736309999999321	epochs	2.0
788.4290854948242	0.018721700000014607	epochs	3.0
788.4478071948242	0.018641399999978603	epochs	3.0
788.4664485948242	0.03704430000004777	epochs	2.0
788.4664485948242	0.01856159999999818	epochs	3.0
788.4850101948242	0.01848270000004959	epochs	3.0
788.5034928948243	0.03673099999991791	epochs	2.0
788.5034928948243	0.018404299999929208	epochs	3.0
788.5218971948242	0.018326699999988705	epochs	3.0
788.5402238948242	0.036422900000047775	epochs	2.0
788.5402238948242	0.018249599999990096	epochs	3.0
788.5584734948242	0.01817330000005768	epochs	3.0
788.5766467948242	0.03612009999994825	epochs	2.0
788.5766467948242	0.0180976000000328	epochs	3.0
788.5947443948243	0.018022499999915453	epochs	3.0
788.6127668948242	0.03582210000001851	epochs	2.0
788.6127668948242	0.017947900000081063	epochs	3.0
788.6307147948243	0.017874199999937446	epochs	3.0
788.6485889948242	0.03552899999999681	epochs	2.0
788.6485889948242	0.017800800000031813	epochs	3.0
788.6663897948242	0.017728199999965	epochs	3.0
788.6841179948242	0.03524070000003121	epochs	2.0
788.6841179948242	0.017656100000067454	epochs	3.0
788.7017740948243	0.017584599999963757	epochs	3.0
788.7193586948242	0.034957100000042374	epochs	2.0
788.7193586948242	0.01751369999999497	epochs	3.0
788.7368723948242	0.017443400000047404	epochs	3.0
788.7543157948243	0.034677899999906	epochs	2.0
788.7543157948243	0.017373599999928047	epochs	3.0
788.7716893948242	0.017304299999977957	epochs	3.0
788.7889936948242	0.03440330000000813	epochs	2.0
788.7889936948242	0.01723570000001473	epochs	3.0
788.8062293948242	0.0171675999999934	epochs	3.0
788.8233969948242	0.0341328000000658	epochs	2.0
788.8233969948242	0.017099900000062007	epochs	3.0
788.8404968948242	0.017032900000003792	epochs	3.0
788.8575297948242	0.033866699999975935	epochs	2.0
788.8575297948242	0.01696640000000116	epochs	3.0
788.8744961948242	0.016900299999974777	epochs	3.0
788.8913964948242	0.03360459999998966	epochs	2.0
788.8913964948242	0.01683479999996962	epochs	3.0
788.9082312948242	0.01676980000002004	epochs	3.0
788.9250010948242	0.033346599999958926	epochs	2.0
788.9250010948242	0.016705300000012357	epochs	3.0
788.9417063948242	0.01664129999994657	epochs	3.0
788.9583476948242	0.03309250000006614	epochs	2.0
788.9583476948242	0.016577800000050047	epochs	3.0
788.9749254948242	0.01651470000001609	epochs	3.0
788.9914401948242	0.03284229999997024	epochs	2.0
788.9914401948242	0.01645220000000336	epochs	3.0
789.0078923948242	0.01639009999996688	epochs	3.0
789.0242824948242	0.03259570000000167	epochs	2.0
789.0242824948242	0.016328400000020338	epochs	3.0
789.0406108948242	0.016267299999981333	epochs	3.0
789.0568781948242	0.032352899999978035	epochs	2.0
789.0568781948242	0.016206600000032267	epochs	3.0
789.0730847948242	0.016146299999945768	epochs	3.0
789.0892310948242	0.032113700000081735	epochs	2.0
789.0892310948242	0.016086599999994178	epochs	3.0
789.1053176948242	0.016027100000087557	epochs	3.0
789.1213447948243	0.03187800000000607	epochs	2.0
789.1213447948243	0.015968199999974786	epochs	3.0
789.1373129948242	0.015909800000031282	epochs	3.0
789.1532227948243	0.03164569999989908	epochs	2.0
789.1532227948243	0.015851599999905375	epochs	3.0
789.1690743948242	0.015794099999993705	epochs	3.0
789.1848684948242	0.0314167000000225	epochs	2.0
789.1848684948242	0.015736700000047676	epochs	3.0
789.2006051948242	0.015679999999974825	epochs	3.0
789.2162851948242	0.031191100000000915	epochs	2.0
789.2162851948242	0.015623600000026272	epochs	3.0
789.2319087948242	0.015567499999974643	epochs	3.0
789.2474762948242	0.030968700000016725	epochs	2.0
789.2474762948242	0.015512000000057924	epochs	3.0
789.2629882948243	0.0154566999999588	epochs	3.0
789.2784449948242	0.030749499999956242	epochs	2.0
789.2784449948242	0.015401999999994587	epochs	3.0
789.2938469948242	0.015347499999961656	epochs	3.0
789.3091944948242	0.03053320000003623	epochs	2.0
789.3091944948242	0.015293400000018664	epochs	3.0
789.3244878948242	0.015239800000017567	epochs	3.0
789.3397276948242	0.03032010000003993	epochs	2.0
789.3397276948242	0.015186500000027081	epochs	3.0
789.3549141948242	0.015133600000012848	epochs	3.0
789.3700477948242	0.030109899999956724	epochs	2.0
789.3700477948242	0.015081000000009226	epochs	3.0
789.3851287948243	0.015028899999947498	epochs	3.0
789.4001576948242	0.02990250000004835	epochs	2.0
789.4001576948242	0.014977000000044427	epochs	3.0
789.4151346948242	0.014925500000003922	epochs	3.0
789.4300601948243	0.029698100000018712	epochs	2.0
789.4300601948243	0.01487439999993967	epochs	3.0
789.4449345948242	0.014823700000079043	epochs	3.0
789.4597582948243	0.029496299999891562	epochs	2.0
789.4597582948243	0.014773199999922326	epochs	3.0
789.4745314948242	0.014723099999969236	epochs	3.0
789.4892545948242	0.02929740000001857	epochs	2.0
789.4892545948242	0.014673400000106085	epochs	3.0
789.5039279948243	0.014623999999912485	epochs	3.0
789.5185519948242	0.029101100000048064	epochs	2.0
789.5185519948242	0.014574900000070556	epochs	3.0
789.5331268948242	0.014526199999977507	epochs	3.0
789.5476530948242	0.028907399999980044	epochs	2.0
789.5476530948242	0.014477700000043114	epochs	3.0
789.5621307948243	0.014429699999936929	epochs	3.0
789.5765604948242	0.028716199999962555	epochs	2.0
789.5765604948242	0.014381800000023759	epochs	3.0
789.5909422948242	0.014334399999938796	epochs	3.0
789.6052766948242	0.028527600000074926	epochs	2.0
789.6052766948242	0.01428720000001249	epochs	3.0
789.6195638948242	0.014240400000062436	epochs	3.0
789.6338042948242	0.028341399999931127	epochs	2.0
789.6338042948242	0.014193799999929979	epochs	3.0
789.6479980948242	0.014147600000001148	epochs	3.0
789.6621456948242	0.028157700000065233	epochs	2.0
789.6621456948242	0.014101700000082928	epochs	3.0
789.6762473948243	0.014055999999982305	epochs	3.0
789.6903033948242	0.027976299999977527	epochs	2.0
789.6903033948242	0.01401060000000598	epochs	3.0
789.7043139948242	0.013965699999971548	epochs	3.0
789.7182796948242	0.02779720000000907	epochs	2.0
789.7182796948242	0.013920800000050804	epochs	3.0
789.7322004948243	0.013876399999958267	epochs	3.0
789.7460768948242	0.027620400000046175	epochs	2.0
789.7460768948242	0.013832200000024386	epochs	3.0
789.7599090948243	0.013788200000021789	epochs	3.0
789.7736972948243	0.027445899999975154	epochs	2.0
789.7736972948243	0.013744599999995444	epochs	3.0
789.7874418948243	0.01370129999997971	epochs	3.0
789.8011431948242	0.027273499999978412	epochs	2.0
789.8011431948242	0.013658200000008947	epochs	3.0
789.8148013948243	0.013615299999969466	epochs	3.0
789.8284166948242	0.027103399999987232	epochs	2.0
789.8284166948242	0.013572800000019924	epochs	3.0
789.8419894948242	0.013530599999967308	epochs	3.0
789.8555200948242	0.02693520000002536	epochs	2.0
789.8555200948242	0.013488400000028378	epochs	3.0
789.8690084948242	0.013446799999996983	epochs	3.0
789.8824552948242	0.026769199999989723	epochs	2.0
789.8824552948242	0.013405199999965589	epochs	3.0
789.8958604948242	0.013364000000024134	epochs	3.0
789.9092244948242	0.026605199999949036	epochs	2.0
789.9092244948242	0.013322899999934634	epochs	3.0
789.9225473948242	0.013282300000014402	epochs	3.0
789.9358296948242	0.026443200000016986	epochs	2.0
789.9358296948242	0.01324170000009417	epochs	3.0
789.9490713948243	0.013201499999922817	epochs	3.0
789.9622728948242	0.0262831999999662	epochs	2.0
789.9622728948242	0.013161500000023807	epochs	3.0
789.9754343948242	0.013121699999942393	epochs	3.0
789.9885560948242	0.02612500000009277	epochs	2.0
789.9885560948242	0.013082100000019636	epochs	3.0
790.0016381948242	0.013042900000073132	epochs	3.0
790.0146810948243	0.025968899999952555	epochs	2.0
790.0146810948243	0.013003899999944224	epochs	3.0
790.0276849948242	0.012965000000008331	epochs	3.0
790.0406499948242	0.025814500000024054	epochs	2.0
790.0406499948242	0.012926399999969362	epochs	3.0
790.0535763948242	0.012888100000054692	epochs	3.0
790.0664644948242	0.025661899999931848	epochs	2.0
790.0664644948242	0.012849899999991976	epochs	3.0
790.0793143948242	0.012811999999939871	epochs	3.0
790.0921263948242	0.025511200000096323	epochs	2.0
790.0921263948242	0.012774400000012065	epochs	3.0
790.1049007948242	0.012736800000084258	epochs	3.0
790.1176375948243	0.025362299999983406	epochs	2.0
790.1176375948243	0.01269969999998466	epochs	3.0
790.1303372948242	0.012662599999998747	epochs	3.0
790.1429998948242	0.025215000000002874	epochs	2.0
790.1429998948242	0.012625800000023446	epochs	3.0
790.1556256948243	0.012589199999979428	epochs	3.0
790.1682148948242	0.024584799999956886	epochs	2.0
790.1921297948243	0.5	epochs	-1.0
790.1927996948242	0.5570400000000291	epochs	1.0
790.7498396948242	0.44287999999994554	epochs	0.0
805.3220000267029	0.12279999999998381	epochs	0.0
805.3220000267029	0.05640200000004825	epochs	1.0
805.3784020267029	0.009996000000001004	epochs	1.0
805.3883980267029	0.05640199999993456	epochs	1.0
805.4448000267029	2.0	epochs	0.0
807.4448000267029	5.376800000000003	epochs	0.0
807.4448000267029	1.0	epochs	1.0
807.4448501267029	0.5	epochs	-1.0
807.9448501267029	4.876749899999936	epochs	-1.0
808.4448000267029	4.376800000000003	epochs	1.0
808.4448000267029	4.356753900000058	epochs	-1.0
808.4448000267029	1.9745871999999736	epochs	2.0
808.4448000267029	1.0985622000000603	epochs	3.0
809.5433622267029	0.8760249999999132	epochs	3.0
810.4193872267028	1.3524075000000266	epochs	2.0
810.4193872267028	0.7286354999999958	epochs	3.0
811.1480227267028	0.6237720000000309	epochs	3.0
811.7717947267029	1.0297592000000577	epochs	2.0
811.7717947267029	0.5453293000000485	epochs	3.0
812.3171240267029	0.4844299000000092	epochs	3.0
812.8015539267029	0.020046099999945	epochs	2.0
812.8015539267029	0.020046099999945	epochs	3.0
812.8216000267029	16.62311999999997	epochs	0.0
813.9660000801086	0.12279999999998381	epochs	0.0
813.9660000801086	0.05640200000004825	epochs	1.0
814.0224020801087	0.009996000000001004	epochs	1.0
814.0323980801087	0.05640199999993456	epochs	1.0
814.0888000801086	2.0	epochs	0.0
816.0888000801086	0.5373600000000351	epochs	0.0
816.0888000801086	0.5373600000000351	epochs	1.0
816.0888501801087	0.5	epochs	-1.0
816.5888501801087	0.037309899999968366	epochs	-1.0
816.6261600801087	21.46255999999994	epochs	0.0
817.798999786377	0.12279999999998381	epochs	0.0
817.798999786377	0.05640200000004825	epochs	1.0
817.855401786377	0.009996000000001004	epochs	1.0
817.865397786377	0.05640199999993456	epochs	1.0
817.9217997863769	2.0	epochs	0.0
819.9217997863769	0.5364799999999832	epochs	0.0
819.9217997863769	0.5364799999999832	epochs	1.0
819.921849886377	0.5	epochs	-1.0
820.421849886377	0.036429899999916415	epochs	-1.0
820.4582797863769	21.46343999999999	epochs	0.0
821.5989999771118	0.12279999999998381	epochs	0.0
821.5989999771118	0.05640200000004825	epochs	1.0
821.6554019771119	0.009996000000001004	epochs	1.0
821.6653979771119	0.05640199999993456	epochs	1.0
821.7217999771118	2.0	epochs	0.0
823.7217999771118	0.5375199999999722	epochs	0.0
823.7217999771118	0.5375199999999722	epochs	1.0
823.7218500771119	0.5	epochs	-1.0
824.2218500771119	0.037469899999905465	epochs	-1.0
824.2593199771118	21.462400000000002	epochs	0.0
825.4270000457764	0.12279999999998381	epochs	0.0
825.4270000457764	0.05640200000004825	epochs	1.0
825.4834020457764	0.009996000000001004	epochs	1.0
825.4933980457764	0.05640199999993456	epochs	1.0
825.5498000457764	2.0	epochs	0.0
827.5498000457764	0.5371200000000727	epochs	0.0
827.5498000457764	0.5371200000000727	epochs	1.0
827.5498501457764	0.5	epochs	-1.0
828.0498501457764	0.03706990000000587	epochs	-1.0
828.0869200457764	21.462799999999902	epochs	0.0
829.2439999580383	0.12279999999998381	epochs	0.0
829.2439999580383	0.05640200000004825	epochs	1.0
829.3004019580384	0.009996000000001004	epochs	1.0
829.3103979580384	0.05640199999993456	epochs	1.0
829.3667999580383	2.0	epochs	0.0
831.3667999580383	0.5369600000000219	epochs	0.0
831.3667999580383	0.5369600000000219	epochs	1.0
831.3668500580384	0.5	epochs	-1.0
831.8668500580384	0.03690989999995509	epochs	-1.0
831.9037599580383	21.462959999999953	epochs	0.0
833.1099996566772	0.12279999999998381	epochs	0.0
833.1099996566772	0.05640200000004825	epochs	1.0
833.1664016566773	0.009996000000001004	epochs	1.0
833.1763976566773	0.05640199999993456	epochs	1.0
833.2327996566772	2.0	epochs	0.0
835.2327996566772	0.5369600000000219	epochs	0.0
835.2327996566772	0.5369600000000219	epochs	1.0
835.2328497566773	0.5	epochs	-1.0
835.7328497566773	0.03690989999995509	epochs	-1.0
835.7697596566773	21.462959999999953	epochs	0.0
836.9930000305176	0.12279999999998381	epochs	0.0
836.9930000305176	0.05640200000004825	epochs	1.0
837.0494020305176	0.009996000000001004	epochs	1.0
837.0593980305176	0.05640199999993456	epochs	1.0
837.1158000305176	2.0	epochs	0.0
839.1158000305176	0.5373600000000351	epochs	0.0
839.1158000305176	0.5373600000000351	epochs	1.0
839.1158501305176	0.5	epochs	-1.0
839.6158501305176	0.037309899999968366	epochs	-1.0
839.6531600305176	21.46255999999994	epochs	0.0
840.8429999351501	0.12279999999998381	epochs	0.0
840.8429999351501	0.05640200000004825	epochs	1.0
840.8994019351502	0.009996000000001004	epochs	1.0
840.9093979351502	0.05640199999993456	epochs	1.0
840.9657999351501	2.0	epochs	0.0
842.9657999351501	0.5369600000000219	epochs	0.0
842.9657999351501	0.5369600000000219	epochs	1.0
842.9658500351502	0.5	epochs	-1.0
843.4658500351502	0.03690989999995509	epochs	-1.0
843.5027599351502	21.462959999999953	epochs	0.0
854.914999961853	0.12279999999998381	epochs	0.0
854.914999961853	0.05640200000004825	epochs	1.0
854.9714019618531	0.009996000000001004	epochs	1.0
854.9813979618531	0.05640199999993456	epochs	1.0
855.037799961853	0.2299199999999928	epochs	0.0
855.037799961853	0.05000000000006821	epochs	1.0
855.0877999618531	0.009999999999990905	epochs	1.0
855.0977999618531	0.049999999999954525	epochs	1.0
855.147799961853	0.009999999999990905	epochs	1.0
855.157799961853	0.05000000000006821	epochs	1.0
855.2077999618531	0.009999999999990905	epochs	1.0
855.2177999618531	0.04991999999992913	epochs	1.0
1535.2999997138977	0.1228000000000975	epochs	0.0
1535.2999997138977	0.05640199999993456	epochs	1.0
1535.3564017138976	0.009996000000001004	epochs	1.0
1535.3663977138976	0.056402000000161934	epochs	1.0
1535.4227997138978	0.2299199999999928	epochs	0.0
1535.4227997138978	0.049999999999954525	epochs	1.0
1535.4727997138978	0.009999999999990905	epochs	1.0
1535.4827997138977	0.049999999999954525	epochs	1.0
1535.5327997138977	0.009999999999990905	epochs	1.0
1535.5427997138977	0.049999999999954525	epochs	1.0
1535.5927997138976	0.009999999999990905	epochs	1.0
1535.6027997138976	0.049920000000156506	epochs	1.0
1568.1979999542236	0.1228000000000975	epochs	0.0
1568.1979999542236	0.05640199999993456	epochs	1.0
1568.2544019542236	0.009996000000001004	epochs	1.0
1568.2643979542236	0.056402000000161934	epochs	1.0
1568.3207999542237	2.9999199999999746	epochs	0.0
1568.3207999542237	1.0	epochs	1.0
1569.3207999542237	1.0	epochs	1.0
1570.3207999542237	0.9999199999999746	epochs	1.0
1572.5639996528625	0.1228000000000975	epochs	0.0
1572.5639996528625	0.05640199999993456	epochs	1.0
1572.6204016528625	0.009996000000001004	epochs	1.0
1572.6303976528625	0.056402000000161934	epochs	1.0
1572.6867996528626	2.9999199999999746	epochs	0.0
1572.6867996528626	1.0	epochs	1.0
1573.6867996528626	1.0	epochs	1.0
1574.6867996528626	0.9999199999999746	epochs	1.0
1576.9140000343323	0.1228000000000975	epochs	0.0
1576.9140000343323	0.05640199999993456	epochs	1.0
1576.9704020343322	0.009996000000001004	epochs	1.0
1576.9803980343322	0.056402000000161934	epochs	1.0
1577.0368000343324	2.9999199999999746	epochs	0.0
1577.0368000343324	1.0	epochs	1.0
1578.0368000343324	1.0	epochs	1.0
1579.0368000343324	0.9999199999999746	epochs	1.0
1581.276999950409	0.1228000000000975	epochs	0.0
1581.276999950409	0.05640199999993456	epochs	1.0
1581.3334019504089	0.009996000000001004	epochs	1.0
1581.3433979504089	0.056402000000161934	epochs	1.0
1581.399799950409	2.9999199999999746	epochs	0.0
1581.399799950409	1.0	epochs	1.0
1582.399799950409	1.0	epochs	1.0
1583.399799950409	0.9999199999999746	epochs	1.0
1585.6440000534058	0.1228000000000975	epochs	0.0
1585.6440000534058	0.05640199999993456	epochs	1.0
1585.7004020534057	0.009996000000001004	epochs	1.0
1585.7103980534057	0.056402000000161934	epochs	1.0
1585.7668000534059	2.9999199999999746	epochs	0.0
1585.7668000534059	1.0	epochs	1.0
1586.7668000534059	1.0	epochs	1.0
1587.7668000534059	0.9999199999999746	epochs	1.0
1590.0460000038147	0.1228000000000975	epochs	0.0
1590.0460000038147	0.05640199999993456	epochs	1.0
1590.1024020038146	0.009996000000001004	epochs	1.0
1590.1123980038146	0.056402000000161934	epochs	1.0
1590.1688000038148	2.9999199999999746	epochs	0.0
1590.1688000038148	1.0	epochs	1.0
1591.1688000038148	1.0	epochs	1.0
1592.1688000038148	0.9999199999999746	epochs	1.0
1594.4289999008179	0.1228000000000975	epochs	0.0
1594.4289999008179	0.05640199999993456	epochs	1.0
1594.4854019008178	0.009996000000001004	epochs	1.0
1594.4953979008178	0.056402000000161934	epochs	1.0
1594.551799900818	2.9999199999999746	epochs	0.0
1594.551799900818	1.0	epochs	1.0
1595.551799900818	1.0	epochs	1.0
1596.551799900818	0.9999199999999746	epochs	1.0
1598.8799996376038	0.1228000000000975	epochs	0.0
1598.8799996376038	0.05640199999993456	epochs	1.0
1598.9364016376037	0.009996000000001004	epochs	1.0
1598.9463976376037	0.056402000000161934	epochs	1.0
1599.0027996376039	2.9999199999999746	epochs	0.0
1599.0027996376039	1.0	epochs	1.0
1600.0027996376039	1.0	epochs	1.0
1601.0027996376039	0.9999199999999746	epochs	1.0
1603.329999923706	0.1228000000000975	epochs	0.0
1603.329999923706	0.05640199999993456	epochs	1.0
1603.386401923706	0.009996000000001004	epochs	1.0
1603.396397923706	0.056402000000161934	epochs	1.0
1603.4527999237062	2.9999199999999746	epochs	0.0
1603.4527999237062	1.0	epochs	1.0
1604.4527999237062	1.0	epochs	1.0
1605.4527999237062	0.9999199999999746	epochs	1.0
1607.7300000190735	0.1228000000000975	epochs	0.0
1607.7300000190735	0.05640199999993456	epochs	1.0
1607.7864020190734	0.009996000000001004	epochs	1.0
1607.7963980190734	0.056402000000161934	epochs	1.0
1607.8528000190736	2.9999199999999746	epochs	0.0
1607.8528000190736	1.0	epochs	1.0
1608.8528000190736	1.0	epochs	1.0
1609.8528000190736	0.9999199999999746	epochs	1.0
1612.1719999313354	0.1228000000000975	epochs	0.0
1612.1719999313354	0.05640199999993456	epochs	1.0
1612.2284019313354	0.009996000000001004	epochs	1.0
1612.2383979313354	0.056402000000161934	epochs	1.0
1612.2947999313355	2.9999199999999746	epochs	0.0
1612.2947999313355	1.0	epochs	1.0
1613.2947999313355	1.0	epochs	1.0
1614.2947999313355	0.9999199999999746	epochs	1.0
1616.638000011444	0.1228000000000975	epochs	0.0
1616.638000011444	0.05640199999993456	epochs	1.0
1616.694402011444	0.009996000000001004	epochs	1.0
1616.704398011444	0.056402000000161934	epochs	1.0
1616.7608000114442	2.9999199999999746	epochs	0.0
1616.7608000114442	1.0	epochs	1.0
1617.7608000114442	1.0	epochs	1.0
1618.7608000114442	0.9999199999999746	epochs	1.0
1621.1299996376038	0.1228000000000975	epochs	0.0
1621.1299996376038	0.05640199999993456	epochs	1.0
1621.1864016376037	0.009996000000001004	epochs	1.0
1621.1963976376037	0.056402000000161934	epochs	1.0
1621.2527996376039	2.9999199999999746	epochs	0.0
1621.2527996376039	1.0	epochs	1.0
1622.2527996376039	1.0	epochs	1.0
1623.2527996376039	0.9999199999999746	epochs	1.0
1625.579999923706	0.1228000000000975	epochs	0.0
1625.579999923706	0.05640199999993456	epochs	1.0
1625.636401923706	0.009996000000001004	epochs	1.0
1625.646397923706	0.056402000000161934	epochs	1.0
1625.7027999237062	2.9999199999999746	epochs	0.0
1625.7027999237062	1.0	epochs	1.0
1626.7027999237062	1.0	epochs	1.0
1627.7027999237062	0.9999199999999746	epochs	1.0
1630.0109996795654	0.1228000000000975	epochs	0.0
1630.0109996795654	0.05640199999993456	epochs	1.0
1630.0674016795654	0.009996000000001004	epochs	1.0
1630.0773976795654	0.056402000000161934	epochs	1.0
1630.1337996795655	1.8366399999999885	epochs	0.0
1630.1337996795655	1.0	epochs	1.0
1631.1337996795655	0.8366399999999885	epochs	1.0
1631.9704396795655	1.163279999999986	epochs	0.0
