onset	duration	nwb_table	treelevel
8.222000122070312	0.09999999999999964	epochs	0.0
8.222000122070312	0.04499999999999993	epochs	1.0
8.267000122070312	0.009999999999999787	epochs	1.0
8.277000122070312	0.04499999999999993	epochs	1.0
8.322000122070312	0.7049950000000003	epochs	0.0
8.322000122070312	0.5	epochs	-1.0
8.322000122070312	0.5	epochs	-1.0
8.322000122070312	0.5	epochs	1.0
8.822000122070312	0.0600000000000005	epochs	-1.0
8.822000122070312	0.025000000000000355	epochs	-1.0
8.822000122070312	0.025000000000000355	epochs	1.0
8.847000122070312	0.009999999999999787	epochs	-1.0
8.847000122070312	0.009999999999999787	epochs	1.0
8.857000122070312	0.025000000000000355	epochs	-1.0
8.857000122070312	0.025000000000000355	epochs	1.0
8.882000122070313	0.0600000000000005	epochs	-1.0
8.882000122070313	0.025000000000000355	epochs	-1.0
8.882000122070313	0.025000000000000355	epochs	1.0
8.907000122070313	0.009999999999999787	epochs	-1.0
8.907000122070313	0.009999999999999787	epochs	1.0
8.917000122070313	0.025000000000000355	epochs	-1.0
8.917000122070313	0.025000000000000355	epochs	1.0
8.942000122070313	0.05999999999999872	epochs	-1.0
8.942000122070313	0.02499999999999858	epochs	-1.0
8.942000122070313	0.02499999999999858	epochs	1.0
8.967000122070312	0.010000000000001563	epochs	-1.0
8.967000122070312	0.010000000000001563	epochs	1.0
8.977000122070313	0.02499999999999858	epochs	-1.0
8.977000122070313	0.02499999999999858	epochs	1.0
9.002000122070312	0.024995000000000545	epochs	1.0
692.8200001716614	0.10000000000002274	epochs	0.0
692.8200001716614	0.04499999999995907	epochs	1.0
692.8650001716613	0.009999999999990905	epochs	1.0
692.8750001716613	0.04500000000007276	epochs	1.0
692.9200001716614	0.7049949999999399	epochs	0.0
692.9200001716614	0.5	epochs	-1.0
692.9200001716614	0.5	epochs	1.0
693.4200001716614	0.05999999999994543	epochs	-1.0
693.4200001716614	0.024999999999977263	epochs	-1.0
693.4200001716614	0.024999999999977263	epochs	1.0
693.4450001716614	0.009999999999990905	epochs	-1.0
693.4450001716614	0.009999999999990905	epochs	1.0
693.4550001716614	0.024999999999977263	epochs	-1.0
693.4550001716614	0.024999999999977263	epochs	1.0
693.4800001716613	0.06000000000005912	epochs	-1.0
693.4800001716613	0.024999999999977263	epochs	-1.0
693.4800001716613	0.024999999999977263	epochs	1.0
693.5050001716613	0.010000000000104592	epochs	-1.0
693.5050001716613	0.010000000000104592	epochs	1.0
693.5150001716614	0.024999999999977263	epochs	-1.0
693.5150001716614	0.024999999999977263	epochs	1.0
693.5400001716614	0.05999999999994543	epochs	-1.0
693.5400001716614	0.024999999999977263	epochs	-1.0
693.5400001716614	0.024999999999977263	epochs	1.0
693.5650001716614	0.009999999999990905	epochs	-1.0
693.5650001716614	0.009999999999990905	epochs	1.0
693.5750001716614	0.024999999999977263	epochs	-1.0
693.5750001716614	0.024999999999977263	epochs	1.0
693.6000001716613	0.024994999999989886	epochs	1.0
779.3500003814697	0.10000000000002274	epochs	0.0
779.3500003814697	0.04499999999995907	epochs	1.0
779.3950003814697	0.009999999999990905	epochs	1.0
779.4050003814697	0.04500000000007276	epochs	1.0
779.4500003814697	61.384995	epochs	0.0
779.4500003814697	0.5	epochs	-1.0
779.4500003814697	0.5	epochs	-1.0
779.4500003814697	0.5	epochs	1.0
779.9500003814697	0.05999999999994543	epochs	-1.0
779.9500003814697	0.024999999999977263	epochs	-1.0
779.9500003814697	0.024999999999977263	epochs	1.0
779.9750003814697	0.009999999999990905	epochs	-1.0
779.9750003814697	0.009999999999990905	epochs	1.0
779.9850003814697	0.024999999999977263	epochs	-1.0
779.9850003814697	0.024999999999977263	epochs	1.0
780.0100003814697	0.06000000000005912	epochs	-1.0
780.0100003814697	0.024999999999977263	epochs	-1.0
780.0100003814697	0.024999999999977263	epochs	1.0
780.0350003814697	0.010000000000104592	epochs	-1.0
780.0350003814697	0.010000000000104592	epochs	1.0
780.0450003814698	0.024999999999977263	epochs	-1.0
780.0450003814698	0.024999999999977263	epochs	1.0
780.0700003814698	0.05999999999994543	epochs	-1.0
780.0700003814698	0.024999999999977263	epochs	-1.0
780.0700003814698	0.024999999999977263	epochs	1.0
780.0950003814697	0.009999999999990905	epochs	-1.0
780.0950003814697	0.009999999999990905	epochs	1.0
780.1050003814697	0.024999999999977263	epochs	-1.0
780.1050003814697	0.024999999999977263	epochs	1.0
780.1300003814697	60.0	epochs	1.0
840.1300003814697	0.5	epochs	-1.0
840.1300003814697	0.5	epochs	-1.0
840.1300003814697	0.5	epochs	1.0
840.6300003814697	0.06000000000005912	epochs	-1.0
840.6300003814697	0.024999999999977263	epochs	-1.0
840.6300003814697	0.024999999999977263	epochs	1.0
840.6550003814697	0.010000000000104592	epochs	-1.0
840.6550003814697	0.010000000000104592	epochs	1.0
840.6650003814698	0.024999999999977263	epochs	-1.0
840.6650003814698	0.024999999999977263	epochs	1.0
840.6900003814698	0.05999999999994543	epochs	-1.0
840.6900003814698	0.024999999999977263	epochs	-1.0
840.6900003814698	0.024999999999977263	epochs	1.0
840.7150003814697	0.009999999999990905	epochs	-1.0
840.7150003814697	0.009999999999990905	epochs	1.0
840.7250003814697	0.024999999999977263	epochs	-1.0
840.7250003814697	0.024999999999977263	epochs	1.0
840.7500003814697	0.06000000000005912	epochs	-1.0
840.7500003814697	0.024999999999977263	epochs	-1.0
840.7500003814697	0.024999999999977263	epochs	1.0
840.7750003814697	0.009999999999990905	epochs	-1.0
840.7750003814697	0.009999999999990905	epochs	1.0
840.7850003814697	0.02500000000009095	epochs	-1.0
840.7850003814697	0.02500000000009095	epochs	1.0
840.8100003814698	0.024994999999989886	epochs	1.0
903.4670000076294	0.10000000000002274	epochs	0.0
903.4670000076294	0.04499999999995907	epochs	1.0
903.5120000076294	0.009999999999990905	epochs	1.0
903.5220000076293	0.04500000000007276	epochs	1.0
903.5670000076294	0.7049949999999399	epochs	0.0
903.5670000076294	0.5	epochs	-1.0
903.5670000076294	0.5	epochs	-1.0
903.5670000076294	0.5	epochs	1.0
904.0670000076294	0.05999999999994543	epochs	-1.0
904.0670000076294	0.024999999999977263	epochs	-1.0
904.0670000076294	0.024999999999977263	epochs	1.0
904.0920000076294	0.009999999999990905	epochs	-1.0
904.0920000076294	0.009999999999990905	epochs	1.0
904.1020000076294	0.024999999999977263	epochs	-1.0
904.1020000076294	0.024999999999977263	epochs	1.0
904.1270000076294	0.06000000000005912	epochs	-1.0
904.1270000076294	0.024999999999977263	epochs	-1.0
904.1270000076294	0.024999999999977263	epochs	1.0
904.1520000076293	0.010000000000104592	epochs	-1.0
904.1520000076293	0.010000000000104592	epochs	1.0
904.1620000076294	0.024999999999977263	epochs	-1.0
904.1620000076294	0.024999999999977263	epochs	1.0
904.1870000076294	0.05999999999994543	epochs	-1.0
904.1870000076294	0.024999999999977263	epochs	-1.0
904.1870000076294	0.024999999999977263	epochs	1.0
904.2120000076294	0.009999999999990905	epochs	-1.0
904.2120000076294	0.009999999999990905	epochs	1.0
904.2220000076294	0.024999999999977263	epochs	-1.0
904.2220000076294	0.024999999999977263	epochs	1.0
904.2470000076294	0.024994999999989886	epochs	1.0
935.9850001335144	0.14003999999999905	epochs	0.0
935.9850001335144	0.0650206000000253	epochs	1.0
936.0500207335144	0.00999879999994846	epochs	1.0
936.0600195335144	0.0650206000000253	epochs	1.0
936.1250401335144	5.9999800000000505	epochs	0.0
936.1250401335144	0.5	epochs	1.0
936.1250561335144	0.5	epochs	-1.0
936.1250561335144	0.5	epochs	-1.0
936.6250401335144	5.0	epochs	1.0
941.6250401335144	0.4999800000000505	epochs	1.0
941.6250561335144	0.4999640000000909	epochs	-1.0
991.1500000953674	0.11792000000002645	epochs	0.0
991.1500000953674	0.0539602000000059	epochs	1.0
991.2039602953674	0.009999600000014652	epochs	1.0
991.2139598953675	0.0539602000000059	epochs	1.0
991.2679200953675	5.999979999999937	epochs	0.0
991.2679200953675	0.5	epochs	1.0
991.2679245953674	0.5	epochs	-1.0
991.2679245953674	0.5	epochs	-1.0
991.7679200953675	5.0	epochs	1.0
996.7679200953675	0.4999799999999368	epochs	1.0
996.7679245953674	0.499975500000005	epochs	-1.0
1007.304000377655	0.11792000000002645	epochs	0.0
1007.304000377655	0.0539602000000059	epochs	1.0
1007.357960577655	0.009999600000014652	epochs	1.0
1007.367960177655	0.0539602000000059	epochs	1.0
1007.421920377655	2.5420199999999795	epochs	0.0
1007.421920377655	0.5	epochs	1.0
1007.421924877655	0.5	epochs	-1.0
1007.921920377655	1.0	epochs	1.0
1008.921920377655	1.0420199999999795	epochs	1.0
1009.421924877655	0.5	epochs	-1.0
1009.963940377655	0.9579599999999573	epochs	0.0
1010.3540000915527	0.11792000000002645	epochs	0.0
1010.3540000915527	0.0539602000000059	epochs	1.0
1010.4079602915527	0.009999600000014652	epochs	1.0
1010.4179598915528	0.0539602000000059	epochs	1.0
1010.4719200915528	2.541499999999928	epochs	0.0
1010.4719200915528	0.5	epochs	1.0
1010.4719245915527	0.5	epochs	-1.0
1010.9719200915528	1.0	epochs	1.0
1011.9719200915528	1.0414999999999281	epochs	1.0
1012.4719245915527	0.5	epochs	-1.0
1013.0134200915527	0.9584800000000087	epochs	0.0
1013.3370003700256	0.11792000000002645	epochs	0.0
1013.3370003700256	0.0539602000000059	epochs	1.0
1013.3909605700256	0.009999600000014652	epochs	1.0
1013.4009601700257	0.0539602000000059	epochs	1.0
1013.4549203700257	2.5411399999999276	epochs	0.0
1013.4549203700257	0.5	epochs	1.0
1013.4549248700256	0.5	epochs	-1.0
1013.9549203700257	1.0	epochs	1.0
1014.9549203700257	1.0411399999999276	epochs	1.0
1015.4549248700256	0.5	epochs	-1.0
1015.9960603700256	0.9588400000000092	epochs	0.0
1016.3700003623962	0.11792000000002645	epochs	0.0
1016.3700003623962	0.0539602000000059	epochs	1.0
1016.4239605623962	0.009999600000014652	epochs	1.0
1016.4339601623963	0.0539602000000059	epochs	1.0
1016.4879203623963	2.541879999999992	epochs	0.0
1016.4879203623963	0.5	epochs	1.0
1016.4879248623962	0.5	epochs	-1.0
1016.9879203623963	1.0	epochs	1.0
1017.9879203623963	1.041879999999992	epochs	1.0
1018.4879248623962	0.5	epochs	-1.0
1019.0298003623963	0.9580999999999449	epochs	0.0
1019.420000076294	0.11792000000002645	epochs	0.0
1019.420000076294	0.0539602000000059	epochs	1.0
1019.473960276294	0.009999600000014652	epochs	1.0
1019.483959876294	0.0539602000000059	epochs	1.0
1019.537920076294	2.5420199999999795	epochs	0.0
1019.537920076294	0.5	epochs	1.0
1019.5379245762939	0.5	epochs	-1.0
1020.037920076294	1.0	epochs	1.0
1021.037920076294	1.0420199999999795	epochs	1.0
1021.5379245762939	0.5	epochs	-1.0
1022.079940076294	0.9579599999999573	epochs	0.0
1022.5100002288818	0.6499800000000278	epochs	0.0
1022.5100002288818	0.049999999999954525	epochs	1.0
1022.5600002288818	0.5	epochs	1.0
1023.0600002288818	0.09998000000007323	epochs	1.0
1023.643000125885	0.6499799999999141	epochs	0.0
1023.643000125885	0.049999999999954525	epochs	1.0
1023.693000125885	0.5	epochs	1.0
1024.193000125885	0.09997999999995955	epochs	1.0
1024.7760000228882	0.6499799999999141	epochs	0.0
1024.7760000228882	0.049999999999954525	epochs	1.0
1024.8260000228881	0.5	epochs	1.0
1025.3260000228881	0.09997999999995955	epochs	1.0
1025.9260001182556	0.6499799999999141	epochs	0.0
1025.9260001182556	0.049999999999954525	epochs	1.0
1025.9760001182556	0.5	epochs	1.0
1026.4760001182556	0.09997999999995955	epochs	1.0
1027.1100001335144	0.6499799999999141	epochs	0.0
1027.1100001335144	0.049999999999954525	epochs	1.0
1027.1600001335144	0.5	epochs	1.0
1027.6600001335144	0.09997999999995955	epochs	1.0
1028.2600002288818	0.6499799999999141	epochs	0.0
1028.2600002288818	0.049999999999954525	epochs	1.0
1028.3100002288818	0.5	epochs	1.0
1028.8100002288818	0.09997999999995955	epochs	1.0
1029.460000038147	0.11791999999991276	epochs	0.0
1029.460000038147	0.05396019999989221	epochs	1.0
1029.5139602381469	0.00999960000012834	epochs	1.0
1029.523959838147	0.05396019999989221	epochs	1.0
1029.5779200381469	0.5225600000001123	epochs	0.0
1029.5779200381469	0.5	epochs	1.0
1029.577924538147	0.5	epochs	-1.0
1030.0779200381469	0.022560000000112268	epochs	1.0
1030.100480038147	4.977419999999938	epochs	0.0
1049.6220002174377	0.11791999999991276	epochs	0.0
1049.6220002174377	0.05396019999989221	epochs	1.0
1049.6759604174376	0.00999960000012834	epochs	1.0
1049.6859600174378	0.05396019999989221	epochs	1.0
1049.7399202174377	2.5216400000001613	epochs	0.0
1049.7399202174377	0.5	epochs	1.0
1049.7399247174378	0.5	epochs	-1.0
1050.2399202174377	1.0	epochs	1.0
1051.2399202174377	1.0216400000001613	epochs	1.0
1051.7399246174377	0.5	epochs	-1.0
1052.2615602174378	2.978339999999889	epochs	0.0
1054.78600025177	0.11791999999991276	epochs	0.0
1054.78600025177	0.05396019999989221	epochs	1.0
1054.83996045177	0.00999960000012834	epochs	1.0
1054.84996005177	0.05396019999989221	epochs	1.0
1054.90392025177	2.542020000000093	epochs	0.0
1054.90392025177	0.5	epochs	1.0
1054.90392475177	0.5	epochs	-1.0
1055.40392025177	1.0	epochs	1.0
1056.40392025177	1.0420200000000932	epochs	1.0
1056.90392455177	0.5	epochs	-1.0
1057.44594025177	2.9579599999999573	epochs	0.0
1059.9860000610352	0.11791999999991276	epochs	0.0
1059.9860000610352	0.05396019999989221	epochs	1.0
1060.039960261035	0.00999960000012834	epochs	1.0
1060.0499598610352	0.05396019999989221	epochs	1.0
1060.103920061035	2.542020000000093	epochs	0.0
1060.103920061035	0.5	epochs	1.0
1060.1039245610352	0.5	epochs	-1.0
1060.603920061035	1.0	epochs	1.0
1061.603920061035	1.0420200000000932	epochs	1.0
1062.103924361035	0.5	epochs	-1.0
1062.6459400610352	2.9579599999999573	epochs	0.0
1065.2569999694824	0.11791999999991276	epochs	0.0
1065.2569999694824	0.05396019999989221	epochs	1.0
1065.3109601694823	0.00999960000012834	epochs	1.0
1065.3209597694824	0.05396019999989221	epochs	1.0
1065.3749199694823	2.52188000000001	epochs	0.0
1065.3749199694823	0.5	epochs	1.0
1065.3749244694825	0.5	epochs	-1.0
1065.8749199694823	1.0	epochs	1.0
1066.8749199694823	1.0218800000000101	epochs	1.0
1067.3749242694823	0.5	epochs	-1.0
1067.8967999694823	2.9781000000000404	epochs	0.0
1070.5240001678467	0.11791999999991276	epochs	0.0
1070.5240001678467	0.05396019999989221	epochs	1.0
1070.5779603678466	0.00999960000012834	epochs	1.0
1070.5879599678467	0.05396019999989221	epochs	1.0
1070.6419201678466	2.5413800000001174	epochs	0.0
1070.6419201678466	0.5	epochs	1.0
1070.6419246678468	0.5	epochs	-1.0
1071.1419201678466	1.0	epochs	1.0
1072.1419201678466	1.0413800000001174	epochs	1.0
1072.6419244678466	0.5	epochs	-1.0
1073.1833001678467	2.958599999999933	epochs	0.0
1075.7080001831055	0.11791999999991276	epochs	0.0
1075.7080001831055	0.05396019999989221	epochs	1.0
1075.7619603831054	0.00999960000012834	epochs	1.0
1075.7719599831055	0.05396019999989221	epochs	1.0
1075.8259201831054	2.541879999999992	epochs	0.0
1075.8259201831054	0.5	epochs	1.0
1075.8259246831055	0.5	epochs	-1.0
1076.3259201831054	1.0	epochs	1.0
1077.3259201831054	1.041879999999992	epochs	1.0
1077.8259244831054	0.5	epochs	-1.0
1078.3678001831054	2.9581000000000586	epochs	0.0
1080.9739999771118	0.11791999999991276	epochs	0.0
1080.9739999771118	0.05396019999989221	epochs	1.0
1081.0279601771117	0.00999960000012834	epochs	1.0
1081.0379597771118	0.05396019999989221	epochs	1.0
1081.0919199771117	2.5421400000000176	epochs	0.0
1081.0919199771117	0.5	epochs	1.0
1081.091924477112	0.5	epochs	-1.0
1081.5919199771117	1.0	epochs	1.0
1082.5919199771117	1.0421400000000176	epochs	1.0
1083.0919243771118	0.5	epochs	-1.0
1083.6340599771117	2.957840000000033	epochs	0.0
1086.1680002212524	0.11791999999991276	epochs	0.0
1086.1680002212524	0.05396019999989221	epochs	1.0
1086.2219604212523	0.00999960000012834	epochs	1.0
1086.2319600212525	0.05396019999989221	epochs	1.0
1086.2859202212524	2.541900000000169	epochs	0.0
1086.2859202212524	0.5	epochs	1.0
1086.2859247212525	0.5	epochs	-1.0
1086.7859202212524	1.0	epochs	1.0
1087.7859202212524	1.0419000000001688	epochs	1.0
1088.2859246212524	0.5	epochs	-1.0
1088.8278202212525	2.9580799999998817	epochs	0.0
1091.3510003089905	0.11791999999991276	epochs	0.0
1091.3510003089905	0.05396019999989221	epochs	1.0
1091.4049605089904	0.00999960000012834	epochs	1.0
1091.4149601089905	0.05396019999989221	epochs	1.0
1091.4689203089904	2.501899999999978	epochs	0.0
1091.4689203089904	0.5	epochs	1.0
1091.4689248089906	0.5	epochs	-1.0
1091.9689203089904	1.0	epochs	1.0
1092.9689203089904	1.0018999999999778	epochs	1.0
1093.4689248089906	0.5	epochs	-1.0
1093.9708203089904	3.9980800000000727	epochs	0.0
1094.6760001182556	0.11791999999991276	epochs	0.0
1094.6760001182556	0.05396019999989221	epochs	1.0
1094.7299603182555	0.00999960000012834	epochs	1.0
1094.7399599182556	0.05396019999989221	epochs	1.0
1094.7939201182555	0.5221800000001622	epochs	0.0
1094.7939201182555	0.5	epochs	1.0
1094.7939246182557	0.5	epochs	-1.0
1095.2939201182555	0.02218000000016218	epochs	1.0
1095.3161001182557	5.977799999999888	epochs	0.0
1095.9760003089905	0.11791999999991276	epochs	0.0
1095.9760003089905	0.05396019999989221	epochs	1.0
1096.0299605089904	0.00999960000012834	epochs	1.0
1096.0399601089905	0.05396019999989221	epochs	1.0
1096.0939203089904	0.5211800000001858	epochs	0.0
1096.0939203089904	0.5	epochs	1.0
1096.0939248089906	0.5	epochs	-1.0
1096.5939203089904	0.021180000000185828	epochs	1.0
1096.6151003089906	5.978799999999865	epochs	0.0
1112.152000427246	0.11791999999991276	epochs	0.0
1112.152000427246	0.05396019999989221	epochs	1.0
1112.205960627246	0.00999960000012834	epochs	1.0
1112.2159602272461	0.05396019999989221	epochs	1.0
1112.269920427246	3.0419600000000173	epochs	0.0
1112.269920427246	0.5	epochs	1.0
1112.2699249272462	0.5	epochs	-1.0
1112.769920427246	1.0	epochs	1.0
1113.769920427246	1.5419600000000173	epochs	1.0
1114.2699249272462	0.5	epochs	-1.0
1114.7699249272462	0.5	epochs	-1.0
1115.311880427246	3.458020000000033	epochs	0.0
1116.0570001602173	0.11791999999991276	epochs	0.0
1116.0570001602173	0.05396019999989221	epochs	1.0
1116.1109603602172	0.00999960000012834	epochs	1.0
1116.1209599602173	0.05396019999989221	epochs	1.0
1116.1749201602172	2.5008600000001024	epochs	0.0
1116.1749201602172	0.5	epochs	1.0
1116.1749246602174	0.5	epochs	-1.0
1116.6749201602172	1.0	epochs	1.0
1117.6749201602172	1.0008600000001024	epochs	1.0
1118.1749246602174	0.5	epochs	-1.0
1118.6757801602173	3.999119999999948	epochs	0.0
1119.3900003433228	0.11791999999991276	epochs	0.0
1119.3900003433228	0.05396019999989221	epochs	1.0
1119.4439605433226	0.00999960000012834	epochs	1.0
1119.4539601433228	0.05396019999989221	epochs	1.0
1119.5079203433227	0.5225600000001123	epochs	0.0
1119.5079203433227	0.5	epochs	1.0
1119.5079248433228	0.5	epochs	-1.0
1120.0079203433227	0.022560000000112268	epochs	1.0
1120.0304803433228	5.977419999999938	epochs	0.0
1135.625	0.11791999999991276	epochs	0.0
1135.625	0.05396019999989221	epochs	1.0
1135.6789602	0.00999960000012834	epochs	1.0
1135.6889598	0.05396019999989221	epochs	1.0
1135.74292	4.0021200000001045	epochs	0.0
1135.74292	0.5	epochs	1.0
1135.7429245	0.5	epochs	-1.0
1136.24292	1.0	epochs	1.0
1137.24292	2.5021200000001045	epochs	1.0
1137.7429245	0.5	epochs	-1.0
1138.2429245	0.5	epochs	-1.0
1138.7429245	0.5	epochs	-1.0
1139.2429245	0.5	epochs	-1.0
1139.74504	2.497859999999946	epochs	0.0
1140.541000366211	0.11791999999991276	epochs	0.0
1140.541000366211	0.05396019999989221	epochs	1.0
1140.5949605662108	0.00999960000012834	epochs	1.0
1140.604960166211	0.05396019999989221	epochs	1.0
1140.6589203662109	3.002340000000004	epochs	0.0
1140.6589203662109	0.5	epochs	1.0
1140.658924866211	0.5	epochs	-1.0
1141.1589203662109	1.0	epochs	1.0
1142.1589203662109	1.5023400000000038	epochs	1.0
1142.658924866211	0.5	epochs	-1.0
1143.158924866211	0.5	epochs	-1.0
1143.6612603662109	3.4976400000000467	epochs	0.0
1144.585000038147	0.11791999999991276	epochs	0.0
1144.585000038147	0.05396019999989221	epochs	1.0
1144.6389602381469	0.00999960000012834	epochs	1.0
1144.648959838147	0.05396019999989221	epochs	1.0
1144.7029200381469	3.0018400000001293	epochs	0.0
1144.7029200381469	0.5	epochs	1.0
1144.702924538147	0.5	epochs	-1.0
1145.2029200381469	1.0	epochs	1.0
1146.2029200381469	1.5018400000001293	epochs	1.0
1146.702924538147	0.5	epochs	-1.0
1147.202924538147	0.5	epochs	-1.0
1147.704760038147	3.498139999999921	epochs	0.0
1148.4850001335144	0.1529800000000705	epochs	0.0
1148.4850001335144	0.049999999999954525	epochs	1.0
1148.5350001335144	0.003000000000156433	epochs	1.0
1148.5380001335145	0.09997999999995955	epochs	1.0
1149.4680004119873	0.1529800000000705	epochs	0.0
1149.4680004119873	0.049999999999954525	epochs	1.0
1149.5180004119873	0.003000000000156433	epochs	1.0
1149.5210004119874	0.09997999999995955	epochs	1.0
1150.3850002288818	0.1529800000000705	epochs	0.0
1150.3850002288818	0.049999999999954525	epochs	1.0
1150.4350002288818	0.003000000000156433	epochs	1.0
1150.438000228882	0.09997999999995955	epochs	1.0
1151.3850002288818	0.1529800000000705	epochs	0.0
1151.3850002288818	0.049999999999954525	epochs	1.0
1151.4350002288818	0.003000000000156433	epochs	1.0
1151.438000228882	0.09997999999995955	epochs	1.0
1152.358000278473	0.1529800000000705	epochs	0.0
1152.358000278473	0.049999999999954525	epochs	1.0
1152.4080002784729	0.003000000000156433	epochs	1.0
1152.411000278473	0.09997999999995955	epochs	1.0
1153.358000278473	0.1529800000000705	epochs	0.0
1153.358000278473	0.049999999999954525	epochs	1.0
1153.4080002784729	0.003000000000156433	epochs	1.0
1153.411000278473	0.09997999999995955	epochs	1.0
1154.375	0.1529800000000705	epochs	0.0
1154.375	0.049999999999954525	epochs	1.0
1154.425	0.003000000000156433	epochs	1.0
1154.428	0.09997999999995955	epochs	1.0
1155.4250001907349	0.1529800000000705	epochs	0.0
1155.4250001907349	0.049999999999954525	epochs	1.0
1155.4750001907348	0.003000000000156433	epochs	1.0
1155.478000190735	0.09997999999995955	epochs	1.0
1156.491000175476	0.1529800000000705	epochs	0.0
1156.491000175476	0.049999999999954525	epochs	1.0
1156.541000175476	0.003000000000156433	epochs	1.0
1156.5440001754762	0.09997999999995955	epochs	1.0
1157.608000278473	0.1529800000000705	epochs	0.0
1157.608000278473	0.049999999999954525	epochs	1.0
1157.6580002784729	0.003000000000156433	epochs	1.0
1157.661000278473	0.09997999999995955	epochs	1.0
1158.7080001831055	0.1529800000000705	epochs	0.0
1158.7080001831055	0.049999999999954525	epochs	1.0
1158.7580001831054	0.003000000000156433	epochs	1.0
1158.7610001831056	0.09997999999995955	epochs	1.0
1159.8250002861023	0.1529800000000705	epochs	0.0
1159.8250002861023	0.049999999999954525	epochs	1.0
1159.8750002861022	0.003000000000156433	epochs	1.0
1159.8780002861024	0.09997999999995955	epochs	1.0
1160.9409999847412	0.11791999999991276	epochs	0.0
1160.9409999847412	0.05396019999989221	epochs	1.0
1160.994960184741	0.00999960000012834	epochs	1.0
1161.0049597847412	0.05396019999989221	epochs	1.0
1161.0589199847411	1.5421000000001186	epochs	0.0
1161.0589199847411	0.5	epochs	1.0
1161.0589244847413	0.5	epochs	-1.0
1161.5589199847411	0.003000000000156433	epochs	1.0
1161.5619199847413	1.0390999999999622	epochs	1.0
1162.0619244847412	0.5	epochs	-1.0
1162.6010199847412	0.06087999999999738	epochs	0.0
1163.4710001945496	0.11791999999991276	epochs	0.0
1163.4710001945496	0.05396019999989221	epochs	1.0
1163.5249603945495	0.00999960000012834	epochs	1.0
1163.5349599945496	0.05396019999989221	epochs	1.0
1163.5889201945495	1.5418600000000424	epochs	0.0
1163.5889201945495	0.5	epochs	1.0
1163.5889246945496	0.5	epochs	-1.0
1164.0889201945495	0.003000000000156433	epochs	1.0
1164.0919201945496	1.038859999999886	epochs	1.0
1164.5919246945496	0.5	epochs	-1.0
1165.1307801945495	0.06112000000007356	epochs	0.0
1166.121000289917	0.11791999999991276	epochs	0.0
1166.121000289917	0.05396019999989221	epochs	1.0
1166.1749604899169	0.00999960000012834	epochs	1.0
1166.184960089917	0.05396019999989221	epochs	1.0
1166.238920289917	5.441340000000082	epochs	0.0
1166.238920289917	0.5	epochs	1.0
1166.238924789917	0.5	epochs	-1.0
1166.738920289917	4.941340000000082	epochs	1.0
1169.680380289917	1.9998800000000756	epochs	-1.0
1169.680380289917	0.03944000000001324	epochs	-1.0
1170.177864789917	0.5	epochs	-1.0
1170.677864789917	0.5	epochs	-1.0
1171.177864789917	0.5	epochs	-1.0
1171.680260289917	14.058639999999968	epochs	0.0
1172.969000339508	0.11791999999991276	epochs	0.0
1172.969000339508	0.05396019999989221	epochs	1.0
1173.022960539508	0.00999960000012834	epochs	1.0
1173.032960139508	0.05396019999989221	epochs	1.0
1173.086920339508	4.442400000000134	epochs	0.0
1173.086920339508	0.5	epochs	1.0
1173.0869248395081	0.5	epochs	-1.0
1173.586920339508	3.9424000000001342	epochs	1.0
1176.529360339508	0.999960000000101	epochs	-1.0
1176.529360339508	0.04030000000011569	epochs	-1.0
1177.0268448395082	0.5	epochs	-1.0
1177.529320339508	15.057579999999916	epochs	0.0
1178.585000038147	0.11791999999991276	epochs	0.0
1178.585000038147	0.05396019999989221	epochs	1.0
1178.6389602381469	0.00999960000012834	epochs	1.0
1178.648959838147	0.05396019999989221	epochs	1.0
1178.7029200381469	0.521060000000034	epochs	0.0
1178.7029200381469	0.5	epochs	1.0
1178.702924538147	0.5	epochs	-1.0
1179.2029200381469	0.02106000000003405	epochs	1.0
1179.223980038147	18.978920000000016	epochs	0.0
1207.7480001449585	0.11791999999991276	epochs	0.0
1207.7480001449585	0.05396019999989221	epochs	1.0
1207.8019603449584	0.00999960000012834	epochs	1.0
1207.8119599449585	0.05396019999989221	epochs	1.0
1207.8659201449584	4.141540000000077	epochs	0.0
1207.8659201449584	0.5	epochs	1.0
1207.8659246449586	0.5	epochs	-1.0
1208.3659201449584	3.6415400000000773	epochs	1.0
1211.0078801449586	0.9995799999999235	epochs	-1.0
1211.0078801449586	0.039559999999937645	epochs	-1.0
1211.5053646449585	0.5	epochs	-1.0
1212.0074601449585	15.358439999999973	epochs	0.0
1238.3250002861023	0.11791999999991276	epochs	0.0
1238.3250002861023	0.05396019999989221	epochs	1.0
1238.3789604861022	0.00999960000012834	epochs	1.0
1238.3889600861023	0.05396019999989221	epochs	1.0
1238.4429202861022	2.0	epochs	0.0
1240.4429202861022	5.381520000000137	epochs	0.0
1240.4429202861022	1.0	epochs	1.0
1240.4429247861024	0.5	epochs	-1.0
1240.9429247861024	4.881515499999978	epochs	-1.0
1241.4429202861022	4.381520000000137	epochs	1.0
1241.4429202861022	4.356753900000058	epochs	-1.0
1241.4429202861022	1.9745872000000873	epochs	2.0
1241.4429202861022	1.0985622000000603	epochs	3.0
1242.5414824861023	0.8760250000000269	epochs	3.0
1243.4175074861023	1.3524075000000266	epochs	2.0
1243.4175074861023	0.7286355000001095	epochs	3.0
1244.1461429861024	0.6237719999999172	epochs	3.0
1244.7699149861023	1.029759199999944	epochs	2.0
1244.7699149861023	0.5453293000000485	epochs	3.0
1245.3152442861024	0.4844298999998955	epochs	3.0
1245.7996741861023	0.02476610000007895	epochs	2.0
1245.7996741861023	0.02476610000007895	epochs	3.0
1245.8244402861023	16.618399999999838	epochs	0.0
1247.0820002555847	0.11791999999991276	epochs	0.0
1247.0820002555847	0.05396019999989221	epochs	1.0
1247.1359604555846	0.00999960000012834	epochs	1.0
1247.1459600555847	0.05396019999989221	epochs	1.0
1247.1999202555846	2.0	epochs	0.0
1249.1999202555846	21.541440000000193	epochs	0.0
1249.1999202555846	1.0	epochs	1.0
1249.1999247555848	0.5	epochs	-1.0
1249.6999247555848	19.99743999999987	epochs	-1.0
1250.1999202555846	20.0	epochs	1.0
1250.1999202555846	4.356753900000058	epochs	-1.0
1250.1999202555846	1.9745872000000873	epochs	2.0
1250.1999202555846	1.0985622000000603	epochs	3.0
1251.2984824555847	0.8760250000000269	epochs	3.0
1252.1745074555847	1.3524075000000266	epochs	2.0
1252.1745074555847	0.7286355000001095	epochs	3.0
1252.9031429555848	0.6237719999999172	epochs	3.0
1253.5269149555847	1.029759199999944	epochs	2.0
1253.5269149555847	0.5453293000000485	epochs	3.0
1254.0722442555848	0.4844298999998955	epochs	3.0
1254.5566741555847	0.8317862000001242	epochs	2.0
1254.5566741555847	0.4357763000000432	epochs	3.0
1254.9924504555847	0.39600990000008096	epochs	3.0
1255.3884603555848	0.6977969999998095	epochs	2.0
1255.3884603555848	0.3628982000000178	epochs	3.0
1255.7513585555848	0.33489879999979166	epochs	3.0
1256.0862573555846	0.601045699999986	epochs	2.0
1256.0862573555846	0.3109123000001546	epochs	3.0
1256.3971696555848	0.29013339999983145	epochs	3.0
1256.6873030555846	0.5278859000000011	epochs	2.0
1256.6873030555846	0.2719586000000618	epochs	3.0
1256.9592616555847	0.25592729999993935	epochs	3.0
1257.2151889555846	0.4706193000001804	epochs	2.0
1257.2151889555846	0.24168130000020938	epochs	3.0
1257.4568702555848	0.228937999999971	epochs	3.0
1257.6858082555848	0.42457039999999324	epochs	2.0
1257.6858082555848	0.21747140000002219	epochs	3.0
1257.9032796555848	0.20709899999997106	epochs	3.0
1258.1103786555848	0.3867353999999068	epochs	2.0
1258.1103786555848	0.19767109999997956	epochs	3.0
1258.3080497555848	0.18906429999992724	epochs	3.0
1258.4971140555847	0.35509530000013	epochs	2.0
1258.4971140555847	0.18117589999997108	epochs	3.0
1258.6782899555847	0.17391940000015893	epochs	3.0
1258.8522093555848	0.3282431000000088	epochs	2.0
1258.8522093555848	0.16722189999995862	epochs	3.0
1259.0194312555848	0.16102120000005016	epochs	3.0
1259.1804524555848	0.3051679999998669	epochs	2.0
1259.1804524555848	0.15526389999990897	epochs	3.0
1259.3357163555847	0.1499040999999579	epochs	3.0
1259.4856204555847	0.28512530000011793	epochs	2.0
1259.4856204555847	0.1449021000000812	epochs	3.0
1259.6305225555848	0.14022320000003674	epochs	3.0
1259.7707457555848	0.2675537999998596	epochs	2.0
1259.7707457555848	0.1358368999999584	epochs	3.0
1259.9065826555848	0.13171689999990122	epochs	3.0
1260.0382995555847	0.25202290000015637	epochs	2.0
1260.0382995555847	0.1278393000000051	epochs	3.0
1260.1661388555847	0.12418360000015127	epochs	3.0
1260.2903224555848	0.23819649999995818	epochs	2.0
1260.2903224555848	0.1207310999998299	epochs	3.0
1260.4110535555847	0.11746540000012828	epochs	3.0
1260.5285189555848	0.22580879999986792	epochs	2.0
1260.5285189555848	0.1143718999999237	epochs	3.0
1260.6428908555847	0.11143689999994422	epochs	3.0
1260.7543277555847	0.2146460000001298	epochs	2.0
1260.7543277555847	0.10864890000016203	epochs	3.0
1260.8629766555848	0.10599709999996776	epochs	3.0
1260.9689737555848	0.2045349999998507	epochs	2.0
1260.9689737555848	0.1034714999998414	epochs	3.0
1261.0724452555846	0.1010635000000093	epochs	3.0
1261.1735087555846	0.19533400000000256	epochs	2.0
1261.1735087555846	0.09876510000003691	epochs	3.0
1261.2722738555847	0.09656889999996565	epochs	3.0
1261.3688427555846	0.18692529999998442	epochs	2.0
1261.3688427555846	0.09446830000001682	epochs	3.0
1261.4633110555847	0.09245699999996759	epochs	3.0
1261.5557680555846	0.1792107000001124	epochs	2.0
1261.5557680555846	0.0905296000000817	epochs	3.0
1261.6462976555847	0.08868110000003071	epochs	3.0
1261.7349787555847	0.17210769999996955	epochs	2.0
1261.7349787555847	0.08690630000000965	epochs	3.0
1261.8218850555847	0.0852013999999599	epochs	3.0
1261.9070864555847	0.16554640000003928	epochs	2.0
1261.9070864555847	0.08356189999994967	epochs	3.0
1261.9906483555847	0.08198450000008961	epochs	3.0
1262.0726328555847	0.15946710000002895	epochs	2.0
1262.0726328555847	0.08046539999986635	epochs	3.0
1262.1530982555846	0.0790017000001626	epochs	3.0
1262.2320999555848	0.1538183999998637	epochs	2.0
1262.2320999555848	0.07759009999995214	epochs	3.0
1262.3096900555847	0.07622829999991154	epochs	3.0
1262.3859183555846	0.14855640000018866	epochs	2.0
1262.3859183555846	0.07491330000016205	epochs	3.0
1262.4608316555848	0.0736431000000266	epochs	3.0
1262.5344747555848	0.1436423999998624	epochs	2.0
1262.5344747555848	0.07241499999986445	epochs	3.0
1262.6068897555847	0.07122739999999794	epochs	3.0
1262.6781171555847	0.13904309999998077	epochs	2.0
1262.6781171555847	0.07007799999996678	epochs	3.0
1262.7481951555847	0.06896510000001399	epochs	3.0
1262.8171602555847	0.1347293000001173	epochs	2.0
1262.8171602555847	0.0678871000000072	epochs	3.0
1262.8850473555847	0.0668422000001101	epochs	3.0
1262.9518895555848	0.1306752000000415	epochs	2.0
1262.9518895555848	0.06582909999997355	epochs	3.0
1263.0177186555848	0.06484610000006796	epochs	3.0
1263.0825647555848	0.1268577999999252	epochs	2.0
1263.0825647555848	0.06389199999989614	epochs	3.0
1263.1464567555847	0.06296580000002905	epochs	3.0
1263.2094225555848	0.12325719999989815	epochs	2.0
1263.2094225555848	0.06206580000002759	epochs	3.0
1263.2714883555848	0.061191399999870555	epochs	3.0
1263.3326797555846	0.11985540000000583	epochs	2.0
1263.3326797555846	0.060341099999959624	epochs	3.0
1263.3930208555846	0.059514300000046205	epochs	3.0
1263.4525351555847	0.11663620000012997	epochs	2.0
1263.4525351555847	0.05870960000015657	epochs	3.0
1263.5112447555848	0.057926599999973405	epochs	3.0
1263.5691713555848	0.11358559999985118	epochs	2.0
1263.5691713555848	0.05716419999998834	epochs	3.0
1263.6263355555848	0.05642139999986284	epochs	3.0
1263.6827569555846	0.11069050000014613	epochs	2.0
1263.6827569555846	0.055697900000041045	epochs	3.0
1263.7384548555847	0.054992600000105085	epochs	3.0
1263.7934474555848	0.10793909999983953	epochs	2.0
1263.7934474555848	0.05430490000003374	epochs	3.0
1263.8477523555848	0.05363419999980579	epochs	3.0
1263.9013865555846	0.10532150000017282	epochs	2.0
1263.9013865555846	0.052980000000161453	epochs	3.0
1263.9543665555848	0.052341500000011365	epochs	3.0
1264.0067080555848	0.10282759999995505	epochs	2.0
1264.0067080555848	0.05171810000001642	epochs	3.0
1264.0584261555848	0.051109499999938635	epochs	3.0
1264.1095356555848	0.10044909999987794	epochs	2.0
1264.1095356555848	0.050514900000052876	epochs	3.0
1264.1600505555848	0.04993419999982507	epochs	3.0
1264.2099847555846	0.09817830000019967	epochs	2.0
1264.2099847555846	0.04936659999998483	epochs	3.0
1264.2593513555846	0.04881170000021484	epochs	3.0
1264.3081630555848	0.09600779999982478	epochs	2.0
1264.3081630555848	0.048269199999822376	epochs	3.0
1264.3564322555847	0.04773860000000241	epochs	3.0
1264.4041708555847	0.09393120000004274	epochs	2.0
1264.4041708555847	0.04721949999998287	epochs	3.0
1264.4513903555846	0.046711700000059864	epochs	3.0
1264.4981020555847	0.09194260000003851	epochs	2.0
1264.4981020555847	0.046214599999984785	epochs	3.0
1264.5443166555847	0.045728000000053726	epochs	3.0
1264.5900446555847	0.09003630000006524	epochs	2.0
1264.5900446555847	0.045251499999949374	epochs	3.0
1264.6352961555847	0.044784800000115865	epochs	3.0
1264.6800809555848	0.0882075999998051	epochs	2.0
1264.6800809555848	0.044327800000019124	epochs	3.0
1264.7244087555848	0.04387979999978597	epochs	3.0
1264.7682885555846	0.0864516999999978	epochs	2.0
1264.7682885555846	0.04344100000002982	epochs	3.0
1264.8117295555846	0.04301069999996798	epochs	3.0
1264.8547402555846	0.08476430000018809	epochs	2.0
1264.8547402555846	0.04258900000013455	epochs	3.0
1264.8973292555847	0.04217530000005354	epochs	3.0
1264.9395045555848	0.08314150000001064	epochs	2.0
1264.9395045555848	0.04176970000003166	epochs	3.0
1264.9812742555848	0.041371799999978975	epochs	3.0
1265.0226460555848	0.08157970000002024	epochs	2.0
1265.0226460555848	0.040981399999964196	epochs	3.0
1265.0636274555848	0.04059830000005604	epochs	3.0
1265.1042257555848	0.08007549999979346	epochs	2.0
1265.1042257555848	0.04022229999986848	epochs	3.0
1265.1444480555847	0.03985319999992498	epochs	3.0
1265.1843012555846	0.07862570000020241	epochs	2.0
1265.1843012555846	0.039490800000066884	epochs	3.0
1265.2237920555847	0.03913490000013553	epochs	3.0
1265.2629269555848	0.07722760000001472	epochs	2.0
1265.2629269555848	0.03878539999982422	epochs	3.0
1265.3017123555846	0.038442200000190496	epochs	3.0
1265.3401545555848	0.07587819999980638	epochs	2.0
1265.3401545555848	0.03810479999992822	epochs	3.0
1265.3782593555848	0.037773399999878166	epochs	3.0
1265.4160327555846	0.0745752000000266	epochs	2.0
1265.4160327555846	0.03744770000002973	epochs	3.0
1265.4534804555847	0.03712749999999687	epochs	3.0
1265.4906079555847	0.07331629999998768	epochs	2.0
1265.4906079555847	0.0368129000000863	epochs	3.0
1265.5274208555848	0.036503399999901376	epochs	3.0
1265.5639242555847	0.07209899999998015	epochs	2.0
1265.5639242555847	0.03619909999997617	epochs	3.0
1265.6001233555846	0.03589990000000398	epochs	3.0
1265.6360232555846	0.07092170000009901	epochs	2.0
1265.6360232555846	0.03560560000005353	epochs	3.0
1265.6716288555847	0.03531610000004548	epochs	3.0
1265.7069449555847	0.06978200000003199	epochs	2.0
1265.7069449555847	0.03503120000004856	epochs	3.0
1265.7419761555848	0.03475079999998343	epochs	3.0
1265.7767269555848	0.06867859999988468	epochs	2.0
1265.7767269555848	0.03447510000000875	epochs	3.0
1265.8112020555848	0.03420349999987593	epochs	3.0
1265.8454055555846	0.06760929999995824	epochs	2.0
1265.8454055555846	0.033936199999970995	epochs	3.0
1265.8793417555846	0.033673099999987244	epochs	3.0
1265.9130148555846	0.06657290000021021	epochs	2.0
1265.9130148555846	0.03341400000022077	epochs	3.0
1265.9464288555848	0.033158899999989444	epochs	3.0
1265.9795877555848	0.06556779999982609	epochs	2.0
1265.9795877555848	0.03290769999989607	epochs	3.0
1266.0124954555847	0.032660099999930026	epochs	3.0
1266.0451555555846	0.06459259999996902	epochs	2.0
1266.0451555555846	0.03241640000010193	epochs	3.0
1266.0775719555847	0.032176199999867094	epochs	3.0
1266.1097481555846	0.06364600000006249	epochs	2.0
1266.1097481555846	0.03193960000021434	epochs	3.0
1266.1416877555848	0.031706399999848145	epochs	3.0
1266.1733941555847	0.0627266999999847	epochs	2.0
1266.1733941555847	0.03147660000013275	epochs	3.0
1266.2048707555848	0.031250099999851955	epochs	3.0
1266.2361208555847	0.06183359999999993	epochs	2.0
1266.2361208555847	0.031026900000142632	epochs	3.0
1266.2671477555848	0.0308066999998573	epochs	3.0
1266.2979544555847	0.06096560000014506	epochs	2.0
1266.2979544555847	0.03058980000014344	epochs	3.0
1266.3285442555848	0.030375800000001618	epochs	3.0
1266.3589200555848	0.06012160000000222	epochs	2.0
1266.3589200555848	0.030164899999817862	epochs	3.0
1266.3890849555846	0.029956700000184355	epochs	3.0
1266.4190416555848	0.05930069999999432	epochs	2.0
1266.4190416555848	0.029751599999826794	epochs	3.0
1266.4487932555846	0.029549100000167527	epochs	3.0
1266.4783423555848	0.05850179999993088	epochs	2.0
1266.4783423555848	0.02934940000000097	epochs	3.0
1266.5076917555848	0.029152399999929912	epochs	3.0
1266.5368441555847	0.05772419999993872	epochs	2.0
1266.5368441555847	0.028957999999875028	epochs	3.0
1266.5658021555846	0.02876620000006369	epochs	3.0
1266.5945683555847	0.05696710000006533	epochs	2.0
1266.5945683555847	0.028577000000041153	epochs	3.0
1266.6231453555847	0.028390100000024177	epochs	3.0
1266.6515354555847	0.05622949999997218	epochs	2.0
1266.6515354555847	0.028205699999944045	epochs	3.0
1266.6797411555847	0.028023800000028132	epochs	3.0
1266.7077649555847	0.05551070000001346	epochs	2.0
1266.7077649555847	0.027843999999959124	epochs	3.0
1266.7356089555847	0.027666700000054334	epochs	3.0
1266.7632756555847	0.054810200000019904	epochs	2.0
1266.7632756555847	0.02749149999999645	epochs	3.0
1266.7907671555847	0.027318700000023455	epochs	3.0
1266.8180858555847	0.054126999999880354	epochs	2.0
1266.8180858555847	0.027147799999966082	epochs	3.0
1266.8452336555847	0.026979199999914272	epochs	3.0
1266.8722128555846	0.05346070000018699	epochs	2.0
1266.8722128555846	0.026812600000084785	epochs	3.0
1266.8990254555847	0.026648100000102204	epochs	3.0
1266.9256735555848	0.05281070000000909	epochs	2.0
1266.9256735555848	0.0264855999998872	epochs	3.0
1266.9521591555847	0.026325100000121893	epochs	3.0
1266.9784842555848	0.052176199999848905	epochs	2.0
1266.9784842555848	0.026166399999965506	epochs	3.0
1267.0046506555848	0.0260097999998834	epochs	3.0
1267.0306604555847	0.051556699999991906	epochs	2.0
1267.0306604555847	0.02585480000016105	epochs	3.0
1267.0565152555848	0.025701899999830857	epochs	3.0
1267.0822171555847	0.05095189999997274	epochs	2.0
1267.0822171555847	0.025550700000167126	epochs	3.0
1267.1077678555848	0.025401199999805613	epochs	3.0
1267.1331690555846	0.05036100000006627	epochs	2.0
1267.1331690555846	0.025253500000189888	epochs	3.0
1267.1584225555848	0.02510749999987638	epochs	3.0
1267.1835300555847	0.04978380000011384	epochs	2.0
1267.1835300555847	0.02496320000000196	epochs	3.0
1267.2084932555847	0.02482060000011188	epochs	3.0
1267.2333138555848	0.04921949999993558	epochs	2.0
1267.2333138555848	0.024679399999968155	epochs	3.0
1267.2579932555848	0.024540099999967424	epochs	3.0
1267.2825333555847	0.04866790000005494	epochs	2.0
1267.2825333555847	0.024402099999861093	epochs	3.0
1267.3069354555846	0.02426580000019385	epochs	3.0
1267.3312012555848	0.048128599999927246	epochs	2.0
1267.3312012555848	0.02413099999989754	epochs	3.0
1267.3553322555847	0.023997600000029706	epochs	3.0
1267.3793298555847	0.047601100000065344	epochs	2.0
1267.3793298555847	0.023865800000066884	epochs	3.0
1267.4031956555848	0.02373529999999846	epochs	3.0
1267.4269309555848	0.04708499999992455	epochs	2.0
1267.4269309555848	0.023606299999983094	epochs	3.0
1267.4505372555848	0.023478699999941455	epochs	3.0
1267.4740159555847	0.046579999999948996	epochs	2.0
1267.4740159555847	0.023352500000100918	epochs	3.0
1267.4973684555848	0.023227499999848078	epochs	3.0
1267.5205959555847	0.046085700000048746	epochs	2.0
1267.5205959555847	0.023104000000103042	epochs	3.0
1267.5436999555848	0.022981699999945704	epochs	3.0
1267.5666816555847	0.045601799999985815	epochs	2.0
1267.5666816555847	0.02286069999991014	epochs	3.0
1267.5895423555846	0.022741100000075676	epochs	3.0
1267.6122834555847	0.04512790000012501	epochs	2.0
1267.6122834555847	0.022622500000125	epochs	3.0
1267.6349059555848	0.02250540000000001	epochs	3.0
1267.6574113555848	0.04466379999985293	epochs	2.0
1267.6574113555848	0.02238929999998618	epochs	3.0
1267.6798006555848	0.022274499999866748	epochs	3.0
1267.7020751555847	0.04420920000006845	epochs	2.0
1267.7020751555847	0.022160799999937808	epochs	3.0
1267.7242359555846	0.02204840000013064	epochs	3.0
1267.7462843555847	0.04376359999992019	epochs	2.0
1267.7462843555847	0.02193689999990056	epochs	3.0
1267.7682212555846	0.021826700000019628	epochs	3.0
1267.7900479555847	0.04332709999994222	epochs	2.0
1267.7900479555847	0.02171760000010181	epochs	3.0
1267.8117655555848	0.02160949999984041	epochs	3.0
1267.8333750555846	0.04289900000003399	epochs	2.0
1267.8333750555846	0.02150249999999687	epochs	3.0
1267.8548775555846	0.021396500000037122	epochs	3.0
1267.8762740555846	0.04247950000012679	epochs	2.0
1267.8762740555846	0.021291700000119818	epochs	3.0
1267.8975657555848	0.021187800000006973	epochs	3.0
1267.9187535555848	0.04206789999989269	epochs	2.0
1267.9187535555848	0.02108490000000529	epochs	3.0
1267.9398384555848	0.020982999999887397	epochs	3.0
1267.9608214555847	0.04166439999994509	epochs	2.0
1267.9608214555847	0.020882199999959994	epochs	3.0
1267.9817036555846	0.020782199999985096	epochs	3.0
1268.0024858555846	0.04126850000011473	epochs	2.0
1268.0024858555846	0.02068330000020069	epochs	3.0
1268.0231691555848	0.02058519999991404	epochs	3.0
1268.0437543555847	0.04088000000001557	epochs	2.0
1268.0437543555847	0.020488099999965925	epochs	3.0
1268.0642424555847	0.020391900000049645	epochs	3.0
1268.0846343555847	0.04049880000002304	epochs	2.0
1268.0846343555847	0.020296599999937825	epochs	3.0
1268.1049309555847	0.020202200000085213	epochs	3.0
1268.1251331555848	0.040124599999899146	epochs	2.0
1268.1251331555848	0.02010870000003706	epochs	3.0
1268.1452418555848	0.020015899999862086	epochs	3.0
1268.1652577555847	0.03975730000001931	epochs	2.0
1268.1652577555847	0.019924200000104975	epochs	3.0
1268.1851819555848	0.01983309999991434	epochs	3.0
1268.2050150555847	0.03939669999999751	epochs	2.0
1268.2050150555847	0.01974300000006224	epochs	3.0
1268.2247580555847	0.01965369999993527	epochs	3.0
1268.2444117555847	0.03904239999997117	epochs	2.0
1268.2444117555847	0.019565100000136226	epochs	3.0
1268.2639768555848	0.01947729999983494	epochs	3.0
1268.2834541555846	0.038694600000098944	epochs	2.0
1268.2834541555846	0.019390400000020236	epochs	3.0
1268.3028445555847	0.01930420000007871	epochs	3.0
1268.3221487555847	0.03835290000006353	epochs	2.0
1268.3221487555847	0.019218799999862313	epochs	3.0
1268.3413675555846	0.019134100000201215	epochs	3.0
1268.3605016555848	0.03801720000001296	epochs	2.0
1268.3605016555848	0.019050199999810502	epochs	3.0
1268.3795518555846	0.01896700000020246	epochs	3.0
1268.3985188555848	0.03768719999993664	epochs	2.0
1268.3985188555848	0.018884499999785476	epochs	3.0
1268.4174033555846	0.018802700000151162	epochs	3.0
1268.4362060555848	0.03736309999999321	epochs	2.0
1268.4362060555848	0.018721700000014607	epochs	3.0
1268.4549277555848	0.018641399999978603	epochs	3.0
1268.4735691555848	0.03704429999993408	epochs	2.0
1268.4735691555848	0.018561599999884493	epochs	3.0
1268.4921307555846	0.01848270000004959	epochs	3.0
1268.5106134555847	0.03673099999991791	epochs	2.0
1268.5106134555847	0.018404299999929208	epochs	3.0
1268.5290177555846	0.018326699999988705	epochs	3.0
1268.5473444555846	0.03642290000016146	epochs	2.0
1268.5473444555846	0.01824960000021747	epochs	3.0
1268.5655940555848	0.018173299999943993	epochs	3.0
1268.5837673555848	0.03612010000006194	epochs	2.0
1268.5837673555848	0.01809759999991911	epochs	3.0
1268.6018649555847	0.018022500000142827	epochs	3.0
1268.6198874555848	0.03582209999990482	epochs	2.0
1268.6198874555848	0.01794789999985369	epochs	3.0
1268.6378353555847	0.017874200000051133	epochs	3.0
1268.6557095555847	0.03552899999999681	epochs	2.0
1268.6557095555847	0.017800800000031813	epochs	3.0
1268.6735103555848	0.017728199999965	epochs	3.0
1268.6912385555847	0.03524070000003121	epochs	2.0
1268.6912385555847	0.017656100000067454	epochs	3.0
1268.7088946555848	0.017584599999963757	epochs	3.0
1268.7264792555848	0.03495709999992869	epochs	2.0
1268.7264792555848	0.017513699999881283	epochs	3.0
1268.7439929555846	0.017443400000047404	epochs	3.0
1268.7614363555847	0.03467790000013338	epochs	2.0
1268.7614363555847	0.017373599999928047	epochs	3.0
1268.7788099555846	0.01730430000020533	epochs	3.0
1268.7961142555848	0.03440329999989444	epochs	2.0
1268.7961142555848	0.017235699999901044	epochs	3.0
1268.8133499555847	0.0171675999999934	epochs	3.0
1268.8305175555847	0.03413279999995211	epochs	2.0
1268.8305175555847	0.01709989999994832	epochs	3.0
1268.8476174555847	0.017032900000003792	epochs	3.0
1268.8646503555847	0.03386670000008962	epochs	2.0
1268.8646503555847	0.01696640000000116	epochs	3.0
1268.8816167555847	0.016900300000088464	epochs	3.0
1268.8985170555848	0.03360459999998966	epochs	2.0
1268.8985170555848	0.01683479999996962	epochs	3.0
1268.9153518555847	0.01676980000002004	epochs	3.0
1268.9321216555848	0.033346599999958926	epochs	2.0
1268.9321216555848	0.016705300000012357	epochs	3.0
1268.9488269555848	0.01664129999994657	epochs	3.0
1268.9654682555847	0.03309250000006614	epochs	2.0
1268.9654682555847	0.016577800000050047	epochs	3.0
1268.9820460555848	0.01651470000001609	epochs	3.0
1268.9985607555848	0.03284229999985655	epochs	2.0
1268.9985607555848	0.01645220000000336	epochs	3.0
1269.0150129555848	0.01639009999985319	epochs	3.0
1269.0314030555846	0.03259570000000167	epochs	2.0
1269.0314030555846	0.016328400000020338	epochs	3.0
1269.0477314555847	0.016267299999981333	epochs	3.0
1269.0639987555846	0.032352899999978035	epochs	2.0
1269.0639987555846	0.016206600000032267	epochs	3.0
1269.0802053555847	0.016146299999945768	epochs	3.0
1269.0963516555846	0.032113700000081735	epochs	2.0
1269.0963516555846	0.016086600000107865	epochs	3.0
1269.1124382555847	0.01602709999997387	epochs	3.0
1269.1284653555847	0.03187800000000607	epochs	2.0
1269.1284653555847	0.015968200000088473	epochs	3.0
1269.1444335555848	0.015909799999917595	epochs	3.0
1269.1603433555847	0.03164570000012645	epochs	2.0
1269.1603433555847	0.015851599999905375	epochs	3.0
1269.1761949555846	0.01579410000022108	epochs	3.0
1269.1919890555848	0.031416699999908815	epochs	2.0
1269.1919890555848	0.01573669999993399	epochs	3.0
1269.2077257555848	0.015679999999974825	epochs	3.0
1269.2234057555847	0.03119109999988723	epochs	2.0
1269.2234057555847	0.015623600000026272	epochs	3.0
1269.2390293555848	0.015567499999860956	epochs	3.0
1269.2545968555846	0.03096870000013041	epochs	2.0
1269.2545968555846	0.01551200000017161	epochs	3.0
1269.2701088555848	0.0154566999999588	epochs	3.0
1269.2855655555848	0.030749499999956242	epochs	2.0
1269.2855655555848	0.015401999999994587	epochs	3.0
1269.3009675555847	0.015347499999961656	epochs	3.0
1269.3163150555847	0.03053320000003623	epochs	2.0
1269.3163150555847	0.015293400000018664	epochs	3.0
1269.3316084555847	0.015239800000017567	epochs	3.0
1269.3468482555847	0.030320099999926242	epochs	2.0
1269.3468482555847	0.015186500000027081	epochs	3.0
1269.3620347555848	0.015133599999899161	epochs	3.0
1269.3771683555847	0.03010990000007041	epochs	2.0
1269.3771683555847	0.015081000000009226	epochs	3.0
1269.3922493555847	0.015028900000061185	epochs	3.0
1269.4072782555847	0.029902499999934662	epochs	2.0
1269.4072782555847	0.014977000000044427	epochs	3.0
1269.4222552555848	0.014925499999890235	epochs	3.0
1269.4371807555847	0.0296981000001324	epochs	2.0
1269.4371807555847	0.014874400000053356	epochs	3.0
1269.4520551555847	0.014823700000079043	epochs	3.0
1269.4668788555848	0.029496299999891562	epochs	2.0
1269.4668788555848	0.01477319999980864	epochs	3.0
1269.4816520555846	0.014723100000082923	epochs	3.0
1269.4963751555847	0.029297399999904883	epochs	2.0
1269.4963751555847	0.014673399999992398	epochs	3.0
1269.5110485555847	0.014623999999912485	epochs	3.0
1269.5256725555846	0.02910110000016175	epochs	2.0
1269.5256725555846	0.014574900000070556	epochs	3.0
1269.5402474555847	0.014526200000091194	epochs	3.0
1269.5547736555848	0.028907399999980044	epochs	2.0
1269.5547736555848	0.014477700000043114	epochs	3.0
1269.5692513555848	0.014429699999936929	epochs	3.0
1269.5836810555847	0.028716199999962555	epochs	2.0
1269.5836810555847	0.014381799999910072	epochs	3.0
1269.5980628555847	0.014334400000052483	epochs	3.0
1269.6123972555847	0.02852759999996124	epochs	2.0
1269.6123972555847	0.014287199999898803	epochs	3.0
1269.6266844555846	0.014240400000062436	epochs	3.0
1269.6409248555847	0.028341400000044814	epochs	2.0
1269.6409248555847	0.014193800000157353	epochs	3.0
1269.6551186555848	0.014147599999887461	epochs	3.0
1269.6692662555847	0.028157700000065233	epochs	2.0
1269.6692662555847	0.014101700000082928	epochs	3.0
1269.6833679555848	0.014055999999982305	epochs	3.0
1269.6974239555848	0.02797629999986384	epochs	2.0
1269.6974239555848	0.014010599999892293	epochs	3.0
1269.7114345555847	0.013965699999971548	epochs	3.0
1269.7254002555846	0.027797200000122757	epochs	2.0
1269.7254002555846	0.013920800000050804	epochs	3.0
1269.7393210555847	0.013876400000071953	epochs	3.0
1269.7531974555848	0.027620399999932488	epochs	2.0
1269.7531974555848	0.013832200000024386	epochs	3.0
1269.7670296555848	0.013788199999908102	epochs	3.0
1269.7808178555847	0.027445899999975154	epochs	2.0
1269.7808178555847	0.01374460000010913	epochs	3.0
1269.7945624555848	0.013701299999866023	epochs	3.0
1269.8082637555847	0.0272735000000921	epochs	2.0
1269.8082637555847	0.013658200000008947	epochs	3.0
1269.8219219555847	0.013615300000083153	epochs	3.0
1269.8355372555848	0.027103399999987232	epochs	2.0
1269.8355372555848	0.013572800000019924	epochs	3.0
1269.8491100555848	0.013530599999967308	epochs	3.0
1269.8626406555848	0.02693520000002536	epochs	2.0
1269.8626406555848	0.01348839999991469	epochs	3.0
1269.8761290555847	0.01344680000011067	epochs	3.0
1269.8895758555848	0.026769199999989723	epochs	2.0
1269.8895758555848	0.013405199999851902	epochs	3.0
1269.9029810555846	0.013364000000137821	epochs	3.0
1269.9163450555848	0.026605199999949036	epochs	2.0
1269.9163450555848	0.013322900000048321	epochs	3.0
1269.9296679555848	0.013282299999900715	epochs	3.0
1269.9429502555847	0.0264431999999033	epochs	2.0
1269.9429502555847	0.013241699999980483	epochs	3.0
1269.9561919555847	0.013201499999922817	epochs	3.0
1269.9693934555846	0.026283200000079887	epochs	2.0
1269.9693934555846	0.013161500000023807	epochs	3.0
1269.9825549555846	0.01312170000005608	epochs	3.0
1269.9956766555847	0.02612500000009277	epochs	2.0
1269.9956766555847	0.013082100000019636	epochs	3.0
1270.0087587555847	0.013042900000073132	epochs	3.0
1270.0218016555848	0.025968899999952555	epochs	2.0
1270.0218016555848	0.013003899999830537	epochs	3.0
1270.0348055555846	0.012965000000122018	epochs	3.0
1270.0477705555847	0.025814500000024054	epochs	2.0
1270.0477705555847	0.012926399999969362	epochs	3.0
1270.0606969555847	0.012888100000054692	epochs	3.0
1270.0735850555848	0.025661899999931848	epochs	2.0
1270.0735850555848	0.012849899999991976	epochs	3.0
1270.0864349555848	0.012811999999939871	epochs	3.0
1270.0992469555847	0.025511199999982637	epochs	2.0
1270.0992469555847	0.012774399999898378	epochs	3.0
1270.1120213555846	0.012736800000084258	epochs	3.0
1270.1247581555847	0.025362300000097093	epochs	2.0
1270.1247581555847	0.01269969999998466	epochs	3.0
1270.1374578555847	0.012662600000112434	epochs	3.0
1270.1501204555848	0.025214999999889187	epochs	2.0
1270.1501204555848	0.012625800000023446	epochs	3.0
1270.1627462555848	0.012589199999865741	epochs	3.0
1270.1753354555847	0.024584799999956886	epochs	2.0
1270.1973647555847	0.5	epochs	-1.0
1270.1999202555846	0.5414400000001933	epochs	1.0
1270.7413602555848	0.4584799999997813	epochs	0.0
1272.0340003967285	0.11791999999991276	epochs	0.0
1272.0340003967285	0.05396019999989221	epochs	1.0
1272.0879605967284	0.00999960000012834	epochs	1.0
1272.0979601967285	0.05396019999989221	epochs	1.0
1272.1519203967284	2.0	epochs	0.0
1274.1519203967284	21.999919999999975	epochs	0.0
1274.1519203967284	1.0	epochs	1.0
1274.1519248967286	0.5	epochs	-1.0
1274.6519248967286	19.99743999999987	epochs	-1.0
1275.1519203967284	20.0	epochs	1.0
1275.1519203967284	4.356753900000058	epochs	-1.0
1275.1519203967284	1.9745872000000873	epochs	2.0
1275.1519203967284	1.0985622000000603	epochs	3.0
1276.2504825967285	0.8760250000000269	epochs	3.0
1277.1265075967285	1.3524075000000266	epochs	2.0
1277.1265075967285	0.7286355000001095	epochs	3.0
1277.8551430967286	0.6237719999999172	epochs	3.0
1278.4789150967285	1.029759199999944	epochs	2.0
1278.4789150967285	0.5453293000000485	epochs	3.0
1279.0242443967286	0.4844298999998955	epochs	3.0
1279.5086742967285	0.8317862000001242	epochs	2.0
1279.5086742967285	0.4357763000000432	epochs	3.0
1279.9444505967285	0.39600990000008096	epochs	3.0
1280.3404604967286	0.6977969999998095	epochs	2.0
1280.3404604967286	0.3628982000000178	epochs	3.0
1280.7033586967286	0.33489879999979166	epochs	3.0
1281.0382574967284	0.601045699999986	epochs	2.0
1281.0382574967284	0.3109123000001546	epochs	3.0
1281.3491697967286	0.29013339999983145	epochs	3.0
1281.6393031967284	0.5278859000000011	epochs	2.0
1281.6393031967284	0.2719586000000618	epochs	3.0
1281.9112617967285	0.25592729999993935	epochs	3.0
1282.1671890967284	0.4706193000001804	epochs	2.0
1282.1671890967284	0.24168130000020938	epochs	3.0
1282.4088703967286	0.228937999999971	epochs	3.0
1282.6378083967286	0.42457039999999324	epochs	2.0
1282.6378083967286	0.21747140000002219	epochs	3.0
1282.8552797967286	0.20709899999997106	epochs	3.0
1283.0623787967286	0.3867353999999068	epochs	2.0
1283.0623787967286	0.19767109999997956	epochs	3.0
1283.2600498967286	0.18906429999992724	epochs	3.0
1283.4491141967285	0.35509530000013	epochs	2.0
1283.4491141967285	0.18117589999997108	epochs	3.0
1283.6302900967285	0.17391940000015893	epochs	3.0
1283.8042094967286	0.3282431000000088	epochs	2.0
1283.8042094967286	0.16722189999995862	epochs	3.0
1283.9714313967286	0.16102120000005016	epochs	3.0
1284.1324525967286	0.3051679999998669	epochs	2.0
1284.1324525967286	0.15526389999990897	epochs	3.0
1284.2877164967285	0.1499040999999579	epochs	3.0
1284.4376205967285	0.28512530000011793	epochs	2.0
1284.4376205967285	0.1449021000000812	epochs	3.0
1284.5825226967286	0.14022320000003674	epochs	3.0
1284.7227458967286	0.2675537999998596	epochs	2.0
1284.7227458967286	0.1358368999999584	epochs	3.0
1284.8585827967286	0.13171689999990122	epochs	3.0
1284.9902996967285	0.25202290000015637	epochs	2.0
1284.9902996967285	0.1278393000000051	epochs	3.0
1285.1181389967285	0.12418360000015127	epochs	3.0
1285.2423225967286	0.23819649999995818	epochs	2.0
1285.2423225967286	0.1207310999998299	epochs	3.0
1285.3630536967285	0.11746540000012828	epochs	3.0
1285.4805190967286	0.22580879999986792	epochs	2.0
1285.4805190967286	0.1143718999999237	epochs	3.0
1285.5948909967285	0.11143689999994422	epochs	3.0
1285.7063278967285	0.2146460000001298	epochs	2.0
1285.7063278967285	0.10864890000016203	epochs	3.0
1285.8149767967286	0.10599709999996776	epochs	3.0
1285.9209738967286	0.2045349999998507	epochs	2.0
1285.9209738967286	0.1034714999998414	epochs	3.0
1286.0244453967284	0.1010635000000093	epochs	3.0
1286.1255088967284	0.19533400000000256	epochs	2.0
1286.1255088967284	0.09876510000003691	epochs	3.0
1286.2242739967285	0.09656889999996565	epochs	3.0
1286.3208428967284	0.18692529999998442	epochs	2.0
1286.3208428967284	0.09446830000001682	epochs	3.0
1286.4153111967285	0.09245699999996759	epochs	3.0
1286.5077681967284	0.1792107000001124	epochs	2.0
1286.5077681967284	0.0905296000000817	epochs	3.0
1286.5982977967285	0.08868110000003071	epochs	3.0
1286.6869788967285	0.17210769999996955	epochs	2.0
1286.6869788967285	0.08690630000000965	epochs	3.0
1286.7738851967285	0.0852013999999599	epochs	3.0
1286.8590865967285	0.16554640000003928	epochs	2.0
1286.8590865967285	0.08356189999994967	epochs	3.0
1286.9426484967285	0.08198450000008961	epochs	3.0
1287.0246329967285	0.15946710000002895	epochs	2.0
1287.0246329967285	0.08046539999986635	epochs	3.0
1287.1050983967284	0.0790017000001626	epochs	3.0
1287.1841000967286	0.1538183999998637	epochs	2.0
1287.1841000967286	0.07759009999995214	epochs	3.0
1287.2616901967285	0.07622829999991154	epochs	3.0
1287.3379184967284	0.14855640000018866	epochs	2.0
1287.3379184967284	0.07491330000016205	epochs	3.0
1287.4128317967286	0.0736431000000266	epochs	3.0
1287.4864748967286	0.1436423999998624	epochs	2.0
1287.4864748967286	0.07241499999986445	epochs	3.0
1287.5588898967285	0.07122739999999794	epochs	3.0
1287.6301172967285	0.13904309999998077	epochs	2.0
1287.6301172967285	0.07007799999996678	epochs	3.0
1287.7001952967285	0.06896510000001399	epochs	3.0
1287.7691603967285	0.1347293000001173	epochs	2.0
1287.7691603967285	0.0678871000000072	epochs	3.0
1287.8370474967285	0.0668422000001101	epochs	3.0
1287.9038896967286	0.1306752000000415	epochs	2.0
1287.9038896967286	0.06582909999997355	epochs	3.0
1287.9697187967286	0.06484610000006796	epochs	3.0
1288.0345648967286	0.1268577999999252	epochs	2.0
1288.0345648967286	0.06389199999989614	epochs	3.0
1288.0984568967285	0.06296580000002905	epochs	3.0
1288.1614226967286	0.12325719999989815	epochs	2.0
1288.1614226967286	0.06206580000002759	epochs	3.0
1288.2234884967286	0.061191399999870555	epochs	3.0
1288.2846798967284	0.11985540000000583	epochs	2.0
1288.2846798967284	0.060341099999959624	epochs	3.0
1288.3450209967284	0.059514300000046205	epochs	3.0
1288.4045352967285	0.11663620000012997	epochs	2.0
1288.4045352967285	0.05870960000015657	epochs	3.0
1288.4632448967286	0.057926599999973405	epochs	3.0
1288.5211714967286	0.11358559999985118	epochs	2.0
1288.5211714967286	0.05716419999998834	epochs	3.0
1288.5783356967286	0.05642139999986284	epochs	3.0
1288.6347570967284	0.11069050000014613	epochs	2.0
1288.6347570967284	0.055697900000041045	epochs	3.0
1288.6904549967285	0.054992600000105085	epochs	3.0
1288.7454475967286	0.10793909999983953	epochs	2.0
1288.7454475967286	0.05430490000003374	epochs	3.0
1288.7997524967286	0.05363419999980579	epochs	3.0
1288.8533866967284	0.10532150000017282	epochs	2.0
1288.8533866967284	0.052980000000161453	epochs	3.0
1288.9063666967286	0.052341500000011365	epochs	3.0
1288.9587081967286	0.10282759999995505	epochs	2.0
1288.9587081967286	0.05171810000001642	epochs	3.0
1289.0104262967286	0.051109499999938635	epochs	3.0
1289.0615357967285	0.10044909999987794	epochs	2.0
1289.0615357967285	0.050514900000052876	epochs	3.0
1289.1120506967286	0.04993419999982507	epochs	3.0
1289.1619848967284	0.09817830000019967	epochs	2.0
1289.1619848967284	0.04936659999998483	epochs	3.0
1289.2113514967284	0.04881170000021484	epochs	3.0
1289.2601631967286	0.09600779999982478	epochs	2.0
1289.2601631967286	0.048269199999822376	epochs	3.0
1289.3084323967284	0.04773860000000241	epochs	3.0
1289.3561709967285	0.09393120000004274	epochs	2.0
1289.3561709967285	0.04721949999998287	epochs	3.0
1289.4033904967284	0.046711700000059864	epochs	3.0
1289.4501021967285	0.09194260000003851	epochs	2.0
1289.4501021967285	0.046214599999984785	epochs	3.0
1289.4963167967285	0.045728000000053726	epochs	3.0
1289.5420447967285	0.09003630000006524	epochs	2.0
1289.5420447967285	0.045251499999949374	epochs	3.0
1289.5872962967285	0.044784800000115865	epochs	3.0
1289.6320810967286	0.0882075999998051	epochs	2.0
1289.6320810967286	0.044327800000019124	epochs	3.0
1289.6764088967286	0.04387979999978597	epochs	3.0
1289.7202886967284	0.0864516999999978	epochs	2.0
1289.7202886967284	0.04344100000002982	epochs	3.0
1289.7637296967284	0.04301069999996798	epochs	3.0
1289.8067403967284	0.08476430000018809	epochs	2.0
1289.8067403967284	0.04258900000013455	epochs	3.0
1289.8493293967285	0.04217530000005354	epochs	3.0
1289.8915046967286	0.08314150000001064	epochs	2.0
1289.8915046967286	0.04176970000003166	epochs	3.0
1289.9332743967286	0.041371799999978975	epochs	3.0
1289.9746461967286	0.08157970000002024	epochs	2.0
1289.9746461967286	0.040981399999964196	epochs	3.0
1290.0156275967286	0.04059830000005604	epochs	3.0
1290.0562258967286	0.08007549999979346	epochs	2.0
1290.0562258967286	0.04022229999986848	epochs	3.0
1290.0964481967285	0.03985319999992498	epochs	3.0
1290.1363013967284	0.07862570000020241	epochs	2.0
1290.1363013967284	0.039490800000066884	epochs	3.0
1290.1757921967285	0.03913490000013553	epochs	3.0
1290.2149270967286	0.07722760000001472	epochs	2.0
1290.2149270967286	0.03878539999982422	epochs	3.0
1290.2537124967284	0.038442200000190496	epochs	3.0
1290.2921546967286	0.07587819999980638	epochs	2.0
1290.2921546967286	0.03810479999992822	epochs	3.0
1290.3302594967286	0.037773399999878166	epochs	3.0
1290.3680328967284	0.0745752000000266	epochs	2.0
1290.3680328967284	0.03744770000002973	epochs	3.0
1290.4054805967285	0.03712749999999687	epochs	3.0
1290.4426080967285	0.07331629999998768	epochs	2.0
1290.4426080967285	0.0368129000000863	epochs	3.0
1290.4794209967285	0.036503399999901376	epochs	3.0
1290.5159243967285	0.07209899999998015	epochs	2.0
1290.5159243967285	0.03619909999997617	epochs	3.0
1290.5521234967284	0.03589990000000398	epochs	3.0
1290.5880233967284	0.07092170000009901	epochs	2.0
1290.5880233967284	0.03560560000005353	epochs	3.0
1290.6236289967285	0.03531610000004548	epochs	3.0
1290.6589450967285	0.06978200000003199	epochs	2.0
1290.6589450967285	0.03503120000004856	epochs	3.0
1290.6939762967286	0.03475079999998343	epochs	3.0
1290.7287270967286	0.06867859999988468	epochs	2.0
1290.7287270967286	0.03447510000000875	epochs	3.0
1290.7632021967286	0.03420349999987593	epochs	3.0
1290.7974056967284	0.06760929999995824	epochs	2.0
1290.7974056967284	0.033936199999970995	epochs	3.0
1290.8313418967284	0.033673099999987244	epochs	3.0
1290.8650149967284	0.06657290000021021	epochs	2.0
1290.8650149967284	0.03341400000022077	epochs	3.0
1290.8984289967286	0.033158899999989444	epochs	3.0
1290.9315878967286	0.06556779999982609	epochs	2.0
1290.9315878967286	0.03290769999989607	epochs	3.0
1290.9644955967285	0.032660099999930026	epochs	3.0
1290.9971556967284	0.06459259999996902	epochs	2.0
1290.9971556967284	0.03241640000010193	epochs	3.0
1291.0295720967285	0.032176199999867094	epochs	3.0
1291.0617482967284	0.06364600000006249	epochs	2.0
1291.0617482967284	0.03193960000021434	epochs	3.0
1291.0936878967286	0.031706399999848145	epochs	3.0
1291.1253942967285	0.0627266999999847	epochs	2.0
1291.1253942967285	0.03147660000013275	epochs	3.0
1291.1568708967286	0.031250099999851955	epochs	3.0
1291.1881209967285	0.06183359999999993	epochs	2.0
1291.1881209967285	0.031026900000142632	epochs	3.0
1291.2191478967286	0.0308066999998573	epochs	3.0
1291.2499545967285	0.06096560000014506	epochs	2.0
1291.2499545967285	0.03058980000014344	epochs	3.0
1291.2805443967286	0.030375800000001618	epochs	3.0
1291.3109201967286	0.06012160000000222	epochs	2.0
1291.3109201967286	0.030164899999817862	epochs	3.0
1291.3410850967284	0.029956700000184355	epochs	3.0
1291.3710417967286	0.05930069999999432	epochs	2.0
1291.3710417967286	0.029751599999826794	epochs	3.0
1291.4007933967284	0.029549100000167527	epochs	3.0
1291.4303424967286	0.05850179999993088	epochs	2.0
1291.4303424967286	0.02934940000000097	epochs	3.0
1291.4596918967286	0.029152399999929912	epochs	3.0
1291.4888442967285	0.05772419999993872	epochs	2.0
1291.4888442967285	0.028957999999875028	epochs	3.0
1291.5178022967284	0.02876620000006369	epochs	3.0
1291.5465684967285	0.05696710000006533	epochs	2.0
1291.5465684967285	0.028577000000041153	epochs	3.0
1291.5751454967285	0.028390100000024177	epochs	3.0
1291.6035355967285	0.05622949999997218	epochs	2.0
1291.6035355967285	0.028205699999944045	epochs	3.0
1291.6317412967285	0.028023800000028132	epochs	3.0
1291.6597650967285	0.05551070000001346	epochs	2.0
1291.6597650967285	0.027843999999959124	epochs	3.0
1291.6876090967285	0.027666700000054334	epochs	3.0
1291.7152757967285	0.054810200000019904	epochs	2.0
1291.7152757967285	0.02749149999999645	epochs	3.0
1291.7427672967285	0.027318700000023455	epochs	3.0
1291.7700859967285	0.054126999999880354	epochs	2.0
1291.7700859967285	0.027147799999966082	epochs	3.0
1291.7972337967285	0.026979199999914272	epochs	3.0
1291.8242129967284	0.05346070000018699	epochs	2.0
1291.8242129967284	0.026812600000084785	epochs	3.0
1291.8510255967285	0.026648100000102204	epochs	3.0
1291.8776736967286	0.05281070000000909	epochs	2.0
1291.8776736967286	0.0264855999998872	epochs	3.0
1291.9041592967285	0.026325100000121893	epochs	3.0
1291.9304843967286	0.052176199999848905	epochs	2.0
1291.9304843967286	0.026166399999965506	epochs	3.0
1291.9566507967286	0.0260097999998834	epochs	3.0
1291.9826605967285	0.051556699999991906	epochs	2.0
1291.9826605967285	0.02585480000016105	epochs	3.0
1292.0085153967286	0.025701899999830857	epochs	3.0
1292.0342172967285	0.05095189999997274	epochs	2.0
1292.0342172967285	0.025550700000167126	epochs	3.0
1292.0597679967286	0.025401199999805613	epochs	3.0
1292.0851691967284	0.05036100000006627	epochs	2.0
1292.0851691967284	0.025253500000189888	epochs	3.0
1292.1104226967286	0.02510749999987638	epochs	3.0
1292.1355301967285	0.04978380000011384	epochs	2.0
1292.1355301967285	0.02496320000000196	epochs	3.0
1292.1604933967285	0.02482060000011188	epochs	3.0
1292.1853139967286	0.04921949999993558	epochs	2.0
1292.1853139967286	0.024679399999968155	epochs	3.0
1292.2099933967286	0.024540099999967424	epochs	3.0
1292.2345334967285	0.04866790000005494	epochs	2.0
1292.2345334967285	0.024402099999861093	epochs	3.0
1292.2589355967284	0.02426580000019385	epochs	3.0
1292.2832013967286	0.048128599999927246	epochs	2.0
1292.2832013967286	0.02413099999989754	epochs	3.0
1292.3073323967285	0.023997600000029706	epochs	3.0
1292.3313299967285	0.047601100000065344	epochs	2.0
1292.3313299967285	0.023865800000066884	epochs	3.0
1292.3551957967286	0.02373529999999846	epochs	3.0
1292.3789310967286	0.04708499999992455	epochs	2.0
1292.3789310967286	0.023606299999983094	epochs	3.0
1292.4025373967286	0.023478699999941455	epochs	3.0
1292.4260160967285	0.046579999999948996	epochs	2.0
1292.4260160967285	0.023352500000100918	epochs	3.0
1292.4493685967286	0.023227499999848078	epochs	3.0
1292.4725960967285	0.046085700000048746	epochs	2.0
1292.4725960967285	0.023104000000103042	epochs	3.0
1292.4957000967286	0.022981699999945704	epochs	3.0
1292.5186817967285	0.045601799999985815	epochs	2.0
1292.5186817967285	0.02286069999991014	epochs	3.0
1292.5415424967284	0.022741100000075676	epochs	3.0
1292.5642835967285	0.04512790000012501	epochs	2.0
1292.5642835967285	0.022622500000125	epochs	3.0
1292.5869060967286	0.02250540000000001	epochs	3.0
1292.6094114967286	0.04466379999985293	epochs	2.0
1292.6094114967286	0.02238929999998618	epochs	3.0
1292.6318007967286	0.022274499999866748	epochs	3.0
1292.6540752967285	0.04420920000006845	epochs	2.0
1292.6540752967285	0.022160799999937808	epochs	3.0
1292.6762360967284	0.02204840000013064	epochs	3.0
1292.6982844967285	0.04376359999992019	epochs	2.0
1292.6982844967285	0.02193689999990056	epochs	3.0
1292.7202213967284	0.021826700000019628	epochs	3.0
1292.7420480967285	0.04332709999994222	epochs	2.0
1292.7420480967285	0.02171760000010181	epochs	3.0
1292.7637656967286	0.02160949999984041	epochs	3.0
1292.7853751967284	0.04289900000003399	epochs	2.0
1292.7853751967284	0.02150249999999687	epochs	3.0
1292.8068776967284	0.021396500000037122	epochs	3.0
1292.8282741967284	0.04247950000012679	epochs	2.0
1292.8282741967284	0.021291700000119818	epochs	3.0
1292.8495658967286	0.021187800000006973	epochs	3.0
1292.8707536967286	0.04206789999989269	epochs	2.0
1292.8707536967286	0.02108490000000529	epochs	3.0
1292.8918385967286	0.020982999999887397	epochs	3.0
1292.9128215967285	0.04166439999994509	epochs	2.0
1292.9128215967285	0.020882199999959994	epochs	3.0
1292.9337037967284	0.020782199999985096	epochs	3.0
1292.9544859967284	0.04126850000011473	epochs	2.0
1292.9544859967284	0.02068330000020069	epochs	3.0
1292.9751692967286	0.02058519999991404	epochs	3.0
1292.9957544967285	0.04088000000001557	epochs	2.0
1292.9957544967285	0.020488099999965925	epochs	3.0
1293.0162425967285	0.020391900000049645	epochs	3.0
1293.0366344967285	0.04049880000002304	epochs	2.0
1293.0366344967285	0.020296599999937825	epochs	3.0
1293.0569310967285	0.020202200000085213	epochs	3.0
1293.0771332967286	0.040124599999899146	epochs	2.0
1293.0771332967286	0.02010870000003706	epochs	3.0
1293.0972419967286	0.020015899999862086	epochs	3.0
1293.1172578967285	0.03975730000001931	epochs	2.0
1293.1172578967285	0.019924200000104975	epochs	3.0
1293.1371820967286	0.01983309999991434	epochs	3.0
1293.1570151967285	0.03939669999999751	epochs	2.0
1293.1570151967285	0.01974300000006224	epochs	3.0
1293.1767581967285	0.01965369999993527	epochs	3.0
1293.1964118967285	0.03904239999997117	epochs	2.0
1293.1964118967285	0.019565100000136226	epochs	3.0
1293.2159769967286	0.01947729999983494	epochs	3.0
1293.2354542967284	0.038694600000098944	epochs	2.0
1293.2354542967284	0.019390400000020236	epochs	3.0
1293.2548446967285	0.01930420000007871	epochs	3.0
1293.2741488967285	0.03835290000006353	epochs	2.0
1293.2741488967285	0.019218799999862313	epochs	3.0
1293.2933676967284	0.019134100000201215	epochs	3.0
1293.3125017967286	0.03801720000001296	epochs	2.0
1293.3125017967286	0.019050199999810502	epochs	3.0
1293.3315519967284	0.01896700000020246	epochs	3.0
1293.3505189967286	0.03768719999993664	epochs	2.0
1293.3505189967286	0.018884499999785476	epochs	3.0
1293.3694034967284	0.018802700000151162	epochs	3.0
1293.3882061967286	0.03736309999999321	epochs	2.0
1293.3882061967286	0.018721700000014607	epochs	3.0
1293.4069278967286	0.018641399999978603	epochs	3.0
1293.4255692967286	0.03704429999993408	epochs	2.0
1293.4255692967286	0.018561599999884493	epochs	3.0
1293.4441308967284	0.01848270000004959	epochs	3.0
1293.4626135967285	0.03673099999991791	epochs	2.0
1293.4626135967285	0.018404299999929208	epochs	3.0
1293.4810178967284	0.018326699999988705	epochs	3.0
1293.4993445967284	0.03642290000016146	epochs	2.0
1293.4993445967284	0.01824960000021747	epochs	3.0
1293.5175941967286	0.018173299999943993	epochs	3.0
1293.5357674967286	0.03612010000006194	epochs	2.0
1293.5357674967286	0.01809759999991911	epochs	3.0
1293.5538650967285	0.018022500000142827	epochs	3.0
1293.5718875967286	0.03582209999990482	epochs	2.0
1293.5718875967286	0.01794789999985369	epochs	3.0
1293.5898354967285	0.017874200000051133	epochs	3.0
1293.6077096967285	0.03552899999999681	epochs	2.0
1293.6077096967285	0.017800800000031813	epochs	3.0
1293.6255104967286	0.017728199999965	epochs	3.0
1293.6432386967285	0.03524070000003121	epochs	2.0
1293.6432386967285	0.017656100000067454	epochs	3.0
1293.6608947967286	0.017584599999963757	epochs	3.0
1293.6784793967286	0.03495709999992869	epochs	2.0
1293.6784793967286	0.017513699999881283	epochs	3.0
1293.6959930967284	0.017443400000047404	epochs	3.0
1293.7134364967285	0.03467790000013338	epochs	2.0
1293.7134364967285	0.017373599999928047	epochs	3.0
1293.7308100967284	0.01730430000020533	epochs	3.0
1293.7481143967286	0.03440329999989444	epochs	2.0
1293.7481143967286	0.017235699999901044	epochs	3.0
1293.7653500967285	0.0171675999999934	epochs	3.0
1293.7825176967285	0.03413279999995211	epochs	2.0
1293.7825176967285	0.01709989999994832	epochs	3.0
1293.7996175967285	0.017032900000003792	epochs	3.0
1293.8166504967285	0.03386670000008962	epochs	2.0
1293.8166504967285	0.01696640000000116	epochs	3.0
1293.8336168967285	0.016900300000088464	epochs	3.0
1293.8505171967286	0.03360459999998966	epochs	2.0
1293.8505171967286	0.01683479999996962	epochs	3.0
1293.8673519967285	0.01676980000002004	epochs	3.0
1293.8841217967286	0.033346599999958926	epochs	2.0
1293.8841217967286	0.016705300000012357	epochs	3.0
1293.9008270967286	0.01664129999994657	epochs	3.0
1293.9174683967285	0.03309250000006614	epochs	2.0
1293.9174683967285	0.016577800000050047	epochs	3.0
1293.9340461967286	0.01651470000001609	epochs	3.0
1293.9505608967286	0.03284229999985655	epochs	2.0
1293.9505608967286	0.01645220000000336	epochs	3.0
1293.9670130967286	0.01639009999985319	epochs	3.0
1293.9834031967284	0.03259570000000167	epochs	2.0
1293.9834031967284	0.016328400000020338	epochs	3.0
1293.9997315967285	0.016267299999981333	epochs	3.0
1294.0159988967284	0.032352899999978035	epochs	2.0
1294.0159988967284	0.016206600000032267	epochs	3.0
1294.0322054967285	0.016146299999945768	epochs	3.0
1294.0483517967284	0.032113700000081735	epochs	2.0
1294.0483517967284	0.016086600000107865	epochs	3.0
1294.0644383967285	0.01602709999997387	epochs	3.0
1294.0804654967285	0.03187800000000607	epochs	2.0
1294.0804654967285	0.015968200000088473	epochs	3.0
1294.0964336967286	0.015909799999917595	epochs	3.0
1294.1123434967285	0.03164570000012645	epochs	2.0
1294.1123434967285	0.015851599999905375	epochs	3.0
1294.1281950967284	0.01579410000022108	epochs	3.0
1294.1439891967286	0.031416699999908815	epochs	2.0
1294.1439891967286	0.01573669999993399	epochs	3.0
1294.1597258967286	0.015679999999974825	epochs	3.0
1294.1754058967285	0.03119109999988723	epochs	2.0
1294.1754058967285	0.015623600000026272	epochs	3.0
1294.1910294967286	0.015567499999860956	epochs	3.0
1294.2065969967284	0.03096870000013041	epochs	2.0
1294.2065969967284	0.01551200000017161	epochs	3.0
1294.2221089967286	0.0154566999999588	epochs	3.0
1294.2375656967286	0.030749499999956242	epochs	2.0
1294.2375656967286	0.015401999999994587	epochs	3.0
1294.2529676967285	0.015347499999961656	epochs	3.0
1294.2683151967285	0.03053320000003623	epochs	2.0
1294.2683151967285	0.015293400000018664	epochs	3.0
1294.2836085967285	0.015239800000017567	epochs	3.0
1294.2988483967285	0.030320099999926242	epochs	2.0
1294.2988483967285	0.015186500000027081	epochs	3.0
1294.3140348967286	0.015133599999899161	epochs	3.0
1294.3291684967285	0.03010990000007041	epochs	2.0
1294.3291684967285	0.015081000000009226	epochs	3.0
1294.3442494967285	0.015028900000061185	epochs	3.0
1294.3592783967285	0.029902499999934662	epochs	2.0
1294.3592783967285	0.014977000000044427	epochs	3.0
1294.3742553967286	0.014925499999890235	epochs	3.0
1294.3891808967285	0.0296981000001324	epochs	2.0
1294.3891808967285	0.014874400000053356	epochs	3.0
1294.4040552967285	0.014823700000079043	epochs	3.0
1294.4188789967286	0.029496299999891562	epochs	2.0
1294.4188789967286	0.01477319999980864	epochs	3.0
1294.4336521967284	0.014723100000082923	epochs	3.0
1294.4483752967285	0.029297399999904883	epochs	2.0
1294.4483752967285	0.014673399999992398	epochs	3.0
1294.4630486967285	0.014623999999912485	epochs	3.0
1294.4776726967284	0.02910110000016175	epochs	2.0
1294.4776726967284	0.014574900000070556	epochs	3.0
1294.4922475967285	0.014526200000091194	epochs	3.0
1294.5067737967286	0.028907399999980044	epochs	2.0
1294.5067737967286	0.014477700000043114	epochs	3.0
1294.5212514967286	0.014429699999936929	epochs	3.0
1294.5356811967285	0.028716199999962555	epochs	2.0
1294.5356811967285	0.014381799999910072	epochs	3.0
1294.5500629967285	0.014334400000052483	epochs	3.0
1294.5643973967285	0.02852759999996124	epochs	2.0
1294.5643973967285	0.014287199999898803	epochs	3.0
1294.5786845967284	0.014240400000062436	epochs	3.0
1294.5929249967285	0.028341400000044814	epochs	2.0
1294.5929249967285	0.014193800000157353	epochs	3.0
1294.6071187967286	0.014147599999887461	epochs	3.0
1294.6212663967285	0.028157700000065233	epochs	2.0
1294.6212663967285	0.014101700000082928	epochs	3.0
1294.6353680967286	0.014055999999982305	epochs	3.0
1294.6494240967286	0.02797629999986384	epochs	2.0
1294.6494240967286	0.014010599999892293	epochs	3.0
1294.6634346967285	0.013965699999971548	epochs	3.0
1294.6774003967284	0.027797200000122757	epochs	2.0
1294.6774003967284	0.013920800000050804	epochs	3.0
1294.6913211967285	0.013876400000071953	epochs	3.0
1294.7051975967286	0.027620399999932488	epochs	2.0
1294.7051975967286	0.013832200000024386	epochs	3.0
1294.7190297967286	0.013788199999908102	epochs	3.0
1294.7328179967285	0.027445899999975154	epochs	2.0
1294.7328179967285	0.01374460000010913	epochs	3.0
1294.7465625967286	0.013701299999866023	epochs	3.0
1294.7602638967285	0.0272735000000921	epochs	2.0
1294.7602638967285	0.013658200000008947	epochs	3.0
1294.7739220967285	0.013615300000083153	epochs	3.0
1294.7875373967286	0.027103399999987232	epochs	2.0
1294.7875373967286	0.013572800000019924	epochs	3.0
1294.8011101967286	0.013530599999967308	epochs	3.0
1294.8146407967286	0.02693520000002536	epochs	2.0
1294.8146407967286	0.01348839999991469	epochs	3.0
1294.8281291967285	0.01344680000011067	epochs	3.0
1294.8415759967286	0.026769199999989723	epochs	2.0
1294.8415759967286	0.013405199999851902	epochs	3.0
1294.8549811967284	0.013364000000137821	epochs	3.0
1294.8683451967286	0.026605199999949036	epochs	2.0
1294.8683451967286	0.013322900000048321	epochs	3.0
1294.8816680967286	0.013282299999900715	epochs	3.0
1294.8949503967285	0.0264431999999033	epochs	2.0
1294.8949503967285	0.013241699999980483	epochs	3.0
1294.9081920967285	0.013201499999922817	epochs	3.0
1294.9213935967284	0.026283200000079887	epochs	2.0
1294.9213935967284	0.013161500000023807	epochs	3.0
1294.9345550967284	0.01312170000005608	epochs	3.0
1294.9476767967285	0.02612500000009277	epochs	2.0
1294.9476767967285	0.013082100000019636	epochs	3.0
1294.9607588967285	0.013042900000073132	epochs	3.0
1294.9738017967286	0.025968899999952555	epochs	2.0
1294.9738017967286	0.013003899999830537	epochs	3.0
1294.9868056967284	0.012965000000122018	epochs	3.0
1294.9997706967285	0.025814500000024054	epochs	2.0
1294.9997706967285	0.012926399999969362	epochs	3.0
1295.0126970967285	0.012888100000054692	epochs	3.0
1295.0255851967286	0.025661899999931848	epochs	2.0
1295.0255851967286	0.012849899999991976	epochs	3.0
1295.0384350967286	0.012811999999939871	epochs	3.0
1295.0512470967285	0.025511199999982637	epochs	2.0
1295.0512470967285	0.012774399999898378	epochs	3.0
1295.0640214967284	0.012736800000084258	epochs	3.0
1295.0767582967285	0.025362300000097093	epochs	2.0
1295.0767582967285	0.01269969999998466	epochs	3.0
1295.0894579967285	0.012662600000112434	epochs	3.0
1295.1021205967286	0.025214999999889187	epochs	2.0
1295.1021205967286	0.012625800000023446	epochs	3.0
1295.1147463967286	0.012589199999865741	epochs	3.0
1295.1273355967285	0.024584799999956886	epochs	2.0
1295.1493648967285	0.5	epochs	-1.0
1295.1519203967284	0.9999199999999746	epochs	1.0
1295.6493648967285	0.5	epochs	-1.0
1297.603000164032	0.11791999999991276	epochs	0.0
1297.603000164032	0.05396019999989221	epochs	1.0
1297.6569603640319	0.00999960000012834	epochs	1.0
1297.666959964032	0.05396019999989221	epochs	1.0
1297.720920164032	2.0	epochs	0.0
1299.720920164032	0.5408800000000156	epochs	0.0
1299.720920164032	0.5408800000000156	epochs	1.0
1299.720924664032	0.5	epochs	-1.0
1300.220924664032	0.0408754999998564	epochs	-1.0
1300.261800164032	21.45903999999996	epochs	0.0
1301.4530000686646	0.11791999999991276	epochs	0.0
1301.4530000686646	0.05396019999989221	epochs	1.0
1301.5069602686644	0.00999960000012834	epochs	1.0
1301.5169598686646	0.05396019999989221	epochs	1.0
1301.5709200686645	2.0	epochs	0.0
1303.5709200686645	0.5018400000001293	epochs	0.0
1303.5709200686645	0.5018400000001293	epochs	1.0
1303.5709245686646	0.5	epochs	-1.0
1304.0709245686646	0.001835499999970125	epochs	-1.0
1304.0727600686646	21.498079999999845	epochs	0.0
1305.2710003852844	0.11791999999991276	epochs	0.0
1305.2710003852844	0.05396019999989221	epochs	1.0
1305.3249605852843	0.00999960000012834	epochs	1.0
1305.3349601852844	0.05396019999989221	epochs	1.0
1305.3889203852843	2.0	epochs	0.0
1307.3889203852843	0.5016000000000531	epochs	0.0
1307.3889203852843	0.5016000000000531	epochs	1.0
1307.3889248852845	0.5	epochs	-1.0
1307.8889248852845	0.0015954999998939456	epochs	-1.0
1307.8905203852844	21.49831999999992	epochs	0.0
1309.1050000190735	0.11791999999991276	epochs	0.0
1309.1050000190735	0.05396019999989221	epochs	1.0
1309.1589602190734	0.00999960000012834	epochs	1.0
1309.1689598190735	0.05396019999989221	epochs	1.0
1309.2229200190734	2.0	epochs	0.0
1311.2229200190734	0.5018400000001293	epochs	0.0
1311.2229200190734	0.5018400000001293	epochs	1.0
1311.2229245190736	0.5	epochs	-1.0
1311.7229245190736	0.001835499999970125	epochs	-1.0
1311.7247600190735	21.498079999999845	epochs	0.0
1312.9500002861023	0.11791999999991276	epochs	0.0
1312.9500002861023	0.05396019999989221	epochs	1.0
1313.0039604861022	0.00999960000012834	epochs	1.0
1313.0139600861023	0.05396019999989221	epochs	1.0
1313.0679202861022	2.0	epochs	0.0
1315.0679202861022	0.5417600000000675	epochs	0.0
1315.0679202861022	0.5417600000000675	epochs	1.0
1315.0679247861024	0.5	epochs	-1.0
1315.5679247861024	0.04175549999990835	epochs	-1.0
1315.6096802861023	21.458159999999907	epochs	0.0
1316.884000301361	0.11791999999991276	epochs	0.0
1316.884000301361	0.05396019999989221	epochs	1.0
1316.937960501361	0.00999960000012834	epochs	1.0
1316.947960101361	0.05396019999989221	epochs	1.0
1317.001920301361	2.0	epochs	0.0
1319.001920301361	0.5417600000000675	epochs	0.0
1319.001920301361	0.5417600000000675	epochs	1.0
1319.0019248013612	0.5	epochs	-1.0
1319.5019248013612	0.04175549999990835	epochs	-1.0
1319.543680301361	21.458159999999907	epochs	0.0
1320.7840003967285	0.11791999999991276	epochs	0.0
1320.7840003967285	0.05396019999989221	epochs	1.0
1320.8379605967284	0.00999960000012834	epochs	1.0
1320.8479601967285	0.05396019999989221	epochs	1.0
1320.9019203967284	2.0	epochs	0.0
1322.9019203967284	0.5418400000000929	epochs	0.0
1322.9019203967284	0.5418400000000929	epochs	1.0
1322.9019248967286	0.5	epochs	-1.0
1323.4019248967286	0.041835499999933745	epochs	-1.0
1323.4437603967285	21.45807999999988	epochs	0.0
1336.6640000343323	0.11791999999991276	epochs	0.0
1336.6640000343323	0.05396019999989221	epochs	1.0
1336.7179602343322	0.00999960000012834	epochs	1.0
1336.7279598343323	0.05396019999989221	epochs	1.0
1336.7819200343322	2.0	epochs	0.0
1338.7819200343322	5.3819200000000365	epochs	0.0
1338.7819200343322	1.0	epochs	1.0
1338.7819245343323	0.5	epochs	-1.0
1339.2819245343323	4.881915499999877	epochs	-1.0
1339.7819200343322	4.3819200000000365	epochs	1.0
1339.7819200343322	4.356753900000058	epochs	-1.0
1339.7819200343322	1.9745872000000873	epochs	2.0
1339.7819200343322	1.0985622000000603	epochs	3.0
1340.8804822343322	0.8760250000000269	epochs	3.0
1341.7565072343323	1.3524075000000266	epochs	2.0
1341.7565072343323	0.7286355000001095	epochs	3.0
1342.4851427343324	0.6237719999999172	epochs	3.0
1343.1089147343323	1.029759199999944	epochs	2.0
1343.1089147343323	0.5453293000000485	epochs	3.0
1343.6542440343324	0.4844298999998955	epochs	3.0
1344.1386739343322	0.025166099999978542	epochs	2.0
1344.1386739343322	0.025166099999978542	epochs	3.0
1344.1638400343322	16.617999999999938	epochs	0.0
1345.433000087738	0.11791999999991276	epochs	0.0
1345.433000087738	0.05396019999989221	epochs	1.0
1345.486960287738	0.00999960000012834	epochs	1.0
1345.496959887738	0.05396019999989221	epochs	1.0
1345.550920087738	2.0	epochs	0.0
1347.550920087738	21.999919999999975	epochs	0.0
1347.550920087738	1.0	epochs	1.0
1347.550924587738	0.5	epochs	-1.0
1348.050924587738	19.997679999999946	epochs	-1.0
1348.550920087738	20.0	epochs	1.0
1348.550920087738	4.356753900000058	epochs	-1.0
1348.550920087738	1.9745872000000873	epochs	2.0
1348.550920087738	1.0985622000000603	epochs	3.0
1349.649482287738	0.8760250000000269	epochs	3.0
1350.525507287738	1.3524075000000266	epochs	2.0
1350.525507287738	0.7286355000001095	epochs	3.0
1351.2541427877381	0.6237719999999172	epochs	3.0
1351.877914787738	1.029759199999944	epochs	2.0
1351.877914787738	0.5453293000000485	epochs	3.0
1352.423244087738	0.4844298999998955	epochs	3.0
1352.907673987738	0.8317862000001242	epochs	2.0
1352.907673987738	0.4357763000000432	epochs	3.0
1353.343450287738	0.39600990000008096	epochs	3.0
1353.7394601877381	0.6977969999998095	epochs	2.0
1353.7394601877381	0.3628982000000178	epochs	3.0
1354.1023583877381	0.33489879999979166	epochs	3.0
1354.437257187738	0.601045699999986	epochs	2.0
1354.437257187738	0.3109123000001546	epochs	3.0
1354.748169487738	0.29013339999983145	epochs	3.0
1355.038302887738	0.5278859000000011	epochs	2.0
1355.038302887738	0.2719586000000618	epochs	3.0
1355.310261487738	0.25592729999993935	epochs	3.0
1355.566188787738	0.4706193000001804	epochs	2.0
1355.566188787738	0.24168130000020938	epochs	3.0
1355.8078700877381	0.228937999999971	epochs	3.0
1356.036808087738	0.42457039999999324	epochs	2.0
1356.036808087738	0.21747140000002219	epochs	3.0
1356.2542794877381	0.20709899999997106	epochs	3.0
1356.461378487738	0.3867353999999068	epochs	2.0
1356.461378487738	0.19767109999997956	epochs	3.0
1356.659049587738	0.18906429999992724	epochs	3.0
1356.848113887738	0.35509530000013	epochs	2.0
1356.848113887738	0.18117589999997108	epochs	3.0
1357.029289787738	0.17391940000015893	epochs	3.0
1357.2032091877381	0.3282431000000088	epochs	2.0
1357.2032091877381	0.16722189999995862	epochs	3.0
1357.370431087738	0.16102120000005016	epochs	3.0
1357.5314522877381	0.3051679999998669	epochs	2.0
1357.5314522877381	0.15526389999990897	epochs	3.0
1357.686716187738	0.1499040999999579	epochs	3.0
1357.836620287738	0.28512530000011793	epochs	2.0
1357.836620287738	0.1449021000000812	epochs	3.0
1357.981522387738	0.14022320000003674	epochs	3.0
1358.1217455877381	0.2675537999998596	epochs	2.0
1358.1217455877381	0.1358368999999584	epochs	3.0
1358.257582487738	0.13171689999990122	epochs	3.0
1358.389299387738	0.25202290000015637	epochs	2.0
1358.389299387738	0.1278393000000051	epochs	3.0
1358.517138687738	0.12418360000015127	epochs	3.0
1358.6413222877381	0.23819649999995818	epochs	2.0
1358.6413222877381	0.1207310999998299	epochs	3.0
1358.762053387738	0.11746540000012828	epochs	3.0
1358.879518787738	0.22580879999986792	epochs	2.0
1358.879518787738	0.1143718999999237	epochs	3.0
1358.993890687738	0.11143689999994422	epochs	3.0
1359.105327587738	0.2146460000001298	epochs	2.0
1359.105327587738	0.10864890000016203	epochs	3.0
1359.2139764877381	0.10599709999996776	epochs	3.0
1359.319973587738	0.2045349999998507	epochs	2.0
1359.319973587738	0.1034714999998414	epochs	3.0
1359.423445087738	0.1010635000000093	epochs	3.0
1359.524508587738	0.19533400000000256	epochs	2.0
1359.524508587738	0.09876510000003691	epochs	3.0
1359.623273687738	0.09656889999996565	epochs	3.0
1359.719842587738	0.18692529999998442	epochs	2.0
1359.719842587738	0.09446830000001682	epochs	3.0
1359.814310887738	0.09245699999996759	epochs	3.0
1359.906767887738	0.1792107000001124	epochs	2.0
1359.906767887738	0.0905296000000817	epochs	3.0
1359.997297487738	0.08868110000003071	epochs	3.0
1360.085978587738	0.17210769999996955	epochs	2.0
1360.085978587738	0.08690630000000965	epochs	3.0
1360.172884887738	0.0852013999999599	epochs	3.0
1360.258086287738	0.16554640000003928	epochs	2.0
1360.258086287738	0.08356189999994967	epochs	3.0
1360.341648187738	0.08198450000008961	epochs	3.0
1360.423632687738	0.15946710000002895	epochs	2.0
1360.423632687738	0.08046539999986635	epochs	3.0
1360.504098087738	0.0790017000001626	epochs	3.0
1360.583099787738	0.1538183999998637	epochs	2.0
1360.583099787738	0.07759009999995214	epochs	3.0
1360.660689887738	0.07622829999991154	epochs	3.0
1360.736918187738	0.14855640000018866	epochs	2.0
1360.736918187738	0.07491330000016205	epochs	3.0
1360.8118314877381	0.0736431000000266	epochs	3.0
1360.8854745877381	0.1436423999998624	epochs	2.0
1360.8854745877381	0.07241499999986445	epochs	3.0
1360.957889587738	0.07122739999999794	epochs	3.0
1361.029116987738	0.13904309999998077	epochs	2.0
1361.029116987738	0.07007799999996678	epochs	3.0
1361.099194987738	0.06896510000001399	epochs	3.0
1361.168160087738	0.1347293000001173	epochs	2.0
1361.168160087738	0.0678871000000072	epochs	3.0
1361.236047187738	0.0668422000001101	epochs	3.0
1361.302889387738	0.1306752000000415	epochs	2.0
1361.302889387738	0.06582909999997355	epochs	3.0
1361.368718487738	0.06484610000006796	epochs	3.0
1361.4335645877381	0.1268577999999252	epochs	2.0
1361.4335645877381	0.06389199999989614	epochs	3.0
1361.497456587738	0.06296580000002905	epochs	3.0
1361.560422387738	0.12325719999989815	epochs	2.0
1361.560422387738	0.06206580000002759	epochs	3.0
1361.622488187738	0.061191399999870555	epochs	3.0
1361.683679587738	0.11985540000000583	epochs	2.0
1361.683679587738	0.060341099999959624	epochs	3.0
1361.744020687738	0.059514300000046205	epochs	3.0
1361.803534987738	0.11663620000012997	epochs	2.0
1361.803534987738	0.05870960000015657	epochs	3.0
1361.8622445877381	0.057926599999973405	epochs	3.0
1361.920171187738	0.11358559999985118	epochs	2.0
1361.920171187738	0.05716419999998834	epochs	3.0
1361.977335387738	0.05642139999986284	epochs	3.0
1362.033756787738	0.11069050000014613	epochs	2.0
1362.033756787738	0.055697900000041045	epochs	3.0
1362.089454687738	0.054992600000105085	epochs	3.0
1362.144447287738	0.10793909999983953	epochs	2.0
1362.144447287738	0.05430490000003374	epochs	3.0
1362.1987521877381	0.05363419999980579	epochs	3.0
1362.252386387738	0.10532150000017282	epochs	2.0
1362.252386387738	0.052980000000161453	epochs	3.0
1362.305366387738	0.052341500000011365	epochs	3.0
1362.3577078877381	0.10282759999995505	epochs	2.0
1362.3577078877381	0.05171810000001642	epochs	3.0
1362.4094259877381	0.051109499999938635	epochs	3.0
1362.460535487738	0.10044909999987794	epochs	2.0
1362.460535487738	0.050514900000052876	epochs	3.0
1362.5110503877381	0.04993419999982507	epochs	3.0
1362.560984587738	0.09817830000019967	epochs	2.0
1362.560984587738	0.04936659999998483	epochs	3.0
1362.610351187738	0.04881170000021484	epochs	3.0
1362.6591628877381	0.09600779999982478	epochs	2.0
1362.6591628877381	0.048269199999822376	epochs	3.0
1362.707432087738	0.04773860000000241	epochs	3.0
1362.755170687738	0.09393120000004274	epochs	2.0
1362.755170687738	0.04721949999998287	epochs	3.0
1362.802390187738	0.046711700000059864	epochs	3.0
1362.849101887738	0.09194260000003851	epochs	2.0
1362.849101887738	0.046214599999984785	epochs	3.0
1362.895316487738	0.045728000000053726	epochs	3.0
1362.941044487738	0.09003630000006524	epochs	2.0
1362.941044487738	0.045251499999949374	epochs	3.0
1362.986295987738	0.044784800000115865	epochs	3.0
1363.0310807877381	0.0882075999998051	epochs	2.0
1363.0310807877381	0.044327800000019124	epochs	3.0
1363.0754085877381	0.04387979999978597	epochs	3.0
1363.119288387738	0.0864516999999978	epochs	2.0
1363.119288387738	0.04344100000002982	epochs	3.0
1363.162729387738	0.04301069999996798	epochs	3.0
1363.205740087738	0.08476430000018809	epochs	2.0
1363.205740087738	0.04258900000013455	epochs	3.0
1363.248329087738	0.04217530000005354	epochs	3.0
1363.290504387738	0.08314150000001064	epochs	2.0
1363.290504387738	0.04176970000003166	epochs	3.0
1363.3322740877381	0.041371799999978975	epochs	3.0
1363.3736458877381	0.08157970000002024	epochs	2.0
1363.3736458877381	0.040981399999964196	epochs	3.0
1363.414627287738	0.04059830000005604	epochs	3.0
1363.4552255877381	0.08007549999979346	epochs	2.0
1363.4552255877381	0.04022229999986848	epochs	3.0
1363.495447887738	0.03985319999992498	epochs	3.0
1363.535301087738	0.07862570000020241	epochs	2.0
1363.535301087738	0.039490800000066884	epochs	3.0
1363.574791887738	0.03913490000013553	epochs	3.0
1363.6139267877381	0.07722760000001472	epochs	2.0
1363.6139267877381	0.03878539999982422	epochs	3.0
1363.652712187738	0.038442200000190496	epochs	3.0
1363.6911543877382	0.07587819999980638	epochs	2.0
1363.6911543877382	0.03810479999992822	epochs	3.0
1363.729259187738	0.037773399999878166	epochs	3.0
1363.767032587738	0.0745752000000266	epochs	2.0
1363.767032587738	0.03744770000002973	epochs	3.0
1363.804480287738	0.03712749999999687	epochs	3.0
1363.841607787738	0.07331629999998768	epochs	2.0
1363.841607787738	0.0368129000000863	epochs	3.0
1363.878420687738	0.036503399999901376	epochs	3.0
1363.914924087738	0.07209899999998015	epochs	2.0
1363.914924087738	0.03619909999997617	epochs	3.0
1363.951123187738	0.03589990000000398	epochs	3.0
1363.987023087738	0.07092170000009901	epochs	2.0
1363.987023087738	0.03560560000005353	epochs	3.0
1364.022628687738	0.03531610000004548	epochs	3.0
1364.057944787738	0.06978200000003199	epochs	2.0
1364.057944787738	0.03503120000004856	epochs	3.0
1364.092975987738	0.03475079999998343	epochs	3.0
1364.127726787738	0.06867859999988468	epochs	2.0
1364.127726787738	0.03447510000000875	epochs	3.0
1364.162201887738	0.03420349999987593	epochs	3.0
1364.196405387738	0.06760929999995824	epochs	2.0
1364.196405387738	0.033936199999970995	epochs	3.0
1364.230341587738	0.033673099999987244	epochs	3.0
1364.264014687738	0.06657290000021021	epochs	2.0
1364.264014687738	0.03341400000022077	epochs	3.0
1364.2974286877381	0.033158899999989444	epochs	3.0
1364.3305875877381	0.06556779999982609	epochs	2.0
1364.3305875877381	0.03290769999989607	epochs	3.0
1364.363495287738	0.032660099999930026	epochs	3.0
1364.396155387738	0.06459259999996902	epochs	2.0
1364.396155387738	0.03241640000010193	epochs	3.0
1364.428571787738	0.032176199999867094	epochs	3.0
1364.460747987738	0.06364600000006249	epochs	2.0
1364.460747987738	0.03193960000021434	epochs	3.0
1364.4926875877381	0.031706399999848145	epochs	3.0
1364.524393987738	0.0627266999999847	epochs	2.0
1364.524393987738	0.03147660000013275	epochs	3.0
1364.5558705877381	0.031250099999851955	epochs	3.0
1364.587120687738	0.06183359999999993	epochs	2.0
1364.587120687738	0.031026900000142632	epochs	3.0
1364.6181475877381	0.0308066999998573	epochs	3.0
1364.648954287738	0.06096560000014506	epochs	2.0
1364.648954287738	0.03058980000014344	epochs	3.0
1364.6795440877381	0.030375800000001618	epochs	3.0
1364.7099198877381	0.06012160000000222	epochs	2.0
1364.7099198877381	0.030164899999817862	epochs	3.0
1364.740084787738	0.029956700000184355	epochs	3.0
1364.7700414877381	0.05930069999999432	epochs	2.0
1364.7700414877381	0.029751599999826794	epochs	3.0
1364.799793087738	0.029549100000167527	epochs	3.0
1364.8293421877381	0.05850179999993088	epochs	2.0
1364.8293421877381	0.02934940000000097	epochs	3.0
1364.8586915877381	0.029152399999929912	epochs	3.0
1364.887843987738	0.05772419999993872	epochs	2.0
1364.887843987738	0.028957999999875028	epochs	3.0
1364.916801987738	0.02876620000006369	epochs	3.0
1364.945568187738	0.05696710000006533	epochs	2.0
1364.945568187738	0.028577000000041153	epochs	3.0
1364.974145187738	0.028390100000024177	epochs	3.0
1365.002535287738	0.05622949999997218	epochs	2.0
1365.002535287738	0.028205699999944045	epochs	3.0
1365.030740987738	0.028023800000028132	epochs	3.0
1365.058764787738	0.05551070000001346	epochs	2.0
1365.058764787738	0.027843999999959124	epochs	3.0
1365.086608787738	0.027666700000054334	epochs	3.0
1365.114275487738	0.054810200000019904	epochs	2.0
1365.114275487738	0.02749149999999645	epochs	3.0
1365.141766987738	0.027318700000023455	epochs	3.0
1365.169085687738	0.054126999999880354	epochs	2.0
1365.169085687738	0.027147799999966082	epochs	3.0
1365.196233487738	0.026979199999914272	epochs	3.0
1365.223212687738	0.05346070000018699	epochs	2.0
1365.223212687738	0.026812600000084785	epochs	3.0
1365.250025287738	0.026648100000102204	epochs	3.0
1365.2766733877381	0.05281070000000909	epochs	2.0
1365.2766733877381	0.0264855999998872	epochs	3.0
1365.303158987738	0.026325100000121893	epochs	3.0
1365.3294840877381	0.052176199999848905	epochs	2.0
1365.3294840877381	0.026166399999965506	epochs	3.0
1365.355650487738	0.0260097999998834	epochs	3.0
1365.381660287738	0.051556699999991906	epochs	2.0
1365.381660287738	0.02585480000016105	epochs	3.0
1365.4075150877381	0.025701899999830857	epochs	3.0
1365.433216987738	0.05095189999997274	epochs	2.0
1365.433216987738	0.025550700000167126	epochs	3.0
1365.4587676877381	0.025401199999805613	epochs	3.0
1365.484168887738	0.05036100000006627	epochs	2.0
1365.484168887738	0.025253500000189888	epochs	3.0
1365.5094223877381	0.02510749999987638	epochs	3.0
1365.534529887738	0.04978380000011384	epochs	2.0
1365.534529887738	0.02496320000000196	epochs	3.0
1365.559493087738	0.02482060000011188	epochs	3.0
1365.5843136877381	0.04921949999993558	epochs	2.0
1365.5843136877381	0.024679399999968155	epochs	3.0
1365.608993087738	0.024540099999967424	epochs	3.0
1365.633533187738	0.04866790000005494	epochs	2.0
1365.633533187738	0.024402099999861093	epochs	3.0
1365.657935287738	0.02426580000019385	epochs	3.0
1365.6822010877381	0.048128599999927246	epochs	2.0
1365.6822010877381	0.02413099999989754	epochs	3.0
1365.706332087738	0.023997600000029706	epochs	3.0
1365.730329687738	0.047601100000065344	epochs	2.0
1365.730329687738	0.023865800000066884	epochs	3.0
1365.7541954877381	0.02373529999999846	epochs	3.0
1365.7779307877381	0.04708499999992455	epochs	2.0
1365.7779307877381	0.023606299999983094	epochs	3.0
1365.801537087738	0.023478699999941455	epochs	3.0
1365.825015787738	0.046579999999948996	epochs	2.0
1365.825015787738	0.023352500000100918	epochs	3.0
1365.8483682877381	0.023227499999848078	epochs	3.0
1365.871595787738	0.046085700000048746	epochs	2.0
1365.871595787738	0.023104000000103042	epochs	3.0
1365.894699787738	0.022981699999945704	epochs	3.0
1365.917681487738	0.045601799999985815	epochs	2.0
1365.917681487738	0.02286069999991014	epochs	3.0
1365.940542187738	0.022741100000075676	epochs	3.0
1365.963283287738	0.04512790000012501	epochs	2.0
1365.963283287738	0.022622500000125	epochs	3.0
1365.9859057877381	0.02250540000000001	epochs	3.0
1366.0084111877381	0.04466379999985293	epochs	2.0
1366.0084111877381	0.02238929999998618	epochs	3.0
1366.0308004877381	0.022274499999866748	epochs	3.0
1366.053074987738	0.04420920000006845	epochs	2.0
1366.053074987738	0.022160799999937808	epochs	3.0
1366.075235787738	0.02204840000013064	epochs	3.0
1366.097284187738	0.04376359999992019	epochs	2.0
1366.097284187738	0.02193689999990056	epochs	3.0
1366.119221087738	0.021826700000019628	epochs	3.0
1366.141047787738	0.04332709999994222	epochs	2.0
1366.141047787738	0.02171760000010181	epochs	3.0
1366.162765387738	0.02160949999984041	epochs	3.0
1366.184374887738	0.04289900000003399	epochs	2.0
1366.184374887738	0.02150249999999687	epochs	3.0
1366.205877387738	0.021396500000037122	epochs	3.0
1366.227273887738	0.04247950000012679	epochs	2.0
1366.227273887738	0.021291700000119818	epochs	3.0
1366.248565587738	0.021187800000006973	epochs	3.0
1366.269753387738	0.04206789999989269	epochs	2.0
1366.269753387738	0.02108490000000529	epochs	3.0
1366.290838287738	0.020982999999887397	epochs	3.0
1366.311821287738	0.04166439999994509	epochs	2.0
1366.311821287738	0.020882199999959994	epochs	3.0
1366.332703487738	0.020782199999985096	epochs	3.0
1366.353485687738	0.04126850000011473	epochs	2.0
1366.353485687738	0.02068330000020069	epochs	3.0
1366.3741689877381	0.02058519999991404	epochs	3.0
1366.394754187738	0.04088000000001557	epochs	2.0
1366.394754187738	0.020488099999965925	epochs	3.0
1366.415242287738	0.020391900000049645	epochs	3.0
1366.435634187738	0.04049880000002304	epochs	2.0
1366.435634187738	0.020296599999937825	epochs	3.0
1366.455930787738	0.020202200000085213	epochs	3.0
1366.476132987738	0.040124599999899146	epochs	2.0
1366.476132987738	0.02010870000003706	epochs	3.0
1366.4962416877381	0.020015899999862086	epochs	3.0
1366.516257587738	0.03975730000001931	epochs	2.0
1366.516257587738	0.019924200000104975	epochs	3.0
1366.536181787738	0.01983309999991434	epochs	3.0
1366.556014887738	0.03939669999999751	epochs	2.0
1366.556014887738	0.01974300000006224	epochs	3.0
1366.575757887738	0.01965369999993527	epochs	3.0
1366.595411587738	0.03904239999997117	epochs	2.0
1366.595411587738	0.019565100000136226	epochs	3.0
1366.6149766877381	0.01947729999983494	epochs	3.0
1366.634453987738	0.038694600000098944	epochs	2.0
1366.634453987738	0.019390400000020236	epochs	3.0
1366.653844387738	0.01930420000007871	epochs	3.0
1366.673148587738	0.03835290000006353	epochs	2.0
1366.673148587738	0.019218799999862313	epochs	3.0
1366.692367387738	0.019134100000201215	epochs	3.0
1366.7115014877381	0.03801720000001296	epochs	2.0
1366.7115014877381	0.019050199999810502	epochs	3.0
1366.730551687738	0.01896700000020246	epochs	3.0
1366.7495186877381	0.03768719999993664	epochs	2.0
1366.7495186877381	0.018884499999785476	epochs	3.0
1366.768403187738	0.018802700000151162	epochs	3.0
1366.787205887738	0.03736309999999321	epochs	2.0
1366.787205887738	0.018721700000014607	epochs	3.0
1366.805927587738	0.018641399999978603	epochs	3.0
1366.824568987738	0.03704429999993408	epochs	2.0
1366.824568987738	0.018561599999884493	epochs	3.0
1366.843130587738	0.01848270000004959	epochs	3.0
1366.861613287738	0.03673099999991791	epochs	2.0
1366.861613287738	0.018404299999929208	epochs	3.0
1366.880017587738	0.018326699999988705	epochs	3.0
1366.898344287738	0.03642290000016146	epochs	2.0
1366.898344287738	0.01824960000021747	epochs	3.0
1366.9165938877381	0.018173299999943993	epochs	3.0
1366.934767187738	0.03612010000006194	epochs	2.0
1366.934767187738	0.01809759999991911	epochs	3.0
1366.952864787738	0.018022500000142827	epochs	3.0
1366.9708872877382	0.03582209999990482	epochs	2.0
1366.9708872877382	0.01794789999985369	epochs	3.0
1366.988835187738	0.017874200000051133	epochs	3.0
1367.006709387738	0.03552899999999681	epochs	2.0
1367.006709387738	0.017800800000031813	epochs	3.0
1367.024510187738	0.017728199999965	epochs	3.0
1367.042238387738	0.03524070000003121	epochs	2.0
1367.042238387738	0.017656100000067454	epochs	3.0
1367.0598944877381	0.017584599999963757	epochs	3.0
1367.077479087738	0.03495709999992869	epochs	2.0
1367.077479087738	0.017513699999881283	epochs	3.0
1367.094992787738	0.017443400000047404	epochs	3.0
1367.112436187738	0.03467790000013338	epochs	2.0
1367.112436187738	0.017373599999928047	epochs	3.0
1367.129809787738	0.01730430000020533	epochs	3.0
1367.1471140877381	0.03440329999989444	epochs	2.0
1367.1471140877381	0.017235699999901044	epochs	3.0
1367.164349787738	0.0171675999999934	epochs	3.0
1367.181517387738	0.03413279999995211	epochs	2.0
1367.181517387738	0.01709989999994832	epochs	3.0
1367.198617287738	0.017032900000003792	epochs	3.0
1367.215650187738	0.03386670000008962	epochs	2.0
1367.215650187738	0.01696640000000116	epochs	3.0
1367.232616587738	0.016900300000088464	epochs	3.0
1367.249516887738	0.03360459999998966	epochs	2.0
1367.249516887738	0.01683479999996962	epochs	3.0
1367.266351687738	0.01676980000002004	epochs	3.0
1367.283121487738	0.033346599999958926	epochs	2.0
1367.283121487738	0.016705300000012357	epochs	3.0
1367.299826787738	0.01664129999994657	epochs	3.0
1367.316468087738	0.03309250000006614	epochs	2.0
1367.316468087738	0.016577800000050047	epochs	3.0
1367.333045887738	0.01651470000001609	epochs	3.0
1367.349560587738	0.03284229999985655	epochs	2.0
1367.349560587738	0.01645220000000336	epochs	3.0
1367.366012787738	0.01639009999985319	epochs	3.0
1367.382402887738	0.03259570000000167	epochs	2.0
1367.382402887738	0.016328400000020338	epochs	3.0
1367.398731287738	0.016267299999981333	epochs	3.0
1367.414998587738	0.032352899999978035	epochs	2.0
1367.414998587738	0.016206600000032267	epochs	3.0
1367.431205187738	0.016146299999945768	epochs	3.0
1367.447351487738	0.032113700000081735	epochs	2.0
1367.447351487738	0.016086600000107865	epochs	3.0
1367.463438087738	0.01602709999997387	epochs	3.0
1367.479465187738	0.03187800000000607	epochs	2.0
1367.479465187738	0.015968200000088473	epochs	3.0
1367.495433387738	0.015909799999917595	epochs	3.0
1367.511343187738	0.03164570000012645	epochs	2.0
1367.511343187738	0.015851599999905375	epochs	3.0
1367.527194787738	0.01579410000022108	epochs	3.0
1367.5429888877381	0.031416699999908815	epochs	2.0
1367.5429888877381	0.01573669999993399	epochs	3.0
1367.558725587738	0.015679999999974825	epochs	3.0
1367.574405587738	0.03119109999988723	epochs	2.0
1367.574405587738	0.015623600000026272	epochs	3.0
1367.590029187738	0.015567499999860956	epochs	3.0
1367.605596687738	0.03096870000013041	epochs	2.0
1367.605596687738	0.01551200000017161	epochs	3.0
1367.6211086877381	0.0154566999999588	epochs	3.0
1367.636565387738	0.030749499999956242	epochs	2.0
1367.636565387738	0.015401999999994587	epochs	3.0
1367.651967387738	0.015347499999961656	epochs	3.0
1367.667314887738	0.03053320000003623	epochs	2.0
1367.667314887738	0.015293400000018664	epochs	3.0
1367.682608287738	0.015239800000017567	epochs	3.0
1367.697848087738	0.030320099999926242	epochs	2.0
1367.697848087738	0.015186500000027081	epochs	3.0
1367.713034587738	0.015133599999899161	epochs	3.0
1367.728168187738	0.03010990000007041	epochs	2.0
1367.728168187738	0.015081000000009226	epochs	3.0
1367.743249187738	0.015028900000061185	epochs	3.0
1367.758278087738	0.029902499999934662	epochs	2.0
1367.758278087738	0.014977000000044427	epochs	3.0
1367.773255087738	0.014925499999890235	epochs	3.0
1367.788180587738	0.0296981000001324	epochs	2.0
1367.788180587738	0.014874400000053356	epochs	3.0
1367.803054987738	0.014823700000079043	epochs	3.0
1367.8178786877381	0.029496299999891562	epochs	2.0
1367.8178786877381	0.01477319999980864	epochs	3.0
1367.832651887738	0.014723100000082923	epochs	3.0
1367.847374987738	0.029297399999904883	epochs	2.0
1367.847374987738	0.014673399999992398	epochs	3.0
1367.862048387738	0.014623999999912485	epochs	3.0
1367.876672387738	0.02910110000016175	epochs	2.0
1367.876672387738	0.014574900000070556	epochs	3.0
1367.891247287738	0.014526200000091194	epochs	3.0
1367.905773487738	0.028907399999980044	epochs	2.0
1367.905773487738	0.014477700000043114	epochs	3.0
1367.9202511877381	0.014429699999936929	epochs	3.0
1367.934680887738	0.028716199999962555	epochs	2.0
1367.934680887738	0.014381799999910072	epochs	3.0
1367.949062687738	0.014334400000052483	epochs	3.0
1367.963397087738	0.02852759999996124	epochs	2.0
1367.963397087738	0.014287199999898803	epochs	3.0
1367.977684287738	0.014240400000062436	epochs	3.0
1367.991924687738	0.028341400000044814	epochs	2.0
1367.991924687738	0.014193800000157353	epochs	3.0
1368.0061184877381	0.014147599999887461	epochs	3.0
1368.020266087738	0.028157700000065233	epochs	2.0
1368.020266087738	0.014101700000082928	epochs	3.0
1368.0343677877381	0.014055999999982305	epochs	3.0
1368.048423787738	0.02797629999986384	epochs	2.0
1368.048423787738	0.014010599999892293	epochs	3.0
1368.062434387738	0.013965699999971548	epochs	3.0
1368.076400087738	0.027797200000122757	epochs	2.0
1368.076400087738	0.013920800000050804	epochs	3.0
1368.090320887738	0.013876400000071953	epochs	3.0
1368.104197287738	0.027620399999932488	epochs	2.0
1368.104197287738	0.013832200000024386	epochs	3.0
1368.118029487738	0.013788199999908102	epochs	3.0
1368.131817687738	0.027445899999975154	epochs	2.0
1368.131817687738	0.01374460000010913	epochs	3.0
1368.1455622877381	0.013701299999866023	epochs	3.0
1368.159263587738	0.0272735000000921	epochs	2.0
1368.159263587738	0.013658200000008947	epochs	3.0
1368.172921787738	0.013615300000083153	epochs	3.0
1368.186537087738	0.027103399999987232	epochs	2.0
1368.186537087738	0.013572800000019924	epochs	3.0
1368.200109887738	0.013530599999967308	epochs	3.0
1368.213640487738	0.02693520000002536	epochs	2.0
1368.213640487738	0.01348839999991469	epochs	3.0
1368.227128887738	0.01344680000011067	epochs	3.0
1368.240575687738	0.026769199999989723	epochs	2.0
1368.240575687738	0.013405199999851902	epochs	3.0
1368.253980887738	0.013364000000137821	epochs	3.0
1368.267344887738	0.026605199999949036	epochs	2.0
1368.267344887738	0.013322900000048321	epochs	3.0
1368.2806677877381	0.013282299999900715	epochs	3.0
1368.293950087738	0.0264431999999033	epochs	2.0
1368.293950087738	0.013241699999980483	epochs	3.0
1368.307191787738	0.013201499999922817	epochs	3.0
1368.320393287738	0.026283200000079887	epochs	2.0
1368.320393287738	0.013161500000023807	epochs	3.0
1368.333554787738	0.01312170000005608	epochs	3.0
1368.346676487738	0.02612500000009277	epochs	2.0
1368.346676487738	0.013082100000019636	epochs	3.0
1368.359758587738	0.013042900000073132	epochs	3.0
1368.3728014877381	0.025968899999952555	epochs	2.0
1368.3728014877381	0.013003899999830537	epochs	3.0
1368.385805387738	0.012965000000122018	epochs	3.0
1368.398770387738	0.025814500000024054	epochs	2.0
1368.398770387738	0.012926399999969362	epochs	3.0
1368.411696787738	0.012888100000054692	epochs	3.0
1368.424584887738	0.025661899999931848	epochs	2.0
1368.424584887738	0.012849899999991976	epochs	3.0
1368.437434787738	0.012811999999939871	epochs	3.0
1368.450246787738	0.025511199999982637	epochs	2.0
1368.450246787738	0.012774399999898378	epochs	3.0
1368.463021187738	0.012736800000084258	epochs	3.0
1368.475757987738	0.025362300000097093	epochs	2.0
1368.475757987738	0.01269969999998466	epochs	3.0
1368.488457687738	0.012662600000112434	epochs	3.0
1368.501120287738	0.025214999999889187	epochs	2.0
1368.501120287738	0.012625800000023446	epochs	3.0
1368.5137460877381	0.012589199999865741	epochs	3.0
1368.526335287738	0.024584799999956886	epochs	2.0
1368.548604587738	0.5	epochs	-1.0
1368.550920087738	0.9999199999999746	epochs	1.0
1369.048604587738	0.5	epochs	-1.0
1370.9170002937317	0.11791999999991276	epochs	0.0
1370.9170002937317	0.05396019999989221	epochs	1.0
1370.9709604937316	0.00999960000012834	epochs	1.0
1370.9809600937317	0.05396019999989221	epochs	1.0
1371.0349202937316	2.0	epochs	0.0
1373.0349202937316	0.5012800000001789	epochs	0.0
1373.0349202937316	0.5012800000001789	epochs	1.0
1373.0349247937318	0.5	epochs	-1.0
1373.5349247937318	0.001275500000019747	epochs	-1.0
1373.5362002937318	21.498639999999796	epochs	0.0
1374.8720002174377	0.11791999999991276	epochs	0.0
1374.8720002174377	0.05396019999989221	epochs	1.0
1374.9259604174376	0.00999960000012834	epochs	1.0
1374.9359600174378	0.05396019999989221	epochs	1.0
1374.9899202174377	2.0	epochs	0.0
1376.9899202174377	0.5009600000000773	epochs	0.0
1376.9899202174377	0.5009600000000773	epochs	1.0
1376.9899247174378	0.5	epochs	-1.0
1377.4899247174378	0.0009554999999181746	epochs	-1.0
1377.4908802174377	21.498959999999897	epochs	0.0
1378.8220000267029	0.11791999999991276	epochs	0.0
1378.8220000267029	0.05396019999989221	epochs	1.0
1378.8759602267028	0.00999960000012834	epochs	1.0
1378.885959826703	0.05396019999989221	epochs	1.0
1378.9399200267028	2.0	epochs	0.0
1380.9399200267028	0.5422399999999925	epochs	0.0
1380.9399200267028	0.5422399999999925	epochs	1.0
1380.939924526703	0.5	epochs	-1.0
1381.439924526703	0.04223549999983334	epochs	-1.0
1381.4821600267028	21.457679999999982	epochs	0.0
1382.8380002975464	0.11791999999991276	epochs	0.0
1382.8380002975464	0.05396019999989221	epochs	1.0
1382.8919604975463	0.00999960000012834	epochs	1.0
1382.9019600975464	0.05396019999989221	epochs	1.0
1382.9559202975463	2.0	epochs	0.0
1384.9559202975463	0.5415199999999913	epochs	0.0
1384.9559202975463	0.5415199999999913	epochs	1.0
1384.9559247975465	0.5	epochs	-1.0
1385.4559247975465	0.04151549999983217	epochs	-1.0
1385.4974402975463	21.458399999999983	epochs	0.0
1386.7820000648499	0.11791999999991276	epochs	0.0
1386.7820000648499	0.05396019999989221	epochs	1.0
1386.8359602648497	0.00999960000012834	epochs	1.0
1386.8459598648499	0.05396019999989221	epochs	1.0
1386.8999200648498	2.0	epochs	0.0
1388.8999200648498	0.5417600000000675	epochs	0.0
1388.8999200648498	0.5417600000000675	epochs	1.0
1388.89992456485	0.5	epochs	-1.0
1389.39992456485	0.04175549999990835	epochs	-1.0
1389.4416800648498	21.458159999999907	epochs	0.0
1390.799000263214	0.11791999999991276	epochs	0.0
1390.799000263214	0.05396019999989221	epochs	1.0
1390.852960463214	0.00999960000012834	epochs	1.0
1390.8629600632141	0.05396019999989221	epochs	1.0
1390.916920263214	2.0	epochs	0.0
1392.916920263214	0.5016000000000531	epochs	0.0
1392.916920263214	0.5016000000000531	epochs	1.0
1392.9169247632142	0.5	epochs	-1.0
1393.4169247632142	0.0015954999998939456	epochs	-1.0
1393.418520263214	21.49831999999992	epochs	0.0
1394.7610001564026	0.11791999999991276	epochs	0.0
1394.7610001564026	0.05396019999989221	epochs	1.0
1394.8149603564025	0.00999960000012834	epochs	1.0
1394.8249599564026	0.05396019999989221	epochs	1.0
1394.8789201564025	2.0	epochs	0.0
1396.8789201564025	0.5416000000000167	epochs	0.0
1396.8789201564025	0.5416000000000167	epochs	1.0
1396.8789246564027	0.5	epochs	-1.0
1397.3789246564027	0.041595499999857566	epochs	-1.0
1397.4205201564025	21.458319999999958	epochs	0.0
1433.7740001678467	0.11791999999991276	epochs	0.0
1433.7740001678467	0.05396019999989221	epochs	1.0
1433.8279603678466	0.00999960000012834	epochs	1.0
1433.8379599678467	0.05396019999989221	epochs	1.0
1433.8919201678466	0.2299199999999928	epochs	0.0
1433.8919201678466	0.0500000000001819	epochs	1.0
1433.9419201678468	0.009999999999990905	epochs	1.0
1433.9519201678468	0.049999999999954525	epochs	1.0
1434.0019201678467	0.009999999999990905	epochs	1.0
1434.0119201678467	0.049999999999954525	epochs	1.0
1434.0619201678467	0.009999999999990905	epochs	1.0
1434.0719201678467	0.04991999999992913	epochs	1.0
