onset	duration	nwb_table	treelevel
8.46500015258789	0.09999999999999964	epochs	0.0
8.46500015258789	0.04499999999999993	epochs	1.0
8.51000015258789	0.009999999999999787	epochs	1.0
8.52000015258789	0.04499999999999993	epochs	1.0
8.56500015258789	0.7049950000000003	epochs	0.0
8.56500015258789	0.5	epochs	-1.0
8.56500015258789	0.5	epochs	-1.0
8.56500015258789	0.5	epochs	1.0
9.06500015258789	0.0600000000000005	epochs	-1.0
9.06500015258789	0.025000000000000355	epochs	-1.0
9.06500015258789	0.025000000000000355	epochs	1.0
9.09000015258789	0.009999999999999787	epochs	-1.0
9.09000015258789	0.009999999999999787	epochs	1.0
9.10000015258789	0.025000000000000355	epochs	-1.0
9.10000015258789	0.025000000000000355	epochs	1.0
9.12500015258789	0.0600000000000005	epochs	-1.0
9.12500015258789	0.025000000000000355	epochs	-1.0
9.12500015258789	0.025000000000000355	epochs	1.0
9.150000152587891	0.009999999999999787	epochs	-1.0
9.150000152587891	0.009999999999999787	epochs	1.0
9.160000152587891	0.025000000000000355	epochs	-1.0
9.160000152587891	0.025000000000000355	epochs	1.0
9.185000152587891	0.05999999999999872	epochs	-1.0
9.185000152587891	0.02499999999999858	epochs	-1.0
9.185000152587891	0.02499999999999858	epochs	1.0
9.21000015258789	0.010000000000001563	epochs	-1.0
9.21000015258789	0.010000000000001563	epochs	1.0
9.220000152587891	0.02499999999999858	epochs	-1.0
9.220000152587891	0.02499999999999858	epochs	1.0
9.24500015258789	0.024995000000000545	epochs	1.0
361.42000007629395	0.10000000000002274	epochs	0.0
361.42000007629395	0.045000000000015916	epochs	1.0
361.46500007629396	0.009999999999990905	epochs	1.0
361.47500007629395	0.045000000000015916	epochs	1.0
361.52000007629397	0.7049949999999967	epochs	0.0
361.52000007629397	0.5	epochs	-1.0
361.52000007629397	0.5	epochs	1.0
362.02000007629397	0.060000000000002274	epochs	-1.0
362.02000007629397	0.024999999999977263	epochs	-1.0
362.02000007629397	0.024999999999977263	epochs	1.0
362.04500007629395	0.009999999999990905	epochs	-1.0
362.04500007629395	0.009999999999990905	epochs	1.0
362.05500007629394	0.025000000000034106	epochs	-1.0
362.05500007629394	0.025000000000034106	epochs	1.0
362.08000007629397	0.060000000000002274	epochs	-1.0
362.08000007629397	0.024999999999977263	epochs	-1.0
362.08000007629397	0.024999999999977263	epochs	1.0
362.10500007629395	0.009999999999990905	epochs	-1.0
362.10500007629395	0.009999999999990905	epochs	1.0
362.11500007629394	0.025000000000034106	epochs	-1.0
362.11500007629394	0.025000000000034106	epochs	1.0
362.140000076294	0.05999999999994543	epochs	-1.0
362.140000076294	0.024999999999977263	epochs	-1.0
362.140000076294	0.024999999999977263	epochs	1.0
362.16500007629395	0.009999999999990905	epochs	-1.0
362.16500007629395	0.009999999999990905	epochs	1.0
362.17500007629394	0.024999999999977263	epochs	-1.0
362.17500007629394	0.024999999999977263	epochs	1.0
362.2000000762939	0.02499500000004673	epochs	1.0
398.2130002975464	0.10000000000002274	epochs	0.0
398.2130002975464	0.045000000000015916	epochs	1.0
398.2580002975464	0.009999999999990905	epochs	1.0
398.2680002975464	0.045000000000015916	epochs	1.0
398.3130002975464	61.384995	epochs	0.0
398.3130002975464	0.5	epochs	-1.0
398.3130002975464	0.5	epochs	-1.0
398.3130002975464	0.5	epochs	1.0
398.8130002975464	0.060000000000002274	epochs	-1.0
398.8130002975464	0.024999999999977263	epochs	-1.0
398.8130002975464	0.024999999999977263	epochs	1.0
398.8380002975464	0.009999999999990905	epochs	-1.0
398.8380002975464	0.009999999999990905	epochs	1.0
398.8480002975464	0.025000000000034106	epochs	-1.0
398.8480002975464	0.025000000000034106	epochs	1.0
398.8730002975464	0.060000000000002274	epochs	-1.0
398.8730002975464	0.024999999999977263	epochs	-1.0
398.8730002975464	0.024999999999977263	epochs	1.0
398.8980002975464	0.009999999999990905	epochs	-1.0
398.8980002975464	0.009999999999990905	epochs	1.0
398.9080002975464	0.025000000000034106	epochs	-1.0
398.9080002975464	0.025000000000034106	epochs	1.0
398.9330002975464	0.05999999999994543	epochs	-1.0
398.9330002975464	0.024999999999977263	epochs	-1.0
398.9330002975464	0.024999999999977263	epochs	1.0
398.9580002975464	0.009999999999990905	epochs	-1.0
398.9580002975464	0.009999999999990905	epochs	1.0
398.9680002975464	0.024999999999977263	epochs	-1.0
398.9680002975464	0.024999999999977263	epochs	1.0
398.99300029754636	60.0	epochs	1.0
458.99300029754636	0.5	epochs	-1.0
458.99300029754636	0.5	epochs	-1.0
458.99300029754636	0.5	epochs	1.0
459.49300029754636	0.06000000000005912	epochs	-1.0
459.49300029754636	0.025000000000034106	epochs	-1.0
459.49300029754636	0.025000000000034106	epochs	1.0
459.5180002975464	0.009999999999990905	epochs	-1.0
459.5180002975464	0.009999999999990905	epochs	1.0
459.5280002975464	0.025000000000034106	epochs	-1.0
459.5280002975464	0.025000000000034106	epochs	1.0
459.5530002975464	0.05999999999994543	epochs	-1.0
459.5530002975464	0.024999999999977263	epochs	-1.0
459.5530002975464	0.024999999999977263	epochs	1.0
459.5780002975464	0.009999999999990905	epochs	-1.0
459.5780002975464	0.009999999999990905	epochs	1.0
459.5880002975464	0.024999999999977263	epochs	-1.0
459.5880002975464	0.024999999999977263	epochs	1.0
459.61300029754636	0.060000000000002274	epochs	-1.0
459.61300029754636	0.025000000000034106	epochs	-1.0
459.61300029754636	0.025000000000034106	epochs	1.0
459.6380002975464	0.009999999999990905	epochs	-1.0
459.6380002975464	0.009999999999990905	epochs	1.0
459.6480002975464	0.024999999999977263	epochs	-1.0
459.6480002975464	0.024999999999977263	epochs	1.0
459.67300029754637	0.02499500000004673	epochs	1.0
495.1640000343323	0.10000000000002274	epochs	0.0
495.1640000343323	0.045000000000015916	epochs	1.0
495.2090000343323	0.009999999999990905	epochs	1.0
495.2190000343323	0.045000000000015916	epochs	1.0
495.2640000343323	0.7049949999999967	epochs	0.0
495.2640000343323	0.5	epochs	-1.0
495.2640000343323	0.5	epochs	-1.0
495.2640000343323	0.5	epochs	1.0
495.7640000343323	0.060000000000002274	epochs	-1.0
495.7640000343323	0.024999999999977263	epochs	-1.0
495.7640000343323	0.024999999999977263	epochs	1.0
495.7890000343323	0.009999999999990905	epochs	-1.0
495.7890000343323	0.009999999999990905	epochs	1.0
495.79900003433227	0.025000000000034106	epochs	-1.0
495.79900003433227	0.025000000000034106	epochs	1.0
495.8240000343323	0.060000000000002274	epochs	-1.0
495.8240000343323	0.024999999999977263	epochs	-1.0
495.8240000343323	0.024999999999977263	epochs	1.0
495.8490000343323	0.009999999999990905	epochs	-1.0
495.8490000343323	0.009999999999990905	epochs	1.0
495.85900003433227	0.025000000000034106	epochs	-1.0
495.85900003433227	0.025000000000034106	epochs	1.0
495.8840000343323	0.05999999999994543	epochs	-1.0
495.8840000343323	0.024999999999977263	epochs	-1.0
495.8840000343323	0.024999999999977263	epochs	1.0
495.9090000343323	0.009999999999990905	epochs	-1.0
495.9090000343323	0.009999999999990905	epochs	1.0
495.91900003433227	0.024999999999977263	epochs	-1.0
495.91900003433227	0.024999999999977263	epochs	1.0
495.94400003433225	0.02499500000004673	epochs	1.0
526.6560001373291	0.10019999999997253	epochs	0.0
526.6560001373291	0.04510000000004766	epochs	1.0
526.7011001373291	0.009999999999990905	epochs	1.0
526.7111001373291	0.04509999999993397	epochs	1.0
526.7562001373291	0.7049950000000536	epochs	0.0
526.7562001373291	0.5	epochs	-1.0
526.7562001373291	0.5	epochs	-1.0
526.7562001373291	0.5	epochs	1.0
527.2562001373291	0.06000000000005912	epochs	-1.0
527.2562001373291	0.024999999999977263	epochs	-1.0
527.2562001373291	0.024999999999977263	epochs	1.0
527.281200137329	0.010000000000104592	epochs	-1.0
527.281200137329	0.010000000000104592	epochs	1.0
527.2912001373292	0.024999999999977263	epochs	-1.0
527.2912001373292	0.024999999999977263	epochs	1.0
527.3162001373291	0.05999999999994543	epochs	-1.0
527.3162001373291	0.024999999999977263	epochs	-1.0
527.3162001373291	0.024999999999977263	epochs	1.0
527.3412001373291	0.009999999999990905	epochs	-1.0
527.3412001373291	0.009999999999990905	epochs	1.0
527.3512001373291	0.024999999999977263	epochs	-1.0
527.3512001373291	0.024999999999977263	epochs	1.0
527.3762001373291	0.06000000000005912	epochs	-1.0
527.3762001373291	0.024999999999977263	epochs	-1.0
527.3762001373291	0.024999999999977263	epochs	1.0
527.401200137329	0.009999999999990905	epochs	-1.0
527.401200137329	0.009999999999990905	epochs	1.0
527.411200137329	0.02500000000009095	epochs	-1.0
527.411200137329	0.02500000000009095	epochs	1.0
527.4362001373291	0.024994999999989886	epochs	1.0
571.3990001678467	0.11465999999995802	epochs	0.0
571.3990001678467	0.05233080000004975	epochs	1.0
571.4513309678467	0.009998399999972207	epochs	1.0
571.4613293678467	0.05233079999993606	epochs	1.0
571.5136791678467	0.5	epochs	-1.0
571.5136791678467	0.5	epochs	-1.0
571.5136801678467	5.999979999999937	epochs	0.0
571.5136801678467	0.5	epochs	1.0
572.0136801678467	5.0	epochs	1.0
577.0136791678467	0.4999809999999343	epochs	-1.0
577.0136801678467	0.4999799999999368	epochs	1.0
581.2520003318787	0.11465999999995802	epochs	0.0
581.2520003318787	0.05233080000004975	epochs	1.0
581.3043311318787	0.009998399999972207	epochs	1.0
581.3143295318787	0.05233079999993606	epochs	1.0
581.3666793318787	0.5	epochs	-1.0
581.3666803318787	2.5461799999999357	epochs	0.0
581.3666803318787	0.5	epochs	1.0
581.8666803318787	1.0	epochs	1.0
582.8666803318787	1.0461799999999357	epochs	1.0
583.3666793318787	0.5	epochs	-1.0
583.9128603318786	0.9538000000000011	epochs	0.0
584.170000076294	0.11465999999995802	epochs	0.0
584.170000076294	0.05233080000004975	epochs	1.0
584.222330876294	0.009998399999972207	epochs	1.0
584.232329276294	0.05233079999993606	epochs	1.0
584.284679076294	0.5	epochs	-1.0
584.284680076294	2.54516000000001	epochs	0.0
584.284680076294	0.5	epochs	1.0
584.784680076294	1.0	epochs	1.0
585.784680076294	1.0451600000000099	epochs	1.0
586.284679076294	0.5	epochs	-1.0
586.829840076294	0.954819999999927	epochs	0.0
587.0720000267029	0.11465999999995802	epochs	0.0
587.0720000267029	0.05233080000004975	epochs	1.0
587.1243308267029	0.009998399999972207	epochs	1.0
587.1343292267029	0.05233079999993606	epochs	1.0
587.1866790267029	0.5	epochs	-1.0
587.1866800267029	2.546159999999986	epochs	0.0
587.1866800267029	0.5	epochs	1.0
587.6866800267029	1.0	epochs	1.0
588.6866800267029	1.0461599999999862	epochs	1.0
589.1866790267029	0.5	epochs	-1.0
589.7328400267029	0.9538199999999506	epochs	0.0
589.9680004119873	0.11465999999995802	epochs	0.0
589.9680004119873	0.05233080000004975	epochs	1.0
590.0203312119874	0.009998399999972207	epochs	1.0
590.0303296119873	0.05233079999993606	epochs	1.0
590.0826794119873	0.5	epochs	-1.0
590.0826804119873	2.5251799999999776	epochs	0.0
590.0826804119873	0.5	epochs	1.0
590.5826804119873	1.0	epochs	1.0
591.5826804119873	1.0251799999999776	epochs	1.0
592.0826794119873	0.5	epochs	-1.0
592.6078604119873	0.9747999999999593	epochs	0.0
592.8650002479553	0.11465999999995802	epochs	0.0
592.8650002479553	0.05233080000004975	epochs	1.0
592.9173310479554	0.009998399999972207	epochs	1.0
592.9273294479553	0.05233079999993606	epochs	1.0
592.9796792479553	0.5	epochs	-1.0
592.9796802479553	3.04516000000001	epochs	0.0
592.9796802479553	0.5	epochs	1.0
593.4796802479553	1.0	epochs	1.0
594.4796802479553	1.5451600000000099	epochs	1.0
594.9796792479553	0.5	epochs	-1.0
595.4796792479553	0.5	epochs	-1.0
596.0248402479554	0.45481999999992695	epochs	0.0
596.3220000267029	0.6499800000000278	epochs	0.0
596.3220000267029	0.049999999999954525	epochs	1.0
596.3720000267028	0.5	epochs	1.0
596.8720000267028	0.09998000000007323	epochs	1.0
597.2990002632141	0.6499800000000278	epochs	0.0
597.2990002632141	0.049999999999954525	epochs	1.0
597.3490002632141	0.5	epochs	1.0
597.8490002632141	0.09998000000007323	epochs	1.0
598.2380003929138	0.6499800000000278	epochs	0.0
598.2380003929138	0.049999999999954525	epochs	1.0
598.2880003929138	0.5	epochs	1.0
598.7880003929138	0.09998000000007323	epochs	1.0
599.170000076294	0.6499800000000278	epochs	0.0
599.170000076294	0.049999999999954525	epochs	1.0
599.2200000762939	0.5	epochs	1.0
599.7200000762939	0.09998000000007323	epochs	1.0
600.1160001754761	0.6499800000000278	epochs	0.0
600.1160001754761	0.049999999999954525	epochs	1.0
600.166000175476	0.5	epochs	1.0
600.666000175476	0.09998000000007323	epochs	1.0
601.0860004425049	0.11465999999995802	epochs	0.0
601.0860004425049	0.05233080000004975	epochs	1.0
601.1383312425049	0.009998399999972207	epochs	1.0
601.1483296425049	0.05233079999993606	epochs	1.0
601.2006794425049	0.5	epochs	-1.0
601.2006804425049	2.5451799999999594	epochs	0.0
601.2006804425049	0.5	epochs	1.0
601.7006804425049	1.0	epochs	1.0
602.7006804425049	1.0451799999999594	epochs	1.0
603.2006793425048	0.5	epochs	-1.0
603.7458604425049	2.9547999999999774	epochs	0.0
606.3159999847412	0.11465999999995802	epochs	0.0
606.3159999847412	0.05233080000004975	epochs	1.0
606.3683307847413	0.009998399999972207	epochs	1.0
606.3783291847412	0.05233079999993606	epochs	1.0
606.4306789847412	0.5	epochs	-1.0
606.4306799847412	2.54516000000001	epochs	0.0
606.4306799847412	0.5	epochs	1.0
606.9306799847412	1.0	epochs	1.0
607.9306799847412	1.0451600000000099	epochs	1.0
608.4306788847412	0.5	epochs	-1.0
608.9758399847412	2.954819999999927	epochs	0.0
611.5420002937317	0.11465999999995802	epochs	0.0
611.5420002937317	0.05233080000004975	epochs	1.0
611.5943310937317	0.009998399999972207	epochs	1.0
611.6043294937317	0.05233079999993606	epochs	1.0
611.6566792937317	0.5	epochs	-1.0
611.6566802937317	2.5451799999999594	epochs	0.0
611.6566802937317	0.5	epochs	1.0
612.1566802937317	1.0	epochs	1.0
613.1566802937317	1.0451799999999594	epochs	1.0
613.6566792937317	0.5	epochs	-1.0
614.2018602937317	3.9547999999999774	epochs	0.0
614.5100002288818	0.11465999999995802	epochs	0.0
614.5100002288818	0.05233080000004975	epochs	1.0
614.5623310288819	0.009998399999972207	epochs	1.0
614.5723294288819	0.05233079999993606	epochs	1.0
614.6246792288819	0.5	epochs	-1.0
614.6246802288819	2.5451799999999594	epochs	0.0
614.6246802288819	0.5	epochs	1.0
615.1246802288819	1.0	epochs	1.0
616.1246802288819	1.0451799999999594	epochs	1.0
616.6246792288819	0.5	epochs	-1.0
617.1698602288818	3.9547999999999774	epochs	0.0
617.4570002555847	0.11465999999995802	epochs	0.0
617.4570002555847	0.05233080000004975	epochs	1.0
617.5093310555848	0.009998399999972207	epochs	1.0
617.5193294555847	0.05233079999993606	epochs	1.0
617.5716792555847	0.5	epochs	-1.0
617.5716802555847	2.5452599999999848	epochs	0.0
617.5716802555847	0.5	epochs	1.0
618.0716802555847	1.0	epochs	1.0
619.0716802555847	1.0452599999999848	epochs	1.0
619.5716792555847	0.5	epochs	-1.0
620.1169402555847	3.954719999999952	epochs	0.0
620.4040002822876	0.11465999999995802	epochs	0.0
620.4040002822876	0.05233080000004975	epochs	1.0
620.4563310822876	0.009998399999972207	epochs	1.0
620.4663294822876	0.05233079999993606	epochs	1.0
620.5186792822876	0.5	epochs	-1.0
620.5186802822876	0.5251999999999271	epochs	0.0
620.5186802822876	0.5	epochs	1.0
621.0186802822876	0.02519999999992706	epochs	1.0
621.0438802822875	5.97478000000001	epochs	0.0
636.6180000305176	0.11465999999995802	epochs	0.0
636.6180000305176	0.05233080000004975	epochs	1.0
636.6703308305176	0.009998399999972207	epochs	1.0
636.6803292305176	0.05233079999993606	epochs	1.0
636.7326790305176	0.5	epochs	-1.0
636.7326800305176	2.54516000000001	epochs	0.0
636.7326800305176	0.5	epochs	1.0
637.2326800305176	1.0	epochs	1.0
638.2326800305176	1.0451600000000099	epochs	1.0
638.7326790305176	0.5	epochs	-1.0
639.2778400305176	3.954819999999927	epochs	0.0
639.5650000572205	0.11465999999995802	epochs	0.0
639.5650000572205	0.05233080000004975	epochs	1.0
639.6173308572205	0.009998399999972207	epochs	1.0
639.6273292572205	0.05233079999993606	epochs	1.0
639.6796790572205	0.5	epochs	-1.0
639.6796800572205	2.5461799999999357	epochs	0.0
639.6796800572205	0.5	epochs	1.0
640.1796800572205	1.0	epochs	1.0
641.1796800572205	1.0461799999999357	epochs	1.0
641.6796790572205	0.5	epochs	-1.0
642.2258600572204	3.953800000000001	epochs	0.0
642.5390000343323	0.11465999999995802	epochs	0.0
642.5390000343323	0.05233080000004975	epochs	1.0
642.5913308343323	0.009998399999972207	epochs	1.0
642.6013292343323	0.05233079999993606	epochs	1.0
642.6536790343323	0.5	epochs	-1.0
642.6536800343323	2.546159999999986	epochs	0.0
642.6536800343323	0.5	epochs	1.0
643.1536800343323	1.0	epochs	1.0
644.1536800343323	1.0461599999999862	epochs	1.0
644.6536790343323	0.5	epochs	-1.0
645.1998400343323	3.9538199999999506	epochs	0.0
645.5210003852844	0.15297999999995682	epochs	0.0
645.5210003852844	0.049999999999954525	epochs	1.0
645.5710003852844	0.0030000000000427463	epochs	1.0
645.5740003852844	0.09997999999995955	epochs	1.0
645.996000289917	0.15297999999995682	epochs	0.0
645.996000289917	0.049999999999954525	epochs	1.0
646.046000289917	0.0030000000000427463	epochs	1.0
646.049000289917	0.09997999999995955	epochs	1.0
646.478000164032	0.15297999999995682	epochs	0.0
646.478000164032	0.049999999999954525	epochs	1.0
646.5280001640319	0.0030000000000427463	epochs	1.0
646.531000164032	0.09997999999995955	epochs	1.0
646.9460000991821	0.15297999999995682	epochs	0.0
646.9460000991821	0.049999999999954525	epochs	1.0
646.9960000991821	0.0030000000000427463	epochs	1.0
646.9990000991821	0.09997999999995955	epochs	1.0
647.4279999732971	0.15297999999995682	epochs	0.0
647.4279999732971	0.049999999999954525	epochs	1.0
647.4779999732971	0.0030000000000427463	epochs	1.0
647.4809999732971	0.09997999999995955	epochs	1.0
647.8860001564026	0.15297999999995682	epochs	0.0
647.8860001564026	0.049999999999954525	epochs	1.0
647.9360001564025	0.0030000000000427463	epochs	1.0
647.9390001564026	0.09997999999995955	epochs	1.0
648.3420000076294	0.15297999999995682	epochs	0.0
648.3420000076294	0.049999999999954525	epochs	1.0
648.3920000076293	0.0030000000000427463	epochs	1.0
648.3950000076294	0.09997999999995955	epochs	1.0
648.8360004425049	0.15297999999995682	epochs	0.0
648.8360004425049	0.049999999999954525	epochs	1.0
648.8860004425048	0.0030000000000427463	epochs	1.0
648.8890004425049	0.09997999999995955	epochs	1.0
649.3180003166199	0.15297999999995682	epochs	0.0
649.3180003166199	0.049999999999954525	epochs	1.0
649.3680003166198	0.0030000000000427463	epochs	1.0
649.3710003166199	0.09997999999995955	epochs	1.0
649.7870001792908	0.15297999999995682	epochs	0.0
649.7870001792908	0.049999999999954525	epochs	1.0
649.8370001792907	0.0030000000000427463	epochs	1.0
649.8400001792908	0.09997999999995955	epochs	1.0
650.2590003013611	0.15297999999995682	epochs	0.0
650.2590003013611	0.049999999999954525	epochs	1.0
650.309000301361	0.0030000000000427463	epochs	1.0
650.3120003013611	0.09997999999995955	epochs	1.0
650.7360000610352	0.15297999999995682	epochs	0.0
650.7360000610352	0.049999999999954525	epochs	1.0
650.7860000610351	0.0030000000000427463	epochs	1.0
650.7890000610352	0.09997999999995955	epochs	1.0
651.2150001525879	0.15297999999995682	epochs	0.0
651.2150001525879	0.049999999999954525	epochs	1.0
651.2650001525878	0.0030000000000427463	epochs	1.0
651.2680001525879	0.09997999999995955	epochs	1.0
651.6990003585815	0.15297999999995682	epochs	0.0
651.6990003585815	0.049999999999954525	epochs	1.0
651.7490003585815	0.0030000000000427463	epochs	1.0
651.7520003585815	0.09997999999995955	epochs	1.0
652.1690001487732	0.15297999999995682	epochs	0.0
652.1690001487732	0.049999999999954525	epochs	1.0
652.2190001487731	0.0030000000000427463	epochs	1.0
652.2220001487732	0.09997999999995955	epochs	1.0
652.6860003471375	0.15297999999995682	epochs	0.0
652.6860003471375	0.049999999999954525	epochs	1.0
652.7360003471374	0.0030000000000427463	epochs	1.0
652.7390003471374	0.09997999999995955	epochs	1.0
653.1800003051758	0.11465999999995802	epochs	0.0
653.1800003051758	0.05233080000004975	epochs	1.0
653.2323311051758	0.009998399999972207	epochs	1.0
653.2423295051758	0.05233079999993606	epochs	1.0
653.2946793051758	0.5	epochs	-1.0
653.2946803051758	0.525160000000028	epochs	0.0
653.2946803051758	0.5	epochs	1.0
653.7946803051758	0.0029999999999290594	epochs	1.0
653.7976803051757	0.02216000000009899	epochs	1.0
653.8198403051758	1.0778199999999742	epochs	0.0
666.5329999923706	0.11465999999995802	epochs	0.0
666.5329999923706	0.05233080000004975	epochs	1.0
666.5853307923707	0.009998399999972207	epochs	1.0
666.5953291923706	0.05233079999993606	epochs	1.0
666.6476789923706	0.5	epochs	-1.0
666.6476799923706	1.525160000000028	epochs	0.0
666.6476799923706	0.5	epochs	1.0
667.1476799923706	0.0029999999999290594	epochs	1.0
667.1506799923706	1.022160000000099	epochs	1.0
667.6506789923706	0.5	epochs	-1.0
668.1728399923707	0.07781999999997424	epochs	0.0
668.7770004272461	0.11465999999995802	epochs	0.0
668.7770004272461	0.05233080000004975	epochs	1.0
668.8293312272461	0.009998399999972207	epochs	1.0
668.8393296272461	0.05233079999993606	epochs	1.0
668.8916794272461	0.5	epochs	-1.0
668.8916804272461	1.5251399999999649	epochs	0.0
668.8916804272461	0.5	epochs	1.0
669.3916804272461	0.0029999999999290594	epochs	1.0
669.394680427246	1.0221400000000358	epochs	1.0
669.894679427246	0.5	epochs	-1.0
670.4168204272461	0.07784000000003743	epochs	0.0
671.0350003242493	0.11465999999995802	epochs	0.0
671.0350003242493	0.05233080000004975	epochs	1.0
671.0873311242493	0.009998399999972207	epochs	1.0
671.0973295242493	0.05233079999993606	epochs	1.0
671.1496793242493	0.5	epochs	-1.0
671.1496803242493	0.525160000000028	epochs	0.0
671.1496803242493	0.5	epochs	1.0
671.6496803242493	0.0029999999999290594	epochs	1.0
671.6526803242492	0.02216000000009899	epochs	1.0
671.6748403242493	1.0778199999999742	epochs	0.0
684.3430004119873	0.11465999999995802	epochs	0.0
684.3430004119873	0.05233080000004975	epochs	1.0
684.3953312119874	0.009998399999972207	epochs	1.0
684.4053296119873	0.05233079999993606	epochs	1.0
684.4576794119873	0.5	epochs	-1.0
684.4576804119873	1.526179999999954	epochs	0.0
684.4576804119873	0.5	epochs	1.0
684.9576804119873	0.0029999999999290594	epochs	1.0
684.9606804119873	1.0231800000000248	epochs	1.0
685.4606794119873	0.5	epochs	-1.0
685.9838604119873	0.07680000000004839	epochs	0.0
686.6050000190735	0.11465999999995802	epochs	0.0
686.6050000190735	0.05233080000004975	epochs	1.0
686.6573308190735	0.009998399999972207	epochs	1.0
686.6673292190735	0.05233079999993606	epochs	1.0
686.7196790190735	0.5	epochs	-1.0
686.7196800190735	1.525160000000028	epochs	0.0
686.7196800190735	0.5	epochs	1.0
687.2196800190735	0.0029999999999290594	epochs	1.0
687.2226800190734	1.022160000000099	epochs	1.0
687.7226790190734	0.5	epochs	-1.0
688.2448400190735	0.07781999999997424	epochs	0.0
688.8700003623962	0.11465999999995802	epochs	0.0
688.8700003623962	0.05233080000004975	epochs	1.0
688.9223311623963	0.009998399999972207	epochs	1.0
688.9323295623963	0.05233079999993606	epochs	1.0
688.9846793623963	0.5	epochs	-1.0
688.9846803623963	1.525160000000028	epochs	0.0
688.9846803623963	0.5	epochs	1.0
689.4846803623963	0.0029999999999290594	epochs	1.0
689.4876803623962	1.022160000000099	epochs	1.0
689.9876793623962	0.5	epochs	-1.0
690.5098403623963	0.07781999999997424	epochs	0.0
691.1090002059937	0.11465999999995802	epochs	0.0
691.1090002059937	0.05233080000004975	epochs	1.0
691.1613310059937	0.009998399999972207	epochs	1.0
691.1713294059937	0.05233079999993606	epochs	1.0
691.2236792059937	0.5	epochs	-1.0
691.2236802059937	1.5452799999999343	epochs	0.0
691.2236802059937	0.5	epochs	1.0
691.7236802059937	0.0029999999999290594	epochs	1.0
691.7266802059936	1.0422800000000052	epochs	1.0
692.2266792059936	0.5	epochs	-1.0
692.7689602059936	0.05770000000006803	epochs	0.0
693.3910002708435	0.11465999999995802	epochs	0.0
693.3910002708435	0.05233080000004975	epochs	1.0
693.4433310708436	0.009998399999972207	epochs	1.0
693.4533294708435	0.05233079999993606	epochs	1.0
693.5056792708435	0.5	epochs	-1.0
693.5056802708435	6.306039999999939	epochs	0.0
693.5056802708435	0.5	epochs	1.0
694.0056802708435	5.806039999999939	epochs	1.0
698.3118602708435	1.4998600000000124	epochs	-1.0
698.3118602708435	0.03996000000006461	epochs	-1.0
698.8093392708435	0.5	epochs	-1.0
699.3093392708435	0.5	epochs	-1.0
699.8117202708435	13.193939999999998	epochs	0.0
700.3850002288818	0.11465999999995802	epochs	0.0
700.3850002288818	0.05233080000004975	epochs	1.0
700.4373310288819	0.009998399999972207	epochs	1.0
700.4473294288819	0.05233079999993606	epochs	1.0
700.4996792288819	0.5	epochs	-1.0
700.4996802288819	5.807040000000029	epochs	0.0
700.4996802288819	0.5	epochs	1.0
700.9996802288819	5.307040000000029	epochs	1.0
705.3058602288818	1.0008600000001024	epochs	-1.0
705.3058602288818	0.04090000000007876	epochs	-1.0
705.8033392288818	0.5	epochs	-1.0
706.3067202288819	13.692939999999908	epochs	0.0
706.6870002746582	0.11465999999995802	epochs	0.0
706.6870002746582	0.05233080000004975	epochs	1.0
706.7393310746583	0.009998399999972207	epochs	1.0
706.7493294746582	0.05233079999993606	epochs	1.0
706.8016792746582	0.5	epochs	-1.0
706.8016802746582	5.74508000000003	epochs	0.0
706.8016802746582	0.5	epochs	1.0
707.3016802746582	5.24508000000003	epochs	1.0
711.5468202746582	0.9999400000000378	epochs	-1.0
711.5468202746582	0.03994000000000142	epochs	-1.0
712.0442992746582	0.5	epochs	-1.0
712.5467602746583	13.754899999999907	epochs	0.0
724.3560004234314	0.11464000000000851	epochs	0.0
724.3560004234314	0.05232169999999314	epochs	1.0
724.4083221234314	0.009996600000022227	epochs	1.0
724.4183187234314	0.05232169999999314	epochs	1.0
724.4706404234314	2.0	epochs	0.0
726.4706404234314	5.384879999999953	epochs	0.0
726.4706404234314	1.0	epochs	1.0
726.4706794234314	0.5	epochs	-1.0
726.9706794234314	4.884840999999938	epochs	-1.0
727.4706404234314	4.384879999999953	epochs	1.0
727.4706404234314	4.356753899999944	epochs	-1.0
727.4706404234314	1.9745871999999736	epochs	2.0
727.4706404234314	1.0985621999999466	epochs	3.0
728.5692026234314	0.8760250000000269	epochs	3.0
729.4452276234314	1.3524075000000266	epochs	2.0
729.4452276234314	0.7286354999999958	epochs	3.0
730.1738631234314	0.6237720000000309	epochs	3.0
730.7976351234314	1.029759199999944	epochs	2.0
730.7976351234314	0.5453292999999348	epochs	3.0
731.3429644234313	0.4844299000000092	epochs	3.0
731.8273943234313	0.02812610000000859	epochs	2.0
731.8273943234313	0.02812610000000859	epochs	3.0
731.8555204234314	16.615040000000022	epochs	0.0
732.3289999961853	0.11464000000000851	epochs	0.0
732.3289999961853	0.05232169999999314	epochs	1.0
732.3813216961853	0.009996600000022227	epochs	1.0
732.3913182961853	0.05232169999999314	epochs	1.0
732.4436399961853	2.0	epochs	0.0
734.4436399961853	21.999919999999975	epochs	0.0
734.4436399961853	1.0	epochs	1.0
734.4436789961853	0.5	epochs	-1.0
734.9436789961853	19.99831999999992	epochs	-1.0
735.4436399961853	20.0	epochs	1.0
735.4436399961853	4.356753899999944	epochs	-1.0
735.4436399961853	1.9745871999999736	epochs	2.0
735.4436399961853	1.0985621999999466	epochs	3.0
736.5422021961853	0.8760250000000269	epochs	3.0
737.4182271961853	1.3524075000000266	epochs	2.0
737.4182271961853	0.7286354999999958	epochs	3.0
738.1468626961853	0.6237720000000309	epochs	3.0
738.7706346961853	1.029759199999944	epochs	2.0
738.7706346961853	0.5453292999999348	epochs	3.0
739.3159639961852	0.4844299000000092	epochs	3.0
739.8003938961853	0.8317862000000105	epochs	2.0
739.8003938961853	0.4357763000000432	epochs	3.0
740.2361701961853	0.3960098999999673	epochs	3.0
740.6321800961853	0.6977970000000369	epochs	2.0
740.6321800961853	0.3628982000000178	epochs	3.0
740.9950782961853	0.33489880000001904	epochs	3.0
741.3299770961853	0.601045699999986	epochs	2.0
741.3299770961853	0.3109123000000409	epochs	3.0
741.6408893961853	0.29013339999994514	epochs	3.0
741.9310227961853	0.5278859000000011	epochs	2.0
741.9310227961853	0.2719586000000618	epochs	3.0
742.2029813961854	0.25592729999993935	epochs	3.0
742.4589086961853	0.4706193000000667	epochs	2.0
742.4589086961853	0.241681299999982	epochs	3.0
742.7005899961853	0.22893800000008468	epochs	3.0
742.9295279961854	0.42457039999999324	epochs	2.0
742.9295279961854	0.2174713999999085	epochs	3.0
743.1469993961853	0.20709900000008474	epochs	3.0
743.3540983961853	0.3867353999999068	epochs	2.0
743.3540983961853	0.19767109999997956	epochs	3.0
743.5517694961853	0.18906429999992724	epochs	3.0
743.7408337961853	0.3550953000000163	epochs	2.0
743.7408337961853	0.18117590000008477	epochs	3.0
743.9220096961853	0.17391939999993156	epochs	3.0
744.0959290961853	0.3282431000000088	epochs	2.0
744.0959290961853	0.1672219000000723	epochs	3.0
744.2631509961853	0.16102119999993647	epochs	3.0
744.4241721961853	0.30516799999998057	epochs	2.0
744.4241721961853	0.15526390000002266	epochs	3.0
744.5794360961853	0.1499040999999579	epochs	3.0
744.7293401961853	0.28512530000000424	epochs	2.0
744.7293401961853	0.1449021000000812	epochs	3.0
744.8742422961853	0.14022319999992305	epochs	3.0
745.0144654961853	0.267553800000087	epochs	2.0
745.0144654961853	0.1358369000000721	epochs	3.0
745.1503023961853	0.1317169000000149	epochs	3.0
745.2820192961854	0.252022899999929	epochs	2.0
745.2820192961854	0.1278393000000051	epochs	3.0
745.4098585961854	0.1241835999999239	epochs	3.0
745.5340421961853	0.23819650000007186	epochs	2.0
745.5340421961853	0.12073110000005727	epochs	3.0
745.6547732961853	0.1174654000000146	epochs	3.0
745.7722386961854	0.2258087999999816	epochs	2.0
745.7722386961854	0.1143718999999237	epochs	3.0
745.8866105961853	0.1114369000000579	epochs	3.0
745.9980474961853	0.2146460000000161	epochs	2.0
745.9980474961853	0.10864889999993466	epochs	3.0
746.1066963961853	0.10599710000008145	epochs	3.0
746.2126934961854	0.20453499999996438	epochs	2.0
746.2126934961854	0.10347149999995509	epochs	3.0
746.3161649961853	0.1010635000000093	epochs	3.0
746.4172284961853	0.19533400000000256	epochs	2.0
746.4172284961853	0.09876510000003691	epochs	3.0
746.5159935961854	0.09656889999996565	epochs	3.0
746.6125624961853	0.18692529999998442	epochs	2.0
746.6125624961853	0.09446830000001682	epochs	3.0
746.7070307961853	0.09245699999996759	epochs	3.0
746.7994877961853	0.17921069999999872	epochs	2.0
746.7994877961853	0.09052959999996801	epochs	3.0
746.8900173961853	0.08868110000003071	epochs	3.0
746.9786984961853	0.17210769999996955	epochs	2.0
746.9786984961853	0.08690630000000965	epochs	3.0
747.0656047961853	0.0852013999999599	epochs	3.0
747.1508061961853	0.16554640000003928	epochs	2.0
747.1508061961853	0.08356190000006336	epochs	3.0
747.2343680961853	0.08198449999997592	epochs	3.0
747.3163525961853	0.15946710000002895	epochs	2.0
747.3163525961853	0.08046539999998004	epochs	3.0
747.3968179961853	0.07900170000004891	epochs	3.0
747.4758196961853	0.15381839999997737	epochs	2.0
747.4758196961853	0.07759009999995214	epochs	3.0
747.5534097961853	0.07622830000002523	epochs	3.0
747.6296380961853	0.14855639999996129	epochs	2.0
747.6296380961853	0.07491329999993468	epochs	3.0
747.7045513961853	0.0736431000000266	epochs	3.0
747.7781944961853	0.14364239999997608	epochs	2.0
747.7781944961853	0.07241499999997814	epochs	3.0
747.8506094961853	0.07122739999999794	epochs	3.0
747.9218368961853	0.13904310000009446	epochs	2.0
747.9218368961853	0.07007800000008046	epochs	3.0
747.9919148961853	0.06896510000001399	epochs	3.0
748.0608799961853	0.1347293000000036	epochs	2.0
748.0608799961853	0.0678871000000072	epochs	3.0
748.1287670961854	0.06684219999999641	epochs	3.0
748.1956092961854	0.13067519999992783	epochs	2.0
748.1956092961854	0.06582909999997355	epochs	3.0
748.2614383961853	0.06484609999995428	epochs	3.0
748.3262844961853	0.12685780000003888	epochs	2.0
748.3262844961853	0.06389200000000983	epochs	3.0
748.3901764961853	0.06296580000002905	epochs	3.0
748.4531422961853	0.12325720000001184	epochs	2.0
748.4531422961853	0.06206580000002759	epochs	3.0
748.5152080961853	0.06119139999998424	epochs	3.0
748.5763994961853	0.11985540000000583	epochs	2.0
748.5763994961853	0.060341099999959624	epochs	3.0
748.6367405961853	0.059514300000046205	epochs	3.0
748.6962548961853	0.11663620000001629	epochs	2.0
748.6962548961853	0.058709599999929196	epochs	3.0
748.7549644961853	0.05792660000008709	epochs	3.0
748.8128910961854	0.11358559999996487	epochs	2.0
748.8128910961854	0.05716419999998834	epochs	3.0
748.8700552961853	0.05642139999997653	epochs	3.0
748.9264766961853	0.11069050000003244	epochs	2.0
748.9264766961853	0.055697900000041045	epochs	3.0
748.9821745961854	0.0549925999999914	epochs	3.0
749.0371671961854	0.10793909999995321	epochs	2.0
749.0371671961854	0.05430489999992005	epochs	3.0
749.0914720961853	0.05363420000003316	epochs	3.0
749.1451062961853	0.10532149999994544	epochs	2.0
749.1451062961853	0.05298000000004777	epochs	3.0
749.1980862961854	0.05234149999989768	epochs	3.0
749.2504277961852	0.10282760000006874	epochs	2.0
749.2504277961852	0.05171810000001642	epochs	3.0
749.3021458961853	0.05110950000005232	epochs	3.0
749.3532553961853	0.10044909999999163	epochs	2.0
749.3532553961853	0.05051489999993919	epochs	3.0
749.4037702961853	0.04993420000005244	epochs	3.0
749.4537044961853	0.0981782999999723	epochs	2.0
749.4537044961853	0.04936659999998483	epochs	3.0
749.5030710961853	0.04881169999998747	epochs	3.0
749.5518827961853	0.09600780000005216	epochs	2.0
749.5518827961853	0.04826920000004975	epochs	3.0
749.6001519961853	0.04773860000000241	epochs	3.0
749.6478905961853	0.09393119999992905	epochs	2.0
749.6478905961853	0.04721949999998287	epochs	3.0
749.6951100961853	0.04671169999994618	epochs	3.0
749.7418217961853	0.09194260000003851	epochs	2.0
749.7418217961853	0.046214599999984785	epochs	3.0
749.7880363961852	0.045728000000053726	epochs	3.0
749.8337643961853	0.09003629999995155	epochs	2.0
749.8337643961853	0.045251499999949374	epochs	3.0
749.8790158961853	0.04478480000000218	epochs	3.0
749.9238006961853	0.08820760000003247	epochs	2.0
749.9238006961853	0.044327800000019124	epochs	3.0
749.9681284961853	0.04387980000001335	epochs	3.0
750.0120082961853	0.0864516999999978	epochs	2.0
750.0120082961853	0.04344100000002982	epochs	3.0
750.0554492961853	0.04301069999996798	epochs	3.0
750.0984599961853	0.08476429999996071	epochs	2.0
750.0984599961853	0.04258900000002086	epochs	3.0
750.1410489961853	0.04217529999993985	epochs	3.0
750.1832242961852	0.08314150000001064	epochs	2.0
750.1832242961852	0.04176970000003166	epochs	3.0
750.2249939961853	0.041371799999978975	epochs	3.0
750.2663657961853	0.08157970000002024	epochs	2.0
750.2663657961853	0.04098140000007788	epochs	3.0
750.3073471961853	0.040598299999942355	epochs	3.0
750.3479454961853	0.08007550000002084	epochs	2.0
750.3479454961853	0.04022229999998217	epochs	3.0
750.3881677961853	0.03985320000003867	epochs	3.0
750.4280209961853	0.07862569999997504	epochs	2.0
750.4280209961853	0.0394907999999532	epochs	3.0
750.4675117961852	0.039134900000021844	epochs	3.0
750.5066466961853	0.07722760000001472	epochs	2.0
750.5066466961853	0.038785400000051595	epochs	3.0
750.5454320961853	0.03844219999996312	epochs	3.0
750.5838742961853	0.07587820000003376	epochs	2.0
750.5838742961853	0.038104800000041905	epochs	3.0
750.6219790961853	0.03777339999999185	epochs	3.0
750.6597524961853	0.0745752000000266	epochs	2.0
750.6597524961853	0.03744770000002973	epochs	3.0
750.6972001961853	0.03712749999999687	epochs	3.0
750.7343276961853	0.07331629999998768	epochs	2.0
750.7343276961853	0.036812899999972615	epochs	3.0
750.7711405961853	0.03650340000001506	epochs	3.0
750.8076439961853	0.07209899999998015	epochs	2.0
750.8076439961853	0.03619909999997617	epochs	3.0
750.8438430961853	0.03589990000000398	epochs	3.0
750.8797429961853	0.07092169999998532	epochs	2.0
750.8797429961853	0.03560559999993984	epochs	3.0
750.9153485961853	0.03531610000004548	epochs	3.0
750.9506646961853	0.06978200000003199	epochs	2.0
750.9506646961853	0.03503120000004856	epochs	3.0
750.9856958961853	0.03475079999998343	epochs	3.0
751.0204466961853	0.06867859999999837	epochs	2.0
751.0204466961853	0.03447510000000875	epochs	3.0
751.0549217961853	0.03420349999998962	epochs	3.0
751.0891252961853	0.06760929999995824	epochs	2.0
751.0891252961853	0.033936199999970995	epochs	3.0
751.1230614961853	0.033673099999987244	epochs	3.0
751.1567345961853	0.06657289999998284	epochs	2.0
751.1567345961853	0.03341399999999339	epochs	3.0
751.1901485961853	0.033158899999989444	epochs	3.0
751.2233074961853	0.06556780000005347	epochs	2.0
751.2233074961853	0.032907700000009754	epochs	3.0
751.2562151961853	0.03266010000004371	epochs	3.0
751.2888752961853	0.06459259999996902	epochs	2.0
751.2888752961853	0.032416399999988244	epochs	3.0
751.3212916961853	0.03217619999998078	epochs	3.0
751.3534678961853	0.06364600000006249	epochs	2.0
751.3534678961853	0.03193959999998697	epochs	3.0
751.3854074961853	0.03170640000007552	epochs	3.0
751.4171138961854	0.0627266999999847	epochs	2.0
751.4171138961854	0.031476599999905375	epochs	3.0
751.4485904961853	0.03125010000007933	epochs	3.0
751.4798405961853	0.06183359999999993	epochs	2.0
751.4798405961853	0.03102689999991526	epochs	3.0
751.5108674961853	0.030806700000084675	epochs	3.0
751.5416741961853	0.060965599999917686	epochs	2.0
751.5416741961853	0.030589799999916067	epochs	3.0
751.5722639961853	0.030375800000001618	epochs	3.0
751.6026397961853	0.06012160000000222	epochs	2.0
751.6026397961853	0.030164900000045236	epochs	3.0
751.6328046961853	0.02995669999995698	epochs	3.0
751.6627613961853	0.05930069999999432	epochs	2.0
751.6627613961853	0.029751600000054168	epochs	3.0
751.6925129961853	0.029549099999940154	epochs	3.0
751.7220620961853	0.05850180000004457	epochs	2.0
751.7220620961853	0.02934940000000097	epochs	3.0
751.7514114961853	0.0291524000000436	epochs	3.0
751.7805638961853	0.057724200000052406	epochs	2.0
751.7805638961853	0.028957999999988715	epochs	3.0
751.8095218961853	0.02876620000006369	epochs	3.0
751.8382880961854	0.05696709999995164	epochs	2.0
751.8382880961854	0.028576999999927466	epochs	3.0
751.8668650961853	0.028390100000024177	epochs	3.0
751.8952551961853	0.05622949999997218	epochs	2.0
751.8952551961853	0.028205700000057732	epochs	3.0
751.9234608961854	0.028023799999914445	epochs	3.0
751.9514846961853	0.05551070000001346	epochs	2.0
751.9514846961853	0.02784400000007281	epochs	3.0
751.9793286961853	0.027666699999940647	epochs	3.0
752.0069953961853	0.054810200000019904	epochs	2.0
752.0069953961853	0.02749149999999645	epochs	3.0
752.0344868961853	0.027318700000023455	epochs	3.0
752.0618055961853	0.05412699999999404	epochs	2.0
752.0618055961853	0.027147799999966082	epochs	3.0
752.0889533961853	0.02697920000002796	epochs	3.0
752.1159325961853	0.053460699999959616	epochs	2.0
752.1159325961853	0.0268125999999711	epochs	3.0
752.1427451961853	0.026648099999988517	epochs	3.0
752.1693932961853	0.05281070000000909	epochs	2.0
752.1693932961853	0.026485600000000886	epochs	3.0
752.1958788961853	0.026325100000008206	epochs	3.0
752.2222039961853	0.05217620000007628	epochs	2.0
752.2222039961853	0.026166400000079193	epochs	3.0
752.2483703961854	0.026009799999997085	epochs	3.0
752.2743801961853	0.051556699999991906	epochs	2.0
752.2743801961853	0.025854799999933675	epochs	3.0
752.3002349961853	0.02570190000005823	epochs	3.0
752.3259368961853	0.05095189999997274	epochs	2.0
752.3259368961853	0.025550699999939752	epochs	3.0
752.3514875961853	0.025401200000032986	epochs	3.0
752.3768887961853	0.05036099999995258	epochs	2.0
752.3768887961853	0.025253499999962514	epochs	3.0
752.4021422961853	0.02510749999999007	epochs	3.0
752.4272497961853	0.049783800000000156	epochs	2.0
752.4272497961853	0.02496320000000196	epochs	3.0
752.4522129961853	0.024820599999998194	epochs	3.0
752.4770335961853	0.049219500000049266	epochs	2.0
752.4770335961853	0.02467940000008184	epochs	3.0
752.5017129961853	0.024540099999967424	epochs	3.0
752.5262530961853	0.048667899999941255	epochs	2.0
752.5262530961853	0.02440209999997478	epochs	3.0
752.5506551961853	0.024265799999966475	epochs	3.0
752.5749209961853	0.04812860000004093	epochs	2.0
752.5749209961853	0.024131000000011227	epochs	3.0
752.5990519961853	0.023997600000029706	epochs	3.0
752.6230495961853	0.04760109999995166	epochs	2.0
752.6230495961853	0.023865799999953197	epochs	3.0
752.6469153961852	0.02373529999999846	epochs	3.0
752.6706506961852	0.047085000000038235	epochs	2.0
752.6706506961852	0.02360630000009678	epochs	3.0
752.6942569961853	0.023478699999941455	epochs	3.0
752.7177356961853	0.04658000000006268	epochs	2.0
752.7177356961853	0.02335249999998723	epochs	3.0
752.7410881961853	0.02322750000007545	epochs	3.0
752.7643156961853	0.04608569999993506	epochs	2.0
752.7643156961853	0.023103999999989355	epochs	3.0
752.7874196961853	0.022981699999945704	epochs	3.0
752.8104013961853	0.045601799999985815	epochs	2.0
752.8104013961853	0.022860700000023826	epochs	3.0
752.8332620961853	0.02274109999996199	epochs	3.0
752.8560031961853	0.04512790000001132	epochs	2.0
752.8560031961853	0.022622500000011314	epochs	3.0
752.8786256961853	0.02250540000000001	epochs	3.0
752.9011310961853	0.044663799999966614	epochs	2.0
752.9011310961853	0.02238929999998618	epochs	3.0
752.9235203961853	0.022274499999980435	epochs	3.0
752.9457948961852	0.04420920000006845	epochs	2.0
752.9457948961852	0.022160800000051495	epochs	3.0
752.9679556961853	0.022048400000016954	epochs	3.0
752.9900040961853	0.043763600000033875	epochs	2.0
752.9900040961853	0.021936900000014248	epochs	3.0
753.0119409961853	0.021826700000019628	epochs	3.0
753.0337676961854	0.04332709999994222	epochs	2.0
753.0337676961854	0.021717599999988124	epochs	3.0
753.0554852961853	0.021609499999954096	epochs	3.0
753.0770947961853	0.04289900000003399	epochs	2.0
753.0770947961853	0.02150249999999687	epochs	3.0
753.0985972961853	0.021396500000037122	epochs	3.0
753.1199937961853	0.042479500000013104	epochs	2.0
753.1199937961853	0.02129170000000613	epochs	3.0
753.1412854961853	0.021187800000006973	epochs	3.0
753.1624732961853	0.042067900000006375	epochs	2.0
753.1624732961853	0.02108490000000529	epochs	3.0
753.1835581961853	0.020983000000001084	epochs	3.0
753.2045411961853	0.04166439999994509	epochs	2.0
753.2045411961853	0.020882199999959994	epochs	3.0
753.2254233961853	0.020782199999985096	epochs	3.0
753.2462055961853	0.04126850000000104	epochs	2.0
753.2462055961853	0.020683299999973315	epochs	3.0
753.2668888961853	0.020585200000027726	epochs	3.0
753.2874740961853	0.04088000000001557	epochs	2.0
753.2874740961853	0.020488099999965925	epochs	3.0
753.3079621961853	0.020391900000049645	epochs	3.0
753.3283540961853	0.04049880000002304	epochs	2.0
753.3283540961853	0.020296600000051512	epochs	3.0
753.3486506961854	0.020202199999971526	epochs	3.0
753.3688528961853	0.04012460000001283	epochs	2.0
753.3688528961853	0.020108699999923374	epochs	3.0
753.3889615961853	0.02001590000008946	epochs	3.0
753.4089774961853	0.039757299999905626	epochs	2.0
753.4089774961853	0.019924199999991288	epochs	3.0
753.4289016961853	0.01983309999991434	epochs	3.0
753.4487347961852	0.039396700000111196	epochs	2.0
753.4487347961852	0.01974300000006224	epochs	3.0
753.4684777961853	0.019653700000048957	epochs	3.0
753.4881314961854	0.03904239999997117	epochs	2.0
753.4881314961854	0.019565099999908853	epochs	3.0
753.5076965961853	0.019477300000062314	epochs	3.0
753.5271738961853	0.03869459999998526	epochs	2.0
753.5271738961853	0.019390400000020236	epochs	3.0
753.5465642961854	0.01930419999996502	epochs	3.0
753.5658684961853	0.03835289999994984	epochs	2.0
753.5658684961853	0.019218799999976	epochs	3.0
753.5850872961853	0.01913409999997384	epochs	3.0
753.6042213961853	0.03801720000001296	epochs	2.0
753.6042213961853	0.019050200000037876	epochs	3.0
753.6232715961853	0.018966999999975087	epochs	3.0
753.6422385961853	0.037687200000050325	epochs	2.0
753.6422385961853	0.01888450000001285	epochs	3.0
753.6611230961853	0.018802700000037476	epochs	3.0
753.6799257961853	0.03736309999999321	epochs	2.0
753.6799257961853	0.018721700000014607	epochs	3.0
753.6986474961853	0.018641399999978603	epochs	3.0
753.7172888961853	0.03704429999993408	epochs	2.0
753.7172888961853	0.01856159999999818	epochs	3.0
753.7358504961853	0.018482699999935903	epochs	3.0
753.7543331961853	0.0367310000000316	epochs	2.0
753.7543331961853	0.018404300000042895	epochs	3.0
753.7727374961853	0.018326699999988705	epochs	3.0
753.7910641961853	0.036422900000047775	epochs	2.0
753.7910641961853	0.018249599999990096	epochs	3.0
753.8093137961853	0.01817330000005768	epochs	3.0
753.8274870961853	0.03612009999994825	epochs	2.0
753.8274870961853	0.01809759999991911	epochs	3.0
753.8455846961853	0.01802250000002914	epochs	3.0
753.8636071961853	0.03582210000001851	epochs	2.0
753.8636071961853	0.017947899999967376	epochs	3.0
753.8815550961853	0.017874200000051133	epochs	3.0
753.8994292961853	0.03552899999999681	epochs	2.0
753.8994292961853	0.017800800000031813	epochs	3.0
753.9172300961853	0.017728199999965	epochs	3.0
753.9349582961853	0.03524070000003121	epochs	2.0
753.9349582961853	0.017656099999953767	epochs	3.0
753.9526143961853	0.017584600000077444	epochs	3.0
753.9701989961853	0.03495709999992869	epochs	2.0
753.9701989961853	0.01751369999999497	epochs	3.0
753.9877126961853	0.017443399999933717	epochs	3.0
754.0051560961853	0.03467790000001969	epochs	2.0
754.0051560961853	0.017373600000041733	epochs	3.0
754.0225296961853	0.017304299999977957	epochs	3.0
754.0398339961853	0.03440330000000813	epochs	2.0
754.0398339961853	0.01723570000001473	epochs	3.0
754.0570696961853	0.0171675999999934	epochs	3.0
754.0742372961853	0.0341328000000658	epochs	2.0
754.0742372961853	0.017099900000062007	epochs	3.0
754.0913371961853	0.017032900000003792	epochs	3.0
754.1083700961854	0.033866699999975935	epochs	2.0
754.1083700961854	0.01696640000000116	epochs	3.0
754.1253364961854	0.016900299999974777	epochs	3.0
754.1422367961853	0.03360459999998966	epochs	2.0
754.1422367961853	0.01683479999996962	epochs	3.0
754.1590715961853	0.01676980000002004	epochs	3.0
754.1758413961853	0.033346599999958926	epochs	2.0
754.1758413961853	0.016705300000012357	epochs	3.0
754.1925466961853	0.01664129999994657	epochs	3.0
754.2091879961853	0.03309250000006614	epochs	2.0
754.2091879961853	0.016577800000050047	epochs	3.0
754.2257657961853	0.01651470000001609	epochs	3.0
754.2422804961853	0.03284229999997024	epochs	2.0
754.2422804961853	0.01645220000000336	epochs	3.0
754.2587326961853	0.01639009999996688	epochs	3.0
754.2751227961853	0.03259570000000167	epochs	2.0
754.2751227961853	0.016328400000020338	epochs	3.0
754.2914511961853	0.016267299999981333	epochs	3.0
754.3077184961853	0.032352899999978035	epochs	2.0
754.3077184961853	0.016206600000032267	epochs	3.0
754.3239250961853	0.016146299999945768	epochs	3.0
754.3400713961853	0.03211369999996805	epochs	2.0
754.3400713961853	0.016086599999994178	epochs	3.0
754.3561579961853	0.01602709999997387	epochs	3.0
754.3721850961853	0.03187800000000607	epochs	2.0
754.3721850961853	0.015968200000088473	epochs	3.0
754.3881532961854	0.015909799999917595	epochs	3.0
754.4040630961853	0.031645700000012766	epochs	2.0
754.4040630961853	0.01585160000001906	epochs	3.0
754.4199146961853	0.015794099999993705	epochs	3.0
754.4357087961853	0.0314167000000225	epochs	2.0
754.4357087961853	0.015736700000047676	epochs	3.0
754.4514454961853	0.015679999999974825	epochs	3.0
754.4671254961853	0.031191100000000915	epochs	2.0
754.4671254961853	0.015623600000026272	epochs	3.0
754.4827490961853	0.015567499999974643	epochs	3.0
754.4983165961853	0.030968700000016725	epochs	2.0
754.4983165961853	0.015511999999944237	epochs	3.0
754.5138285961852	0.015456700000072487	epochs	3.0
754.5292852961853	0.030749499999956242	epochs	2.0
754.5292852961853	0.015401999999994587	epochs	3.0
754.5446872961853	0.015347499999961656	epochs	3.0
754.5600347961853	0.03053320000003623	epochs	2.0
754.5600347961853	0.015293400000018664	epochs	3.0
754.5753281961853	0.015239800000017567	epochs	3.0
754.5905679961853	0.03032010000003993	epochs	2.0
754.5905679961853	0.015186500000027081	epochs	3.0
754.6057544961853	0.015133600000012848	epochs	3.0
754.6208880961854	0.030109899999956724	epochs	2.0
754.6208880961854	0.015080999999895539	epochs	3.0
754.6359690961852	0.015028900000061185	epochs	3.0
754.6509979961853	0.02990250000004835	epochs	2.0
754.6509979961853	0.014977000000044427	epochs	3.0
754.6659749961854	0.014925500000003922	epochs	3.0
754.6809004961854	0.029698099999905025	epochs	2.0
754.6809004961854	0.01487439999993967	epochs	3.0
754.6957748961853	0.014823699999965356	epochs	3.0
754.7105985961853	0.02949630000000525	epochs	2.0
754.7105985961853	0.014773200000036013	epochs	3.0
754.7253717961853	0.014723099999969236	epochs	3.0
754.7400948961853	0.02929740000001857	epochs	2.0
754.7400948961853	0.014673399999992398	epochs	3.0
754.7547682961853	0.014624000000026172	epochs	3.0
754.7693922961853	0.029101100000048064	epochs	2.0
754.7693922961853	0.014574900000070556	epochs	3.0
754.7839671961854	0.014526199999977507	epochs	3.0
754.7984933961853	0.028907399999980044	epochs	2.0
754.7984933961853	0.014477699999929428	epochs	3.0
754.8129710961853	0.014429700000050616	epochs	3.0
754.8274007961853	0.028716199999962555	epochs	2.0
754.8274007961853	0.014381800000023759	epochs	3.0
754.8417825961853	0.014334399999938796	epochs	3.0
754.8561169961853	0.028527600000074926	epochs	2.0
754.8561169961853	0.01428720000001249	epochs	3.0
754.8704041961853	0.014240400000062436	epochs	3.0
754.8846445961854	0.028341399999931127	epochs	2.0
754.8846445961854	0.014193799999929979	epochs	3.0
754.8988383961853	0.014147600000001148	epochs	3.0
754.9129859961853	0.028157700000065233	epochs	2.0
754.9129859961853	0.014101699999969242	epochs	3.0
754.9270876961853	0.014056000000095992	epochs	3.0
754.9411436961853	0.027976299999977527	epochs	2.0
754.9411436961853	0.01401060000000598	epochs	3.0
754.9551542961854	0.013965699999971548	epochs	3.0
754.9691199961853	0.02779720000000907	epochs	2.0
754.9691199961853	0.013920799999937117	epochs	3.0
754.9830407961853	0.013876400000071953	epochs	3.0
754.9969171961853	0.027620399999932488	epochs	2.0
754.9969171961853	0.0138321999999107	epochs	3.0
755.0107493961852	0.013788200000021789	epochs	3.0
755.0245375961853	0.02744590000008884	epochs	2.0
755.0245375961853	0.013744599999995444	epochs	3.0
755.0382821961853	0.013701300000093397	epochs	3.0
755.0519834961854	0.027273499999978412	epochs	2.0
755.0519834961854	0.01365819999989526	epochs	3.0
755.0656416961853	0.013615300000083153	epochs	3.0
755.0792569961853	0.027103399999987232	epochs	2.0
755.0792569961853	0.013572800000019924	epochs	3.0
755.0928297961854	0.013530599999967308	epochs	3.0
755.1063603961853	0.02693520000002536	epochs	2.0
755.1063603961853	0.013488400000028378	epochs	3.0
755.1198487961854	0.013446799999996983	epochs	3.0
755.1332955961853	0.026769199999989723	epochs	2.0
755.1332955961853	0.013405199999965589	epochs	3.0
755.1467007961853	0.013364000000024134	epochs	3.0
755.1600647961853	0.026605199999949036	epochs	2.0
755.1600647961853	0.013322899999934634	epochs	3.0
755.1733876961853	0.013282300000014402	epochs	3.0
755.1866699961853	0.026443200000016986	epochs	2.0
755.1866699961853	0.013241699999980483	epochs	3.0
755.1999116961853	0.013201500000036503	epochs	3.0
755.2131131961853	0.0262831999999662	epochs	2.0
755.2131131961853	0.013161500000023807	epochs	3.0
755.2262746961853	0.013121699999942393	epochs	3.0
755.2393963961853	0.02612499999997908	epochs	2.0
755.2393963961853	0.013082100000019636	epochs	3.0
755.2524784961853	0.013042899999959445	epochs	3.0
755.2655213961852	0.025968900000066242	epochs	2.0
755.2655213961852	0.01300390000005791	epochs	3.0
755.2785252961853	0.012965000000008331	epochs	3.0
755.2914902961853	0.025814500000024054	epochs	2.0
755.2914902961853	0.012926399999969362	epochs	3.0
755.3044166961853	0.012888100000054692	epochs	3.0
755.3173047961853	0.025661899999931848	epochs	2.0
755.3173047961853	0.012849899999991976	epochs	3.0
755.3301546961853	0.012811999999939871	epochs	3.0
755.3429666961853	0.025511199999982637	epochs	2.0
755.3429666961853	0.012774400000012065	epochs	3.0
755.3557410961853	0.012736799999970572	epochs	3.0
755.3684778961853	0.025362300000097093	epochs	2.0
755.3684778961853	0.012699700000098346	epochs	3.0
755.3811775961854	0.012662599999998747	epochs	3.0
755.3938401961854	0.025215000000002874	epochs	2.0
755.3938401961854	0.01262579999990976	epochs	3.0
755.4064659961853	0.012589200000093115	epochs	3.0
755.4190551961854	0.024584799999956886	epochs	2.0
755.4419989961852	0.5	epochs	-1.0
755.4436399961853	0.9999199999999746	epochs	1.0
755.9419989961852	0.5	epochs	-1.0
757.0710000991821	0.11464000000000851	epochs	0.0
757.0710000991821	0.05232169999999314	epochs	1.0
757.1233217991821	0.009996600000022227	epochs	1.0
757.1333183991821	0.05232169999999314	epochs	1.0
757.1856400991821	2.0	epochs	0.0
759.1856400991821	0.5449599999999464	epochs	0.0
759.1856400991821	0.5449599999999464	epochs	1.0
759.1856790991822	0.5	epochs	-1.0
759.6856790991822	0.044920999999931155	epochs	-1.0
759.7306000991821	21.45496000000003	epochs	0.0
760.8949999809265	0.11464000000000851	epochs	0.0
760.8949999809265	0.05232169999999314	epochs	1.0
760.9473216809265	0.009996600000022227	epochs	1.0
760.9573182809265	0.05232169999999314	epochs	1.0
761.0096399809265	2.0	epochs	0.0
763.0096399809265	21.544880000000035	epochs	0.0
763.0096399809265	1.0	epochs	1.0
763.0096789809265	0.5	epochs	-1.0
763.5096789809265	19.99831999999992	epochs	-1.0
764.0096399809265	20.0	epochs	1.0
764.0096399809265	4.356753899999944	epochs	-1.0
764.0096399809265	1.9745871999999736	epochs	2.0
764.0096399809265	1.0985621999999466	epochs	3.0
765.1082021809265	0.8760250000000269	epochs	3.0
765.9842271809265	1.3524075000000266	epochs	2.0
765.9842271809265	0.7286354999999958	epochs	3.0
766.7128626809265	0.6237720000000309	epochs	3.0
767.3366346809265	1.029759199999944	epochs	2.0
767.3366346809265	0.5453292999999348	epochs	3.0
767.8819639809265	0.4844299000000092	epochs	3.0
768.3663938809265	0.8317862000000105	epochs	2.0
768.3663938809265	0.4357763000000432	epochs	3.0
768.8021701809265	0.3960098999999673	epochs	3.0
769.1981800809265	0.6977970000000369	epochs	2.0
769.1981800809265	0.3628982000000178	epochs	3.0
769.5610782809265	0.33489880000001904	epochs	3.0
769.8959770809265	0.601045699999986	epochs	2.0
769.8959770809265	0.3109123000000409	epochs	3.0
770.2068893809266	0.29013339999994514	epochs	3.0
770.4970227809265	0.5278859000000011	epochs	2.0
770.4970227809265	0.2719586000000618	epochs	3.0
770.7689813809266	0.25592729999993935	epochs	3.0
771.0249086809265	0.4706193000000667	epochs	2.0
771.0249086809265	0.241681299999982	epochs	3.0
771.2665899809265	0.22893800000008468	epochs	3.0
771.4955279809266	0.42457039999999324	epochs	2.0
771.4955279809266	0.2174713999999085	epochs	3.0
771.7129993809265	0.20709900000008474	epochs	3.0
771.9200983809266	0.3867353999999068	epochs	2.0
771.9200983809266	0.19767109999997956	epochs	3.0
772.1177694809265	0.18906429999992724	epochs	3.0
772.3068337809265	0.3550953000000163	epochs	2.0
772.3068337809265	0.18117590000008477	epochs	3.0
772.4880096809266	0.17391939999993156	epochs	3.0
772.6619290809265	0.3282431000000088	epochs	2.0
772.6619290809265	0.1672219000000723	epochs	3.0
772.8291509809266	0.16102119999993647	epochs	3.0
772.9901721809265	0.30516799999998057	epochs	2.0
772.9901721809265	0.15526390000002266	epochs	3.0
773.1454360809265	0.1499040999999579	epochs	3.0
773.2953401809265	0.28512530000000424	epochs	2.0
773.2953401809265	0.1449021000000812	epochs	3.0
773.4402422809266	0.14022319999992305	epochs	3.0
773.5804654809265	0.267553800000087	epochs	2.0
773.5804654809265	0.1358369000000721	epochs	3.0
773.7163023809265	0.1317169000000149	epochs	3.0
773.8480192809266	0.252022899999929	epochs	2.0
773.8480192809266	0.1278393000000051	epochs	3.0
773.9758585809266	0.1241835999999239	epochs	3.0
774.1000421809265	0.23819650000007186	epochs	2.0
774.1000421809265	0.12073110000005727	epochs	3.0
774.2207732809266	0.1174654000000146	epochs	3.0
774.3382386809266	0.2258087999999816	epochs	2.0
774.3382386809266	0.1143718999999237	epochs	3.0
774.4526105809265	0.1114369000000579	epochs	3.0
774.5640474809265	0.2146460000000161	epochs	2.0
774.5640474809265	0.10864889999993466	epochs	3.0
774.6726963809265	0.10599710000008145	epochs	3.0
774.7786934809266	0.20453499999996438	epochs	2.0
774.7786934809266	0.10347149999995509	epochs	3.0
774.8821649809265	0.1010635000000093	epochs	3.0
774.9832284809265	0.19533400000000256	epochs	2.0
774.9832284809265	0.09876510000003691	epochs	3.0
775.0819935809266	0.09656889999996565	epochs	3.0
775.1785624809265	0.18692529999998442	epochs	2.0
775.1785624809265	0.09446830000001682	epochs	3.0
775.2730307809265	0.09245699999996759	epochs	3.0
775.3654877809265	0.17921069999999872	epochs	2.0
775.3654877809265	0.09052959999996801	epochs	3.0
775.4560173809265	0.08868110000003071	epochs	3.0
775.5446984809265	0.17210769999996955	epochs	2.0
775.5446984809265	0.08690630000000965	epochs	3.0
775.6316047809265	0.0852013999999599	epochs	3.0
775.7168061809265	0.16554640000003928	epochs	2.0
775.7168061809265	0.08356190000006336	epochs	3.0
775.8003680809265	0.08198449999997592	epochs	3.0
775.8823525809265	0.15946710000002895	epochs	2.0
775.8823525809265	0.08046539999998004	epochs	3.0
775.9628179809265	0.07900170000004891	epochs	3.0
776.0418196809266	0.15381839999997737	epochs	2.0
776.0418196809266	0.07759009999995214	epochs	3.0
776.1194097809265	0.07622830000002523	epochs	3.0
776.1956380809265	0.14855639999996129	epochs	2.0
776.1956380809265	0.07491329999993468	epochs	3.0
776.2705513809265	0.0736431000000266	epochs	3.0
776.3441944809265	0.14364239999997608	epochs	2.0
776.3441944809265	0.07241499999997814	epochs	3.0
776.4166094809265	0.07122739999999794	epochs	3.0
776.4878368809265	0.13904310000009446	epochs	2.0
776.4878368809265	0.07007800000008046	epochs	3.0
776.5579148809265	0.06896510000001399	epochs	3.0
776.6268799809266	0.1347293000000036	epochs	2.0
776.6268799809266	0.0678871000000072	epochs	3.0
776.6947670809266	0.06684219999999641	epochs	3.0
776.7616092809266	0.13067519999992783	epochs	2.0
776.7616092809266	0.06582909999997355	epochs	3.0
776.8274383809265	0.06484609999995428	epochs	3.0
776.8922844809265	0.12685780000003888	epochs	2.0
776.8922844809265	0.06389200000000983	epochs	3.0
776.9561764809265	0.06296580000002905	epochs	3.0
777.0191422809265	0.12325720000001184	epochs	2.0
777.0191422809265	0.06206580000002759	epochs	3.0
777.0812080809266	0.06119139999998424	epochs	3.0
777.1423994809265	0.11985540000000583	epochs	2.0
777.1423994809265	0.060341099999959624	epochs	3.0
777.2027405809265	0.059514300000046205	epochs	3.0
777.2622548809265	0.11663620000001629	epochs	2.0
777.2622548809265	0.058709599999929196	epochs	3.0
777.3209644809265	0.05792660000008709	epochs	3.0
777.3788910809266	0.11358559999996487	epochs	2.0
777.3788910809266	0.05716419999998834	epochs	3.0
777.4360552809266	0.05642139999997653	epochs	3.0
777.4924766809265	0.11069050000003244	epochs	2.0
777.4924766809265	0.055697900000041045	epochs	3.0
777.5481745809266	0.0549925999999914	epochs	3.0
777.6031671809266	0.10793909999995321	epochs	2.0
777.6031671809266	0.05430489999992005	epochs	3.0
777.6574720809265	0.05363420000003316	epochs	3.0
777.7111062809265	0.10532149999994544	epochs	2.0
777.7111062809265	0.05298000000004777	epochs	3.0
777.7640862809266	0.05234149999989768	epochs	3.0
777.8164277809265	0.10282760000006874	epochs	2.0
777.8164277809265	0.05171810000001642	epochs	3.0
777.8681458809265	0.05110950000005232	epochs	3.0
777.9192553809265	0.10044909999999163	epochs	2.0
777.9192553809265	0.05051489999993919	epochs	3.0
777.9697702809265	0.04993420000005244	epochs	3.0
778.0197044809265	0.0981782999999723	epochs	2.0
778.0197044809265	0.04936659999998483	epochs	3.0
778.0690710809265	0.04881169999998747	epochs	3.0
778.1178827809265	0.09600780000005216	epochs	2.0
778.1178827809265	0.04826920000004975	epochs	3.0
778.1661519809265	0.04773860000000241	epochs	3.0
778.2138905809265	0.09393119999992905	epochs	2.0
778.2138905809265	0.04721949999998287	epochs	3.0
778.2611100809265	0.04671169999994618	epochs	3.0
778.3078217809265	0.09194260000003851	epochs	2.0
778.3078217809265	0.046214599999984785	epochs	3.0
778.3540363809265	0.045728000000053726	epochs	3.0
778.3997643809265	0.09003629999995155	epochs	2.0
778.3997643809265	0.045251499999949374	epochs	3.0
778.4450158809265	0.04478480000000218	epochs	3.0
778.4898006809265	0.08820760000003247	epochs	2.0
778.4898006809265	0.044327800000019124	epochs	3.0
778.5341284809265	0.04387980000001335	epochs	3.0
778.5780082809265	0.0864516999999978	epochs	2.0
778.5780082809265	0.04344100000002982	epochs	3.0
778.6214492809265	0.04301069999996798	epochs	3.0
778.6644599809265	0.08476429999996071	epochs	2.0
778.6644599809265	0.04258900000002086	epochs	3.0
778.7070489809265	0.04217529999993985	epochs	3.0
778.7492242809265	0.08314150000001064	epochs	2.0
778.7492242809265	0.04176970000003166	epochs	3.0
778.7909939809265	0.041371799999978975	epochs	3.0
778.8323657809265	0.08157970000002024	epochs	2.0
778.8323657809265	0.04098140000007788	epochs	3.0
778.8733471809265	0.040598299999942355	epochs	3.0
778.9139454809265	0.08007550000002084	epochs	2.0
778.9139454809265	0.04022229999998217	epochs	3.0
778.9541677809265	0.03985320000003867	epochs	3.0
778.9940209809265	0.07862569999997504	epochs	2.0
778.9940209809265	0.0394907999999532	epochs	3.0
779.0335117809265	0.039134900000021844	epochs	3.0
779.0726466809265	0.07722760000001472	epochs	2.0
779.0726466809265	0.038785400000051595	epochs	3.0
779.1114320809265	0.03844219999996312	epochs	3.0
779.1498742809265	0.07587820000003376	epochs	2.0
779.1498742809265	0.038104800000041905	epochs	3.0
779.1879790809265	0.03777339999999185	epochs	3.0
779.2257524809265	0.0745752000000266	epochs	2.0
779.2257524809265	0.03744770000002973	epochs	3.0
779.2632001809266	0.03712749999999687	epochs	3.0
779.3003276809266	0.07331629999998768	epochs	2.0
779.3003276809266	0.036812899999972615	epochs	3.0
779.3371405809265	0.03650340000001506	epochs	3.0
779.3736439809265	0.07209899999998015	epochs	2.0
779.3736439809265	0.03619909999997617	epochs	3.0
779.4098430809265	0.03589990000000398	epochs	3.0
779.4457429809265	0.07092169999998532	epochs	2.0
779.4457429809265	0.03560559999993984	epochs	3.0
779.4813485809265	0.03531610000004548	epochs	3.0
779.5166646809265	0.06978200000003199	epochs	2.0
779.5166646809265	0.03503120000004856	epochs	3.0
779.5516958809266	0.03475079999998343	epochs	3.0
779.5864466809265	0.06867859999999837	epochs	2.0
779.5864466809265	0.03447510000000875	epochs	3.0
779.6209217809266	0.03420349999998962	epochs	3.0
779.6551252809265	0.06760929999995824	epochs	2.0
779.6551252809265	0.033936199999970995	epochs	3.0
779.6890614809265	0.033673099999987244	epochs	3.0
779.7227345809265	0.06657289999998284	epochs	2.0
779.7227345809265	0.03341399999999339	epochs	3.0
779.7561485809265	0.033158899999989444	epochs	3.0
779.7893074809265	0.06556780000005347	epochs	2.0
779.7893074809265	0.032907700000009754	epochs	3.0
779.8222151809265	0.03266010000004371	epochs	3.0
779.8548752809265	0.06459259999996902	epochs	2.0
779.8548752809265	0.032416399999988244	epochs	3.0
779.8872916809265	0.03217619999998078	epochs	3.0
779.9194678809265	0.06364600000006249	epochs	2.0
779.9194678809265	0.03193959999998697	epochs	3.0
779.9514074809265	0.03170640000007552	epochs	3.0
779.9831138809266	0.0627266999999847	epochs	2.0
779.9831138809266	0.031476599999905375	epochs	3.0
780.0145904809265	0.03125010000007933	epochs	3.0
780.0458405809266	0.06183359999999993	epochs	2.0
780.0458405809266	0.03102689999991526	epochs	3.0
780.0768674809265	0.030806700000084675	epochs	3.0
780.1076741809266	0.060965599999917686	epochs	2.0
780.1076741809266	0.030589799999916067	epochs	3.0
780.1382639809265	0.030375800000001618	epochs	3.0
780.1686397809265	0.06012160000000222	epochs	2.0
780.1686397809265	0.030164900000045236	epochs	3.0
780.1988046809265	0.02995669999995698	epochs	3.0
780.2287613809265	0.05930069999999432	epochs	2.0
780.2287613809265	0.029751600000054168	epochs	3.0
780.2585129809265	0.029549099999940154	epochs	3.0
780.2880620809265	0.05850180000004457	epochs	2.0
780.2880620809265	0.02934940000000097	epochs	3.0
780.3174114809265	0.0291524000000436	epochs	3.0
780.3465638809265	0.057724200000052406	epochs	2.0
780.3465638809265	0.028957999999988715	epochs	3.0
780.3755218809265	0.02876620000006369	epochs	3.0
780.4042880809266	0.05696709999995164	epochs	2.0
780.4042880809266	0.028576999999927466	epochs	3.0
780.4328650809265	0.028390100000024177	epochs	3.0
780.4612551809265	0.05622949999997218	epochs	2.0
780.4612551809265	0.028205700000057732	epochs	3.0
780.4894608809266	0.028023799999914445	epochs	3.0
780.5174846809265	0.05551070000001346	epochs	2.0
780.5174846809265	0.02784400000007281	epochs	3.0
780.5453286809266	0.027666699999940647	epochs	3.0
780.5729953809265	0.054810200000019904	epochs	2.0
780.5729953809265	0.02749149999999645	epochs	3.0
780.6004868809265	0.027318700000023455	epochs	3.0
780.6278055809265	0.05412699999999404	epochs	2.0
780.6278055809265	0.027147799999966082	epochs	3.0
780.6549533809265	0.02697920000002796	epochs	3.0
780.6819325809265	0.053460699999959616	epochs	2.0
780.6819325809265	0.0268125999999711	epochs	3.0
780.7087451809265	0.026648099999988517	epochs	3.0
780.7353932809265	0.05281070000000909	epochs	2.0
780.7353932809265	0.026485600000000886	epochs	3.0
780.7618788809265	0.026325100000008206	epochs	3.0
780.7882039809265	0.05217620000007628	epochs	2.0
780.7882039809265	0.026166400000079193	epochs	3.0
780.8143703809266	0.026009799999997085	epochs	3.0
780.8403801809266	0.051556699999991906	epochs	2.0
780.8403801809266	0.025854799999933675	epochs	3.0
780.8662349809265	0.02570190000005823	epochs	3.0
780.8919368809266	0.05095189999997274	epochs	2.0
780.8919368809266	0.025550699999939752	epochs	3.0
780.9174875809265	0.025401200000032986	epochs	3.0
780.9428887809265	0.05036099999995258	epochs	2.0
780.9428887809265	0.025253499999962514	epochs	3.0
780.9681422809265	0.02510749999999007	epochs	3.0
780.9932497809265	0.049783800000000156	epochs	2.0
780.9932497809265	0.02496320000000196	epochs	3.0
781.0182129809265	0.024820599999998194	epochs	3.0
781.0430335809265	0.049219500000049266	epochs	2.0
781.0430335809265	0.02467940000008184	epochs	3.0
781.0677129809266	0.024540099999967424	epochs	3.0
781.0922530809265	0.048667899999941255	epochs	2.0
781.0922530809265	0.02440209999997478	epochs	3.0
781.1166551809265	0.024265799999966475	epochs	3.0
781.1409209809265	0.04812860000004093	epochs	2.0
781.1409209809265	0.024131000000011227	epochs	3.0
781.1650519809265	0.023997600000029706	epochs	3.0
781.1890495809265	0.04760109999995166	epochs	2.0
781.1890495809265	0.023865799999953197	epochs	3.0
781.2129153809265	0.02373529999999846	epochs	3.0
781.2366506809265	0.047085000000038235	epochs	2.0
781.2366506809265	0.02360630000009678	epochs	3.0
781.2602569809266	0.023478699999941455	epochs	3.0
781.2837356809265	0.04658000000006268	epochs	2.0
781.2837356809265	0.02335249999998723	epochs	3.0
781.3070881809265	0.02322750000007545	epochs	3.0
781.3303156809266	0.04608569999993506	epochs	2.0
781.3303156809266	0.023103999999989355	epochs	3.0
781.3534196809265	0.022981699999945704	epochs	3.0
781.3764013809265	0.045601799999985815	epochs	2.0
781.3764013809265	0.022860700000023826	epochs	3.0
781.3992620809265	0.02274109999996199	epochs	3.0
781.4220031809265	0.04512790000001132	epochs	2.0
781.4220031809265	0.022622500000011314	epochs	3.0
781.4446256809265	0.02250540000000001	epochs	3.0
781.4671310809265	0.044663799999966614	epochs	2.0
781.4671310809265	0.02238929999998618	epochs	3.0
781.4895203809265	0.022274499999980435	epochs	3.0
781.5117948809265	0.04420920000006845	epochs	2.0
781.5117948809265	0.022160800000051495	epochs	3.0
781.5339556809265	0.022048400000016954	epochs	3.0
781.5560040809265	0.043763600000033875	epochs	2.0
781.5560040809265	0.021936900000014248	epochs	3.0
781.5779409809265	0.021826700000019628	epochs	3.0
781.5997676809266	0.04332709999994222	epochs	2.0
781.5997676809266	0.021717599999988124	epochs	3.0
781.6214852809265	0.021609499999954096	epochs	3.0
781.6430947809265	0.04289900000003399	epochs	2.0
781.6430947809265	0.02150249999999687	epochs	3.0
781.6645972809265	0.021396500000037122	epochs	3.0
781.6859937809265	0.042479500000013104	epochs	2.0
781.6859937809265	0.02129170000000613	epochs	3.0
781.7072854809265	0.021187800000006973	epochs	3.0
781.7284732809266	0.042067900000006375	epochs	2.0
781.7284732809266	0.02108490000000529	epochs	3.0
781.7495581809266	0.020983000000001084	epochs	3.0
781.7705411809266	0.04166439999994509	epochs	2.0
781.7705411809266	0.020882199999959994	epochs	3.0
781.7914233809265	0.020782199999985096	epochs	3.0
781.8122055809265	0.04126850000000104	epochs	2.0
781.8122055809265	0.020683299999973315	epochs	3.0
781.8328888809265	0.020585200000027726	epochs	3.0
781.8534740809265	0.04088000000001557	epochs	2.0
781.8534740809265	0.020488099999965925	epochs	3.0
781.8739621809265	0.020391900000049645	epochs	3.0
781.8943540809265	0.04049880000002304	epochs	2.0
781.8943540809265	0.020296600000051512	epochs	3.0
781.9146506809266	0.020202199999971526	epochs	3.0
781.9348528809265	0.04012460000001283	epochs	2.0
781.9348528809265	0.020108699999923374	epochs	3.0
781.9549615809265	0.02001590000008946	epochs	3.0
781.9749774809266	0.039757299999905626	epochs	2.0
781.9749774809266	0.019924199999991288	epochs	3.0
781.9949016809265	0.01983309999991434	epochs	3.0
782.0147347809265	0.039396700000111196	epochs	2.0
782.0147347809265	0.01974300000006224	epochs	3.0
782.0344777809265	0.019653700000048957	epochs	3.0
782.0541314809266	0.03904239999997117	epochs	2.0
782.0541314809266	0.019565099999908853	epochs	3.0
782.0736965809265	0.019477300000062314	epochs	3.0
782.0931738809265	0.03869459999998526	epochs	2.0
782.0931738809265	0.019390400000020236	epochs	3.0
782.1125642809266	0.01930419999996502	epochs	3.0
782.1318684809265	0.03835289999994984	epochs	2.0
782.1318684809265	0.019218799999976	epochs	3.0
782.1510872809265	0.01913409999997384	epochs	3.0
782.1702213809265	0.03801720000001296	epochs	2.0
782.1702213809265	0.019050200000037876	epochs	3.0
782.1892715809265	0.018966999999975087	epochs	3.0
782.2082385809265	0.037687200000050325	epochs	2.0
782.2082385809265	0.01888450000001285	epochs	3.0
782.2271230809265	0.018802700000037476	epochs	3.0
782.2459257809265	0.03736309999999321	epochs	2.0
782.2459257809265	0.018721700000014607	epochs	3.0
782.2646474809266	0.018641399999978603	epochs	3.0
782.2832888809265	0.03704429999993408	epochs	2.0
782.2832888809265	0.01856159999999818	epochs	3.0
782.3018504809265	0.018482699999935903	epochs	3.0
782.3203331809265	0.0367310000000316	epochs	2.0
782.3203331809265	0.018404300000042895	epochs	3.0
782.3387374809265	0.018326699999988705	epochs	3.0
782.3570641809265	0.036422900000047775	epochs	2.0
782.3570641809265	0.018249599999990096	epochs	3.0
782.3753137809265	0.01817330000005768	epochs	3.0
782.3934870809265	0.03612009999994825	epochs	2.0
782.3934870809265	0.01809759999991911	epochs	3.0
782.4115846809265	0.01802250000002914	epochs	3.0
782.4296071809265	0.03582210000001851	epochs	2.0
782.4296071809265	0.017947899999967376	epochs	3.0
782.4475550809265	0.017874200000051133	epochs	3.0
782.4654292809265	0.03552899999999681	epochs	2.0
782.4654292809265	0.017800800000031813	epochs	3.0
782.4832300809265	0.017728199999965	epochs	3.0
782.5009582809265	0.03524070000003121	epochs	2.0
782.5009582809265	0.017656099999953767	epochs	3.0
782.5186143809265	0.017584600000077444	epochs	3.0
782.5361989809265	0.03495709999992869	epochs	2.0
782.5361989809265	0.01751369999999497	epochs	3.0
782.5537126809265	0.017443399999933717	epochs	3.0
782.5711560809265	0.03467790000001969	epochs	2.0
782.5711560809265	0.017373600000041733	epochs	3.0
782.5885296809265	0.017304299999977957	epochs	3.0
782.6058339809265	0.03440330000000813	epochs	2.0
782.6058339809265	0.01723570000001473	epochs	3.0
782.6230696809265	0.0171675999999934	epochs	3.0
782.6402372809265	0.0341328000000658	epochs	2.0
782.6402372809265	0.017099900000062007	epochs	3.0
782.6573371809266	0.017032900000003792	epochs	3.0
782.6743700809266	0.033866699999975935	epochs	2.0
782.6743700809266	0.01696640000000116	epochs	3.0
782.6913364809266	0.016900299999974777	epochs	3.0
782.7082367809265	0.03360459999998966	epochs	2.0
782.7082367809265	0.01683479999996962	epochs	3.0
782.7250715809265	0.01676980000002004	epochs	3.0
782.7418413809265	0.033346599999958926	epochs	2.0
782.7418413809265	0.016705300000012357	epochs	3.0
782.7585466809265	0.01664129999994657	epochs	3.0
782.7751879809265	0.03309250000006614	epochs	2.0
782.7751879809265	0.016577800000050047	epochs	3.0
782.7917657809265	0.01651470000001609	epochs	3.0
782.8082804809266	0.03284229999997024	epochs	2.0
782.8082804809266	0.01645220000000336	epochs	3.0
782.8247326809266	0.01639009999996688	epochs	3.0
782.8411227809265	0.03259570000000167	epochs	2.0
782.8411227809265	0.016328400000020338	epochs	3.0
782.8574511809265	0.016267299999981333	epochs	3.0
782.8737184809265	0.032352899999978035	epochs	2.0
782.8737184809265	0.016206600000032267	epochs	3.0
782.8899250809266	0.016146299999945768	epochs	3.0
782.9060713809265	0.03211369999996805	epochs	2.0
782.9060713809265	0.016086599999994178	epochs	3.0
782.9221579809265	0.01602709999997387	epochs	3.0
782.9381850809265	0.03187800000000607	epochs	2.0
782.9381850809265	0.015968200000088473	epochs	3.0
782.9541532809266	0.015909799999917595	epochs	3.0
782.9700630809265	0.031645700000012766	epochs	2.0
782.9700630809265	0.01585160000001906	epochs	3.0
782.9859146809265	0.015794099999993705	epochs	3.0
783.0017087809265	0.0314167000000225	epochs	2.0
783.0017087809265	0.015736700000047676	epochs	3.0
783.0174454809265	0.015679999999974825	epochs	3.0
783.0331254809265	0.031191100000000915	epochs	2.0
783.0331254809265	0.015623600000026272	epochs	3.0
783.0487490809265	0.015567499999974643	epochs	3.0
783.0643165809265	0.030968700000016725	epochs	2.0
783.0643165809265	0.015511999999944237	epochs	3.0
783.0798285809265	0.015456700000072487	epochs	3.0
783.0952852809265	0.030749499999956242	epochs	2.0
783.0952852809265	0.015401999999994587	epochs	3.0
783.1106872809265	0.015347499999961656	epochs	3.0
783.1260347809265	0.03053320000003623	epochs	2.0
783.1260347809265	0.015293400000018664	epochs	3.0
783.1413281809265	0.015239800000017567	epochs	3.0
783.1565679809265	0.03032010000003993	epochs	2.0
783.1565679809265	0.015186500000027081	epochs	3.0
783.1717544809266	0.015133600000012848	epochs	3.0
783.1868880809266	0.030109899999956724	epochs	2.0
783.1868880809266	0.015080999999895539	epochs	3.0
783.2019690809265	0.015028900000061185	epochs	3.0
783.2169979809265	0.02990250000004835	epochs	2.0
783.2169979809265	0.014977000000044427	epochs	3.0
783.2319749809266	0.014925500000003922	epochs	3.0
783.2469004809266	0.029698099999905025	epochs	2.0
783.2469004809266	0.01487439999993967	epochs	3.0
783.2617748809265	0.014823699999965356	epochs	3.0
783.2765985809265	0.02949630000000525	epochs	2.0
783.2765985809265	0.014773200000036013	epochs	3.0
783.2913717809265	0.014723099999969236	epochs	3.0
783.3060948809265	0.02929740000001857	epochs	2.0
783.3060948809265	0.014673399999992398	epochs	3.0
783.3207682809265	0.014624000000026172	epochs	3.0
783.3353922809265	0.029101100000048064	epochs	2.0
783.3353922809265	0.014574900000070556	epochs	3.0
783.3499671809266	0.014526199999977507	epochs	3.0
783.3644933809265	0.028907399999980044	epochs	2.0
783.3644933809265	0.014477699999929428	epochs	3.0
783.3789710809265	0.014429700000050616	epochs	3.0
783.3934007809265	0.028716199999962555	epochs	2.0
783.3934007809265	0.014381800000023759	epochs	3.0
783.4077825809266	0.014334399999938796	epochs	3.0
783.4221169809265	0.028527600000074926	epochs	2.0
783.4221169809265	0.01428720000001249	epochs	3.0
783.4364041809265	0.014240400000062436	epochs	3.0
783.4506445809266	0.028341399999931127	epochs	2.0
783.4506445809266	0.014193799999929979	epochs	3.0
783.4648383809265	0.014147600000001148	epochs	3.0
783.4789859809265	0.028157700000065233	epochs	2.0
783.4789859809265	0.014101699999969242	epochs	3.0
783.4930876809265	0.014056000000095992	epochs	3.0
783.5071436809266	0.027976299999977527	epochs	2.0
783.5071436809266	0.01401060000000598	epochs	3.0
783.5211542809266	0.013965699999971548	epochs	3.0
783.5351199809265	0.02779720000000907	epochs	2.0
783.5351199809265	0.013920799999937117	epochs	3.0
783.5490407809265	0.013876400000071953	epochs	3.0
783.5629171809265	0.027620399999932488	epochs	2.0
783.5629171809265	0.0138321999999107	epochs	3.0
783.5767493809265	0.013788200000021789	epochs	3.0
783.5905375809265	0.02744590000008884	epochs	2.0
783.5905375809265	0.013744599999995444	epochs	3.0
783.6042821809265	0.013701300000093397	epochs	3.0
783.6179834809266	0.027273499999978412	epochs	2.0
783.6179834809266	0.01365819999989526	epochs	3.0
783.6316416809265	0.013615300000083153	epochs	3.0
783.6452569809265	0.027103399999987232	epochs	2.0
783.6452569809265	0.013572800000019924	epochs	3.0
783.6588297809266	0.013530599999967308	epochs	3.0
783.6723603809265	0.02693520000002536	epochs	2.0
783.6723603809265	0.013488400000028378	epochs	3.0
783.6858487809266	0.013446799999996983	epochs	3.0
783.6992955809266	0.026769199999989723	epochs	2.0
783.6992955809266	0.013405199999965589	epochs	3.0
783.7127007809265	0.013364000000024134	epochs	3.0
783.7260647809265	0.026605199999949036	epochs	2.0
783.7260647809265	0.013322899999934634	epochs	3.0
783.7393876809265	0.013282300000014402	epochs	3.0
783.7526699809265	0.026443200000016986	epochs	2.0
783.7526699809265	0.013241699999980483	epochs	3.0
783.7659116809265	0.013201500000036503	epochs	3.0
783.7791131809265	0.0262831999999662	epochs	2.0
783.7791131809265	0.013161500000023807	epochs	3.0
783.7922746809265	0.013121699999942393	epochs	3.0
783.8053963809265	0.02612499999997908	epochs	2.0
783.8053963809265	0.013082100000019636	epochs	3.0
783.8184784809265	0.013042899999959445	epochs	3.0
783.8315213809265	0.025968900000066242	epochs	2.0
783.8315213809265	0.01300390000005791	epochs	3.0
783.8445252809265	0.012965000000008331	epochs	3.0
783.8574902809265	0.025814500000024054	epochs	2.0
783.8574902809265	0.012926399999969362	epochs	3.0
783.8704166809265	0.012888100000054692	epochs	3.0
783.8833047809266	0.025661899999931848	epochs	2.0
783.8833047809266	0.012849899999991976	epochs	3.0
783.8961546809265	0.012811999999939871	epochs	3.0
783.9089666809265	0.025511199999982637	epochs	2.0
783.9089666809265	0.012774400000012065	epochs	3.0
783.9217410809265	0.012736799999970572	epochs	3.0
783.9344778809265	0.025362300000097093	epochs	2.0
783.9344778809265	0.012699700000098346	epochs	3.0
783.9471775809266	0.012662599999998747	epochs	3.0
783.9598401809266	0.025215000000002874	epochs	2.0
783.9598401809266	0.01262579999990976	epochs	3.0
783.9724659809265	0.012589200000093115	epochs	3.0
783.9850551809266	0.024584799999956886	epochs	2.0
784.0079989809265	0.5	epochs	-1.0
784.0096399809265	0.5448800000000347	epochs	1.0
784.5545199809266	0.45503999999993994	epochs	0.0
784.9250001907349	0.11464000000000851	epochs	0.0
784.9250001907349	0.05232169999999314	epochs	1.0
784.9773218907349	0.009996600000022227	epochs	1.0
784.9873184907349	0.05232169999999314	epochs	1.0
785.0396401907349	2.0	epochs	0.0
787.0396401907349	21.999919999999975	epochs	0.0
787.0396401907349	1.0	epochs	1.0
787.0396791907349	0.5	epochs	-1.0
787.5396791907349	19.99831999999992	epochs	-1.0
788.0396401907349	20.0	epochs	1.0
788.0396401907349	4.356753899999944	epochs	-1.0
788.0396401907349	1.9745871999999736	epochs	2.0
788.0396401907349	1.0985621999999466	epochs	3.0
789.1382023907348	0.8760250000000269	epochs	3.0
790.0142273907348	1.3524075000000266	epochs	2.0
790.0142273907348	0.7286354999999958	epochs	3.0
790.7428628907348	0.6237720000000309	epochs	3.0
791.3666348907349	1.029759199999944	epochs	2.0
791.3666348907349	0.5453292999999348	epochs	3.0
791.9119641907348	0.4844299000000092	epochs	3.0
792.3963940907348	0.8317862000000105	epochs	2.0
792.3963940907348	0.4357763000000432	epochs	3.0
792.8321703907349	0.3960098999999673	epochs	3.0
793.2281802907348	0.6977970000000369	epochs	2.0
793.2281802907348	0.3628982000000178	epochs	3.0
793.5910784907348	0.33489880000001904	epochs	3.0
793.9259772907349	0.601045699999986	epochs	2.0
793.9259772907349	0.3109123000000409	epochs	3.0
794.2368895907349	0.29013339999994514	epochs	3.0
794.5270229907348	0.5278859000000011	epochs	2.0
794.5270229907348	0.2719586000000618	epochs	3.0
794.7989815907349	0.25592729999993935	epochs	3.0
795.0549088907349	0.4706193000000667	epochs	2.0
795.0549088907349	0.241681299999982	epochs	3.0
795.2965901907348	0.22893800000008468	epochs	3.0
795.5255281907349	0.42457039999999324	epochs	2.0
795.5255281907349	0.2174713999999085	epochs	3.0
795.7429995907348	0.20709900000008474	epochs	3.0
795.9500985907349	0.3867353999999068	epochs	2.0
795.9500985907349	0.19767109999997956	epochs	3.0
796.1477696907349	0.18906429999992724	epochs	3.0
796.3368339907348	0.3550953000000163	epochs	2.0
796.3368339907348	0.18117590000008477	epochs	3.0
796.5180098907349	0.17391939999993156	epochs	3.0
796.6919292907348	0.3282431000000088	epochs	2.0
796.6919292907348	0.1672219000000723	epochs	3.0
796.8591511907349	0.16102119999993647	epochs	3.0
797.0201723907348	0.30516799999998057	epochs	2.0
797.0201723907348	0.15526390000002266	epochs	3.0
797.1754362907349	0.1499040999999579	epochs	3.0
797.3253403907348	0.28512530000000424	epochs	2.0
797.3253403907348	0.1449021000000812	epochs	3.0
797.4702424907349	0.14022319999992305	epochs	3.0
797.6104656907348	0.267553800000087	epochs	2.0
797.6104656907348	0.1358369000000721	epochs	3.0
797.7463025907349	0.1317169000000149	epochs	3.0
797.8780194907349	0.252022899999929	epochs	2.0
797.8780194907349	0.1278393000000051	epochs	3.0
798.0058587907349	0.1241835999999239	epochs	3.0
798.1300423907348	0.23819650000007186	epochs	2.0
798.1300423907348	0.12073110000005727	epochs	3.0
798.2507734907349	0.1174654000000146	epochs	3.0
798.3682388907349	0.2258087999999816	epochs	2.0
798.3682388907349	0.1143718999999237	epochs	3.0
798.4826107907348	0.1114369000000579	epochs	3.0
798.5940476907349	0.2146460000000161	epochs	2.0
798.5940476907349	0.10864889999993466	epochs	3.0
798.7026965907348	0.10599710000008145	epochs	3.0
798.8086936907349	0.20453499999996438	epochs	2.0
798.8086936907349	0.10347149999995509	epochs	3.0
798.9121651907349	0.1010635000000093	epochs	3.0
799.0132286907349	0.19533400000000256	epochs	2.0
799.0132286907349	0.09876510000003691	epochs	3.0
799.1119937907349	0.09656889999996565	epochs	3.0
799.2085626907349	0.18692529999998442	epochs	2.0
799.2085626907349	0.09446830000001682	epochs	3.0
799.3030309907349	0.09245699999996759	epochs	3.0
799.3954879907349	0.17921069999999872	epochs	2.0
799.3954879907349	0.09052959999996801	epochs	3.0
799.4860175907348	0.08868110000003071	epochs	3.0
799.5746986907349	0.17210769999996955	epochs	2.0
799.5746986907349	0.08690630000000965	epochs	3.0
799.6616049907349	0.0852013999999599	epochs	3.0
799.7468063907348	0.16554640000003928	epochs	2.0
799.7468063907348	0.08356190000006336	epochs	3.0
799.8303682907349	0.08198449999997592	epochs	3.0
799.9123527907349	0.15946710000002895	epochs	2.0
799.9123527907349	0.08046539999998004	epochs	3.0
799.9928181907349	0.07900170000004891	epochs	3.0
800.0718198907349	0.15381839999997737	epochs	2.0
800.0718198907349	0.07759009999995214	epochs	3.0
800.1494099907349	0.07622830000002523	epochs	3.0
800.2256382907349	0.14855639999996129	epochs	2.0
800.2256382907349	0.07491329999993468	epochs	3.0
800.3005515907348	0.0736431000000266	epochs	3.0
800.3741946907348	0.14364239999997608	epochs	2.0
800.3741946907348	0.07241499999997814	epochs	3.0
800.4466096907348	0.07122739999999794	epochs	3.0
800.5178370907348	0.13904310000009446	epochs	2.0
800.5178370907348	0.07007800000008046	epochs	3.0
800.5879150907349	0.06896510000001399	epochs	3.0
800.6568801907349	0.1347293000000036	epochs	2.0
800.6568801907349	0.0678871000000072	epochs	3.0
800.7247672907349	0.06684219999999641	epochs	3.0
800.7916094907349	0.13067519999992783	epochs	2.0
800.7916094907349	0.06582909999997355	epochs	3.0
800.8574385907349	0.06484609999995428	epochs	3.0
800.9222846907348	0.12685780000003888	epochs	2.0
800.9222846907348	0.06389200000000983	epochs	3.0
800.9861766907349	0.06296580000002905	epochs	3.0
801.0491424907349	0.12325720000001184	epochs	2.0
801.0491424907349	0.06206580000002759	epochs	3.0
801.1112082907349	0.06119139999998424	epochs	3.0
801.1723996907349	0.11985540000000583	epochs	2.0
801.1723996907349	0.060341099999959624	epochs	3.0
801.2327407907349	0.059514300000046205	epochs	3.0
801.2922550907349	0.11663620000001629	epochs	2.0
801.2922550907349	0.058709599999929196	epochs	3.0
801.3509646907348	0.05792660000008709	epochs	3.0
801.4088912907349	0.11358559999996487	epochs	2.0
801.4088912907349	0.05716419999998834	epochs	3.0
801.4660554907349	0.05642139999997653	epochs	3.0
801.5224768907349	0.11069050000003244	epochs	2.0
801.5224768907349	0.055697900000041045	epochs	3.0
801.5781747907349	0.0549925999999914	epochs	3.0
801.6331673907349	0.10793909999995321	epochs	2.0
801.6331673907349	0.05430489999992005	epochs	3.0
801.6874722907348	0.05363420000003316	epochs	3.0
801.7411064907349	0.10532149999994544	epochs	2.0
801.7411064907349	0.05298000000004777	epochs	3.0
801.7940864907349	0.05234149999989768	epochs	3.0
801.8464279907348	0.10282760000006874	epochs	2.0
801.8464279907348	0.05171810000001642	epochs	3.0
801.8981460907348	0.05110950000005232	epochs	3.0
801.9492555907349	0.10044909999999163	epochs	2.0
801.9492555907349	0.05051489999993919	epochs	3.0
801.9997704907348	0.04993420000005244	epochs	3.0
802.0497046907349	0.0981782999999723	epochs	2.0
802.0497046907349	0.04936659999998483	epochs	3.0
802.0990712907349	0.04881169999998747	epochs	3.0
802.1478829907348	0.09600780000005216	epochs	2.0
802.1478829907348	0.04826920000004975	epochs	3.0
802.1961521907349	0.04773860000000241	epochs	3.0
802.2438907907349	0.09393119999992905	epochs	2.0
802.2438907907349	0.04721949999998287	epochs	3.0
802.2911102907349	0.04671169999994618	epochs	3.0
802.3378219907348	0.09194260000003851	epochs	2.0
802.3378219907348	0.046214599999984785	epochs	3.0
802.3840365907348	0.045728000000053726	epochs	3.0
802.4297645907349	0.09003629999995155	epochs	2.0
802.4297645907349	0.045251499999949374	epochs	3.0
802.4750160907348	0.04478480000000218	epochs	3.0
802.5198008907348	0.08820760000003247	epochs	2.0
802.5198008907348	0.044327800000019124	epochs	3.0
802.5641286907348	0.04387980000001335	epochs	3.0
802.6080084907348	0.0864516999999978	epochs	2.0
802.6080084907348	0.04344100000002982	epochs	3.0
802.6514494907349	0.04301069999996798	epochs	3.0
802.6944601907348	0.08476429999996071	epochs	2.0
802.6944601907348	0.04258900000002086	epochs	3.0
802.7370491907349	0.04217529999993985	epochs	3.0
802.7792244907348	0.08314150000001064	epochs	2.0
802.7792244907348	0.04176970000003166	epochs	3.0
802.8209941907348	0.041371799999978975	epochs	3.0
802.8623659907348	0.08157970000002024	epochs	2.0
802.8623659907348	0.04098140000007788	epochs	3.0
802.9033473907349	0.040598299999942355	epochs	3.0
802.9439456907348	0.08007550000002084	epochs	2.0
802.9439456907348	0.04022229999998217	epochs	3.0
802.9841679907348	0.03985320000003867	epochs	3.0
803.0240211907349	0.07862569999997504	epochs	2.0
803.0240211907349	0.0394907999999532	epochs	3.0
803.0635119907348	0.039134900000021844	epochs	3.0
803.1026468907348	0.07722760000001472	epochs	2.0
803.1026468907348	0.038785400000051595	epochs	3.0
803.1414322907349	0.03844219999996312	epochs	3.0
803.1798744907348	0.07587820000003376	epochs	2.0
803.1798744907348	0.038104800000041905	epochs	3.0
803.2179792907349	0.03777339999999185	epochs	3.0
803.2557526907349	0.0745752000000266	epochs	2.0
803.2557526907349	0.03744770000002973	epochs	3.0
803.2932003907349	0.03712749999999687	epochs	3.0
803.3303278907349	0.07331629999998768	epochs	2.0
803.3303278907349	0.036812899999972615	epochs	3.0
803.3671407907349	0.03650340000001506	epochs	3.0
803.4036441907349	0.07209899999998015	epochs	2.0
803.4036441907349	0.03619909999997617	epochs	3.0
803.4398432907349	0.03589990000000398	epochs	3.0
803.4757431907349	0.07092169999998532	epochs	2.0
803.4757431907349	0.03560559999993984	epochs	3.0
803.5113487907348	0.03531610000004548	epochs	3.0
803.5466648907349	0.06978200000003199	epochs	2.0
803.5466648907349	0.03503120000004856	epochs	3.0
803.5816960907349	0.03475079999998343	epochs	3.0
803.6164468907349	0.06867859999999837	epochs	2.0
803.6164468907349	0.03447510000000875	epochs	3.0
803.6509219907349	0.03420349999998962	epochs	3.0
803.6851254907349	0.06760929999995824	epochs	2.0
803.6851254907349	0.033936199999970995	epochs	3.0
803.7190616907349	0.033673099999987244	epochs	3.0
803.7527347907348	0.06657289999998284	epochs	2.0
803.7527347907348	0.03341399999999339	epochs	3.0
803.7861487907348	0.033158899999989444	epochs	3.0
803.8193076907348	0.06556780000005347	epochs	2.0
803.8193076907348	0.032907700000009754	epochs	3.0
803.8522153907348	0.03266010000004371	epochs	3.0
803.8848754907349	0.06459259999996902	epochs	2.0
803.8848754907349	0.032416399999988244	epochs	3.0
803.9172918907349	0.03217619999998078	epochs	3.0
803.9494680907349	0.06364600000006249	epochs	2.0
803.9494680907349	0.03193959999998697	epochs	3.0
803.9814076907348	0.03170640000007552	epochs	3.0
804.0131140907349	0.0627266999999847	epochs	2.0
804.0131140907349	0.031476599999905375	epochs	3.0
804.0445906907348	0.03125010000007933	epochs	3.0
804.0758407907349	0.06183359999999993	epochs	2.0
804.0758407907349	0.03102689999991526	epochs	3.0
804.1068676907348	0.030806700000084675	epochs	3.0
804.1376743907349	0.060965599999917686	epochs	2.0
804.1376743907349	0.030589799999916067	epochs	3.0
804.1682641907348	0.030375800000001618	epochs	3.0
804.1986399907348	0.06012160000000222	epochs	2.0
804.1986399907348	0.030164900000045236	epochs	3.0
804.2288048907349	0.02995669999995698	epochs	3.0
804.2587615907348	0.05930069999999432	epochs	2.0
804.2587615907348	0.029751600000054168	epochs	3.0
804.2885131907349	0.029549099999940154	epochs	3.0
804.3180622907348	0.05850180000004457	epochs	2.0
804.3180622907348	0.02934940000000097	epochs	3.0
804.3474116907348	0.0291524000000436	epochs	3.0
804.3765640907349	0.057724200000052406	epochs	2.0
804.3765640907349	0.028957999999988715	epochs	3.0
804.4055220907348	0.02876620000006369	epochs	3.0
804.4342882907349	0.05696709999995164	epochs	2.0
804.4342882907349	0.028576999999927466	epochs	3.0
804.4628652907348	0.028390100000024177	epochs	3.0
804.4912553907349	0.05622949999997218	epochs	2.0
804.4912553907349	0.028205700000057732	epochs	3.0
804.5194610907349	0.028023799999914445	epochs	3.0
804.5474848907348	0.05551070000001346	epochs	2.0
804.5474848907348	0.02784400000007281	epochs	3.0
804.5753288907349	0.027666699999940647	epochs	3.0
804.6029955907348	0.054810200000019904	epochs	2.0
804.6029955907348	0.02749149999999645	epochs	3.0
804.6304870907348	0.027318700000023455	epochs	3.0
804.6578057907349	0.05412699999999404	epochs	2.0
804.6578057907349	0.027147799999966082	epochs	3.0
804.6849535907348	0.02697920000002796	epochs	3.0
804.7119327907349	0.053460699999959616	epochs	2.0
804.7119327907349	0.0268125999999711	epochs	3.0
804.7387453907348	0.026648099999988517	epochs	3.0
804.7653934907348	0.05281070000000909	epochs	2.0
804.7653934907348	0.026485600000000886	epochs	3.0
804.7918790907348	0.026325100000008206	epochs	3.0
804.8182041907348	0.05217620000007628	epochs	2.0
804.8182041907348	0.026166400000079193	epochs	3.0
804.8443705907349	0.026009799999997085	epochs	3.0
804.8703803907349	0.051556699999991906	epochs	2.0
804.8703803907349	0.025854799999933675	epochs	3.0
804.8962351907348	0.02570190000005823	epochs	3.0
804.9219370907349	0.05095189999997274	epochs	2.0
804.9219370907349	0.025550699999939752	epochs	3.0
804.9474877907348	0.025401200000032986	epochs	3.0
804.9728889907349	0.05036099999995258	epochs	2.0
804.9728889907349	0.025253499999962514	epochs	3.0
804.9981424907348	0.02510749999999007	epochs	3.0
805.0232499907348	0.049783800000000156	epochs	2.0
805.0232499907348	0.02496320000000196	epochs	3.0
805.0482131907348	0.024820599999998194	epochs	3.0
805.0730337907348	0.049219500000049266	epochs	2.0
805.0730337907348	0.02467940000008184	epochs	3.0
805.0977131907349	0.024540099999967424	epochs	3.0
805.1222532907349	0.048667899999941255	epochs	2.0
805.1222532907349	0.02440209999997478	epochs	3.0
805.1466553907348	0.024265799999966475	epochs	3.0
805.1709211907348	0.04812860000004093	epochs	2.0
805.1709211907348	0.024131000000011227	epochs	3.0
805.1950521907348	0.023997600000029706	epochs	3.0
805.2190497907349	0.04760109999995166	epochs	2.0
805.2190497907349	0.023865799999953197	epochs	3.0
805.2429155907348	0.02373529999999846	epochs	3.0
805.2666508907348	0.047085000000038235	epochs	2.0
805.2666508907348	0.02360630000009678	epochs	3.0
805.2902571907349	0.023478699999941455	epochs	3.0
805.3137358907348	0.04658000000006268	epochs	2.0
805.3137358907348	0.02335249999998723	epochs	3.0
805.3370883907348	0.02322750000007545	epochs	3.0
805.3603158907349	0.04608569999993506	epochs	2.0
805.3603158907349	0.023103999999989355	epochs	3.0
805.3834198907349	0.022981699999945704	epochs	3.0
805.4064015907348	0.045601799999985815	epochs	2.0
805.4064015907348	0.022860700000023826	epochs	3.0
805.4292622907349	0.02274109999996199	epochs	3.0
805.4520033907348	0.04512790000001132	epochs	2.0
805.4520033907348	0.022622500000011314	epochs	3.0
805.4746258907348	0.02250540000000001	epochs	3.0
805.4971312907348	0.044663799999966614	epochs	2.0
805.4971312907348	0.02238929999998618	epochs	3.0
805.5195205907348	0.022274499999980435	epochs	3.0
805.5417950907348	0.04420920000006845	epochs	2.0
805.5417950907348	0.022160800000051495	epochs	3.0
805.5639558907349	0.022048400000016954	epochs	3.0
805.5860042907349	0.043763600000033875	epochs	2.0
805.5860042907349	0.021936900000014248	epochs	3.0
805.6079411907349	0.021826700000019628	epochs	3.0
805.6297678907349	0.04332709999994222	epochs	2.0
805.6297678907349	0.021717599999988124	epochs	3.0
805.6514854907349	0.021609499999954096	epochs	3.0
805.6730949907349	0.04289900000003399	epochs	2.0
805.6730949907349	0.02150249999999687	epochs	3.0
805.6945974907348	0.021396500000037122	epochs	3.0
805.7159939907349	0.042479500000013104	epochs	2.0
805.7159939907349	0.02129170000000613	epochs	3.0
805.7372856907349	0.021187800000006973	epochs	3.0
805.7584734907349	0.042067900000006375	epochs	2.0
805.7584734907349	0.02108490000000529	epochs	3.0
805.7795583907349	0.020983000000001084	epochs	3.0
805.8005413907349	0.04166439999994509	epochs	2.0
805.8005413907349	0.020882199999959994	epochs	3.0
805.8214235907349	0.020782199999985096	epochs	3.0
805.8422057907349	0.04126850000000104	epochs	2.0
805.8422057907349	0.020683299999973315	epochs	3.0
805.8628890907348	0.020585200000027726	epochs	3.0
805.8834742907349	0.04088000000001557	epochs	2.0
805.8834742907349	0.020488099999965925	epochs	3.0
805.9039623907348	0.020391900000049645	epochs	3.0
805.9243542907349	0.04049880000002304	epochs	2.0
805.9243542907349	0.020296600000051512	epochs	3.0
805.9446508907349	0.020202199999971526	epochs	3.0
805.9648530907349	0.04012460000001283	epochs	2.0
805.9648530907349	0.020108699999923374	epochs	3.0
805.9849617907348	0.02001590000008946	epochs	3.0
806.0049776907349	0.039757299999905626	epochs	2.0
806.0049776907349	0.019924199999991288	epochs	3.0
806.0249018907349	0.01983309999991434	epochs	3.0
806.0447349907348	0.039396700000111196	epochs	2.0
806.0447349907348	0.01974300000006224	epochs	3.0
806.0644779907349	0.019653700000048957	epochs	3.0
806.0841316907349	0.03904239999997117	epochs	2.0
806.0841316907349	0.019565099999908853	epochs	3.0
806.1036967907348	0.019477300000062314	epochs	3.0
806.1231740907349	0.03869459999998526	epochs	2.0
806.1231740907349	0.019390400000020236	epochs	3.0
806.1425644907349	0.01930419999996502	epochs	3.0
806.1618686907349	0.03835289999994984	epochs	2.0
806.1618686907349	0.019218799999976	epochs	3.0
806.1810874907349	0.01913409999997384	epochs	3.0
806.2002215907348	0.03801720000001296	epochs	2.0
806.2002215907348	0.019050200000037876	epochs	3.0
806.2192717907349	0.018966999999975087	epochs	3.0
806.2382387907348	0.037687200000050325	epochs	2.0
806.2382387907348	0.01888450000001285	epochs	3.0
806.2571232907349	0.018802700000037476	epochs	3.0
806.2759259907349	0.03736309999999321	epochs	2.0
806.2759259907349	0.018721700000014607	epochs	3.0
806.2946476907349	0.018641399999978603	epochs	3.0
806.3132890907349	0.03704429999993408	epochs	2.0
806.3132890907349	0.01856159999999818	epochs	3.0
806.3318506907349	0.018482699999935903	epochs	3.0
806.3503333907348	0.0367310000000316	epochs	2.0
806.3503333907348	0.018404300000042895	epochs	3.0
806.3687376907349	0.018326699999988705	epochs	3.0
806.3870643907348	0.036422900000047775	epochs	2.0
806.3870643907348	0.018249599999990096	epochs	3.0
806.4053139907348	0.01817330000005768	epochs	3.0
806.4234872907349	0.03612009999994825	epochs	2.0
806.4234872907349	0.01809759999991911	epochs	3.0
806.4415848907348	0.01802250000002914	epochs	3.0
806.4596073907348	0.03582210000001851	epochs	2.0
806.4596073907348	0.017947899999967376	epochs	3.0
806.4775552907348	0.017874200000051133	epochs	3.0
806.4954294907349	0.03552899999999681	epochs	2.0
806.4954294907349	0.017800800000031813	epochs	3.0
806.5132302907349	0.017728199999965	epochs	3.0
806.5309584907349	0.03524070000003121	epochs	2.0
806.5309584907349	0.017656099999953767	epochs	3.0
806.5486145907348	0.017584600000077444	epochs	3.0
806.5661991907349	0.03495709999992869	epochs	2.0
806.5661991907349	0.01751369999999497	epochs	3.0
806.5837128907349	0.017443399999933717	epochs	3.0
806.6011562907348	0.03467790000001969	epochs	2.0
806.6011562907348	0.017373600000041733	epochs	3.0
806.6185298907349	0.017304299999977957	epochs	3.0
806.6358341907348	0.03440330000000813	epochs	2.0
806.6358341907348	0.01723570000001473	epochs	3.0
806.6530698907349	0.0171675999999934	epochs	3.0
806.6702374907348	0.0341328000000658	epochs	2.0
806.6702374907348	0.017099900000062007	epochs	3.0
806.6873373907349	0.017032900000003792	epochs	3.0
806.7043702907349	0.033866699999975935	epochs	2.0
806.7043702907349	0.01696640000000116	epochs	3.0
806.7213366907349	0.016900299999974777	epochs	3.0
806.7382369907349	0.03360459999998966	epochs	2.0
806.7382369907349	0.01683479999996962	epochs	3.0
806.7550717907349	0.01676980000002004	epochs	3.0
806.7718415907349	0.033346599999958926	epochs	2.0
806.7718415907349	0.016705300000012357	epochs	3.0
806.7885468907349	0.01664129999994657	epochs	3.0
806.8051881907348	0.03309250000006614	epochs	2.0
806.8051881907348	0.016577800000050047	epochs	3.0
806.8217659907349	0.01651470000001609	epochs	3.0
806.8382806907349	0.03284229999997024	epochs	2.0
806.8382806907349	0.01645220000000336	epochs	3.0
806.8547328907349	0.01639009999996688	epochs	3.0
806.8711229907349	0.03259570000000167	epochs	2.0
806.8711229907349	0.016328400000020338	epochs	3.0
806.8874513907349	0.016267299999981333	epochs	3.0
806.9037186907349	0.032352899999978035	epochs	2.0
806.9037186907349	0.016206600000032267	epochs	3.0
806.9199252907349	0.016146299999945768	epochs	3.0
806.9360715907349	0.03211369999996805	epochs	2.0
806.9360715907349	0.016086599999994178	epochs	3.0
806.9521581907348	0.01602709999997387	epochs	3.0
806.9681852907348	0.03187800000000607	epochs	2.0
806.9681852907348	0.015968200000088473	epochs	3.0
806.9841534907349	0.015909799999917595	epochs	3.0
807.0000632907348	0.031645700000012766	epochs	2.0
807.0000632907348	0.01585160000001906	epochs	3.0
807.0159148907348	0.015794099999993705	epochs	3.0
807.0317089907348	0.0314167000000225	epochs	2.0
807.0317089907348	0.015736700000047676	epochs	3.0
807.0474456907349	0.015679999999974825	epochs	3.0
807.0631256907349	0.031191100000000915	epochs	2.0
807.0631256907349	0.015623600000026272	epochs	3.0
807.0787492907349	0.015567499999974643	epochs	3.0
807.0943167907349	0.030968700000016725	epochs	2.0
807.0943167907349	0.015511999999944237	epochs	3.0
807.1098287907348	0.015456700000072487	epochs	3.0
807.1252854907349	0.030749499999956242	epochs	2.0
807.1252854907349	0.015401999999994587	epochs	3.0
807.1406874907349	0.015347499999961656	epochs	3.0
807.1560349907348	0.03053320000003623	epochs	2.0
807.1560349907348	0.015293400000018664	epochs	3.0
807.1713283907349	0.015239800000017567	epochs	3.0
807.1865681907349	0.03032010000003993	epochs	2.0
807.1865681907349	0.015186500000027081	epochs	3.0
807.2017546907349	0.015133600000012848	epochs	3.0
807.2168882907349	0.030109899999956724	epochs	2.0
807.2168882907349	0.015080999999895539	epochs	3.0
807.2319692907348	0.015028900000061185	epochs	3.0
807.2469981907349	0.02990250000004835	epochs	2.0
807.2469981907349	0.014977000000044427	epochs	3.0
807.2619751907349	0.014925500000003922	epochs	3.0
807.2769006907349	0.029698099999905025	epochs	2.0
807.2769006907349	0.01487439999993967	epochs	3.0
807.2917750907349	0.014823699999965356	epochs	3.0
807.3065987907348	0.02949630000000525	epochs	2.0
807.3065987907348	0.014773200000036013	epochs	3.0
807.3213719907349	0.014723099999969236	epochs	3.0
807.3360950907348	0.02929740000001857	epochs	2.0
807.3360950907348	0.014673399999992398	epochs	3.0
807.3507684907348	0.014624000000026172	epochs	3.0
807.3653924907348	0.029101100000048064	epochs	2.0
807.3653924907348	0.014574900000070556	epochs	3.0
807.3799673907349	0.014526199999977507	epochs	3.0
807.3944935907349	0.028907399999980044	epochs	2.0
807.3944935907349	0.014477699999929428	epochs	3.0
807.4089712907348	0.014429700000050616	epochs	3.0
807.4234009907349	0.028716199999962555	epochs	2.0
807.4234009907349	0.014381800000023759	epochs	3.0
807.4377827907349	0.014334399999938796	epochs	3.0
807.4521171907348	0.028527600000074926	epochs	2.0
807.4521171907348	0.01428720000001249	epochs	3.0
807.4664043907349	0.014240400000062436	epochs	3.0
807.4806447907349	0.028341399999931127	epochs	2.0
807.4806447907349	0.014193799999929979	epochs	3.0
807.4948385907348	0.014147600000001148	epochs	3.0
807.5089861907348	0.028157700000065233	epochs	2.0
807.5089861907348	0.014101699999969242	epochs	3.0
807.5230878907348	0.014056000000095992	epochs	3.0
807.5371438907349	0.027976299999977527	epochs	2.0
807.5371438907349	0.01401060000000598	epochs	3.0
807.5511544907349	0.013965699999971548	epochs	3.0
807.5651201907349	0.02779720000000907	epochs	2.0
807.5651201907349	0.013920799999937117	epochs	3.0
807.5790409907348	0.013876400000071953	epochs	3.0
807.5929173907349	0.027620399999932488	epochs	2.0
807.5929173907349	0.0138321999999107	epochs	3.0
807.6067495907348	0.013788200000021789	epochs	3.0
807.6205377907348	0.02744590000008884	epochs	2.0
807.6205377907348	0.013744599999995444	epochs	3.0
807.6342823907348	0.013701300000093397	epochs	3.0
807.6479836907349	0.027273499999978412	epochs	2.0
807.6479836907349	0.01365819999989526	epochs	3.0
807.6616418907348	0.013615300000083153	epochs	3.0
807.6752571907349	0.027103399999987232	epochs	2.0
807.6752571907349	0.013572800000019924	epochs	3.0
807.6888299907349	0.013530599999967308	epochs	3.0
807.7023605907349	0.02693520000002536	epochs	2.0
807.7023605907349	0.013488400000028378	epochs	3.0
807.7158489907349	0.013446799999996983	epochs	3.0
807.7292957907349	0.026769199999989723	epochs	2.0
807.7292957907349	0.013405199999965589	epochs	3.0
807.7427009907349	0.013364000000024134	epochs	3.0
807.7560649907349	0.026605199999949036	epochs	2.0
807.7560649907349	0.013322899999934634	epochs	3.0
807.7693878907348	0.013282300000014402	epochs	3.0
807.7826701907348	0.026443200000016986	epochs	2.0
807.7826701907348	0.013241699999980483	epochs	3.0
807.7959118907348	0.013201500000036503	epochs	3.0
807.8091133907349	0.0262831999999662	epochs	2.0
807.8091133907349	0.013161500000023807	epochs	3.0
807.8222748907349	0.013121699999942393	epochs	3.0
807.8353965907348	0.02612499999997908	epochs	2.0
807.8353965907348	0.013082100000019636	epochs	3.0
807.8484786907349	0.013042899999959445	epochs	3.0
807.8615215907348	0.025968900000066242	epochs	2.0
807.8615215907348	0.01300390000005791	epochs	3.0
807.8745254907349	0.012965000000008331	epochs	3.0
807.8874904907349	0.025814500000024054	epochs	2.0
807.8874904907349	0.012926399999969362	epochs	3.0
807.9004168907348	0.012888100000054692	epochs	3.0
807.9133049907349	0.025661899999931848	epochs	2.0
807.9133049907349	0.012849899999991976	epochs	3.0
807.9261548907349	0.012811999999939871	epochs	3.0
807.9389668907348	0.025511199999982637	epochs	2.0
807.9389668907348	0.012774400000012065	epochs	3.0
807.9517412907348	0.012736799999970572	epochs	3.0
807.9644780907348	0.025362300000097093	epochs	2.0
807.9644780907348	0.012699700000098346	epochs	3.0
807.9771777907349	0.012662599999998747	epochs	3.0
807.9898403907349	0.025215000000002874	epochs	2.0
807.9898403907349	0.01262579999990976	epochs	3.0
808.0024661907348	0.012589200000093115	epochs	3.0
808.0150553907349	0.024584799999956886	epochs	2.0
808.0379991907348	0.5	epochs	-1.0
808.0396401907349	0.9999199999999746	epochs	1.0
808.5379991907348	0.5	epochs	-1.0
809.5110001564026	0.11464000000000851	epochs	0.0
809.5110001564026	0.05232169999999314	epochs	1.0
809.5633218564026	0.009996600000022227	epochs	1.0
809.5733184564026	0.05232169999999314	epochs	1.0
809.6256401564026	2.0	epochs	0.0
811.6256401564026	0.5450399999999718	epochs	0.0
811.6256401564026	0.5450399999999718	epochs	1.0
811.6256791564026	0.5	epochs	-1.0
812.1256791564026	0.04500099999995655	epochs	-1.0
812.1706801564026	21.454880000000003	epochs	0.0
813.375	0.11464000000000851	epochs	0.0
813.375	0.05232169999999314	epochs	1.0
813.4273217	0.009996600000022227	epochs	1.0
813.4373183	0.05232169999999314	epochs	1.0
813.48964	2.0	epochs	0.0
815.48964	21.54480000000001	epochs	0.0
815.48964	1.0	epochs	1.0
815.489679	0.5	epochs	-1.0
815.989679	19.99831999999992	epochs	-1.0
816.48964	20.0	epochs	1.0
816.48964	4.356753899999944	epochs	-1.0
816.48964	1.9745871999999736	epochs	2.0
816.48964	1.0985621999999466	epochs	3.0
817.5882022	0.8760250000000269	epochs	3.0
818.4642272	1.3524075000000266	epochs	2.0
818.4642272	0.7286354999999958	epochs	3.0
819.1928627	0.6237720000000309	epochs	3.0
819.8166347	1.029759199999944	epochs	2.0
819.8166347	0.5453292999999348	epochs	3.0
820.361964	0.4844299000000092	epochs	3.0
820.8463939	0.8317862000000105	epochs	2.0
820.8463939	0.4357763000000432	epochs	3.0
821.2821702	0.3960098999999673	epochs	3.0
821.6781801	0.6977970000000369	epochs	2.0
821.6781801	0.3628982000000178	epochs	3.0
822.0410783	0.33489880000001904	epochs	3.0
822.3759771	0.601045699999986	epochs	2.0
822.3759771	0.3109123000000409	epochs	3.0
822.6868894	0.29013339999994514	epochs	3.0
822.9770228	0.5278859000000011	epochs	2.0
822.9770228	0.2719586000000618	epochs	3.0
823.2489814	0.25592729999993935	epochs	3.0
823.5049087	0.4706193000000667	epochs	2.0
823.5049087	0.241681299999982	epochs	3.0
823.74659	0.22893800000008468	epochs	3.0
823.975528	0.42457039999999324	epochs	2.0
823.975528	0.2174713999999085	epochs	3.0
824.1929994	0.20709900000008474	epochs	3.0
824.4000984	0.3867353999999068	epochs	2.0
824.4000984	0.19767109999997956	epochs	3.0
824.5977695	0.18906429999992724	epochs	3.0
824.7868338	0.3550953000000163	epochs	2.0
824.7868338	0.18117590000008477	epochs	3.0
824.9680097	0.17391939999993156	epochs	3.0
825.1419291	0.3282431000000088	epochs	2.0
825.1419291	0.1672219000000723	epochs	3.0
825.309151	0.16102119999993647	epochs	3.0
825.4701722	0.30516799999998057	epochs	2.0
825.4701722	0.15526390000002266	epochs	3.0
825.6254361	0.1499040999999579	epochs	3.0
825.7753402	0.28512530000000424	epochs	2.0
825.7753402	0.1449021000000812	epochs	3.0
825.9202423	0.14022319999992305	epochs	3.0
826.0604655	0.267553800000087	epochs	2.0
826.0604655	0.1358369000000721	epochs	3.0
826.1963024	0.1317169000000149	epochs	3.0
826.3280193	0.252022899999929	epochs	2.0
826.3280193	0.1278393000000051	epochs	3.0
826.4558586	0.1241835999999239	epochs	3.0
826.5800422	0.23819650000007186	epochs	2.0
826.5800422	0.12073110000005727	epochs	3.0
826.7007733	0.1174654000000146	epochs	3.0
826.8182387	0.2258087999999816	epochs	2.0
826.8182387	0.1143718999999237	epochs	3.0
826.9326106	0.1114369000000579	epochs	3.0
827.0440475	0.2146460000000161	epochs	2.0
827.0440475	0.10864889999993466	epochs	3.0
827.1526964	0.10599710000008145	epochs	3.0
827.2586935	0.20453499999996438	epochs	2.0
827.2586935	0.10347149999995509	epochs	3.0
827.362165	0.1010635000000093	epochs	3.0
827.4632285	0.19533400000000256	epochs	2.0
827.4632285	0.09876510000003691	epochs	3.0
827.5619936	0.09656889999996565	epochs	3.0
827.6585625	0.18692529999998442	epochs	2.0
827.6585625	0.09446830000001682	epochs	3.0
827.7530308	0.09245699999996759	epochs	3.0
827.8454878	0.17921069999999872	epochs	2.0
827.8454878	0.09052959999996801	epochs	3.0
827.9360174	0.08868110000003071	epochs	3.0
828.0246985	0.17210769999996955	epochs	2.0
828.0246985	0.08690630000000965	epochs	3.0
828.1116048	0.0852013999999599	epochs	3.0
828.1968062	0.16554640000003928	epochs	2.0
828.1968062	0.08356190000006336	epochs	3.0
828.2803681	0.08198449999997592	epochs	3.0
828.3623526	0.15946710000002895	epochs	2.0
828.3623526	0.08046539999998004	epochs	3.0
828.442818	0.07900170000004891	epochs	3.0
828.5218197	0.15381839999997737	epochs	2.0
828.5218197	0.07759009999995214	epochs	3.0
828.5994098	0.07622830000002523	epochs	3.0
828.6756381	0.14855639999996129	epochs	2.0
828.6756381	0.07491329999993468	epochs	3.0
828.7505514	0.0736431000000266	epochs	3.0
828.8241945	0.14364239999997608	epochs	2.0
828.8241945	0.07241499999997814	epochs	3.0
828.8966095	0.07122739999999794	epochs	3.0
828.9678369	0.13904310000009446	epochs	2.0
828.9678369	0.07007800000008046	epochs	3.0
829.0379149	0.06896510000001399	epochs	3.0
829.10688	0.1347293000000036	epochs	2.0
829.10688	0.0678871000000072	epochs	3.0
829.1747671	0.06684219999999641	epochs	3.0
829.2416093	0.13067519999992783	epochs	2.0
829.2416093	0.06582909999997355	epochs	3.0
829.3074384	0.06484609999995428	epochs	3.0
829.3722845	0.12685780000003888	epochs	2.0
829.3722845	0.06389200000000983	epochs	3.0
829.4361765	0.06296580000002905	epochs	3.0
829.4991423	0.12325720000001184	epochs	2.0
829.4991423	0.06206580000002759	epochs	3.0
829.5612081	0.06119139999998424	epochs	3.0
829.6223995	0.11985540000000583	epochs	2.0
829.6223995	0.060341099999959624	epochs	3.0
829.6827406	0.059514300000046205	epochs	3.0
829.7422549	0.11663620000001629	epochs	2.0
829.7422549	0.058709599999929196	epochs	3.0
829.8009645	0.05792660000008709	epochs	3.0
829.8588911	0.11358559999996487	epochs	2.0
829.8588911	0.05716419999998834	epochs	3.0
829.9160553	0.05642139999997653	epochs	3.0
829.9724767	0.11069050000003244	epochs	2.0
829.9724767	0.055697900000041045	epochs	3.0
830.0281746	0.0549925999999914	epochs	3.0
830.0831672	0.10793909999995321	epochs	2.0
830.0831672	0.05430489999992005	epochs	3.0
830.1374721	0.05363420000003316	epochs	3.0
830.1911063	0.10532149999994544	epochs	2.0
830.1911063	0.05298000000004777	epochs	3.0
830.2440863	0.05234149999989768	epochs	3.0
830.2964278	0.10282760000006874	epochs	2.0
830.2964278	0.05171810000001642	epochs	3.0
830.3481459	0.05110950000005232	epochs	3.0
830.3992554	0.10044909999999163	epochs	2.0
830.3992554	0.05051489999993919	epochs	3.0
830.4497703	0.04993420000005244	epochs	3.0
830.4997045	0.0981782999999723	epochs	2.0
830.4997045	0.04936659999998483	epochs	3.0
830.5490711	0.04881169999998747	epochs	3.0
830.5978828	0.09600780000005216	epochs	2.0
830.5978828	0.04826920000004975	epochs	3.0
830.646152	0.04773860000000241	epochs	3.0
830.6938906	0.09393119999992905	epochs	2.0
830.6938906	0.04721949999998287	epochs	3.0
830.7411101	0.04671169999994618	epochs	3.0
830.7878218	0.09194260000003851	epochs	2.0
830.7878218	0.046214599999984785	epochs	3.0
830.8340364	0.045728000000053726	epochs	3.0
830.8797644	0.09003629999995155	epochs	2.0
830.8797644	0.045251499999949374	epochs	3.0
830.9250159	0.04478480000000218	epochs	3.0
830.9698007	0.08820760000003247	epochs	2.0
830.9698007	0.044327800000019124	epochs	3.0
831.0141285	0.04387980000001335	epochs	3.0
831.0580083	0.0864516999999978	epochs	2.0
831.0580083	0.04344100000002982	epochs	3.0
831.1014493	0.04301069999996798	epochs	3.0
831.14446	0.08476429999996071	epochs	2.0
831.14446	0.04258900000002086	epochs	3.0
831.187049	0.04217529999993985	epochs	3.0
831.2292242999999	0.08314150000001064	epochs	2.0
831.2292242999999	0.04176970000003166	epochs	3.0
831.270994	0.041371799999978975	epochs	3.0
831.3123658	0.08157970000002024	epochs	2.0
831.3123658	0.04098140000007788	epochs	3.0
831.3533472	0.040598299999942355	epochs	3.0
831.3939455	0.08007550000002084	epochs	2.0
831.3939455	0.04022229999998217	epochs	3.0
831.4341678	0.03985320000003867	epochs	3.0
831.474021	0.07862569999997504	epochs	2.0
831.474021	0.0394907999999532	epochs	3.0
831.5135118	0.039134900000021844	epochs	3.0
831.5526467	0.07722760000001472	epochs	2.0
831.5526467	0.038785400000051595	epochs	3.0
831.5914321	0.03844219999996312	epochs	3.0
831.6298743	0.07587820000003376	epochs	2.0
831.6298743	0.038104800000041905	epochs	3.0
831.6679791	0.03777339999999185	epochs	3.0
831.7057525	0.0745752000000266	epochs	2.0
831.7057525	0.03744770000002973	epochs	3.0
831.7432002	0.03712749999999687	epochs	3.0
831.7803277	0.07331629999998768	epochs	2.0
831.7803277	0.036812899999972615	epochs	3.0
831.8171406	0.03650340000001506	epochs	3.0
831.853644	0.07209899999998015	epochs	2.0
831.853644	0.03619909999997617	epochs	3.0
831.8898431	0.03589990000000398	epochs	3.0
831.925743	0.07092169999998532	epochs	2.0
831.925743	0.03560559999993984	epochs	3.0
831.9613486	0.03531610000004548	epochs	3.0
831.9966647	0.06978200000003199	epochs	2.0
831.9966647	0.03503120000004856	epochs	3.0
832.0316959	0.03475079999998343	epochs	3.0
832.0664467	0.06867859999999837	epochs	2.0
832.0664467	0.03447510000000875	epochs	3.0
832.1009218	0.03420349999998962	epochs	3.0
832.1351253	0.06760929999995824	epochs	2.0
832.1351253	0.033936199999970995	epochs	3.0
832.1690615	0.033673099999987244	epochs	3.0
832.2027346	0.06657289999998284	epochs	2.0
832.2027346	0.03341399999999339	epochs	3.0
832.2361486	0.033158899999989444	epochs	3.0
832.2693075	0.06556780000005347	epochs	2.0
832.2693075	0.032907700000009754	epochs	3.0
832.3022152	0.03266010000004371	epochs	3.0
832.3348753	0.06459259999996902	epochs	2.0
832.3348753	0.032416399999988244	epochs	3.0
832.3672917	0.03217619999998078	epochs	3.0
832.3994679	0.06364600000006249	epochs	2.0
832.3994679	0.03193959999998697	epochs	3.0
832.4314075	0.03170640000007552	epochs	3.0
832.4631139	0.0627266999999847	epochs	2.0
832.4631139	0.031476599999905375	epochs	3.0
832.4945905	0.03125010000007933	epochs	3.0
832.5258406	0.06183359999999993	epochs	2.0
832.5258406	0.03102689999991526	epochs	3.0
832.5568675	0.030806700000084675	epochs	3.0
832.5876742	0.060965599999917686	epochs	2.0
832.5876742	0.030589799999916067	epochs	3.0
832.618264	0.030375800000001618	epochs	3.0
832.6486398	0.06012160000000222	epochs	2.0
832.6486398	0.030164900000045236	epochs	3.0
832.6788047	0.02995669999995698	epochs	3.0
832.7087614	0.05930069999999432	epochs	2.0
832.7087614	0.029751600000054168	epochs	3.0
832.738513	0.029549099999940154	epochs	3.0
832.7680621	0.05850180000004457	epochs	2.0
832.7680621	0.02934940000000097	epochs	3.0
832.7974115	0.0291524000000436	epochs	3.0
832.8265639	0.057724200000052406	epochs	2.0
832.8265639	0.028957999999988715	epochs	3.0
832.8555219	0.02876620000006369	epochs	3.0
832.8842881	0.05696709999995164	epochs	2.0
832.8842881	0.028576999999927466	epochs	3.0
832.9128651	0.028390100000024177	epochs	3.0
832.9412552	0.05622949999997218	epochs	2.0
832.9412552	0.028205700000057732	epochs	3.0
832.9694609000001	0.028023799999914445	epochs	3.0
832.9974847	0.05551070000001346	epochs	2.0
832.9974847	0.02784400000007281	epochs	3.0
833.0253287	0.027666699999940647	epochs	3.0
833.0529954	0.054810200000019904	epochs	2.0
833.0529954	0.02749149999999645	epochs	3.0
833.0804869	0.027318700000023455	epochs	3.0
833.1078056	0.05412699999999404	epochs	2.0
833.1078056	0.027147799999966082	epochs	3.0
833.1349534	0.02697920000002796	epochs	3.0
833.1619326	0.053460699999959616	epochs	2.0
833.1619326	0.0268125999999711	epochs	3.0
833.1887452	0.026648099999988517	epochs	3.0
833.2153933	0.05281070000000909	epochs	2.0
833.2153933	0.026485600000000886	epochs	3.0
833.2418789	0.026325100000008206	epochs	3.0
833.268204	0.05217620000007628	epochs	2.0
833.268204	0.026166400000079193	epochs	3.0
833.2943704	0.026009799999997085	epochs	3.0
833.3203802	0.051556699999991906	epochs	2.0
833.3203802	0.025854799999933675	epochs	3.0
833.346235	0.02570190000005823	epochs	3.0
833.3719369	0.05095189999997274	epochs	2.0
833.3719369	0.025550699999939752	epochs	3.0
833.3974876	0.025401200000032986	epochs	3.0
833.4228888	0.05036099999995258	epochs	2.0
833.4228888	0.025253499999962514	epochs	3.0
833.4481423	0.02510749999999007	epochs	3.0
833.4732498	0.049783800000000156	epochs	2.0
833.4732498	0.02496320000000196	epochs	3.0
833.498213	0.024820599999998194	epochs	3.0
833.5230336	0.049219500000049266	epochs	2.0
833.5230336	0.02467940000008184	epochs	3.0
833.547713	0.024540099999967424	epochs	3.0
833.5722531	0.048667899999941255	epochs	2.0
833.5722531	0.02440209999997478	epochs	3.0
833.5966552	0.024265799999966475	epochs	3.0
833.620921	0.04812860000004093	epochs	2.0
833.620921	0.024131000000011227	epochs	3.0
833.645052	0.023997600000029706	epochs	3.0
833.6690496	0.04760109999995166	epochs	2.0
833.6690496	0.023865799999953197	epochs	3.0
833.6929154	0.02373529999999846	epochs	3.0
833.7166507	0.047085000000038235	epochs	2.0
833.7166507	0.02360630000009678	epochs	3.0
833.740257	0.023478699999941455	epochs	3.0
833.7637357	0.04658000000006268	epochs	2.0
833.7637357	0.02335249999998723	epochs	3.0
833.7870882	0.02322750000007545	epochs	3.0
833.8103157	0.04608569999993506	epochs	2.0
833.8103157	0.023103999999989355	epochs	3.0
833.8334197	0.022981699999945704	epochs	3.0
833.8564014	0.045601799999985815	epochs	2.0
833.8564014	0.022860700000023826	epochs	3.0
833.8792621	0.02274109999996199	epochs	3.0
833.9020032	0.04512790000001132	epochs	2.0
833.9020032	0.022622500000011314	epochs	3.0
833.9246257	0.02250540000000001	epochs	3.0
833.9471311	0.044663799999966614	epochs	2.0
833.9471311	0.02238929999998618	epochs	3.0
833.9695204	0.022274499999980435	epochs	3.0
833.9917949	0.04420920000006845	epochs	2.0
833.9917949	0.022160800000051495	epochs	3.0
834.0139557	0.022048400000016954	epochs	3.0
834.0360041	0.043763600000033875	epochs	2.0
834.0360041	0.021936900000014248	epochs	3.0
834.057941	0.021826700000019628	epochs	3.0
834.0797677	0.04332709999994222	epochs	2.0
834.0797677	0.021717599999988124	epochs	3.0
834.1014853	0.021609499999954096	epochs	3.0
834.1230948	0.04289900000003399	epochs	2.0
834.1230948	0.02150249999999687	epochs	3.0
834.1445973	0.021396500000037122	epochs	3.0
834.1659938	0.042479500000013104	epochs	2.0
834.1659938	0.02129170000000613	epochs	3.0
834.1872855	0.021187800000006973	epochs	3.0
834.2084733	0.042067900000006375	epochs	2.0
834.2084733	0.02108490000000529	epochs	3.0
834.2295582	0.020983000000001084	epochs	3.0
834.2505412	0.04166439999994509	epochs	2.0
834.2505412	0.020882199999959994	epochs	3.0
834.2714234	0.020782199999985096	epochs	3.0
834.2922056	0.04126850000000104	epochs	2.0
834.2922056	0.020683299999973315	epochs	3.0
834.3128889	0.020585200000027726	epochs	3.0
834.3334741	0.04088000000001557	epochs	2.0
834.3334741	0.020488099999965925	epochs	3.0
834.3539622	0.020391900000049645	epochs	3.0
834.3743541	0.04049880000002304	epochs	2.0
834.3743541	0.020296600000051512	epochs	3.0
834.3946507	0.020202199999971526	epochs	3.0
834.4148529	0.04012460000001283	epochs	2.0
834.4148529	0.020108699999923374	epochs	3.0
834.4349616	0.02001590000008946	epochs	3.0
834.4549775	0.039757299999905626	epochs	2.0
834.4549775	0.019924199999991288	epochs	3.0
834.4749017	0.01983309999991434	epochs	3.0
834.4947348	0.039396700000111196	epochs	2.0
834.4947348	0.01974300000006224	epochs	3.0
834.5144778	0.019653700000048957	epochs	3.0
834.5341315000001	0.03904239999997117	epochs	2.0
834.5341315000001	0.019565099999908853	epochs	3.0
834.5536966	0.019477300000062314	epochs	3.0
834.5731739	0.03869459999998526	epochs	2.0
834.5731739	0.019390400000020236	epochs	3.0
834.5925643	0.01930419999996502	epochs	3.0
834.6118685	0.03835289999994984	epochs	2.0
834.6118685	0.019218799999976	epochs	3.0
834.6310873	0.01913409999997384	epochs	3.0
834.6502214	0.03801720000001296	epochs	2.0
834.6502214	0.019050200000037876	epochs	3.0
834.6692716	0.018966999999975087	epochs	3.0
834.6882386	0.037687200000050325	epochs	2.0
834.6882386	0.01888450000001285	epochs	3.0
834.7071231	0.018802700000037476	epochs	3.0
834.7259258	0.03736309999999321	epochs	2.0
834.7259258	0.018721700000014607	epochs	3.0
834.7446475	0.018641399999978603	epochs	3.0
834.7632889	0.03704429999993408	epochs	2.0
834.7632889	0.01856159999999818	epochs	3.0
834.7818505	0.018482699999935903	epochs	3.0
834.8003332	0.0367310000000316	epochs	2.0
834.8003332	0.018404300000042895	epochs	3.0
834.8187375	0.018326699999988705	epochs	3.0
834.8370642	0.036422900000047775	epochs	2.0
834.8370642	0.018249599999990096	epochs	3.0
834.8553138	0.01817330000005768	epochs	3.0
834.8734871	0.03612009999994825	epochs	2.0
834.8734871	0.01809759999991911	epochs	3.0
834.8915847	0.01802250000002914	epochs	3.0
834.9096072	0.03582210000001851	epochs	2.0
834.9096072	0.017947899999967376	epochs	3.0
834.9275551	0.017874200000051133	epochs	3.0
834.9454293	0.03552899999999681	epochs	2.0
834.9454293	0.017800800000031813	epochs	3.0
834.9632301	0.017728199999965	epochs	3.0
834.9809583	0.03524070000003121	epochs	2.0
834.9809583	0.017656099999953767	epochs	3.0
834.9986144	0.017584600000077444	epochs	3.0
835.016199	0.03495709999992869	epochs	2.0
835.016199	0.01751369999999497	epochs	3.0
835.0337127	0.017443399999933717	epochs	3.0
835.0511561	0.03467790000001969	epochs	2.0
835.0511561	0.017373600000041733	epochs	3.0
835.0685297	0.017304299999977957	epochs	3.0
835.085834	0.03440330000000813	epochs	2.0
835.085834	0.01723570000001473	epochs	3.0
835.1030697	0.0171675999999934	epochs	3.0
835.1202373	0.0341328000000658	epochs	2.0
835.1202373	0.017099900000062007	epochs	3.0
835.1373372	0.017032900000003792	epochs	3.0
835.1543701	0.033866699999975935	epochs	2.0
835.1543701	0.01696640000000116	epochs	3.0
835.1713365	0.016900299999974777	epochs	3.0
835.1882368	0.03360459999998966	epochs	2.0
835.1882368	0.01683479999996962	epochs	3.0
835.2050716	0.01676980000002004	epochs	3.0
835.2218414	0.033346599999958926	epochs	2.0
835.2218414	0.016705300000012357	epochs	3.0
835.2385467	0.01664129999994657	epochs	3.0
835.255188	0.03309250000006614	epochs	2.0
835.255188	0.016577800000050047	epochs	3.0
835.2717658	0.01651470000001609	epochs	3.0
835.2882805	0.03284229999997024	epochs	2.0
835.2882805	0.01645220000000336	epochs	3.0
835.3047327	0.01639009999996688	epochs	3.0
835.3211228	0.03259570000000167	epochs	2.0
835.3211228	0.016328400000020338	epochs	3.0
835.3374512	0.016267299999981333	epochs	3.0
835.3537185	0.032352899999978035	epochs	2.0
835.3537185	0.016206600000032267	epochs	3.0
835.3699251	0.016146299999945768	epochs	3.0
835.3860714	0.03211369999996805	epochs	2.0
835.3860714	0.016086599999994178	epochs	3.0
835.402158	0.01602709999997387	epochs	3.0
835.4181851	0.03187800000000607	epochs	2.0
835.4181851	0.015968200000088473	epochs	3.0
835.4341533	0.015909799999917595	epochs	3.0
835.4500631	0.031645700000012766	epochs	2.0
835.4500631	0.01585160000001906	epochs	3.0
835.4659147	0.015794099999993705	epochs	3.0
835.4817088	0.0314167000000225	epochs	2.0
835.4817088	0.015736700000047676	epochs	3.0
835.4974455	0.015679999999974825	epochs	3.0
835.5131255	0.031191100000000915	epochs	2.0
835.5131255	0.015623600000026272	epochs	3.0
835.5287491	0.015567499999974643	epochs	3.0
835.5443166	0.030968700000016725	epochs	2.0
835.5443166	0.015511999999944237	epochs	3.0
835.5598286	0.015456700000072487	epochs	3.0
835.5752853	0.030749499999956242	epochs	2.0
835.5752853	0.015401999999994587	epochs	3.0
835.5906873	0.015347499999961656	epochs	3.0
835.6060348	0.03053320000003623	epochs	2.0
835.6060348	0.015293400000018664	epochs	3.0
835.6213282	0.015239800000017567	epochs	3.0
835.636568	0.03032010000003993	epochs	2.0
835.636568	0.015186500000027081	epochs	3.0
835.6517545	0.015133600000012848	epochs	3.0
835.6668881	0.030109899999956724	epochs	2.0
835.6668881	0.015080999999895539	epochs	3.0
835.6819691	0.015028900000061185	epochs	3.0
835.696998	0.02990250000004835	epochs	2.0
835.696998	0.014977000000044427	epochs	3.0
835.711975	0.014925500000003922	epochs	3.0
835.7269005	0.029698099999905025	epochs	2.0
835.7269005	0.01487439999993967	epochs	3.0
835.7417749	0.014823699999965356	epochs	3.0
835.7565986	0.02949630000000525	epochs	2.0
835.7565986	0.014773200000036013	epochs	3.0
835.7713718	0.014723099999969236	epochs	3.0
835.7860949	0.02929740000001857	epochs	2.0
835.7860949	0.014673399999992398	epochs	3.0
835.8007683	0.014624000000026172	epochs	3.0
835.8153923	0.029101100000048064	epochs	2.0
835.8153923	0.014574900000070556	epochs	3.0
835.8299672	0.014526199999977507	epochs	3.0
835.8444934	0.028907399999980044	epochs	2.0
835.8444934	0.014477699999929428	epochs	3.0
835.8589711	0.014429700000050616	epochs	3.0
835.8734008	0.028716199999962555	epochs	2.0
835.8734008	0.014381800000023759	epochs	3.0
835.8877826	0.014334399999938796	epochs	3.0
835.902117	0.028527600000074926	epochs	2.0
835.902117	0.01428720000001249	epochs	3.0
835.9164042	0.014240400000062436	epochs	3.0
835.9306446	0.028341399999931127	epochs	2.0
835.9306446	0.014193799999929979	epochs	3.0
835.9448384	0.014147600000001148	epochs	3.0
835.958986	0.028157700000065233	epochs	2.0
835.958986	0.014101699999969242	epochs	3.0
835.9730877	0.014056000000095992	epochs	3.0
835.9871437	0.027976299999977527	epochs	2.0
835.9871437	0.01401060000000598	epochs	3.0
836.0011543	0.013965699999971548	epochs	3.0
836.01512	0.02779720000000907	epochs	2.0
836.01512	0.013920799999937117	epochs	3.0
836.0290408	0.013876400000071953	epochs	3.0
836.0429172	0.027620399999932488	epochs	2.0
836.0429172	0.0138321999999107	epochs	3.0
836.0567494	0.013788200000021789	epochs	3.0
836.0705376	0.02744590000008884	epochs	2.0
836.0705376	0.013744599999995444	epochs	3.0
836.0842822	0.013701300000093397	epochs	3.0
836.0979835	0.027273499999978412	epochs	2.0
836.0979835	0.01365819999989526	epochs	3.0
836.1116417	0.013615300000083153	epochs	3.0
836.125257	0.027103399999987232	epochs	2.0
836.125257	0.013572800000019924	epochs	3.0
836.1388298	0.013530599999967308	epochs	3.0
836.1523604	0.02693520000002536	epochs	2.0
836.1523604	0.013488400000028378	epochs	3.0
836.1658488	0.013446799999996983	epochs	3.0
836.1792956	0.026769199999989723	epochs	2.0
836.1792956	0.013405199999965589	epochs	3.0
836.1927008	0.013364000000024134	epochs	3.0
836.2060648	0.026605199999949036	epochs	2.0
836.2060648	0.013322899999934634	epochs	3.0
836.2193877	0.013282300000014402	epochs	3.0
836.23267	0.026443200000016986	epochs	2.0
836.23267	0.013241699999980483	epochs	3.0
836.2459117	0.013201500000036503	epochs	3.0
836.2591132	0.0262831999999662	epochs	2.0
836.2591132	0.013161500000023807	epochs	3.0
836.2722747	0.013121699999942393	epochs	3.0
836.2853964	0.02612499999997908	epochs	2.0
836.2853964	0.013082100000019636	epochs	3.0
836.2984785	0.013042899999959445	epochs	3.0
836.3115214	0.025968900000066242	epochs	2.0
836.3115214	0.01300390000005791	epochs	3.0
836.3245253	0.012965000000008331	epochs	3.0
836.3374903	0.025814500000024054	epochs	2.0
836.3374903	0.012926399999969362	epochs	3.0
836.3504167	0.012888100000054692	epochs	3.0
836.3633048	0.025661899999931848	epochs	2.0
836.3633048	0.012849899999991976	epochs	3.0
836.3761547	0.012811999999939871	epochs	3.0
836.3889667	0.025511199999982637	epochs	2.0
836.3889667	0.012774400000012065	epochs	3.0
836.4017411	0.012736799999970572	epochs	3.0
836.4144779	0.025362300000097093	epochs	2.0
836.4144779	0.012699700000098346	epochs	3.0
836.4271776	0.012662599999998747	epochs	3.0
836.4398402	0.025215000000002874	epochs	2.0
836.4398402	0.01262579999990976	epochs	3.0
836.452466	0.012589200000093115	epochs	3.0
836.4650552	0.024584799999956886	epochs	2.0
836.487999	0.5	epochs	-1.0
836.48964	0.5448000000000093	epochs	1.0
837.03444	0.45511999999996533	epochs	0.0
837.4220004081726	0.11464000000000851	epochs	0.0
837.4220004081726	0.05232169999999314	epochs	1.0
837.4743221081726	0.009996600000022227	epochs	1.0
837.4843187081726	0.05232169999999314	epochs	1.0
837.5366404081726	2.0	epochs	0.0
839.5366404081726	21.525840000000017	epochs	0.0
839.5366404081726	1.0	epochs	1.0
839.5366794081726	0.5	epochs	-1.0
840.0366794081726	19.99831999999992	epochs	-1.0
840.5366404081726	20.0	epochs	1.0
840.5366404081726	4.356753899999944	epochs	-1.0
840.5366404081726	1.9745871999999736	epochs	2.0
840.5366404081726	1.0985621999999466	epochs	3.0
841.6352026081726	0.8760250000000269	epochs	3.0
842.5112276081726	1.3524075000000266	epochs	2.0
842.5112276081726	0.7286354999999958	epochs	3.0
843.2398631081726	0.6237720000000309	epochs	3.0
843.8636351081726	1.029759199999944	epochs	2.0
843.8636351081726	0.5453292999999348	epochs	3.0
844.4089644081726	0.4844299000000092	epochs	3.0
844.8933943081726	0.8317862000000105	epochs	2.0
844.8933943081726	0.4357763000000432	epochs	3.0
845.3291706081726	0.3960098999999673	epochs	3.0
845.7251805081726	0.6977970000000369	epochs	2.0
845.7251805081726	0.3628982000000178	epochs	3.0
846.0880787081726	0.33489880000001904	epochs	3.0
846.4229775081726	0.601045699999986	epochs	2.0
846.4229775081726	0.3109123000000409	epochs	3.0
846.7338898081726	0.29013339999994514	epochs	3.0
847.0240232081726	0.5278859000000011	epochs	2.0
847.0240232081726	0.2719586000000618	epochs	3.0
847.2959818081727	0.25592729999993935	epochs	3.0
847.5519091081726	0.4706193000000667	epochs	2.0
847.5519091081726	0.241681299999982	epochs	3.0
847.7935904081726	0.22893800000008468	epochs	3.0
848.0225284081727	0.42457039999999324	epochs	2.0
848.0225284081727	0.2174713999999085	epochs	3.0
848.2399998081726	0.20709900000008474	epochs	3.0
848.4470988081727	0.3867353999999068	epochs	2.0
848.4470988081727	0.19767109999997956	epochs	3.0
848.6447699081726	0.18906429999992724	epochs	3.0
848.8338342081726	0.3550953000000163	epochs	2.0
848.8338342081726	0.18117590000008477	epochs	3.0
849.0150101081726	0.17391939999993156	epochs	3.0
849.1889295081726	0.3282431000000088	epochs	2.0
849.1889295081726	0.1672219000000723	epochs	3.0
849.3561514081727	0.16102119999993647	epochs	3.0
849.5171726081726	0.30516799999998057	epochs	2.0
849.5171726081726	0.15526390000002266	epochs	3.0
849.6724365081726	0.1499040999999579	epochs	3.0
849.8223406081726	0.28512530000000424	epochs	2.0
849.8223406081726	0.1449021000000812	epochs	3.0
849.9672427081726	0.14022319999992305	epochs	3.0
850.1074659081726	0.267553800000087	epochs	2.0
850.1074659081726	0.1358369000000721	epochs	3.0
850.2433028081726	0.1317169000000149	epochs	3.0
850.3750197081727	0.252022899999929	epochs	2.0
850.3750197081727	0.1278393000000051	epochs	3.0
850.5028590081727	0.1241835999999239	epochs	3.0
850.6270426081726	0.23819650000007186	epochs	2.0
850.6270426081726	0.12073110000005727	epochs	3.0
850.7477737081726	0.1174654000000146	epochs	3.0
850.8652391081727	0.2258087999999816	epochs	2.0
850.8652391081727	0.1143718999999237	epochs	3.0
850.9796110081726	0.1114369000000579	epochs	3.0
851.0910479081726	0.2146460000000161	epochs	2.0
851.0910479081726	0.10864889999993466	epochs	3.0
851.1996968081726	0.10599710000008145	epochs	3.0
851.3056939081727	0.20453499999996438	epochs	2.0
851.3056939081727	0.10347149999995509	epochs	3.0
851.4091654081726	0.1010635000000093	epochs	3.0
851.5102289081726	0.19533400000000256	epochs	2.0
851.5102289081726	0.09876510000003691	epochs	3.0
851.6089940081727	0.09656889999996565	epochs	3.0
851.7055629081726	0.18692529999998442	epochs	2.0
851.7055629081726	0.09446830000001682	epochs	3.0
851.8000312081726	0.09245699999996759	epochs	3.0
851.8924882081726	0.17921069999999872	epochs	2.0
851.8924882081726	0.09052959999996801	epochs	3.0
851.9830178081726	0.08868110000003071	epochs	3.0
852.0716989081726	0.17210769999996955	epochs	2.0
852.0716989081726	0.08690630000000965	epochs	3.0
852.1586052081726	0.0852013999999599	epochs	3.0
852.2438066081726	0.16554640000003928	epochs	2.0
852.2438066081726	0.08356190000006336	epochs	3.0
852.3273685081726	0.08198449999997592	epochs	3.0
852.4093530081726	0.15946710000002895	epochs	2.0
852.4093530081726	0.08046539999998004	epochs	3.0
852.4898184081726	0.07900170000004891	epochs	3.0
852.5688201081726	0.15381839999997737	epochs	2.0
852.5688201081726	0.07759009999995214	epochs	3.0
852.6464102081726	0.07622830000002523	epochs	3.0
852.7226385081726	0.14855639999996129	epochs	2.0
852.7226385081726	0.07491329999993468	epochs	3.0
852.7975518081726	0.0736431000000266	epochs	3.0
852.8711949081726	0.14364239999997608	epochs	2.0
852.8711949081726	0.07241499999997814	epochs	3.0
852.9436099081726	0.07122739999999794	epochs	3.0
853.0148373081726	0.13904310000009446	epochs	2.0
853.0148373081726	0.07007800000008046	epochs	3.0
853.0849153081726	0.06896510000001399	epochs	3.0
853.1538804081727	0.1347293000000036	epochs	2.0
853.1538804081727	0.0678871000000072	epochs	3.0
853.2217675081727	0.06684219999999641	epochs	3.0
853.2886097081727	0.13067519999992783	epochs	2.0
853.2886097081727	0.06582909999997355	epochs	3.0
853.3544388081726	0.06484609999995428	epochs	3.0
853.4192849081726	0.12685780000003888	epochs	2.0
853.4192849081726	0.06389200000000983	epochs	3.0
853.4831769081726	0.06296580000002905	epochs	3.0
853.5461427081726	0.12325720000001184	epochs	2.0
853.5461427081726	0.06206580000002759	epochs	3.0
853.6082085081727	0.06119139999998424	epochs	3.0
853.6693999081726	0.11985540000000583	epochs	2.0
853.6693999081726	0.060341099999959624	epochs	3.0
853.7297410081726	0.059514300000046205	epochs	3.0
853.7892553081726	0.11663620000001629	epochs	2.0
853.7892553081726	0.058709599999929196	epochs	3.0
853.8479649081726	0.05792660000008709	epochs	3.0
853.9058915081727	0.11358559999996487	epochs	2.0
853.9058915081727	0.05716419999998834	epochs	3.0
853.9630557081726	0.05642139999997653	epochs	3.0
854.0194771081726	0.11069050000003244	epochs	2.0
854.0194771081726	0.055697900000041045	epochs	3.0
854.0751750081727	0.0549925999999914	epochs	3.0
854.1301676081727	0.10793909999995321	epochs	2.0
854.1301676081727	0.05430489999992005	epochs	3.0
854.1844725081726	0.05363420000003316	epochs	3.0
854.2381067081726	0.10532149999994544	epochs	2.0
854.2381067081726	0.05298000000004777	epochs	3.0
854.2910867081727	0.05234149999989768	epochs	3.0
854.3434282081726	0.10282760000006874	epochs	2.0
854.3434282081726	0.05171810000001642	epochs	3.0
854.3951463081726	0.05110950000005232	epochs	3.0
854.4462558081726	0.10044909999999163	epochs	2.0
854.4462558081726	0.05051489999993919	epochs	3.0
854.4967707081726	0.04993420000005244	epochs	3.0
854.5467049081726	0.0981782999999723	epochs	2.0
854.5467049081726	0.04936659999998483	epochs	3.0
854.5960715081726	0.04881169999998747	epochs	3.0
854.6448832081726	0.09600780000005216	epochs	2.0
854.6448832081726	0.04826920000004975	epochs	3.0
854.6931524081726	0.04773860000000241	epochs	3.0
854.7408910081726	0.09393119999992905	epochs	2.0
854.7408910081726	0.04721949999998287	epochs	3.0
854.7881105081726	0.04671169999994618	epochs	3.0
854.8348222081726	0.09194260000003851	epochs	2.0
854.8348222081726	0.046214599999984785	epochs	3.0
854.8810368081726	0.045728000000053726	epochs	3.0
854.9267648081726	0.09003629999995155	epochs	2.0
854.9267648081726	0.045251499999949374	epochs	3.0
854.9720163081726	0.04478480000000218	epochs	3.0
855.0168011081726	0.08820760000003247	epochs	2.0
855.0168011081726	0.044327800000019124	epochs	3.0
855.0611289081726	0.04387980000001335	epochs	3.0
855.1050087081726	0.0864516999999978	epochs	2.0
855.1050087081726	0.04344100000002982	epochs	3.0
855.1484497081726	0.04301069999996798	epochs	3.0
855.1914604081726	0.08476429999996071	epochs	2.0
855.1914604081726	0.04258900000002086	epochs	3.0
855.2340494081726	0.04217529999993985	epochs	3.0
855.2762247081725	0.08314150000001064	epochs	2.0
855.2762247081725	0.04176970000003166	epochs	3.0
855.3179944081726	0.041371799999978975	epochs	3.0
855.3593662081726	0.08157970000002024	epochs	2.0
855.3593662081726	0.04098140000007788	epochs	3.0
855.4003476081726	0.040598299999942355	epochs	3.0
855.4409459081726	0.08007550000002084	epochs	2.0
855.4409459081726	0.04022229999998217	epochs	3.0
855.4811682081726	0.03985320000003867	epochs	3.0
855.5210214081726	0.07862569999997504	epochs	2.0
855.5210214081726	0.0394907999999532	epochs	3.0
855.5605122081726	0.039134900000021844	epochs	3.0
855.5996471081726	0.07722760000001472	epochs	2.0
855.5996471081726	0.038785400000051595	epochs	3.0
855.6384325081726	0.03844219999996312	epochs	3.0
855.6768747081726	0.07587820000003376	epochs	2.0
855.6768747081726	0.038104800000041905	epochs	3.0
855.7149795081726	0.03777339999999185	epochs	3.0
855.7527529081726	0.0745752000000266	epochs	2.0
855.7527529081726	0.03744770000002973	epochs	3.0
855.7902006081727	0.03712749999999687	epochs	3.0
855.8273281081727	0.07331629999998768	epochs	2.0
855.8273281081727	0.036812899999972615	epochs	3.0
855.8641410081726	0.03650340000001506	epochs	3.0
855.9006444081726	0.07209899999998015	epochs	2.0
855.9006444081726	0.03619909999997617	epochs	3.0
855.9368435081726	0.03589990000000398	epochs	3.0
855.9727434081726	0.07092169999998532	epochs	2.0
855.9727434081726	0.03560559999993984	epochs	3.0
856.0083490081726	0.03531610000004548	epochs	3.0
856.0436651081726	0.06978200000003199	epochs	2.0
856.0436651081726	0.03503120000004856	epochs	3.0
856.0786963081727	0.03475079999998343	epochs	3.0
856.1134471081726	0.06867859999999837	epochs	2.0
856.1134471081726	0.03447510000000875	epochs	3.0
856.1479222081726	0.03420349999998962	epochs	3.0
856.1821257081726	0.06760929999995824	epochs	2.0
856.1821257081726	0.033936199999970995	epochs	3.0
856.2160619081726	0.033673099999987244	epochs	3.0
856.2497350081726	0.06657289999998284	epochs	2.0
856.2497350081726	0.03341399999999339	epochs	3.0
856.2831490081726	0.033158899999989444	epochs	3.0
856.3163079081726	0.06556780000005347	epochs	2.0
856.3163079081726	0.032907700000009754	epochs	3.0
856.3492156081726	0.03266010000004371	epochs	3.0
856.3818757081726	0.06459259999996902	epochs	2.0
856.3818757081726	0.032416399999988244	epochs	3.0
856.4142921081726	0.03217619999998078	epochs	3.0
856.4464683081726	0.06364600000006249	epochs	2.0
856.4464683081726	0.03193959999998697	epochs	3.0
856.4784079081726	0.03170640000007552	epochs	3.0
856.5101143081727	0.0627266999999847	epochs	2.0
856.5101143081727	0.031476599999905375	epochs	3.0
856.5415909081726	0.03125010000007933	epochs	3.0
856.5728410081726	0.06183359999999993	epochs	2.0
856.5728410081726	0.03102689999991526	epochs	3.0
856.6038679081726	0.030806700000084675	epochs	3.0
856.6346746081726	0.060965599999917686	epochs	2.0
856.6346746081726	0.030589799999916067	epochs	3.0
856.6652644081726	0.030375800000001618	epochs	3.0
856.6956402081726	0.06012160000000222	epochs	2.0
856.6956402081726	0.030164900000045236	epochs	3.0
856.7258051081726	0.02995669999995698	epochs	3.0
856.7557618081726	0.05930069999999432	epochs	2.0
856.7557618081726	0.029751600000054168	epochs	3.0
856.7855134081726	0.029549099999940154	epochs	3.0
856.8150625081726	0.05850180000004457	epochs	2.0
856.8150625081726	0.02934940000000097	epochs	3.0
856.8444119081726	0.0291524000000436	epochs	3.0
856.8735643081726	0.057724200000052406	epochs	2.0
856.8735643081726	0.028957999999988715	epochs	3.0
856.9025223081726	0.02876620000006369	epochs	3.0
856.9312885081727	0.05696709999995164	epochs	2.0
856.9312885081727	0.028576999999927466	epochs	3.0
856.9598655081726	0.028390100000024177	epochs	3.0
856.9882556081726	0.05622949999997218	epochs	2.0
856.9882556081726	0.028205700000057732	epochs	3.0
857.0164613081727	0.028023799999914445	epochs	3.0
857.0444851081726	0.05551070000001346	epochs	2.0
857.0444851081726	0.02784400000007281	epochs	3.0
857.0723291081727	0.027666699999940647	epochs	3.0
857.0999958081726	0.054810200000019904	epochs	2.0
857.0999958081726	0.02749149999999645	epochs	3.0
857.1274873081726	0.027318700000023455	epochs	3.0
857.1548060081726	0.05412699999999404	epochs	2.0
857.1548060081726	0.027147799999966082	epochs	3.0
857.1819538081726	0.02697920000002796	epochs	3.0
857.2089330081726	0.053460699999959616	epochs	2.0
857.2089330081726	0.0268125999999711	epochs	3.0
857.2357456081726	0.026648099999988517	epochs	3.0
857.2623937081726	0.05281070000000909	epochs	2.0
857.2623937081726	0.026485600000000886	epochs	3.0
857.2888793081726	0.026325100000008206	epochs	3.0
857.3152044081726	0.05217620000007628	epochs	2.0
857.3152044081726	0.026166400000079193	epochs	3.0
857.3413708081727	0.026009799999997085	epochs	3.0
857.3673806081727	0.051556699999991906	epochs	2.0
857.3673806081727	0.025854799999933675	epochs	3.0
857.3932354081726	0.02570190000005823	epochs	3.0
857.4189373081726	0.05095189999997274	epochs	2.0
857.4189373081726	0.025550699999939752	epochs	3.0
857.4444880081726	0.025401200000032986	epochs	3.0
857.4698892081726	0.05036099999995258	epochs	2.0
857.4698892081726	0.025253499999962514	epochs	3.0
857.4951427081726	0.02510749999999007	epochs	3.0
857.5202502081726	0.049783800000000156	epochs	2.0
857.5202502081726	0.02496320000000196	epochs	3.0
857.5452134081726	0.024820599999998194	epochs	3.0
857.5700340081726	0.049219500000049266	epochs	2.0
857.5700340081726	0.02467940000008184	epochs	3.0
857.5947134081727	0.024540099999967424	epochs	3.0
857.6192535081726	0.048667899999941255	epochs	2.0
857.6192535081726	0.02440209999997478	epochs	3.0
857.6436556081726	0.024265799999966475	epochs	3.0
857.6679214081726	0.04812860000004093	epochs	2.0
857.6679214081726	0.024131000000011227	epochs	3.0
857.6920524081726	0.023997600000029706	epochs	3.0
857.7160500081726	0.04760109999995166	epochs	2.0
857.7160500081726	0.023865799999953197	epochs	3.0
857.7399158081726	0.02373529999999846	epochs	3.0
857.7636511081726	0.047085000000038235	epochs	2.0
857.7636511081726	0.02360630000009678	epochs	3.0
857.7872574081726	0.023478699999941455	epochs	3.0
857.8107361081726	0.04658000000006268	epochs	2.0
857.8107361081726	0.02335249999998723	epochs	3.0
857.8340886081726	0.02322750000007545	epochs	3.0
857.8573161081727	0.04608569999993506	epochs	2.0
857.8573161081727	0.023103999999989355	epochs	3.0
857.8804201081726	0.022981699999945704	epochs	3.0
857.9034018081726	0.045601799999985815	epochs	2.0
857.9034018081726	0.022860700000023826	epochs	3.0
857.9262625081726	0.02274109999996199	epochs	3.0
857.9490036081726	0.04512790000001132	epochs	2.0
857.9490036081726	0.022622500000011314	epochs	3.0
857.9716261081726	0.02250540000000001	epochs	3.0
857.9941315081726	0.044663799999966614	epochs	2.0
857.9941315081726	0.02238929999998618	epochs	3.0
858.0165208081726	0.022274499999980435	epochs	3.0
858.0387953081726	0.04420920000006845	epochs	2.0
858.0387953081726	0.022160800000051495	epochs	3.0
858.0609561081726	0.022048400000016954	epochs	3.0
858.0830045081726	0.043763600000033875	epochs	2.0
858.0830045081726	0.021936900000014248	epochs	3.0
858.1049414081726	0.021826700000019628	epochs	3.0
858.1267681081727	0.04332709999994222	epochs	2.0
858.1267681081727	0.021717599999988124	epochs	3.0
858.1484857081726	0.021609499999954096	epochs	3.0
858.1700952081726	0.04289900000003399	epochs	2.0
858.1700952081726	0.02150249999999687	epochs	3.0
858.1915977081726	0.021396500000037122	epochs	3.0
858.2129942081726	0.042479500000013104	epochs	2.0
858.2129942081726	0.02129170000000613	epochs	3.0
858.2342859081726	0.021187800000006973	epochs	3.0
858.2554737081726	0.042067900000006375	epochs	2.0
858.2554737081726	0.02108490000000529	epochs	3.0
858.2765586081726	0.020983000000001084	epochs	3.0
858.2975416081727	0.04166439999994509	epochs	2.0
858.2975416081727	0.020882199999959994	epochs	3.0
858.3184238081726	0.020782199999985096	epochs	3.0
858.3392060081726	0.04126850000000104	epochs	2.0
858.3392060081726	0.020683299999973315	epochs	3.0
858.3598893081726	0.020585200000027726	epochs	3.0
858.3804745081726	0.04088000000001557	epochs	2.0
858.3804745081726	0.020488099999965925	epochs	3.0
858.4009626081726	0.020391900000049645	epochs	3.0
858.4213545081726	0.04049880000002304	epochs	2.0
858.4213545081726	0.020296600000051512	epochs	3.0
858.4416511081727	0.020202199999971526	epochs	3.0
858.4618533081726	0.04012460000001283	epochs	2.0
858.4618533081726	0.020108699999923374	epochs	3.0
858.4819620081726	0.02001590000008946	epochs	3.0
858.5019779081726	0.039757299999905626	epochs	2.0
858.5019779081726	0.019924199999991288	epochs	3.0
858.5219021081726	0.01983309999991434	epochs	3.0
858.5417352081726	0.039396700000111196	epochs	2.0
858.5417352081726	0.01974300000006224	epochs	3.0
858.5614782081726	0.019653700000048957	epochs	3.0
858.5811319081727	0.03904239999997117	epochs	2.0
858.5811319081727	0.019565099999908853	epochs	3.0
858.6006970081726	0.019477300000062314	epochs	3.0
858.6201743081726	0.03869459999998526	epochs	2.0
858.6201743081726	0.019390400000020236	epochs	3.0
858.6395647081727	0.01930419999996502	epochs	3.0
858.6588689081726	0.03835289999994984	epochs	2.0
858.6588689081726	0.019218799999976	epochs	3.0
858.6780877081726	0.01913409999997384	epochs	3.0
858.6972218081726	0.03801720000001296	epochs	2.0
858.6972218081726	0.019050200000037876	epochs	3.0
858.7162720081726	0.018966999999975087	epochs	3.0
858.7352390081726	0.037687200000050325	epochs	2.0
858.7352390081726	0.01888450000001285	epochs	3.0
858.7541235081726	0.018802700000037476	epochs	3.0
858.7729262081726	0.03736309999999321	epochs	2.0
858.7729262081726	0.018721700000014607	epochs	3.0
858.7916479081726	0.018641399999978603	epochs	3.0
858.8102893081726	0.03704429999993408	epochs	2.0
858.8102893081726	0.01856159999999818	epochs	3.0
858.8288509081726	0.018482699999935903	epochs	3.0
858.8473336081726	0.0367310000000316	epochs	2.0
858.8473336081726	0.018404300000042895	epochs	3.0
858.8657379081726	0.018326699999988705	epochs	3.0
858.8840646081726	0.036422900000047775	epochs	2.0
858.8840646081726	0.018249599999990096	epochs	3.0
858.9023142081726	0.01817330000005768	epochs	3.0
858.9204875081726	0.03612009999994825	epochs	2.0
858.9204875081726	0.01809759999991911	epochs	3.0
858.9385851081726	0.01802250000002914	epochs	3.0
858.9566076081726	0.03582210000001851	epochs	2.0
858.9566076081726	0.017947899999967376	epochs	3.0
858.9745555081726	0.017874200000051133	epochs	3.0
858.9924297081726	0.03552899999999681	epochs	2.0
858.9924297081726	0.017800800000031813	epochs	3.0
859.0102305081726	0.017728199999965	epochs	3.0
859.0279587081726	0.03524070000003121	epochs	2.0
859.0279587081726	0.017656099999953767	epochs	3.0
859.0456148081726	0.017584600000077444	epochs	3.0
859.0631994081726	0.03495709999992869	epochs	2.0
859.0631994081726	0.01751369999999497	epochs	3.0
859.0807131081726	0.017443399999933717	epochs	3.0
859.0981565081726	0.03467790000001969	epochs	2.0
859.0981565081726	0.017373600000041733	epochs	3.0
859.1155301081726	0.017304299999977957	epochs	3.0
859.1328344081726	0.03440330000000813	epochs	2.0
859.1328344081726	0.01723570000001473	epochs	3.0
859.1500701081726	0.0171675999999934	epochs	3.0
859.1672377081726	0.0341328000000658	epochs	2.0
859.1672377081726	0.017099900000062007	epochs	3.0
859.1843376081727	0.017032900000003792	epochs	3.0
859.2013705081727	0.033866699999975935	epochs	2.0
859.2013705081727	0.01696640000000116	epochs	3.0
859.2183369081727	0.016900299999974777	epochs	3.0
859.2352372081726	0.03360459999998966	epochs	2.0
859.2352372081726	0.01683479999996962	epochs	3.0
859.2520720081726	0.01676980000002004	epochs	3.0
859.2688418081726	0.033346599999958926	epochs	2.0
859.2688418081726	0.016705300000012357	epochs	3.0
859.2855471081726	0.01664129999994657	epochs	3.0
859.3021884081726	0.03309250000006614	epochs	2.0
859.3021884081726	0.016577800000050047	epochs	3.0
859.3187662081726	0.01651470000001609	epochs	3.0
859.3352809081726	0.03284229999997024	epochs	2.0
859.3352809081726	0.01645220000000336	epochs	3.0
859.3517331081727	0.01639009999996688	epochs	3.0
859.3681232081726	0.03259570000000167	epochs	2.0
859.3681232081726	0.016328400000020338	epochs	3.0
859.3844516081726	0.016267299999981333	epochs	3.0
859.4007189081726	0.032352899999978035	epochs	2.0
859.4007189081726	0.016206600000032267	epochs	3.0
859.4169255081727	0.016146299999945768	epochs	3.0
859.4330718081726	0.03211369999996805	epochs	2.0
859.4330718081726	0.016086599999994178	epochs	3.0
859.4491584081726	0.01602709999997387	epochs	3.0
859.4651855081726	0.03187800000000607	epochs	2.0
859.4651855081726	0.015968200000088473	epochs	3.0
859.4811537081727	0.015909799999917595	epochs	3.0
859.4970635081726	0.031645700000012766	epochs	2.0
859.4970635081726	0.01585160000001906	epochs	3.0
859.5129151081726	0.015794099999993705	epochs	3.0
859.5287092081726	0.0314167000000225	epochs	2.0
859.5287092081726	0.015736700000047676	epochs	3.0
859.5444459081726	0.015679999999974825	epochs	3.0
859.5601259081726	0.031191100000000915	epochs	2.0
859.5601259081726	0.015623600000026272	epochs	3.0
859.5757495081726	0.015567499999974643	epochs	3.0
859.5913170081726	0.030968700000016725	epochs	2.0
859.5913170081726	0.015511999999944237	epochs	3.0
859.6068290081726	0.015456700000072487	epochs	3.0
859.6222857081726	0.030749499999956242	epochs	2.0
859.6222857081726	0.015401999999994587	epochs	3.0
859.6376877081726	0.015347499999961656	epochs	3.0
859.6530352081726	0.03053320000003623	epochs	2.0
859.6530352081726	0.015293400000018664	epochs	3.0
859.6683286081726	0.015239800000017567	epochs	3.0
859.6835684081726	0.03032010000003993	epochs	2.0
859.6835684081726	0.015186500000027081	epochs	3.0
859.6987549081726	0.015133600000012848	epochs	3.0
859.7138885081727	0.030109899999956724	epochs	2.0
859.7138885081727	0.015080999999895539	epochs	3.0
859.7289695081726	0.015028900000061185	epochs	3.0
859.7439984081726	0.02990250000004835	epochs	2.0
859.7439984081726	0.014977000000044427	epochs	3.0
859.7589754081727	0.014925500000003922	epochs	3.0
859.7739009081727	0.029698099999905025	epochs	2.0
859.7739009081727	0.01487439999993967	epochs	3.0
859.7887753081726	0.014823699999965356	epochs	3.0
859.8035990081726	0.02949630000000525	epochs	2.0
859.8035990081726	0.014773200000036013	epochs	3.0
859.8183722081726	0.014723099999969236	epochs	3.0
859.8330953081726	0.02929740000001857	epochs	2.0
859.8330953081726	0.014673399999992398	epochs	3.0
859.8477687081726	0.014624000000026172	epochs	3.0
859.8623927081726	0.029101100000048064	epochs	2.0
859.8623927081726	0.014574900000070556	epochs	3.0
859.8769676081727	0.014526199999977507	epochs	3.0
859.8914938081726	0.028907399999980044	epochs	2.0
859.8914938081726	0.014477699999929428	epochs	3.0
859.9059715081726	0.014429700000050616	epochs	3.0
859.9204012081726	0.028716199999962555	epochs	2.0
859.9204012081726	0.014381800000023759	epochs	3.0
859.9347830081726	0.014334399999938796	epochs	3.0
859.9491174081726	0.028527600000074926	epochs	2.0
859.9491174081726	0.01428720000001249	epochs	3.0
859.9634046081726	0.014240400000062436	epochs	3.0
859.9776450081727	0.028341399999931127	epochs	2.0
859.9776450081727	0.014193799999929979	epochs	3.0
859.9918388081726	0.014147600000001148	epochs	3.0
860.0059864081726	0.028157700000065233	epochs	2.0
860.0059864081726	0.014101699999969242	epochs	3.0
860.0200881081726	0.014056000000095992	epochs	3.0
860.0341441081727	0.027976299999977527	epochs	2.0
860.0341441081727	0.01401060000000598	epochs	3.0
860.0481547081727	0.013965699999971548	epochs	3.0
860.0621204081726	0.02779720000000907	epochs	2.0
860.0621204081726	0.013920799999937117	epochs	3.0
860.0760412081726	0.013876400000071953	epochs	3.0
860.0899176081726	0.027620399999932488	epochs	2.0
860.0899176081726	0.0138321999999107	epochs	3.0
860.1037498081726	0.013788200000021789	epochs	3.0
860.1175380081726	0.02744590000008884	epochs	2.0
860.1175380081726	0.013744599999995444	epochs	3.0
860.1312826081726	0.013701300000093397	epochs	3.0
860.1449839081727	0.027273499999978412	epochs	2.0
860.1449839081727	0.01365819999989526	epochs	3.0
860.1586421081726	0.013615300000083153	epochs	3.0
860.1722574081726	0.027103399999987232	epochs	2.0
860.1722574081726	0.013572800000019924	epochs	3.0
860.1858302081727	0.013530599999967308	epochs	3.0
860.1993608081726	0.02693520000002536	epochs	2.0
860.1993608081726	0.013488400000028378	epochs	3.0
860.2128492081727	0.013446799999996983	epochs	3.0
860.2262960081727	0.026769199999989723	epochs	2.0
860.2262960081727	0.013405199999965589	epochs	3.0
860.2397012081726	0.013364000000024134	epochs	3.0
860.2530652081726	0.026605199999949036	epochs	2.0
860.2530652081726	0.013322899999934634	epochs	3.0
860.2663881081726	0.013282300000014402	epochs	3.0
860.2796704081726	0.026443200000016986	epochs	2.0
860.2796704081726	0.013241699999980483	epochs	3.0
860.2929121081726	0.013201500000036503	epochs	3.0
860.3061136081726	0.0262831999999662	epochs	2.0
860.3061136081726	0.013161500000023807	epochs	3.0
860.3192751081726	0.013121699999942393	epochs	3.0
860.3323968081726	0.02612499999997908	epochs	2.0
860.3323968081726	0.013082100000019636	epochs	3.0
860.3454789081726	0.013042899999959445	epochs	3.0
860.3585218081726	0.025968900000066242	epochs	2.0
860.3585218081726	0.01300390000005791	epochs	3.0
860.3715257081726	0.012965000000008331	epochs	3.0
860.3844907081726	0.025814500000024054	epochs	2.0
860.3844907081726	0.012926399999969362	epochs	3.0
860.3974171081726	0.012888100000054692	epochs	3.0
860.4103052081726	0.025661899999931848	epochs	2.0
860.4103052081726	0.012849899999991976	epochs	3.0
860.4231551081726	0.012811999999939871	epochs	3.0
860.4359671081726	0.025511199999982637	epochs	2.0
860.4359671081726	0.012774400000012065	epochs	3.0
860.4487415081726	0.012736799999970572	epochs	3.0
860.4614783081726	0.025362300000097093	epochs	2.0
860.4614783081726	0.012699700000098346	epochs	3.0
860.4741780081727	0.012662599999998747	epochs	3.0
860.4868406081727	0.025215000000002874	epochs	2.0
860.4868406081727	0.01262579999990976	epochs	3.0
860.4994664081726	0.012589200000093115	epochs	3.0
860.5120556081727	0.024584799999956886	epochs	2.0
860.5349994081726	0.5	epochs	-1.0
860.5366404081726	0.5258400000000165	epochs	1.0
861.0624804081726	0.4740799999999581	epochs	0.0
872.0030002593994	0.11464000000000851	epochs	0.0
872.0030002593994	0.05232169999999314	epochs	1.0
872.0553219593994	0.009996600000022227	epochs	1.0
872.0653185593994	0.05232169999999314	epochs	1.0
872.1176402593994	2.0	epochs	0.0
874.1176402593994	5.364959999999996	epochs	0.0
874.1176402593994	1.0	epochs	1.0
874.1176792593994	0.5	epochs	-1.0
874.6176792593994	4.864920999999981	epochs	-1.0
875.1176402593994	4.364959999999996	epochs	1.0
875.1176402593994	4.356753899999944	epochs	-1.0
875.1176402593994	1.9745871999999736	epochs	2.0
875.1176402593994	1.0985621999999466	epochs	3.0
876.2162024593994	0.8760250000000269	epochs	3.0
877.0922274593994	1.3524075000000266	epochs	2.0
877.0922274593994	0.7286354999999958	epochs	3.0
877.8208629593994	0.6237720000000309	epochs	3.0
878.4446349593994	1.029759199999944	epochs	2.0
878.4446349593994	0.5453292999999348	epochs	3.0
878.9899642593994	0.4844299000000092	epochs	3.0
879.4743941593994	0.008206100000052174	epochs	2.0
879.4743941593994	0.008206100000052174	epochs	3.0
879.4826002593994	16.634959999999978	epochs	0.0
879.8630003929138	0.11464000000000851	epochs	0.0
879.8630003929138	0.05232169999999314	epochs	1.0
879.9153220929138	0.009996600000022227	epochs	1.0
879.9253186929138	0.05232169999999314	epochs	1.0
879.9776403929138	2.0	epochs	0.0
881.9776403929138	5.36591999999996	epochs	0.0
881.9776403929138	1.0	epochs	1.0
881.9776793929138	0.5	epochs	-1.0
882.4776793929138	4.865880999999945	epochs	-1.0
882.9776403929138	4.36591999999996	epochs	1.0
882.9776403929138	4.356753899999944	epochs	-1.0
882.9776403929138	1.9745871999999736	epochs	2.0
882.9776403929138	1.0985621999999466	epochs	3.0
884.0762025929138	0.8760250000000269	epochs	3.0
884.9522275929138	1.3524075000000266	epochs	2.0
884.9522275929138	0.7286354999999958	epochs	3.0
885.6808630929138	0.6237720000000309	epochs	3.0
886.3046350929138	1.029759199999944	epochs	2.0
886.3046350929138	0.5453292999999348	epochs	3.0
886.8499643929138	0.4844299000000092	epochs	3.0
887.3343942929138	0.009166100000015831	epochs	2.0
887.3343942929138	0.009166100000015831	epochs	3.0
887.3435603929138	16.634000000000015	epochs	0.0
887.7140002250671	0.11464000000000851	epochs	0.0
887.7140002250671	0.05232169999999314	epochs	1.0
887.7663219250671	0.009996600000022227	epochs	1.0
887.7763185250672	0.05232169999999314	epochs	1.0
887.8286402250671	2.0	epochs	0.0
889.8286402250671	21.525840000000017	epochs	0.0
889.8286402250671	1.0	epochs	1.0
889.8286792250672	0.5	epochs	-1.0
890.3286792250672	19.997679999999946	epochs	-1.0
890.8286402250671	20.0	epochs	1.0
890.8286402250671	4.356753899999944	epochs	-1.0
890.8286402250671	1.9745871999999736	epochs	2.0
890.8286402250671	1.0985621999999466	epochs	3.0
891.9272024250671	0.8760250000000269	epochs	3.0
892.8032274250671	1.3524075000000266	epochs	2.0
892.8032274250671	0.7286354999999958	epochs	3.0
893.5318629250671	0.6237720000000309	epochs	3.0
894.1556349250671	1.029759199999944	epochs	2.0
894.1556349250671	0.5453292999999348	epochs	3.0
894.7009642250671	0.4844299000000092	epochs	3.0
895.1853941250671	0.8317862000000105	epochs	2.0
895.1853941250671	0.4357763000000432	epochs	3.0
895.6211704250671	0.3960098999999673	epochs	3.0
896.0171803250671	0.6977970000000369	epochs	2.0
896.0171803250671	0.3628982000000178	epochs	3.0
896.3800785250671	0.33489880000001904	epochs	3.0
896.7149773250671	0.601045699999986	epochs	2.0
896.7149773250671	0.3109123000000409	epochs	3.0
897.0258896250672	0.29013339999994514	epochs	3.0
897.3160230250671	0.5278859000000011	epochs	2.0
897.3160230250671	0.2719586000000618	epochs	3.0
897.5879816250672	0.25592729999993935	epochs	3.0
897.8439089250671	0.4706193000000667	epochs	2.0
897.8439089250671	0.241681299999982	epochs	3.0
898.0855902250671	0.22893800000008468	epochs	3.0
898.3145282250672	0.42457039999999324	epochs	2.0
898.3145282250672	0.2174713999999085	epochs	3.0
898.5319996250671	0.20709900000008474	epochs	3.0
898.7390986250672	0.3867353999999068	epochs	2.0
898.7390986250672	0.19767109999997956	epochs	3.0
898.9367697250672	0.18906429999992724	epochs	3.0
899.1258340250671	0.3550953000000163	epochs	2.0
899.1258340250671	0.18117590000008477	epochs	3.0
899.3070099250672	0.17391939999993156	epochs	3.0
899.4809293250671	0.3282431000000088	epochs	2.0
899.4809293250671	0.1672219000000723	epochs	3.0
899.6481512250672	0.16102119999993647	epochs	3.0
899.8091724250671	0.30516799999998057	epochs	2.0
899.8091724250671	0.15526390000002266	epochs	3.0
899.9644363250671	0.1499040999999579	epochs	3.0
900.1143404250671	0.28512530000000424	epochs	2.0
900.1143404250671	0.1449021000000812	epochs	3.0
900.2592425250672	0.14022319999992305	epochs	3.0
900.3994657250671	0.267553800000087	epochs	2.0
900.3994657250671	0.1358369000000721	epochs	3.0
900.5353026250672	0.1317169000000149	epochs	3.0
900.6670195250672	0.252022899999929	epochs	2.0
900.6670195250672	0.1278393000000051	epochs	3.0
900.7948588250672	0.1241835999999239	epochs	3.0
900.9190424250671	0.23819650000007186	epochs	2.0
900.9190424250671	0.12073110000005727	epochs	3.0
901.0397735250672	0.1174654000000146	epochs	3.0
901.1572389250672	0.2258087999999816	epochs	2.0
901.1572389250672	0.1143718999999237	epochs	3.0
901.2716108250671	0.1114369000000579	epochs	3.0
901.3830477250672	0.2146460000000161	epochs	2.0
901.3830477250672	0.10864889999993466	epochs	3.0
901.4916966250671	0.10599710000008145	epochs	3.0
901.5976937250672	0.20453499999996438	epochs	2.0
901.5976937250672	0.10347149999995509	epochs	3.0
901.7011652250671	0.1010635000000093	epochs	3.0
901.8022287250672	0.19533400000000256	epochs	2.0
901.8022287250672	0.09876510000003691	epochs	3.0
901.9009938250672	0.09656889999996565	epochs	3.0
901.9975627250672	0.18692529999998442	epochs	2.0
901.9975627250672	0.09446830000001682	epochs	3.0
902.0920310250672	0.09245699999996759	epochs	3.0
902.1844880250671	0.17921069999999872	epochs	2.0
902.1844880250671	0.09052959999996801	epochs	3.0
902.2750176250671	0.08868110000003071	epochs	3.0
902.3636987250671	0.17210769999996955	epochs	2.0
902.3636987250671	0.08690630000000965	epochs	3.0
902.4506050250671	0.0852013999999599	epochs	3.0
902.5358064250671	0.16554640000003928	epochs	2.0
902.5358064250671	0.08356190000006336	epochs	3.0
902.6193683250672	0.08198449999997592	epochs	3.0
902.7013528250671	0.15946710000002895	epochs	2.0
902.7013528250671	0.08046539999998004	epochs	3.0
902.7818182250671	0.07900170000004891	epochs	3.0
902.8608199250672	0.15381839999997737	epochs	2.0
902.8608199250672	0.07759009999995214	epochs	3.0
902.9384100250671	0.07622830000002523	epochs	3.0
903.0146383250672	0.14855639999996129	epochs	2.0
903.0146383250672	0.07491329999993468	epochs	3.0
903.0895516250671	0.0736431000000266	epochs	3.0
903.1631947250671	0.14364239999997608	epochs	2.0
903.1631947250671	0.07241499999997814	epochs	3.0
903.2356097250671	0.07122739999999794	epochs	3.0
903.3068371250671	0.13904310000009446	epochs	2.0
903.3068371250671	0.07007800000008046	epochs	3.0
903.3769151250672	0.06896510000001399	epochs	3.0
903.4458802250672	0.1347293000000036	epochs	2.0
903.4458802250672	0.0678871000000072	epochs	3.0
903.5137673250672	0.06684219999999641	epochs	3.0
903.5806095250672	0.13067519999992783	epochs	2.0
903.5806095250672	0.06582909999997355	epochs	3.0
903.6464386250672	0.06484609999995428	epochs	3.0
903.7112847250671	0.12685780000003888	epochs	2.0
903.7112847250671	0.06389200000000983	epochs	3.0
903.7751767250671	0.06296580000002905	epochs	3.0
903.8381425250672	0.12325720000001184	epochs	2.0
903.8381425250672	0.06206580000002759	epochs	3.0
903.9002083250672	0.06119139999998424	epochs	3.0
903.9613997250672	0.11985540000000583	epochs	2.0
903.9613997250672	0.060341099999959624	epochs	3.0
904.0217408250671	0.059514300000046205	epochs	3.0
904.0812551250672	0.11663620000001629	epochs	2.0
904.0812551250672	0.058709599999929196	epochs	3.0
904.1399647250671	0.05792660000008709	epochs	3.0
904.1978913250672	0.11358559999996487	epochs	2.0
904.1978913250672	0.05716419999998834	epochs	3.0
904.2550555250672	0.05642139999997653	epochs	3.0
904.3114769250672	0.11069050000003244	epochs	2.0
904.3114769250672	0.055697900000041045	epochs	3.0
904.3671748250672	0.0549925999999914	epochs	3.0
904.4221674250672	0.10793909999995321	epochs	2.0
904.4221674250672	0.05430489999992005	epochs	3.0
904.4764723250671	0.05363420000003316	epochs	3.0
904.5301065250671	0.10532149999994544	epochs	2.0
904.5301065250671	0.05298000000004777	epochs	3.0
904.5830865250672	0.05234149999989768	epochs	3.0
904.6354280250671	0.10282760000006874	epochs	2.0
904.6354280250671	0.05171810000001642	epochs	3.0
904.6871461250671	0.05110950000005232	epochs	3.0
904.7382556250672	0.10044909999999163	epochs	2.0
904.7382556250672	0.05051489999993919	epochs	3.0
904.7887705250671	0.04993420000005244	epochs	3.0
904.8387047250671	0.0981782999999723	epochs	2.0
904.8387047250671	0.04936659999998483	epochs	3.0
904.8880713250671	0.04881169999998747	epochs	3.0
904.9368830250671	0.09600780000005216	epochs	2.0
904.9368830250671	0.04826920000004975	epochs	3.0
904.9851522250672	0.04773860000000241	epochs	3.0
905.0328908250672	0.09393119999992905	epochs	2.0
905.0328908250672	0.04721949999998287	epochs	3.0
905.0801103250672	0.04671169999994618	epochs	3.0
905.1268220250671	0.09194260000003851	epochs	2.0
905.1268220250671	0.046214599999984785	epochs	3.0
905.1730366250671	0.045728000000053726	epochs	3.0
905.2187646250671	0.09003629999995155	epochs	2.0
905.2187646250671	0.045251499999949374	epochs	3.0
905.2640161250671	0.04478480000000218	epochs	3.0
905.3088009250671	0.08820760000003247	epochs	2.0
905.3088009250671	0.044327800000019124	epochs	3.0
905.3531287250671	0.04387980000001335	epochs	3.0
905.3970085250671	0.0864516999999978	epochs	2.0
905.3970085250671	0.04344100000002982	epochs	3.0
905.4404495250672	0.04301069999996798	epochs	3.0
905.4834602250671	0.08476429999996071	epochs	2.0
905.4834602250671	0.04258900000002086	epochs	3.0
905.5260492250671	0.04217529999993985	epochs	3.0
905.5682245250671	0.08314150000001064	epochs	2.0
905.5682245250671	0.04176970000003166	epochs	3.0
905.6099942250671	0.041371799999978975	epochs	3.0
905.6513660250671	0.08157970000002024	epochs	2.0
905.6513660250671	0.04098140000007788	epochs	3.0
905.6923474250672	0.040598299999942355	epochs	3.0
905.7329457250671	0.08007550000002084	epochs	2.0
905.7329457250671	0.04022229999998217	epochs	3.0
905.7731680250671	0.03985320000003867	epochs	3.0
905.8130212250671	0.07862569999997504	epochs	2.0
905.8130212250671	0.0394907999999532	epochs	3.0
905.8525120250671	0.039134900000021844	epochs	3.0
905.8916469250671	0.07722760000001472	epochs	2.0
905.8916469250671	0.038785400000051595	epochs	3.0
905.9304323250672	0.03844219999996312	epochs	3.0
905.9688745250671	0.07587820000003376	epochs	2.0
905.9688745250671	0.038104800000041905	epochs	3.0
906.0069793250672	0.03777339999999185	epochs	3.0
906.0447527250672	0.0745752000000266	epochs	2.0
906.0447527250672	0.03744770000002973	epochs	3.0
906.0822004250672	0.03712749999999687	epochs	3.0
906.1193279250672	0.07331629999998768	epochs	2.0
906.1193279250672	0.036812899999972615	epochs	3.0
906.1561408250672	0.03650340000001506	epochs	3.0
906.1926442250672	0.07209899999998015	epochs	2.0
906.1926442250672	0.03619909999997617	epochs	3.0
906.2288433250671	0.03589990000000398	epochs	3.0
906.2647432250671	0.07092169999998532	epochs	2.0
906.2647432250671	0.03560559999993984	epochs	3.0
906.3003488250671	0.03531610000004548	epochs	3.0
906.3356649250671	0.06978200000003199	epochs	2.0
906.3356649250671	0.03503120000004856	epochs	3.0
906.3706961250672	0.03475079999998343	epochs	3.0
906.4054469250672	0.06867859999999837	epochs	2.0
906.4054469250672	0.03447510000000875	epochs	3.0
906.4399220250672	0.03420349999998962	epochs	3.0
906.4741255250672	0.06760929999995824	epochs	2.0
906.4741255250672	0.033936199999970995	epochs	3.0
906.5080617250671	0.033673099999987244	epochs	3.0
906.5417348250671	0.06657289999998284	epochs	2.0
906.5417348250671	0.03341399999999339	epochs	3.0
906.5751488250671	0.033158899999989444	epochs	3.0
906.6083077250671	0.06556780000005347	epochs	2.0
906.6083077250671	0.032907700000009754	epochs	3.0
906.6412154250671	0.03266010000004371	epochs	3.0
906.6738755250672	0.06459259999996902	epochs	2.0
906.6738755250672	0.032416399999988244	epochs	3.0
906.7062919250671	0.03217619999998078	epochs	3.0
906.7384681250671	0.06364600000006249	epochs	2.0
906.7384681250671	0.03193959999998697	epochs	3.0
906.7704077250671	0.03170640000007552	epochs	3.0
906.8021141250672	0.0627266999999847	epochs	2.0
906.8021141250672	0.031476599999905375	epochs	3.0
906.8335907250671	0.03125010000007933	epochs	3.0
906.8648408250672	0.06183359999999993	epochs	2.0
906.8648408250672	0.03102689999991526	epochs	3.0
906.8958677250671	0.030806700000084675	epochs	3.0
906.9266744250672	0.060965599999917686	epochs	2.0
906.9266744250672	0.030589799999916067	epochs	3.0
906.9572642250671	0.030375800000001618	epochs	3.0
906.9876400250671	0.06012160000000222	epochs	2.0
906.9876400250671	0.030164900000045236	epochs	3.0
907.0178049250671	0.02995669999995698	epochs	3.0
907.0477616250671	0.05930069999999432	epochs	2.0
907.0477616250671	0.029751600000054168	epochs	3.0
907.0775132250672	0.029549099999940154	epochs	3.0
907.1070623250671	0.05850180000004457	epochs	2.0
907.1070623250671	0.02934940000000097	epochs	3.0
907.1364117250671	0.0291524000000436	epochs	3.0
907.1655641250671	0.057724200000052406	epochs	2.0
907.1655641250671	0.028957999999988715	epochs	3.0
907.1945221250671	0.02876620000006369	epochs	3.0
907.2232883250672	0.05696709999995164	epochs	2.0
907.2232883250672	0.028576999999927466	epochs	3.0
907.2518653250671	0.028390100000024177	epochs	3.0
907.2802554250671	0.05622949999997218	epochs	2.0
907.2802554250671	0.028205700000057732	epochs	3.0
907.3084611250672	0.028023799999914445	epochs	3.0
907.3364849250671	0.05551070000001346	epochs	2.0
907.3364849250671	0.02784400000007281	epochs	3.0
907.3643289250672	0.027666699999940647	epochs	3.0
907.3919956250671	0.054810200000019904	epochs	2.0
907.3919956250671	0.02749149999999645	epochs	3.0
907.4194871250671	0.027318700000023455	epochs	3.0
907.4468058250671	0.05412699999999404	epochs	2.0
907.4468058250671	0.027147799999966082	epochs	3.0
907.4739536250671	0.02697920000002796	epochs	3.0
907.5009328250671	0.053460699999959616	epochs	2.0
907.5009328250671	0.0268125999999711	epochs	3.0
907.5277454250671	0.026648099999988517	epochs	3.0
907.5543935250671	0.05281070000000909	epochs	2.0
907.5543935250671	0.026485600000000886	epochs	3.0
907.5808791250671	0.026325100000008206	epochs	3.0
907.6072042250671	0.05217620000007628	epochs	2.0
907.6072042250671	0.026166400000079193	epochs	3.0
907.6333706250672	0.026009799999997085	epochs	3.0
907.6593804250672	0.051556699999991906	epochs	2.0
907.6593804250672	0.025854799999933675	epochs	3.0
907.6852352250671	0.02570190000005823	epochs	3.0
907.7109371250672	0.05095189999997274	epochs	2.0
907.7109371250672	0.025550699999939752	epochs	3.0
907.7364878250671	0.025401200000032986	epochs	3.0
907.7618890250671	0.05036099999995258	epochs	2.0
907.7618890250671	0.025253499999962514	epochs	3.0
907.7871425250671	0.02510749999999007	epochs	3.0
907.8122500250671	0.049783800000000156	epochs	2.0
907.8122500250671	0.02496320000000196	epochs	3.0
907.8372132250671	0.024820599999998194	epochs	3.0
907.8620338250671	0.049219500000049266	epochs	2.0
907.8620338250671	0.02467940000008184	epochs	3.0
907.8867132250672	0.024540099999967424	epochs	3.0
907.9112533250672	0.048667899999941255	epochs	2.0
907.9112533250672	0.02440209999997478	epochs	3.0
907.9356554250671	0.024265799999966475	epochs	3.0
907.9599212250671	0.04812860000004093	epochs	2.0
907.9599212250671	0.024131000000011227	epochs	3.0
907.9840522250671	0.023997600000029706	epochs	3.0
908.0080498250671	0.04760109999995166	epochs	2.0
908.0080498250671	0.023865799999953197	epochs	3.0
908.0319156250671	0.02373529999999846	epochs	3.0
908.0556509250671	0.047085000000038235	epochs	2.0
908.0556509250671	0.02360630000009678	epochs	3.0
908.0792572250672	0.023478699999941455	epochs	3.0
908.1027359250671	0.04658000000006268	epochs	2.0
908.1027359250671	0.02335249999998723	epochs	3.0
908.1260884250671	0.02322750000007545	epochs	3.0
908.1493159250672	0.04608569999993506	epochs	2.0
908.1493159250672	0.023103999999989355	epochs	3.0
908.1724199250672	0.022981699999945704	epochs	3.0
908.1954016250671	0.045601799999985815	epochs	2.0
908.1954016250671	0.022860700000023826	epochs	3.0
908.2182623250671	0.02274109999996199	epochs	3.0
908.2410034250671	0.04512790000001132	epochs	2.0
908.2410034250671	0.022622500000011314	epochs	3.0
908.2636259250671	0.02250540000000001	epochs	3.0
908.2861313250671	0.044663799999966614	epochs	2.0
908.2861313250671	0.02238929999998618	epochs	3.0
908.3085206250671	0.022274499999980435	epochs	3.0
908.3307951250671	0.04420920000006845	epochs	2.0
908.3307951250671	0.022160800000051495	epochs	3.0
908.3529559250671	0.022048400000016954	epochs	3.0
908.3750043250672	0.043763600000033875	epochs	2.0
908.3750043250672	0.021936900000014248	epochs	3.0
908.3969412250672	0.021826700000019628	epochs	3.0
908.4187679250672	0.04332709999994222	epochs	2.0
908.4187679250672	0.021717599999988124	epochs	3.0
908.4404855250672	0.021609499999954096	epochs	3.0
908.4620950250671	0.04289900000003399	epochs	2.0
908.4620950250671	0.02150249999999687	epochs	3.0
908.4835975250671	0.021396500000037122	epochs	3.0
908.5049940250672	0.042479500000013104	epochs	2.0
908.5049940250672	0.02129170000000613	epochs	3.0
908.5262857250672	0.021187800000006973	epochs	3.0
908.5474735250672	0.042067900000006375	epochs	2.0
908.5474735250672	0.02108490000000529	epochs	3.0
908.5685584250672	0.020983000000001084	epochs	3.0
908.5895414250672	0.04166439999994509	epochs	2.0
908.5895414250672	0.020882199999959994	epochs	3.0
908.6104236250671	0.020782199999985096	epochs	3.0
908.6312058250671	0.04126850000000104	epochs	2.0
908.6312058250671	0.020683299999973315	epochs	3.0
908.6518891250671	0.020585200000027726	epochs	3.0
908.6724743250671	0.04088000000001557	epochs	2.0
908.6724743250671	0.020488099999965925	epochs	3.0
908.6929624250671	0.020391900000049645	epochs	3.0
908.7133543250671	0.04049880000002304	epochs	2.0
908.7133543250671	0.020296600000051512	epochs	3.0
908.7336509250672	0.020202199999971526	epochs	3.0
908.7538531250672	0.04012460000001283	epochs	2.0
908.7538531250672	0.020108699999923374	epochs	3.0
908.7739618250671	0.02001590000008946	epochs	3.0
908.7939777250672	0.039757299999905626	epochs	2.0
908.7939777250672	0.019924199999991288	epochs	3.0
908.8139019250672	0.01983309999991434	epochs	3.0
908.8337350250671	0.039396700000111196	epochs	2.0
908.8337350250671	0.01974300000006224	epochs	3.0
908.8534780250671	0.019653700000048957	epochs	3.0
908.8731317250672	0.03904239999997117	epochs	2.0
908.8731317250672	0.019565099999908853	epochs	3.0
908.8926968250671	0.019477300000062314	epochs	3.0
908.9121741250672	0.03869459999998526	epochs	2.0
908.9121741250672	0.019390400000020236	epochs	3.0
908.9315645250672	0.01930419999996502	epochs	3.0
908.9508687250672	0.03835289999994984	epochs	2.0
908.9508687250672	0.019218799999976	epochs	3.0
908.9700875250671	0.01913409999997384	epochs	3.0
908.9892216250671	0.03801720000001296	epochs	2.0
908.9892216250671	0.019050200000037876	epochs	3.0
909.0082718250671	0.018966999999975087	epochs	3.0
909.0272388250671	0.037687200000050325	epochs	2.0
909.0272388250671	0.01888450000001285	epochs	3.0
909.0461233250671	0.018802700000037476	epochs	3.0
909.0649260250672	0.03736309999999321	epochs	2.0
909.0649260250672	0.018721700000014607	epochs	3.0
909.0836477250672	0.018641399999978603	epochs	3.0
909.1022891250672	0.03704429999993408	epochs	2.0
909.1022891250672	0.01856159999999818	epochs	3.0
909.1208507250672	0.018482699999935903	epochs	3.0
909.1393334250671	0.0367310000000316	epochs	2.0
909.1393334250671	0.018404300000042895	epochs	3.0
909.1577377250671	0.018326699999988705	epochs	3.0
909.1760644250671	0.036422900000047775	epochs	2.0
909.1760644250671	0.018249599999990096	epochs	3.0
909.1943140250671	0.01817330000005768	epochs	3.0
909.2124873250672	0.03612009999994825	epochs	2.0
909.2124873250672	0.01809759999991911	epochs	3.0
909.2305849250671	0.01802250000002914	epochs	3.0
909.2486074250671	0.03582210000001851	epochs	2.0
909.2486074250671	0.017947899999967376	epochs	3.0
909.2665553250671	0.017874200000051133	epochs	3.0
909.2844295250671	0.03552899999999681	epochs	2.0
909.2844295250671	0.017800800000031813	epochs	3.0
909.3022303250672	0.017728199999965	epochs	3.0
909.3199585250671	0.03524070000003121	epochs	2.0
909.3199585250671	0.017656099999953767	epochs	3.0
909.3376146250671	0.017584600000077444	epochs	3.0
909.3551992250672	0.03495709999992869	epochs	2.0
909.3551992250672	0.01751369999999497	epochs	3.0
909.3727129250672	0.017443399999933717	epochs	3.0
909.3901563250671	0.03467790000001969	epochs	2.0
909.3901563250671	0.017373600000041733	epochs	3.0
909.4075299250671	0.017304299999977957	epochs	3.0
909.4248342250671	0.03440330000000813	epochs	2.0
909.4248342250671	0.01723570000001473	epochs	3.0
909.4420699250671	0.0171675999999934	epochs	3.0
909.4592375250671	0.0341328000000658	epochs	2.0
909.4592375250671	0.017099900000062007	epochs	3.0
909.4763374250672	0.017032900000003792	epochs	3.0
909.4933703250672	0.033866699999975935	epochs	2.0
909.4933703250672	0.01696640000000116	epochs	3.0
909.5103367250672	0.016900299999974777	epochs	3.0
909.5272370250672	0.03360459999998966	epochs	2.0
909.5272370250672	0.01683479999996962	epochs	3.0
909.5440718250671	0.01676980000002004	epochs	3.0
909.5608416250672	0.033346599999958926	epochs	2.0
909.5608416250672	0.016705300000012357	epochs	3.0
909.5775469250672	0.01664129999994657	epochs	3.0
909.5941882250671	0.03309250000006614	epochs	2.0
909.5941882250671	0.016577800000050047	epochs	3.0
909.6107660250672	0.01651470000001609	epochs	3.0
909.6272807250672	0.03284229999997024	epochs	2.0
909.6272807250672	0.01645220000000336	epochs	3.0
909.6437329250672	0.01639009999996688	epochs	3.0
909.6601230250672	0.03259570000000167	epochs	2.0
909.6601230250672	0.016328400000020338	epochs	3.0
909.6764514250672	0.016267299999981333	epochs	3.0
909.6927187250672	0.032352899999978035	epochs	2.0
909.6927187250672	0.016206600000032267	epochs	3.0
909.7089253250672	0.016146299999945768	epochs	3.0
909.7250716250671	0.03211369999996805	epochs	2.0
909.7250716250671	0.016086599999994178	epochs	3.0
909.7411582250671	0.01602709999997387	epochs	3.0
909.7571853250671	0.03187800000000607	epochs	2.0
909.7571853250671	0.015968200000088473	epochs	3.0
909.7731535250672	0.015909799999917595	epochs	3.0
909.7890633250671	0.031645700000012766	epochs	2.0
909.7890633250671	0.01585160000001906	epochs	3.0
909.8049149250671	0.015794099999993705	epochs	3.0
909.8207090250671	0.0314167000000225	epochs	2.0
909.8207090250671	0.015736700000047676	epochs	3.0
909.8364457250672	0.015679999999974825	epochs	3.0
909.8521257250671	0.031191100000000915	epochs	2.0
909.8521257250671	0.015623600000026272	epochs	3.0
909.8677493250672	0.015567499999974643	epochs	3.0
909.8833168250671	0.030968700000016725	epochs	2.0
909.8833168250671	0.015511999999944237	epochs	3.0
909.8988288250671	0.015456700000072487	epochs	3.0
909.9142855250672	0.030749499999956242	epochs	2.0
909.9142855250672	0.015401999999994587	epochs	3.0
909.9296875250672	0.015347499999961656	epochs	3.0
909.9450350250671	0.03053320000003623	epochs	2.0
909.9450350250671	0.015293400000018664	epochs	3.0
909.9603284250671	0.015239800000017567	epochs	3.0
909.9755682250671	0.03032010000003993	epochs	2.0
909.9755682250671	0.015186500000027081	epochs	3.0
909.9907547250672	0.015133600000012848	epochs	3.0
910.0058883250672	0.030109899999956724	epochs	2.0
910.0058883250672	0.015080999999895539	epochs	3.0
910.0209693250671	0.015028900000061185	epochs	3.0
910.0359982250671	0.02990250000004835	epochs	2.0
910.0359982250671	0.014977000000044427	epochs	3.0
910.0509752250672	0.014925500000003922	epochs	3.0
910.0659007250672	0.029698099999905025	epochs	2.0
910.0659007250672	0.01487439999993967	epochs	3.0
910.0807751250671	0.014823699999965356	epochs	3.0
910.0955988250671	0.02949630000000525	epochs	2.0
910.0955988250671	0.014773200000036013	epochs	3.0
910.1103720250671	0.014723099999969236	epochs	3.0
910.1250951250671	0.02929740000001857	epochs	2.0
910.1250951250671	0.014673399999992398	epochs	3.0
910.1397685250671	0.014624000000026172	epochs	3.0
910.1543925250671	0.029101100000048064	epochs	2.0
910.1543925250671	0.014574900000070556	epochs	3.0
910.1689674250672	0.014526199999977507	epochs	3.0
910.1834936250672	0.028907399999980044	epochs	2.0
910.1834936250672	0.014477699999929428	epochs	3.0
910.1979713250671	0.014429700000050616	epochs	3.0
910.2124010250672	0.028716199999962555	epochs	2.0
910.2124010250672	0.014381800000023759	epochs	3.0
910.2267828250672	0.014334399999938796	epochs	3.0
910.2411172250671	0.028527600000074926	epochs	2.0
910.2411172250671	0.01428720000001249	epochs	3.0
910.2554044250671	0.014240400000062436	epochs	3.0
910.2696448250672	0.028341399999931127	epochs	2.0
910.2696448250672	0.014193799999929979	epochs	3.0
910.2838386250671	0.014147600000001148	epochs	3.0
910.2979862250671	0.028157700000065233	epochs	2.0
910.2979862250671	0.014101699999969242	epochs	3.0
910.3120879250671	0.014056000000095992	epochs	3.0
910.3261439250672	0.027976299999977527	epochs	2.0
910.3261439250672	0.01401060000000598	epochs	3.0
910.3401545250672	0.013965699999971548	epochs	3.0
910.3541202250672	0.02779720000000907	epochs	2.0
910.3541202250672	0.013920799999937117	epochs	3.0
910.3680410250671	0.013876400000071953	epochs	3.0
910.3819174250672	0.027620399999932488	epochs	2.0
910.3819174250672	0.0138321999999107	epochs	3.0
910.3957496250671	0.013788200000021789	epochs	3.0
910.4095378250671	0.02744590000008884	epochs	2.0
910.4095378250671	0.013744599999995444	epochs	3.0
910.4232824250671	0.013701300000093397	epochs	3.0
910.4369837250672	0.027273499999978412	epochs	2.0
910.4369837250672	0.01365819999989526	epochs	3.0
910.4506419250671	0.013615300000083153	epochs	3.0
910.4642572250672	0.027103399999987232	epochs	2.0
910.4642572250672	0.013572800000019924	epochs	3.0
910.4778300250672	0.013530599999967308	epochs	3.0
910.4913606250672	0.02693520000002536	epochs	2.0
910.4913606250672	0.013488400000028378	epochs	3.0
910.5048490250672	0.013446799999996983	epochs	3.0
910.5182958250672	0.026769199999989723	epochs	2.0
910.5182958250672	0.013405199999965589	epochs	3.0
910.5317010250672	0.013364000000024134	epochs	3.0
910.5450650250672	0.026605199999949036	epochs	2.0
910.5450650250672	0.013322899999934634	epochs	3.0
910.5583879250671	0.013282300000014402	epochs	3.0
910.5716702250671	0.026443200000016986	epochs	2.0
910.5716702250671	0.013241699999980483	epochs	3.0
910.5849119250671	0.013201500000036503	epochs	3.0
910.5981134250671	0.0262831999999662	epochs	2.0
910.5981134250671	0.013161500000023807	epochs	3.0
910.6112749250672	0.013121699999942393	epochs	3.0
910.6243966250671	0.02612499999997908	epochs	2.0
910.6243966250671	0.013082100000019636	epochs	3.0
910.6374787250671	0.013042899999959445	epochs	3.0
910.6505216250671	0.025968900000066242	epochs	2.0
910.6505216250671	0.01300390000005791	epochs	3.0
910.6635255250671	0.012965000000008331	epochs	3.0
910.6764905250672	0.025814500000024054	epochs	2.0
910.6764905250672	0.012926399999969362	epochs	3.0
910.6894169250671	0.012888100000054692	epochs	3.0
910.7023050250672	0.025661899999931848	epochs	2.0
910.7023050250672	0.012849899999991976	epochs	3.0
910.7151549250672	0.012811999999939871	epochs	3.0
910.7279669250671	0.025511199999982637	epochs	2.0
910.7279669250671	0.012774400000012065	epochs	3.0
910.7407413250671	0.012736799999970572	epochs	3.0
910.7534781250671	0.025362300000097093	epochs	2.0
910.7534781250671	0.012699700000098346	epochs	3.0
910.7661778250672	0.012662599999998747	epochs	3.0
910.7788404250672	0.025215000000002874	epochs	2.0
910.7788404250672	0.01262579999990976	epochs	3.0
910.7914662250671	0.012589200000093115	epochs	3.0
910.8040554250672	0.024584799999956886	epochs	2.0
910.8263592250671	0.5	epochs	-1.0
910.8286402250671	0.5258400000000165	epochs	1.0
911.3544802250672	0.4740799999999581	epochs	0.0
911.7390003204346	0.11464000000000851	epochs	0.0
911.7390003204346	0.05232169999999314	epochs	1.0
911.7913220204346	0.009996600000022227	epochs	1.0
911.8013186204346	0.05232169999999314	epochs	1.0
911.8536403204346	2.0	epochs	0.0
913.8536403204346	21.54584	epochs	0.0
913.8536403204346	1.0	epochs	1.0
913.8536793204346	0.5	epochs	-1.0
914.3536793204346	19.997679999999946	epochs	-1.0
914.8536403204346	20.0	epochs	1.0
914.8536403204346	4.356753899999944	epochs	-1.0
914.8536403204346	1.9745871999999736	epochs	2.0
914.8536403204346	1.0985621999999466	epochs	3.0
915.9522025204345	0.8760250000000269	epochs	3.0
916.8282275204346	1.3524075000000266	epochs	2.0
916.8282275204346	0.7286354999999958	epochs	3.0
917.5568630204345	0.6237720000000309	epochs	3.0
918.1806350204346	1.029759199999944	epochs	2.0
918.1806350204346	0.5453292999999348	epochs	3.0
918.7259643204345	0.4844299000000092	epochs	3.0
919.2103942204345	0.8317862000000105	epochs	2.0
919.2103942204345	0.4357763000000432	epochs	3.0
919.6461705204346	0.3960098999999673	epochs	3.0
920.0421804204345	0.6977970000000369	epochs	2.0
920.0421804204345	0.3628982000000178	epochs	3.0
920.4050786204346	0.33489880000001904	epochs	3.0
920.7399774204346	0.601045699999986	epochs	2.0
920.7399774204346	0.3109123000000409	epochs	3.0
921.0508897204346	0.29013339999994514	epochs	3.0
921.3410231204346	0.5278859000000011	epochs	2.0
921.3410231204346	0.2719586000000618	epochs	3.0
921.6129817204346	0.25592729999993935	epochs	3.0
921.8689090204346	0.4706193000000667	epochs	2.0
921.8689090204346	0.241681299999982	epochs	3.0
922.1105903204345	0.22893800000008468	epochs	3.0
922.3395283204346	0.42457039999999324	epochs	2.0
922.3395283204346	0.2174713999999085	epochs	3.0
922.5569997204345	0.20709900000008474	epochs	3.0
922.7640987204346	0.3867353999999068	epochs	2.0
922.7640987204346	0.19767109999997956	epochs	3.0
922.9617698204346	0.18906429999992724	epochs	3.0
923.1508341204345	0.3550953000000163	epochs	2.0
923.1508341204345	0.18117590000008477	epochs	3.0
923.3320100204346	0.17391939999993156	epochs	3.0
923.5059294204345	0.3282431000000088	epochs	2.0
923.5059294204345	0.1672219000000723	epochs	3.0
923.6731513204346	0.16102119999993647	epochs	3.0
923.8341725204345	0.30516799999998057	epochs	2.0
923.8341725204345	0.15526390000002266	epochs	3.0
923.9894364204346	0.1499040999999579	epochs	3.0
924.1393405204345	0.28512530000000424	epochs	2.0
924.1393405204345	0.1449021000000812	epochs	3.0
924.2842426204346	0.14022319999992305	epochs	3.0
924.4244658204345	0.267553800000087	epochs	2.0
924.4244658204345	0.1358369000000721	epochs	3.0
924.5603027204346	0.1317169000000149	epochs	3.0
924.6920196204346	0.252022899999929	epochs	2.0
924.6920196204346	0.1278393000000051	epochs	3.0
924.8198589204346	0.1241835999999239	epochs	3.0
924.9440425204346	0.23819650000007186	epochs	2.0
924.9440425204346	0.12073110000005727	epochs	3.0
925.0647736204346	0.1174654000000146	epochs	3.0
925.1822390204346	0.2258087999999816	epochs	2.0
925.1822390204346	0.1143718999999237	epochs	3.0
925.2966109204345	0.1114369000000579	epochs	3.0
925.4080478204346	0.2146460000000161	epochs	2.0
925.4080478204346	0.10864889999993466	epochs	3.0
925.5166967204345	0.10599710000008145	epochs	3.0
925.6226938204346	0.20453499999996438	epochs	2.0
925.6226938204346	0.10347149999995509	epochs	3.0
925.7261653204346	0.1010635000000093	epochs	3.0
925.8272288204346	0.19533400000000256	epochs	2.0
925.8272288204346	0.09876510000003691	epochs	3.0
925.9259939204346	0.09656889999996565	epochs	3.0
926.0225628204346	0.18692529999998442	epochs	2.0
926.0225628204346	0.09446830000001682	epochs	3.0
926.1170311204346	0.09245699999996759	epochs	3.0
926.2094881204346	0.17921069999999872	epochs	2.0
926.2094881204346	0.09052959999996801	epochs	3.0
926.3000177204345	0.08868110000003071	epochs	3.0
926.3886988204346	0.17210769999996955	epochs	2.0
926.3886988204346	0.08690630000000965	epochs	3.0
926.4756051204346	0.0852013999999599	epochs	3.0
926.5608065204345	0.16554640000003928	epochs	2.0
926.5608065204345	0.08356190000006336	epochs	3.0
926.6443684204346	0.08198449999997592	epochs	3.0
926.7263529204346	0.15946710000002895	epochs	2.0
926.7263529204346	0.08046539999998004	epochs	3.0
926.8068183204346	0.07900170000004891	epochs	3.0
926.8858200204346	0.15381839999997737	epochs	2.0
926.8858200204346	0.07759009999995214	epochs	3.0
926.9634101204346	0.07622830000002523	epochs	3.0
927.0396384204346	0.14855639999996129	epochs	2.0
927.0396384204346	0.07491329999993468	epochs	3.0
927.1145517204345	0.0736431000000266	epochs	3.0
927.1881948204345	0.14364239999997608	epochs	2.0
927.1881948204345	0.07241499999997814	epochs	3.0
927.2606098204345	0.07122739999999794	epochs	3.0
927.3318372204345	0.13904310000009446	epochs	2.0
927.3318372204345	0.07007800000008046	epochs	3.0
927.4019152204346	0.06896510000001399	epochs	3.0
927.4708803204346	0.1347293000000036	epochs	2.0
927.4708803204346	0.0678871000000072	epochs	3.0
927.5387674204346	0.06684219999999641	epochs	3.0
927.6056096204346	0.13067519999992783	epochs	2.0
927.6056096204346	0.06582909999997355	epochs	3.0
927.6714387204346	0.06484609999995428	epochs	3.0
927.7362848204345	0.12685780000003888	epochs	2.0
927.7362848204345	0.06389200000000983	epochs	3.0
927.8001768204346	0.06296580000002905	epochs	3.0
927.8631426204346	0.12325720000001184	epochs	2.0
927.8631426204346	0.06206580000002759	epochs	3.0
927.9252084204346	0.06119139999998424	epochs	3.0
927.9863998204346	0.11985540000000583	epochs	2.0
927.9863998204346	0.060341099999959624	epochs	3.0
928.0467409204346	0.059514300000046205	epochs	3.0
928.1062552204346	0.11663620000001629	epochs	2.0
928.1062552204346	0.058709599999929196	epochs	3.0
928.1649648204345	0.05792660000008709	epochs	3.0
928.2228914204346	0.11358559999996487	epochs	2.0
928.2228914204346	0.05716419999998834	epochs	3.0
928.2800556204346	0.05642139999997653	epochs	3.0
928.3364770204346	0.11069050000003244	epochs	2.0
928.3364770204346	0.055697900000041045	epochs	3.0
928.3921749204346	0.0549925999999914	epochs	3.0
928.4471675204346	0.10793909999995321	epochs	2.0
928.4471675204346	0.05430489999992005	epochs	3.0
928.5014724204345	0.05363420000003316	epochs	3.0
928.5551066204346	0.10532149999994544	epochs	2.0
928.5551066204346	0.05298000000004777	epochs	3.0
928.6080866204346	0.05234149999989768	epochs	3.0
928.6604281204345	0.10282760000006874	epochs	2.0
928.6604281204345	0.05171810000001642	epochs	3.0
928.7121462204345	0.05110950000005232	epochs	3.0
928.7632557204346	0.10044909999999163	epochs	2.0
928.7632557204346	0.05051489999993919	epochs	3.0
928.8137706204345	0.04993420000005244	epochs	3.0
928.8637048204346	0.0981782999999723	epochs	2.0
928.8637048204346	0.04936659999998483	epochs	3.0
928.9130714204346	0.04881169999998747	epochs	3.0
928.9618831204345	0.09600780000005216	epochs	2.0
928.9618831204345	0.04826920000004975	epochs	3.0
929.0101523204346	0.04773860000000241	epochs	3.0
929.0578909204346	0.09393119999992905	epochs	2.0
929.0578909204346	0.04721949999998287	epochs	3.0
929.1051104204346	0.04671169999994618	epochs	3.0
929.1518221204345	0.09194260000003851	epochs	2.0
929.1518221204345	0.046214599999984785	epochs	3.0
929.1980367204345	0.045728000000053726	epochs	3.0
929.2437647204346	0.09003629999995155	epochs	2.0
929.2437647204346	0.045251499999949374	epochs	3.0
929.2890162204345	0.04478480000000218	epochs	3.0
929.3338010204345	0.08820760000003247	epochs	2.0
929.3338010204345	0.044327800000019124	epochs	3.0
929.3781288204345	0.04387980000001335	epochs	3.0
929.4220086204346	0.0864516999999978	epochs	2.0
929.4220086204346	0.04344100000002982	epochs	3.0
929.4654496204346	0.04301069999996798	epochs	3.0
929.5084603204346	0.08476429999996071	epochs	2.0
929.5084603204346	0.04258900000002086	epochs	3.0
929.5510493204346	0.04217529999993985	epochs	3.0
929.5932246204345	0.08314150000001064	epochs	2.0
929.5932246204345	0.04176970000003166	epochs	3.0
929.6349943204345	0.041371799999978975	epochs	3.0
929.6763661204345	0.08157970000002024	epochs	2.0
929.6763661204345	0.04098140000007788	epochs	3.0
929.7173475204346	0.040598299999942355	epochs	3.0
929.7579458204345	0.08007550000002084	epochs	2.0
929.7579458204345	0.04022229999998217	epochs	3.0
929.7981681204345	0.03985320000003867	epochs	3.0
929.8380213204346	0.07862569999997504	epochs	2.0
929.8380213204346	0.0394907999999532	epochs	3.0
929.8775121204345	0.039134900000021844	epochs	3.0
929.9166470204345	0.07722760000001472	epochs	2.0
929.9166470204345	0.038785400000051595	epochs	3.0
929.9554324204346	0.03844219999996312	epochs	3.0
929.9938746204346	0.07587820000003376	epochs	2.0
929.9938746204346	0.038104800000041905	epochs	3.0
930.0319794204346	0.03777339999999185	epochs	3.0
930.0697528204346	0.0745752000000266	epochs	2.0
930.0697528204346	0.03744770000002973	epochs	3.0
930.1072005204346	0.03712749999999687	epochs	3.0
930.1443280204346	0.07331629999998768	epochs	2.0
930.1443280204346	0.036812899999972615	epochs	3.0
930.1811409204346	0.03650340000001506	epochs	3.0
930.2176443204346	0.07209899999998015	epochs	2.0
930.2176443204346	0.03619909999997617	epochs	3.0
930.2538434204346	0.03589990000000398	epochs	3.0
930.2897433204346	0.07092169999998532	epochs	2.0
930.2897433204346	0.03560559999993984	epochs	3.0
930.3253489204345	0.03531610000004548	epochs	3.0
930.3606650204346	0.06978200000003199	epochs	2.0
930.3606650204346	0.03503120000004856	epochs	3.0
930.3956962204346	0.03475079999998343	epochs	3.0
930.4304470204346	0.06867859999999837	epochs	2.0
930.4304470204346	0.03447510000000875	epochs	3.0
930.4649221204346	0.03420349999998962	epochs	3.0
930.4991256204346	0.06760929999995824	epochs	2.0
930.4991256204346	0.033936199999970995	epochs	3.0
930.5330618204346	0.033673099999987244	epochs	3.0
930.5667349204346	0.06657289999998284	epochs	2.0
930.5667349204346	0.03341399999999339	epochs	3.0
930.6001489204345	0.033158899999989444	epochs	3.0
930.6333078204345	0.06556780000005347	epochs	2.0
930.6333078204345	0.032907700000009754	epochs	3.0
930.6662155204345	0.03266010000004371	epochs	3.0
930.6988756204346	0.06459259999996902	epochs	2.0
930.6988756204346	0.032416399999988244	epochs	3.0
930.7312920204346	0.03217619999998078	epochs	3.0
930.7634682204346	0.06364600000006249	epochs	2.0
930.7634682204346	0.03193959999998697	epochs	3.0
930.7954078204345	0.03170640000007552	epochs	3.0
930.8271142204346	0.0627266999999847	epochs	2.0
930.8271142204346	0.031476599999905375	epochs	3.0
930.8585908204345	0.03125010000007933	epochs	3.0
930.8898409204346	0.06183359999999993	epochs	2.0
930.8898409204346	0.03102689999991526	epochs	3.0
930.9208678204345	0.030806700000084675	epochs	3.0
930.9516745204346	0.060965599999917686	epochs	2.0
930.9516745204346	0.030589799999916067	epochs	3.0
930.9822643204345	0.030375800000001618	epochs	3.0
931.0126401204345	0.06012160000000222	epochs	2.0
931.0126401204345	0.030164900000045236	epochs	3.0
931.0428050204346	0.02995669999995698	epochs	3.0
931.0727617204345	0.05930069999999432	epochs	2.0
931.0727617204345	0.029751600000054168	epochs	3.0
931.1025133204346	0.029549099999940154	epochs	3.0
931.1320624204345	0.05850180000004457	epochs	2.0
931.1320624204345	0.02934940000000097	epochs	3.0
931.1614118204345	0.0291524000000436	epochs	3.0
931.1905642204346	0.057724200000052406	epochs	2.0
931.1905642204346	0.028957999999988715	epochs	3.0
931.2195222204346	0.02876620000006369	epochs	3.0
931.2482884204346	0.05696709999995164	epochs	2.0
931.2482884204346	0.028576999999927466	epochs	3.0
931.2768654204345	0.028390100000024177	epochs	3.0
931.3052555204346	0.05622949999997218	epochs	2.0
931.3052555204346	0.028205700000057732	epochs	3.0
931.3334612204346	0.028023799999914445	epochs	3.0
931.3614850204345	0.05551070000001346	epochs	2.0
931.3614850204345	0.02784400000007281	epochs	3.0
931.3893290204346	0.027666699999940647	epochs	3.0
931.4169957204346	0.054810200000019904	epochs	2.0
931.4169957204346	0.02749149999999645	epochs	3.0
931.4444872204346	0.027318700000023455	epochs	3.0
931.4718059204346	0.05412699999999404	epochs	2.0
931.4718059204346	0.027147799999966082	epochs	3.0
931.4989537204345	0.02697920000002796	epochs	3.0
931.5259329204346	0.053460699999959616	epochs	2.0
931.5259329204346	0.0268125999999711	epochs	3.0
931.5527455204345	0.026648099999988517	epochs	3.0
931.5793936204345	0.05281070000000909	epochs	2.0
931.5793936204345	0.026485600000000886	epochs	3.0
931.6058792204345	0.026325100000008206	epochs	3.0
931.6322043204345	0.05217620000007628	epochs	2.0
931.6322043204345	0.026166400000079193	epochs	3.0
931.6583707204346	0.026009799999997085	epochs	3.0
931.6843805204346	0.051556699999991906	epochs	2.0
931.6843805204346	0.025854799999933675	epochs	3.0
931.7102353204345	0.02570190000005823	epochs	3.0
931.7359372204346	0.05095189999997274	epochs	2.0
931.7359372204346	0.025550699999939752	epochs	3.0
931.7614879204345	0.025401200000032986	epochs	3.0
931.7868891204346	0.05036099999995258	epochs	2.0
931.7868891204346	0.025253499999962514	epochs	3.0
931.8121426204345	0.02510749999999007	epochs	3.0
931.8372501204345	0.049783800000000156	epochs	2.0
931.8372501204345	0.02496320000000196	epochs	3.0
931.8622133204345	0.024820599999998194	epochs	3.0
931.8870339204345	0.049219500000049266	epochs	2.0
931.8870339204345	0.02467940000008184	epochs	3.0
931.9117133204346	0.024540099999967424	epochs	3.0
931.9362534204346	0.048667899999941255	epochs	2.0
931.9362534204346	0.02440209999997478	epochs	3.0
931.9606555204346	0.024265799999966475	epochs	3.0
931.9849213204345	0.04812860000004093	epochs	2.0
931.9849213204345	0.024131000000011227	epochs	3.0
932.0090523204345	0.023997600000029706	epochs	3.0
932.0330499204346	0.04760109999995166	epochs	2.0
932.0330499204346	0.023865799999953197	epochs	3.0
932.0569157204345	0.02373529999999846	epochs	3.0
932.0806510204345	0.047085000000038235	epochs	2.0
932.0806510204345	0.02360630000009678	epochs	3.0
932.1042573204346	0.023478699999941455	epochs	3.0
932.1277360204346	0.04658000000006268	epochs	2.0
932.1277360204346	0.02335249999998723	epochs	3.0
932.1510885204345	0.02322750000007545	epochs	3.0
932.1743160204346	0.04608569999993506	epochs	2.0
932.1743160204346	0.023103999999989355	epochs	3.0
932.1974200204346	0.022981699999945704	epochs	3.0
932.2204017204346	0.045601799999985815	epochs	2.0
932.2204017204346	0.022860700000023826	epochs	3.0
932.2432624204346	0.02274109999996199	epochs	3.0
932.2660035204345	0.04512790000001132	epochs	2.0
932.2660035204345	0.022622500000011314	epochs	3.0
932.2886260204345	0.02250540000000001	epochs	3.0
932.3111314204345	0.044663799999966614	epochs	2.0
932.3111314204345	0.02238929999998618	epochs	3.0
932.3335207204345	0.022274499999980435	epochs	3.0
932.3557952204345	0.04420920000006845	epochs	2.0
932.3557952204345	0.022160800000051495	epochs	3.0
932.3779560204346	0.022048400000016954	epochs	3.0
932.4000044204346	0.043763600000033875	epochs	2.0
932.4000044204346	0.021936900000014248	epochs	3.0
932.4219413204346	0.021826700000019628	epochs	3.0
932.4437680204346	0.04332709999994222	epochs	2.0
932.4437680204346	0.021717599999988124	epochs	3.0
932.4654856204346	0.021609499999954096	epochs	3.0
932.4870951204346	0.04289900000003399	epochs	2.0
932.4870951204346	0.02150249999999687	epochs	3.0
932.5085976204346	0.021396500000037122	epochs	3.0
932.5299941204346	0.042479500000013104	epochs	2.0
932.5299941204346	0.02129170000000613	epochs	3.0
932.5512858204346	0.021187800000006973	epochs	3.0
932.5724736204346	0.042067900000006375	epochs	2.0
932.5724736204346	0.02108490000000529	epochs	3.0
932.5935585204346	0.020983000000001084	epochs	3.0
932.6145415204346	0.04166439999994509	epochs	2.0
932.6145415204346	0.020882199999959994	epochs	3.0
932.6354237204346	0.020782199999985096	epochs	3.0
932.6562059204346	0.04126850000000104	epochs	2.0
932.6562059204346	0.020683299999973315	epochs	3.0
932.6768892204345	0.020585200000027726	epochs	3.0
932.6974744204346	0.04088000000001557	epochs	2.0
932.6974744204346	0.020488099999965925	epochs	3.0
932.7179625204345	0.020391900000049645	epochs	3.0
932.7383544204346	0.04049880000002304	epochs	2.0
932.7383544204346	0.020296600000051512	epochs	3.0
932.7586510204346	0.020202199999971526	epochs	3.0
932.7788532204346	0.04012460000001283	epochs	2.0
932.7788532204346	0.020108699999923374	epochs	3.0
932.7989619204345	0.02001590000008946	epochs	3.0
932.8189778204346	0.039757299999905626	epochs	2.0
932.8189778204346	0.019924199999991288	epochs	3.0
932.8389020204346	0.01983309999991434	epochs	3.0
932.8587351204345	0.039396700000111196	epochs	2.0
932.8587351204345	0.01974300000006224	epochs	3.0
932.8784781204346	0.019653700000048957	epochs	3.0
932.8981318204346	0.03904239999997117	epochs	2.0
932.8981318204346	0.019565099999908853	epochs	3.0
932.9176969204345	0.019477300000062314	epochs	3.0
932.9371742204346	0.03869459999998526	epochs	2.0
932.9371742204346	0.019390400000020236	epochs	3.0
932.9565646204346	0.01930419999996502	epochs	3.0
932.9758688204346	0.03835289999994984	epochs	2.0
932.9758688204346	0.019218799999976	epochs	3.0
932.9950876204346	0.01913409999997384	epochs	3.0
933.0142217204345	0.03801720000001296	epochs	2.0
933.0142217204345	0.019050200000037876	epochs	3.0
933.0332719204346	0.018966999999975087	epochs	3.0
933.0522389204345	0.037687200000050325	epochs	2.0
933.0522389204345	0.01888450000001285	epochs	3.0
933.0711234204346	0.018802700000037476	epochs	3.0
933.0899261204346	0.03736309999999321	epochs	2.0
933.0899261204346	0.018721700000014607	epochs	3.0
933.1086478204346	0.018641399999978603	epochs	3.0
933.1272892204346	0.03704429999993408	epochs	2.0
933.1272892204346	0.01856159999999818	epochs	3.0
933.1458508204346	0.018482699999935903	epochs	3.0
933.1643335204345	0.0367310000000316	epochs	2.0
933.1643335204345	0.018404300000042895	epochs	3.0
933.1827378204346	0.018326699999988705	epochs	3.0
933.2010645204346	0.036422900000047775	epochs	2.0
933.2010645204346	0.018249599999990096	epochs	3.0
933.2193141204345	0.01817330000005768	epochs	3.0
933.2374874204346	0.03612009999994825	epochs	2.0
933.2374874204346	0.01809759999991911	epochs	3.0
933.2555850204345	0.01802250000002914	epochs	3.0
933.2736075204346	0.03582210000001851	epochs	2.0
933.2736075204346	0.017947899999967376	epochs	3.0
933.2915554204345	0.017874200000051133	epochs	3.0
933.3094296204346	0.03552899999999681	epochs	2.0
933.3094296204346	0.017800800000031813	epochs	3.0
933.3272304204346	0.017728199999965	epochs	3.0
933.3449586204346	0.03524070000003121	epochs	2.0
933.3449586204346	0.017656099999953767	epochs	3.0
933.3626147204345	0.017584600000077444	epochs	3.0
933.3801993204346	0.03495709999992869	epochs	2.0
933.3801993204346	0.01751369999999497	epochs	3.0
933.3977130204346	0.017443399999933717	epochs	3.0
933.4151564204345	0.03467790000001969	epochs	2.0
933.4151564204345	0.017373600000041733	epochs	3.0
933.4325300204346	0.017304299999977957	epochs	3.0
933.4498343204345	0.03440330000000813	epochs	2.0
933.4498343204345	0.01723570000001473	epochs	3.0
933.4670700204346	0.0171675999999934	epochs	3.0
933.4842376204346	0.0341328000000658	epochs	2.0
933.4842376204346	0.017099900000062007	epochs	3.0
933.5013375204346	0.017032900000003792	epochs	3.0
933.5183704204346	0.033866699999975935	epochs	2.0
933.5183704204346	0.01696640000000116	epochs	3.0
933.5353368204346	0.016900299999974777	epochs	3.0
933.5522371204346	0.03360459999998966	epochs	2.0
933.5522371204346	0.01683479999996962	epochs	3.0
933.5690719204346	0.01676980000002004	epochs	3.0
933.5858417204346	0.033346599999958926	epochs	2.0
933.5858417204346	0.016705300000012357	epochs	3.0
933.6025470204346	0.01664129999994657	epochs	3.0
933.6191883204345	0.03309250000006614	epochs	2.0
933.6191883204345	0.016577800000050047	epochs	3.0
933.6357661204346	0.01651470000001609	epochs	3.0
933.6522808204346	0.03284229999997024	epochs	2.0
933.6522808204346	0.01645220000000336	epochs	3.0
933.6687330204346	0.01639009999996688	epochs	3.0
933.6851231204346	0.03259570000000167	epochs	2.0
933.6851231204346	0.016328400000020338	epochs	3.0
933.7014515204346	0.016267299999981333	epochs	3.0
933.7177188204346	0.032352899999978035	epochs	2.0
933.7177188204346	0.016206600000032267	epochs	3.0
933.7339254204346	0.016146299999945768	epochs	3.0
933.7500717204346	0.03211369999996805	epochs	2.0
933.7500717204346	0.016086599999994178	epochs	3.0
933.7661583204346	0.01602709999997387	epochs	3.0
933.7821854204345	0.03187800000000607	epochs	2.0
933.7821854204345	0.015968200000088473	epochs	3.0
933.7981536204346	0.015909799999917595	epochs	3.0
933.8140634204345	0.031645700000012766	epochs	2.0
933.8140634204345	0.01585160000001906	epochs	3.0
933.8299150204346	0.015794099999993705	epochs	3.0
933.8457091204345	0.0314167000000225	epochs	2.0
933.8457091204345	0.015736700000047676	epochs	3.0
933.8614458204346	0.015679999999974825	epochs	3.0
933.8771258204346	0.031191100000000915	epochs	2.0
933.8771258204346	0.015623600000026272	epochs	3.0
933.8927494204346	0.015567499999974643	epochs	3.0
933.9083169204346	0.030968700000016725	epochs	2.0
933.9083169204346	0.015511999999944237	epochs	3.0
933.9238289204345	0.015456700000072487	epochs	3.0
933.9392856204346	0.030749499999956242	epochs	2.0
933.9392856204346	0.015401999999994587	epochs	3.0
933.9546876204346	0.015347499999961656	epochs	3.0
933.9700351204345	0.03053320000003623	epochs	2.0
933.9700351204345	0.015293400000018664	epochs	3.0
933.9853285204346	0.015239800000017567	epochs	3.0
934.0005683204346	0.03032010000003993	epochs	2.0
934.0005683204346	0.015186500000027081	epochs	3.0
934.0157548204346	0.015133600000012848	epochs	3.0
934.0308884204346	0.030109899999956724	epochs	2.0
934.0308884204346	0.015080999999895539	epochs	3.0
934.0459694204345	0.015028900000061185	epochs	3.0
934.0609983204346	0.02990250000004835	epochs	2.0
934.0609983204346	0.014977000000044427	epochs	3.0
934.0759753204346	0.014925500000003922	epochs	3.0
934.0909008204346	0.029698099999905025	epochs	2.0
934.0909008204346	0.01487439999993967	epochs	3.0
934.1057752204346	0.014823699999965356	epochs	3.0
934.1205989204345	0.02949630000000525	epochs	2.0
934.1205989204345	0.014773200000036013	epochs	3.0
934.1353721204346	0.014723099999969236	epochs	3.0
934.1500952204345	0.02929740000001857	epochs	2.0
934.1500952204345	0.014673399999992398	epochs	3.0
934.1647686204345	0.014624000000026172	epochs	3.0
934.1793926204346	0.029101100000048064	epochs	2.0
934.1793926204346	0.014574900000070556	epochs	3.0
934.1939675204346	0.014526199999977507	epochs	3.0
934.2084937204346	0.028907399999980044	epochs	2.0
934.2084937204346	0.014477699999929428	epochs	3.0
934.2229714204345	0.014429700000050616	epochs	3.0
934.2374011204346	0.028716199999962555	epochs	2.0
934.2374011204346	0.014381800000023759	epochs	3.0
934.2517829204346	0.014334399999938796	epochs	3.0
934.2661173204345	0.028527600000074926	epochs	2.0
934.2661173204345	0.01428720000001249	epochs	3.0
934.2804045204346	0.014240400000062436	epochs	3.0
934.2946449204346	0.028341399999931127	epochs	2.0
934.2946449204346	0.014193799999929979	epochs	3.0
934.3088387204346	0.014147600000001148	epochs	3.0
934.3229863204346	0.028157700000065233	epochs	2.0
934.3229863204346	0.014101699999969242	epochs	3.0
934.3370880204345	0.014056000000095992	epochs	3.0
934.3511440204346	0.027976299999977527	epochs	2.0
934.3511440204346	0.01401060000000598	epochs	3.0
934.3651546204346	0.013965699999971548	epochs	3.0
934.3791203204346	0.02779720000000907	epochs	2.0
934.3791203204346	0.013920799999937117	epochs	3.0
934.3930411204345	0.013876400000071953	epochs	3.0
934.4069175204346	0.027620399999932488	epochs	2.0
934.4069175204346	0.0138321999999107	epochs	3.0
934.4207497204345	0.013788200000021789	epochs	3.0
934.4345379204345	0.02744590000008884	epochs	2.0
934.4345379204345	0.013744599999995444	epochs	3.0
934.4482825204345	0.013701300000093397	epochs	3.0
934.4619838204346	0.027273499999978412	epochs	2.0
934.4619838204346	0.01365819999989526	epochs	3.0
934.4756420204345	0.013615300000083153	epochs	3.0
934.4892573204346	0.027103399999987232	epochs	2.0
934.4892573204346	0.013572800000019924	epochs	3.0
934.5028301204346	0.013530599999967308	epochs	3.0
934.5163607204346	0.02693520000002536	epochs	2.0
934.5163607204346	0.013488400000028378	epochs	3.0
934.5298491204346	0.013446799999996983	epochs	3.0
934.5432959204346	0.026769199999989723	epochs	2.0
934.5432959204346	0.013405199999965589	epochs	3.0
934.5567011204346	0.013364000000024134	epochs	3.0
934.5700651204346	0.026605199999949036	epochs	2.0
934.5700651204346	0.013322899999934634	epochs	3.0
934.5833880204345	0.013282300000014402	epochs	3.0
934.5966703204346	0.026443200000016986	epochs	2.0
934.5966703204346	0.013241699999980483	epochs	3.0
934.6099120204345	0.013201500000036503	epochs	3.0
934.6231135204346	0.0262831999999662	epochs	2.0
934.6231135204346	0.013161500000023807	epochs	3.0
934.6362750204346	0.013121699999942393	epochs	3.0
934.6493967204345	0.02612499999997908	epochs	2.0
934.6493967204345	0.013082100000019636	epochs	3.0
934.6624788204346	0.013042899999959445	epochs	3.0
934.6755217204345	0.025968900000066242	epochs	2.0
934.6755217204345	0.01300390000005791	epochs	3.0
934.6885256204346	0.012965000000008331	epochs	3.0
934.7014906204346	0.025814500000024054	epochs	2.0
934.7014906204346	0.012926399999969362	epochs	3.0
934.7144170204346	0.012888100000054692	epochs	3.0
934.7273051204346	0.025661899999931848	epochs	2.0
934.7273051204346	0.012849899999991976	epochs	3.0
934.7401550204346	0.012811999999939871	epochs	3.0
934.7529670204345	0.025511199999982637	epochs	2.0
934.7529670204345	0.012774400000012065	epochs	3.0
934.7657414204346	0.012736799999970572	epochs	3.0
934.7784782204345	0.025362300000097093	epochs	2.0
934.7784782204345	0.012699700000098346	epochs	3.0
934.7911779204346	0.012662599999998747	epochs	3.0
934.8038405204346	0.025215000000002874	epochs	2.0
934.8038405204346	0.01262579999990976	epochs	3.0
934.8164663204345	0.012589200000093115	epochs	3.0
934.8290555204346	0.024584799999956886	epochs	2.0
934.8513593204345	0.5	epochs	-1.0
934.8536403204346	0.5458399999999983	epochs	1.0
935.3994803204346	0.4540799999999763	epochs	0.0
935.7710003852844	0.11464000000000851	epochs	0.0
935.7710003852844	0.05232169999999314	epochs	1.0
935.8233220852844	0.009996600000022227	epochs	1.0
935.8333186852844	0.05232169999999314	epochs	1.0
935.8856403852844	2.0	epochs	0.0
937.8856403852844	21.525840000000017	epochs	0.0
937.8856403852844	1.0	epochs	1.0
937.8856793852844	0.5	epochs	-1.0
938.3856793852844	19.997679999999946	epochs	-1.0
938.8856403852844	20.0	epochs	1.0
938.8856403852844	4.356753899999944	epochs	-1.0
938.8856403852844	1.9745871999999736	epochs	2.0
938.8856403852844	1.0985621999999466	epochs	3.0
939.9842025852844	0.8760250000000269	epochs	3.0
940.8602275852844	1.3524075000000266	epochs	2.0
940.8602275852844	0.7286354999999958	epochs	3.0
941.5888630852844	0.6237720000000309	epochs	3.0
942.2126350852844	1.029759199999944	epochs	2.0
942.2126350852844	0.5453292999999348	epochs	3.0
942.7579643852844	0.4844299000000092	epochs	3.0
943.2423942852844	0.8317862000000105	epochs	2.0
943.2423942852844	0.4357763000000432	epochs	3.0
943.6781705852844	0.3960098999999673	epochs	3.0
944.0741804852844	0.6977970000000369	epochs	2.0
944.0741804852844	0.3628982000000178	epochs	3.0
944.4370786852844	0.33489880000001904	epochs	3.0
944.7719774852844	0.601045699999986	epochs	2.0
944.7719774852844	0.3109123000000409	epochs	3.0
945.0828897852845	0.29013339999994514	epochs	3.0
945.3730231852844	0.5278859000000011	epochs	2.0
945.3730231852844	0.2719586000000618	epochs	3.0
945.6449817852845	0.25592729999993935	epochs	3.0
945.9009090852844	0.4706193000000667	epochs	2.0
945.9009090852844	0.241681299999982	epochs	3.0
946.1425903852844	0.22893800000008468	epochs	3.0
946.3715283852845	0.42457039999999324	epochs	2.0
946.3715283852845	0.2174713999999085	epochs	3.0
946.5889997852844	0.20709900000008474	epochs	3.0
946.7960987852845	0.3867353999999068	epochs	2.0
946.7960987852845	0.19767109999997956	epochs	3.0
946.9937698852845	0.18906429999992724	epochs	3.0
947.1828341852844	0.3550953000000163	epochs	2.0
947.1828341852844	0.18117590000008477	epochs	3.0
947.3640100852845	0.17391939999993156	epochs	3.0
947.5379294852844	0.3282431000000088	epochs	2.0
947.5379294852844	0.1672219000000723	epochs	3.0
947.7051513852845	0.16102119999993647	epochs	3.0
947.8661725852844	0.30516799999998057	epochs	2.0
947.8661725852844	0.15526390000002266	epochs	3.0
948.0214364852844	0.1499040999999579	epochs	3.0
948.1713405852844	0.28512530000000424	epochs	2.0
948.1713405852844	0.1449021000000812	epochs	3.0
948.3162426852845	0.14022319999992305	epochs	3.0
948.4564658852844	0.267553800000087	epochs	2.0
948.4564658852844	0.1358369000000721	epochs	3.0
948.5923027852845	0.1317169000000149	epochs	3.0
948.7240196852845	0.252022899999929	epochs	2.0
948.7240196852845	0.1278393000000051	epochs	3.0
948.8518589852845	0.1241835999999239	epochs	3.0
948.9760425852844	0.23819650000007186	epochs	2.0
948.9760425852844	0.12073110000005727	epochs	3.0
949.0967736852845	0.1174654000000146	epochs	3.0
949.2142390852845	0.2258087999999816	epochs	2.0
949.2142390852845	0.1143718999999237	epochs	3.0
949.3286109852844	0.1114369000000579	epochs	3.0
949.4400478852845	0.2146460000000161	epochs	2.0
949.4400478852845	0.10864889999993466	epochs	3.0
949.5486967852844	0.10599710000008145	epochs	3.0
949.6546938852845	0.20453499999996438	epochs	2.0
949.6546938852845	0.10347149999995509	epochs	3.0
949.7581653852844	0.1010635000000093	epochs	3.0
949.8592288852844	0.19533400000000256	epochs	2.0
949.8592288852844	0.09876510000003691	epochs	3.0
949.9579939852845	0.09656889999996565	epochs	3.0
950.0545628852844	0.18692529999998442	epochs	2.0
950.0545628852844	0.09446830000001682	epochs	3.0
950.1490311852845	0.09245699999996759	epochs	3.0
950.2414881852844	0.17921069999999872	epochs	2.0
950.2414881852844	0.09052959999996801	epochs	3.0
950.3320177852844	0.08868110000003071	epochs	3.0
950.4206988852844	0.17210769999996955	epochs	2.0
950.4206988852844	0.08690630000000965	epochs	3.0
950.5076051852844	0.0852013999999599	epochs	3.0
950.5928065852844	0.16554640000003928	epochs	2.0
950.5928065852844	0.08356190000006336	epochs	3.0
950.6763684852845	0.08198449999997592	epochs	3.0
950.7583529852844	0.15946710000002895	epochs	2.0
950.7583529852844	0.08046539999998004	epochs	3.0
950.8388183852844	0.07900170000004891	epochs	3.0
950.9178200852845	0.15381839999997737	epochs	2.0
950.9178200852845	0.07759009999995214	epochs	3.0
950.9954101852844	0.07622830000002523	epochs	3.0
951.0716384852844	0.14855639999996129	epochs	2.0
951.0716384852844	0.07491329999993468	epochs	3.0
951.1465517852844	0.0736431000000266	epochs	3.0
951.2201948852844	0.14364239999997608	epochs	2.0
951.2201948852844	0.07241499999997814	epochs	3.0
951.2926098852844	0.07122739999999794	epochs	3.0
951.3638372852844	0.13904310000009446	epochs	2.0
951.3638372852844	0.07007800000008046	epochs	3.0
951.4339152852845	0.06896510000001399	epochs	3.0
951.5028803852845	0.1347293000000036	epochs	2.0
951.5028803852845	0.0678871000000072	epochs	3.0
951.5707674852845	0.06684219999999641	epochs	3.0
951.6376096852845	0.13067519999992783	epochs	2.0
951.6376096852845	0.06582909999997355	epochs	3.0
951.7034387852844	0.06484609999995428	epochs	3.0
951.7682848852844	0.12685780000003888	epochs	2.0
951.7682848852844	0.06389200000000983	epochs	3.0
951.8321768852844	0.06296580000002905	epochs	3.0
951.8951426852844	0.12325720000001184	epochs	2.0
951.8951426852844	0.06206580000002759	epochs	3.0
951.9572084852845	0.06119139999998424	epochs	3.0
952.0183998852845	0.11985540000000583	epochs	2.0
952.0183998852845	0.060341099999959624	epochs	3.0
952.0787409852844	0.059514300000046205	epochs	3.0
952.1382552852845	0.11663620000001629	epochs	2.0
952.1382552852845	0.058709599999929196	epochs	3.0
952.1969648852844	0.05792660000008709	epochs	3.0
952.2548914852845	0.11358559999996487	epochs	2.0
952.2548914852845	0.05716419999998834	epochs	3.0
952.3120556852845	0.05642139999997653	epochs	3.0
952.3684770852844	0.11069050000003244	epochs	2.0
952.3684770852844	0.055697900000041045	epochs	3.0
952.4241749852845	0.0549925999999914	epochs	3.0
952.4791675852845	0.10793909999995321	epochs	2.0
952.4791675852845	0.05430489999992005	epochs	3.0
952.5334724852844	0.05363420000003316	epochs	3.0
952.5871066852844	0.10532149999994544	epochs	2.0
952.5871066852844	0.05298000000004777	epochs	3.0
952.6400866852845	0.05234149999989768	epochs	3.0
952.6924281852844	0.10282760000006874	epochs	2.0
952.6924281852844	0.05171810000001642	epochs	3.0
952.7441462852844	0.05110950000005232	epochs	3.0
952.7952557852844	0.10044909999999163	epochs	2.0
952.7952557852844	0.05051489999993919	epochs	3.0
952.8457706852844	0.04993420000005244	epochs	3.0
952.8957048852844	0.0981782999999723	epochs	2.0
952.8957048852844	0.04936659999998483	epochs	3.0
952.9450714852844	0.04881169999998747	epochs	3.0
952.9938831852844	0.09600780000005216	epochs	2.0
952.9938831852844	0.04826920000004975	epochs	3.0
953.0421523852845	0.04773860000000241	epochs	3.0
953.0898909852845	0.09393119999992905	epochs	2.0
953.0898909852845	0.04721949999998287	epochs	3.0
953.1371104852844	0.04671169999994618	epochs	3.0
953.1838221852844	0.09194260000003851	epochs	2.0
953.1838221852844	0.046214599999984785	epochs	3.0
953.2300367852844	0.045728000000053726	epochs	3.0
953.2757647852844	0.09003629999995155	epochs	2.0
953.2757647852844	0.045251499999949374	epochs	3.0
953.3210162852844	0.04478480000000218	epochs	3.0
953.3658010852844	0.08820760000003247	epochs	2.0
953.3658010852844	0.044327800000019124	epochs	3.0
953.4101288852844	0.04387980000001335	epochs	3.0
953.4540086852844	0.0864516999999978	epochs	2.0
953.4540086852844	0.04344100000002982	epochs	3.0
953.4974496852844	0.04301069999996798	epochs	3.0
953.5404603852844	0.08476429999996071	epochs	2.0
953.5404603852844	0.04258900000002086	epochs	3.0
953.5830493852844	0.04217529999993985	epochs	3.0
953.6252246852844	0.08314150000001064	epochs	2.0
953.6252246852844	0.04176970000003166	epochs	3.0
953.6669943852844	0.041371799999978975	epochs	3.0
953.7083661852844	0.08157970000002024	epochs	2.0
953.7083661852844	0.04098140000007788	epochs	3.0
953.7493475852845	0.040598299999942355	epochs	3.0
953.7899458852844	0.08007550000002084	epochs	2.0
953.7899458852844	0.04022229999998217	epochs	3.0
953.8301681852844	0.03985320000003867	epochs	3.0
953.8700213852844	0.07862569999997504	epochs	2.0
953.8700213852844	0.0394907999999532	epochs	3.0
953.9095121852844	0.039134900000021844	epochs	3.0
953.9486470852844	0.07722760000001472	epochs	2.0
953.9486470852844	0.038785400000051595	epochs	3.0
953.9874324852844	0.03844219999996312	epochs	3.0
954.0258746852844	0.07587820000003376	epochs	2.0
954.0258746852844	0.038104800000041905	epochs	3.0
954.0639794852844	0.03777339999999185	epochs	3.0
954.1017528852844	0.0745752000000266	epochs	2.0
954.1017528852844	0.03744770000002973	epochs	3.0
954.1392005852845	0.03712749999999687	epochs	3.0
954.1763280852845	0.07331629999998768	epochs	2.0
954.1763280852845	0.036812899999972615	epochs	3.0
954.2131409852844	0.03650340000001506	epochs	3.0
954.2496443852845	0.07209899999998015	epochs	2.0
954.2496443852845	0.03619909999997617	epochs	3.0
954.2858434852844	0.03589990000000398	epochs	3.0
954.3217433852844	0.07092169999998532	epochs	2.0
954.3217433852844	0.03560559999993984	epochs	3.0
954.3573489852844	0.03531610000004548	epochs	3.0
954.3926650852844	0.06978200000003199	epochs	2.0
954.3926650852844	0.03503120000004856	epochs	3.0
954.4276962852845	0.03475079999998343	epochs	3.0
954.4624470852845	0.06867859999999837	epochs	2.0
954.4624470852845	0.03447510000000875	epochs	3.0
954.4969221852845	0.03420349999998962	epochs	3.0
954.5311256852845	0.06760929999995824	epochs	2.0
954.5311256852845	0.033936199999970995	epochs	3.0
954.5650618852844	0.033673099999987244	epochs	3.0
954.5987349852844	0.06657289999998284	epochs	2.0
954.5987349852844	0.03341399999999339	epochs	3.0
954.6321489852844	0.033158899999989444	epochs	3.0
954.6653078852844	0.06556780000005347	epochs	2.0
954.6653078852844	0.032907700000009754	epochs	3.0
954.6982155852844	0.03266010000004371	epochs	3.0
954.7308756852844	0.06459259999996902	epochs	2.0
954.7308756852844	0.032416399999988244	epochs	3.0
954.7632920852844	0.03217619999998078	epochs	3.0
954.7954682852844	0.06364600000006249	epochs	2.0
954.7954682852844	0.03193959999998697	epochs	3.0
954.8274078852844	0.03170640000007552	epochs	3.0
954.8591142852845	0.0627266999999847	epochs	2.0
954.8591142852845	0.031476599999905375	epochs	3.0
954.8905908852844	0.03125010000007933	epochs	3.0
954.9218409852845	0.06183359999999993	epochs	2.0
954.9218409852845	0.03102689999991526	epochs	3.0
954.9528678852844	0.030806700000084675	epochs	3.0
954.9836745852845	0.060965599999917686	epochs	2.0
954.9836745852845	0.030589799999916067	epochs	3.0
955.0142643852844	0.030375800000001618	epochs	3.0
955.0446401852844	0.06012160000000222	epochs	2.0
955.0446401852844	0.030164900000045236	epochs	3.0
955.0748050852844	0.02995669999995698	epochs	3.0
955.1047617852844	0.05930069999999432	epochs	2.0
955.1047617852844	0.029751600000054168	epochs	3.0
955.1345133852844	0.029549099999940154	epochs	3.0
955.1640624852844	0.05850180000004457	epochs	2.0
955.1640624852844	0.02934940000000097	epochs	3.0
955.1934118852844	0.0291524000000436	epochs	3.0
955.2225642852844	0.057724200000052406	epochs	2.0
955.2225642852844	0.028957999999988715	epochs	3.0
955.2515222852844	0.02876620000006369	epochs	3.0
955.2802884852845	0.05696709999995164	epochs	2.0
955.2802884852845	0.028576999999927466	epochs	3.0
955.3088654852844	0.028390100000024177	epochs	3.0
955.3372555852844	0.05622949999997218	epochs	2.0
955.3372555852844	0.028205700000057732	epochs	3.0
955.3654612852845	0.028023799999914445	epochs	3.0
955.3934850852844	0.05551070000001346	epochs	2.0
955.3934850852844	0.02784400000007281	epochs	3.0
955.4213290852845	0.027666699999940647	epochs	3.0
955.4489957852844	0.054810200000019904	epochs	2.0
955.4489957852844	0.02749149999999645	epochs	3.0
955.4764872852844	0.027318700000023455	epochs	3.0
955.5038059852844	0.05412699999999404	epochs	2.0
955.5038059852844	0.027147799999966082	epochs	3.0
955.5309537852844	0.02697920000002796	epochs	3.0
955.5579329852844	0.053460699999959616	epochs	2.0
955.5579329852844	0.0268125999999711	epochs	3.0
955.5847455852844	0.026648099999988517	epochs	3.0
955.6113936852844	0.05281070000000909	epochs	2.0
955.6113936852844	0.026485600000000886	epochs	3.0
955.6378792852844	0.026325100000008206	epochs	3.0
955.6642043852844	0.05217620000007628	epochs	2.0
955.6642043852844	0.026166400000079193	epochs	3.0
955.6903707852845	0.026009799999997085	epochs	3.0
955.7163805852845	0.051556699999991906	epochs	2.0
955.7163805852845	0.025854799999933675	epochs	3.0
955.7422353852844	0.02570190000005823	epochs	3.0
955.7679372852845	0.05095189999997274	epochs	2.0
955.7679372852845	0.025550699999939752	epochs	3.0
955.7934879852844	0.025401200000032986	epochs	3.0
955.8188891852844	0.05036099999995258	epochs	2.0
955.8188891852844	0.025253499999962514	epochs	3.0
955.8441426852844	0.02510749999999007	epochs	3.0
955.8692501852844	0.049783800000000156	epochs	2.0
955.8692501852844	0.02496320000000196	epochs	3.0
955.8942133852844	0.024820599999998194	epochs	3.0
955.9190339852844	0.049219500000049266	epochs	2.0
955.9190339852844	0.02467940000008184	epochs	3.0
955.9437133852845	0.024540099999967424	epochs	3.0
955.9682534852844	0.048667899999941255	epochs	2.0
955.9682534852844	0.02440209999997478	epochs	3.0
955.9926555852844	0.024265799999966475	epochs	3.0
956.0169213852844	0.04812860000004093	epochs	2.0
956.0169213852844	0.024131000000011227	epochs	3.0
956.0410523852844	0.023997600000029706	epochs	3.0
956.0650499852844	0.04760109999995166	epochs	2.0
956.0650499852844	0.023865799999953197	epochs	3.0
956.0889157852844	0.02373529999999846	epochs	3.0
956.1126510852844	0.047085000000038235	epochs	2.0
956.1126510852844	0.02360630000009678	epochs	3.0
956.1362573852845	0.023478699999941455	epochs	3.0
956.1597360852844	0.04658000000006268	epochs	2.0
956.1597360852844	0.02335249999998723	epochs	3.0
956.1830885852844	0.02322750000007545	epochs	3.0
956.2063160852845	0.04608569999993506	epochs	2.0
956.2063160852845	0.023103999999989355	epochs	3.0
956.2294200852845	0.022981699999945704	epochs	3.0
956.2524017852844	0.045601799999985815	epochs	2.0
956.2524017852844	0.022860700000023826	epochs	3.0
956.2752624852844	0.02274109999996199	epochs	3.0
956.2980035852844	0.04512790000001132	epochs	2.0
956.2980035852844	0.022622500000011314	epochs	3.0
956.3206260852844	0.02250540000000001	epochs	3.0
956.3431314852844	0.044663799999966614	epochs	2.0
956.3431314852844	0.02238929999998618	epochs	3.0
956.3655207852844	0.022274499999980435	epochs	3.0
956.3877952852844	0.04420920000006845	epochs	2.0
956.3877952852844	0.022160800000051495	epochs	3.0
956.4099560852844	0.022048400000016954	epochs	3.0
956.4320044852844	0.043763600000033875	epochs	2.0
956.4320044852844	0.021936900000014248	epochs	3.0
956.4539413852845	0.021826700000019628	epochs	3.0
956.4757680852845	0.04332709999994222	epochs	2.0
956.4757680852845	0.021717599999988124	epochs	3.0
956.4974856852845	0.021609499999954096	epochs	3.0
956.5190951852844	0.04289900000003399	epochs	2.0
956.5190951852844	0.02150249999999687	epochs	3.0
956.5405976852844	0.021396500000037122	epochs	3.0
956.5619941852844	0.042479500000013104	epochs	2.0
956.5619941852844	0.02129170000000613	epochs	3.0
956.5832858852845	0.021187800000006973	epochs	3.0
956.6044736852845	0.042067900000006375	epochs	2.0
956.6044736852845	0.02108490000000529	epochs	3.0
956.6255585852845	0.020983000000001084	epochs	3.0
956.6465415852845	0.04166439999994509	epochs	2.0
956.6465415852845	0.020882199999959994	epochs	3.0
956.6674237852844	0.020782199999985096	epochs	3.0
956.6882059852844	0.04126850000000104	epochs	2.0
956.6882059852844	0.020683299999973315	epochs	3.0
956.7088892852844	0.020585200000027726	epochs	3.0
956.7294744852844	0.04088000000001557	epochs	2.0
956.7294744852844	0.020488099999965925	epochs	3.0
956.7499625852844	0.020391900000049645	epochs	3.0
956.7703544852844	0.04049880000002304	epochs	2.0
956.7703544852844	0.020296600000051512	epochs	3.0
956.7906510852845	0.020202199999971526	epochs	3.0
956.8108532852845	0.04012460000001283	epochs	2.0
956.8108532852845	0.020108699999923374	epochs	3.0
956.8309619852844	0.02001590000008946	epochs	3.0
956.8509778852845	0.039757299999905626	epochs	2.0
956.8509778852845	0.019924199999991288	epochs	3.0
956.8709020852845	0.01983309999991434	epochs	3.0
956.8907351852844	0.039396700000111196	epochs	2.0
956.8907351852844	0.01974300000006224	epochs	3.0
956.9104781852844	0.019653700000048957	epochs	3.0
956.9301318852845	0.03904239999997117	epochs	2.0
956.9301318852845	0.019565099999908853	epochs	3.0
956.9496969852844	0.019477300000062314	epochs	3.0
956.9691742852845	0.03869459999998526	epochs	2.0
956.9691742852845	0.019390400000020236	epochs	3.0
956.9885646852845	0.01930419999996502	epochs	3.0
957.0078688852844	0.03835289999994984	epochs	2.0
957.0078688852844	0.019218799999976	epochs	3.0
957.0270876852844	0.01913409999997384	epochs	3.0
957.0462217852844	0.03801720000001296	epochs	2.0
957.0462217852844	0.019050200000037876	epochs	3.0
957.0652719852844	0.018966999999975087	epochs	3.0
957.0842389852844	0.037687200000050325	epochs	2.0
957.0842389852844	0.01888450000001285	epochs	3.0
957.1031234852844	0.018802700000037476	epochs	3.0
957.1219261852845	0.03736309999999321	epochs	2.0
957.1219261852845	0.018721700000014607	epochs	3.0
957.1406478852845	0.018641399999978603	epochs	3.0
957.1592892852844	0.03704429999993408	epochs	2.0
957.1592892852844	0.01856159999999818	epochs	3.0
957.1778508852844	0.018482699999935903	epochs	3.0
957.1963335852844	0.0367310000000316	epochs	2.0
957.1963335852844	0.018404300000042895	epochs	3.0
957.2147378852844	0.018326699999988705	epochs	3.0
957.2330645852844	0.036422900000047775	epochs	2.0
957.2330645852844	0.018249599999990096	epochs	3.0
957.2513141852844	0.01817330000005768	epochs	3.0
957.2694874852845	0.03612009999994825	epochs	2.0
957.2694874852845	0.01809759999991911	epochs	3.0
957.2875850852844	0.01802250000002914	epochs	3.0
957.3056075852844	0.03582210000001851	epochs	2.0
957.3056075852844	0.017947899999967376	epochs	3.0
957.3235554852844	0.017874200000051133	epochs	3.0
957.3414296852844	0.03552899999999681	epochs	2.0
957.3414296852844	0.017800800000031813	epochs	3.0
957.3592304852845	0.017728199999965	epochs	3.0
957.3769586852844	0.03524070000003121	epochs	2.0
957.3769586852844	0.017656099999953767	epochs	3.0
957.3946147852844	0.017584600000077444	epochs	3.0
957.4121993852845	0.03495709999992869	epochs	2.0
957.4121993852845	0.01751369999999497	epochs	3.0
957.4297130852844	0.017443399999933717	epochs	3.0
957.4471564852844	0.03467790000001969	epochs	2.0
957.4471564852844	0.017373600000041733	epochs	3.0
957.4645300852844	0.017304299999977957	epochs	3.0
957.4818343852844	0.03440330000000813	epochs	2.0
957.4818343852844	0.01723570000001473	epochs	3.0
957.4990700852844	0.0171675999999934	epochs	3.0
957.5162376852844	0.0341328000000658	epochs	2.0
957.5162376852844	0.017099900000062007	epochs	3.0
957.5333375852845	0.017032900000003792	epochs	3.0
957.5503704852845	0.033866699999975935	epochs	2.0
957.5503704852845	0.01696640000000116	epochs	3.0
957.5673368852845	0.016900299999974777	epochs	3.0
957.5842371852845	0.03360459999998966	epochs	2.0
957.5842371852845	0.01683479999996962	epochs	3.0
957.6010719852844	0.01676980000002004	epochs	3.0
957.6178417852844	0.033346599999958926	epochs	2.0
957.6178417852844	0.016705300000012357	epochs	3.0
957.6345470852845	0.01664129999994657	epochs	3.0
957.6511883852844	0.03309250000006614	epochs	2.0
957.6511883852844	0.016577800000050047	epochs	3.0
957.6677661852844	0.01651470000001609	epochs	3.0
957.6842808852845	0.03284229999997024	epochs	2.0
957.6842808852845	0.01645220000000336	epochs	3.0
957.7007330852845	0.01639009999996688	epochs	3.0
957.7171231852844	0.03259570000000167	epochs	2.0
957.7171231852844	0.016328400000020338	epochs	3.0
957.7334515852845	0.016267299999981333	epochs	3.0
957.7497188852844	0.032352899999978035	epochs	2.0
957.7497188852844	0.016206600000032267	epochs	3.0
957.7659254852845	0.016146299999945768	epochs	3.0
957.7820717852844	0.03211369999996805	epochs	2.0
957.7820717852844	0.016086599999994178	epochs	3.0
957.7981583852844	0.01602709999997387	epochs	3.0
957.8141854852844	0.03187800000000607	epochs	2.0
957.8141854852844	0.015968200000088473	epochs	3.0
957.8301536852845	0.015909799999917595	epochs	3.0
957.8460634852844	0.031645700000012766	epochs	2.0
957.8460634852844	0.01585160000001906	epochs	3.0
957.8619150852844	0.015794099999993705	epochs	3.0
957.8777091852844	0.0314167000000225	epochs	2.0
957.8777091852844	0.015736700000047676	epochs	3.0
957.8934458852845	0.015679999999974825	epochs	3.0
957.9091258852844	0.031191100000000915	epochs	2.0
957.9091258852844	0.015623600000026272	epochs	3.0
957.9247494852845	0.015567499999974643	epochs	3.0
957.9403169852844	0.030968700000016725	epochs	2.0
957.9403169852844	0.015511999999944237	epochs	3.0
957.9558289852844	0.015456700000072487	epochs	3.0
957.9712856852844	0.030749499999956242	epochs	2.0
957.9712856852844	0.015401999999994587	epochs	3.0
957.9866876852844	0.015347499999961656	epochs	3.0
958.0020351852844	0.03053320000003623	epochs	2.0
958.0020351852844	0.015293400000018664	epochs	3.0
958.0173285852844	0.015239800000017567	epochs	3.0
958.0325683852844	0.03032010000003993	epochs	2.0
958.0325683852844	0.015186500000027081	epochs	3.0
958.0477548852845	0.015133600000012848	epochs	3.0
958.0628884852845	0.030109899999956724	epochs	2.0
958.0628884852845	0.015080999999895539	epochs	3.0
958.0779694852844	0.015028900000061185	epochs	3.0
958.0929983852844	0.02990250000004835	epochs	2.0
958.0929983852844	0.014977000000044427	epochs	3.0
958.1079753852845	0.014925500000003922	epochs	3.0
958.1229008852845	0.029698099999905025	epochs	2.0
958.1229008852845	0.01487439999993967	epochs	3.0
958.1377752852844	0.014823699999965356	epochs	3.0
958.1525989852844	0.02949630000000525	epochs	2.0
958.1525989852844	0.014773200000036013	epochs	3.0
958.1673721852844	0.014723099999969236	epochs	3.0
958.1820952852844	0.02929740000001857	epochs	2.0
958.1820952852844	0.014673399999992398	epochs	3.0
958.1967686852844	0.014624000000026172	epochs	3.0
958.2113926852844	0.029101100000048064	epochs	2.0
958.2113926852844	0.014574900000070556	epochs	3.0
958.2259675852845	0.014526199999977507	epochs	3.0
958.2404937852845	0.028907399999980044	epochs	2.0
958.2404937852845	0.014477699999929428	epochs	3.0
958.2549714852844	0.014429700000050616	epochs	3.0
958.2694011852844	0.028716199999962555	epochs	2.0
958.2694011852844	0.014381800000023759	epochs	3.0
958.2837829852845	0.014334399999938796	epochs	3.0
958.2981173852844	0.028527600000074926	epochs	2.0
958.2981173852844	0.01428720000001249	epochs	3.0
958.3124045852844	0.014240400000062436	epochs	3.0
958.3266449852845	0.028341399999931127	epochs	2.0
958.3266449852845	0.014193799999929979	epochs	3.0
958.3408387852844	0.014147600000001148	epochs	3.0
958.3549863852844	0.028157700000065233	epochs	2.0
958.3549863852844	0.014101699999969242	epochs	3.0
958.3690880852844	0.014056000000095992	epochs	3.0
958.3831440852845	0.027976299999977527	epochs	2.0
958.3831440852845	0.01401060000000598	epochs	3.0
958.3971546852845	0.013965699999971548	epochs	3.0
958.4111203852844	0.02779720000000907	epochs	2.0
958.4111203852844	0.013920799999937117	epochs	3.0
958.4250411852844	0.013876400000071953	epochs	3.0
958.4389175852845	0.027620399999932488	epochs	2.0
958.4389175852845	0.0138321999999107	epochs	3.0
958.4527497852844	0.013788200000021789	epochs	3.0
958.4665379852844	0.02744590000008884	epochs	2.0
958.4665379852844	0.013744599999995444	epochs	3.0
958.4802825852844	0.013701300000093397	epochs	3.0
958.4939838852845	0.027273499999978412	epochs	2.0
958.4939838852845	0.01365819999989526	epochs	3.0
958.5076420852844	0.013615300000083153	epochs	3.0
958.5212573852845	0.027103399999987232	epochs	2.0
958.5212573852845	0.013572800000019924	epochs	3.0
958.5348301852845	0.013530599999967308	epochs	3.0
958.5483607852844	0.02693520000002536	epochs	2.0
958.5483607852844	0.013488400000028378	epochs	3.0
958.5618491852845	0.013446799999996983	epochs	3.0
958.5752959852845	0.026769199999989723	epochs	2.0
958.5752959852845	0.013405199999965589	epochs	3.0
958.5887011852844	0.013364000000024134	epochs	3.0
958.6020651852845	0.026605199999949036	epochs	2.0
958.6020651852845	0.013322899999934634	epochs	3.0
958.6153880852844	0.013282300000014402	epochs	3.0
958.6286703852844	0.026443200000016986	epochs	2.0
958.6286703852844	0.013241699999980483	epochs	3.0
958.6419120852844	0.013201500000036503	epochs	3.0
958.6551135852844	0.0262831999999662	epochs	2.0
958.6551135852844	0.013161500000023807	epochs	3.0
958.6682750852844	0.013121699999942393	epochs	3.0
958.6813967852844	0.02612499999997908	epochs	2.0
958.6813967852844	0.013082100000019636	epochs	3.0
958.6944788852844	0.013042899999959445	epochs	3.0
958.7075217852844	0.025968900000066242	epochs	2.0
958.7075217852844	0.01300390000005791	epochs	3.0
958.7205256852844	0.012965000000008331	epochs	3.0
958.7334906852844	0.025814500000024054	epochs	2.0
958.7334906852844	0.012926399999969362	epochs	3.0
958.7464170852844	0.012888100000054692	epochs	3.0
958.7593051852845	0.025661899999931848	epochs	2.0
958.7593051852845	0.012849899999991976	epochs	3.0
958.7721550852845	0.012811999999939871	epochs	3.0
958.7849670852844	0.025511199999982637	epochs	2.0
958.7849670852844	0.012774400000012065	epochs	3.0
958.7977414852844	0.012736799999970572	epochs	3.0
958.8104782852844	0.025362300000097093	epochs	2.0
958.8104782852844	0.012699700000098346	epochs	3.0
958.8231779852845	0.012662599999998747	epochs	3.0
958.8358405852845	0.025215000000002874	epochs	2.0
958.8358405852845	0.01262579999990976	epochs	3.0
958.8484663852844	0.012589200000093115	epochs	3.0
958.8610555852845	0.024584799999956886	epochs	2.0
958.8833593852844	0.5	epochs	-1.0
958.8856403852844	0.5258400000000165	epochs	1.0
959.4114803852844	0.4740799999999581	epochs	0.0
999.9990000724792	0.11464000000000851	epochs	0.0
999.9990000724792	0.05232169999999314	epochs	1.0
1000.0513217724792	0.009996600000022227	epochs	1.0
1000.0613183724793	0.05232169999999314	epochs	1.0
1000.1136400724793	2.0	epochs	0.0
1002.1136400724793	0.5449599999999464	epochs	0.0
1002.1136400724793	0.5449599999999464	epochs	1.0
1002.1136790724793	0.5	epochs	-1.0
1002.6136790724793	0.044920999999931155	epochs	-1.0
1002.6586000724792	21.45496000000003	epochs	0.0
1003.835000038147	0.11464000000000851	epochs	0.0
1003.835000038147	0.05232169999999314	epochs	1.0
1003.887321738147	0.009996600000022227	epochs	1.0
1003.897318338147	0.05232169999999314	epochs	1.0
1003.949640038147	2.0	epochs	0.0
1005.949640038147	1.5448800000000347	epochs	0.0
1005.949640038147	1.0	epochs	1.0
1005.949679038147	0.5	epochs	-1.0
1006.449679038147	1.0448410000000194	epochs	-1.0
1006.949640038147	0.5448800000000347	epochs	-1.0
1006.949640038147	0.5448800000000347	epochs	1.0
1006.949640038147	0.5448800000000347	epochs	2.0
1006.949640038147	0.5448800000000347	epochs	3.0
1007.494520038147	20.45503999999994	epochs	0.0
1007.8790001869202	0.11464000000000851	epochs	0.0
1007.8790001869202	0.05232169999999314	epochs	1.0
1007.9313218869202	0.009996600000022227	epochs	1.0
1007.9413184869202	0.05232169999999314	epochs	1.0
1007.9936401869202	2.0	epochs	0.0
1009.9936401869202	1.5859199999999873	epochs	0.0
1009.9936401869202	1.0	epochs	1.0
1009.9936791869202	0.5	epochs	-1.0
1010.4936791869202	1.0858809999999721	epochs	-1.0
1010.9936401869202	0.5859199999999873	epochs	-1.0
1010.9936401869202	0.5859199999999873	epochs	1.0
1010.9936401869202	0.5859199999999873	epochs	2.0
1010.9936401869202	0.5859199999999873	epochs	3.0
1011.5795601869202	20.413999999999987	epochs	0.0
1011.9770002365112	0.11464000000000851	epochs	0.0
1011.9770002365112	0.05232169999999314	epochs	1.0
1012.0293219365112	0.009996600000022227	epochs	1.0
1012.0393185365112	0.05232169999999314	epochs	1.0
1012.0916402365112	2.0	epochs	0.0
1014.0916402365112	1.6459200000000465	epochs	0.0
1014.0916402365112	1.0	epochs	1.0
1014.0916792365113	0.5	epochs	-1.0
1014.5916792365113	1.1458810000000312	epochs	-1.0
1015.0916402365112	0.6459200000000465	epochs	-1.0
1015.0916402365112	0.6459200000000465	epochs	1.0
1015.0916402365112	0.6459200000000465	epochs	2.0
1015.0916402365112	0.6459200000000465	epochs	3.0
1015.7375602365113	20.353999999999928	epochs	0.0
1016.1220002174377	0.11464000000000851	epochs	0.0
1016.1220002174377	0.05232169999999314	epochs	1.0
1016.1743219174377	0.009996600000022227	epochs	1.0
1016.1843185174378	0.05232169999999314	epochs	1.0
1016.2366402174378	2.0	epochs	0.0
1018.2366402174378	1.7859200000000328	epochs	0.0
1018.2366402174378	1.0	epochs	1.0
1018.2366792174378	0.5	epochs	-1.0
1018.7366792174378	1.2858810000000176	epochs	-1.0
1019.2366402174378	0.7859200000000328	epochs	-1.0
1019.2366402174378	0.7859200000000328	epochs	1.0
1019.2366402174378	0.7859200000000328	epochs	2.0
1019.2366402174378	0.7859200000000328	epochs	3.0
1020.0225602174378	20.213999999999942	epochs	0.0
1020.4220004081726	0.11464000000000851	epochs	0.0
1020.4220004081726	0.05232169999999314	epochs	1.0
1020.4743221081726	0.009996600000022227	epochs	1.0
1020.4843187081726	0.05232169999999314	epochs	1.0
1020.5366404081726	2.0	epochs	0.0
1022.5366404081726	21.504879999999957	epochs	0.0
1022.5366404081726	1.0	epochs	1.0
1022.5366794081726	0.5	epochs	-1.0
1023.0366794081726	19.99831999999992	epochs	-1.0
1023.5366404081726	20.0	epochs	1.0
1023.5366404081726	4.356753900000058	epochs	-1.0
1023.5366404081726	1.9745872000000873	epochs	2.0
1023.5366404081726	1.0985622000000603	epochs	3.0
1024.6352026081727	0.8760250000000269	epochs	3.0
1025.5112276081727	1.3524074999997993	epochs	2.0
1025.5112276081727	0.7286354999998821	epochs	3.0
1026.2398631081726	0.6237719999999172	epochs	3.0
1026.8636351081725	1.0297592000001714	epochs	2.0
1026.8636351081725	0.5453293000000485	epochs	3.0
1027.4089644081726	0.48442990000012287	epochs	3.0
1027.8933943081727	0.8317861999998968	epochs	2.0
1027.8933943081727	0.4357763000000432	epochs	3.0
1028.3291706081727	0.3960098999998536	epochs	3.0
1028.7251805081726	0.6977970000000369	epochs	2.0
1028.7251805081726	0.3628982000000178	epochs	3.0
1029.0880787081726	0.33489880000001904	epochs	3.0
1029.4229775081726	0.601045699999986	epochs	2.0
1029.4229775081726	0.3109122999999272	epochs	3.0
1029.7338898081725	0.2901334000000588	epochs	3.0
1030.0240232081726	0.5278859000000011	epochs	2.0
1030.0240232081726	0.2719586000000618	epochs	3.0
1030.2959818081727	0.25592729999993935	epochs	3.0
1030.5519091081726	0.470619299999953	epochs	2.0
1030.5519091081726	0.241681299999982	epochs	3.0
1030.7935904081726	0.228937999999971	epochs	3.0
1031.0225284081725	0.42457039999999324	epochs	2.0
1031.0225284081725	0.21747140000002219	epochs	3.0
1031.2399998081726	0.20709899999997106	epochs	3.0
1031.4470988081725	0.3867354000001342	epochs	2.0
1031.4470988081725	0.19767109999997956	epochs	3.0
1031.6447699081725	0.18906430000015462	epochs	3.0
1031.8338342081727	0.35509529999990264	epochs	2.0
1031.8338342081727	0.18117589999997108	epochs	3.0
1032.0150101081726	0.17391939999993156	epochs	3.0
1032.1889295081726	0.3282431000000088	epochs	2.0
1032.1889295081726	0.16722189999995862	epochs	3.0
1032.3561514081725	0.16102120000005016	epochs	3.0
1032.5171726081726	0.30516800000009425	epochs	2.0
1032.5171726081726	0.15526389999990897	epochs	3.0
1032.6724365081725	0.14990410000018528	epochs	3.0
1032.8223406081727	0.28512529999989056	epochs	2.0
1032.8223406081727	0.14490209999985382	epochs	3.0
1032.9672427081725	0.14022320000003674	epochs	3.0
1033.1074659081726	0.267553800000087	epochs	2.0
1033.1074659081726	0.1358368999999584	epochs	3.0
1033.2433028081725	0.1317169000001286	epochs	3.0
1033.3750197081727	0.252022899999929	epochs	2.0
1033.3750197081727	0.1278393000000051	epochs	3.0
1033.5028590081727	0.1241835999999239	epochs	3.0
1033.6270426081726	0.23819649999995818	epochs	2.0
1033.6270426081726	0.12073110000005727	epochs	3.0
1033.7477737081726	0.11746539999990091	epochs	3.0
1033.8652391081725	0.2258088000000953	epochs	2.0
1033.8652391081725	0.11437190000015107	epochs	3.0
1033.9796110081727	0.11143689999994422	epochs	3.0
1034.0910479081726	0.21464599999990241	epochs	2.0
1034.0910479081726	0.10864889999993466	epochs	3.0
1034.1996968081726	0.10599709999996776	epochs	3.0
1034.3056939081725	0.20453500000007807	epochs	2.0
1034.3056939081725	0.10347150000006877	epochs	3.0
1034.4091654081726	0.1010635000000093	epochs	3.0
1034.5102289081726	0.19533400000000256	epochs	2.0
1034.5102289081726	0.09876510000003691	epochs	3.0
1034.6089940081727	0.09656889999996565	epochs	3.0
1034.7055629081726	0.18692529999998442	epochs	2.0
1034.7055629081726	0.09446830000001682	epochs	3.0
1034.8000312081726	0.09245699999996759	epochs	3.0
1034.8924882081726	0.17921069999988504	epochs	2.0
1034.8924882081726	0.0905296000000817	epochs	3.0
1034.9830178081727	0.08868109999980334	epochs	3.0
1035.0716989081725	0.17210770000019693	epochs	2.0
1035.0716989081725	0.08690630000000965	epochs	3.0
1035.1586052081725	0.08520140000018728	epochs	3.0
1035.2438066081727	0.1655463999998119	epochs	2.0
1035.2438066081727	0.08356189999994967	epochs	3.0
1035.3273685081726	0.08198449999986224	epochs	3.0
1035.4093530081725	0.15946710000002895	epochs	2.0
1035.4093530081725	0.08046540000009372	epochs	3.0
1035.4898184081726	0.07900169999993523	epochs	3.0
1035.5688201081725	0.15381840000009106	epochs	2.0
1035.5688201081725	0.07759010000017952	epochs	3.0
1035.6464102081727	0.07622829999991154	epochs	3.0
1035.7226385081726	0.14855639999996129	epochs	2.0
1035.7226385081726	0.07491329999993468	epochs	3.0
1035.7975518081726	0.0736431000000266	epochs	3.0
1035.8711949081726	0.14364240000008976	epochs	2.0
1035.8711949081726	0.07241500000009182	epochs	3.0
1035.9436099081727	0.07122739999999794	epochs	3.0
1036.0148373081727	0.13904309999998077	epochs	2.0
1036.0148373081727	0.07007799999996678	epochs	3.0
1036.0849153081726	0.06896510000001399	epochs	3.0
1036.1538804081727	0.13472929999988992	epochs	2.0
1036.1538804081727	0.0678871000000072	epochs	3.0
1036.2217675081727	0.06684219999988272	epochs	3.0
1036.2886097081725	0.1306752000000415	epochs	2.0
1036.2886097081725	0.06582909999997355	epochs	3.0
1036.3544388081725	0.06484610000006796	epochs	3.0
1036.4192849081726	0.1268577999999252	epochs	2.0
1036.4192849081726	0.06389200000012352	epochs	3.0
1036.4831769081727	0.06296579999980167	epochs	3.0
1036.5461427081725	0.12325720000012552	epochs	2.0
1036.5461427081725	0.06206580000002759	epochs	3.0
1036.6082085081725	0.06119140000009793	epochs	3.0
1036.6693999081726	0.11985540000000583	epochs	2.0
1036.6693999081726	0.060341099999959624	epochs	3.0
1036.7297410081726	0.059514300000046205	epochs	3.0
1036.7892553081726	0.1166361999999026	epochs	2.0
1036.7892553081726	0.058709599999929196	epochs	3.0
1036.8479649081726	0.057926599999973405	epochs	3.0
1036.9058915081725	0.11358560000007856	epochs	2.0
1036.9058915081725	0.05716419999998834	epochs	3.0
1036.9630557081725	0.056421400000090216	epochs	3.0
1037.0194771081726	0.11069049999991876	epochs	2.0
1037.0194771081726	0.055697900000041045	epochs	3.0
1037.0751750081727	0.05499259999987771	epochs	3.0
1037.1301676081725	0.1079391000000669	epochs	2.0
1037.1301676081725	0.05430490000003374	epochs	3.0
1037.1844725081726	0.05363420000003316	epochs	3.0
1037.2381067081726	0.10532149999994544	epochs	2.0
1037.2381067081726	0.05297999999993408	epochs	3.0
1037.2910867081725	0.052341500000011365	epochs	3.0
1037.3434282081726	0.10282759999995505	epochs	2.0
1037.3434282081726	0.05171810000001642	epochs	3.0
1037.3951463081726	0.051109499999938635	epochs	3.0
1037.4462558081725	0.10044910000010532	epochs	2.0
1037.4462558081725	0.050514900000052876	epochs	3.0
1037.4967707081726	0.04993420000005244	epochs	3.0
1037.5467049081726	0.0981782999999723	epochs	2.0
1037.5467049081726	0.04936659999998483	epochs	3.0
1037.5960715081726	0.04881169999998747	epochs	3.0
1037.6448832081726	0.09600780000005216	epochs	2.0
1037.6448832081726	0.04826920000004975	epochs	3.0
1037.6931524081726	0.04773860000000241	epochs	3.0
1037.7408910081726	0.09393120000004274	epochs	2.0
1037.7408910081726	0.04721949999998287	epochs	3.0
1037.7881105081726	0.046711700000059864	epochs	3.0
1037.8348222081727	0.09194260000003851	epochs	2.0
1037.8348222081727	0.046214599999984785	epochs	3.0
1037.8810368081727	0.045728000000053726	epochs	3.0
1037.9267648081727	0.09003629999983787	epochs	2.0
1037.9267648081727	0.045251499999949374	epochs	3.0
1037.9720163081727	0.04478479999988849	epochs	3.0
1038.0168011081726	0.08820760000003247	epochs	2.0
1038.0168011081726	0.044327800000019124	epochs	3.0
1038.0611289081726	0.04387980000001335	epochs	3.0
1038.1050087081726	0.0864516999999978	epochs	2.0
1038.1050087081726	0.04344100000002982	epochs	3.0
1038.1484497081726	0.04301069999996798	epochs	3.0
1038.1914604081726	0.08476429999996071	epochs	2.0
1038.1914604081726	0.04258899999990717	epochs	3.0
1038.2340494081725	0.04217530000005354	epochs	3.0
1038.2762247081725	0.08314150000001064	epochs	2.0
1038.2762247081725	0.04176970000003166	epochs	3.0
1038.3179944081726	0.041371799999978975	epochs	3.0
1038.3593662081726	0.08157970000002024	epochs	2.0
1038.3593662081726	0.040981399999964196	epochs	3.0
1038.4003476081725	0.04059830000005604	epochs	3.0
1038.4409459081726	0.08007550000002084	epochs	2.0
1038.4409459081726	0.040222300000095856	epochs	3.0
1038.4811682081727	0.03985319999992498	epochs	3.0
1038.5210214081726	0.07862569999997504	epochs	2.0
1038.5210214081726	0.039490800000066884	epochs	3.0
1038.5605122081727	0.03913489999990816	epochs	3.0
1038.5996471081726	0.07722760000001472	epochs	2.0
1038.5996471081726	0.038785400000051595	epochs	3.0
1038.6384325081726	0.03844219999996312	epochs	3.0
1038.6768747081726	0.07587820000003376	epochs	2.0
1038.6768747081726	0.03810479999992822	epochs	3.0
1038.7149795081725	0.03777340000010554	epochs	3.0
1038.7527529081726	0.0745752000000266	epochs	2.0
1038.7527529081726	0.03744770000002973	epochs	3.0
1038.7902006081727	0.03712749999999687	epochs	3.0
1038.8273281081727	0.07331629999998768	epochs	2.0
1038.8273281081727	0.03681289999985893	epochs	3.0
1038.8641410081725	0.03650340000012875	epochs	3.0
1038.9006444081726	0.07209899999998015	epochs	2.0
1038.9006444081726	0.03619909999997617	epochs	3.0
1038.9368435081726	0.03589990000000398	epochs	3.0
1038.9727434081726	0.07092170000009901	epochs	2.0
1038.9727434081726	0.03560560000005353	epochs	3.0
1039.0083490081727	0.03531610000004548	epochs	3.0
1039.0436651081727	0.06978199999980461	epochs	2.0
1039.0436651081727	0.03503119999982118	epochs	3.0
1039.0786963081725	0.03475079999998343	epochs	3.0
1039.1134471081725	0.06867860000011206	epochs	2.0
1039.1134471081725	0.03447510000000875	epochs	3.0
1039.1479222081725	0.034203500000103304	epochs	3.0
1039.1821257081726	0.06760929999995824	epochs	2.0
1039.1821257081726	0.033936199999970995	epochs	3.0
1039.2160619081726	0.033673099999987244	epochs	3.0
1039.2497350081726	0.06657289999998284	epochs	2.0
1039.2497350081726	0.03341399999999339	epochs	3.0
1039.2831490081726	0.033158899999989444	epochs	3.0
1039.3163079081726	0.06556780000005347	epochs	2.0
1039.3163079081726	0.03290770000012344	epochs	3.0
1039.3492156081727	0.032660099999930026	epochs	3.0
1039.3818757081726	0.06459259999996902	epochs	2.0
1039.3818757081726	0.03241639999987456	epochs	3.0
1039.4142921081725	0.03217620000009447	epochs	3.0
1039.4464683081726	0.06364600000006249	epochs	2.0
1039.4464683081726	0.03193959999998697	epochs	3.0
1039.4784079081726	0.03170640000007552	epochs	3.0
1039.5101143081727	0.0627266999999847	epochs	2.0
1039.5101143081727	0.031476599999905375	epochs	3.0
1039.5415909081726	0.03125010000007933	epochs	3.0
1039.5728410081726	0.06183359999999993	epochs	2.0
1039.5728410081726	0.03102689999991526	epochs	3.0
1039.6038679081726	0.030806700000084675	epochs	3.0
1039.6346746081726	0.060965599999917686	epochs	2.0
1039.6346746081726	0.030589799999916067	epochs	3.0
1039.6652644081726	0.030375800000001618	epochs	3.0
1039.6956402081726	0.06012160000000222	epochs	2.0
1039.6956402081726	0.030164900000045236	epochs	3.0
1039.7258051081726	0.02995669999995698	epochs	3.0
1039.7557618081726	0.05930069999999432	epochs	2.0
1039.7557618081726	0.029751600000054168	epochs	3.0
1039.7855134081726	0.029549099999940154	epochs	3.0
1039.8150625081726	0.058501800000158255	epochs	2.0
1039.8150625081726	0.02934940000000097	epochs	3.0
1039.8444119081726	0.029152400000157286	epochs	3.0
1039.8735643081727	0.05772419999993872	epochs	2.0
1039.8735643081727	0.028957999999875028	epochs	3.0
1039.9025223081726	0.02876620000006369	epochs	3.0
1039.9312885081727	0.056967099999837956	epochs	2.0
1039.9312885081727	0.028577000000041153	epochs	3.0
1039.9598655081727	0.028390099999796803	epochs	3.0
1039.9882556081725	0.05622950000019955	epochs	2.0
1039.9882556081725	0.02820570000017142	epochs	3.0
1040.0164613081727	0.028023800000028132	epochs	3.0
1040.0444851081727	0.05551070000001346	epochs	2.0
1040.0444851081727	0.027843999999959124	epochs	3.0
1040.0723291081727	0.027666700000054334	epochs	3.0
1040.0999958081727	0.05481019999979253	epochs	2.0
1040.0999958081727	0.02749149999999645	epochs	3.0
1040.1274873081727	0.02731869999979608	epochs	3.0
1040.1548060081725	0.05412700000010773	epochs	2.0
1040.1548060081725	0.027147800000193456	epochs	3.0
1040.1819538081727	0.026979199999914272	epochs	3.0
1040.2089330081726	0.053460699999959616	epochs	2.0
1040.2089330081726	0.026812600000084785	epochs	3.0
1040.2357456081727	0.02664809999987483	epochs	3.0
1040.2623937081726	0.05281070000000909	epochs	2.0
1040.2623937081726	0.026485600000114573	epochs	3.0
1040.2888793081727	0.02632509999989452	epochs	3.0
1040.3152044081726	0.05217620000007628	epochs	2.0
1040.3152044081726	0.026166399999965506	epochs	3.0
1040.3413708081725	0.026009800000110772	epochs	3.0
1040.3673806081727	0.051556699999991906	epochs	2.0
1040.3673806081727	0.025854799999933675	epochs	3.0
1040.3932354081726	0.02570190000005823	epochs	3.0
1040.4189373081726	0.05095189999997274	epochs	2.0
1040.4189373081726	0.025550699999939752	epochs	3.0
1040.4444880081726	0.025401200000032986	epochs	3.0
1040.4698892081726	0.05036100000006627	epochs	2.0
1040.4698892081726	0.025253499999962514	epochs	3.0
1040.4951427081726	0.025107500000103755	epochs	3.0
1040.5202502081727	0.04978379999988647	epochs	2.0
1040.5202502081727	0.02496320000000196	epochs	3.0
1040.5452134081727	0.024820599999884507	epochs	3.0
1040.5700340081726	0.04921949999993558	epochs	2.0
1040.5700340081726	0.024679399999968155	epochs	3.0
1040.5947134081725	0.024540099999967424	epochs	3.0
1040.6192535081725	0.04866790000005494	epochs	2.0
1040.6192535081725	0.024402100000088467	epochs	3.0
1040.6436556081726	0.024265799999966475	epochs	3.0
1040.6679214081726	0.04812860000015462	epochs	2.0
1040.6679214081726	0.024131000000124914	epochs	3.0
1040.6920524081727	0.023997600000029706	epochs	3.0
1040.7160500081727	0.04760109999983797	epochs	2.0
1040.7160500081727	0.02386579999983951	epochs	3.0
1040.7399158081726	0.02373529999999846	epochs	3.0
1040.7636511081726	0.04708500000015192	epochs	2.0
1040.7636511081726	0.023606299999983094	epochs	3.0
1040.7872574081725	0.02347870000016883	epochs	3.0
1040.8107361081727	0.046579999999948996	epochs	2.0
1040.8107361081727	0.023352499999873544	epochs	3.0
1040.8340886081726	0.02322750000007545	epochs	3.0
1040.8573161081727	0.046085700000048746	epochs	2.0
1040.8573161081727	0.02310399999987567	epochs	3.0
1040.8804201081725	0.022981700000173078	epochs	3.0
1040.9034018081727	0.045601799999985815	epochs	2.0
1040.9034018081727	0.02286069999991014	epochs	3.0
1040.9262625081726	0.022741100000075676	epochs	3.0
1040.9490036081727	0.045127899999897636	epochs	2.0
1040.9490036081727	0.022622499999897627	epochs	3.0
1040.9716261081726	0.02250540000000001	epochs	3.0
1040.9941315081726	0.0446638000000803	epochs	2.0
1040.9941315081726	0.02238929999998618	epochs	3.0
1041.0165208081726	0.022274500000094122	epochs	3.0
1041.0387953081727	0.044209199999841076	epochs	2.0
1041.0387953081727	0.022160799999937808	epochs	3.0
1041.0609561081726	0.022048399999903268	epochs	3.0
1041.0830045081725	0.04376360000014756	epochs	2.0
1041.0830045081725	0.021936900000127935	epochs	3.0
1041.1049414081726	0.021826700000019628	epochs	3.0
1041.1267681081727	0.04332709999994222	epochs	2.0
1041.1267681081727	0.021717599999874437	epochs	3.0
1041.1484857081725	0.021609500000067783	epochs	3.0
1041.1700952081726	0.04289900000003399	epochs	2.0
1041.1700952081726	0.02150249999999687	epochs	3.0
1041.1915977081726	0.021396500000037122	epochs	3.0
1041.2129942081726	0.04247949999989942	epochs	2.0
1041.2129942081726	0.021291699999892444	epochs	3.0
1041.2342859081725	0.021187800000006973	epochs	3.0
1041.2554737081725	0.04206790000012006	epochs	2.0
1041.2554737081725	0.02108490000000529	epochs	3.0
1041.2765586081725	0.02098300000011477	epochs	3.0
1041.2975416081727	0.04166439999994509	epochs	2.0
1041.2975416081727	0.020882199999959994	epochs	3.0
1041.3184238081726	0.020782199999985096	epochs	3.0
1041.3392060081726	0.04126850000011473	epochs	2.0
1041.3392060081726	0.020683299999973315	epochs	3.0
1041.3598893081726	0.020585200000141413	epochs	3.0
1041.3804745081727	0.0408799999997882	epochs	2.0
1041.3804745081727	0.020488099999965925	epochs	3.0
1041.4009626081727	0.02039189999982227	epochs	3.0
1041.4213545081725	0.04049880000002304	epochs	2.0
1041.4213545081725	0.0202966000001652	epochs	3.0
1041.4416511081727	0.02020219999985784	epochs	3.0
1041.4618533081725	0.04012460000012652	epochs	2.0
1041.4618533081725	0.02010870000003706	epochs	3.0
1041.4819620081726	0.02001590000008946	epochs	3.0
1041.5019779081726	0.03975730000001931	epochs	2.0
1041.5019779081726	0.0199241999998776	epochs	3.0
1041.5219021081725	0.019833100000141712	epochs	3.0
1041.5417352081727	0.03939669999999751	epochs	2.0
1041.5417352081727	0.019742999999834865	epochs	3.0
1041.5614782081725	0.019653700000162644	epochs	3.0
1041.5811319081727	0.03904239999997117	epochs	2.0
1041.5811319081727	0.019565099999908853	epochs	3.0
1041.6006970081726	0.019477300000062314	epochs	3.0
1041.6201743081726	0.03869459999987157	epochs	2.0
1041.6201743081726	0.019390400000020236	epochs	3.0
1041.6395647081727	0.019304199999851335	epochs	3.0
1041.6588689081725	0.03835290000006353	epochs	2.0
1041.6588689081725	0.019218800000089686	epochs	3.0
1041.6780877081726	0.01913409999997384	epochs	3.0
1041.6972218081726	0.03801720000001296	epochs	2.0
1041.6972218081726	0.019050200000037876	epochs	3.0
1041.7162720081726	0.018966999999975087	epochs	3.0
1041.7352390081726	0.03768719999993664	epochs	2.0
1041.7352390081726	0.01888450000001285	epochs	3.0
1041.7541235081726	0.01880269999992379	epochs	3.0
1041.7729262081725	0.03736309999999321	epochs	2.0
1041.7729262081725	0.018721700000014607	epochs	3.0
1041.7916479081725	0.018641399999978603	epochs	3.0
1041.8102893081725	0.037044300000161456	epochs	2.0
1041.8102893081725	0.018561600000111866	epochs	3.0
1041.8288509081726	0.01848270000004959	epochs	3.0
1041.8473336081727	0.03673099999991791	epochs	2.0
1041.8473336081727	0.018404299999929208	epochs	3.0
1041.8657379081726	0.018326699999988705	epochs	3.0
1041.8840646081726	0.03642289999993409	epochs	2.0
1041.8840646081726	0.018249599999990096	epochs	3.0
1041.9023142081726	0.018173299999943993	epochs	3.0
1041.9204875081725	0.03612010000006194	epochs	2.0
1041.9204875081725	0.018097600000146485	epochs	3.0
1041.9385851081727	0.018022499999915453	epochs	3.0
1041.9566076081726	0.03582209999990482	epochs	2.0
1041.9566076081726	0.017947900000081063	epochs	3.0
1041.9745555081727	0.01787419999982376	epochs	3.0
1041.9924297081725	0.03552900000022419	epochs	2.0
1041.9924297081725	0.017800800000031813	epochs	3.0
1042.0102305081725	0.017728200000192373	epochs	3.0
1042.0279587081727	0.03524069999980384	epochs	2.0
1042.0279587081727	0.01765609999984008	epochs	3.0
1042.0456148081726	0.017584599999963757	epochs	3.0
1042.0631994081725	0.03495710000015606	epochs	2.0
1042.0631994081725	0.017513700000108656	epochs	3.0
1042.0807131081726	0.017443400000047404	epochs	3.0
1042.0981565081727	0.034677899999906	epochs	2.0
1042.0981565081727	0.017373599999928047	epochs	3.0
1042.1155301081726	0.017304299999977957	epochs	3.0
1042.1328344081726	0.03440330000012182	epochs	2.0
1042.1328344081726	0.017235700000128418	epochs	3.0
1042.1500701081727	0.0171675999999934	epochs	3.0
1042.1672377081727	0.03413279999995211	epochs	2.0
1042.1672377081727	0.01709989999994832	epochs	3.0
1042.1843376081727	0.017032900000003792	epochs	3.0
1042.2013705081727	0.03386669999986225	epochs	2.0
1042.2013705081727	0.01696640000000116	epochs	3.0
1042.2183369081727	0.01690029999986109	epochs	3.0
1042.2352372081725	0.03360459999998966	epochs	2.0
1042.2352372081725	0.016834800000196992	epochs	3.0
1042.2520720081727	0.016769799999792667	epochs	3.0
1042.2688418081725	0.0333466000001863	epochs	2.0
1042.2688418081725	0.016705300000012357	epochs	3.0
1042.2855471081725	0.016641300000173942	epochs	3.0
1042.3021884081727	0.033092499999838765	epochs	2.0
1042.3021884081727	0.016577799999822673	epochs	3.0
1042.3187662081725	0.01651470000001609	epochs	3.0
1042.3352809081725	0.032842300000083924	epochs	2.0
1042.3352809081725	0.01645220000000336	epochs	3.0
1042.3517331081725	0.016390100000080565	epochs	3.0
1042.3681232081726	0.03259570000000167	epochs	2.0
1042.3681232081726	0.016328400000020338	epochs	3.0
1042.3844516081726	0.016267299999981333	epochs	3.0
1042.4007189081726	0.032352899999978035	epochs	2.0
1042.4007189081726	0.016206600000032267	epochs	3.0
1042.4169255081727	0.016146299999945768	epochs	3.0
1042.4330718081726	0.032113700000081735	epochs	2.0
1042.4330718081726	0.016086600000107865	epochs	3.0
1042.4491584081727	0.01602709999997387	epochs	3.0
1042.4651855081727	0.03187800000000607	epochs	2.0
1042.4651855081727	0.0159681999998611	epochs	3.0
1042.4811537081725	0.01590980000014497	epochs	3.0
1042.4970635081727	0.03164569999989908	epochs	2.0
1042.4970635081727	0.015851599999905375	epochs	3.0
1042.5129151081726	0.015794099999993705	epochs	3.0
1042.5287092081726	0.03141670000013619	epochs	2.0
1042.5287092081726	0.01573669999993399	epochs	3.0
1042.5444459081725	0.0156800000002022	epochs	3.0
1042.5601259081727	0.03119109999988723	epochs	2.0
1042.5601259081727	0.015623599999798898	epochs	3.0
1042.5757495081725	0.01556750000008833	epochs	3.0
1042.5913170081726	0.030968699999903038	epochs	2.0
1042.5913170081726	0.015511999999944237	epochs	3.0
1042.6068290081726	0.0154566999999588	epochs	3.0
1042.6222857081725	0.030749500000183616	epochs	2.0
1042.6222857081725	0.015401999999994587	epochs	3.0
1042.6376877081725	0.01534750000018903	epochs	3.0
1042.6530352081727	0.030533199999808858	epochs	2.0
1042.6530352081727	0.015293400000018664	epochs	3.0
1042.6683286081727	0.015239799999790193	epochs	3.0
1042.6835684081725	0.030320100000153616	epochs	2.0
1042.6835684081725	0.015186500000027081	epochs	3.0
1042.6987549081725	0.015133600000126535	epochs	3.0
1042.7138885081727	0.030109899999843037	epochs	2.0
1042.7138885081727	0.015081000000009226	epochs	3.0
1042.7289695081727	0.015028899999833811	epochs	3.0
1042.7439984081725	0.029902500000162036	epochs	2.0
1042.7439984081725	0.014977000000044427	epochs	3.0
1042.7589754081725	0.014925500000117609	epochs	3.0
1042.7739009081727	0.029698099999905025	epochs	2.0
1042.7739009081727	0.014874400000053356	epochs	3.0
1042.7887753081727	0.01482369999985167	epochs	3.0
1042.8035990081726	0.029496300000118936	epochs	2.0
1042.8035990081726	0.014773200000036013	epochs	3.0
1042.8183722081726	0.014723100000082923	epochs	3.0
1042.8330953081727	0.029297399999904883	epochs	2.0
1042.8330953081727	0.014673399999992398	epochs	3.0
1042.8477687081727	0.014623999999912485	epochs	3.0
1042.8623927081726	0.029101099999934377	epochs	2.0
1042.8623927081726	0.014574900000070556	epochs	3.0
1042.8769676081727	0.01452619999986382	epochs	3.0
1042.8914938081725	0.028907399999980044	epochs	2.0
1042.8914938081725	0.014477700000043114	epochs	3.0
1042.9059715081726	0.014429699999936929	epochs	3.0
1042.9204012081725	0.02871620000018993	epochs	2.0
1042.9204012081725	0.014381800000137446	epochs	3.0
1042.9347830081726	0.014334400000052483	epochs	3.0
1042.9491174081727	0.02852759999996124	epochs	2.0
1042.9491174081727	0.014287199999898803	epochs	3.0
1042.9634046081726	0.014240400000062436	epochs	3.0
1042.9776450081727	0.028341400000044814	epochs	2.0
1042.9776450081727	0.014193799999929979	epochs	3.0
1042.9918388081726	0.014147600000114835	epochs	3.0
1043.0059864081727	0.02815769999983786	epochs	2.0
1043.0059864081727	0.014101699999855555	epochs	3.0
1043.0200881081726	0.014055999999982305	epochs	3.0
1043.0341441081725	0.027976300000091214	epochs	2.0
1043.0341441081725	0.014010600000119666	epochs	3.0
1043.0481547081727	0.013965699999971548	epochs	3.0
1043.0621204081726	0.027797199999895383	epochs	2.0
1043.0621204081726	0.013920800000050804	epochs	3.0
1043.0760412081727	0.01387639999984458	epochs	3.0
1043.0899176081725	0.02762040000015986	epochs	2.0
1043.0899176081725	0.013832200000024386	epochs	3.0
1043.1037498081726	0.013788200000135475	epochs	3.0
1043.1175380081727	0.027445899999975154	epochs	2.0
1043.1175380081727	0.013744599999881757	epochs	3.0
1043.1312826081726	0.013701300000093397	epochs	3.0
1043.1449839081727	0.027273499999864725	epochs	2.0
1043.1449839081727	0.013658200000008947	epochs	3.0
1043.1586421081727	0.013615299999855779	epochs	3.0
1043.1722574081725	0.027103399999987232	epochs	2.0
1043.1722574081725	0.013572800000019924	epochs	3.0
1043.1858302081725	0.013530599999967308	epochs	3.0
1043.1993608081725	0.02693520000002536	epochs	2.0
1043.1993608081725	0.013488400000142065	epochs	3.0
1043.2128492081727	0.013446799999883297	epochs	3.0
1043.2262960081725	0.026769199999989723	epochs	2.0
1043.2262960081725	0.013405200000079276	epochs	3.0
1043.2397012081726	0.013363999999910448	epochs	3.0
1043.2530652081725	0.02660520000017641	epochs	2.0
1043.2530652081725	0.013322900000048321	epochs	3.0
1043.2663881081726	0.013282300000128089	epochs	3.0
1043.2796704081727	0.0264431999999033	epochs	2.0
1043.2796704081727	0.013241699999980483	epochs	3.0
1043.2929121081727	0.013201499999922817	epochs	3.0
1043.3061136081726	0.026283200000079887	epochs	2.0
1043.3061136081726	0.013161500000023807	epochs	3.0
1043.3192751081726	0.01312170000005608	epochs	3.0
1043.3323968081727	0.026124999999865395	epochs	2.0
1043.3323968081727	0.013082100000019636	epochs	3.0
1043.3454789081727	0.013042899999845758	epochs	3.0
1043.3585218081726	0.025968899999952555	epochs	2.0
1043.3585218081726	0.01300390000005791	epochs	3.0
1043.3715257081726	0.012964999999894644	epochs	3.0
1043.3844907081725	0.025814500000024054	epochs	2.0
1043.3844907081725	0.012926400000196736	epochs	3.0
1043.3974171081727	0.012888099999827318	epochs	3.0
1043.4103052081725	0.02566190000015922	epochs	2.0
1043.4103052081725	0.012849899999991976	epochs	3.0
1043.4231551081725	0.012812000000167245	epochs	3.0
1043.4359671081727	0.025511199999982637	epochs	2.0
1043.4359671081727	0.012774399999898378	epochs	3.0
1043.4487415081726	0.012736800000084258	epochs	3.0
1043.4614783081727	0.02536229999986972	epochs	2.0
1043.4614783081727	0.01269969999998466	epochs	3.0
1043.4741780081727	0.01266259999988506	epochs	3.0
1043.4868406081725	0.02521500000011656	epochs	2.0
1043.4868406081725	0.012625800000023446	epochs	3.0
1043.4994664081726	0.012589200000093115	epochs	3.0
1043.5120556081727	0.024584799999956886	epochs	2.0
1043.5349994081726	0.5	epochs	-1.0
1043.5366404081726	0.5048799999999574	epochs	1.0
1044.0415204081726	0.49504000000001724	epochs	0.0
1044.4370002746582	0.11464000000000851	epochs	0.0
1044.4370002746582	0.05232169999999314	epochs	1.0
1044.4893219746582	0.009996600000022227	epochs	1.0
1044.4993185746582	0.05232169999999314	epochs	1.0
1044.5516402746582	2.0	epochs	0.0
1046.5516402746582	1.844959999999901	epochs	0.0
1046.5516402746582	1.0	epochs	1.0
1046.5516792746582	0.5	epochs	-1.0
1047.0516792746582	1.3449209999998857	epochs	-1.0
1047.5516402746582	0.8449599999999009	epochs	-1.0
1047.5516402746582	0.8449599999999009	epochs	1.0
1047.5516402746582	0.8449599999999009	epochs	2.0
1047.5516402746582	0.8449599999999009	epochs	3.0
1048.396600274658	20.154960000000074	epochs	0.0
1048.7930002212524	0.11464000000000851	epochs	0.0
1048.7930002212524	0.05232169999999314	epochs	1.0
1048.8453219212524	0.009996600000022227	epochs	1.0
1048.8553185212525	0.05232169999999314	epochs	1.0
1048.9076402212524	2.0	epochs	0.0
1050.9076402212524	1.7449599999999919	epochs	0.0
1050.9076402212524	1.0	epochs	1.0
1050.9076792212525	0.5	epochs	-1.0
1051.4076792212525	1.2449209999999766	epochs	-1.0
1051.9076402212524	0.7449599999999919	epochs	-1.0
1051.9076402212524	0.7449599999999919	epochs	1.0
1051.9076402212524	0.7449599999999919	epochs	2.0
1051.9076402212524	0.7449599999999919	epochs	3.0
1052.6526002212524	20.254959999999983	epochs	0.0
1053.0510001182556	0.11464000000000851	epochs	0.0
1053.0510001182556	0.05232169999999314	epochs	1.0
1053.1033218182556	0.009996600000022227	epochs	1.0
1053.1133184182556	0.05232169999999314	epochs	1.0
1053.1656401182556	2.0	epochs	0.0
1055.1656401182556	0.544879999999921	epochs	0.0
1055.1656401182556	0.544879999999921	epochs	1.0
1055.1656791182556	0.5	epochs	-1.0
1055.6656791182556	0.04484099999990576	epochs	-1.0
1055.7105201182555	21.455040000000054	epochs	0.0
1056.9079999923706	0.11464000000000851	epochs	0.0
1056.9079999923706	0.05232169999999314	epochs	1.0
1056.9603216923706	0.009996600000022227	epochs	1.0
1056.9703182923706	0.05232169999999314	epochs	1.0
1057.0226399923706	2.0	epochs	0.0
1059.0226399923706	21.525840000000017	epochs	0.0
1059.0226399923706	1.0	epochs	1.0
1059.0226789923706	0.5	epochs	-1.0
1059.5226789923706	19.998080000000073	epochs	-1.0
1060.0226399923706	20.0	epochs	1.0
1060.0226399923706	4.356753900000058	epochs	-1.0
1060.0226399923706	1.9745872000000873	epochs	2.0
1060.0226399923706	1.0985622000000603	epochs	3.0
1061.1212021923707	0.8760250000000269	epochs	3.0
1061.9972271923707	1.3524074999997993	epochs	2.0
1061.9972271923707	0.7286354999998821	epochs	3.0
1062.7258626923706	0.6237719999999172	epochs	3.0
1063.3496346923705	1.0297592000001714	epochs	2.0
1063.3496346923705	0.5453293000000485	epochs	3.0
1063.8949639923705	0.48442990000012287	epochs	3.0
1064.3793938923707	0.8317861999998968	epochs	2.0
1064.3793938923707	0.4357763000000432	epochs	3.0
1064.8151701923707	0.3960098999998536	epochs	3.0
1065.2111800923706	0.6977970000000369	epochs	2.0
1065.2111800923706	0.3628982000000178	epochs	3.0
1065.5740782923706	0.33489880000001904	epochs	3.0
1065.9089770923706	0.601045699999986	epochs	2.0
1065.9089770923706	0.3109122999999272	epochs	3.0
1066.2198893923705	0.2901334000000588	epochs	3.0
1066.5100227923706	0.5278859000000011	epochs	2.0
1066.5100227923706	0.2719586000000618	epochs	3.0
1066.7819813923707	0.25592729999993935	epochs	3.0
1067.0379086923706	0.470619299999953	epochs	2.0
1067.0379086923706	0.241681299999982	epochs	3.0
1067.2795899923706	0.228937999999971	epochs	3.0
1067.5085279923705	0.42457039999999324	epochs	2.0
1067.5085279923705	0.21747140000002219	epochs	3.0
1067.7259993923706	0.20709899999997106	epochs	3.0
1067.9330983923705	0.3867354000001342	epochs	2.0
1067.9330983923705	0.19767109999997956	epochs	3.0
1068.1307694923705	0.18906430000015462	epochs	3.0
1068.3198337923707	0.35509529999990264	epochs	2.0
1068.3198337923707	0.18117589999997108	epochs	3.0
1068.5010096923706	0.17391939999993156	epochs	3.0
1068.6749290923706	0.3282431000000088	epochs	2.0
1068.6749290923706	0.16722189999995862	epochs	3.0
1068.8421509923705	0.16102120000005016	epochs	3.0
1069.0031721923706	0.30516800000009425	epochs	2.0
1069.0031721923706	0.15526389999990897	epochs	3.0
1069.1584360923705	0.14990410000018528	epochs	3.0
1069.3083401923707	0.28512529999989056	epochs	2.0
1069.3083401923707	0.14490209999985382	epochs	3.0
1069.4532422923705	0.14022320000003674	epochs	3.0
1069.5934654923706	0.267553800000087	epochs	2.0
1069.5934654923706	0.1358368999999584	epochs	3.0
1069.7293023923705	0.1317169000001286	epochs	3.0
1069.8610192923707	0.252022899999929	epochs	2.0
1069.8610192923707	0.1278393000000051	epochs	3.0
1069.9888585923707	0.1241835999999239	epochs	3.0
1070.1130421923706	0.23819649999995818	epochs	2.0
1070.1130421923706	0.12073110000005727	epochs	3.0
1070.2337732923706	0.11746539999990091	epochs	3.0
1070.3512386923705	0.2258088000000953	epochs	2.0
1070.3512386923705	0.11437190000015107	epochs	3.0
1070.4656105923707	0.11143689999994422	epochs	3.0
1070.5770474923706	0.21464599999990241	epochs	2.0
1070.5770474923706	0.10864889999993466	epochs	3.0
1070.6856963923706	0.10599709999996776	epochs	3.0
1070.7916934923705	0.20453500000007807	epochs	2.0
1070.7916934923705	0.10347150000006877	epochs	3.0
1070.8951649923706	0.1010635000000093	epochs	3.0
1070.9962284923706	0.19533400000000256	epochs	2.0
1070.9962284923706	0.09876510000003691	epochs	3.0
1071.0949935923707	0.09656889999996565	epochs	3.0
1071.1915624923706	0.18692529999998442	epochs	2.0
1071.1915624923706	0.09446830000001682	epochs	3.0
1071.2860307923706	0.09245699999996759	epochs	3.0
1071.3784877923706	0.17921069999988504	epochs	2.0
1071.3784877923706	0.0905296000000817	epochs	3.0
1071.4690173923707	0.08868109999980334	epochs	3.0
1071.5576984923705	0.17210770000019693	epochs	2.0
1071.5576984923705	0.08690630000000965	epochs	3.0
1071.6446047923705	0.08520140000018728	epochs	3.0
1071.7298061923707	0.1655463999998119	epochs	2.0
1071.7298061923707	0.08356189999994967	epochs	3.0
1071.8133680923706	0.08198449999986224	epochs	3.0
1071.8953525923705	0.15946710000002895	epochs	2.0
1071.8953525923705	0.08046540000009372	epochs	3.0
1071.9758179923706	0.07900169999993523	epochs	3.0
1072.0548196923705	0.15381840000009106	epochs	2.0
1072.0548196923705	0.07759010000017952	epochs	3.0
1072.1324097923707	0.07622829999991154	epochs	3.0
1072.2086380923706	0.14855639999996129	epochs	2.0
1072.2086380923706	0.07491329999993468	epochs	3.0
1072.2835513923706	0.0736431000000266	epochs	3.0
1072.3571944923706	0.14364240000008976	epochs	2.0
1072.3571944923706	0.07241500000009182	epochs	3.0
1072.4296094923707	0.07122739999999794	epochs	3.0
1072.5008368923707	0.13904309999998077	epochs	2.0
1072.5008368923707	0.07007799999996678	epochs	3.0
1072.5709148923706	0.06896510000001399	epochs	3.0
1072.6398799923707	0.13472929999988992	epochs	2.0
1072.6398799923707	0.0678871000000072	epochs	3.0
1072.7077670923707	0.06684219999988272	epochs	3.0
1072.7746092923705	0.1306752000000415	epochs	2.0
1072.7746092923705	0.06582909999997355	epochs	3.0
1072.8404383923705	0.06484610000006796	epochs	3.0
1072.9052844923706	0.1268577999999252	epochs	2.0
1072.9052844923706	0.06389200000012352	epochs	3.0
1072.9691764923707	0.06296579999980167	epochs	3.0
1073.0321422923705	0.12325720000012552	epochs	2.0
1073.0321422923705	0.06206580000002759	epochs	3.0
1073.0942080923705	0.06119140000009793	epochs	3.0
1073.1553994923706	0.11985540000000583	epochs	2.0
1073.1553994923706	0.060341099999959624	epochs	3.0
1073.2157405923706	0.059514300000046205	epochs	3.0
1073.2752548923706	0.1166361999999026	epochs	2.0
1073.2752548923706	0.058709599999929196	epochs	3.0
1073.3339644923706	0.057926599999973405	epochs	3.0
1073.3918910923705	0.11358560000007856	epochs	2.0
1073.3918910923705	0.05716419999998834	epochs	3.0
1073.4490552923705	0.056421400000090216	epochs	3.0
1073.5054766923706	0.11069049999991876	epochs	2.0
1073.5054766923706	0.055697900000041045	epochs	3.0
1073.5611745923707	0.05499259999987771	epochs	3.0
1073.6161671923705	0.1079391000000669	epochs	2.0
1073.6161671923705	0.05430490000003374	epochs	3.0
1073.6704720923706	0.05363420000003316	epochs	3.0
1073.7241062923706	0.10532149999994544	epochs	2.0
1073.7241062923706	0.05297999999993408	epochs	3.0
1073.7770862923705	0.052341500000011365	epochs	3.0
1073.8294277923706	0.10282759999995505	epochs	2.0
1073.8294277923706	0.05171810000001642	epochs	3.0
1073.8811458923706	0.051109499999938635	epochs	3.0
1073.9322553923705	0.10044910000010532	epochs	2.0
1073.9322553923705	0.050514900000052876	epochs	3.0
1073.9827702923706	0.04993420000005244	epochs	3.0
1074.0327044923706	0.0981782999999723	epochs	2.0
1074.0327044923706	0.04936659999998483	epochs	3.0
1074.0820710923706	0.04881169999998747	epochs	3.0
1074.1308827923706	0.09600780000005216	epochs	2.0
1074.1308827923706	0.04826920000004975	epochs	3.0
1074.1791519923706	0.04773860000000241	epochs	3.0
1074.2268905923706	0.09393120000004274	epochs	2.0
1074.2268905923706	0.04721949999998287	epochs	3.0
1074.2741100923706	0.046711700000059864	epochs	3.0
1074.3208217923707	0.09194260000003851	epochs	2.0
1074.3208217923707	0.046214599999984785	epochs	3.0
1074.3670363923707	0.045728000000053726	epochs	3.0
1074.4127643923707	0.09003629999983787	epochs	2.0
1074.4127643923707	0.045251499999949374	epochs	3.0
1074.4580158923707	0.04478479999988849	epochs	3.0
1074.5028006923706	0.08820760000003247	epochs	2.0
1074.5028006923706	0.044327800000019124	epochs	3.0
1074.5471284923706	0.04387980000001335	epochs	3.0
1074.5910082923706	0.0864516999999978	epochs	2.0
1074.5910082923706	0.04344100000002982	epochs	3.0
1074.6344492923706	0.04301069999996798	epochs	3.0
1074.6774599923706	0.08476429999996071	epochs	2.0
1074.6774599923706	0.04258899999990717	epochs	3.0
1074.7200489923705	0.04217530000005354	epochs	3.0
1074.7622242923705	0.08314150000001064	epochs	2.0
1074.7622242923705	0.04176970000003166	epochs	3.0
1074.8039939923706	0.041371799999978975	epochs	3.0
1074.8453657923706	0.08157970000002024	epochs	2.0
1074.8453657923706	0.040981399999964196	epochs	3.0
1074.8863471923705	0.04059830000005604	epochs	3.0
1074.9269454923706	0.08007550000002084	epochs	2.0
1074.9269454923706	0.040222300000095856	epochs	3.0
1074.9671677923707	0.03985319999992498	epochs	3.0
1075.0070209923706	0.07862569999997504	epochs	2.0
1075.0070209923706	0.039490800000066884	epochs	3.0
1075.0465117923707	0.03913489999990816	epochs	3.0
1075.0856466923706	0.07722760000001472	epochs	2.0
1075.0856466923706	0.038785400000051595	epochs	3.0
1075.1244320923706	0.03844219999996312	epochs	3.0
1075.1628742923706	0.07587820000003376	epochs	2.0
1075.1628742923706	0.03810479999992822	epochs	3.0
1075.2009790923705	0.03777340000010554	epochs	3.0
1075.2387524923706	0.0745752000000266	epochs	2.0
1075.2387524923706	0.03744770000002973	epochs	3.0
1075.2762001923707	0.03712749999999687	epochs	3.0
1075.3133276923706	0.07331629999998768	epochs	2.0
1075.3133276923706	0.03681289999985893	epochs	3.0
1075.3501405923705	0.03650340000012875	epochs	3.0
1075.3866439923706	0.07209899999998015	epochs	2.0
1075.3866439923706	0.03619909999997617	epochs	3.0
1075.4228430923706	0.03589990000000398	epochs	3.0
1075.4587429923706	0.07092170000009901	epochs	2.0
1075.4587429923706	0.03560560000005353	epochs	3.0
1075.4943485923707	0.03531610000004548	epochs	3.0
1075.5296646923707	0.06978199999980461	epochs	2.0
1075.5296646923707	0.03503119999982118	epochs	3.0
1075.5646958923705	0.03475079999998343	epochs	3.0
1075.5994466923705	0.06867860000011206	epochs	2.0
1075.5994466923705	0.03447510000000875	epochs	3.0
1075.6339217923705	0.034203500000103304	epochs	3.0
1075.6681252923706	0.06760929999995824	epochs	2.0
1075.6681252923706	0.033936199999970995	epochs	3.0
1075.7020614923706	0.033673099999987244	epochs	3.0
1075.7357345923706	0.06657289999998284	epochs	2.0
1075.7357345923706	0.03341399999999339	epochs	3.0
1075.7691485923706	0.033158899999989444	epochs	3.0
1075.8023074923706	0.06556780000005347	epochs	2.0
1075.8023074923706	0.03290770000012344	epochs	3.0
1075.8352151923707	0.032660099999930026	epochs	3.0
1075.8678752923706	0.06459259999996902	epochs	2.0
1075.8678752923706	0.03241639999987456	epochs	3.0
1075.9002916923705	0.03217620000009447	epochs	3.0
1075.9324678923706	0.06364600000006249	epochs	2.0
1075.9324678923706	0.03193959999998697	epochs	3.0
1075.9644074923706	0.03170640000007552	epochs	3.0
1075.9961138923707	0.0627266999999847	epochs	2.0
1075.9961138923707	0.031476599999905375	epochs	3.0
1076.0275904923706	0.03125010000007933	epochs	3.0
1076.0588405923706	0.06183359999999993	epochs	2.0
1076.0588405923706	0.03102689999991526	epochs	3.0
1076.0898674923706	0.030806700000084675	epochs	3.0
1076.1206741923706	0.060965599999917686	epochs	2.0
1076.1206741923706	0.030589799999916067	epochs	3.0
1076.1512639923706	0.030375800000001618	epochs	3.0
1076.1816397923706	0.06012160000000222	epochs	2.0
1076.1816397923706	0.030164900000045236	epochs	3.0
1076.2118046923706	0.02995669999995698	epochs	3.0
1076.2417613923706	0.05930069999999432	epochs	2.0
1076.2417613923706	0.029751600000054168	epochs	3.0
1076.2715129923706	0.029549099999940154	epochs	3.0
1076.3010620923706	0.058501800000158255	epochs	2.0
1076.3010620923706	0.02934940000000097	epochs	3.0
1076.3304114923706	0.029152400000157286	epochs	3.0
1076.3595638923707	0.05772419999993872	epochs	2.0
1076.3595638923707	0.028957999999875028	epochs	3.0
1076.3885218923706	0.02876620000006369	epochs	3.0
1076.4172880923707	0.056967099999837956	epochs	2.0
1076.4172880923707	0.028577000000041153	epochs	3.0
1076.4458650923707	0.028390099999796803	epochs	3.0
1076.4742551923705	0.05622950000019955	epochs	2.0
1076.4742551923705	0.02820570000017142	epochs	3.0
1076.5024608923707	0.028023800000028132	epochs	3.0
1076.5304846923707	0.05551070000001346	epochs	2.0
1076.5304846923707	0.027843999999959124	epochs	3.0
1076.5583286923707	0.027666700000054334	epochs	3.0
1076.5859953923707	0.05481019999979253	epochs	2.0
1076.5859953923707	0.02749149999999645	epochs	3.0
1076.6134868923707	0.02731869999979608	epochs	3.0
1076.6408055923705	0.05412700000010773	epochs	2.0
1076.6408055923705	0.027147800000193456	epochs	3.0
1076.6679533923707	0.026979199999914272	epochs	3.0
1076.6949325923706	0.053460699999959616	epochs	2.0
1076.6949325923706	0.026812600000084785	epochs	3.0
1076.7217451923707	0.02664809999987483	epochs	3.0
1076.7483932923706	0.05281070000000909	epochs	2.0
1076.7483932923706	0.026485600000114573	epochs	3.0
1076.7748788923707	0.02632509999989452	epochs	3.0
1076.8012039923706	0.05217620000007628	epochs	2.0
1076.8012039923706	0.026166399999965506	epochs	3.0
1076.8273703923705	0.026009800000110772	epochs	3.0
1076.8533801923707	0.051556699999991906	epochs	2.0
1076.8533801923707	0.025854799999933675	epochs	3.0
1076.8792349923706	0.02570190000005823	epochs	3.0
1076.9049368923706	0.05095189999997274	epochs	2.0
1076.9049368923706	0.025550699999939752	epochs	3.0
1076.9304875923706	0.025401200000032986	epochs	3.0
1076.9558887923706	0.05036100000006627	epochs	2.0
1076.9558887923706	0.025253499999962514	epochs	3.0
1076.9811422923706	0.025107500000103755	epochs	3.0
1077.0062497923707	0.04978379999988647	epochs	2.0
1077.0062497923707	0.02496320000000196	epochs	3.0
1077.0312129923707	0.024820599999884507	epochs	3.0
1077.0560335923706	0.04921949999993558	epochs	2.0
1077.0560335923706	0.024679399999968155	epochs	3.0
1077.0807129923705	0.024540099999967424	epochs	3.0
1077.1052530923705	0.04866790000005494	epochs	2.0
1077.1052530923705	0.024402100000088467	epochs	3.0
1077.1296551923706	0.024265799999966475	epochs	3.0
1077.1539209923706	0.04812860000015462	epochs	2.0
1077.1539209923706	0.024131000000124914	epochs	3.0
1077.1780519923707	0.023997600000029706	epochs	3.0
1077.2020495923707	0.04760109999983797	epochs	2.0
1077.2020495923707	0.02386579999983951	epochs	3.0
1077.2259153923706	0.02373529999999846	epochs	3.0
1077.2496506923706	0.04708500000015192	epochs	2.0
1077.2496506923706	0.023606299999983094	epochs	3.0
1077.2732569923705	0.02347870000016883	epochs	3.0
1077.2967356923707	0.046579999999948996	epochs	2.0
1077.2967356923707	0.023352499999873544	epochs	3.0
1077.3200881923706	0.02322750000007545	epochs	3.0
1077.3433156923707	0.046085700000048746	epochs	2.0
1077.3433156923707	0.02310399999987567	epochs	3.0
1077.3664196923705	0.022981700000173078	epochs	3.0
1077.3894013923707	0.045601799999985815	epochs	2.0
1077.3894013923707	0.02286069999991014	epochs	3.0
1077.4122620923706	0.022741100000075676	epochs	3.0
1077.4350031923707	0.045127899999897636	epochs	2.0
1077.4350031923707	0.022622499999897627	epochs	3.0
1077.4576256923706	0.02250540000000001	epochs	3.0
1077.4801310923706	0.0446638000000803	epochs	2.0
1077.4801310923706	0.02238929999998618	epochs	3.0
1077.5025203923706	0.022274500000094122	epochs	3.0
1077.5247948923707	0.044209199999841076	epochs	2.0
1077.5247948923707	0.022160799999937808	epochs	3.0
1077.5469556923706	0.022048399999903268	epochs	3.0
1077.5690040923705	0.04376360000014756	epochs	2.0
1077.5690040923705	0.021936900000127935	epochs	3.0
1077.5909409923706	0.021826700000019628	epochs	3.0
1077.6127676923707	0.04332709999994222	epochs	2.0
1077.6127676923707	0.021717599999874437	epochs	3.0
1077.6344852923705	0.021609500000067783	epochs	3.0
1077.6560947923706	0.04289900000003399	epochs	2.0
1077.6560947923706	0.02150249999999687	epochs	3.0
1077.6775972923706	0.021396500000037122	epochs	3.0
1077.6989937923706	0.04247949999989942	epochs	2.0
1077.6989937923706	0.021291699999892444	epochs	3.0
1077.7202854923705	0.021187800000006973	epochs	3.0
1077.7414732923705	0.04206790000012006	epochs	2.0
1077.7414732923705	0.02108490000000529	epochs	3.0
1077.7625581923705	0.02098300000011477	epochs	3.0
1077.7835411923706	0.04166439999994509	epochs	2.0
1077.7835411923706	0.020882199999959994	epochs	3.0
1077.8044233923706	0.020782199999985096	epochs	3.0
1077.8252055923706	0.04126850000011473	epochs	2.0
1077.8252055923706	0.020683299999973315	epochs	3.0
1077.8458888923706	0.020585200000141413	epochs	3.0
1077.8664740923707	0.0408799999997882	epochs	2.0
1077.8664740923707	0.020488099999965925	epochs	3.0
1077.8869621923707	0.02039189999982227	epochs	3.0
1077.9073540923705	0.04049880000002304	epochs	2.0
1077.9073540923705	0.0202966000001652	epochs	3.0
1077.9276506923707	0.02020219999985784	epochs	3.0
1077.9478528923705	0.04012460000012652	epochs	2.0
1077.9478528923705	0.02010870000003706	epochs	3.0
1077.9679615923706	0.02001590000008946	epochs	3.0
1077.9879774923706	0.03975730000001931	epochs	2.0
1077.9879774923706	0.0199241999998776	epochs	3.0
1078.0079016923705	0.019833100000141712	epochs	3.0
1078.0277347923707	0.03939669999999751	epochs	2.0
1078.0277347923707	0.019742999999834865	epochs	3.0
1078.0474777923705	0.019653700000162644	epochs	3.0
1078.0671314923707	0.03904239999997117	epochs	2.0
1078.0671314923707	0.019565099999908853	epochs	3.0
1078.0866965923706	0.019477300000062314	epochs	3.0
1078.1061738923706	0.03869459999987157	epochs	2.0
1078.1061738923706	0.019390400000020236	epochs	3.0
1078.1255642923707	0.019304199999851335	epochs	3.0
1078.1448684923705	0.03835290000006353	epochs	2.0
1078.1448684923705	0.019218800000089686	epochs	3.0
1078.1640872923706	0.01913409999997384	epochs	3.0
1078.1832213923706	0.03801720000001296	epochs	2.0
1078.1832213923706	0.019050200000037876	epochs	3.0
1078.2022715923706	0.018966999999975087	epochs	3.0
1078.2212385923706	0.03768719999993664	epochs	2.0
1078.2212385923706	0.01888450000001285	epochs	3.0
1078.2401230923706	0.01880269999992379	epochs	3.0
1078.2589257923705	0.03736309999999321	epochs	2.0
1078.2589257923705	0.018721700000014607	epochs	3.0
1078.2776474923705	0.018641399999978603	epochs	3.0
1078.2962888923705	0.037044300000161456	epochs	2.0
1078.2962888923705	0.018561600000111866	epochs	3.0
1078.3148504923706	0.01848270000004959	epochs	3.0
1078.3333331923707	0.03673099999991791	epochs	2.0
1078.3333331923707	0.018404299999929208	epochs	3.0
1078.3517374923706	0.018326699999988705	epochs	3.0
1078.3700641923706	0.03642289999993409	epochs	2.0
1078.3700641923706	0.018249599999990096	epochs	3.0
1078.3883137923706	0.018173299999943993	epochs	3.0
1078.4064870923705	0.03612010000006194	epochs	2.0
1078.4064870923705	0.018097600000146485	epochs	3.0
1078.4245846923707	0.018022499999915453	epochs	3.0
1078.4426071923706	0.03582209999990482	epochs	2.0
1078.4426071923706	0.017947900000081063	epochs	3.0
1078.4605550923707	0.01787419999982376	epochs	3.0
1078.4784292923705	0.03552900000022419	epochs	2.0
1078.4784292923705	0.017800800000031813	epochs	3.0
1078.4962300923705	0.017728200000192373	epochs	3.0
1078.5139582923707	0.03524069999980384	epochs	2.0
1078.5139582923707	0.01765609999984008	epochs	3.0
1078.5316143923706	0.017584599999963757	epochs	3.0
1078.5491989923705	0.03495710000015606	epochs	2.0
1078.5491989923705	0.017513700000108656	epochs	3.0
1078.5667126923706	0.017443400000047404	epochs	3.0
1078.5841560923707	0.034677899999906	epochs	2.0
1078.5841560923707	0.017373599999928047	epochs	3.0
1078.6015296923706	0.017304299999977957	epochs	3.0
1078.6188339923706	0.03440330000012182	epochs	2.0
1078.6188339923706	0.017235700000128418	epochs	3.0
1078.6360696923707	0.0171675999999934	epochs	3.0
1078.6532372923707	0.03413279999995211	epochs	2.0
1078.6532372923707	0.01709989999994832	epochs	3.0
1078.6703371923707	0.017032900000003792	epochs	3.0
1078.6873700923707	0.03386669999986225	epochs	2.0
1078.6873700923707	0.01696640000000116	epochs	3.0
1078.7043364923707	0.01690029999986109	epochs	3.0
1078.7212367923705	0.03360459999998966	epochs	2.0
1078.7212367923705	0.016834800000196992	epochs	3.0
1078.7380715923707	0.016769799999792667	epochs	3.0
1078.7548413923705	0.0333466000001863	epochs	2.0
1078.7548413923705	0.016705300000012357	epochs	3.0
1078.7715466923705	0.016641300000173942	epochs	3.0
1078.7881879923707	0.033092499999838765	epochs	2.0
1078.7881879923707	0.016577799999822673	epochs	3.0
1078.8047657923705	0.01651470000001609	epochs	3.0
1078.8212804923705	0.032842300000083924	epochs	2.0
1078.8212804923705	0.01645220000000336	epochs	3.0
1078.8377326923705	0.016390100000080565	epochs	3.0
1078.8541227923706	0.03259570000000167	epochs	2.0
1078.8541227923706	0.016328400000020338	epochs	3.0
1078.8704511923706	0.016267299999981333	epochs	3.0
1078.8867184923706	0.032352899999978035	epochs	2.0
1078.8867184923706	0.016206600000032267	epochs	3.0
1078.9029250923707	0.016146299999945768	epochs	3.0
1078.9190713923706	0.032113700000081735	epochs	2.0
1078.9190713923706	0.016086600000107865	epochs	3.0
1078.9351579923707	0.01602709999997387	epochs	3.0
1078.9511850923707	0.03187800000000607	epochs	2.0
1078.9511850923707	0.0159681999998611	epochs	3.0
1078.9671532923705	0.01590980000014497	epochs	3.0
1078.9830630923707	0.03164569999989908	epochs	2.0
1078.9830630923707	0.015851599999905375	epochs	3.0
1078.9989146923706	0.015794099999993705	epochs	3.0
1079.0147087923706	0.03141670000013619	epochs	2.0
1079.0147087923706	0.01573669999993399	epochs	3.0
1079.0304454923705	0.0156800000002022	epochs	3.0
1079.0461254923707	0.03119109999988723	epochs	2.0
1079.0461254923707	0.015623599999798898	epochs	3.0
1079.0617490923705	0.01556750000008833	epochs	3.0
1079.0773165923706	0.030968699999903038	epochs	2.0
1079.0773165923706	0.015511999999944237	epochs	3.0
1079.0928285923706	0.0154566999999588	epochs	3.0
1079.1082852923705	0.030749500000183616	epochs	2.0
1079.1082852923705	0.015401999999994587	epochs	3.0
1079.1236872923705	0.01534750000018903	epochs	3.0
1079.1390347923707	0.030533199999808858	epochs	2.0
1079.1390347923707	0.015293400000018664	epochs	3.0
1079.1543281923707	0.015239799999790193	epochs	3.0
1079.1695679923705	0.030320100000153616	epochs	2.0
1079.1695679923705	0.015186500000027081	epochs	3.0
1079.1847544923705	0.015133600000126535	epochs	3.0
1079.1998880923707	0.030109899999843037	epochs	2.0
1079.1998880923707	0.015081000000009226	epochs	3.0
1079.2149690923707	0.015028899999833811	epochs	3.0
1079.2299979923705	0.029902500000162036	epochs	2.0
1079.2299979923705	0.014977000000044427	epochs	3.0
1079.2449749923705	0.014925500000117609	epochs	3.0
1079.2599004923707	0.029698099999905025	epochs	2.0
1079.2599004923707	0.014874400000053356	epochs	3.0
1079.2747748923707	0.01482369999985167	epochs	3.0
1079.2895985923706	0.029496300000118936	epochs	2.0
1079.2895985923706	0.014773200000036013	epochs	3.0
1079.3043717923706	0.014723100000082923	epochs	3.0
1079.3190948923707	0.029297399999904883	epochs	2.0
1079.3190948923707	0.014673399999992398	epochs	3.0
1079.3337682923707	0.014623999999912485	epochs	3.0
1079.3483922923706	0.029101099999934377	epochs	2.0
1079.3483922923706	0.014574900000070556	epochs	3.0
1079.3629671923707	0.01452619999986382	epochs	3.0
1079.3774933923705	0.028907399999980044	epochs	2.0
1079.3774933923705	0.014477700000043114	epochs	3.0
1079.3919710923706	0.014429699999936929	epochs	3.0
1079.4064007923705	0.02871620000018993	epochs	2.0
1079.4064007923705	0.014381800000137446	epochs	3.0
1079.4207825923706	0.014334400000052483	epochs	3.0
1079.4351169923707	0.02852759999996124	epochs	2.0
1079.4351169923707	0.014287199999898803	epochs	3.0
1079.4494041923706	0.014240400000062436	epochs	3.0
1079.4636445923707	0.028341400000044814	epochs	2.0
1079.4636445923707	0.014193799999929979	epochs	3.0
1079.4778383923706	0.014147600000114835	epochs	3.0
1079.4919859923707	0.02815769999983786	epochs	2.0
1079.4919859923707	0.014101699999855555	epochs	3.0
1079.5060876923706	0.014055999999982305	epochs	3.0
1079.5201436923705	0.027976300000091214	epochs	2.0
1079.5201436923705	0.014010600000119666	epochs	3.0
1079.5341542923707	0.013965699999971548	epochs	3.0
1079.5481199923706	0.027797199999895383	epochs	2.0
1079.5481199923706	0.013920800000050804	epochs	3.0
1079.5620407923707	0.01387639999984458	epochs	3.0
1079.5759171923705	0.02762040000015986	epochs	2.0
1079.5759171923705	0.013832200000024386	epochs	3.0
1079.5897493923705	0.013788200000135475	epochs	3.0
1079.6035375923707	0.027445899999975154	epochs	2.0
1079.6035375923707	0.013744599999881757	epochs	3.0
1079.6172821923706	0.013701300000093397	epochs	3.0
1079.6309834923707	0.027273499999864725	epochs	2.0
1079.6309834923707	0.013658200000008947	epochs	3.0
1079.6446416923707	0.013615299999855779	epochs	3.0
1079.6582569923705	0.027103399999987232	epochs	2.0
1079.6582569923705	0.013572800000019924	epochs	3.0
1079.6718297923705	0.013530599999967308	epochs	3.0
1079.6853603923705	0.02693520000002536	epochs	2.0
1079.6853603923705	0.013488400000142065	epochs	3.0
1079.6988487923707	0.013446799999883297	epochs	3.0
1079.7122955923705	0.026769199999989723	epochs	2.0
1079.7122955923705	0.013405200000079276	epochs	3.0
1079.7257007923706	0.013363999999910448	epochs	3.0
1079.7390647923705	0.02660520000017641	epochs	2.0
1079.7390647923705	0.013322900000048321	epochs	3.0
1079.7523876923706	0.013282300000128089	epochs	3.0
1079.7656699923707	0.0264431999999033	epochs	2.0
1079.7656699923707	0.013241699999980483	epochs	3.0
1079.7789116923707	0.013201499999922817	epochs	3.0
1079.7921131923706	0.026283200000079887	epochs	2.0
1079.7921131923706	0.013161500000023807	epochs	3.0
1079.8052746923706	0.01312170000005608	epochs	3.0
1079.8183963923707	0.026124999999865395	epochs	2.0
1079.8183963923707	0.013082100000019636	epochs	3.0
1079.8314784923707	0.013042899999845758	epochs	3.0
1079.8445213923706	0.025968899999952555	epochs	2.0
1079.8445213923706	0.01300390000005791	epochs	3.0
1079.8575252923706	0.012964999999894644	epochs	3.0
1079.8704902923705	0.025814500000024054	epochs	2.0
1079.8704902923705	0.012926400000196736	epochs	3.0
1079.8834166923707	0.012888099999827318	epochs	3.0
1079.8963047923705	0.02566190000015922	epochs	2.0
1079.8963047923705	0.012849899999991976	epochs	3.0
1079.9091546923705	0.012812000000167245	epochs	3.0
1079.9219666923707	0.025511199999982637	epochs	2.0
1079.9219666923707	0.012774399999898378	epochs	3.0
1079.9347410923706	0.012736800000084258	epochs	3.0
1079.9474778923707	0.02536229999986972	epochs	2.0
1079.9474778923707	0.01269969999998466	epochs	3.0
1079.9601775923707	0.01266259999988506	epochs	3.0
1079.9728401923705	0.02521500000011656	epochs	2.0
1079.9728401923705	0.012625800000023446	epochs	3.0
1079.9854659923706	0.012589200000093115	epochs	3.0
1079.9980551923707	0.024584799999956886	epochs	2.0
1080.0207589923707	0.5	epochs	-1.0
1080.0226399923706	0.5258400000000165	epochs	1.0
1080.5484799923706	0.4740799999999581	epochs	0.0
1088.424000263214	0.11464000000000851	epochs	0.0
1088.424000263214	0.05232169999999314	epochs	1.0
1088.476321963214	0.009996600000022227	epochs	1.0
1088.4863185632141	0.05232169999999314	epochs	1.0
1088.5386402632141	2.0	epochs	0.0
1090.5386402632141	0.5449599999999464	epochs	0.0
1090.5386402632141	0.5449599999999464	epochs	1.0
1090.5386792632141	0.5	epochs	-1.0
1091.0386792632141	0.044920999999931155	epochs	-1.0
1091.083600263214	21.45496000000003	epochs	0.0
1092.1840000152588	0.11464000000000851	epochs	0.0
1092.1840000152588	0.05232169999999314	epochs	1.0
1092.2363217152588	0.009996600000022227	epochs	1.0
1092.2463183152588	0.05232169999999314	epochs	1.0
1092.2986400152588	2.0	epochs	0.0
1094.2986400152588	1.50592000000006	epochs	0.0
1094.2986400152588	1.0	epochs	1.0
1094.2986790152588	0.5	epochs	-1.0
1094.7986790152588	1.0058810000000449	epochs	-1.0
1095.2986400152588	0.5059200000000601	epochs	-1.0
1095.2986400152588	0.5059200000000601	epochs	1.0
1095.2986400152588	0.5059200000000601	epochs	2.0
1095.2986400152588	0.5059200000000601	epochs	3.0
1095.8045600152589	20.493999999999915	epochs	0.0
1096.1870002746582	0.11464000000000851	epochs	0.0
1096.1870002746582	0.05232169999999314	epochs	1.0
1096.2393219746582	0.009996600000022227	epochs	1.0
1096.2493185746582	0.05232169999999314	epochs	1.0
1096.3016402746582	2.0	epochs	0.0
1098.3016402746582	1.6049599999998918	epochs	0.0
1098.3016402746582	1.0	epochs	1.0
1098.3016792746582	0.5	epochs	-1.0
1098.8016792746582	1.1049209999998766	epochs	-1.0
1099.3016402746582	0.6049599999998918	epochs	-1.0
1099.3016402746582	0.6049599999998918	epochs	1.0
1099.3016402746582	0.6049599999998918	epochs	2.0
1099.3016402746582	0.6049599999998918	epochs	3.0
1099.906600274658	20.394960000000083	epochs	0.0
1100.2740001678467	0.11464000000000851	epochs	0.0
1100.2740001678467	0.05232169999999314	epochs	1.0
1100.3263218678467	0.009996600000022227	epochs	1.0
1100.3363184678467	0.05232169999999314	epochs	1.0
1100.3886401678467	2.0	epochs	0.0
1102.3886401678467	1.7059199999998782	epochs	0.0
1102.3886401678467	1.0	epochs	1.0
1102.3886791678467	0.5	epochs	-1.0
1102.8886791678467	1.205880999999863	epochs	-1.0
1103.3886401678467	0.7059199999998782	epochs	-1.0
1103.3886401678467	0.7059199999998782	epochs	1.0
1103.3886401678467	0.7059199999998782	epochs	2.0
1103.3886401678467	0.7059199999998782	epochs	3.0
1104.0945601678466	20.294000000000096	epochs	0.0
1104.4710001945496	0.11464000000000851	epochs	0.0
1104.4710001945496	0.05232169999999314	epochs	1.0
1104.5233218945496	0.009996600000022227	epochs	1.0
1104.5333184945496	0.05232169999999314	epochs	1.0
1104.5856401945496	2.0	epochs	0.0
1106.5856401945496	1.7459200000000692	epochs	0.0
1106.5856401945496	1.0	epochs	1.0
1106.5856791945496	0.5	epochs	-1.0
1107.0856791945496	1.245881000000054	epochs	-1.0
1107.5856401945496	0.7459200000000692	epochs	-1.0
1107.5856401945496	0.7459200000000692	epochs	1.0
1107.5856401945496	0.7459200000000692	epochs	2.0
1107.5856401945496	0.7459200000000692	epochs	3.0
1108.3315601945496	20.253999999999905	epochs	0.0
1108.7310004234314	0.11464000000000851	epochs	0.0
1108.7310004234314	0.05232169999999314	epochs	1.0
1108.7833221234314	0.009996600000022227	epochs	1.0
1108.7933187234314	0.05232169999999314	epochs	1.0
1108.8456404234314	2.0	epochs	0.0
1110.8456404234314	5.364959999999883	epochs	0.0
1110.8456404234314	1.0	epochs	1.0
1110.8456794234314	0.5	epochs	-1.0
1111.3456794234314	4.8649209999998675	epochs	-1.0
1111.8456404234314	4.364959999999883	epochs	1.0
1111.8456404234314	4.356753900000058	epochs	-1.0
1111.8456404234314	1.9745872000000873	epochs	2.0
1111.8456404234314	1.0985622000000603	epochs	3.0
1112.9442026234315	0.8760250000000269	epochs	3.0
1113.8202276234315	1.3524074999997993	epochs	2.0
1113.8202276234315	0.7286354999998821	epochs	3.0
1114.5488631234314	0.6237719999999172	epochs	3.0
1115.1726351234313	1.0297592000001714	epochs	2.0
1115.1726351234313	0.5453293000000485	epochs	3.0
1115.7179644234313	0.48442990000012287	epochs	3.0
1116.2023943234315	0.0082060999998248	epochs	2.0
1116.2023943234315	0.0082060999998248	epochs	3.0
1116.2106004234313	16.634960000000092	epochs	0.0
1116.6050000190735	0.11464000000000851	epochs	0.0
1116.6050000190735	0.05232169999999314	epochs	1.0
1116.6573217190735	0.009996600000022227	epochs	1.0
1116.6673183190735	0.05232169999999314	epochs	1.0
1116.7196400190735	2.0	epochs	0.0
1118.7196400190735	21.52487999999994	epochs	0.0
1118.7196400190735	1.0	epochs	1.0
1118.7196790190735	0.5	epochs	-1.0
1119.2196790190735	19.997679999999946	epochs	-1.0
1119.7196400190735	20.0	epochs	1.0
1119.7196400190735	4.356753900000058	epochs	-1.0
1119.7196400190735	1.9745872000000873	epochs	2.0
1119.7196400190735	1.0985622000000603	epochs	3.0
1120.8182022190736	0.8760250000000269	epochs	3.0
1121.6942272190736	1.3524074999997993	epochs	2.0
1121.6942272190736	0.7286354999998821	epochs	3.0
1122.4228627190735	0.6237719999999172	epochs	3.0
1123.0466347190734	1.0297592000001714	epochs	2.0
1123.0466347190734	0.5453293000000485	epochs	3.0
1123.5919640190734	0.48442990000012287	epochs	3.0
1124.0763939190736	0.8317861999998968	epochs	2.0
1124.0763939190736	0.4357763000000432	epochs	3.0
1124.5121702190736	0.3960098999998536	epochs	3.0
1124.9081801190734	0.6977970000000369	epochs	2.0
1124.9081801190734	0.3628982000000178	epochs	3.0
1125.2710783190735	0.33489880000001904	epochs	3.0
1125.6059771190735	0.601045699999986	epochs	2.0
1125.6059771190735	0.3109122999999272	epochs	3.0
1125.9168894190734	0.2901334000000588	epochs	3.0
1126.2070228190735	0.5278859000000011	epochs	2.0
1126.2070228190735	0.2719586000000618	epochs	3.0
1126.4789814190735	0.25592729999993935	epochs	3.0
1126.7349087190735	0.470619299999953	epochs	2.0
1126.7349087190735	0.241681299999982	epochs	3.0
1126.9765900190735	0.228937999999971	epochs	3.0
1127.2055280190734	0.42457039999999324	epochs	2.0
1127.2055280190734	0.21747140000002219	epochs	3.0
1127.4229994190734	0.20709899999997106	epochs	3.0
1127.6300984190734	0.3867354000001342	epochs	2.0
1127.6300984190734	0.19767109999997956	epochs	3.0
1127.8277695190734	0.18906430000015462	epochs	3.0
1128.0168338190736	0.35509529999990264	epochs	2.0
1128.0168338190736	0.18117589999997108	epochs	3.0
1128.1980097190735	0.17391939999993156	epochs	3.0
1128.3719291190735	0.3282431000000088	epochs	2.0
1128.3719291190735	0.16722189999995862	epochs	3.0
1128.5391510190734	0.16102120000005016	epochs	3.0
1128.7001722190735	0.30516800000009425	epochs	2.0
1128.7001722190735	0.15526389999990897	epochs	3.0
1128.8554361190734	0.14990410000018528	epochs	3.0
1129.0053402190736	0.28512529999989056	epochs	2.0
1129.0053402190736	0.14490209999985382	epochs	3.0
1129.1502423190734	0.14022320000003674	epochs	3.0
1129.2904655190735	0.267553800000087	epochs	2.0
1129.2904655190735	0.1358368999999584	epochs	3.0
1129.4263024190734	0.1317169000001286	epochs	3.0
1129.5580193190735	0.252022899999929	epochs	2.0
1129.5580193190735	0.1278393000000051	epochs	3.0
1129.6858586190735	0.1241835999999239	epochs	3.0
1129.8100422190735	0.23819649999995818	epochs	2.0
1129.8100422190735	0.12073110000005727	epochs	3.0
1129.9307733190735	0.11746539999990091	epochs	3.0
1130.0482387190734	0.2258088000000953	epochs	2.0
1130.0482387190734	0.11437190000015107	epochs	3.0
1130.1626106190736	0.11143689999994422	epochs	3.0
1130.2740475190735	0.21464599999990241	epochs	2.0
1130.2740475190735	0.10864889999993466	epochs	3.0
1130.3826964190735	0.10599709999996776	epochs	3.0
1130.4886935190734	0.20453500000007807	epochs	2.0
1130.4886935190734	0.10347150000006877	epochs	3.0
1130.5921650190735	0.1010635000000093	epochs	3.0
1130.6932285190735	0.19533400000000256	epochs	2.0
1130.6932285190735	0.09876510000003691	epochs	3.0
1130.7919936190735	0.09656889999996565	epochs	3.0
1130.8885625190735	0.18692529999998442	epochs	2.0
1130.8885625190735	0.09446830000001682	epochs	3.0
1130.9830308190735	0.09245699999996759	epochs	3.0
1131.0754878190735	0.17921069999988504	epochs	2.0
1131.0754878190735	0.0905296000000817	epochs	3.0
1131.1660174190736	0.08868109999980334	epochs	3.0
1131.2546985190734	0.17210770000019693	epochs	2.0
1131.2546985190734	0.08690630000000965	epochs	3.0
1131.3416048190734	0.08520140000018728	epochs	3.0
1131.4268062190736	0.1655463999998119	epochs	2.0
1131.4268062190736	0.08356189999994967	epochs	3.0
1131.5103681190735	0.08198449999986224	epochs	3.0
1131.5923526190734	0.15946710000002895	epochs	2.0
1131.5923526190734	0.08046540000009372	epochs	3.0
1131.6728180190735	0.07900169999993523	epochs	3.0
1131.7518197190734	0.15381840000009106	epochs	2.0
1131.7518197190734	0.07759010000017952	epochs	3.0
1131.8294098190736	0.07622829999991154	epochs	3.0
1131.9056381190735	0.14855639999996129	epochs	2.0
1131.9056381190735	0.07491329999993468	epochs	3.0
1131.9805514190734	0.0736431000000266	epochs	3.0
1132.0541945190735	0.14364240000008976	epochs	2.0
1132.0541945190735	0.07241500000009182	epochs	3.0
1132.1266095190736	0.07122739999999794	epochs	3.0
1132.1978369190736	0.13904309999998077	epochs	2.0
1132.1978369190736	0.07007799999996678	epochs	3.0
1132.2679149190735	0.06896510000001399	epochs	3.0
1132.3368800190735	0.13472929999988992	epochs	2.0
1132.3368800190735	0.0678871000000072	epochs	3.0
1132.4047671190735	0.06684219999988272	epochs	3.0
1132.4716093190734	0.1306752000000415	epochs	2.0
1132.4716093190734	0.06582909999997355	epochs	3.0
1132.5374384190734	0.06484610000006796	epochs	3.0
1132.6022845190735	0.1268577999999252	epochs	2.0
1132.6022845190735	0.06389200000012352	epochs	3.0
1132.6661765190736	0.06296579999980167	epochs	3.0
1132.7291423190734	0.12325720000012552	epochs	2.0
1132.7291423190734	0.06206580000002759	epochs	3.0
1132.7912081190734	0.06119140000009793	epochs	3.0
1132.8523995190735	0.11985540000000583	epochs	2.0
1132.8523995190735	0.060341099999959624	epochs	3.0
1132.9127406190735	0.059514300000046205	epochs	3.0
1132.9722549190735	0.1166361999999026	epochs	2.0
1132.9722549190735	0.058709599999929196	epochs	3.0
1133.0309645190734	0.057926599999973405	epochs	3.0
1133.0888911190734	0.11358560000007856	epochs	2.0
1133.0888911190734	0.05716419999998834	epochs	3.0
1133.1460553190734	0.056421400000090216	epochs	3.0
1133.2024767190735	0.11069049999991876	epochs	2.0
1133.2024767190735	0.055697900000041045	epochs	3.0
1133.2581746190735	0.05499259999987771	epochs	3.0
1133.3131672190734	0.1079391000000669	epochs	2.0
1133.3131672190734	0.05430490000003374	epochs	3.0
1133.3674721190735	0.05363420000003316	epochs	3.0
1133.4211063190735	0.10532149999994544	epochs	2.0
1133.4211063190735	0.05297999999993408	epochs	3.0
1133.4740863190734	0.052341500000011365	epochs	3.0
1133.5264278190734	0.10282759999995505	epochs	2.0
1133.5264278190734	0.05171810000001642	epochs	3.0
1133.5781459190734	0.051109499999938635	epochs	3.0
1133.6292554190734	0.10044910000010532	epochs	2.0
1133.6292554190734	0.050514900000052876	epochs	3.0
1133.6797703190734	0.04993420000005244	epochs	3.0
1133.7297045190735	0.0981782999999723	epochs	2.0
1133.7297045190735	0.04936659999998483	epochs	3.0
1133.7790711190735	0.04881169999998747	epochs	3.0
1133.8278828190735	0.09600780000005216	epochs	2.0
1133.8278828190735	0.04826920000004975	epochs	3.0
1133.8761520190735	0.04773860000000241	epochs	3.0
1133.9238906190735	0.09393120000004274	epochs	2.0
1133.9238906190735	0.04721949999998287	epochs	3.0
1133.9711101190735	0.046711700000059864	epochs	3.0
1134.0178218190736	0.09194260000003851	epochs	2.0
1134.0178218190736	0.046214599999984785	epochs	3.0
1134.0640364190735	0.045728000000053726	epochs	3.0
1134.1097644190736	0.09003629999983787	epochs	2.0
1134.1097644190736	0.045251499999949374	epochs	3.0
1134.1550159190735	0.04478479999988849	epochs	3.0
1134.1998007190734	0.08820760000003247	epochs	2.0
1134.1998007190734	0.044327800000019124	epochs	3.0
1134.2441285190735	0.04387980000001335	epochs	3.0
1134.2880083190735	0.0864516999999978	epochs	2.0
1134.2880083190735	0.04344100000002982	epochs	3.0
1134.3314493190735	0.04301069999996798	epochs	3.0
1134.3744600190735	0.08476429999996071	epochs	2.0
1134.3744600190735	0.04258899999990717	epochs	3.0
1134.4170490190734	0.04217530000005354	epochs	3.0
1134.4592243190734	0.08314150000001064	epochs	2.0
1134.4592243190734	0.04176970000003166	epochs	3.0
1134.5009940190735	0.041371799999978975	epochs	3.0
1134.5423658190734	0.08157970000002024	epochs	2.0
1134.5423658190734	0.040981399999964196	epochs	3.0
1134.5833472190734	0.04059830000005604	epochs	3.0
1134.6239455190735	0.08007550000002084	epochs	2.0
1134.6239455190735	0.040222300000095856	epochs	3.0
1134.6641678190736	0.03985319999992498	epochs	3.0
1134.7040210190735	0.07862569999997504	epochs	2.0
1134.7040210190735	0.039490800000066884	epochs	3.0
1134.7435118190735	0.03913489999990816	epochs	3.0
1134.7826467190735	0.07722760000001472	epochs	2.0
1134.7826467190735	0.038785400000051595	epochs	3.0
1134.8214321190735	0.03844219999996312	epochs	3.0
1134.8598743190735	0.07587820000003376	epochs	2.0
1134.8598743190735	0.03810479999992822	epochs	3.0
1134.8979791190734	0.03777340000010554	epochs	3.0
1134.9357525190735	0.0745752000000266	epochs	2.0
1134.9357525190735	0.03744770000002973	epochs	3.0
1134.9732002190735	0.03712749999999687	epochs	3.0
1135.0103277190735	0.07331629999998768	epochs	2.0
1135.0103277190735	0.03681289999985893	epochs	3.0
1135.0471406190734	0.03650340000012875	epochs	3.0
1135.0836440190735	0.07209899999998015	epochs	2.0
1135.0836440190735	0.03619909999997617	epochs	3.0
1135.1198431190735	0.03589990000000398	epochs	3.0
1135.1557430190735	0.07092170000009901	epochs	2.0
1135.1557430190735	0.03560560000005353	epochs	3.0
1135.1913486190736	0.03531610000004548	epochs	3.0
1135.2266647190736	0.06978199999980461	epochs	2.0
1135.2266647190736	0.03503119999982118	epochs	3.0
1135.2616959190734	0.03475079999998343	epochs	3.0
1135.2964467190734	0.06867860000011206	epochs	2.0
1135.2964467190734	0.03447510000000875	epochs	3.0
1135.3309218190734	0.034203500000103304	epochs	3.0
1135.3651253190735	0.06760929999995824	epochs	2.0
1135.3651253190735	0.033936199999970995	epochs	3.0
1135.3990615190735	0.033673099999987244	epochs	3.0
1135.4327346190735	0.06657289999998284	epochs	2.0
1135.4327346190735	0.03341399999999339	epochs	3.0
1135.4661486190735	0.033158899999989444	epochs	3.0
1135.4993075190735	0.06556780000005347	epochs	2.0
1135.4993075190735	0.03290770000012344	epochs	3.0
1135.5322152190736	0.032660099999930026	epochs	3.0
1135.5648753190735	0.06459259999996902	epochs	2.0
1135.5648753190735	0.03241639999987456	epochs	3.0
1135.5972917190734	0.03217620000009447	epochs	3.0
1135.6294679190735	0.06364600000006249	epochs	2.0
1135.6294679190735	0.03193959999998697	epochs	3.0
1135.6614075190735	0.03170640000007552	epochs	3.0
1135.6931139190735	0.0627266999999847	epochs	2.0
1135.6931139190735	0.031476599999905375	epochs	3.0
1135.7245905190734	0.03125010000007933	epochs	3.0
1135.7558406190735	0.06183359999999993	epochs	2.0
1135.7558406190735	0.03102689999991526	epochs	3.0
1135.7868675190734	0.030806700000084675	epochs	3.0
1135.8176742190735	0.060965599999917686	epochs	2.0
1135.8176742190735	0.030589799999916067	epochs	3.0
1135.8482640190734	0.030375800000001618	epochs	3.0
1135.8786398190734	0.06012160000000222	epochs	2.0
1135.8786398190734	0.030164900000045236	epochs	3.0
1135.9088047190735	0.02995669999995698	epochs	3.0
1135.9387614190734	0.05930069999999432	epochs	2.0
1135.9387614190734	0.029751600000054168	epochs	3.0
1135.9685130190735	0.029549099999940154	epochs	3.0
1135.9980621190734	0.058501800000158255	epochs	2.0
1135.9980621190734	0.02934940000000097	epochs	3.0
1136.0274115190734	0.029152400000157286	epochs	3.0
1136.0565639190736	0.05772419999993872	epochs	2.0
1136.0565639190736	0.028957999999875028	epochs	3.0
1136.0855219190735	0.02876620000006369	epochs	3.0
1136.1142881190735	0.056967099999837956	epochs	2.0
1136.1142881190735	0.028577000000041153	epochs	3.0
1136.1428651190736	0.028390099999796803	epochs	3.0
1136.1712552190734	0.05622950000019955	epochs	2.0
1136.1712552190734	0.02820570000017142	epochs	3.0
1136.1994609190735	0.028023800000028132	epochs	3.0
1136.2274847190736	0.05551070000001346	epochs	2.0
1136.2274847190736	0.027843999999959124	epochs	3.0
1136.2553287190735	0.027666700000054334	epochs	3.0
1136.2829954190736	0.05481019999979253	epochs	2.0
1136.2829954190736	0.02749149999999645	epochs	3.0
1136.3104869190736	0.02731869999979608	epochs	3.0
1136.3378056190734	0.05412700000010773	epochs	2.0
1136.3378056190734	0.027147800000193456	epochs	3.0
1136.3649534190736	0.026979199999914272	epochs	3.0
1136.3919326190735	0.053460699999959616	epochs	2.0
1136.3919326190735	0.026812600000084785	epochs	3.0
1136.4187452190736	0.02664809999987483	epochs	3.0
1136.4453933190734	0.05281070000000909	epochs	2.0
1136.4453933190734	0.026485600000114573	epochs	3.0
1136.4718789190736	0.02632509999989452	epochs	3.0
1136.4982040190735	0.05217620000007628	epochs	2.0
1136.4982040190735	0.026166399999965506	epochs	3.0
1136.5243704190734	0.026009800000110772	epochs	3.0
1136.5503802190735	0.051556699999991906	epochs	2.0
1136.5503802190735	0.025854799999933675	epochs	3.0
1136.5762350190735	0.02570190000005823	epochs	3.0
1136.6019369190735	0.05095189999997274	epochs	2.0
1136.6019369190735	0.025550699999939752	epochs	3.0
1136.6274876190735	0.025401200000032986	epochs	3.0
1136.6528888190735	0.05036100000006627	epochs	2.0
1136.6528888190735	0.025253499999962514	epochs	3.0
1136.6781423190735	0.025107500000103755	epochs	3.0
1136.7032498190736	0.04978379999988647	epochs	2.0
1136.7032498190736	0.02496320000000196	epochs	3.0
1136.7282130190736	0.024820599999884507	epochs	3.0
1136.7530336190734	0.04921949999993558	epochs	2.0
1136.7530336190734	0.024679399999968155	epochs	3.0
1136.7777130190734	0.024540099999967424	epochs	3.0
1136.8022531190734	0.04866790000005494	epochs	2.0
1136.8022531190734	0.024402100000088467	epochs	3.0
1136.8266552190735	0.024265799999966475	epochs	3.0
1136.8509210190734	0.04812860000015462	epochs	2.0
1136.8509210190734	0.024131000000124914	epochs	3.0
1136.8750520190736	0.023997600000029706	epochs	3.0
1136.8990496190736	0.04760109999983797	epochs	2.0
1136.8990496190736	0.02386579999983951	epochs	3.0
1136.9229154190734	0.02373529999999846	epochs	3.0
1136.9466507190734	0.04708500000015192	epochs	2.0
1136.9466507190734	0.023606299999983094	epochs	3.0
1136.9702570190734	0.02347870000016883	epochs	3.0
1136.9937357190736	0.046579999999948996	epochs	2.0
1136.9937357190736	0.023352499999873544	epochs	3.0
1137.0170882190735	0.02322750000007545	epochs	3.0
1137.0403157190735	0.046085700000048746	epochs	2.0
1137.0403157190735	0.02310399999987567	epochs	3.0
1137.0634197190734	0.022981700000173078	epochs	3.0
1137.0864014190736	0.045601799999985815	epochs	2.0
1137.0864014190736	0.02286069999991014	epochs	3.0
1137.1092621190735	0.022741100000075676	epochs	3.0
1137.1320032190736	0.045127899999897636	epochs	2.0
1137.1320032190736	0.022622499999897627	epochs	3.0
1137.1546257190735	0.02250540000000001	epochs	3.0
1137.1771311190735	0.0446638000000803	epochs	2.0
1137.1771311190735	0.02238929999998618	epochs	3.0
1137.1995204190735	0.022274500000094122	epochs	3.0
1137.2217949190735	0.044209199999841076	epochs	2.0
1137.2217949190735	0.022160799999937808	epochs	3.0
1137.2439557190735	0.022048399999903268	epochs	3.0
1137.2660041190734	0.04376360000014756	epochs	2.0
1137.2660041190734	0.021936900000127935	epochs	3.0
1137.2879410190735	0.021826700000019628	epochs	3.0
1137.3097677190735	0.04332709999994222	epochs	2.0
1137.3097677190735	0.021717599999874437	epochs	3.0
1137.3314853190734	0.021609500000067783	epochs	3.0
1137.3530948190735	0.04289900000003399	epochs	2.0
1137.3530948190735	0.02150249999999687	epochs	3.0
1137.3745973190735	0.021396500000037122	epochs	3.0
1137.3959938190735	0.04247949999989942	epochs	2.0
1137.3959938190735	0.021291699999892444	epochs	3.0
1137.4172855190734	0.021187800000006973	epochs	3.0
1137.4384733190734	0.04206790000012006	epochs	2.0
1137.4384733190734	0.02108490000000529	epochs	3.0
1137.4595582190734	0.02098300000011477	epochs	3.0
1137.4805412190735	0.04166439999994509	epochs	2.0
1137.4805412190735	0.020882199999959994	epochs	3.0
1137.5014234190735	0.020782199999985096	epochs	3.0
1137.5222056190735	0.04126850000011473	epochs	2.0
1137.5222056190735	0.020683299999973315	epochs	3.0
1137.5428889190734	0.020585200000141413	epochs	3.0
1137.5634741190736	0.0408799999997882	epochs	2.0
1137.5634741190736	0.020488099999965925	epochs	3.0
1137.5839622190736	0.02039189999982227	epochs	3.0
1137.6043541190734	0.04049880000002304	epochs	2.0
1137.6043541190734	0.0202966000001652	epochs	3.0
1137.6246507190735	0.02020219999985784	epochs	3.0
1137.6448529190734	0.04012460000012652	epochs	2.0
1137.6448529190734	0.02010870000003706	epochs	3.0
1137.6649616190734	0.02001590000008946	epochs	3.0
1137.6849775190735	0.03975730000001931	epochs	2.0
1137.6849775190735	0.0199241999998776	epochs	3.0
1137.7049017190734	0.019833100000141712	epochs	3.0
1137.7247348190735	0.03939669999999751	epochs	2.0
1137.7247348190735	0.019742999999834865	epochs	3.0
1137.7444778190734	0.019653700000162644	epochs	3.0
1137.7641315190735	0.03904239999997117	epochs	2.0
1137.7641315190735	0.019565099999908853	epochs	3.0
1137.7836966190735	0.019477300000062314	epochs	3.0
1137.8031739190735	0.03869459999987157	epochs	2.0
1137.8031739190735	0.019390400000020236	epochs	3.0
1137.8225643190735	0.019304199999851335	epochs	3.0
1137.8418685190734	0.03835290000006353	epochs	2.0
1137.8418685190734	0.019218800000089686	epochs	3.0
1137.8610873190735	0.01913409999997384	epochs	3.0
1137.8802214190735	0.03801720000001296	epochs	2.0
1137.8802214190735	0.019050200000037876	epochs	3.0
1137.8992716190735	0.018966999999975087	epochs	3.0
1137.9182386190735	0.03768719999993664	epochs	2.0
1137.9182386190735	0.01888450000001285	epochs	3.0
1137.9371231190735	0.01880269999992379	epochs	3.0
1137.9559258190734	0.03736309999999321	epochs	2.0
1137.9559258190734	0.018721700000014607	epochs	3.0
1137.9746475190734	0.018641399999978603	epochs	3.0
1137.9932889190734	0.037044300000161456	epochs	2.0
1137.9932889190734	0.018561600000111866	epochs	3.0
1138.0118505190735	0.01848270000004959	epochs	3.0
1138.0303332190736	0.03673099999991791	epochs	2.0
1138.0303332190736	0.018404299999929208	epochs	3.0
1138.0487375190735	0.018326699999988705	epochs	3.0
1138.0670642190735	0.03642289999993409	epochs	2.0
1138.0670642190735	0.018249599999990096	epochs	3.0
1138.0853138190735	0.018173299999943993	epochs	3.0
1138.1034871190734	0.03612010000006194	epochs	2.0
1138.1034871190734	0.018097600000146485	epochs	3.0
1138.1215847190736	0.018022499999915453	epochs	3.0
1138.1396072190735	0.03582209999990482	epochs	2.0
1138.1396072190735	0.017947900000081063	epochs	3.0
1138.1575551190735	0.01787419999982376	epochs	3.0
1138.1754293190734	0.03552900000022419	epochs	2.0
1138.1754293190734	0.017800800000031813	epochs	3.0
1138.1932301190734	0.017728200000192373	epochs	3.0
1138.2109583190736	0.03524069999980384	epochs	2.0
1138.2109583190736	0.01765609999984008	epochs	3.0
1138.2286144190734	0.017584599999963757	epochs	3.0
1138.2461990190734	0.03495710000015606	epochs	2.0
1138.2461990190734	0.017513700000108656	epochs	3.0
1138.2637127190735	0.017443400000047404	epochs	3.0
1138.2811561190736	0.034677899999906	epochs	2.0
1138.2811561190736	0.017373599999928047	epochs	3.0
1138.2985297190735	0.017304299999977957	epochs	3.0
1138.3158340190735	0.03440330000012182	epochs	2.0
1138.3158340190735	0.017235700000128418	epochs	3.0
1138.3330697190736	0.0171675999999934	epochs	3.0
1138.3502373190736	0.03413279999995211	epochs	2.0
1138.3502373190736	0.01709989999994832	epochs	3.0
1138.3673372190735	0.017032900000003792	epochs	3.0
1138.3843701190735	0.03386669999986225	epochs	2.0
1138.3843701190735	0.01696640000000116	epochs	3.0
1138.4013365190735	0.01690029999986109	epochs	3.0
1138.4182368190734	0.03360459999998966	epochs	2.0
1138.4182368190734	0.016834800000196992	epochs	3.0
1138.4350716190736	0.016769799999792667	epochs	3.0
1138.4518414190734	0.0333466000001863	epochs	2.0
1138.4518414190734	0.016705300000012357	epochs	3.0
1138.4685467190734	0.016641300000173942	epochs	3.0
1138.4851880190736	0.033092499999838765	epochs	2.0
1138.4851880190736	0.016577799999822673	epochs	3.0
1138.5017658190734	0.01651470000001609	epochs	3.0
1138.5182805190734	0.032842300000083924	epochs	2.0
1138.5182805190734	0.01645220000000336	epochs	3.0
1138.5347327190734	0.016390100000080565	epochs	3.0
1138.5511228190735	0.03259570000000167	epochs	2.0
1138.5511228190735	0.016328400000020338	epochs	3.0
1138.5674512190735	0.016267299999981333	epochs	3.0
1138.5837185190735	0.032352899999978035	epochs	2.0
1138.5837185190735	0.016206600000032267	epochs	3.0
1138.5999251190735	0.016146299999945768	epochs	3.0
1138.6160714190735	0.032113700000081735	epochs	2.0
1138.6160714190735	0.016086600000107865	epochs	3.0
1138.6321580190736	0.01602709999997387	epochs	3.0
1138.6481851190736	0.03187800000000607	epochs	2.0
1138.6481851190736	0.0159681999998611	epochs	3.0
1138.6641533190734	0.01590980000014497	epochs	3.0
1138.6800631190736	0.03164569999989908	epochs	2.0
1138.6800631190736	0.015851599999905375	epochs	3.0
1138.6959147190735	0.015794099999993705	epochs	3.0
1138.7117088190735	0.03141670000013619	epochs	2.0
1138.7117088190735	0.01573669999993399	epochs	3.0
1138.7274455190734	0.0156800000002022	epochs	3.0
1138.7431255190736	0.03119109999988723	epochs	2.0
1138.7431255190736	0.015623599999798898	epochs	3.0
1138.7587491190734	0.01556750000008833	epochs	3.0
1138.7743166190735	0.030968699999903038	epochs	2.0
1138.7743166190735	0.015511999999944237	epochs	3.0
1138.7898286190734	0.0154566999999588	epochs	3.0
1138.8052853190734	0.030749500000183616	epochs	2.0
1138.8052853190734	0.015401999999994587	epochs	3.0
1138.8206873190734	0.01534750000018903	epochs	3.0
1138.8360348190736	0.030533199999808858	epochs	2.0
1138.8360348190736	0.015293400000018664	epochs	3.0
1138.8513282190736	0.015239799999790193	epochs	3.0
1138.8665680190734	0.030320100000153616	epochs	2.0
1138.8665680190734	0.015186500000027081	epochs	3.0
1138.8817545190734	0.015133600000126535	epochs	3.0
1138.8968881190735	0.030109899999843037	epochs	2.0
1138.8968881190735	0.015081000000009226	epochs	3.0
1138.9119691190735	0.015028899999833811	epochs	3.0
1138.9269980190734	0.029902500000162036	epochs	2.0
1138.9269980190734	0.014977000000044427	epochs	3.0
1138.9419750190734	0.014925500000117609	epochs	3.0
1138.9569005190735	0.029698099999905025	epochs	2.0
1138.9569005190735	0.014874400000053356	epochs	3.0
1138.9717749190736	0.01482369999985167	epochs	3.0
1138.9865986190734	0.029496300000118936	epochs	2.0
1138.9865986190734	0.014773200000036013	epochs	3.0
1139.0013718190735	0.014723100000082923	epochs	3.0
1139.0160949190736	0.029297399999904883	epochs	2.0
1139.0160949190736	0.014673399999992398	epochs	3.0
1139.0307683190736	0.014623999999912485	epochs	3.0
1139.0453923190735	0.029101099999934377	epochs	2.0
1139.0453923190735	0.014574900000070556	epochs	3.0
1139.0599672190735	0.01452619999986382	epochs	3.0
1139.0744934190734	0.028907399999980044	epochs	2.0
1139.0744934190734	0.014477700000043114	epochs	3.0
1139.0889711190734	0.014429699999936929	epochs	3.0
1139.1034008190734	0.02871620000018993	epochs	2.0
1139.1034008190734	0.014381800000137446	epochs	3.0
1139.1177826190735	0.014334400000052483	epochs	3.0
1139.1321170190736	0.02852759999996124	epochs	2.0
1139.1321170190736	0.014287199999898803	epochs	3.0
1139.1464042190735	0.014240400000062436	epochs	3.0
1139.1606446190735	0.028341400000044814	epochs	2.0
1139.1606446190735	0.014193799999929979	epochs	3.0
1139.1748384190735	0.014147600000114835	epochs	3.0
1139.1889860190736	0.02815769999983786	epochs	2.0
1139.1889860190736	0.014101699999855555	epochs	3.0
1139.2030877190734	0.014055999999982305	epochs	3.0
1139.2171437190734	0.027976300000091214	epochs	2.0
1139.2171437190734	0.014010600000119666	epochs	3.0
1139.2311543190735	0.013965699999971548	epochs	3.0
1139.2451200190735	0.027797199999895383	epochs	2.0
1139.2451200190735	0.013920800000050804	epochs	3.0
1139.2590408190736	0.01387639999984458	epochs	3.0
1139.2729172190734	0.02762040000015986	epochs	2.0
1139.2729172190734	0.013832200000024386	epochs	3.0
1139.2867494190734	0.013788200000135475	epochs	3.0
1139.3005376190736	0.027445899999975154	epochs	2.0
1139.3005376190736	0.013744599999881757	epochs	3.0
1139.3142822190734	0.013701300000093397	epochs	3.0
1139.3279835190735	0.027273499999864725	epochs	2.0
1139.3279835190735	0.013658200000008947	epochs	3.0
1139.3416417190736	0.013615299999855779	epochs	3.0
1139.3552570190734	0.027103399999987232	epochs	2.0
1139.3552570190734	0.013572800000019924	epochs	3.0
1139.3688298190734	0.013530599999967308	epochs	3.0
1139.3823604190734	0.02693520000002536	epochs	2.0
1139.3823604190734	0.013488400000142065	epochs	3.0
1139.3958488190735	0.013446799999883297	epochs	3.0
1139.4092956190734	0.026769199999989723	epochs	2.0
1139.4092956190734	0.013405200000079276	epochs	3.0
1139.4227008190735	0.013363999999910448	epochs	3.0
1139.4360648190734	0.02660520000017641	epochs	2.0
1139.4360648190734	0.013322900000048321	epochs	3.0
1139.4493877190735	0.013282300000128089	epochs	3.0
1139.4626700190736	0.0264431999999033	epochs	2.0
1139.4626700190736	0.013241699999980483	epochs	3.0
1139.4759117190736	0.013201499999922817	epochs	3.0
1139.4891132190735	0.026283200000079887	epochs	2.0
1139.4891132190735	0.013161500000023807	epochs	3.0
1139.5022747190735	0.01312170000005608	epochs	3.0
1139.5153964190736	0.026124999999865395	epochs	2.0
1139.5153964190736	0.013082100000019636	epochs	3.0
1139.5284785190736	0.013042899999845758	epochs	3.0
1139.5415214190734	0.025968899999952555	epochs	2.0
1139.5415214190734	0.01300390000005791	epochs	3.0
1139.5545253190735	0.012964999999894644	epochs	3.0
1139.5674903190734	0.025814500000024054	epochs	2.0
1139.5674903190734	0.012926400000196736	epochs	3.0
1139.5804167190736	0.012888099999827318	epochs	3.0
1139.5933048190734	0.02566190000015922	epochs	2.0
1139.5933048190734	0.012849899999991976	epochs	3.0
1139.6061547190734	0.012812000000167245	epochs	3.0
1139.6189667190736	0.025511199999982637	epochs	2.0
1139.6189667190736	0.012774399999898378	epochs	3.0
1139.6317411190735	0.012736800000084258	epochs	3.0
1139.6444779190736	0.02536229999986972	epochs	2.0
1139.6444779190736	0.01269969999998466	epochs	3.0
1139.6571776190735	0.01266259999988506	epochs	3.0
1139.6698402190734	0.02521500000011656	epochs	2.0
1139.6698402190734	0.012625800000023446	epochs	3.0
1139.6824660190734	0.012589200000093115	epochs	3.0
1139.6950552190735	0.024584799999956886	epochs	2.0
1139.7173590190735	0.5	epochs	-1.0
1139.7196400190735	0.5248799999999392	epochs	1.0
1140.2445200190734	0.47504000000003543	epochs	0.0
1140.648000240326	0.11464000000000851	epochs	0.0
1140.648000240326	0.05232169999999314	epochs	1.0
1140.700321940326	0.009996600000022227	epochs	1.0
1140.710318540326	0.05232169999999314	epochs	1.0
1140.762640240326	2.0	epochs	0.0
1142.762640240326	11.445919999999887	epochs	0.0
1142.762640240326	1.0	epochs	1.0
1142.762679240326	0.5	epochs	-1.0
1143.262679240326	10.945880999999872	epochs	-1.0
1143.762640240326	10.445919999999887	epochs	1.0
1143.762640240326	4.356753900000058	epochs	-1.0
1143.762640240326	1.9745872000000873	epochs	2.0
1143.762640240326	1.0985622000000603	epochs	3.0
1144.861202440326	0.8760250000000269	epochs	3.0
1145.737227440326	1.3524074999997993	epochs	2.0
1145.737227440326	0.7286354999998821	epochs	3.0
1146.465862940326	0.6237719999999172	epochs	3.0
1147.0896349403258	1.0297592000001714	epochs	2.0
1147.0896349403258	0.5453293000000485	epochs	3.0
1147.6349642403259	0.48442990000012287	epochs	3.0
1148.119394140326	0.8317861999998968	epochs	2.0
1148.119394140326	0.4357763000000432	epochs	3.0
1148.555170440326	0.3960098999998536	epochs	3.0
1148.951180340326	0.6977970000000369	epochs	2.0
1148.951180340326	0.3628982000000178	epochs	3.0
1149.314078540326	0.33489880000001904	epochs	3.0
1149.648977340326	0.601045699999986	epochs	2.0
1149.648977340326	0.3109122999999272	epochs	3.0
1149.9598896403259	0.2901334000000588	epochs	3.0
1150.250023040326	0.5278859000000011	epochs	2.0
1150.250023040326	0.2719586000000618	epochs	3.0
1150.521981640326	0.25592729999993935	epochs	3.0
1150.777908940326	0.470619299999953	epochs	2.0
1150.777908940326	0.241681299999982	epochs	3.0
1151.019590240326	0.228937999999971	epochs	3.0
1151.2485282403259	0.42457039999999324	epochs	2.0
1151.2485282403259	0.21747140000002219	epochs	3.0
1151.465999640326	0.20709899999997106	epochs	3.0
1151.6730986403259	0.3867354000001342	epochs	2.0
1151.6730986403259	0.19767109999997956	epochs	3.0
1151.8707697403258	0.18906430000015462	epochs	3.0
1152.059834040326	0.35509529999990264	epochs	2.0
1152.059834040326	0.18117589999997108	epochs	3.0
1152.241009940326	0.17391939999993156	epochs	3.0
1152.414929340326	0.3282431000000088	epochs	2.0
1152.414929340326	0.16722189999995862	epochs	3.0
1152.5821512403259	0.16102120000005016	epochs	3.0
1152.743172440326	0.30516800000009425	epochs	2.0
1152.743172440326	0.15526389999990897	epochs	3.0
1152.8984363403258	0.14990410000018528	epochs	3.0
1153.048340440326	0.28512529999989056	epochs	2.0
1153.048340440326	0.14490209999985382	epochs	3.0
1153.1932425403259	0.14022320000003674	epochs	3.0
1153.333465740326	0.267553800000087	epochs	2.0
1153.333465740326	0.1358368999999584	epochs	3.0
1153.4693026403259	0.1317169000001286	epochs	3.0
1153.601019540326	0.252022899999929	epochs	2.0
1153.601019540326	0.1278393000000051	epochs	3.0
1153.728858840326	0.1241835999999239	epochs	3.0
1153.853042440326	0.23819649999995818	epochs	2.0
1153.853042440326	0.12073110000005727	epochs	3.0
1153.973773540326	0.11746539999990091	epochs	3.0
1154.0912389403259	0.11732129999995777	epochs	2.0
1154.0912389403259	0.11437190000015107	epochs	3.0
1154.205610840326	0.002949399999806701	epochs	3.0
1154.2085602403258	10.554000000000087	epochs	0.0
1154.5560002326965	0.11464000000000851	epochs	0.0
1154.5560002326965	0.05232169999999314	epochs	1.0
1154.6083219326965	0.009996600000022227	epochs	1.0
1154.6183185326965	0.05232169999999314	epochs	1.0
1154.6706402326965	2.0	epochs	0.0
1156.6706402326965	0.543920000000071	epochs	0.0
1156.6706402326965	0.543920000000071	epochs	1.0
1156.6706792326966	0.5	epochs	-1.0
1157.1706792326966	0.04388100000005579	epochs	-1.0
1157.2145602326966	21.455999999999904	epochs	0.0
1158.3780002593994	0.11464000000000851	epochs	0.0
1158.3780002593994	0.05232169999999314	epochs	1.0
1158.4303219593994	0.009996600000022227	epochs	1.0
1158.4403185593994	0.05232169999999314	epochs	1.0
1158.4926402593994	2.0	epochs	0.0
1160.4926402593994	0.5459200000000237	epochs	0.0
1160.4926402593994	0.5459200000000237	epochs	1.0
1160.4926792593994	0.5	epochs	-1.0
1160.9926792593994	0.0458810000000085	epochs	-1.0
1161.0385602593994	21.45399999999995	epochs	0.0
1186.804000377655	0.11464000000000851	epochs	0.0
1186.804000377655	0.05232169999999314	epochs	1.0
1186.856322077655	0.009996600000022227	epochs	1.0
1186.866318677655	0.05232169999999314	epochs	1.0
1186.918640377655	0.2299199999999928	epochs	0.0
1186.918640377655	0.049999999999954525	epochs	1.0
1186.968640377655	0.009999999999990905	epochs	1.0
1186.978640377655	0.049999999999954525	epochs	1.0
1187.028640377655	0.009999999999990905	epochs	1.0
1187.038640377655	0.0500000000001819	epochs	1.0
1187.088640377655	0.009999999999990905	epochs	1.0
1187.098640377655	0.04991999999992913	epochs	1.0
