onset	duration	nwb_table	treelevel
8.276000022888184	0.09999999999999964	epochs	0.0
8.276000022888184	0.04499999999999993	epochs	1.0
8.321000022888184	0.009999999999999787	epochs	1.0
8.331000022888183	0.04499999999999993	epochs	1.0
8.376000022888183	0.5399150000000006	epochs	0.0
8.376000022888183	0.5	epochs	-1.0
8.376000022888183	0.5	epochs	-1.0
8.376000022888183	0.5	epochs	1.0
8.876000022888183	0.03991500000000059	epochs	-1.0
8.876000022888183	0.025000000000000355	epochs	-1.0
8.876000022888183	0.025000000000000355	epochs	1.0
8.901000022888184	0.009999999999999787	epochs	-1.0
8.901000022888184	0.009999999999999787	epochs	1.0
8.911000022888183	0.004915000000000447	epochs	-1.0
8.911000022888183	0.004915000000000447	epochs	1.0
8.915915022888184	0.16507999999999967	epochs	0.0
9.098000049591064	0.09999999999999964	epochs	0.0
9.098000049591064	0.04499999999999993	epochs	1.0
9.143000049591064	0.009999999999999787	epochs	1.0
9.153000049591064	0.04499999999999993	epochs	1.0
9.198000049591064	0.7049950000000003	epochs	0.0
9.198000049591064	0.5	epochs	-1.0
9.198000049591064	0.5	epochs	-1.0
9.198000049591064	0.5	epochs	1.0
9.698000049591064	0.0600000000000005	epochs	-1.0
9.698000049591064	0.025000000000000355	epochs	-1.0
9.698000049591064	0.025000000000000355	epochs	1.0
9.723000049591064	0.009999999999999787	epochs	-1.0
9.723000049591064	0.009999999999999787	epochs	1.0
9.733000049591064	0.025000000000000355	epochs	-1.0
9.733000049591064	0.025000000000000355	epochs	1.0
9.758000049591065	0.0600000000000005	epochs	-1.0
9.758000049591065	0.025000000000000355	epochs	-1.0
9.758000049591065	0.025000000000000355	epochs	1.0
9.783000049591065	0.009999999999999787	epochs	-1.0
9.783000049591065	0.009999999999999787	epochs	1.0
9.793000049591065	0.025000000000000355	epochs	-1.0
9.793000049591065	0.025000000000000355	epochs	1.0
9.818000049591065	0.05999999999999872	epochs	-1.0
9.818000049591065	0.02499999999999858	epochs	-1.0
9.818000049591065	0.02499999999999858	epochs	1.0
9.843000049591064	0.010000000000001563	epochs	-1.0
9.843000049591064	0.010000000000001563	epochs	1.0
9.853000049591065	0.02499999999999858	epochs	-1.0
9.853000049591065	0.02499999999999858	epochs	1.0
9.878000049591064	0.024995000000000545	epochs	1.0
321.8289999961853	0.10000000000002274	epochs	0.0
321.8289999961853	0.045000000000015916	epochs	1.0
321.8739999961853	0.009999999999990905	epochs	1.0
321.8839999961853	0.045000000000015916	epochs	1.0
321.9289999961853	0.7049949999999967	epochs	0.0
321.9289999961853	0.5	epochs	-1.0
321.9289999961853	0.5	epochs	1.0
322.4289999961853	0.060000000000002274	epochs	-1.0
322.4289999961853	0.024999999999977263	epochs	-1.0
322.4289999961853	0.024999999999977263	epochs	1.0
322.4539999961853	0.009999999999990905	epochs	-1.0
322.4539999961853	0.009999999999990905	epochs	1.0
322.4639999961853	0.025000000000034106	epochs	-1.0
322.4639999961853	0.025000000000034106	epochs	1.0
322.4889999961853	0.060000000000002274	epochs	-1.0
322.4889999961853	0.024999999999977263	epochs	-1.0
322.4889999961853	0.024999999999977263	epochs	1.0
322.5139999961853	0.009999999999990905	epochs	-1.0
322.5139999961853	0.009999999999990905	epochs	1.0
322.5239999961853	0.025000000000034106	epochs	-1.0
322.5239999961853	0.025000000000034106	epochs	1.0
322.54899999618533	0.05999999999994543	epochs	-1.0
322.54899999618533	0.024999999999977263	epochs	-1.0
322.54899999618533	0.024999999999977263	epochs	1.0
322.5739999961853	0.009999999999990905	epochs	-1.0
322.5739999961853	0.009999999999990905	epochs	1.0
322.5839999961853	0.024999999999977263	epochs	-1.0
322.5839999961853	0.024999999999977263	epochs	1.0
322.6089999961853	0.02499500000004673	epochs	1.0
478.59299993515015	0.10000000000002274	epochs	0.0
478.59299993515015	0.045000000000015916	epochs	1.0
478.63799993515016	0.009999999999990905	epochs	1.0
478.64799993515015	0.045000000000015916	epochs	1.0
478.69299993515017	61.384995	epochs	0.0
478.69299993515017	0.5	epochs	-1.0
478.69299993515017	0.5	epochs	-1.0
478.69299993515017	0.5	epochs	1.0
479.19299993515017	0.060000000000002274	epochs	-1.0
479.19299993515017	0.024999999999977263	epochs	-1.0
479.19299993515017	0.024999999999977263	epochs	1.0
479.21799993515015	0.009999999999990905	epochs	-1.0
479.21799993515015	0.009999999999990905	epochs	1.0
479.22799993515014	0.025000000000034106	epochs	-1.0
479.22799993515014	0.025000000000034106	epochs	1.0
479.25299993515017	0.060000000000002274	epochs	-1.0
479.25299993515017	0.024999999999977263	epochs	-1.0
479.25299993515017	0.024999999999977263	epochs	1.0
479.27799993515015	0.009999999999990905	epochs	-1.0
479.27799993515015	0.009999999999990905	epochs	1.0
479.28799993515014	0.025000000000034106	epochs	-1.0
479.28799993515014	0.025000000000034106	epochs	1.0
479.3129999351502	0.05999999999994543	epochs	-1.0
479.3129999351502	0.024999999999977263	epochs	-1.0
479.3129999351502	0.024999999999977263	epochs	1.0
479.33799993515015	0.009999999999990905	epochs	-1.0
479.33799993515015	0.009999999999990905	epochs	1.0
479.34799993515014	0.024999999999977263	epochs	-1.0
479.34799993515014	0.024999999999977263	epochs	1.0
479.3729999351501	60.0	epochs	1.0
539.3729999351501	0.5	epochs	-1.0
539.3729999351501	0.5	epochs	-1.0
539.3729999351501	0.5	epochs	1.0
539.8729999351501	0.06000000000005912	epochs	-1.0
539.8729999351501	0.024999999999977263	epochs	-1.0
539.8729999351501	0.024999999999977263	epochs	1.0
539.8979999351501	0.010000000000104592	epochs	-1.0
539.8979999351501	0.010000000000104592	epochs	1.0
539.9079999351502	0.024999999999977263	epochs	-1.0
539.9079999351502	0.024999999999977263	epochs	1.0
539.9329999351502	0.05999999999994543	epochs	-1.0
539.9329999351502	0.024999999999977263	epochs	-1.0
539.9329999351502	0.024999999999977263	epochs	1.0
539.9579999351502	0.009999999999990905	epochs	-1.0
539.9579999351502	0.009999999999990905	epochs	1.0
539.9679999351501	0.024999999999977263	epochs	-1.0
539.9679999351501	0.024999999999977263	epochs	1.0
539.9929999351501	0.06000000000005912	epochs	-1.0
539.9929999351501	0.024999999999977263	epochs	-1.0
539.9929999351501	0.024999999999977263	epochs	1.0
540.0179999351501	0.009999999999990905	epochs	-1.0
540.0179999351501	0.009999999999990905	epochs	1.0
540.0279999351501	0.02500000000009095	epochs	-1.0
540.0279999351501	0.02500000000009095	epochs	1.0
540.0529999351502	0.024994999999989886	epochs	1.0
575.914999961853	0.10000000000002274	epochs	0.0
575.914999961853	0.04499999999995907	epochs	1.0
575.959999961853	0.009999999999990905	epochs	1.0
575.969999961853	0.04500000000007276	epochs	1.0
576.014999961853	0.5399249999999256	epochs	0.0
576.014999961853	0.5	epochs	-1.0
576.014999961853	0.5	epochs	-1.0
576.014999961853	0.5	epochs	1.0
576.514999961853	0.0399249999999256	epochs	-1.0
576.514999961853	0.024999999999977263	epochs	-1.0
576.514999961853	0.024999999999977263	epochs	1.0
576.539999961853	0.009999999999990905	epochs	-1.0
576.539999961853	0.009999999999990905	epochs	1.0
576.549999961853	0.004924999999957436	epochs	-1.0
576.549999961853	0.004924999999957436	epochs	1.0
576.554924961853	0.16507000000001426	epochs	0.0
576.8759999275208	0.10000000000002274	epochs	0.0
576.8759999275208	0.04499999999995907	epochs	1.0
576.9209999275207	0.009999999999990905	epochs	1.0
576.9309999275207	0.04500000000007276	epochs	1.0
576.9759999275208	0.5409149999999272	epochs	0.0
576.9759999275208	0.5	epochs	-1.0
576.9759999275208	0.5	epochs	-1.0
576.9759999275208	0.5	epochs	1.0
577.4759999275208	0.040914999999927204	epochs	-1.0
577.4759999275208	0.024999999999977263	epochs	-1.0
577.4759999275208	0.024999999999977263	epochs	1.0
577.5009999275208	0.009999999999990905	epochs	-1.0
577.5009999275208	0.009999999999990905	epochs	1.0
577.5109999275207	0.005914999999959036	epochs	-1.0
577.5109999275207	0.005914999999959036	epochs	1.0
577.5169149275207	0.16408000000001266	epochs	0.0
577.8309998512268	0.10000000000002274	epochs	0.0
577.8309998512268	0.04499999999995907	epochs	1.0
577.8759998512268	0.009999999999990905	epochs	1.0
577.8859998512268	0.04500000000007276	epochs	1.0
577.9309998512268	0.5409099999999398	epochs	0.0
577.9309998512268	0.5	epochs	-1.0
577.9309998512268	0.5	epochs	-1.0
577.9309998512268	0.5	epochs	1.0
578.4309998512268	0.04090999999993983	epochs	-1.0
578.4309998512268	0.024999999999977263	epochs	-1.0
578.4309998512268	0.024999999999977263	epochs	1.0
578.4559998512268	0.009999999999990905	epochs	-1.0
578.4559998512268	0.009999999999990905	epochs	1.0
578.4659998512268	0.00590999999997166	epochs	-1.0
578.4659998512268	0.00590999999997166	epochs	1.0
578.4719098512268	0.16408500000000004	epochs	0.0
627.0029997825623	0.10000000000002274	epochs	0.0
627.0029997825623	0.04499999999995907	epochs	1.0
627.0479997825622	0.009999999999990905	epochs	1.0
627.0579997825622	0.04500000000007276	epochs	1.0
627.1029997825623	0.5399249999999256	epochs	0.0
627.1029997825623	0.5	epochs	-1.0
627.1029997825623	0.5	epochs	-1.0
627.1029997825623	0.5	epochs	1.0
627.6029997825623	0.0399249999999256	epochs	-1.0
627.6029997825623	0.024999999999977263	epochs	-1.0
627.6029997825623	0.024999999999977263	epochs	1.0
627.6279997825623	0.009999999999990905	epochs	-1.0
627.6279997825623	0.009999999999990905	epochs	1.0
627.6379997825622	0.004924999999957436	epochs	-1.0
627.6379997825622	0.004924999999957436	epochs	1.0
627.6429247825622	0.16507000000001426	epochs	0.0
627.9479999542236	0.10000000000002274	epochs	0.0
627.9479999542236	0.04499999999995907	epochs	1.0
627.9929999542236	0.009999999999990905	epochs	1.0
628.0029999542236	0.04500000000007276	epochs	1.0
628.0479999542237	0.5399499999999762	epochs	0.0
628.0479999542237	0.5	epochs	-1.0
628.0479999542237	0.5	epochs	-1.0
628.0479999542237	0.5	epochs	1.0
628.5479999542237	0.03994999999997617	epochs	-1.0
628.5479999542237	0.024999999999977263	epochs	-1.0
628.5479999542237	0.024999999999977263	epochs	1.0
628.5729999542236	0.009999999999990905	epochs	-1.0
628.5729999542236	0.009999999999990905	epochs	1.0
628.5829999542236	0.0049500000000080036	epochs	-1.0
628.5829999542236	0.0049500000000080036	epochs	1.0
628.5879499542236	0.1650449999999637	epochs	0.0
628.9019999504089	0.10000000000002274	epochs	0.0
628.9019999504089	0.04499999999995907	epochs	1.0
628.9469999504089	0.009999999999990905	epochs	1.0
628.9569999504089	0.04500000000007276	epochs	1.0
629.001999950409	0.5399449999999888	epochs	0.0
629.001999950409	0.5	epochs	-1.0
629.001999950409	0.5	epochs	-1.0
629.001999950409	0.5	epochs	1.0
629.501999950409	0.039944999999988795	epochs	-1.0
629.501999950409	0.024999999999977263	epochs	-1.0
629.501999950409	0.024999999999977263	epochs	1.0
629.5269999504089	0.009999999999990905	epochs	-1.0
629.5269999504089	0.009999999999990905	epochs	1.0
629.5369999504089	0.004945000000020627	epochs	-1.0
629.5369999504089	0.004945000000020627	epochs	1.0
629.541944950409	0.16504999999995107	epochs	0.0
700.066999912262	0.09688000000005559	epochs	0.0
700.066999912262	0.04344100000002982	epochs	1.0
700.110440912262	0.009997999999995955	epochs	1.0
700.120438912262	0.04344100000002982	epochs	1.0
700.163899112262	0.5	epochs	-1.0
700.163899112262	0.5	epochs	-1.0
700.163899912262	5.9999800000000505	epochs	0.0
700.163899912262	0.5	epochs	1.0
700.663899912262	5.0	epochs	1.0
705.663899112262	0.499980800000003	epochs	-1.0
705.663899912262	0.4999800000000505	epochs	1.0
728.2569999694824	0.09688000000005559	epochs	0.0
728.2569999694824	0.04344100000002982	epochs	1.0
728.3004409694825	0.009997999999995955	epochs	1.0
728.3104389694824	0.04344100000002982	epochs	1.0
728.3538991694825	0.5	epochs	-1.0
728.3538999694824	2.5030199999999923	epochs	0.0
728.3538999694824	0.5	epochs	1.0
728.8538999694824	1.0	epochs	1.0
729.8538999694824	1.0030199999999923	epochs	1.0
730.3538991694825	0.5	epochs	-1.0
730.8569199694824	0.9969600000000582	epochs	0.0
731.1259999275208	0.09688000000005559	epochs	0.0
731.1259999275208	0.04344100000002982	epochs	1.0
731.1694409275208	0.009997999999995955	epochs	1.0
731.1794389275208	0.04344100000002982	epochs	1.0
731.2228991275208	0.5	epochs	-1.0
731.2228999275208	2.503939999999943	epochs	0.0
731.2228999275208	0.5	epochs	1.0
731.7228999275208	1.0	epochs	1.0
732.7228999275208	1.0039399999999432	epochs	1.0
733.2228991275208	0.5	epochs	-1.0
733.7268399275207	0.9960400000001073	epochs	0.0
733.9759998321533	0.09688000000005559	epochs	0.0
733.9759998321533	0.04344100000002982	epochs	1.0
734.0194408321534	0.009997999999995955	epochs	1.0
734.0294388321533	0.04344100000002982	epochs	1.0
734.0728990321534	0.5	epochs	-1.0
734.0728998321533	2.503979999999956	epochs	0.0
734.0728998321533	0.5	epochs	1.0
734.5728998321533	1.0	epochs	1.0
735.5728998321533	1.003979999999956	epochs	1.0
736.0728990321534	0.5	epochs	-1.0
736.5768798321533	0.9960000000000946	epochs	0.0
736.8359999656677	0.09688000000005559	epochs	0.0
736.8359999656677	0.04344100000002982	epochs	1.0
736.8794409656678	0.009997999999995955	epochs	1.0
736.8894389656678	0.04344100000002982	epochs	1.0
736.9328991656678	0.5	epochs	-1.0
736.9328999656677	2.5029799999999796	epochs	0.0
736.9328999656677	0.5	epochs	1.0
737.4328999656677	1.0	epochs	1.0
738.4328999656677	1.0029799999999796	epochs	1.0
738.9328991656678	0.5	epochs	-1.0
739.4358799656677	0.9970000000000709	epochs	0.0
739.701000213623	0.09688000000005559	epochs	0.0
739.701000213623	0.04344100000002982	epochs	1.0
739.7444412136231	0.009997999999995955	epochs	1.0
739.7544392136231	0.04344100000002982	epochs	1.0
739.7978994136231	0.5	epochs	-1.0
739.797900213623	2.5039199999999937	epochs	0.0
739.797900213623	0.5	epochs	1.0
740.297900213623	1.0	epochs	1.0
741.297900213623	1.0039199999999937	epochs	1.0
741.7978994136231	0.5	epochs	-1.0
742.301820213623	0.9960600000000568	epochs	0.0
742.5840001106262	0.6499800000000278	epochs	0.0
742.5840001106262	0.049999999999954525	epochs	1.0
742.6340001106262	0.5	epochs	1.0
743.1340001106262	0.09998000000007323	epochs	1.0
743.5339999198914	0.6499800000000278	epochs	0.0
743.5339999198914	0.049999999999954525	epochs	1.0
743.5839999198913	0.5	epochs	1.0
744.0839999198913	0.09998000000007323	epochs	1.0
744.4679999351501	0.6499800000000278	epochs	0.0
744.4679999351501	0.049999999999954525	epochs	1.0
744.5179999351501	0.5	epochs	1.0
745.0179999351501	0.09998000000007323	epochs	1.0
745.4130001068115	0.6499800000000278	epochs	0.0
745.4130001068115	0.049999999999954525	epochs	1.0
745.4630001068115	0.5	epochs	1.0
745.9630001068115	0.09998000000007323	epochs	1.0
746.3600001335144	0.6499800000000278	epochs	0.0
746.3600001335144	0.049999999999954525	epochs	1.0
746.4100001335144	0.5	epochs	1.0
746.9100001335144	0.09998000000007323	epochs	1.0
747.2810001373291	0.6499800000000278	epochs	0.0
747.2810001373291	0.049999999999954525	epochs	1.0
747.331000137329	0.5	epochs	1.0
747.831000137329	0.09998000000007323	epochs	1.0
748.2239999771118	0.6499800000000278	epochs	0.0
748.2239999771118	0.049999999999954525	epochs	1.0
748.2739999771118	0.5	epochs	1.0
748.7739999771118	0.09998000000007323	epochs	1.0
749.1579999923706	0.6499800000000278	epochs	0.0
749.1579999923706	0.049999999999954525	epochs	1.0
749.2079999923706	0.5	epochs	1.0
749.7079999923706	0.09998000000007323	epochs	1.0
750.143000125885	0.09688000000005559	epochs	0.0
750.143000125885	0.04344100000002982	epochs	1.0
750.186441125885	0.009997999999995955	epochs	1.0
750.196439125885	0.04344100000002982	epochs	1.0
750.2398993258851	0.5	epochs	-1.0
750.239900125885	2.5029799999999796	epochs	0.0
750.239900125885	0.5	epochs	1.0
750.739900125885	1.0	epochs	1.0
751.739900125885	1.0029799999999796	epochs	1.0
752.2398993258851	0.5	epochs	-1.0
752.742880125885	2.997000000000071	epochs	0.0
755.326000213623	0.09688000000005559	epochs	0.0
755.326000213623	0.04344100000002982	epochs	1.0
755.3694412136231	0.009997999999995955	epochs	1.0
755.3794392136231	0.04344100000002982	epochs	1.0
755.4228994136231	0.5	epochs	-1.0
755.422900213623	2.5029799999999796	epochs	0.0
755.422900213623	0.5	epochs	1.0
755.922900213623	1.0	epochs	1.0
756.922900213623	1.0029799999999796	epochs	1.0
757.4228994136231	0.5	epochs	-1.0
757.925880213623	2.997000000000071	epochs	0.0
760.5419998168945	0.09688000000005559	epochs	0.0
760.5419998168945	0.04344100000002982	epochs	1.0
760.5854408168946	0.009997999999995955	epochs	1.0
760.5954388168946	0.04344100000002982	epochs	1.0
760.6388990168946	0.5	epochs	-1.0
760.6388998168945	2.5029799999999796	epochs	0.0
760.6388998168945	0.5	epochs	1.0
761.1388998168945	1.0	epochs	1.0
762.1388998168945	1.0029799999999796	epochs	1.0
762.6388990168946	0.5	epochs	-1.0
763.1418798168945	3.997000000000071	epochs	0.0
763.4689998626709	0.09688000000005559	epochs	0.0
763.4689998626709	0.04344100000002982	epochs	1.0
763.5124408626709	0.009997999999995955	epochs	1.0
763.5224388626709	0.04344100000002982	epochs	1.0
763.565899062671	0.5	epochs	-1.0
763.5658998626709	2.503979999999956	epochs	0.0
763.5658998626709	0.5	epochs	1.0
764.0658998626709	1.0	epochs	1.0
765.0658998626709	1.003979999999956	epochs	1.0
765.565899062671	0.5	epochs	-1.0
766.0698798626709	3.9960000000000946	epochs	0.0
766.3699998855591	0.09688000000005559	epochs	0.0
766.3699998855591	0.04344100000002982	epochs	1.0
766.4134408855591	0.009997999999995955	epochs	1.0
766.4234388855591	0.04344100000002982	epochs	1.0
766.4668990855591	0.5	epochs	-1.0
766.4668998855591	2.5039199999999937	epochs	0.0
766.4668998855591	0.5	epochs	1.0
766.9668998855591	1.0	epochs	1.0
767.9668998855591	1.0039199999999937	epochs	1.0
768.4668990855591	0.5	epochs	-1.0
768.9708198855591	3.996060000000057	epochs	0.0
769.2789998054504	0.09688000000005559	epochs	0.0
769.2789998054504	0.04344100000002982	epochs	1.0
769.3224408054505	0.009997999999995955	epochs	1.0
769.3324388054505	0.04344100000002982	epochs	1.0
769.3758990054505	0.5	epochs	-1.0
769.3758998054504	2.5019399999999905	epochs	0.0
769.3758998054504	0.5	epochs	1.0
769.8758998054504	1.0	epochs	1.0
770.8758998054504	1.0019399999999905	epochs	1.0
771.3758990054505	0.5	epochs	-1.0
771.8778398054504	3.99804000000006	epochs	0.0
772.1820001602173	0.09688000000005559	epochs	0.0
772.1820001602173	0.04344100000002982	epochs	1.0
772.2254411602173	0.009997999999995955	epochs	1.0
772.2354391602173	0.04344100000002982	epochs	1.0
772.2788993602173	0.5	epochs	-1.0
772.2789001602173	2.5039600000000064	epochs	0.0
772.2789001602173	0.5	epochs	1.0
772.7789001602173	1.0	epochs	1.0
773.7789001602173	1.0039600000000064	epochs	1.0
774.2788993602173	0.5	epochs	-1.0
774.7828601602173	3.996020000000044	epochs	0.0
775.103000164032	0.09688000000005559	epochs	0.0
775.103000164032	0.04344100000002982	epochs	1.0
775.146441164032	0.009997999999995955	epochs	1.0
775.156439164032	0.04344100000002982	epochs	1.0
775.199899364032	0.5	epochs	-1.0
775.199900164032	2.50296000000003	epochs	0.0
775.199900164032	0.5	epochs	1.0
775.699900164032	1.0	epochs	1.0
776.699900164032	1.00296000000003	epochs	1.0
777.199899364032	0.5	epochs	-1.0
777.702860164032	3.9970200000000204	epochs	0.0
778.0279998779297	0.15297999999995682	epochs	0.0
778.0279998779297	0.049999999999954525	epochs	1.0
778.0779998779296	0.0030000000000427463	epochs	1.0
778.0809998779297	0.09997999999995955	epochs	1.0
778.5009999275208	0.15297999999995682	epochs	0.0
778.5009999275208	0.049999999999954525	epochs	1.0
778.5509999275207	0.0030000000000427463	epochs	1.0
778.5539999275207	0.09997999999995955	epochs	1.0
778.9539999961853	0.15297999999995682	epochs	0.0
778.9539999961853	0.049999999999954525	epochs	1.0
779.0039999961853	0.0030000000000427463	epochs	1.0
779.0069999961853	0.09997999999995955	epochs	1.0
779.4039998054504	0.15297999999995682	epochs	0.0
779.4039998054504	0.049999999999954525	epochs	1.0
779.4539998054504	0.0030000000000427463	epochs	1.0
779.4569998054504	0.09997999999995955	epochs	1.0
779.8509998321533	0.15297999999995682	epochs	0.0
779.8509998321533	0.049999999999954525	epochs	1.0
779.9009998321533	0.0030000000000427463	epochs	1.0
779.9039998321533	0.09997999999995955	epochs	1.0
780.3239998817444	0.15297999999995682	epochs	0.0
780.3239998817444	0.049999999999954525	epochs	1.0
780.3739998817443	0.0030000000000427463	epochs	1.0
780.3769998817444	0.09997999999995955	epochs	1.0
780.7870001792908	0.15297999999995682	epochs	0.0
780.7870001792908	0.049999999999954525	epochs	1.0
780.8370001792907	0.0030000000000427463	epochs	1.0
780.8400001792908	0.09997999999995955	epochs	1.0
781.2610001564026	0.15297999999995682	epochs	0.0
781.2610001564026	0.049999999999954525	epochs	1.0
781.3110001564025	0.0030000000000427463	epochs	1.0
781.3140001564026	0.09997999999995955	epochs	1.0
781.7220001220703	0.15297999999995682	epochs	0.0
781.7220001220703	0.049999999999954525	epochs	1.0
781.7720001220703	0.0030000000000427463	epochs	1.0
781.7750001220703	0.09997999999995955	epochs	1.0
782.1770000457764	0.15297999999995682	epochs	0.0
782.1770000457764	0.049999999999954525	epochs	1.0
782.2270000457763	0.0030000000000427463	epochs	1.0
782.2300000457764	0.09997999999995955	epochs	1.0
782.6529998779297	0.15297999999995682	epochs	0.0
782.6529998779297	0.049999999999954525	epochs	1.0
782.7029998779296	0.0030000000000427463	epochs	1.0
782.7059998779297	0.09997999999995955	epochs	1.0
783.1300001144409	0.15297999999995682	epochs	0.0
783.1300001144409	0.049999999999954525	epochs	1.0
783.1800001144409	0.0030000000000427463	epochs	1.0
783.1830001144409	0.09997999999995955	epochs	1.0
783.6059999465942	0.15297999999995682	epochs	0.0
783.6059999465942	0.049999999999954525	epochs	1.0
783.6559999465942	0.0030000000000427463	epochs	1.0
783.6589999465942	0.09997999999995955	epochs	1.0
784.0710000991821	0.15297999999995682	epochs	0.0
784.0710000991821	0.049999999999954525	epochs	1.0
784.1210000991821	0.0030000000000427463	epochs	1.0
784.1240000991821	0.09997999999995955	epochs	1.0
784.558000087738	0.15297999999995682	epochs	0.0
784.558000087738	0.049999999999954525	epochs	1.0
784.608000087738	0.0030000000000427463	epochs	1.0
784.611000087738	0.09997999999995955	epochs	1.0
785.0390000343323	0.15297999999995682	epochs	0.0
785.0390000343323	0.049999999999954525	epochs	1.0
785.0890000343322	0.0030000000000427463	epochs	1.0
785.0920000343323	0.09997999999995955	epochs	1.0
785.5139999389648	0.15297999999995682	epochs	0.0
785.5139999389648	0.049999999999954525	epochs	1.0
785.5639999389648	0.0030000000000427463	epochs	1.0
785.5669999389648	0.09997999999995955	epochs	1.0
786.0069999694824	0.15297999999995682	epochs	0.0
786.0069999694824	0.049999999999954525	epochs	1.0
786.0569999694824	0.0030000000000427463	epochs	1.0
786.0599999694824	0.09997999999995955	epochs	1.0
786.5089998245239	0.15297999999995682	epochs	0.0
786.5089998245239	0.049999999999954525	epochs	1.0
786.5589998245239	0.0030000000000427463	epochs	1.0
786.5619998245239	0.09997999999995955	epochs	1.0
787.039999961853	0.15297999999995682	epochs	0.0
787.039999961853	0.049999999999954525	epochs	1.0
787.089999961853	0.0030000000000427463	epochs	1.0
787.092999961853	0.09997999999995955	epochs	1.0
787.5520000457764	0.15297999999995682	epochs	0.0
787.5520000457764	0.049999999999954525	epochs	1.0
787.6020000457763	0.0030000000000427463	epochs	1.0
787.6050000457764	0.09997999999995955	epochs	1.0
788.0840001106262	0.15297999999995682	epochs	0.0
788.0840001106262	0.049999999999954525	epochs	1.0
788.1340001106262	0.0030000000000427463	epochs	1.0
788.1370001106262	0.09997999999995955	epochs	1.0
788.6009998321533	0.15297999999995682	epochs	0.0
788.6009998321533	0.049999999999954525	epochs	1.0
788.6509998321533	0.0030000000000427463	epochs	1.0
788.6539998321533	0.09997999999995955	epochs	1.0
789.1490001678467	0.15297999999995682	epochs	0.0
789.1490001678467	0.049999999999954525	epochs	1.0
789.1990001678466	0.0030000000000427463	epochs	1.0
789.2020001678467	0.09997999999995955	epochs	1.0
789.6690001487732	0.15297999999995682	epochs	0.0
789.6690001487732	0.049999999999954525	epochs	1.0
789.7190001487731	0.0030000000000427463	epochs	1.0
789.7220001487732	0.09997999999995955	epochs	1.0
790.2230000495911	0.15297999999995682	epochs	0.0
790.2230000495911	0.049999999999954525	epochs	1.0
790.273000049591	0.0030000000000427463	epochs	1.0
790.2760000495911	0.09997999999995955	epochs	1.0
790.7630000114441	0.09688000000005559	epochs	0.0
790.7630000114441	0.04344100000002982	epochs	1.0
790.8064410114441	0.009997999999995955	epochs	1.0
790.8164390114441	0.04344100000002982	epochs	1.0
790.8598992114441	0.5	epochs	-1.0
790.8599000114441	1.5039600000000064	epochs	0.0
790.8599000114441	0.5	epochs	1.0
791.3599000114441	0.0030000000000427463	epochs	1.0
791.3629000114441	1.0009599999999637	epochs	1.0
791.8628992114441	0.5	epochs	-1.0
792.3638600114441	0.09901999999999589	epochs	0.0
792.9470000267029	0.09688000000005559	epochs	0.0
792.9470000267029	0.04344100000002982	epochs	1.0
792.9904410267029	0.009997999999995955	epochs	1.0
793.0004390267029	0.04344100000002982	epochs	1.0
793.0438992267029	0.5	epochs	-1.0
793.0439000267029	1.503979999999956	epochs	0.0
793.0439000267029	0.5	epochs	1.0
793.5439000267029	0.0030000000000427463	epochs	1.0
793.5469000267029	1.0009799999999132	epochs	1.0
794.0468992267029	0.5	epochs	-1.0
794.5478800267028	0.09900000000004638	epochs	0.0
795.1339998245239	0.09688000000005559	epochs	0.0
795.1339998245239	0.04344100000002982	epochs	1.0
795.177440824524	0.009997999999995955	epochs	1.0
795.187438824524	0.04344100000002982	epochs	1.0
795.230899024524	0.5	epochs	-1.0
795.2308998245239	1.5639199999999391	epochs	0.0
795.2308998245239	0.5	epochs	1.0
795.7308998245239	0.0030000000000427463	epochs	1.0
795.733899824524	1.0609199999998964	epochs	1.0
796.2338990245239	0.5	epochs	-1.0
796.7948198245239	0.039060000000063155	epochs	0.0
797.3909997940063	0.09688000000005559	epochs	0.0
797.3909997940063	0.04344100000002982	epochs	1.0
797.4344407940064	0.009997999999995955	epochs	1.0
797.4444387940064	0.04344100000002982	epochs	1.0
797.4878989940064	0.5	epochs	-1.0
797.4878997940064	14.62378000000001	epochs	0.0
797.4878997940064	0.5	epochs	1.0
797.9878997940064	14.12378000000001	epochs	1.0
811.1118197940064	0.9998600000000124	epochs	-1.0
811.1118197940064	0.03988000000003922	epochs	-1.0
811.6092989940064	0.5	epochs	-1.0
812.1116797940064	4.87620000000004	epochs	0.0
812.673999786377	0.09688000000005559	epochs	0.0
812.673999786377	0.04344100000002982	epochs	1.0
812.717440786377	0.009997999999995955	epochs	1.0
812.727438786377	0.04344100000002982	epochs	1.0
812.770898986377	0.5	epochs	-1.0
812.770899786377	14.983780000000024	epochs	0.0
812.770899786377	0.5	epochs	1.0
813.270899786377	14.483780000000024	epochs	1.0
826.753819786377	1.0008599999999888	epochs	-1.0
826.753819786377	0.03989999999998872	epochs	-1.0
827.2512989863769	0.5	epochs	-1.0
827.754679786377	4.516200000000026	epochs	0.0
828.125	0.09688000000005559	epochs	0.0
828.125	0.04344100000002982	epochs	1.0
828.168441	0.009997999999995955	epochs	1.0
828.178439	0.04344100000002982	epochs	1.0
828.2218992	0.5	epochs	-1.0
828.2219	14.624779999999987	epochs	0.0
828.2219	0.5	epochs	1.0
828.7219	14.124779999999987	epochs	1.0
841.84582	1.0008599999999888	epochs	-1.0
841.84582	0.04088000000001557	epochs	-1.0
842.3432992	0.5	epochs	-1.0
842.84668	4.8752000000000635	epochs	0.0
883.3060002326965	0.09688000000005559	epochs	0.0
883.3060002326965	0.04344100000002982	epochs	1.0
883.3494412326966	0.009997999999995955	epochs	1.0
883.3594392326966	0.04344100000002982	epochs	1.0
883.4028802326966	2.0	epochs	0.0
885.4028802326966	5.382639999999924	epochs	0.0
885.4028802326966	1.0	epochs	1.0
885.4028994326966	0.5	epochs	-1.0
885.9028994326966	4.882620799999927	epochs	-1.0
886.4028802326966	4.382639999999924	epochs	1.0
886.4028802326966	4.356753899999944	epochs	-1.0
886.4028802326966	1.9745871999999736	epochs	2.0
886.4028802326966	1.0985621999999466	epochs	3.0
887.5014424326965	0.8760250000000269	epochs	3.0
888.3774674326966	1.3524075000000266	epochs	2.0
888.3774674326966	0.7286354999999958	epochs	3.0
889.1061029326966	0.6237720000000309	epochs	3.0
889.7298749326966	1.029759199999944	epochs	2.0
889.7298749326966	0.5453292999999348	epochs	3.0
890.2752042326965	0.4844299000000092	epochs	3.0
890.7596341326965	0.025886099999979706	epochs	2.0
890.7596341326965	0.025886099999979706	epochs	3.0
890.7855202326965	16.61728000000005	epochs	0.0
891.2740001678467	0.09688000000005559	epochs	0.0
891.2740001678467	0.04344100000002982	epochs	1.0
891.3174411678467	0.009997999999995955	epochs	1.0
891.3274391678467	0.04344100000002982	epochs	1.0
891.3708801678467	2.0	epochs	0.0
893.3708801678467	21.523599999999988	epochs	0.0
893.3708801678467	1.0	epochs	1.0
893.3708993678467	0.5	epochs	-1.0
893.8708993678467	19.9996799999999	epochs	-1.0
894.3708801678467	20.0	epochs	1.0
894.3708801678467	4.356753899999944	epochs	-1.0
894.3708801678467	1.9745871999999736	epochs	2.0
894.3708801678467	1.0985621999999466	epochs	3.0
895.4694423678467	0.8760250000000269	epochs	3.0
896.3454673678467	1.3524075000000266	epochs	2.0
896.3454673678467	0.7286354999999958	epochs	3.0
897.0741028678467	0.6237720000000309	epochs	3.0
897.6978748678467	1.029759199999944	epochs	2.0
897.6978748678467	0.5453292999999348	epochs	3.0
898.2432041678467	0.4844299000000092	epochs	3.0
898.7276340678467	0.8317862000000105	epochs	2.0
898.7276340678467	0.4357763000000432	epochs	3.0
899.1634103678467	0.3960098999999673	epochs	3.0
899.5594202678467	0.6977970000000369	epochs	2.0
899.5594202678467	0.3628982000000178	epochs	3.0
899.9223184678467	0.33489880000001904	epochs	3.0
900.2572172678467	0.601045699999986	epochs	2.0
900.2572172678467	0.3109122999999272	epochs	3.0
900.5681295678467	0.2901334000000588	epochs	3.0
900.8582629678467	0.5278859000000011	epochs	2.0
900.8582629678467	0.2719585999999481	epochs	3.0
901.1302215678467	0.25592730000005304	epochs	3.0
901.3861488678467	0.470619299999953	epochs	2.0
901.3861488678467	0.241681299999982	epochs	3.0
901.6278301678467	0.228937999999971	epochs	3.0
901.8567681678467	0.42457039999999324	epochs	2.0
901.8567681678467	0.21747140000002219	epochs	3.0
902.0742395678467	0.20709899999997106	epochs	3.0
902.2813385678467	0.3867354000000205	epochs	2.0
902.2813385678467	0.19767109999997956	epochs	3.0
902.4790096678466	0.18906430000004093	epochs	3.0
902.6680739678467	0.3550953000000163	epochs	2.0
902.6680739678467	0.18117589999997108	epochs	3.0
902.8492498678467	0.17391940000004524	epochs	3.0
903.0231692678467	0.3282431000000088	epochs	2.0
903.0231692678467	0.16722189999995862	epochs	3.0
903.1903911678467	0.16102120000005016	epochs	3.0
903.3514123678467	0.30516799999998057	epochs	2.0
903.3514123678467	0.15526390000002266	epochs	3.0
903.5066762678467	0.1499040999999579	epochs	3.0
903.6565803678467	0.28512530000000424	epochs	2.0
903.6565803678467	0.1449020999999675	epochs	3.0
903.8014824678467	0.14022320000003674	epochs	3.0
903.9417056678467	0.2675537999999733	epochs	2.0
903.9417056678467	0.1358368999999584	epochs	3.0
904.0775425678466	0.1317169000000149	epochs	3.0
904.2092594678467	0.2520229000000427	epochs	2.0
904.2092594678467	0.1278393000000051	epochs	3.0
904.3370987678467	0.12418360000003759	epochs	3.0
904.4612823678467	0.23819649999995818	epochs	2.0
904.4612823678467	0.12073109999994358	epochs	3.0
904.5820134678467	0.1174654000000146	epochs	3.0
904.6994788678467	0.2258087999999816	epochs	2.0
904.6994788678467	0.11437190000003739	epochs	3.0
904.8138507678467	0.11143689999994422	epochs	3.0
904.9252876678466	0.2146460000000161	epochs	2.0
904.9252876678466	0.10864890000004834	epochs	3.0
905.0339365678467	0.10599709999996776	epochs	3.0
905.1399336678467	0.20453499999996438	epochs	2.0
905.1399336678467	0.10347150000006877	epochs	3.0
905.2434051678467	0.10106349999989561	epochs	3.0
905.3444686678466	0.19533400000000256	epochs	2.0
905.3444686678466	0.09876510000003691	epochs	3.0
905.4432337678467	0.09656889999996565	epochs	3.0
905.5398026678466	0.1869253000000981	epochs	2.0
905.5398026678466	0.09446830000001682	epochs	3.0
905.6342709678466	0.09245700000008128	epochs	3.0
905.7267279678467	0.17921069999999872	epochs	2.0
905.7267279678467	0.09052959999996801	epochs	3.0
905.8172575678467	0.08868110000003071	epochs	3.0
905.9059386678467	0.17210769999996955	epochs	2.0
905.9059386678467	0.08690629999989596	epochs	3.0
905.9928449678466	0.08520140000007359	epochs	3.0
906.0780463678467	0.16554640000003928	epochs	2.0
906.0780463678467	0.08356189999994967	epochs	3.0
906.1616082678466	0.08198450000008961	epochs	3.0
906.2435927678467	0.15946709999991526	epochs	2.0
906.2435927678467	0.08046539999998004	epochs	3.0
906.3240581678467	0.07900169999993523	epochs	3.0
906.4030598678467	0.15381839999997737	epochs	2.0
906.4030598678467	0.07759010000006583	epochs	3.0
906.4806499678467	0.07622829999991154	epochs	3.0
906.5568782678466	0.14855640000007497	epochs	2.0
906.5568782678466	0.07491330000004837	epochs	3.0
906.6317915678467	0.0736431000000266	epochs	3.0
906.7054346678467	0.14364239999997608	epochs	2.0
906.7054346678467	0.07241499999997814	epochs	3.0
906.7778496678467	0.07122739999999794	epochs	3.0
906.8490770678467	0.13904309999998077	epochs	2.0
906.8490770678467	0.07007799999996678	epochs	3.0
906.9191550678466	0.06896510000001399	epochs	3.0
906.9881201678467	0.1347293000000036	epochs	2.0
906.9881201678467	0.0678871000000072	epochs	3.0
907.0560072678467	0.06684219999999641	epochs	3.0
907.1228494678467	0.1306752000000415	epochs	2.0
907.1228494678467	0.06582909999997355	epochs	3.0
907.1886785678466	0.06484610000006796	epochs	3.0
907.2535246678467	0.1268577999999252	epochs	2.0
907.2535246678467	0.06389200000000983	epochs	3.0
907.3174166678467	0.06296579999991536	epochs	3.0
907.3803824678466	0.12325720000001184	epochs	2.0
907.3803824678466	0.06206580000002759	epochs	3.0
907.4424482678467	0.06119139999998424	epochs	3.0
907.5036396678466	0.11985540000000583	epochs	2.0
907.5036396678466	0.06034110000007331	epochs	3.0
907.5639807678467	0.05951429999993252	epochs	3.0
907.6234950678466	0.11663620000001629	epochs	2.0
907.6234950678466	0.05870960000004288	epochs	3.0
907.6822046678467	0.057926599999973405	epochs	3.0
907.7401312678467	0.11358559999996487	epochs	2.0
907.7401312678467	0.05716419999998834	epochs	3.0
907.7972954678467	0.05642139999997653	epochs	3.0
907.8537168678466	0.11069050000003244	epochs	2.0
907.8537168678466	0.055697900000041045	epochs	3.0
907.9094147678467	0.0549925999999914	epochs	3.0
907.9644073678467	0.1079391000000669	epochs	2.0
907.9644073678467	0.05430490000003374	epochs	3.0
908.0187122678467	0.05363420000003316	epochs	3.0
908.0723464678467	0.10532149999994544	epochs	2.0
908.0723464678467	0.05297999999993408	epochs	3.0
908.1253264678467	0.052341500000011365	epochs	3.0
908.1776679678467	0.10282759999995505	epochs	2.0
908.1776679678467	0.05171810000001642	epochs	3.0
908.2293860678467	0.051109499999938635	epochs	3.0
908.2804955678466	0.10044910000010532	epochs	2.0
908.2804955678466	0.050514900000052876	epochs	3.0
908.3310104678467	0.04993420000005244	epochs	3.0
908.3809446678467	0.0981782999999723	epochs	2.0
908.3809446678467	0.04936659999998483	epochs	3.0
908.4303112678467	0.04881169999998747	epochs	3.0
908.4791229678467	0.09600779999993847	epochs	2.0
908.4791229678467	0.04826919999993606	epochs	3.0
908.5273921678466	0.04773860000000241	epochs	3.0
908.5751307678466	0.09393120000004274	epochs	2.0
908.5751307678466	0.04721949999998287	epochs	3.0
908.6223502678466	0.046711700000059864	epochs	3.0
908.6690619678467	0.09194260000003851	epochs	2.0
908.6690619678467	0.046214599999984785	epochs	3.0
908.7152765678467	0.045728000000053726	epochs	3.0
908.7610045678467	0.09003629999995155	epochs	2.0
908.7610045678467	0.045251499999949374	epochs	3.0
908.8062560678467	0.04478480000000218	epochs	3.0
908.8510408678467	0.08820760000003247	epochs	2.0
908.8510408678467	0.044327800000019124	epochs	3.0
908.8953686678467	0.04387980000001335	epochs	3.0
908.9392484678467	0.0864516999999978	epochs	2.0
908.9392484678467	0.04344099999991613	epochs	3.0
908.9826894678466	0.04301070000008167	epochs	3.0
909.0257001678467	0.08476429999996071	epochs	2.0
909.0257001678467	0.04258900000002086	epochs	3.0
909.0682891678467	0.04217529999993985	epochs	3.0
909.1104644678467	0.08314150000001064	epochs	2.0
909.1104644678467	0.04176970000003166	epochs	3.0
909.1522341678467	0.041371799999978975	epochs	3.0
909.1936059678467	0.08157970000002024	epochs	2.0
909.1936059678467	0.040981399999964196	epochs	3.0
909.2345873678466	0.04059830000005604	epochs	3.0
909.2751856678467	0.08007550000002084	epochs	2.0
909.2751856678467	0.04022229999998217	epochs	3.0
909.3154079678467	0.03985320000003867	epochs	3.0
909.3552611678467	0.07862569999997504	epochs	2.0
909.3552611678467	0.0394907999999532	epochs	3.0
909.3947519678467	0.039134900000021844	epochs	3.0
909.4338868678467	0.07722760000001472	epochs	2.0
909.4338868678467	0.03878539999993791	epochs	3.0
909.4726722678466	0.03844220000007681	epochs	3.0
909.5111144678467	0.07587819999992007	epochs	2.0
909.5111144678467	0.03810479999992822	epochs	3.0
909.5492192678466	0.03777339999999185	epochs	3.0
909.5869926678466	0.0745752000000266	epochs	2.0
909.5869926678466	0.03744770000002973	epochs	3.0
909.6244403678467	0.03712749999999687	epochs	3.0
909.6615678678467	0.07331629999998768	epochs	2.0
909.6615678678467	0.036812899999972615	epochs	3.0
909.6983807678466	0.03650340000001506	epochs	3.0
909.7348841678466	0.07209900000009384	epochs	2.0
909.7348841678466	0.03619910000008986	epochs	3.0
909.7710832678467	0.03589990000000398	epochs	3.0
909.8069831678467	0.07092169999998532	epochs	2.0
909.8069831678467	0.03560559999993984	epochs	3.0
909.8425887678467	0.03531610000004548	epochs	3.0
909.8779048678467	0.0697819999999183	epochs	2.0
909.8779048678467	0.03503119999993487	epochs	3.0
909.9129360678467	0.03475079999998343	epochs	3.0
909.9476868678466	0.06867859999999837	epochs	2.0
909.9476868678466	0.03447510000000875	epochs	3.0
909.9821619678467	0.03420349999998962	epochs	3.0
910.0163654678466	0.06760930000007193	epochs	2.0
910.0163654678466	0.03393620000008468	epochs	3.0
910.0503016678467	0.033673099999987244	epochs	3.0
910.0839747678467	0.06657289999998284	epochs	2.0
910.0839747678467	0.03341399999999339	epochs	3.0
910.1173887678467	0.033158899999989444	epochs	3.0
910.1505476678467	0.06556779999993978	epochs	2.0
910.1505476678467	0.032907700000009754	epochs	3.0
910.1834553678467	0.032660099999930026	epochs	3.0
910.2161154678466	0.06459260000008271	epochs	2.0
910.2161154678466	0.032416399999988244	epochs	3.0
910.2485318678466	0.03217620000009447	epochs	3.0
910.2807080678467	0.0636459999999488	epochs	2.0
910.2807080678467	0.03193959999998697	epochs	3.0
910.3126476678467	0.03170639999996183	epochs	3.0
910.3443540678467	0.0627266999999847	epochs	2.0
910.3443540678467	0.03147660000001906	epochs	3.0
910.3758306678467	0.03125009999996564	epochs	3.0
910.4070807678467	0.06183359999999993	epochs	2.0
910.4070807678467	0.031026900000028945	epochs	3.0
910.4381076678467	0.030806699999970988	epochs	3.0
910.4689143678467	0.06096560000003137	epochs	2.0
910.4689143678467	0.030589800000029754	epochs	3.0
910.4995041678467	0.030375800000001618	epochs	3.0
910.5298799678467	0.06012160000000222	epochs	2.0
910.5298799678467	0.030164900000045236	epochs	3.0
910.5600448678467	0.02995669999995698	epochs	3.0
910.5900015678467	0.05930069999999432	epochs	2.0
910.5900015678467	0.02975159999994048	epochs	3.0
910.6197531678466	0.02954910000005384	epochs	3.0
910.6493022678467	0.05850180000004457	epochs	2.0
910.6493022678467	0.02934940000000097	epochs	3.0
910.6786516678467	0.0291524000000436	epochs	3.0
910.7078040678467	0.05772419999993872	epochs	2.0
910.7078040678467	0.028957999999988715	epochs	3.0
910.7367620678467	0.028766199999950004	epochs	3.0
910.7655282678467	0.05696710000006533	epochs	2.0
910.7655282678467	0.028577000000041153	epochs	3.0
910.7941052678467	0.028390100000024177	epochs	3.0
910.8224953678467	0.05622949999997218	epochs	2.0
910.8224953678467	0.028205699999944045	epochs	3.0
910.8507010678467	0.028023800000028132	epochs	3.0
910.8787248678467	0.05551070000001346	epochs	2.0
910.8787248678467	0.027843999999959124	epochs	3.0
910.9065688678467	0.027666700000054334	epochs	3.0
910.9342355678467	0.054810200000019904	epochs	2.0
910.9342355678467	0.02749149999999645	epochs	3.0
910.9617270678467	0.027318700000023455	epochs	3.0
910.9890457678467	0.05412699999999404	epochs	2.0
910.9890457678467	0.027147799999966082	epochs	3.0
911.0161935678467	0.02697920000002796	epochs	3.0
911.0431727678467	0.053460699999959616	epochs	2.0
911.0431727678467	0.0268125999999711	epochs	3.0
911.0699853678467	0.026648099999988517	epochs	3.0
911.0966334678467	0.05281070000000909	epochs	2.0
911.0966334678467	0.026485600000000886	epochs	3.0
911.1231190678467	0.026325100000008206	epochs	3.0
911.1494441678467	0.05217619999996259	epochs	2.0
911.1494441678467	0.026166399999965506	epochs	3.0
911.1756105678467	0.026009799999997085	epochs	3.0
911.2016203678467	0.051556699999991906	epochs	2.0
911.2016203678467	0.025854800000047362	epochs	3.0
911.2274751678467	0.025701899999944544	epochs	3.0
911.2531770678467	0.050951900000086425	epochs	2.0
911.2531770678467	0.02555070000005344	epochs	3.0
911.2787277678467	0.025401200000032986	epochs	3.0
911.3041289678467	0.05036099999995258	epochs	2.0
911.3041289678467	0.025253499999962514	epochs	3.0
911.3293824678467	0.02510749999999007	epochs	3.0
911.3544899678467	0.049783800000000156	epochs	2.0
911.3544899678467	0.02496320000000196	epochs	3.0
911.3794531678467	0.024820599999998194	epochs	3.0
911.4042737678467	0.04921949999993558	epochs	2.0
911.4042737678467	0.024679399999968155	epochs	3.0
911.4289531678467	0.024540099999967424	epochs	3.0
911.4534932678466	0.04866790000005494	epochs	2.0
911.4534932678466	0.024402100000088467	epochs	3.0
911.4778953678467	0.024265799999966475	epochs	3.0
911.5021611678467	0.04812860000004093	epochs	2.0
911.5021611678467	0.024131000000011227	epochs	3.0
911.5262921678467	0.023997600000029706	epochs	3.0
911.5502897678467	0.04760109999995166	epochs	2.0
911.5502897678467	0.023865799999953197	epochs	3.0
911.5741555678467	0.02373529999999846	epochs	3.0
911.5978908678467	0.047085000000038235	epochs	2.0
911.5978908678467	0.023606299999983094	epochs	3.0
911.6214971678467	0.02347870000005514	epochs	3.0
911.6449758678467	0.046579999999948996	epochs	2.0
911.6449758678467	0.02335249999998723	epochs	3.0
911.6683283678467	0.023227499999961765	epochs	3.0
911.6915558678467	0.046085700000048746	epochs	2.0
911.6915558678467	0.023103999999989355	epochs	3.0
911.7146598678466	0.02298170000005939	epochs	3.0
911.7376415678467	0.045601799999985815	epochs	2.0
911.7376415678467	0.022860700000023826	epochs	3.0
911.7605022678467	0.02274109999996199	epochs	3.0
911.7832433678467	0.04512790000001132	epochs	2.0
911.7832433678467	0.022622500000011314	epochs	3.0
911.8058658678467	0.02250540000000001	epochs	3.0
911.8283712678467	0.044663799999966614	epochs	2.0
911.8283712678467	0.02238929999998618	epochs	3.0
911.8507605678467	0.022274499999980435	epochs	3.0
911.8730350678467	0.04420919999995476	epochs	2.0
911.8730350678467	0.022160800000051495	epochs	3.0
911.8951958678467	0.022048399999903268	epochs	3.0
911.9172442678466	0.043763600000033875	epochs	2.0
911.9172442678466	0.021936900000014248	epochs	3.0
911.9391811678466	0.021826700000019628	epochs	3.0
911.9610078678467	0.04332710000005591	epochs	2.0
911.9610078678467	0.021717599999988124	epochs	3.0
911.9827254678466	0.021609500000067783	epochs	3.0
912.0043349678467	0.042898999999920306	epochs	2.0
912.0043349678467	0.02150249999999687	epochs	3.0
912.0258374678467	0.021396499999923435	epochs	3.0
912.0472339678466	0.042479500000013104	epochs	2.0
912.0472339678466	0.02129170000000613	epochs	3.0
912.0685256678466	0.021187800000006973	epochs	3.0
912.0897134678467	0.042067900000006375	epochs	2.0
912.0897134678467	0.02108490000000529	epochs	3.0
912.1107983678467	0.020983000000001084	epochs	3.0
912.1317813678467	0.04166440000005878	epochs	2.0
912.1317813678467	0.02088220000007368	epochs	3.0
912.1526635678467	0.020782199999985096	epochs	3.0
912.1734457678467	0.04126850000000104	epochs	2.0
912.1734457678467	0.020683299999973315	epochs	3.0
912.1941290678467	0.020585200000027726	epochs	3.0
912.2147142678467	0.04088000000001557	epochs	2.0
912.2147142678467	0.020488099999965925	epochs	3.0
912.2352023678467	0.020391900000049645	epochs	3.0
912.2555942678467	0.04049879999990935	epochs	2.0
912.2555942678467	0.020296599999937825	epochs	3.0
912.2758908678467	0.020202199999971526	epochs	3.0
912.2960930678466	0.04012460000001283	epochs	2.0
912.2960930678466	0.02010870000003706	epochs	3.0
912.3162017678467	0.020015899999975773	epochs	3.0
912.3362176678467	0.03975730000001931	epochs	2.0
912.3362176678467	0.019924199999991288	epochs	3.0
912.3561418678466	0.019833100000028026	epochs	3.0
912.3759749678467	0.03939669999999751	epochs	2.0
912.3759749678467	0.01974299999994855	epochs	3.0
912.3957179678466	0.019653700000048957	epochs	3.0
912.4153716678467	0.03904239999997117	epochs	2.0
912.4153716678467	0.01956510000002254	epochs	3.0
912.4349367678467	0.019477299999948627	epochs	3.0
912.4544140678466	0.03869459999998526	epochs	2.0
912.4544140678466	0.019390400000020236	epochs	3.0
912.4738044678467	0.01930419999996502	epochs	3.0
912.4931086678466	0.03835290000006353	epochs	2.0
912.4931086678466	0.019218800000089686	epochs	3.0
912.5123274678467	0.01913409999997384	epochs	3.0
912.5314615678467	0.03801720000001296	epochs	2.0
912.5314615678467	0.019050200000037876	epochs	3.0
912.5505117678467	0.018966999999975087	epochs	3.0
912.5694787678467	0.03768719999993664	epochs	2.0
912.5694787678467	0.01888450000001285	epochs	3.0
912.5883632678467	0.01880269999992379	epochs	3.0
912.6071659678466	0.03736309999999321	epochs	2.0
912.6071659678466	0.018721700000014607	epochs	3.0
912.6258876678467	0.018641399999978603	epochs	3.0
912.6445290678466	0.03704430000004777	epochs	2.0
912.6445290678466	0.01856159999999818	epochs	3.0
912.6630906678466	0.01848270000004959	epochs	3.0
912.6815733678467	0.0367310000000316	epochs	2.0
912.6815733678467	0.018404300000042895	epochs	3.0
912.6999776678467	0.018326699999988705	epochs	3.0
912.7183043678467	0.03642289999993409	epochs	2.0
912.7183043678467	0.018249599999990096	epochs	3.0
912.7365539678467	0.018173299999943993	epochs	3.0
912.7547272678466	0.03612010000006194	epochs	2.0
912.7547272678466	0.0180976000000328	epochs	3.0
912.7728248678467	0.01802250000002914	epochs	3.0
912.7908473678467	0.03582210000001851	epochs	2.0
912.7908473678467	0.017947899999967376	epochs	3.0
912.8087952678467	0.017874200000051133	epochs	3.0
912.8266694678467	0.03552899999999681	epochs	2.0
912.8266694678467	0.017800799999918127	epochs	3.0
912.8444702678466	0.017728200000078687	epochs	3.0
912.8621984678467	0.035240699999917524	epochs	2.0
912.8621984678467	0.017656099999953767	epochs	3.0
912.8798545678467	0.017584599999963757	epochs	3.0
912.8974391678466	0.034957100000042374	epochs	2.0
912.8974391678466	0.01751369999999497	epochs	3.0
912.9149528678466	0.017443400000047404	epochs	3.0
912.9323962678467	0.03467790000001969	epochs	2.0
912.9323962678467	0.017373600000041733	epochs	3.0
912.9497698678467	0.017304299999977957	epochs	3.0
912.9670741678467	0.03440330000000813	epochs	2.0
912.9670741678467	0.01723570000001473	epochs	3.0
912.9843098678467	0.0171675999999934	epochs	3.0
913.0014774678467	0.03413279999995211	epochs	2.0
913.0014774678467	0.01709989999994832	epochs	3.0
913.0185773678467	0.017032900000003792	epochs	3.0
913.0356102678467	0.033866699999975935	epochs	2.0
913.0356102678467	0.01696640000000116	epochs	3.0
913.0525766678467	0.016900299999974777	epochs	3.0
913.0694769678466	0.03360459999998966	epochs	2.0
913.0694769678466	0.016834800000083305	epochs	3.0
913.0863117678467	0.016769799999906354	epochs	3.0
913.1030815678466	0.03334660000007261	epochs	2.0
913.1030815678466	0.016705300000012357	epochs	3.0
913.1197868678466	0.016641300000060255	epochs	3.0
913.1364281678467	0.03309249999995245	epochs	2.0
913.1364281678467	0.01657779999993636	epochs	3.0
913.1530059678466	0.01651470000001609	epochs	3.0
913.1695206678467	0.03284229999997024	epochs	2.0
913.1695206678467	0.01645220000000336	epochs	3.0
913.1859728678467	0.01639009999996688	epochs	3.0
913.2023629678466	0.03259570000000167	epochs	2.0
913.2023629678466	0.016328400000020338	epochs	3.0
913.2186913678466	0.016267299999981333	epochs	3.0
913.2349586678466	0.03235290000009172	epochs	2.0
913.2349586678466	0.016206600000032267	epochs	3.0
913.2511652678467	0.016146300000059455	epochs	3.0
913.2673115678467	0.03211369999996805	epochs	2.0
913.2673115678467	0.016086599999994178	epochs	3.0
913.2833981678467	0.01602709999997387	epochs	3.0
913.2994252678467	0.03187800000000607	epochs	2.0
913.2994252678467	0.015968199999974786	epochs	3.0
913.3153934678467	0.015909800000031282	epochs	3.0
913.3313032678467	0.031645700000012766	epochs	2.0
913.3313032678467	0.01585160000001906	epochs	3.0
913.3471548678467	0.015794099999993705	epochs	3.0
913.3629489678467	0.0314167000000225	epochs	2.0
913.3629489678467	0.01573669999993399	epochs	3.0
913.3786856678466	0.015680000000088512	epochs	3.0
913.3943656678467	0.031191100000000915	epochs	2.0
913.3943656678467	0.015623599999912585	epochs	3.0
913.4099892678466	0.01556750000008833	epochs	3.0
913.4255567678467	0.030968699999903038	epochs	2.0
913.4255567678467	0.015511999999944237	epochs	3.0
913.4410687678467	0.0154566999999588	epochs	3.0
913.4565254678466	0.03074950000006993	epochs	2.0
913.4565254678466	0.015401999999994587	epochs	3.0
913.4719274678466	0.015347500000075343	epochs	3.0
913.4872749678467	0.030533199999922545	epochs	2.0
913.4872749678467	0.015293400000018664	epochs	3.0
913.5025683678467	0.01523979999990388	epochs	3.0
913.5178081678466	0.03032010000003993	epochs	2.0
913.5178081678466	0.015186500000027081	epochs	3.0
913.5329946678467	0.015133600000012848	epochs	3.0
913.5481282678467	0.03010990000007041	epochs	2.0
913.5481282678467	0.015081000000009226	epochs	3.0
913.5632092678467	0.015028900000061185	epochs	3.0
913.5782381678467	0.029902499999934662	epochs	2.0
913.5782381678467	0.01497699999993074	epochs	3.0
913.5932151678467	0.014925500000003922	epochs	3.0
913.6081406678467	0.029698100000018712	epochs	2.0
913.6081406678467	0.014874400000053356	epochs	3.0
913.6230150678467	0.014823699999965356	epochs	3.0
913.6378387678467	0.02949630000000525	epochs	2.0
913.6378387678467	0.014773200000036013	epochs	3.0
913.6526119678467	0.014723099999969236	epochs	3.0
913.6673350678467	0.02929740000001857	epochs	2.0
913.6673350678467	0.014673399999992398	epochs	3.0
913.6820084678467	0.014624000000026172	epochs	3.0
913.6966324678467	0.029101099999934377	epochs	2.0
913.6966324678467	0.01457489999995687	epochs	3.0
913.7112073678467	0.014526199999977507	epochs	3.0
913.7257335678466	0.028907399999980044	epochs	2.0
913.7257335678466	0.014477700000043114	epochs	3.0
913.7402112678467	0.014429699999936929	epochs	3.0
913.7546409678466	0.028716200000076242	epochs	2.0
913.7546409678466	0.014381800000023759	epochs	3.0
913.7690227678466	0.014334400000052483	epochs	3.0
913.7833571678467	0.02852759999996124	epochs	2.0
913.7833571678467	0.01428720000001249	epochs	3.0
913.7976443678467	0.01424039999994875	epochs	3.0
913.8118847678467	0.028341400000044814	epochs	2.0
913.8118847678467	0.014193800000043666	epochs	3.0
913.8260785678467	0.014147600000001148	epochs	3.0
913.8402261678467	0.028157699999951546	epochs	2.0
913.8402261678467	0.014101699999969242	epochs	3.0
913.8543278678467	0.014055999999982305	epochs	3.0
913.8683838678467	0.027976299999977527	epochs	2.0
913.8683838678467	0.01401060000000598	epochs	3.0
913.8823944678467	0.013965699999971548	epochs	3.0
913.8963601678466	0.02779720000000907	epochs	2.0
913.8963601678466	0.013920800000050804	epochs	3.0
913.9102809678467	0.013876399999958267	epochs	3.0
913.9241573678466	0.027620400000046175	epochs	2.0
913.9241573678466	0.013832200000024386	epochs	3.0
913.9379895678467	0.013788200000021789	epochs	3.0
913.9517777678467	0.027445899999975154	epochs	2.0
913.9517777678467	0.013744599999995444	epochs	3.0
913.9655223678467	0.01370129999997971	epochs	3.0
913.9792236678467	0.027273499999978412	epochs	2.0
913.9792236678467	0.013658200000008947	epochs	3.0
913.9928818678467	0.013615299999969466	epochs	3.0
914.0064971678466	0.027103399999987232	epochs	2.0
914.0064971678466	0.013572800000019924	epochs	3.0
914.0200699678467	0.013530599999967308	epochs	3.0
914.0336005678466	0.02693520000002536	epochs	2.0
914.0336005678466	0.013488400000028378	epochs	3.0
914.0470889678467	0.013446799999996983	epochs	3.0
914.0605357678467	0.026769199999989723	epochs	2.0
914.0605357678467	0.013405200000079276	epochs	3.0
914.0739409678467	0.013363999999910448	epochs	3.0
914.0873049678466	0.026605200000062723	epochs	2.0
914.0873049678466	0.013322900000048321	epochs	3.0
914.1006278678467	0.013282300000014402	epochs	3.0
914.1139101678467	0.026443200000016986	epochs	2.0
914.1139101678467	0.013241699999980483	epochs	3.0
914.1271518678467	0.013201500000036503	epochs	3.0
914.1403533678467	0.0262831999999662	epochs	2.0
914.1403533678467	0.01316149999991012	epochs	3.0
914.1535148678466	0.01312170000005608	epochs	3.0
914.1666365678467	0.02612499999997908	epochs	2.0
914.1666365678467	0.013082100000019636	epochs	3.0
914.1797186678467	0.013042899999959445	epochs	3.0
914.1927615678467	0.025968899999952555	epochs	2.0
914.1927615678467	0.01300390000005791	epochs	3.0
914.2057654678467	0.012964999999894644	epochs	3.0
914.2187304678466	0.025814500000024054	epochs	2.0
914.2187304678466	0.01292640000008305	epochs	3.0
914.2316568678467	0.012888099999941005	epochs	3.0
914.2445449678467	0.025661900000045534	epochs	2.0
914.2445449678467	0.012849899999991976	epochs	3.0
914.2573948678466	0.012812000000053558	epochs	3.0
914.2702068678467	0.025511199999982637	epochs	2.0
914.2702068678467	0.012774400000012065	epochs	3.0
914.2829812678467	0.012736799999970572	epochs	3.0
914.2957180678467	0.025362299999983406	epochs	2.0
914.2957180678467	0.01269969999998466	epochs	3.0
914.3084177678467	0.012662599999998747	epochs	3.0
914.3210803678467	0.025215000000002874	epochs	2.0
914.3210803678467	0.012625800000023446	epochs	3.0
914.3337061678467	0.012589199999979428	epochs	3.0
914.3462953678467	0.024584800000070572	epochs	2.0
914.3705793678466	0.5	epochs	-1.0
914.3708801678467	0.5235999999999876	epochs	1.0
914.8944801678467	0.476319999999987	epochs	0.0
915.3899998664856	0.09688000000005559	epochs	0.0
915.3899998664856	0.04344100000002982	epochs	1.0
915.4334408664856	0.009997999999995955	epochs	1.0
915.4434388664856	0.04344100000002982	epochs	1.0
915.4868798664857	2.0	epochs	0.0
917.4868798664857	21.523599999999988	epochs	0.0
917.4868798664857	1.0	epochs	1.0
917.4868990664856	0.5	epochs	-1.0
917.9868990664856	19.9996799999999	epochs	-1.0
918.4868798664857	20.0	epochs	1.0
918.4868798664857	4.356753899999944	epochs	-1.0
918.4868798664857	1.9745871999999736	epochs	2.0
918.4868798664857	1.0985621999999466	epochs	3.0
919.5854420664856	0.8760250000000269	epochs	3.0
920.4614670664856	1.3524075000000266	epochs	2.0
920.4614670664856	0.7286354999999958	epochs	3.0
921.1901025664856	0.6237720000000309	epochs	3.0
921.8138745664857	1.029759199999944	epochs	2.0
921.8138745664857	0.5453292999999348	epochs	3.0
922.3592038664856	0.4844299000000092	epochs	3.0
922.8436337664856	0.8317862000000105	epochs	2.0
922.8436337664856	0.4357763000000432	epochs	3.0
923.2794100664856	0.3960098999999673	epochs	3.0
923.6754199664856	0.6977970000000369	epochs	2.0
923.6754199664856	0.3628982000000178	epochs	3.0
924.0383181664856	0.33489880000001904	epochs	3.0
924.3732169664856	0.601045699999986	epochs	2.0
924.3732169664856	0.3109122999999272	epochs	3.0
924.6841292664856	0.2901334000000588	epochs	3.0
924.9742626664856	0.5278859000000011	epochs	2.0
924.9742626664856	0.2719585999999481	epochs	3.0
925.2462212664856	0.25592730000005304	epochs	3.0
925.5021485664856	0.470619299999953	epochs	2.0
925.5021485664856	0.241681299999982	epochs	3.0
925.7438298664856	0.228937999999971	epochs	3.0
925.9727678664856	0.42457039999999324	epochs	2.0
925.9727678664856	0.21747140000002219	epochs	3.0
926.1902392664856	0.20709899999997106	epochs	3.0
926.3973382664856	0.3867354000000205	epochs	2.0
926.3973382664856	0.19767109999997956	epochs	3.0
926.5950093664856	0.18906430000004093	epochs	3.0
926.7840736664856	0.3550953000000163	epochs	2.0
926.7840736664856	0.18117589999997108	epochs	3.0
926.9652495664856	0.17391940000004524	epochs	3.0
927.1391689664856	0.3282431000000088	epochs	2.0
927.1391689664856	0.16722189999995862	epochs	3.0
927.3063908664856	0.16102120000005016	epochs	3.0
927.4674120664856	0.30516799999998057	epochs	2.0
927.4674120664856	0.15526390000002266	epochs	3.0
927.6226759664856	0.1499040999999579	epochs	3.0
927.7725800664856	0.28512530000000424	epochs	2.0
927.7725800664856	0.1449020999999675	epochs	3.0
927.9174821664856	0.14022320000003674	epochs	3.0
928.0577053664856	0.2675537999999733	epochs	2.0
928.0577053664856	0.1358368999999584	epochs	3.0
928.1935422664856	0.1317169000000149	epochs	3.0
928.3252591664856	0.2520229000000427	epochs	2.0
928.3252591664856	0.1278393000000051	epochs	3.0
928.4530984664856	0.12418360000003759	epochs	3.0
928.5772820664856	0.23819649999995818	epochs	2.0
928.5772820664856	0.12073109999994358	epochs	3.0
928.6980131664856	0.1174654000000146	epochs	3.0
928.8154785664856	0.2258087999999816	epochs	2.0
928.8154785664856	0.11437190000003739	epochs	3.0
928.9298504664856	0.11143689999994422	epochs	3.0
929.0412873664856	0.2146460000000161	epochs	2.0
929.0412873664856	0.10864890000004834	epochs	3.0
929.1499362664856	0.10599709999996776	epochs	3.0
929.2559333664856	0.20453499999996438	epochs	2.0
929.2559333664856	0.10347150000006877	epochs	3.0
929.3594048664856	0.10106349999989561	epochs	3.0
929.4604683664855	0.19533400000000256	epochs	2.0
929.4604683664855	0.09876510000003691	epochs	3.0
929.5592334664856	0.09656889999996565	epochs	3.0
929.6558023664855	0.1869253000000981	epochs	2.0
929.6558023664855	0.09446830000001682	epochs	3.0
929.7502706664856	0.09245700000008128	epochs	3.0
929.8427276664856	0.17921069999999872	epochs	2.0
929.8427276664856	0.09052959999996801	epochs	3.0
929.9332572664856	0.08868110000003071	epochs	3.0
930.0219383664856	0.17210769999996955	epochs	2.0
930.0219383664856	0.08690629999989596	epochs	3.0
930.1088446664855	0.08520140000007359	epochs	3.0
930.1940460664856	0.16554640000003928	epochs	2.0
930.1940460664856	0.08356189999994967	epochs	3.0
930.2776079664856	0.08198450000008961	epochs	3.0
930.3595924664857	0.15946709999991526	epochs	2.0
930.3595924664857	0.08046539999998004	epochs	3.0
930.4400578664856	0.07900169999993523	epochs	3.0
930.5190595664856	0.15381839999997737	epochs	2.0
930.5190595664856	0.07759010000006583	epochs	3.0
930.5966496664856	0.07622829999991154	epochs	3.0
930.6728779664855	0.14855640000007497	epochs	2.0
930.6728779664855	0.07491330000004837	epochs	3.0
930.7477912664856	0.0736431000000266	epochs	3.0
930.8214343664856	0.14364239999997608	epochs	2.0
930.8214343664856	0.07241499999997814	epochs	3.0
930.8938493664856	0.07122739999999794	epochs	3.0
930.9650767664856	0.13904309999998077	epochs	2.0
930.9650767664856	0.07007799999996678	epochs	3.0
931.0351547664856	0.06896510000001399	epochs	3.0
931.1041198664856	0.1347293000000036	epochs	2.0
931.1041198664856	0.0678871000000072	epochs	3.0
931.1720069664856	0.06684219999999641	epochs	3.0
931.2388491664856	0.1306752000000415	epochs	2.0
931.2388491664856	0.06582909999997355	epochs	3.0
931.3046782664856	0.06484610000006796	epochs	3.0
931.3695243664856	0.1268577999999252	epochs	2.0
931.3695243664856	0.06389200000000983	epochs	3.0
931.4334163664856	0.06296579999991536	epochs	3.0
931.4963821664855	0.12325720000001184	epochs	2.0
931.4963821664855	0.06206580000002759	epochs	3.0
931.5584479664856	0.06119139999998424	epochs	3.0
931.6196393664856	0.11985540000000583	epochs	2.0
931.6196393664856	0.06034110000007331	epochs	3.0
931.6799804664856	0.05951429999993252	epochs	3.0
931.7394947664856	0.11663620000001629	epochs	2.0
931.7394947664856	0.05870960000004288	epochs	3.0
931.7982043664856	0.057926599999973405	epochs	3.0
931.8561309664856	0.11358559999996487	epochs	2.0
931.8561309664856	0.05716419999998834	epochs	3.0
931.9132951664856	0.05642139999997653	epochs	3.0
931.9697165664855	0.11069050000003244	epochs	2.0
931.9697165664855	0.055697900000041045	epochs	3.0
932.0254144664856	0.0549925999999914	epochs	3.0
932.0804070664856	0.1079391000000669	epochs	2.0
932.0804070664856	0.05430490000003374	epochs	3.0
932.1347119664856	0.05363420000003316	epochs	3.0
932.1883461664856	0.10532149999994544	epochs	2.0
932.1883461664856	0.05297999999993408	epochs	3.0
932.2413261664856	0.052341500000011365	epochs	3.0
932.2936676664856	0.10282759999995505	epochs	2.0
932.2936676664856	0.05171810000001642	epochs	3.0
932.3453857664856	0.051109499999938635	epochs	3.0
932.3964952664855	0.10044910000010532	epochs	2.0
932.3964952664855	0.050514900000052876	epochs	3.0
932.4470101664856	0.04993420000005244	epochs	3.0
932.4969443664856	0.0981782999999723	epochs	2.0
932.4969443664856	0.04936659999998483	epochs	3.0
932.5463109664856	0.04881169999998747	epochs	3.0
932.5951226664856	0.09600779999993847	epochs	2.0
932.5951226664856	0.04826919999993606	epochs	3.0
932.6433918664856	0.04773860000000241	epochs	3.0
932.6911304664856	0.09393120000004274	epochs	2.0
932.6911304664856	0.04721949999998287	epochs	3.0
932.7383499664855	0.046711700000059864	epochs	3.0
932.7850616664856	0.09194260000003851	epochs	2.0
932.7850616664856	0.046214599999984785	epochs	3.0
932.8312762664856	0.045728000000053726	epochs	3.0
932.8770042664856	0.09003629999995155	epochs	2.0
932.8770042664856	0.045251499999949374	epochs	3.0
932.9222557664856	0.04478480000000218	epochs	3.0
932.9670405664856	0.08820760000003247	epochs	2.0
932.9670405664856	0.044327800000019124	epochs	3.0
933.0113683664856	0.04387980000001335	epochs	3.0
933.0552481664856	0.0864516999999978	epochs	2.0
933.0552481664856	0.04344099999991613	epochs	3.0
933.0986891664855	0.04301070000008167	epochs	3.0
933.1416998664856	0.08476429999996071	epochs	2.0
933.1416998664856	0.04258900000002086	epochs	3.0
933.1842888664856	0.04217529999993985	epochs	3.0
933.2264641664856	0.08314150000001064	epochs	2.0
933.2264641664856	0.04176970000003166	epochs	3.0
933.2682338664856	0.041371799999978975	epochs	3.0
933.3096056664856	0.08157970000002024	epochs	2.0
933.3096056664856	0.040981399999964196	epochs	3.0
933.3505870664856	0.04059830000005604	epochs	3.0
933.3911853664856	0.08007550000002084	epochs	2.0
933.3911853664856	0.04022229999998217	epochs	3.0
933.4314076664856	0.03985320000003867	epochs	3.0
933.4712608664856	0.07862569999997504	epochs	2.0
933.4712608664856	0.0394907999999532	epochs	3.0
933.5107516664856	0.039134900000021844	epochs	3.0
933.5498865664856	0.07722760000001472	epochs	2.0
933.5498865664856	0.03878539999993791	epochs	3.0
933.5886719664855	0.03844220000007681	epochs	3.0
933.6271141664856	0.07587819999992007	epochs	2.0
933.6271141664856	0.03810479999992822	epochs	3.0
933.6652189664856	0.03777339999999185	epochs	3.0
933.7029923664855	0.0745752000000266	epochs	2.0
933.7029923664855	0.03744770000002973	epochs	3.0
933.7404400664856	0.03712749999999687	epochs	3.0
933.7775675664856	0.07331629999998768	epochs	2.0
933.7775675664856	0.036812899999972615	epochs	3.0
933.8143804664855	0.03650340000001506	epochs	3.0
933.8508838664856	0.07209900000009384	epochs	2.0
933.8508838664856	0.03619910000008986	epochs	3.0
933.8870829664857	0.03589990000000398	epochs	3.0
933.9229828664857	0.07092169999998532	epochs	2.0
933.9229828664857	0.03560559999993984	epochs	3.0
933.9585884664856	0.03531610000004548	epochs	3.0
933.9939045664856	0.0697819999999183	epochs	2.0
933.9939045664856	0.03503119999993487	epochs	3.0
934.0289357664856	0.03475079999998343	epochs	3.0
934.0636865664856	0.06867859999999837	epochs	2.0
934.0636865664856	0.03447510000000875	epochs	3.0
934.0981616664856	0.03420349999998962	epochs	3.0
934.1323651664856	0.06760930000007193	epochs	2.0
934.1323651664856	0.03393620000008468	epochs	3.0
934.1663013664856	0.033673099999987244	epochs	3.0
934.1999744664856	0.06657289999998284	epochs	2.0
934.1999744664856	0.03341399999999339	epochs	3.0
934.2333884664856	0.033158899999989444	epochs	3.0
934.2665473664856	0.06556779999993978	epochs	2.0
934.2665473664856	0.032907700000009754	epochs	3.0
934.2994550664856	0.032660099999930026	epochs	3.0
934.3321151664856	0.06459260000008271	epochs	2.0
934.3321151664856	0.032416399999988244	epochs	3.0
934.3645315664855	0.03217620000009447	epochs	3.0
934.3967077664856	0.0636459999999488	epochs	2.0
934.3967077664856	0.03193959999998697	epochs	3.0
934.4286473664856	0.03170639999996183	epochs	3.0
934.4603537664856	0.0627266999999847	epochs	2.0
934.4603537664856	0.03147660000001906	epochs	3.0
934.4918303664856	0.03125009999996564	epochs	3.0
934.5230804664856	0.06183359999999993	epochs	2.0
934.5230804664856	0.031026900000028945	epochs	3.0
934.5541073664856	0.030806699999970988	epochs	3.0
934.5849140664856	0.06096560000003137	epochs	2.0
934.5849140664856	0.030589800000029754	epochs	3.0
934.6155038664856	0.030375800000001618	epochs	3.0
934.6458796664856	0.06012160000000222	epochs	2.0
934.6458796664856	0.030164900000045236	epochs	3.0
934.6760445664856	0.02995669999995698	epochs	3.0
934.7060012664856	0.05930069999999432	epochs	2.0
934.7060012664856	0.02975159999994048	epochs	3.0
934.7357528664855	0.02954910000005384	epochs	3.0
934.7653019664856	0.05850180000004457	epochs	2.0
934.7653019664856	0.02934940000000097	epochs	3.0
934.7946513664856	0.0291524000000436	epochs	3.0
934.8238037664856	0.05772419999993872	epochs	2.0
934.8238037664856	0.028957999999988715	epochs	3.0
934.8527617664856	0.028766199999950004	epochs	3.0
934.8815279664856	0.05696710000006533	epochs	2.0
934.8815279664856	0.028577000000041153	epochs	3.0
934.9101049664856	0.028390100000024177	epochs	3.0
934.9384950664856	0.05622949999997218	epochs	2.0
934.9384950664856	0.028205699999944045	epochs	3.0
934.9667007664856	0.028023800000028132	epochs	3.0
934.9947245664856	0.05551070000001346	epochs	2.0
934.9947245664856	0.027843999999959124	epochs	3.0
935.0225685664856	0.027666700000054334	epochs	3.0
935.0502352664856	0.054810200000019904	epochs	2.0
935.0502352664856	0.02749149999999645	epochs	3.0
935.0777267664856	0.027318700000023455	epochs	3.0
935.1050454664856	0.05412699999999404	epochs	2.0
935.1050454664856	0.027147799999966082	epochs	3.0
935.1321932664856	0.02697920000002796	epochs	3.0
935.1591724664856	0.053460699999959616	epochs	2.0
935.1591724664856	0.0268125999999711	epochs	3.0
935.1859850664856	0.026648099999988517	epochs	3.0
935.2126331664856	0.05281070000000909	epochs	2.0
935.2126331664856	0.026485600000000886	epochs	3.0
935.2391187664856	0.026325100000008206	epochs	3.0
935.2654438664856	0.05217619999996259	epochs	2.0
935.2654438664856	0.026166399999965506	epochs	3.0
935.2916102664856	0.026009799999997085	epochs	3.0
935.3176200664856	0.051556699999991906	epochs	2.0
935.3176200664856	0.025854800000047362	epochs	3.0
935.3434748664856	0.025701899999944544	epochs	3.0
935.3691767664856	0.050951900000086425	epochs	2.0
935.3691767664856	0.02555070000005344	epochs	3.0
935.3947274664856	0.025401200000032986	epochs	3.0
935.4201286664857	0.05036099999995258	epochs	2.0
935.4201286664857	0.025253499999962514	epochs	3.0
935.4453821664856	0.02510749999999007	epochs	3.0
935.4704896664856	0.049783800000000156	epochs	2.0
935.4704896664856	0.02496320000000196	epochs	3.0
935.4954528664856	0.024820599999998194	epochs	3.0
935.5202734664856	0.04921949999993558	epochs	2.0
935.5202734664856	0.024679399999968155	epochs	3.0
935.5449528664856	0.024540099999967424	epochs	3.0
935.5694929664855	0.04866790000005494	epochs	2.0
935.5694929664855	0.024402100000088467	epochs	3.0
935.5938950664856	0.024265799999966475	epochs	3.0
935.6181608664856	0.04812860000004093	epochs	2.0
935.6181608664856	0.024131000000011227	epochs	3.0
935.6422918664856	0.023997600000029706	epochs	3.0
935.6662894664856	0.04760109999995166	epochs	2.0
935.6662894664856	0.023865799999953197	epochs	3.0
935.6901552664856	0.02373529999999846	epochs	3.0
935.7138905664856	0.047085000000038235	epochs	2.0
935.7138905664856	0.023606299999983094	epochs	3.0
935.7374968664856	0.02347870000005514	epochs	3.0
935.7609755664856	0.046579999999948996	epochs	2.0
935.7609755664856	0.02335249999998723	epochs	3.0
935.7843280664856	0.023227499999961765	epochs	3.0
935.8075555664856	0.046085700000048746	epochs	2.0
935.8075555664856	0.023103999999989355	epochs	3.0
935.8306595664856	0.02298170000005939	epochs	3.0
935.8536412664856	0.045601799999985815	epochs	2.0
935.8536412664856	0.022860700000023826	epochs	3.0
935.8765019664856	0.02274109999996199	epochs	3.0
935.8992430664856	0.04512790000001132	epochs	2.0
935.8992430664856	0.022622500000011314	epochs	3.0
935.9218655664856	0.02250540000000001	epochs	3.0
935.9443709664856	0.044663799999966614	epochs	2.0
935.9443709664856	0.02238929999998618	epochs	3.0
935.9667602664856	0.022274499999980435	epochs	3.0
935.9890347664856	0.04420919999995476	epochs	2.0
935.9890347664856	0.022160800000051495	epochs	3.0
936.0111955664856	0.022048399999903268	epochs	3.0
936.0332439664855	0.043763600000033875	epochs	2.0
936.0332439664855	0.021936900000014248	epochs	3.0
936.0551808664856	0.021826700000019628	epochs	3.0
936.0770075664856	0.04332710000005591	epochs	2.0
936.0770075664856	0.021717599999988124	epochs	3.0
936.0987251664856	0.021609500000067783	epochs	3.0
936.1203346664856	0.042898999999920306	epochs	2.0
936.1203346664856	0.02150249999999687	epochs	3.0
936.1418371664856	0.021396499999923435	epochs	3.0
936.1632336664856	0.042479500000013104	epochs	2.0
936.1632336664856	0.02129170000000613	epochs	3.0
936.1845253664856	0.021187800000006973	epochs	3.0
936.2057131664856	0.042067900000006375	epochs	2.0
936.2057131664856	0.02108490000000529	epochs	3.0
936.2267980664856	0.020983000000001084	epochs	3.0
936.2477810664856	0.04166440000005878	epochs	2.0
936.2477810664856	0.02088220000007368	epochs	3.0
936.2686632664856	0.020782199999985096	epochs	3.0
936.2894454664856	0.04126850000000104	epochs	2.0
936.2894454664856	0.020683299999973315	epochs	3.0
936.3101287664856	0.020585200000027726	epochs	3.0
936.3307139664856	0.04088000000001557	epochs	2.0
936.3307139664856	0.020488099999965925	epochs	3.0
936.3512020664856	0.020391900000049645	epochs	3.0
936.3715939664856	0.04049879999990935	epochs	2.0
936.3715939664856	0.020296599999937825	epochs	3.0
936.3918905664856	0.020202199999971526	epochs	3.0
936.4120927664856	0.04012460000001283	epochs	2.0
936.4120927664856	0.02010870000003706	epochs	3.0
936.4322014664856	0.020015899999975773	epochs	3.0
936.4522173664856	0.03975730000001931	epochs	2.0
936.4522173664856	0.019924199999991288	epochs	3.0
936.4721415664856	0.019833100000028026	epochs	3.0
936.4919746664856	0.03939669999999751	epochs	2.0
936.4919746664856	0.01974299999994855	epochs	3.0
936.5117176664855	0.019653700000048957	epochs	3.0
936.5313713664856	0.03904239999997117	epochs	2.0
936.5313713664856	0.01956510000002254	epochs	3.0
936.5509364664856	0.019477299999948627	epochs	3.0
936.5704137664856	0.03869459999998526	epochs	2.0
936.5704137664856	0.019390400000020236	epochs	3.0
936.5898041664856	0.01930419999996502	epochs	3.0
936.6091083664855	0.03835290000006353	epochs	2.0
936.6091083664855	0.019218800000089686	epochs	3.0
936.6283271664856	0.01913409999997384	epochs	3.0
936.6474612664856	0.03801720000001296	epochs	2.0
936.6474612664856	0.019050200000037876	epochs	3.0
936.6665114664856	0.018966999999975087	epochs	3.0
936.6854784664856	0.03768719999993664	epochs	2.0
936.6854784664856	0.01888450000001285	epochs	3.0
936.7043629664856	0.01880269999992379	epochs	3.0
936.7231656664856	0.03736309999999321	epochs	2.0
936.7231656664856	0.018721700000014607	epochs	3.0
936.7418873664856	0.018641399999978603	epochs	3.0
936.7605287664855	0.03704430000004777	epochs	2.0
936.7605287664855	0.01856159999999818	epochs	3.0
936.7790903664855	0.01848270000004959	epochs	3.0
936.7975730664856	0.0367310000000316	epochs	2.0
936.7975730664856	0.018404300000042895	epochs	3.0
936.8159773664856	0.018326699999988705	epochs	3.0
936.8343040664856	0.03642289999993409	epochs	2.0
936.8343040664856	0.018249599999990096	epochs	3.0
936.8525536664856	0.018173299999943993	epochs	3.0
936.8707269664856	0.03612010000006194	epochs	2.0
936.8707269664856	0.0180976000000328	epochs	3.0
936.8888245664856	0.01802250000002914	epochs	3.0
936.9068470664856	0.03582210000001851	epochs	2.0
936.9068470664856	0.017947899999967376	epochs	3.0
936.9247949664856	0.017874200000051133	epochs	3.0
936.9426691664856	0.03552899999999681	epochs	2.0
936.9426691664856	0.017800799999918127	epochs	3.0
936.9604699664856	0.017728200000078687	epochs	3.0
936.9781981664856	0.035240699999917524	epochs	2.0
936.9781981664856	0.017656099999953767	epochs	3.0
936.9958542664856	0.017584599999963757	epochs	3.0
937.0134388664856	0.034957100000042374	epochs	2.0
937.0134388664856	0.01751369999999497	epochs	3.0
937.0309525664856	0.017443400000047404	epochs	3.0
937.0483959664856	0.03467790000001969	epochs	2.0
937.0483959664856	0.017373600000041733	epochs	3.0
937.0657695664856	0.017304299999977957	epochs	3.0
937.0830738664856	0.03440330000000813	epochs	2.0
937.0830738664856	0.01723570000001473	epochs	3.0
937.1003095664856	0.0171675999999934	epochs	3.0
937.1174771664856	0.03413279999995211	epochs	2.0
937.1174771664856	0.01709989999994832	epochs	3.0
937.1345770664856	0.017032900000003792	epochs	3.0
937.1516099664856	0.033866699999975935	epochs	2.0
937.1516099664856	0.01696640000000116	epochs	3.0
937.1685763664856	0.016900299999974777	epochs	3.0
937.1854766664856	0.03360459999998966	epochs	2.0
937.1854766664856	0.016834800000083305	epochs	3.0
937.2023114664856	0.016769799999906354	epochs	3.0
937.2190812664855	0.03334660000007261	epochs	2.0
937.2190812664855	0.016705300000012357	epochs	3.0
937.2357865664856	0.016641300000060255	epochs	3.0
937.2524278664856	0.03309249999995245	epochs	2.0
937.2524278664856	0.01657779999993636	epochs	3.0
937.2690056664856	0.01651470000001609	epochs	3.0
937.2855203664856	0.03284229999997024	epochs	2.0
937.2855203664856	0.01645220000000336	epochs	3.0
937.3019725664856	0.01639009999996688	epochs	3.0
937.3183626664855	0.03259570000000167	epochs	2.0
937.3183626664855	0.016328400000020338	epochs	3.0
937.3346910664856	0.016267299999981333	epochs	3.0
937.3509583664855	0.03235290000009172	epochs	2.0
937.3509583664855	0.016206600000032267	epochs	3.0
937.3671649664856	0.016146300000059455	epochs	3.0
937.3833112664856	0.03211369999996805	epochs	2.0
937.3833112664856	0.016086599999994178	epochs	3.0
937.3993978664856	0.01602709999997387	epochs	3.0
937.4154249664856	0.03187800000000607	epochs	2.0
937.4154249664856	0.015968199999974786	epochs	3.0
937.4313931664856	0.015909800000031282	epochs	3.0
937.4473029664856	0.031645700000012766	epochs	2.0
937.4473029664856	0.01585160000001906	epochs	3.0
937.4631545664856	0.015794099999993705	epochs	3.0
937.4789486664856	0.0314167000000225	epochs	2.0
937.4789486664856	0.01573669999993399	epochs	3.0
937.4946853664856	0.015680000000088512	epochs	3.0
937.5103653664856	0.031191100000000915	epochs	2.0
937.5103653664856	0.015623599999912585	epochs	3.0
937.5259889664856	0.01556750000008833	epochs	3.0
937.5415564664856	0.030968699999903038	epochs	2.0
937.5415564664856	0.015511999999944237	epochs	3.0
937.5570684664856	0.0154566999999588	epochs	3.0
937.5725251664855	0.03074950000006993	epochs	2.0
937.5725251664855	0.015401999999994587	epochs	3.0
937.5879271664855	0.015347500000075343	epochs	3.0
937.6032746664856	0.030533199999922545	epochs	2.0
937.6032746664856	0.015293400000018664	epochs	3.0
937.6185680664856	0.01523979999990388	epochs	3.0
937.6338078664855	0.03032010000003993	epochs	2.0
937.6338078664855	0.015186500000027081	epochs	3.0
937.6489943664856	0.015133600000012848	epochs	3.0
937.6641279664856	0.03010990000007041	epochs	2.0
937.6641279664856	0.015081000000009226	epochs	3.0
937.6792089664856	0.015028900000061185	epochs	3.0
937.6942378664857	0.029902499999934662	epochs	2.0
937.6942378664857	0.01497699999993074	epochs	3.0
937.7092148664856	0.014925500000003922	epochs	3.0
937.7241403664856	0.029698100000018712	epochs	2.0
937.7241403664856	0.014874400000053356	epochs	3.0
937.7390147664856	0.014823699999965356	epochs	3.0
937.7538384664856	0.02949630000000525	epochs	2.0
937.7538384664856	0.014773200000036013	epochs	3.0
937.7686116664856	0.014723099999969236	epochs	3.0
937.7833347664856	0.02929740000001857	epochs	2.0
937.7833347664856	0.014673399999992398	epochs	3.0
937.7980081664856	0.014624000000026172	epochs	3.0
937.8126321664856	0.029101099999934377	epochs	2.0
937.8126321664856	0.01457489999995687	epochs	3.0
937.8272070664856	0.014526199999977507	epochs	3.0
937.8417332664856	0.028907399999980044	epochs	2.0
937.8417332664856	0.014477700000043114	epochs	3.0
937.8562109664856	0.014429699999936929	epochs	3.0
937.8706406664855	0.028716200000076242	epochs	2.0
937.8706406664855	0.014381800000023759	epochs	3.0
937.8850224664856	0.014334400000052483	epochs	3.0
937.8993568664856	0.02852759999996124	epochs	2.0
937.8993568664856	0.01428720000001249	epochs	3.0
937.9136440664856	0.01424039999994875	epochs	3.0
937.9278844664856	0.028341400000044814	epochs	2.0
937.9278844664856	0.014193800000043666	epochs	3.0
937.9420782664856	0.014147600000001148	epochs	3.0
937.9562258664856	0.028157699999951546	epochs	2.0
937.9562258664856	0.014101699999969242	epochs	3.0
937.9703275664856	0.014055999999982305	epochs	3.0
937.9843835664856	0.027976299999977527	epochs	2.0
937.9843835664856	0.01401060000000598	epochs	3.0
937.9983941664856	0.013965699999971548	epochs	3.0
938.0123598664856	0.02779720000000907	epochs	2.0
938.0123598664856	0.013920800000050804	epochs	3.0
938.0262806664856	0.013876399999958267	epochs	3.0
938.0401570664856	0.027620400000046175	epochs	2.0
938.0401570664856	0.013832200000024386	epochs	3.0
938.0539892664856	0.013788200000021789	epochs	3.0
938.0677774664856	0.027445899999975154	epochs	2.0
938.0677774664856	0.013744599999995444	epochs	3.0
938.0815220664856	0.01370129999997971	epochs	3.0
938.0952233664856	0.027273499999978412	epochs	2.0
938.0952233664856	0.013658200000008947	epochs	3.0
938.1088815664856	0.013615299999969466	epochs	3.0
938.1224968664856	0.027103399999987232	epochs	2.0
938.1224968664856	0.013572800000019924	epochs	3.0
938.1360696664856	0.013530599999967308	epochs	3.0
938.1496002664855	0.02693520000002536	epochs	2.0
938.1496002664855	0.013488400000028378	epochs	3.0
938.1630886664856	0.013446799999996983	epochs	3.0
938.1765354664856	0.026769199999989723	epochs	2.0
938.1765354664856	0.013405200000079276	epochs	3.0
938.1899406664857	0.013363999999910448	epochs	3.0
938.2033046664856	0.026605200000062723	epochs	2.0
938.2033046664856	0.013322900000048321	epochs	3.0
938.2166275664856	0.013282300000014402	epochs	3.0
938.2299098664856	0.026443200000016986	epochs	2.0
938.2299098664856	0.013241699999980483	epochs	3.0
938.2431515664856	0.013201500000036503	epochs	3.0
938.2563530664856	0.0262831999999662	epochs	2.0
938.2563530664856	0.01316149999991012	epochs	3.0
938.2695145664856	0.01312170000005608	epochs	3.0
938.2826362664856	0.02612499999997908	epochs	2.0
938.2826362664856	0.013082100000019636	epochs	3.0
938.2957183664856	0.013042899999959445	epochs	3.0
938.3087612664856	0.025968899999952555	epochs	2.0
938.3087612664856	0.01300390000005791	epochs	3.0
938.3217651664856	0.012964999999894644	epochs	3.0
938.3347301664855	0.025814500000024054	epochs	2.0
938.3347301664855	0.01292640000008305	epochs	3.0
938.3476565664856	0.012888099999941005	epochs	3.0
938.3605446664856	0.025661900000045534	epochs	2.0
938.3605446664856	0.012849899999991976	epochs	3.0
938.3733945664856	0.012812000000053558	epochs	3.0
938.3862065664856	0.025511199999982637	epochs	2.0
938.3862065664856	0.012774400000012065	epochs	3.0
938.3989809664856	0.012736799999970572	epochs	3.0
938.4117177664856	0.025362299999983406	epochs	2.0
938.4117177664856	0.01269969999998466	epochs	3.0
938.4244174664856	0.012662599999998747	epochs	3.0
938.4370800664856	0.025215000000002874	epochs	2.0
938.4370800664856	0.012625800000023446	epochs	3.0
938.4497058664856	0.012589199999979428	epochs	3.0
938.4622950664856	0.024584800000070572	epochs	2.0
938.4865790664855	0.5	epochs	-1.0
938.4868798664857	0.5235999999999876	epochs	1.0
939.0104798664856	0.476319999999987	epochs	0.0
939.3889999389648	0.09688000000005559	epochs	0.0
939.3889999389648	0.04344100000002982	epochs	1.0
939.4324409389649	0.009997999999995955	epochs	1.0
939.4424389389649	0.04344100000002982	epochs	1.0
939.4858799389649	2.0	epochs	0.0
941.4858799389649	21.50263999999993	epochs	0.0
941.4858799389649	1.0	epochs	1.0
941.4858991389649	0.5	epochs	-1.0
941.9858991389649	19.9996799999999	epochs	-1.0
942.4858799389649	20.0	epochs	1.0
942.4858799389649	4.356753899999944	epochs	-1.0
942.4858799389649	1.9745871999999736	epochs	2.0
942.4858799389649	1.0985621999999466	epochs	3.0
943.5844421389648	0.8760250000000269	epochs	3.0
944.4604671389649	1.3524075000000266	epochs	2.0
944.4604671389649	0.7286354999999958	epochs	3.0
945.1891026389649	0.6237720000000309	epochs	3.0
945.8128746389649	1.029759199999944	epochs	2.0
945.8128746389649	0.5453292999999348	epochs	3.0
946.3582039389648	0.4844299000000092	epochs	3.0
946.8426338389648	0.8317862000000105	epochs	2.0
946.8426338389648	0.4357763000000432	epochs	3.0
947.2784101389649	0.3960098999999673	epochs	3.0
947.6744200389649	0.6977970000000369	epochs	2.0
947.6744200389649	0.3628982000000178	epochs	3.0
948.0373182389649	0.33489880000001904	epochs	3.0
948.3722170389649	0.601045699999986	epochs	2.0
948.3722170389649	0.3109122999999272	epochs	3.0
948.6831293389648	0.2901334000000588	epochs	3.0
948.9732627389649	0.5278859000000011	epochs	2.0
948.9732627389649	0.2719585999999481	epochs	3.0
949.2452213389648	0.25592730000005304	epochs	3.0
949.5011486389649	0.470619299999953	epochs	2.0
949.5011486389649	0.241681299999982	epochs	3.0
949.7428299389649	0.228937999999971	epochs	3.0
949.9717679389648	0.42457039999999324	epochs	2.0
949.9717679389648	0.21747140000002219	epochs	3.0
950.1892393389649	0.20709899999997106	epochs	3.0
950.3963383389648	0.3867354000000205	epochs	2.0
950.3963383389648	0.19767109999997956	epochs	3.0
950.5940094389648	0.18906430000004093	epochs	3.0
950.7830737389648	0.3550953000000163	epochs	2.0
950.7830737389648	0.18117589999997108	epochs	3.0
950.9642496389648	0.17391940000004524	epochs	3.0
951.1381690389649	0.3282431000000088	epochs	2.0
951.1381690389649	0.16722189999995862	epochs	3.0
951.3053909389648	0.16102120000005016	epochs	3.0
951.4664121389649	0.30516799999998057	epochs	2.0
951.4664121389649	0.15526390000002266	epochs	3.0
951.6216760389649	0.1499040999999579	epochs	3.0
951.7715801389649	0.28512530000000424	epochs	2.0
951.7715801389649	0.1449020999999675	epochs	3.0
951.9164822389648	0.14022320000003674	epochs	3.0
952.0567054389649	0.2675537999999733	epochs	2.0
952.0567054389649	0.1358368999999584	epochs	3.0
952.1925423389648	0.1317169000000149	epochs	3.0
952.3242592389648	0.2520229000000427	epochs	2.0
952.3242592389648	0.1278393000000051	epochs	3.0
952.4520985389648	0.12418360000003759	epochs	3.0
952.5762821389649	0.23819649999995818	epochs	2.0
952.5762821389649	0.12073109999994358	epochs	3.0
952.6970132389648	0.1174654000000146	epochs	3.0
952.8144786389648	0.2258087999999816	epochs	2.0
952.8144786389648	0.11437190000003739	epochs	3.0
952.9288505389649	0.11143689999994422	epochs	3.0
953.0402874389648	0.2146460000000161	epochs	2.0
953.0402874389648	0.10864890000004834	epochs	3.0
953.1489363389649	0.10599709999996776	epochs	3.0
953.2549334389648	0.20453499999996438	epochs	2.0
953.2549334389648	0.10347150000006877	epochs	3.0
953.3584049389649	0.10106349999989561	epochs	3.0
953.4594684389648	0.19533400000000256	epochs	2.0
953.4594684389648	0.09876510000003691	epochs	3.0
953.5582335389648	0.09656889999996565	epochs	3.0
953.6548024389648	0.1869253000000981	epochs	2.0
953.6548024389648	0.09446830000001682	epochs	3.0
953.7492707389648	0.09245700000008128	epochs	3.0
953.8417277389649	0.17921069999999872	epochs	2.0
953.8417277389649	0.09052959999996801	epochs	3.0
953.9322573389649	0.08868110000003071	epochs	3.0
954.0209384389649	0.17210769999996955	epochs	2.0
954.0209384389649	0.08690629999989596	epochs	3.0
954.1078447389648	0.08520140000007359	epochs	3.0
954.1930461389649	0.16554640000003928	epochs	2.0
954.1930461389649	0.08356189999994967	epochs	3.0
954.2766080389648	0.08198450000008961	epochs	3.0
954.3585925389649	0.15946709999991526	epochs	2.0
954.3585925389649	0.08046539999998004	epochs	3.0
954.4390579389649	0.07900169999993523	epochs	3.0
954.5180596389648	0.15381839999997737	epochs	2.0
954.5180596389648	0.07759010000006583	epochs	3.0
954.5956497389649	0.07622829999991154	epochs	3.0
954.6718780389648	0.14855640000007497	epochs	2.0
954.6718780389648	0.07491330000004837	epochs	3.0
954.7467913389648	0.0736431000000266	epochs	3.0
954.8204344389649	0.14364239999997608	epochs	2.0
954.8204344389649	0.07241499999997814	epochs	3.0
954.8928494389648	0.07122739999999794	epochs	3.0
954.9640768389648	0.13904309999998077	epochs	2.0
954.9640768389648	0.07007799999996678	epochs	3.0
955.0341548389648	0.06896510000001399	epochs	3.0
955.1031199389648	0.1347293000000036	epochs	2.0
955.1031199389648	0.0678871000000072	epochs	3.0
955.1710070389648	0.06684219999999641	epochs	3.0
955.2378492389648	0.1306752000000415	epochs	2.0
955.2378492389648	0.06582909999997355	epochs	3.0
955.3036783389648	0.06484610000006796	epochs	3.0
955.3685244389649	0.1268577999999252	epochs	2.0
955.3685244389649	0.06389200000000983	epochs	3.0
955.4324164389649	0.06296579999991536	epochs	3.0
955.4953822389648	0.12325720000001184	epochs	2.0
955.4953822389648	0.06206580000002759	epochs	3.0
955.5574480389648	0.06119139999998424	epochs	3.0
955.6186394389648	0.11985540000000583	epochs	2.0
955.6186394389648	0.06034110000007331	epochs	3.0
955.6789805389649	0.05951429999993252	epochs	3.0
955.7384948389648	0.11663620000001629	epochs	2.0
955.7384948389648	0.05870960000004288	epochs	3.0
955.7972044389649	0.057926599999973405	epochs	3.0
955.8551310389648	0.11358559999996487	epochs	2.0
955.8551310389648	0.05716419999998834	epochs	3.0
955.9122952389648	0.05642139999997653	epochs	3.0
955.9687166389648	0.11069050000003244	epochs	2.0
955.9687166389648	0.055697900000041045	epochs	3.0
956.0244145389648	0.0549925999999914	epochs	3.0
956.0794071389648	0.1079391000000669	epochs	2.0
956.0794071389648	0.05430490000003374	epochs	3.0
956.1337120389649	0.05363420000003316	epochs	3.0
956.1873462389649	0.10532149999994544	epochs	2.0
956.1873462389649	0.05297999999993408	epochs	3.0
956.2403262389648	0.052341500000011365	epochs	3.0
956.2926677389648	0.10282759999995505	epochs	2.0
956.2926677389648	0.05171810000001642	epochs	3.0
956.3443858389649	0.051109499999938635	epochs	3.0
956.3954953389648	0.10044910000010532	epochs	2.0
956.3954953389648	0.050514900000052876	epochs	3.0
956.4460102389648	0.04993420000005244	epochs	3.0
956.4959444389649	0.0981782999999723	epochs	2.0
956.4959444389649	0.04936659999998483	epochs	3.0
956.5453110389649	0.04881169999998747	epochs	3.0
956.5941227389649	0.09600779999993847	epochs	2.0
956.5941227389649	0.04826919999993606	epochs	3.0
956.6423919389648	0.04773860000000241	epochs	3.0
956.6901305389648	0.09393120000004274	epochs	2.0
956.6901305389648	0.04721949999998287	epochs	3.0
956.7373500389648	0.046711700000059864	epochs	3.0
956.7840617389649	0.09194260000003851	epochs	2.0
956.7840617389649	0.046214599999984785	epochs	3.0
956.8302763389648	0.045728000000053726	epochs	3.0
956.8760043389649	0.09003629999995155	epochs	2.0
956.8760043389649	0.045251499999949374	epochs	3.0
956.9212558389648	0.04478480000000218	epochs	3.0
956.9660406389648	0.08820760000003247	epochs	2.0
956.9660406389648	0.044327800000019124	epochs	3.0
957.0103684389649	0.04387980000001335	epochs	3.0
957.0542482389649	0.0864516999999978	epochs	2.0
957.0542482389649	0.04344099999991613	epochs	3.0
957.0976892389648	0.04301070000008167	epochs	3.0
957.1406999389649	0.08476429999996071	epochs	2.0
957.1406999389649	0.04258900000002086	epochs	3.0
957.1832889389649	0.04217529999993985	epochs	3.0
957.2254642389648	0.08314150000001064	epochs	2.0
957.2254642389648	0.04176970000003166	epochs	3.0
957.2672339389649	0.041371799999978975	epochs	3.0
957.3086057389648	0.08157970000002024	epochs	2.0
957.3086057389648	0.040981399999964196	epochs	3.0
957.3495871389648	0.04059830000005604	epochs	3.0
957.3901854389649	0.08007550000002084	epochs	2.0
957.3901854389649	0.04022229999998217	epochs	3.0
957.4304077389648	0.03985320000003867	epochs	3.0
957.4702609389649	0.07862569999997504	epochs	2.0
957.4702609389649	0.0394907999999532	epochs	3.0
957.5097517389648	0.039134900000021844	epochs	3.0
957.5488866389649	0.07722760000001472	epochs	2.0
957.5488866389649	0.03878539999993791	epochs	3.0
957.5876720389648	0.03844220000007681	epochs	3.0
957.6261142389649	0.07587819999992007	epochs	2.0
957.6261142389649	0.03810479999992822	epochs	3.0
957.6642190389648	0.03777339999999185	epochs	3.0
957.7019924389648	0.0745752000000266	epochs	2.0
957.7019924389648	0.03744770000002973	epochs	3.0
957.7394401389648	0.03712749999999687	epochs	3.0
957.7765676389648	0.07331629999998768	epochs	2.0
957.7765676389648	0.036812899999972615	epochs	3.0
957.8133805389648	0.03650340000001506	epochs	3.0
957.8498839389648	0.07209900000009384	epochs	2.0
957.8498839389648	0.03619910000008986	epochs	3.0
957.8860830389649	0.03589990000000398	epochs	3.0
957.9219829389649	0.07092169999998532	epochs	2.0
957.9219829389649	0.03560559999993984	epochs	3.0
957.9575885389648	0.03531610000004548	epochs	3.0
957.9929046389649	0.0697819999999183	epochs	2.0
957.9929046389649	0.03503119999993487	epochs	3.0
958.0279358389648	0.03475079999998343	epochs	3.0
958.0626866389648	0.06867859999999837	epochs	2.0
958.0626866389648	0.03447510000000875	epochs	3.0
958.0971617389648	0.03420349999998962	epochs	3.0
958.1313652389648	0.06760930000007193	epochs	2.0
958.1313652389648	0.03393620000008468	epochs	3.0
958.1653014389649	0.033673099999987244	epochs	3.0
958.1989745389649	0.06657289999998284	epochs	2.0
958.1989745389649	0.03341399999999339	epochs	3.0
958.2323885389649	0.033158899999989444	epochs	3.0
958.2655474389649	0.06556779999993978	epochs	2.0
958.2655474389649	0.032907700000009754	epochs	3.0
958.2984551389649	0.032660099999930026	epochs	3.0
958.3311152389648	0.06459260000008271	epochs	2.0
958.3311152389648	0.032416399999988244	epochs	3.0
958.3635316389648	0.03217620000009447	epochs	3.0
958.3957078389649	0.0636459999999488	epochs	2.0
958.3957078389649	0.03193959999998697	epochs	3.0
958.4276474389649	0.03170639999996183	epochs	3.0
958.4593538389648	0.0627266999999847	epochs	2.0
958.4593538389648	0.03147660000001906	epochs	3.0
958.4908304389648	0.03125009999996564	epochs	3.0
958.5220805389648	0.06183359999999993	epochs	2.0
958.5220805389648	0.031026900000028945	epochs	3.0
958.5531074389648	0.030806699999970988	epochs	3.0
958.5839141389648	0.06096560000003137	epochs	2.0
958.5839141389648	0.030589800000029754	epochs	3.0
958.6145039389648	0.030375800000001618	epochs	3.0
958.6448797389648	0.06012160000000222	epochs	2.0
958.6448797389648	0.030164900000045236	epochs	3.0
958.6750446389649	0.02995669999995698	epochs	3.0
958.7050013389648	0.05930069999999432	epochs	2.0
958.7050013389648	0.02975159999994048	epochs	3.0
958.7347529389648	0.02954910000005384	epochs	3.0
958.7643020389648	0.05850180000004457	epochs	2.0
958.7643020389648	0.02934940000000097	epochs	3.0
958.7936514389648	0.0291524000000436	epochs	3.0
958.8228038389649	0.05772419999993872	epochs	2.0
958.8228038389649	0.028957999999988715	epochs	3.0
958.8517618389649	0.028766199999950004	epochs	3.0
958.8805280389648	0.05696710000006533	epochs	2.0
958.8805280389648	0.028577000000041153	epochs	3.0
958.9091050389649	0.028390100000024177	epochs	3.0
958.9374951389649	0.05622949999997218	epochs	2.0
958.9374951389649	0.028205699999944045	epochs	3.0
958.9657008389648	0.028023800000028132	epochs	3.0
958.9937246389649	0.05551070000001346	epochs	2.0
958.9937246389649	0.027843999999959124	epochs	3.0
959.0215686389648	0.027666700000054334	epochs	3.0
959.0492353389649	0.054810200000019904	epochs	2.0
959.0492353389649	0.02749149999999645	epochs	3.0
959.0767268389649	0.027318700000023455	epochs	3.0
959.1040455389649	0.05412699999999404	epochs	2.0
959.1040455389649	0.027147799999966082	epochs	3.0
959.1311933389649	0.02697920000002796	epochs	3.0
959.1581725389649	0.053460699999959616	epochs	2.0
959.1581725389649	0.0268125999999711	epochs	3.0
959.1849851389649	0.026648099999988517	epochs	3.0
959.2116332389649	0.05281070000000909	epochs	2.0
959.2116332389649	0.026485600000000886	epochs	3.0
959.2381188389649	0.026325100000008206	epochs	3.0
959.2644439389649	0.05217619999996259	epochs	2.0
959.2644439389649	0.026166399999965506	epochs	3.0
959.2906103389648	0.026009799999997085	epochs	3.0
959.3166201389648	0.051556699999991906	epochs	2.0
959.3166201389648	0.025854800000047362	epochs	3.0
959.3424749389649	0.025701899999944544	epochs	3.0
959.3681768389648	0.050951900000086425	epochs	2.0
959.3681768389648	0.02555070000005344	epochs	3.0
959.3937275389649	0.025401200000032986	epochs	3.0
959.4191287389649	0.05036099999995258	epochs	2.0
959.4191287389649	0.025253499999962514	epochs	3.0
959.4443822389649	0.02510749999999007	epochs	3.0
959.4694897389649	0.049783800000000156	epochs	2.0
959.4694897389649	0.02496320000000196	epochs	3.0
959.4944529389649	0.024820599999998194	epochs	3.0
959.5192735389649	0.04921949999993558	epochs	2.0
959.5192735389649	0.024679399999968155	epochs	3.0
959.5439529389648	0.024540099999967424	epochs	3.0
959.5684930389648	0.04866790000005494	epochs	2.0
959.5684930389648	0.024402100000088467	epochs	3.0
959.5928951389649	0.024265799999966475	epochs	3.0
959.6171609389648	0.04812860000004093	epochs	2.0
959.6171609389648	0.024131000000011227	epochs	3.0
959.6412919389649	0.023997600000029706	epochs	3.0
959.6652895389649	0.04760109999995166	epochs	2.0
959.6652895389649	0.023865799999953197	epochs	3.0
959.6891553389648	0.02373529999999846	epochs	3.0
959.7128906389648	0.047085000000038235	epochs	2.0
959.7128906389648	0.023606299999983094	epochs	3.0
959.7364969389648	0.02347870000005514	epochs	3.0
959.7599756389649	0.046579999999948996	epochs	2.0
959.7599756389649	0.02335249999998723	epochs	3.0
959.7833281389649	0.023227499999961765	epochs	3.0
959.8065556389648	0.046085700000048746	epochs	2.0
959.8065556389648	0.023103999999989355	epochs	3.0
959.8296596389648	0.02298170000005939	epochs	3.0
959.8526413389649	0.045601799999985815	epochs	2.0
959.8526413389649	0.022860700000023826	epochs	3.0
959.8755020389649	0.02274109999996199	epochs	3.0
959.8982431389649	0.04512790000001132	epochs	2.0
959.8982431389649	0.022622500000011314	epochs	3.0
959.9208656389649	0.02250540000000001	epochs	3.0
959.9433710389649	0.044663799999966614	epochs	2.0
959.9433710389649	0.02238929999998618	epochs	3.0
959.9657603389649	0.022274499999980435	epochs	3.0
959.9880348389648	0.04420919999995476	epochs	2.0
959.9880348389648	0.022160800000051495	epochs	3.0
960.0101956389649	0.022048399999903268	epochs	3.0
960.0322440389648	0.043763600000033875	epochs	2.0
960.0322440389648	0.021936900000014248	epochs	3.0
960.0541809389648	0.021826700000019628	epochs	3.0
960.0760076389648	0.04332710000005591	epochs	2.0
960.0760076389648	0.021717599999988124	epochs	3.0
960.0977252389648	0.021609500000067783	epochs	3.0
960.1193347389649	0.042898999999920306	epochs	2.0
960.1193347389649	0.02150249999999687	epochs	3.0
960.1408372389649	0.021396499999923435	epochs	3.0
960.1622337389648	0.042479500000013104	epochs	2.0
960.1622337389648	0.02129170000000613	epochs	3.0
960.1835254389648	0.021187800000006973	epochs	3.0
960.2047132389648	0.042067900000006375	epochs	2.0
960.2047132389648	0.02108490000000529	epochs	3.0
960.2257981389648	0.020983000000001084	epochs	3.0
960.2467811389648	0.04166440000005878	epochs	2.0
960.2467811389648	0.02088220000007368	epochs	3.0
960.2676633389649	0.020782199999985096	epochs	3.0
960.2884455389649	0.04126850000000104	epochs	2.0
960.2884455389649	0.020683299999973315	epochs	3.0
960.3091288389649	0.020585200000027726	epochs	3.0
960.3297140389649	0.04088000000001557	epochs	2.0
960.3297140389649	0.020488099999965925	epochs	3.0
960.3502021389648	0.020391900000049645	epochs	3.0
960.3705940389649	0.04049879999990935	epochs	2.0
960.3705940389649	0.020296599999937825	epochs	3.0
960.3908906389648	0.020202199999971526	epochs	3.0
960.4110928389648	0.04012460000001283	epochs	2.0
960.4110928389648	0.02010870000003706	epochs	3.0
960.4312015389648	0.020015899999975773	epochs	3.0
960.4512174389648	0.03975730000001931	epochs	2.0
960.4512174389648	0.019924199999991288	epochs	3.0
960.4711416389648	0.019833100000028026	epochs	3.0
960.4909747389648	0.03939669999999751	epochs	2.0
960.4909747389648	0.01974299999994855	epochs	3.0
960.5107177389648	0.019653700000048957	epochs	3.0
960.5303714389648	0.03904239999997117	epochs	2.0
960.5303714389648	0.01956510000002254	epochs	3.0
960.5499365389649	0.019477299999948627	epochs	3.0
960.5694138389648	0.03869459999998526	epochs	2.0
960.5694138389648	0.019390400000020236	epochs	3.0
960.5888042389648	0.01930419999996502	epochs	3.0
960.6081084389648	0.03835290000006353	epochs	2.0
960.6081084389648	0.019218800000089686	epochs	3.0
960.6273272389649	0.01913409999997384	epochs	3.0
960.6464613389649	0.03801720000001296	epochs	2.0
960.6464613389649	0.019050200000037876	epochs	3.0
960.6655115389649	0.018966999999975087	epochs	3.0
960.6844785389649	0.03768719999993664	epochs	2.0
960.6844785389649	0.01888450000001285	epochs	3.0
960.7033630389649	0.01880269999992379	epochs	3.0
960.7221657389648	0.03736309999999321	epochs	2.0
960.7221657389648	0.018721700000014607	epochs	3.0
960.7408874389648	0.018641399999978603	epochs	3.0
960.7595288389648	0.03704430000004777	epochs	2.0
960.7595288389648	0.01856159999999818	epochs	3.0
960.7780904389648	0.01848270000004959	epochs	3.0
960.7965731389648	0.0367310000000316	epochs	2.0
960.7965731389648	0.018404300000042895	epochs	3.0
960.8149774389649	0.018326699999988705	epochs	3.0
960.8333041389649	0.03642289999993409	epochs	2.0
960.8333041389649	0.018249599999990096	epochs	3.0
960.8515537389649	0.018173299999943993	epochs	3.0
960.8697270389648	0.03612010000006194	epochs	2.0
960.8697270389648	0.0180976000000328	epochs	3.0
960.8878246389648	0.01802250000002914	epochs	3.0
960.9058471389649	0.03582210000001851	epochs	2.0
960.9058471389649	0.017947899999967376	epochs	3.0
960.9237950389648	0.017874200000051133	epochs	3.0
960.9416692389649	0.03552899999999681	epochs	2.0
960.9416692389649	0.017800799999918127	epochs	3.0
960.9594700389648	0.017728200000078687	epochs	3.0
960.9771982389649	0.035240699999917524	epochs	2.0
960.9771982389649	0.017656099999953767	epochs	3.0
960.9948543389648	0.017584599999963757	epochs	3.0
961.0124389389648	0.034957100000042374	epochs	2.0
961.0124389389648	0.01751369999999497	epochs	3.0
961.0299526389648	0.017443400000047404	epochs	3.0
961.0473960389648	0.03467790000001969	epochs	2.0
961.0473960389648	0.017373600000041733	epochs	3.0
961.0647696389649	0.017304299999977957	epochs	3.0
961.0820739389649	0.03440330000000813	epochs	2.0
961.0820739389649	0.01723570000001473	epochs	3.0
961.0993096389649	0.0171675999999934	epochs	3.0
961.1164772389649	0.03413279999995211	epochs	2.0
961.1164772389649	0.01709989999994832	epochs	3.0
961.1335771389648	0.017032900000003792	epochs	3.0
961.1506100389648	0.033866699999975935	epochs	2.0
961.1506100389648	0.01696640000000116	epochs	3.0
961.1675764389648	0.016900299999974777	epochs	3.0
961.1844767389648	0.03360459999998966	epochs	2.0
961.1844767389648	0.016834800000083305	epochs	3.0
961.2013115389649	0.016769799999906354	epochs	3.0
961.2180813389648	0.03334660000007261	epochs	2.0
961.2180813389648	0.016705300000012357	epochs	3.0
961.2347866389648	0.016641300000060255	epochs	3.0
961.2514279389649	0.03309249999995245	epochs	2.0
961.2514279389649	0.01657779999993636	epochs	3.0
961.2680057389648	0.01651470000001609	epochs	3.0
961.2845204389648	0.03284229999997024	epochs	2.0
961.2845204389648	0.01645220000000336	epochs	3.0
961.3009726389648	0.01639009999996688	epochs	3.0
961.3173627389648	0.03259570000000167	epochs	2.0
961.3173627389648	0.016328400000020338	epochs	3.0
961.3336911389648	0.016267299999981333	epochs	3.0
961.3499584389648	0.03235290000009172	epochs	2.0
961.3499584389648	0.016206600000032267	epochs	3.0
961.3661650389648	0.016146300000059455	epochs	3.0
961.3823113389649	0.03211369999996805	epochs	2.0
961.3823113389649	0.016086599999994178	epochs	3.0
961.3983979389649	0.01602709999997387	epochs	3.0
961.4144250389649	0.03187800000000607	epochs	2.0
961.4144250389649	0.015968199999974786	epochs	3.0
961.4303932389648	0.015909800000031282	epochs	3.0
961.4463030389649	0.031645700000012766	epochs	2.0
961.4463030389649	0.01585160000001906	epochs	3.0
961.4621546389649	0.015794099999993705	epochs	3.0
961.4779487389649	0.0314167000000225	epochs	2.0
961.4779487389649	0.01573669999993399	epochs	3.0
961.4936854389648	0.015680000000088512	epochs	3.0
961.5093654389649	0.031191100000000915	epochs	2.0
961.5093654389649	0.015623599999912585	epochs	3.0
961.5249890389648	0.01556750000008833	epochs	3.0
961.5405565389649	0.030968699999903038	epochs	2.0
961.5405565389649	0.015511999999944237	epochs	3.0
961.5560685389648	0.0154566999999588	epochs	3.0
961.5715252389648	0.03074950000006993	epochs	2.0
961.5715252389648	0.015401999999994587	epochs	3.0
961.5869272389648	0.015347500000075343	epochs	3.0
961.6022747389649	0.030533199999922545	epochs	2.0
961.6022747389649	0.015293400000018664	epochs	3.0
961.6175681389649	0.01523979999990388	epochs	3.0
961.6328079389648	0.03032010000003993	epochs	2.0
961.6328079389648	0.015186500000027081	epochs	3.0
961.6479944389648	0.015133600000012848	epochs	3.0
961.6631280389648	0.03010990000007041	epochs	2.0
961.6631280389648	0.015081000000009226	epochs	3.0
961.6782090389648	0.015028900000061185	epochs	3.0
961.6932379389649	0.029902499999934662	epochs	2.0
961.6932379389649	0.01497699999993074	epochs	3.0
961.7082149389648	0.014925500000003922	epochs	3.0
961.7231404389648	0.029698100000018712	epochs	2.0
961.7231404389648	0.014874400000053356	epochs	3.0
961.7380148389649	0.014823699999965356	epochs	3.0
961.7528385389649	0.02949630000000525	epochs	2.0
961.7528385389649	0.014773200000036013	epochs	3.0
961.7676117389649	0.014723099999969236	epochs	3.0
961.7823348389649	0.02929740000001857	epochs	2.0
961.7823348389649	0.014673399999992398	epochs	3.0
961.7970082389648	0.014624000000026172	epochs	3.0
961.8116322389649	0.029101099999934377	epochs	2.0
961.8116322389649	0.01457489999995687	epochs	3.0
961.8262071389648	0.014526199999977507	epochs	3.0
961.8407333389648	0.028907399999980044	epochs	2.0
961.8407333389648	0.014477700000043114	epochs	3.0
961.8552110389649	0.014429699999936929	epochs	3.0
961.8696407389648	0.028716200000076242	epochs	2.0
961.8696407389648	0.014381800000023759	epochs	3.0
961.8840225389648	0.014334400000052483	epochs	3.0
961.8983569389649	0.02852759999996124	epochs	2.0
961.8983569389649	0.01428720000001249	epochs	3.0
961.9126441389649	0.01424039999994875	epochs	3.0
961.9268845389648	0.028341400000044814	epochs	2.0
961.9268845389648	0.014193800000043666	epochs	3.0
961.9410783389649	0.014147600000001148	epochs	3.0
961.9552259389649	0.028157699999951546	epochs	2.0
961.9552259389649	0.014101699999969242	epochs	3.0
961.9693276389648	0.014055999999982305	epochs	3.0
961.9833836389648	0.027976299999977527	epochs	2.0
961.9833836389648	0.01401060000000598	epochs	3.0
961.9973942389648	0.013965699999971548	epochs	3.0
962.0113599389648	0.02779720000000907	epochs	2.0
962.0113599389648	0.013920800000050804	epochs	3.0
962.0252807389649	0.013876399999958267	epochs	3.0
962.0391571389648	0.027620400000046175	epochs	2.0
962.0391571389648	0.013832200000024386	epochs	3.0
962.0529893389648	0.013788200000021789	epochs	3.0
962.0667775389649	0.027445899999975154	epochs	2.0
962.0667775389649	0.013744599999995444	epochs	3.0
962.0805221389649	0.01370129999997971	epochs	3.0
962.0942234389648	0.027273499999978412	epochs	2.0
962.0942234389648	0.013658200000008947	epochs	3.0
962.1078816389648	0.013615299999969466	epochs	3.0
962.1214969389648	0.027103399999987232	epochs	2.0
962.1214969389648	0.013572800000019924	epochs	3.0
962.1350697389648	0.013530599999967308	epochs	3.0
962.1486003389648	0.02693520000002536	epochs	2.0
962.1486003389648	0.013488400000028378	epochs	3.0
962.1620887389648	0.013446799999996983	epochs	3.0
962.1755355389648	0.026769199999989723	epochs	2.0
962.1755355389648	0.013405200000079276	epochs	3.0
962.1889407389649	0.013363999999910448	epochs	3.0
962.2023047389648	0.026605200000062723	epochs	2.0
962.2023047389648	0.013322900000048321	epochs	3.0
962.2156276389649	0.013282300000014402	epochs	3.0
962.2289099389649	0.026443200000016986	epochs	2.0
962.2289099389649	0.013241699999980483	epochs	3.0
962.2421516389649	0.013201500000036503	epochs	3.0
962.2553531389649	0.0262831999999662	epochs	2.0
962.2553531389649	0.01316149999991012	epochs	3.0
962.2685146389648	0.01312170000005608	epochs	3.0
962.2816363389649	0.02612499999997908	epochs	2.0
962.2816363389649	0.013082100000019636	epochs	3.0
962.2947184389649	0.013042899999959445	epochs	3.0
962.3077613389648	0.025968899999952555	epochs	2.0
962.3077613389648	0.01300390000005791	epochs	3.0
962.3207652389649	0.012964999999894644	epochs	3.0
962.3337302389648	0.025814500000024054	epochs	2.0
962.3337302389648	0.01292640000008305	epochs	3.0
962.3466566389649	0.012888099999941005	epochs	3.0
962.3595447389648	0.025661900000045534	epochs	2.0
962.3595447389648	0.012849899999991976	epochs	3.0
962.3723946389648	0.012812000000053558	epochs	3.0
962.3852066389649	0.025511199999982637	epochs	2.0
962.3852066389649	0.012774400000012065	epochs	3.0
962.3979810389649	0.012736799999970572	epochs	3.0
962.4107178389648	0.025362299999983406	epochs	2.0
962.4107178389648	0.01269969999998466	epochs	3.0
962.4234175389648	0.012662599999998747	epochs	3.0
962.4360801389648	0.025215000000002874	epochs	2.0
962.4360801389648	0.012625800000023446	epochs	3.0
962.4487059389648	0.012589199999979428	epochs	3.0
962.4612951389648	0.024584800000070572	epochs	2.0
962.4855791389648	0.5	epochs	-1.0
962.4858799389649	0.5026399999999285	epochs	1.0
962.9885199389648	0.49728000000004613	epochs	0.0
1019.4450001716614	0.09688000000005559	epochs	0.0
1019.4450001716614	0.04344100000002982	epochs	1.0
1019.4884411716614	0.009997999999995955	epochs	1.0
1019.4984391716614	0.04344100000002982	epochs	1.0
1019.5418801716614	0.2299199999999928	epochs	0.0
1019.5418801716614	0.049999999999954525	epochs	1.0
1019.5918801716614	0.009999999999990905	epochs	1.0
1019.6018801716614	0.049999999999954525	epochs	1.0
1019.6518801716613	0.009999999999990905	epochs	1.0
1019.6618801716613	0.05000000000006821	epochs	1.0
1019.7118801716614	0.009999999999990905	epochs	1.0
1019.7218801716614	0.04992000000004282	epochs	1.0
